sample_id,dx_mm,dy_mm,Lj_nH,Cj_fF,tee_finger_length_um,tee_finger_count,tee_cap_gap_um,ro_L_mm,fq_GHz,fr_GHz,Delta_GHz,g_over_2pi_MHz,chi_MHz,kappa_over_2pi_MHz,chi_over_kappa,Cin_fF,Ceff_fF,kappa_i_over_kappa_e,hit_chi_ge_2MHz,T1_qubit_est_us,T2_qubit_est_us,T1_qubit_dielectric_us,T1_qubit_purcell_us,status,error,warnings
chip_simple_dxm2p000_dym2p000__Lj12p0nH_Cj2p0fF__roL8p5mm__tee_fl160um_fc12_cg1p2um__rpg1p4um,-2.0,-2.0,12.0,2.0,160,12,1.2,8.5,4.66750846399,5.99576429238,-1.3282558283899997,244.5650742862331,6.200288068849563,5.692685446377873,1.0891675163247716,51.83498,76.95836730867178,5.176145672296322,True,0.806707726042818,1.613415452085636,37.047147182424204,0.8246649408288155,completed,"safe: StopIteration: StopIteration(); cpw: TypeError: TypeError('Arguments must be Polygon, FlexPath, RobustPath, Label or Reference.'); minimal: StopIteration: StopIteration()","Qi recalculated from inferred p=0.00221: tan_delta=0.36 (assumed EPR tan_delta=0.0004), Qi=1.26e+03"
chip_simple_dxm2p000_dym2p000__Lj12p0nH_Cj2p0fF__roL8p5mm__tee_fl160um_fc12_cg1p2um__rpg1p4um,-2.0,-2.0,12.0,2.0,160,12,1.2,8.5,4.66750846399,5.99576429238,-1.3282558283899997,244.5650742862331,6.200288068849563,5.69268544637786,1.0891675163247743,51.83498,76.95836730867178,5.1761456722963075,True,0.8067077260428198,1.6134154520856396,37.047147182424204,0.8246649408288174,completed,,"Qi recalculated from inferred p=0.00221: tan_delta=0.36 (assumed EPR tan_delta=0.0004), Qi=1.26e+03"
chip_simple_dxm2p000_dym2p000__Lj12p0nH_Cj2p0fF__roL8p5mm__tee_fl160um_fc12_cg1p2um__rpg1p4um,-2.0,-2.0,12.0,2.0,160,12,1.2,8.5,4.66357232032,6.17425760616,-1.5106852858400002,266.16679365567177,5.776347432731628,5.948772404826305,0.9710150329579281,51.83519,76.9582525862325,4.910219303693012,True,0.8423301376824586,1.6846602753649171,37.18598206083025,0.8618526683942456,completed,,"Qi recalculated from inferred p=0.00222: tan_delta=0.36 (assumed EPR tan_delta=0.0004), Qi=1.25e+03"
chip_simple_dxm10p000_dym10p000__Lj12p0nH_Cj2p0fF__roL8p5mm__tee_fl160um_fc12_cg1p2um__rpg1p4um,-10.0,-10.0,12.0,2.0,160,12,1.2,8.5,4.64946141178,6.18114822933,-1.5316868175499998,264.9235520746813,5.55338666771698,5.965679116322728,0.9308892683353229,52.20432,76.9819881227287,4.823973582697578,True,0.8709840807731362,1.7419681615462723,37.34516357868649,0.8917827191360257,completed,,"Qi recalculated from inferred p=0.00222: tan_delta=0.36 (assumed EPR tan_delta=0.0004), Qi=1.25e+03"
chip_simple_dxm10p000_dym9p091__Lj12p0nH_Cj2p0fF__roL8p5mm__tee_fl160um_fc12_cg1p2um__rpg1p4um,-10.0,-9.091,12.0,2.0,160,12,1.2,8.5,4.7754619206,6.09514600369,-1.3196840830900003,226.95614881826606,5.6564125673236845,5.83519743876857,0.9693609559366314,51.97676,76.948966494099,4.993281491236356,True,0.8993328842907908,1.7986657685815817,36.283641474225064,0.9221904635115664,completed,,"Qi recalculated from inferred p=0.00222: tan_delta=0.36 (assumed EPR tan_delta=0.0004), Qi=1.25e+03"
chip_simple_dxm10p000_dym8p182__Lj12p0nH_Cj2p0fF__roL8p5mm__tee_fl160um_fc12_cg1p2um__rpg1p4um,-10.0,-8.182,12.0,2.0,160,12,1.2,8.5,4.70878498903,6.10283717632,-1.3940521872899998,237.26809301618,5.43583358929634,5.8968743535962265,0.9218160780348458,51.97755,76.94788064531264,5.033575943315536,True,0.9086418995563421,1.8172837991126842,36.709999524273705,0.9317033183517941,completed,,"Qi recalculated from inferred p=0.00224: tan_delta=0.36 (assumed EPR tan_delta=0.0004), Qi=1.24e+03"
chip_simple_dxm10p000_dym7p273__Lj12p0nH_Cj2p0fF__roL8p5mm__tee_fl160um_fc12_cg1p2um__rpg1p4um,-10.0,-7.273,12.0,2.0,160,12,1.2,8.5,4.73346264299,6.12196729623,-1.38850465324,243.08709551981178,5.803193593448639,5.917441531031344,0.9806930179227655,52.21703,76.98482686681935,4.943147313192465,True,0.8570123178777612,1.7140246357555224,36.671392477743005,0.8775200052847676,completed,,"Qi recalculated from inferred p=0.00223: tan_delta=0.36 (assumed EPR tan_delta=0.0004), Qi=1.24e+03"
chip_simple_dxm10p000_dym6p364__Lj12p0nH_Cj2p0fF__roL8p5mm__tee_fl160um_fc12_cg1p2um__rpg1p4um,-10.0,-6.364,12.0,2.0,160,12,1.2,8.5,4.72003215394,6.21311585123,-1.4930836972900003,248.5653481614014,5.277381808307648,5.993540423418498,0.8805115900590891,52.20304,76.98262424688507,4.761603437913233,True,0.9337286676251343,1.8674573352502686,36.665267562041016,0.958128658549714,completed,,"Qi recalculated from inferred p=0.00221: tan_delta=0.36 (assumed EPR tan_delta=0.0004), Qi=1.25e+03"
chip_simple_dxm10p000_dym5p455__Lj12p0nH_Cj2p0fF__roL8p5mm__tee_fl160um_fc12_cg1p2um__rpg1p4um,-10.0,-5.455,12.0,2.0,160,12,1.2,8.5,4.74663028203,6.09244739086,-1.3458171088300004,229.06180088997965,5.497690521795272,5.833596212181217,0.9424187622577416,52.2005,76.98068438736837,4.948281929734325,True,0.9180606943491141,1.8361213886982282,36.44837603949954,0.9417822805585597,completed,,"Qi recalculated from inferred p=0.00221: tan_delta=0.36 (assumed EPR tan_delta=0.0004), Qi=1.26e+03"
chip_simple_dxm10p000_dym4p545__Lj12p0nH_Cj2p0fF__roL8p5mm__tee_fl160um_fc12_cg1p2um__rpg1p4um,-10.0,-4.545,12.0,2.0,160,12,1.2,8.5,4.72747685651,6.02391173404,-1.2964348775300003,235.80879165767422,6.181771411222457,5.79330242515557,1.067054843258326,51.98768,76.9507570011027,5.161258006436163,True,0.8119510549708923,1.6239021099417845,36.590921206817946,0.8303770888357689,completed,,"Qi recalculated from inferred p=0.00224: tan_delta=0.36 (assumed EPR tan_delta=0.0004), Qi=1.24e+03"
chip_simple_dxm10p000_dym3p636__Lj12p0nH_Cj2p0fF__roL8p5mm__tee_fl160um_fc12_cg1p2um__rpg1p4um,-10.0,-3.636,12.0,2.0,160,12,1.2,8.5,4.77990037302,6.04333626236,-1.2634358893400002,206.9079404411617,5.1115355472545625,5.789534002440126,0.8828923960201622,52.19988,76.98090924054897,5.048590575503872,True,0.9968376002034862,1.9936752004069724,36.2668759643428,1.0250112355967997,completed,,"Qi recalculated from inferred p=0.00222: tan_delta=0.36 (assumed EPR tan_delta=0.0004), Qi=1.25e+03"
chip_simple_dxm10p000_dym2p727__Lj12p0nH_Cj2p0fF__roL8p5mm__tee_fl160um_fc12_cg1p2um__rpg1p4um,-10.0,-2.727,12.0,2.0,160,12,1.2,8.5,4.69648610827,6.09443998851,-1.3979538802399993,244.49566249618798,5.715832865936279,5.876106178755235,0.9727245716902775,52.20814,76.98344138050965,4.984000844873628,True,0.8647590881899614,1.7295181763799228,36.971675509824564,0.8854700309875873,completed,,"Qi recalculated from inferred p=0.00223: tan_delta=0.36 (assumed EPR tan_delta=0.0004), Qi=1.25e+03"
chip_simple_dxm10p000_dym1p818__Lj12p0nH_Cj2p0fF__roL8p5mm__tee_fl160um_fc12_cg1p2um__rpg1p4um,-10.0,-1.818,12.0,2.0,160,12,1.2,8.5,4.65858122614,6.01234045492,-1.3537592287800004,251.70355065904786,6.319054457366943,5.749348826520186,1.099090461900461,52.19937,76.98087771610321,5.100104986708347,True,0.783927641646487,1.567855283292974,37.2804142913353,0.8007660445655433,completed,,"Qi recalculated from inferred p=0.00222: tan_delta=0.36 (assumed EPR tan_delta=0.0004), Qi=1.25e+03"
chip_simple_dxm10p000_dym0p909__Lj12p0nH_Cj2p0fF__roL8p5mm__tee_fl160um_fc12_cg1p2um__rpg1p4um,-10.0,-0.909,12.0,2.0,160,12,1.2,8.5,4.78631013217,6.11749499502,-1.3311848628500007,215.32562253250407,5.0396452458877565,5.829430491241084,0.8645175979814828,51.62157,76.90235813381203,5.003751535214653,True,1.014264850034216,2.028529700068432,36.24051314403699,1.043468447801114,completed,,"Qi recalculated from inferred p=0.00221: tan_delta=0.36 (assumed EPR tan_delta=0.0004), Qi=1.26e+03"
chip_simple_dxm10p000_dy0p000__Lj12p0nH_Cj2p0fF__roL8p5mm__tee_fl160um_fc12_cg1p2um__rpg1p4um,-10.0,0.0,12.0,2.0,160,12,1.2,8.5,4.76222104131,6.18688945934,-1.4246684180299996,232.63985508276326,5.1325110863227845,5.950376985358044,0.8625522549163248,51.61472,76.8959565531713,4.925979277116452,True,0.9762156820394794,1.9524313640789588,36.45239230057278,1.003078696848182,completed,,"Qi recalculated from inferred p=0.00222: tan_delta=0.36 (assumed EPR tan_delta=0.0004), Qi=1.25e+03"
chip_simple_dxm10p000_dy0p909__Lj12p0nH_Cj2p0fF__roL8p5mm__tee_fl160um_fc12_cg1p2um__rpg1p4um,-10.0,0.909,12.0,2.0,160,12,1.2,8.5,4.70703508171,6.1027913224,-1.39575624069,250.9771558944962,6.054301022790908,5.873941688086905,1.0307049923682072,51.97746,76.94808087725288,5.010267939234264,True,0.8193460595769846,1.6386921191539692,36.81811335423503,0.8379946971775267,completed,,"Qi recalculated from inferred p=0.00223: tan_delta=0.36 (assumed EPR tan_delta=0.0004), Qi=1.25e+03"
chip_simple_dxm10p000_dy1p818__Lj12p0nH_Cj2p0fF__roL8p5mm__tee_fl160um_fc12_cg1p2um__rpg1p4um,-10.0,1.818,12.0,2.0,160,12,1.2,8.5,4.72226988205,6.17696340758,-1.4546935255299998,244.6012788259304,5.36773969219017,5.984641715447427,0.8969191385902144,52.18567,76.97665825949508,4.858553642506859,True,0.917100619958135,1.83420123991627,36.69994277658844,0.9406055596564967,completed,,"Qi recalculated from inferred p=0.00223: tan_delta=0.36 (assumed EPR tan_delta=0.0004), Qi=1.24e+03"
chip_simple_dxm10p000_dy2p727__Lj12p0nH_Cj2p0fF__roL8p5mm__tee_fl160um_fc12_cg1p2um__rpg1p4um,-10.0,2.727,12.0,2.0,160,12,1.2,8.5,4.70723767854,6.21132532849,-1.5040876499499998,260.2253909274522,5.669662891471862,6.040061613915569,0.9386763337661401,52.23556,76.98781585843747,4.804113506290819,True,0.8597914357228912,1.7195828714457824,36.92306235516698,0.8802898900808916,completed,,"Qi recalculated from inferred p=0.00224: tan_delta=0.36 (assumed EPR tan_delta=0.0004), Qi=1.24e+03"
chip_simple_dxm10p000_dy3p636__Lj12p0nH_Cj2p0fF__roL8p5mm__tee_fl160um_fc12_cg1p2um__rpg1p4um,-10.0,3.636,12.0,2.0,160,12,1.2,8.5,4.6418768344,5.98369428669,-1.34181745229,249.12515957784362,6.249091382169723,5.676013980362334,1.1009647622063834,52.23688,76.98781452092959,5.100433189504273,True,0.7961028914992412,1.5922057829984824,37.341135454016815,0.8134453254612097,completed,,"Qi recalculated from inferred p=0.0022: tan_delta=0.36 (assumed EPR tan_delta=0.0004), Qi=1.26e+03"
chip_simple_dxm10p000_dy4p545__Lj12p0nH_Cj2p0fF__roL8p5mm__tee_fl160um_fc12_cg1p2um__rpg1p4um,-10.0,4.545,12.0,2.0,160,12,1.2,8.5,4.6696821001,6.13115899928,-1.46147689918,263.1000057078415,6.015155077039719,5.898867515034506,1.0197135402191742,51.97805,76.94799547762767,4.952245139667733,True,0.8142380762352622,1.6284761524705245,37.082442465383416,0.8325181001834473,completed,,"Qi recalculated from inferred p=0.00222: tan_delta=0.36 (assumed EPR tan_delta=0.0004), Qi=1.25e+03"
chip_simple_dxm10p000_dy5p455__Lj12p0nH_Cj2p0fF__roL8p5mm__tee_fl160um_fc12_cg1p2um__rpg1p4um,-10.0,5.455,12.0,2.0,160,12,1.2,8.5,4.68450586588,5.93930419909,-1.2547983332100001,233.56816593343538,6.332968150115967,5.606035397677945,1.1296696686466021,52.19935,76.98101687147327,5.1701938032805534,True,0.8017301015120543,1.6034602030241085,37.22150728148588,0.8193790605513745,completed,,"Qi recalculated from inferred p=0.0022: tan_delta=0.36 (assumed EPR tan_delta=0.0004), Qi=1.26e+03"
chip_simple_dxm10p000_dy6p364__Lj12p0nH_Cj2p0fF__roL8p5mm__tee_fl160um_fc12_cg1p2um__rpg1p4um,-10.0,6.364,12.0,2.0,160,12,1.2,8.5,4.72047666907,6.13292859683,-1.4124519277600003,239.80537262087762,5.448801997238159,5.897409581121149,0.9239314180722537,52.00836,76.95377688335343,4.938696291172026,True,0.9129887483484819,1.8259774966969637,36.75867582700363,0.9362425488065926,completed,,"Qi recalculated from inferred p=0.00222: tan_delta=0.36 (assumed EPR tan_delta=0.0004), Qi=1.25e+03"
chip_simple_dxm10p000_dy7p273__Lj12p0nH_Cj2p0fF__roL8p5mm__tee_fl160um_fc12_cg1p2um__rpg1p4um,-10.0,7.273,12.0,2.0,160,12,1.2,8.5,4.75999951361,6.22178916275,-1.46178964914,237.2013025682522,5.0841642122612,6.078326997296887,0.8364413784454497,52.20028,76.98067273474558,4.819322060204736,True,0.9680408245033891,1.9360816490067783,36.48669675526747,0.9944242281921964,completed,,"Qi recalculated from inferred p=0.00225: tan_delta=0.36 (assumed EPR tan_delta=0.0004), Qi=1.24e+03"
chip_simple_dxm10p000_dy8p182__Lj12p0nH_Cj2p0fF__roL8p5mm__tee_fl160um_fc12_cg1p2um__rpg1p4um,-10.0,8.182,12.0,2.0,160,12,1.2,8.5,4.73691805842,6.05949311541,-1.3225750569899999,223.4408097631216,5.380391926355362,5.823182422814878,0.9239607375642758,51.97801,76.94783106680124,5.0868426918961696,True,0.9332144497950838,1.8664288995901677,36.674785754885896,0.9575807319003783,completed,,"Qi recalculated from inferred p=0.00223: tan_delta=0.36 (assumed EPR tan_delta=0.0004), Qi=1.25e+03"
chip_simple_dxm10p000_dy9p091__Lj12p0nH_Cj2p0fF__roL8p5mm__tee_fl160um_fc12_cg1p2um__rpg1p4um,-10.0,9.091,12.0,2.0,160,12,1.2,8.5,4.73431310321,5.9588117706,-1.2244986673899998,219.04223037505855,5.945221753843307,5.629570893196313,1.0560701457776254,51.97797,76.94788368918309,5.187818004424316,True,0.8626805159611661,1.7253610319223323,36.611641024806566,0.8834983988317711,completed,,"Qi recalculated from inferred p=0.0022: tan_delta=0.36 (assumed EPR tan_delta=0.0004), Qi=1.26e+03"
chip_simple_dxm10p000_dy10p000__Lj12p0nH_Cj2p0fF__roL8p5mm__tee_fl160um_fc12_cg1p2um__rpg1p4um,-10.0,10.0,12.0,2.0,160,12,1.2,8.5,4.76420948131,6.07980929074,-1.31559980943,218.6923729557343,5.262032916395187,5.806839983012462,0.9061783916534512,52.00759,76.95240536455312,5.002282034972115,True,0.9655336129974978,1.9310672259949957,36.34558048277405,0.9918833564350731,completed,,"Qi recalculated from inferred p=0.00221: tan_delta=0.36 (assumed EPR tan_delta=0.0004), Qi=1.26e+03"
chip_simple_dxm9p091_dym10p000__Lj12p0nH_Cj2p0fF__roL8p5mm__tee_fl160um_fc12_cg1p2um__rpg1p4um,-9.091,-10.0,12.0,2.0,160,12,1.2,8.5,4.71107489741,6.18535581306,-1.4742809156500005,261.5686595159561,5.952367972948074,6.018524976031365,0.9890077712817077,52.13646,76.96163285368888,4.87885560649457,True,0.8213063680905612,1.6426127361811225,36.75728882486683,0.8400770849083761,completed,,"Qi recalculated from inferred p=0.00224: tan_delta=0.36 (assumed EPR tan_delta=0.0004), Qi=1.24e+03"
chip_simple_dxm9p091_dym9p091__Lj12p0nH_Cj2p0fF__roL8p5mm__tee_fl160um_fc12_cg1p2um__rpg1p4um,-9.091,-9.091,12.0,2.0,160,12,1.2,8.5,4.76222853406,6.13587369233,-1.3736451582699996,220.8099167398637,4.9540459911632535,5.916366501043142,0.837346028223536,52.00551,76.94473433815885,4.949863265063402,True,1.0121504228303142,2.0243008456606284,36.44470974661912,1.0410630528515892,completed,,"Qi recalculated from inferred p=0.00223: tan_delta=0.36 (assumed EPR tan_delta=0.0004), Qi=1.25e+03"
chip_simple_dxm9p091_dym8p182__Lj12p0nH_Cj2p0fF__roL8p5mm__tee_fl160um_fc12_cg1p2um__rpg1p4um,-9.091,-8.182,12.0,2.0,160,12,1.2,8.5,4.78614806685,6.17470795526,-1.3885598884099997,226.2783372692303,5.145299386573791,5.977980880387692,0.8607085719284037,51.61996,76.88404251262696,4.9875588889918205,True,0.975569575030038,1.951139150060076,36.24204947018112,1.0025565609314901,completed,,"Qi recalculated from inferred p=0.00224: tan_delta=0.36 (assumed EPR tan_delta=0.0004), Qi=1.24e+03"
chip_simple_dxm9p091_dym7p273__Lj12p0nH_Cj2p0fF__roL8p5mm__tee_fl160um_fc12_cg1p2um__rpg1p4um,-9.091,-7.273,12.0,2.0,160,12,1.2,8.5,4.68244497009,6.16560402472,-1.4831590546300006,256.3717628846066,5.596757998455048,5.975566995273393,0.9366070203684471,52.00216,76.94250945343116,4.9236492253483215,True,0.8704851896253104,1.7409703792506208,37.08823850420243,0.8914070965910865,completed,,"Qi recalculated from inferred p=0.00224: tan_delta=0.36 (assumed EPR tan_delta=0.0004), Qi=1.24e+03"
chip_simple_dxm9p091_dym6p364__Lj12p0nH_Cj2p0fF__roL8p5mm__tee_fl160um_fc12_cg1p2um__rpg1p4um,-9.091,-6.364,12.0,2.0,160,12,1.2,8.5,4.66020332147,6.12956510902,-1.4693617875499996,263.0344249512455,5.931523023582458,5.964119118926944,0.9945346337498453,52.15014,76.9638218365587,4.983099596502434,True,0.8144891238567722,1.6289782477135444,37.17563686351145,0.8327336671157158,completed,,"Qi recalculated from inferred p=0.00225: tan_delta=0.36 (assumed EPR tan_delta=0.0004), Qi=1.23e+03"
chip_simple_dxm9p091_dym5p455__Lj12p0nH_Cj2p0fF__roL8p5mm__tee_fl160um_fc12_cg1p2um__rpg1p4um,-9.091,-5.455,12.0,2.0,160,12,1.2,8.5,4.72124097169,5.87168331743,-1.1504423457399993,226.27240344768032,7.066613950735092,5.555273420769576,1.2720551115117118,51.63898,76.8869931552119,5.466095636747748,True,0.7259697873925166,1.4519395747850332,36.75991927417018,0.7405957759314672,completed,,"Qi recalculated from inferred p=0.00222: tan_delta=0.36 (assumed EPR tan_delta=0.0004), Qi=1.25e+03"
chip_simple_dxm9p091_dym4p545__Lj12p0nH_Cj2p0fF__roL8p5mm__tee_fl160um_fc12_cg1p2um__rpg1p4um,-9.091,-4.545,12.0,2.0,160,12,1.2,8.5,4.66620755842,6.05848621559,-1.3922786571700003,263.47418021866304,6.590826199697494,5.836340997965548,1.1292736668393684,52.03564,76.94894546408999,5.090127059630961,True,0.7461806593593104,1.4923613187186209,37.15072993592154,0.761475054907846,completed,,"Qi recalculated from inferred p=0.00224: tan_delta=0.36 (assumed EPR tan_delta=0.0004), Qi=1.24e+03"
chip_simple_dxm9p091_dym3p636__Lj12p0nH_Cj2p0fF__roL8p5mm__tee_fl160um_fc12_cg1p2um__rpg1p4um,-9.091,-3.636,12.0,2.0,160,12,1.2,8.5,4.69849918476,6.1890369169,-1.49053773214,263.4189569943742,5.88604940322876,6.029108285903374,0.9762719666175015,52.14937,76.96378399824941,4.875780997315785,True,0.8262460318556808,1.6524920637113616,36.84617644118364,0.8451989420195624,completed,,"Qi recalculated from inferred p=0.00225: tan_delta=0.36 (assumed EPR tan_delta=0.0004), Qi=1.24e+03"
chip_simple_dxm9p091_dym2p727__Lj12p0nH_Cj2p0fF__roL8p5mm__tee_fl160um_fc12_cg1p2um__rpg1p4um,-9.091,-2.727,12.0,2.0,160,12,1.2,8.5,4.7483244385,6.10698090701,-1.3586564685099995,228.13889295861063,5.363995685260773,5.896412931889758,0.9097048912993362,52.21427,76.97589165612911,4.966362695078938,True,0.9328704473499627,1.8657408946999254,36.54003176244244,0.957310679016789,completed,,"Qi recalculated from inferred p=0.00223: tan_delta=0.36 (assumed EPR tan_delta=0.0004), Qi=1.24e+03"
chip_simple_dxm9p091_dym1p818__Lj12p0nH_Cj2p0fF__roL8p5mm__tee_fl160um_fc12_cg1p2um__rpg1p4um,-9.091,-1.818,12.0,2.0,160,12,1.2,8.5,4.76442571482,6.22787098411,-1.4634452692900002,236.31743027914425,5.046186967498779,6.075829813333849,0.8305346137945728,52.02197,76.94535455010505,4.839733910137521,True,0.9775670426071194,1.9551340852142387,36.38044552952678,1.0045602523017692,completed,,"Qi recalculated from inferred p=0.00225: tan_delta=0.36 (assumed EPR tan_delta=0.0004), Qi=1.24e+03"
chip_simple_dxm9p091_dym0p909__Lj12p0nH_Cj2p0fF__roL8p5mm__tee_fl160um_fc12_cg1p2um__rpg1p4um,-9.091,-0.909,12.0,2.0,160,12,1.2,8.5,4.70861223691,5.97190035235,-1.26328811544,224.2856497209385,5.828280176078796,5.726841959580289,1.01771276686426,52.0843,76.95902600185654,5.2279303341465875,True,0.8610629161598488,1.7221258323196975,36.83786879048513,0.8816714534540063,completed,,"Qi recalculated from inferred p=0.00224: tan_delta=0.36 (assumed EPR tan_delta=0.0004), Qi=1.24e+03"
chip_simple_dxm9p091_dy0p000__Lj12p0nH_Cj2p0fF__roL8p5mm__tee_fl160um_fc12_cg1p2um__rpg1p4um,-9.091,0.0,12.0,2.0,160,12,1.2,8.5,4.69617520443,6.17219540693,-1.4760202025,264.57182310360275,6.037215105722427,5.958986631720915,1.0131278149853677,51.64966,76.8913405546058,4.968955545106097,True,0.8129554096273864,1.6259108192547729,36.8872982339965,0.8312758126146305,completed,,"Qi recalculated from inferred p=0.00223: tan_delta=0.36 (assumed EPR tan_delta=0.0004), Qi=1.24e+03"
chip_simple_dxm9p091_dy0p909__Lj12p0nH_Cj2p0fF__roL8p5mm__tee_fl160um_fc12_cg1p2um__rpg1p4um,-9.091,0.909,12.0,2.0,160,12,1.2,8.5,4.70337403482,6.04244085925,-1.3390668244299997,230.67682135668895,5.526243250297546,5.795186808847171,0.9535919086958433,52.15024,76.9637988980459,5.068725029958466,True,0.9028562218654724,1.8057124437309449,36.99388432600887,0.9254421497312295,completed,,"Qi recalculated from inferred p=0.00223: tan_delta=0.36 (assumed EPR tan_delta=0.0004), Qi=1.25e+03"
chip_simple_dxm9p091_dy1p818__Lj12p0nH_Cj2p0fF__roL8p5mm__tee_fl160um_fc12_cg1p2um__rpg1p4um,-9.091,1.818,12.0,2.0,160,12,1.2,8.5,4.74215768088,6.21093014773,-1.46877246685,249.15767700984446,5.51327842791748,6.055638770575854,0.9104371374835492,52.15052,76.96205542488092,4.839190016191808,True,0.891014185633664,1.782028371267328,36.49062504738351,0.9133151675765155,completed,,"Qi recalculated from inferred p=0.00224: tan_delta=0.36 (assumed EPR tan_delta=0.0004), Qi=1.24e+03"
chip_simple_dxm9p091_dy2p727__Lj12p0nH_Cj2p0fF__roL8p5mm__tee_fl160um_fc12_cg1p2um__rpg1p4um,-9.091,2.727,12.0,2.0,160,12,1.2,8.5,4.68785660116,6.14920505102,-1.46134844986,269.97376724564526,6.378877137207031,5.9601401255266735,1.0702562360718584,52.15089,76.96351675220919,4.921830385581966,True,0.7661882195050309,1.5323764390100618,36.980172190532855,0.7823986532473649,completed,,"Qi recalculated from inferred p=0.00224: tan_delta=0.36 (assumed EPR tan_delta=0.0004), Qi=1.24e+03"
chip_simple_dxm9p091_dy3p636__Lj12p0nH_Cj2p0fF__roL8p5mm__tee_fl160um_fc12_cg1p2um__rpg1p4um,-9.091,3.636,12.0,2.0,160,12,1.2,8.5,4.70131601707,6.06675184485,-1.3654358277799998,244.57965254380213,5.977826485769271,5.78091644854145,1.034062079772404,51.65008,76.888821850244,5.09769743761294,True,0.8386080716177446,1.6772161432354893,36.96419161212929,0.8580752588257737,completed,,"Qi recalculated from inferred p=0.00221: tan_delta=0.36 (assumed EPR tan_delta=0.0004), Qi=1.26e+03"
chip_simple_dxm9p091_dy4p545__Lj12p0nH_Cj2p0fF__roL8p5mm__tee_fl160um_fc12_cg1p2um__rpg1p4um,-9.091,4.545,12.0,2.0,160,12,1.2,8.5,4.70020646758,6.16959521458,-1.469388747,253.10207266424862,5.58720127576828,5.941758744245985,0.9403278585114114,52.15105,76.96372584953832,4.845191654292056,True,0.8812277014436198,1.7624554028872397,36.894679007993595,0.9027908183796067,completed,,"Qi recalculated from inferred p=0.00222: tan_delta=0.36 (assumed EPR tan_delta=0.0004), Qi=1.25e+03"
chip_simple_dxm9p091_dy5p455__Lj12p0nH_Cj2p0fF__roL8p5mm__tee_fl160um_fc12_cg1p2um__rpg1p4um,-9.091,5.455,12.0,2.0,160,12,1.2,8.5,4.78169743721,6.10774822215,-1.3260507849399996,213.03713969424035,4.959060187129974,5.8520251844503886,0.8474092354056947,51.99749,76.94144530045743,4.96867479388802,True,1.0239861720678243,2.0479723441356485,36.2930870314727,1.0537160958548242,completed,,"Qi recalculated from inferred p=0.00222: tan_delta=0.36 (assumed EPR tan_delta=0.0004), Qi=1.25e+03"
chip_simple_dxm9p091_dy6p364__Lj12p0nH_Cj2p0fF__roL8p5mm__tee_fl160um_fc12_cg1p2um__rpg1p4um,-9.091,6.364,12.0,2.0,160,12,1.2,8.5,4.71440404127,6.1075884134,-1.3931843721300003,241.39030605665508,5.646440187353134,5.8570320720078435,0.9640446079062504,52.05294,76.95288011140391,4.96152891978326,True,0.8834170328196654,1.7668340656393309,36.794860762076716,0.9051489815477554,completed,,"Qi recalculated from inferred p=0.00222: tan_delta=0.36 (assumed EPR tan_delta=0.0004), Qi=1.25e+03"
chip_simple_dxm9p091_dy7p273__Lj12p0nH_Cj2p0fF__roL8p5mm__tee_fl160um_fc12_cg1p2um__rpg1p4um,-9.091,7.273,12.0,2.0,160,12,1.2,8.5,4.74507176175,6.18262050637,-1.43754874462,239.62897752894122,5.316328256315231,5.930712308950749,0.8964063639188369,52.15002,76.96397427393524,4.79775684314829,True,0.9409214432847458,1.8818428865694916,36.55078781180366,0.9657834619531374,completed,,"Qi recalculated from inferred p=0.00221: tan_delta=0.36 (assumed EPR tan_delta=0.0004), Qi=1.26e+03"
chip_simple_dxm9p091_dy8p182__Lj12p0nH_Cj2p0fF__roL8p5mm__tee_fl160um_fc12_cg1p2um__rpg1p4um,-9.091,8.182,12.0,2.0,160,12,1.2,8.5,4.73445099138,6.15478155079,-1.42033055941,243.7500148862952,5.603587422172546,5.951852940269059,0.9414862024328227,52.14994,76.9634633577462,4.897751969335074,True,0.8859663372053317,1.7719326744106634,36.606463479431916,0.9079407332372706,completed,,"Qi recalculated from inferred p=0.00223: tan_delta=0.36 (assumed EPR tan_delta=0.0004), Qi=1.25e+03"
chip_simple_dxm9p091_dy9p091__Lj12p0nH_Cj2p0fF__roL8p5mm__tee_fl160um_fc12_cg1p2um__rpg1p4um,-9.091,9.091,12.0,2.0,160,12,1.2,8.5,4.75085202436,6.00137867716,-1.2505266527999996,212.3126314781783,5.41655916849327,5.701547260512729,0.9500156573298613,51.63939,76.88748177635328,5.215231325583307,True,0.9434413986324391,1.8868827972648783,36.583917229177025,0.9684152984447058,completed,,"Qi recalculated from inferred p=0.00221: tan_delta=0.36 (assumed EPR tan_delta=0.0004), Qi=1.25e+03"
chip_simple_dxm9p091_dy10p000__Lj12p0nH_Cj2p0fF__roL8p5mm__tee_fl160um_fc12_cg1p2um__rpg1p4um,-9.091,10.0,12.0,2.0,160,12,1.2,8.5,4.7252089608,6.13650588385,-1.41129692305,241.53134360669733,5.541704983503341,5.967068128664825,0.9287148837604,52.17965,76.96862722529592,4.9590232028606485,True,0.8885761043179066,1.7771522086358131,36.66656937433686,0.9106446280387835,completed,,"Qi recalculated from inferred p=0.00225: tan_delta=0.36 (assumed EPR tan_delta=0.0004), Qi=1.24e+03"
chip_simple_dxm8p182_dym10p000__Lj12p0nH_Cj2p0fF__roL8p5mm__tee_fl160um_fc12_cg1p2um__rpg1p4um,-8.182,-10.0,12.0,2.0,160,12,1.2,8.5,4.78025389039,6.09076123044,-1.31050734005,207.67545271807887,4.817649636772155,5.847096382639144,0.8239388102232142,51.48947,76.84103041070234,5.132937715576852,True,1.0524939971576512,2.1049879943153025,36.32632261053783,1.0838981190689512,completed,,"Qi recalculated from inferred p=0.00223: tan_delta=0.36 (assumed EPR tan_delta=0.0004), Qi=1.24e+03"
chip_simple_dxm8p182_dym9p091__Lj12p0nH_Cj2p0fF__roL8p5mm__tee_fl160um_fc12_cg1p2um__rpg1p4um,-8.182,-9.091,12.0,2.0,160,12,1.2,8.5,4.72257063561,6.05880267073,-1.3362320351199992,237.9009092435265,5.941739992261886,5.759912137527704,1.0315678174237266,51.8083,76.8887022070876,5.062288757133482,True,0.851510046415838,1.703020092831676,36.73256723988919,0.8717176271244407,completed,,"Qi recalculated from inferred p=0.00221: tan_delta=0.36 (assumed EPR tan_delta=0.0004), Qi=1.26e+03"
chip_simple_dxm8p182_dym8p182__Lj12p0nH_Cj2p0fF__roL8p5mm__tee_fl160um_fc12_cg1p2um__rpg1p4um,-8.182,-8.182,12.0,2.0,160,12,1.2,8.5,4.78518514078,6.20385883832,-1.41867369754,227.600919745363,4.999329228549957,5.989457926068278,0.8346880953601954,51.80833,76.88878968845033,4.871951745015132,True,1.0038008253426727,2.0076016506853454,36.23138947312792,1.032403864484325,completed,,"Qi recalculated from inferred p=0.00223: tan_delta=0.36 (assumed EPR tan_delta=0.0004), Qi=1.25e+03"
chip_simple_dxm8p182_dym7p273__Lj12p0nH_Cj2p0fF__roL8p5mm__tee_fl160um_fc12_cg1p2um__rpg1p4um,-8.182,-7.273,12.0,2.0,160,12,1.2,8.5,4.68361704435,6.06830164317,-1.3846845988199998,244.12651063933208,5.770869057323456,5.830643442935724,0.9897482351309461,51.95931,76.91040363649185,5.072508347325537,True,0.8578555128510849,1.7157110257021697,37.09525480236973,0.8781637053637263,completed,,"Qi recalculated from inferred p=0.00223: tan_delta=0.36 (assumed EPR tan_delta=0.0004), Qi=1.25e+03"
chip_simple_dxm8p182_dym6p364__Lj12p0nH_Cj2p0fF__roL8p5mm__tee_fl160um_fc12_cg1p2um__rpg1p4um,-8.182,-6.364,12.0,2.0,160,12,1.2,8.5,4.74965194892,6.20869132521,-1.4590393762899998,241.63895309403614,5.27103725569725,6.043633765216636,0.8721635791424082,51.96465,76.91156864123026,4.87572941804598,True,0.9355057425392163,1.8710114850784325,36.50178209469138,0.9601125072637132,completed,,"Qi recalculated from inferred p=0.00224: tan_delta=0.36 (assumed EPR tan_delta=0.0004), Qi=1.24e+03"
chip_simple_dxm8p182_dym5p455__Lj12p0nH_Cj2p0fF__roL8p5mm__tee_fl160um_fc12_cg1p2um__rpg1p4um,-8.182,-5.455,12.0,2.0,160,12,1.2,8.5,4.70967380269,5.81364142773,-1.1039676250400001,212.36962853933719,6.688367028955459,5.494419665893739,1.2173018145070118,51.92168,76.90659294121045,5.5171767266314955,True,0.7664372562729698,1.5328745125459395,36.76441262074469,0.7827555647849257,completed,,"Qi recalculated from inferred p=0.00222: tan_delta=0.36 (assumed EPR tan_delta=0.0004), Qi=1.25e+03"
chip_simple_dxm8p182_dym4p545__Lj12p0nH_Cj2p0fF__roL8p5mm__tee_fl160um_fc12_cg1p2um__rpg1p4um,-8.182,-4.545,12.0,2.0,160,12,1.2,8.5,4.73043071526,6.17100144044,-1.4405707251800006,250.8990176723497,5.7670422147941585,5.986730956844874,0.963304056314818,51.93663,76.9141155859238,4.934103733921583,True,0.8559853901741183,1.7119707803482367,36.75007901654362,0.8763985254330415,completed,,"Qi recalculated from inferred p=0.00224: tan_delta=0.36 (assumed EPR tan_delta=0.0004), Qi=1.24e+03"
chip_simple_dxm8p182_dym3p636__Lj12p0nH_Cj2p0fF__roL8p5mm__tee_fl160um_fc12_cg1p2um__rpg1p4um,-8.182,-3.636,12.0,2.0,160,12,1.2,8.5,4.62081617264,6.04082312115,-1.4200069485100002,270.0441205602928,6.5521760322341915,5.824573659816503,1.1249194215599656,51.95045,76.9093254340516,5.151443282371799,True,0.7406436418753194,1.4812872837506388,37.522263133027955,0.7555574225037739,completed,,"Qi recalculated from inferred p=0.00224: tan_delta=0.36 (assumed EPR tan_delta=0.0004), Qi=1.24e+03"
chip_simple_dxm8p182_dym2p727__Lj12p0nH_Cj2p0fF__roL8p5mm__tee_fl160um_fc12_cg1p2um__rpg1p4um,-8.182,-2.727,12.0,2.0,160,12,1.2,8.5,4.74763898771,6.06492901197,-1.31729002426,225.64242398944492,5.550595968381882,5.805846601859689,0.9560355877476944,51.80887,76.8887226124375,5.092001750575215,True,0.9109887833211272,1.8219775666422544,36.54636957991984,0.9342774516273215,completed,,"Qi recalculated from inferred p=0.00222: tan_delta=0.36 (assumed EPR tan_delta=0.0004), Qi=1.25e+03"
chip_simple_dxm8p182_dym1p818__Lj12p0nH_Cj2p0fF__roL8p5mm__tee_fl160um_fc12_cg1p2um__rpg1p4um,-8.182,-1.818,12.0,2.0,160,12,1.2,8.5,4.6768035342,6.11785091516,-1.4410473809599997,259.1949206835079,6.0153143460884095,5.894894638109007,1.0204277964869668,51.80768,76.88875396985121,5.026580441172615,True,0.8162134264366068,1.6324268528732135,37.16622746796593,0.8345409119978024,completed,,"Qi recalculated from inferred p=0.00223: tan_delta=0.36 (assumed EPR tan_delta=0.0004), Qi=1.24e+03"
chip_simple_dxm8p182_dym0p909__Lj12p0nH_Cj2p0fF__roL8p5mm__tee_fl160um_fc12_cg1p2um__rpg1p4um,-8.182,-0.909,12.0,2.0,160,12,1.2,8.5,4.67698283085,5.97183120678,-1.29484837593,234.65949821455382,6.022471806894302,5.724825509126052,1.051992204355184,51.96437,76.92214760831278,5.2547249693917095,True,0.8276443080768896,1.6552886161537792,37.18422660809157,0.846485328254185,completed,,"Qi recalculated from inferred p=0.00224: tan_delta=0.36 (assumed EPR tan_delta=0.0004), Qi=1.24e+03"
chip_simple_dxm8p182_dy0p000__Lj12p0nH_Cj2p0fF__roL8p5mm__tee_fl160um_fc12_cg1p2um__rpg1p4um,-8.182,0.0,12.0,2.0,160,12,1.2,8.5,4.71825133181,6.07367777131,-1.3554264394999995,242.83979233580686,6.017017910228729,5.7665224562869115,1.0434396043439866,51.51791,76.84999112461342,5.09287322108452,True,0.8401789145261589,1.6803578290523178,36.74109051081028,0.8598413848375651,completed,,"Qi recalculated from inferred p=0.0022: tan_delta=0.36 (assumed EPR tan_delta=0.0004), Qi=1.26e+03"
chip_simple_dxm8p182_dy0p909__Lj12p0nH_Cj2p0fF__roL8p5mm__tee_fl160um_fc12_cg1p2um__rpg1p4um,-8.182,0.909,12.0,2.0,160,12,1.2,8.5,4.76742082005,6.11458174447,-1.3471609244199998,220.3762532399909,5.12260535996437,5.88426980822268,0.8705592243248332,51.79446,76.88660222530015,5.028448583364503,True,0.9834128011378452,1.9668256022756905,36.38073230813063,1.0107340997816798,completed,,"Qi recalculated from inferred p=0.00223: tan_delta=0.36 (assumed EPR tan_delta=0.0004), Qi=1.25e+03"
chip_simple_dxm8p182_dy1p818__Lj12p0nH_Cj2p0fF__roL8p5mm__tee_fl160um_fc12_cg1p2um__rpg1p4um,-8.182,1.818,12.0,2.0,160,12,1.2,8.5,4.71664457901,6.13034053841,-1.4136959594,244.77506405259857,5.655800553245544,5.930245532265892,0.9537211440020282,51.8171,76.89499502935557,5.0235502252453355,True,0.8740136380701597,1.7480272761403195,36.91244050963489,0.8952104523000111,completed,,"Qi recalculated from inferred p=0.00224: tan_delta=0.36 (assumed EPR tan_delta=0.0004), Qi=1.24e+03"
chip_simple_dxm8p182_dy2p727__Lj12p0nH_Cj2p0fF__roL8p5mm__tee_fl160um_fc12_cg1p2um__rpg1p4um,-8.182,2.727,12.0,2.0,160,12,1.2,8.5,4.74905682439,6.19457611211,-1.4455192877199998,242.78883490510106,5.409443262643814,6.0021454172131445,0.9012516169852266,51.96451,76.911584292299,4.875406619421451,True,0.9163668426323234,1.8327336852646468,36.52601090083827,0.9399483249100836,completed,,"Qi recalculated from inferred p=0.00223: tan_delta=0.36 (assumed EPR tan_delta=0.0004), Qi=1.24e+03"
chip_simple_dxm8p182_dy3p636__Lj12p0nH_Cj2p0fF__roL8p5mm__tee_fl160um_fc12_cg1p2um__rpg1p4um,-8.182,3.636,12.0,2.0,160,12,1.2,8.5,4.66348012176,6.05793179463,-1.3944516728699998,250.89943484547044,5.963364992448806,5.766429864350439,1.034152002665613,51.51762,76.85253205924104,5.140477745157837,True,0.8334562590582287,1.6669125181164575,37.2113571117343,0.8525516251865972,completed,,"Qi recalculated from inferred p=0.00221: tan_delta=0.36 (assumed EPR tan_delta=0.0004), Qi=1.25e+03"
chip_simple_dxm8p182_dy4p545__Lj12p0nH_Cj2p0fF__roL8p5mm__tee_fl160um_fc12_cg1p2um__rpg1p4um,-8.182,4.545,12.0,2.0,160,12,1.2,8.5,4.72472338379,6.07232041902,-1.3475970352300006,231.3279258836254,5.541016860761642,5.8094237068456955,0.9537980254792282,51.49158,76.8403062078764,5.148602887471559,True,0.9067438183956088,1.8134876367912176,36.694710638928925,0.9297175837486861,completed,,"Qi recalculated from inferred p=0.00223: tan_delta=0.36 (assumed EPR tan_delta=0.0004), Qi=1.25e+03"
chip_simple_dxm8p182_dy5p455__Lj12p0nH_Cj2p0fF__roL8p5mm__tee_fl160um_fc12_cg1p2um__rpg1p4um,-8.182,5.455,12.0,2.0,160,12,1.2,8.5,4.70090830216,6.08954676117,-1.38863845901,252.7010445145384,6.185020620603561,5.852490302512357,1.0568186021510289,51.965,76.9114497082502,5.030367765610646,True,0.8032911399346587,1.6065822798693175,36.85425426051221,0.8211901528775114,completed,,"Qi recalculated from inferred p=0.00223: tan_delta=0.36 (assumed EPR tan_delta=0.0004), Qi=1.25e+03"
chip_simple_dxm8p182_dy6p364__Lj12p0nH_Cj2p0fF__roL8p5mm__tee_fl160um_fc12_cg1p2um__rpg1p4um,-8.182,6.364,12.0,2.0,160,12,1.2,8.5,4.72702479207,5.98450514713,-1.2574803550600002,232.9283309309818,6.381414699699402,5.7691492674636375,1.106127507514629,51.96463,76.91137696733162,5.263127183650159,True,0.7867453801128792,1.5734907602257584,36.62054263456649,0.8040186902433603,completed,,"Qi recalculated from inferred p=0.00225: tan_delta=0.36 (assumed EPR tan_delta=0.0004), Qi=1.23e+03"
chip_simple_dxm8p182_dy7p273__Lj12p0nH_Cj2p0fF__roL8p5mm__tee_fl160um_fc12_cg1p2um__rpg1p4um,-8.182,7.273,12.0,2.0,160,12,1.2,8.5,4.73980994773,6.11492139787,-1.3751114501399995,231.42365600136029,5.370422379964828,5.863101959116468,0.9159694675980216,51.96455,76.91171272046174,4.96650950333901,True,0.9339762286282631,1.8679524572565263,36.62973597305118,0.9584136296497937,completed,,"Qi recalculated from inferred p=0.00222: tan_delta=0.36 (assumed EPR tan_delta=0.0004), Qi=1.25e+03"
chip_simple_dxm8p182_dy8p182__Lj12p0nH_Cj2p0fF__roL8p5mm__tee_fl160um_fc12_cg1p2um__rpg1p4um,-8.182,8.182,12.0,2.0,160,12,1.2,8.5,4.69817066512,6.00885580001,-1.31068513489,241.82919487869438,6.295239226005554,5.700576278405732,1.104316286381862,51.96492,76.91129844233971,5.113680764896619,True,0.8023249334171184,1.6046498668342368,36.964201735303725,0.8201261471735127,completed,,"Qi recalculated from inferred p=0.0022: tan_delta=0.36 (assumed EPR tan_delta=0.0004), Qi=1.26e+03"
chip_simple_dxm8p182_dy9p091__Lj12p0nH_Cj2p0fF__roL8p5mm__tee_fl160um_fc12_cg1p2um__rpg1p4um,-8.182,9.091,12.0,2.0,160,12,1.2,8.5,4.68682128785,6.05207856918,-1.36525728133,259.2924998926468,6.670654395746231,5.805209593914802,1.1490807158347245,51.80836,76.88869297287312,5.13033786243105,True,0.7449053017857342,1.4898106035714684,37.34499813036499,0.7600660258644234,completed,,"Qi recalculated from inferred p=0.00223: tan_delta=0.36 (assumed EPR tan_delta=0.0004), Qi=1.25e+03"
chip_simple_dxm8p182_dy10p000__Lj12p0nH_Cj2p0fF__roL8p5mm__tee_fl160um_fc12_cg1p2um__rpg1p4um,-8.182,10.0,12.0,2.0,160,12,1.2,8.5,4.72789217151,6.02697172035,-1.29907954884,236.31888715968915,6.188374780282974,5.7728279248915735,1.0719832395487876,51.9722,76.91345683805014,5.133788791472046,True,0.8146460163353307,1.6292920326706615,36.74331619235918,0.8331172853436087,completed,,"Qi recalculated from inferred p=0.00223: tan_delta=0.36 (assumed EPR tan_delta=0.0004), Qi=1.25e+03"
chip_simple_dxm7p273_dym10p000__Lj12p0nH_Cj2p0fF__roL8p5mm__tee_fl160um_fc12_cg1p2um__rpg1p4um,-7.273,-10.0,12.0,2.0,160,12,1.2,8.5,4.7126813443,6.13908473444,-1.42640339014,245.41483597333,5.581218069385528,5.892340005717795,0.9471989165543128,52.00425,76.97883835470827,4.916694004020257,True,0.8904766942755091,1.7809533885510183,36.95547378798739,0.91246335189224,completed,,"Qi recalculated from inferred p=0.00222: tan_delta=0.36 (assumed EPR tan_delta=0.0004), Qi=1.25e+03"
chip_simple_dxm7p273_dym9p091__Lj12p0nH_Cj2p0fF__roL8p5mm__tee_fl160um_fc12_cg1p2um__rpg1p4um,-7.273,-9.091,12.0,2.0,160,12,1.2,8.5,4.71567791686,6.13728570621,-1.4216077893500003,235.3471631881372,5.180978092977524,5.912038976187492,0.8763436969623281,51.89087,76.9610198066641,4.967689641026184,True,0.9567489476362826,1.9134978952725652,36.8442472322072,0.9822555611523514,completed,,"Qi recalculated from inferred p=0.00223: tan_delta=0.36 (assumed EPR tan_delta=0.0004), Qi=1.25e+03"
chip_simple_dxm7p273_dym8p182__Lj12p0nH_Cj2p0fF__roL8p5mm__tee_fl160um_fc12_cg1p2um__rpg1p4um,-7.273,-8.182,12.0,2.0,160,12,1.2,8.5,4.71799800041,6.08547036476,-1.3674723643500002,231.5296678046592,5.387219844787597,5.812898055695297,0.926770053968066,51.60244,76.92036157382925,5.0862479929068005,True,0.930944219449442,1.861888438898884,36.80094492612771,0.9551052766742046,completed,,"Qi recalculated from inferred p=0.00222: tan_delta=0.36 (assumed EPR tan_delta=0.0004), Qi=1.25e+03"
chip_simple_dxm7p273_dym7p273__Lj12p0nH_Cj2p0fF__roL8p5mm__tee_fl160um_fc12_cg1p2um__rpg1p4um,-7.273,-7.273,12.0,2.0,160,12,1.2,8.5,4.72538962076,6.12848580344,-1.4030961826800006,251.02953182785626,6.047306581918716,5.876810016672627,1.0290117537851975,51.59109,76.91646740385302,5.027157759649826,True,0.8270026989853153,1.6540053979706306,36.70583654887218,0.8460650092875537,completed,,"Qi recalculated from inferred p=0.00222: tan_delta=0.36 (assumed EPR tan_delta=0.0004), Qi=1.25e+03"
chip_simple_dxm7p273_dym6p364__Lj12p0nH_Cj2p0fF__roL8p5mm__tee_fl160um_fc12_cg1p2um__rpg1p4um,-7.273,-6.364,12.0,2.0,160,12,1.2,8.5,4.65347230611,6.0179480245,-1.3644757183899996,250.29134412810515,6.143081427398681,5.756747050636442,1.0671098405686468,52.04718,76.98365124312093,5.126568737674015,True,0.8039279557835375,1.607855911567075,37.287882669017485,0.8216425967310513,completed,,"Qi recalculated from inferred p=0.00222: tan_delta=0.36 (assumed EPR tan_delta=0.0004), Qi=1.25e+03"
chip_simple_dxm7p273_dym5p455__Lj12p0nH_Cj2p0fF__roL8p5mm__tee_fl160um_fc12_cg1p2um__rpg1p4um,-7.273,-5.455,12.0,2.0,160,12,1.2,8.5,4.73184455751,6.20479563684,-1.4729510793300005,251.6877216406616,5.572578645385742,6.007676605765333,0.9275763345913053,51.60219,76.91936177162864,4.93427546110266,True,0.8854618496928641,1.7709236993857282,36.73555160546245,0.9073318838434851,completed,,"Qi recalculated from inferred p=0.00224: tan_delta=0.36 (assumed EPR tan_delta=0.0004), Qi=1.24e+03"
chip_simple_dxm7p273_dym4p545__Lj12p0nH_Cj2p0fF__roL8p5mm__tee_fl160um_fc12_cg1p2um__rpg1p4um,-7.273,-4.545,12.0,2.0,160,12,1.2,8.5,4.76380015433,6.14550226789,-1.3817021135600003,239.9698081278679,5.776891046072006,5.934439901039121,0.9734517734454556,52.03252,76.98174454421616,4.933866002060904,True,0.8678898937925439,1.7357797875850878,36.36224166695465,0.8891110974522419,completed,,"Qi recalculated from inferred p=0.00223: tan_delta=0.36 (assumed EPR tan_delta=0.0004), Qi=1.25e+03"
chip_simple_dxm7p273_dym3p636__Lj12p0nH_Cj2p0fF__roL8p5mm__tee_fl160um_fc12_cg1p2um__rpg1p4um,-7.273,-3.636,12.0,2.0,160,12,1.2,8.5,4.73480918565,6.04038903556,-1.30557984991,237.63035310917473,6.218829399219513,5.832068017454491,1.066316335921924,51.88953,76.96251739603787,5.175160401851529,True,0.8056454420794591,1.6112908841589182,36.63711506411065,0.8237598143111894,completed,,"Qi recalculated from inferred p=0.00225: tan_delta=0.36 (assumed EPR tan_delta=0.0004), Qi=1.24e+03"
chip_simple_dxm7p273_dym2p727__Lj12p0nH_Cj2p0fF__roL8p5mm__tee_fl160um_fc12_cg1p2um__rpg1p4um,-7.273,-2.727,12.0,2.0,160,12,1.2,8.5,4.70851926397,6.13738147014,-1.4288622061699998,256.39439544466705,6.056580542360305,5.950520179334925,1.0178237128568541,52.04658,76.98368811483225,4.970367342468677,True,0.8123730286338062,1.6247460572676125,36.879987814636536,0.8306706050487506,completed,,"Qi recalculated from inferred p=0.00224: tan_delta=0.36 (assumed EPR tan_delta=0.0004), Qi=1.24e+03"
chip_simple_dxm7p273_dym1p818__Lj12p0nH_Cj2p0fF__roL8p5mm__tee_fl160um_fc12_cg1p2um__rpg1p4um,-7.273,-1.818,12.0,2.0,160,12,1.2,8.5,4.76438654102,6.12161083912,-1.3572242980999993,228.93417802659698,5.439724164207458,5.912665026004023,0.92001223480164,52.04543,76.98429969481667,4.978617784097166,True,0.9220610259290201,1.8441220518580401,36.34791793579447,0.9460603476024646,completed,,"Qi recalculated from inferred p=0.00223: tan_delta=0.36 (assumed EPR tan_delta=0.0004), Qi=1.24e+03"
chip_simple_dxm7p273_dym0p909__Lj12p0nH_Cj2p0fF__roL8p5mm__tee_fl160um_fc12_cg1p2um__rpg1p4um,-7.273,-0.909,12.0,2.0,160,12,1.2,8.5,4.72621293074,6.21473069466,-1.48851776392,253.69808241075194,5.538169261859894,6.053599860673863,0.9148555222220133,52.08671,76.99399778723209,4.840806038046152,True,0.8832584928416837,1.7665169856833673,36.65796330028193,0.9050656766989972,completed,,"Qi recalculated from inferred p=0.00224: tan_delta=0.36 (assumed EPR tan_delta=0.0004), Qi=1.24e+03"
chip_simple_dxm7p273_dy0p000__Lj12p0nH_Cj2p0fF__roL8p5mm__tee_fl160um_fc12_cg1p2um__rpg1p4um,-7.273,0.0,12.0,2.0,160,12,1.2,8.5,4.73251374973,6.12333432529,-1.3908205755600003,245.63052496269066,5.90339426124382,5.833142733315017,1.0120435125867182,51.60222,76.92093702949244,4.99489780433248,True,0.8543617640120542,1.7087235280241084,36.61680606324319,0.8747723941607738,completed,,"Qi recalculated from inferred p=0.0022: tan_delta=0.36 (assumed EPR tan_delta=0.0004), Qi=1.26e+03"
chip_simple_dxm7p273_dy0p909__Lj12p0nH_Cj2p0fF__roL8p5mm__tee_fl160um_fc12_cg1p2um__rpg1p4um,-7.273,0.909,12.0,2.0,160,12,1.2,8.5,4.70480535526,6.0807996172,-1.3759942619399999,236.53516908934233,5.528063487434387,5.835624195047371,0.9472960051344622,51.92102,76.96777217937564,5.0492102124383615,True,0.9004406036362862,1.8008812072725724,36.93276031647156,0.9229424377435158,completed,,"Qi recalculated from inferred p=0.00223: tan_delta=0.36 (assumed EPR tan_delta=0.0004), Qi=1.25e+03"
chip_simple_dxm7p273_dy1p818__Lj12p0nH_Cj2p0fF__roL8p5mm__tee_fl160um_fc12_cg1p2um__rpg1p4um,-7.273,1.818,12.0,2.0,160,12,1.2,8.5,4.72771702229,5.972340521,-1.2446234987099993,219.24495923206857,5.773035212522506,5.714431158523696,1.0102554484205128,51.87704,76.95675052132091,5.2628038849072,True,0.8761364544180527,1.7522729088361053,36.705212212483254,0.8975608163509011,completed,,"Qi recalculated from inferred p=0.00223: tan_delta=0.36 (assumed EPR tan_delta=0.0004), Qi=1.24e+03"
chip_simple_dxm7p273_dy2p727__Lj12p0nH_Cj2p0fF__roL8p5mm__tee_fl160um_fc12_cg1p2um__rpg1p4um,-7.273,2.727,12.0,2.0,160,12,1.2,8.5,4.71160179643,6.11112305572,-1.3995212592900002,247.21366970382266,5.860711649211884,5.902975749327858,0.9928402043459543,51.60294,76.91927851014205,5.1029370372333025,True,0.8442931158528045,1.688586231705609,36.83635990685616,0.864098337642808,completed,,"Qi recalculated from inferred p=0.00224: tan_delta=0.36 (assumed EPR tan_delta=0.0004), Qi=1.24e+03"
chip_simple_dxm7p273_dy3p636__Lj12p0nH_Cj2p0fF__roL8p5mm__tee_fl160um_fc12_cg1p2um__rpg1p4um,-7.273,3.636,12.0,2.0,160,12,1.2,8.5,4.74239033124,6.19637507253,-1.4539847412900002,250.62488855552812,5.6817218280372614,5.991999899644134,0.9482179444586938,51.60285,76.9194638303605,4.9428010993292695,True,0.8726211263372661,1.7452422526745321,36.55180921268566,0.8939631935470709,completed,,"Qi recalculated from inferred p=0.00223: tan_delta=0.36 (assumed EPR tan_delta=0.0004), Qi=1.24e+03"
chip_simple_dxm7p273_dy4p545__Lj12p0nH_Cj2p0fF__roL8p5mm__tee_fl160um_fc12_cg1p2um__rpg1p4um,-7.273,4.545,12.0,2.0,160,12,1.2,8.5,4.74478453553,6.05547649219,-1.3106919566600004,221.0804417671074,5.3730421618862145,5.791354520716529,0.9277695127566532,52.02025,76.98135267037645,5.055781294107006,True,0.9410821937582327,1.8821643875164653,36.59962079803315,0.9659187611015349,completed,,"Qi recalculated from inferred p=0.00222: tan_delta=0.36 (assumed EPR tan_delta=0.0004), Qi=1.25e+03"
chip_simple_dxm7p273_dy5p455__Lj12p0nH_Cj2p0fF__roL8p5mm__tee_fl160um_fc12_cg1p2um__rpg1p4um,-7.273,5.455,12.0,2.0,160,12,1.2,8.5,4.75652798608,6.12426292642,-1.36773494034,232.49421244469767,5.5153577023963924,5.917856707186027,0.931985679156293,51.89089,76.96140521673526,5.011745567863245,True,0.9076020282016228,1.8152040564032457,36.4861504677285,0.9307547839413859,completed,,"Qi recalculated from inferred p=0.00224: tan_delta=0.36 (assumed EPR tan_delta=0.0004), Qi=1.24e+03"
chip_simple_dxm7p273_dy6p364__Lj12p0nH_Cj2p0fF__roL8p5mm__tee_fl160um_fc12_cg1p2um__rpg1p4um,-7.273,6.364,12.0,2.0,160,12,1.2,8.5,4.72123017621,6.04785216083,-1.32662198462,244.19850253634436,6.333465595045089,5.848505024648974,1.0829204332307507,52.05909,76.9861549623263,5.129542943981744,True,0.7859724983108495,1.571944996621699,36.79932166434755,0.8031259367553801,completed,,"Qi recalculated from inferred p=0.00225: tan_delta=0.36 (assumed EPR tan_delta=0.0004), Qi=1.24e+03"
chip_simple_dxm7p273_dy7p273__Lj12p0nH_Cj2p0fF__roL8p5mm__tee_fl160um_fc12_cg1p2um__rpg1p4um,-7.273,7.273,12.0,2.0,160,12,1.2,8.5,4.69770669043,6.09161802121,-1.39391133078,240.523075125168,5.5645804030818935,5.8060088329952375,0.9584174883542513,51.57336,76.91258601688298,5.0674851069408255,True,0.8982727257001739,1.7965454514003478,36.94091357786765,0.9206599279322849,completed,,"Qi recalculated from inferred p=0.00221: tan_delta=0.36 (assumed EPR tan_delta=0.0004), Qi=1.26e+03"
chip_simple_dxm7p273_dy8p182__Lj12p0nH_Cj2p0fF__roL8p5mm__tee_fl160um_fc12_cg1p2um__rpg1p4um,-7.273,8.182,12.0,2.0,160,12,1.2,8.5,4.73311969721,6.1823618083,-1.4492421110899993,249.60167880179642,5.650964117544174,5.977576415438447,0.9453604144564804,51.89114,76.96204287220627,4.902762760772655,True,0.8761647436114658,1.7523294872229316,36.69266908411108,0.8975980094223814,completed,,"Qi recalculated from inferred p=0.00223: tan_delta=0.36 (assumed EPR tan_delta=0.0004), Qi=1.25e+03"
chip_simple_dxm7p273_dy9p091__Lj12p0nH_Cj2p0fF__roL8p5mm__tee_fl160um_fc12_cg1p2um__rpg1p4um,-7.273,9.091,12.0,2.0,160,12,1.2,8.5,4.72336710509,6.1048577147,-1.3814906096099993,244.34013210942786,5.895831980884552,5.8731763706812705,1.0038574714555444,51.89174,76.96195519884573,5.023234966543224,True,0.8463380086877297,1.6926760173754594,36.78265139303683,0.8662701596929986,completed,,"Qi recalculated from inferred p=0.00223: tan_delta=0.36 (assumed EPR tan_delta=0.0004), Qi=1.25e+03"
chip_simple_dxm7p273_dy10p000__Lj12p0nH_Cj2p0fF__roL8p5mm__tee_fl160um_fc12_cg1p2um__rpg1p4um,-7.273,10.0,12.0,2.0,160,12,1.2,8.5,4.74112824339,6.0338985905,-1.2927703471099994,228.0004194267305,5.849102284322738,5.782595714641922,1.0115011619284426,52.01898,76.98085696224989,5.112023471677436,True,0.8639601905917423,1.7279203811834847,36.59867580948955,0.8848482037744353,completed,,"Qi recalculated from inferred p=0.00223: tan_delta=0.36 (assumed EPR tan_delta=0.0004), Qi=1.25e+03"
chip_simple_dxm6p364_dym10p000__Lj12p0nH_Cj2p0fF__roL8p5mm__tee_fl160um_fc12_cg1p2um__rpg1p4um,-6.364,-10.0,12.0,2.0,160,12,1.2,8.5,4.74671380996,6.03991593661,-1.2932021266499998,227.88655913407317,5.848658886358261,5.768117311750657,1.0139632344930862,51.87851,76.92291639136457,5.111478409702175,True,0.8675297000920115,1.735059400184023,36.67286921054127,0.88854912878147,completed,,"Qi recalculated from inferred p=0.00222: tan_delta=0.36 (assumed EPR tan_delta=0.0004), Qi=1.25e+03"
chip_simple_dxm6p364_dym9p091__Lj12p0nH_Cj2p0fF__roL8p5mm__tee_fl160um_fc12_cg1p2um__rpg1p4um,-6.364,-9.091,12.0,2.0,160,12,1.2,8.5,4.71233913521,6.02901270922,-1.3166735740100002,229.50557133209094,5.663697428594589,5.813836152709171,0.9741756182714886,51.89393,76.92501133757645,5.189719024073511,True,0.8795086231147659,1.7590172462295317,36.864257322639894,0.9010048248693563,completed,,"Qi recalculated from inferred p=0.00225: tan_delta=0.36 (assumed EPR tan_delta=0.0004), Qi=1.24e+03"
chip_simple_dxm6p364_dym8p182__Lj12p0nH_Cj2p0fF__roL8p5mm__tee_fl160um_fc12_cg1p2um__rpg1p4um,-6.364,-8.182,12.0,2.0,160,12,1.2,8.5,4.66921934467,5.95957733907,-1.2903579943999999,244.29742307997282,6.531350151489257,5.682759542301245,1.1493272067683467,51.89194,76.92605715625986,5.264594334829459,True,0.7652219716355829,1.5304439432711658,37.08101036341536,0.7813462165385626,completed,,"Qi recalculated from inferred p=0.00223: tan_delta=0.36 (assumed EPR tan_delta=0.0004), Qi=1.25e+03"
chip_simple_dxm6p364_dym7p273__Lj12p0nH_Cj2p0fF__roL8p5mm__tee_fl160um_fc12_cg1p2um__rpg1p4um,-6.364,-7.273,12.0,2.0,160,12,1.2,8.5,4.75005432934,6.01899043043,-1.2689361010899995,219.92401647637354,5.655702243776322,5.705344706711049,0.9912989546667821,51.54421,76.87271916750694,5.187725271096258,True,0.905693799932507,1.811387599865014,36.57047390095099,0.9286935564685849,completed,,"Qi recalculated from inferred p=0.00221: tan_delta=0.36 (assumed EPR tan_delta=0.0004), Qi=1.26e+03"
chip_simple_dxm6p364_dym6p364__Lj12p0nH_Cj2p0fF__roL8p5mm__tee_fl160um_fc12_cg1p2um__rpg1p4um,-6.364,-6.364,12.0,2.0,160,12,1.2,8.5,4.694303295,5.73292356703,-1.0386202720300002,217.51364102351886,7.7811914644546505,5.349158182110234,1.4546572001699498,51.87956,76.92295456949886,5.627416824022591,True,0.6661558416338175,1.332311683267635,36.957907688963815,0.678383512736873,completed,,"Qi recalculated from inferred p=0.0022: tan_delta=0.36 (assumed EPR tan_delta=0.0004), Qi=1.26e+03"
chip_simple_dxm6p364_dym5p455__Lj12p0nH_Cj2p0fF__roL8p5mm__tee_fl160um_fc12_cg1p2um__rpg1p4um,-6.364,-5.455,12.0,2.0,160,12,1.2,8.5,4.72213994007,6.1303933455,-1.40825340543,231.82863900091746,5.1282290317249295,5.879820249776217,0.8721744566800503,52.06166,76.95114666112792,4.9162003308513995,True,0.9724202942205982,1.9448405884411963,36.802593445406146,0.9988114931864004,completed,,"Qi recalculated from inferred p=0.00221: tan_delta=0.36 (assumed EPR tan_delta=0.0004), Qi=1.25e+03"
chip_simple_dxm6p364_dym4p545__Lj12p0nH_Cj2p0fF__roL8p5mm__tee_fl160um_fc12_cg1p2um__rpg1p4um,-6.364,-4.545,12.0,2.0,160,12,1.2,8.5,4.77051294453,5.99784752226,-1.2273345777299998,216.5912114480181,5.875309934732437,5.743283944916589,1.0229878917849264,51.5658,76.87657948956594,5.289706411216223,True,0.8686003709581973,1.7372007419163946,36.41700203017999,0.8898240144755986,completed,,"Qi recalculated from inferred p=0.00224: tan_delta=0.36 (assumed EPR tan_delta=0.0004), Qi=1.24e+03"
chip_simple_dxm6p364_dym3p636__Lj12p0nH_Cj2p0fF__roL8p5mm__tee_fl160um_fc12_cg1p2um__rpg1p4um,-6.364,-3.636,12.0,2.0,160,12,1.2,8.5,4.77191562529,6.13567276839,-1.3637571431,217.42801510515721,4.886054909513473,5.906245330500408,0.827269210149708,51.57482,76.87929144664787,5.039894329695231,True,1.0300655054776815,2.060131010955363,36.34324600003663,1.0601119337720255,completed,,"Qi recalculated from inferred p=0.00223: tan_delta=0.36 (assumed EPR tan_delta=0.0004), Qi=1.24e+03"
chip_simple_dxm6p364_dym2p727__Lj12p0nH_Cj2p0fF__roL8p5mm__tee_fl160um_fc12_cg1p2um__rpg1p4um,-6.364,-2.727,12.0,2.0,160,12,1.2,8.5,4.78643161529,6.07447748154,-1.28804586625,219.77685566341802,5.571383293457031,5.804018163338089,0.9599183077422931,52.03683,76.94577114622598,5.008418678437724,True,0.918006737363683,1.836013474727366,36.23595628208603,0.9418681557276788,completed,,"Qi recalculated from inferred p=0.00221: tan_delta=0.36 (assumed EPR tan_delta=0.0004), Qi=1.26e+03"
chip_simple_dxm6p364_dym1p818__Lj12p0nH_Cj2p0fF__roL8p5mm__tee_fl160um_fc12_cg1p2um__rpg1p4um,-6.364,-1.818,12.0,2.0,160,12,1.2,8.5,4.73601951856,6.17855243564,-1.4425329170800003,238.90916206015703,5.233884300392151,6.012417870973948,0.8705123982914907,52.04975,76.94765473916152,4.911960439723461,True,0.9402807581151604,1.8805615162303209,36.61242420754896,0.9650655851142694,completed,,"Qi recalculated from inferred p=0.00225: tan_delta=0.36 (assumed EPR tan_delta=0.0004), Qi=1.24e+03"
chip_simple_dxm6p364_dym0p909__Lj12p0nH_Cj2p0fF__roL8p5mm__tee_fl160um_fc12_cg1p2um__rpg1p4um,-6.364,-0.909,12.0,2.0,160,12,1.2,8.5,4.77570732404,6.08443212228,-1.30872479824,222.35163894324077,5.519260666910172,5.895879300078792,0.9361217192550758,52.08377,76.9567969639657,5.0626636703239365,True,0.9116883208750918,1.8233766417501835,36.318281118378046,0.9351634854912891,completed,,"Qi recalculated from inferred p=0.00225: tan_delta=0.36 (assumed EPR tan_delta=0.0004), Qi=1.24e+03"
chip_simple_dxm6p364_dy0p000__Lj12p0nH_Cj2p0fF__roL8p5mm__tee_fl160um_fc12_cg1p2um__rpg1p4um,-6.364,0.0,12.0,2.0,160,12,1.2,8.5,4.6715110421,6.11602371104,-1.4445126689400007,258.5796032420524,5.946437598886489,5.886712731567605,1.0101457078071108,51.57616,76.88019850473812,5.077811423098829,True,0.824948582870485,1.64989716574097,37.067289771262644,0.8437260719085825,completed,,"Qi recalculated from inferred p=0.00223: tan_delta=0.36 (assumed EPR tan_delta=0.0004), Qi=1.24e+03"
chip_simple_dxm6p364_dy0p909__Lj12p0nH_Cj2p0fF__roL8p5mm__tee_fl160um_fc12_cg1p2um__rpg1p4um,-6.364,0.909,12.0,2.0,160,12,1.2,8.5,4.69107050135,6.04188144188,-1.3508109405300006,242.90760411802074,5.995209583665847,5.775200553792946,1.038095478732493,51.54638,76.87222430408337,5.192043515522975,True,0.8329929434755621,1.6659858869511242,36.8911895525424,0.8522362032370778,completed,,"Qi recalculated from inferred p=0.00223: tan_delta=0.36 (assumed EPR tan_delta=0.0004), Qi=1.25e+03"
chip_simple_dxm6p364_dy1p818__Lj12p0nH_Cj2p0fF__roL8p5mm__tee_fl160um_fc12_cg1p2um__rpg1p4um,-6.364,1.818,12.0,2.0,160,12,1.2,8.5,4.6653952178,5.89233877471,-1.2269435569099993,243.65760514397695,7.1112061740531916,5.596123213023553,1.2707379561450092,51.87935,76.92093960761969,5.385794806617894,True,0.7074042077701095,1.414808415540219,37.12825753241385,0.7211441580318527,completed,,"Qi recalculated from inferred p=0.00223: tan_delta=0.36 (assumed EPR tan_delta=0.0004), Qi=1.25e+03"
chip_simple_dxm6p364_dy2p727__Lj12p0nH_Cj2p0fF__roL8p5mm__tee_fl160um_fc12_cg1p2um__rpg1p4um,-6.364,2.727,12.0,2.0,160,12,1.2,8.5,4.69381999507,6.14208387603,-1.44826388096,246.28067525412433,5.425729793823242,5.919433779171552,0.9165960793267958,51.89264,76.925042647277,4.960755043505211,True,0.9068938530890505,1.813787706178101,36.862284626683305,0.929768210537968,completed,,"Qi recalculated from inferred p=0.00223: tan_delta=0.36 (assumed EPR tan_delta=0.0004), Qi=1.25e+03"
chip_simple_dxm6p364_dy3p636__Lj12p0nH_Cj2p0fF__roL8p5mm__tee_fl160um_fc12_cg1p2um__rpg1p4um,-6.364,3.636,12.0,2.0,160,12,1.2,8.5,4.70606182979,6.1671545843,-1.46109275451,258.3575285965225,5.89281384662056,5.954585492025992,0.9896262056379654,51.87977,76.92289014489262,4.9262615642702485,True,0.8354964655174206,1.6709929310348413,36.93339508236314,0.8548342765989317,completed,,"Qi recalculated from inferred p=0.00223: tan_delta=0.36 (assumed EPR tan_delta=0.0004), Qi=1.25e+03"
chip_simple_dxm6p364_dy4p545__Lj12p0nH_Cj2p0fF__roL8p5mm__tee_fl160um_fc12_cg1p2um__rpg1p4um,-6.364,4.545,12.0,2.0,160,12,1.2,8.5,4.74352808595,6.2301695732,-1.48664148725,241.48830500010598,5.0737975465049745,5.998964352979843,0.8457789124859004,51.92425,76.9310976144442,4.781174557340372,True,0.9785957312777439,1.9571914625554878,36.62832272723081,1.0054584785123504,completed,,"Qi recalculated from inferred p=0.00221: tan_delta=0.36 (assumed EPR tan_delta=0.0004), Qi=1.26e+03"
chip_simple_dxm6p364_dy5p455__Lj12p0nH_Cj2p0fF__roL8p5mm__tee_fl160um_fc12_cg1p2um__rpg1p4um,-6.364,5.455,12.0,2.0,160,12,1.2,8.5,4.74714722938,6.10190388125,-1.3547566518699998,230.99470980116783,5.5239915411624905,5.886184494438364,0.9384672781462939,52.08063,76.95319549297594,5.001574392929987,True,0.9070969755192523,1.8141939510385046,36.76039301347639,0.9300467462216466,completed,,"Qi recalculated from inferred p=0.00223: tan_delta=0.36 (assumed EPR tan_delta=0.0004), Qi=1.24e+03"
chip_simple_dxm6p364_dy6p364__Lj12p0nH_Cj2p0fF__roL8p5mm__tee_fl160um_fc12_cg1p2um__rpg1p4um,-6.364,6.364,12.0,2.0,160,12,1.2,8.5,4.77968562303,6.13817726431,-1.3584916412800006,218.31550794693655,4.976445117803573,5.901178274814836,0.8432968614153113,51.87909,76.92300585307642,4.956835749185455,True,1.0150926401306426,2.030185280261285,36.29174478998073,1.0443021315435563,completed,,"Qi recalculated from inferred p=0.00222: tan_delta=0.36 (assumed EPR tan_delta=0.0004), Qi=1.25e+03"
chip_simple_dxm6p364_dy7p273__Lj12p0nH_Cj2p0fF__roL8p5mm__tee_fl160um_fc12_cg1p2um__rpg1p4um,-6.364,7.273,12.0,2.0,160,12,1.2,8.5,4.74220530909,5.96110218154,-1.2188968724500002,227.23819529883826,6.471195480819702,5.728633425549979,1.1296228960920875,52.03684,76.94575662086316,5.275225992617797,True,0.7822775399565775,1.564555079913155,36.613967787614285,0.7993562249220603,completed,,"Qi recalculated from inferred p=0.00224: tan_delta=0.36 (assumed EPR tan_delta=0.0004), Qi=1.24e+03"
chip_simple_dxm6p364_dy8p182__Lj12p0nH_Cj2p0fF__roL8p5mm__tee_fl160um_fc12_cg1p2um__rpg1p4um,-6.364,8.182,12.0,2.0,160,12,1.2,8.5,4.77321503886,6.00455267316,-1.2313376343,207.73583489892695,5.383789241537094,5.742832726047686,0.9374797244429418,52.01178,76.9431130216726,5.1611335741938325,True,0.9482779666241841,1.8965559332483681,36.319575603291014,0.9737005878472383,completed,,"Qi recalculated from inferred p=0.00223: tan_delta=0.36 (assumed EPR tan_delta=0.0004), Qi=1.25e+03"
chip_simple_dxm6p364_dy9p091__Lj12p0nH_Cj2p0fF__roL8p5mm__tee_fl160um_fc12_cg1p2um__rpg1p4um,-6.364,9.091,12.0,2.0,160,12,1.2,8.5,4.74885472292,5.99133385186,-1.2424791289400003,217.19198862874947,5.729373200176239,5.68234360614363,1.0082764431882931,51.92386,76.93413504206569,5.157477856541086,True,0.8941995946291377,1.7883991892582753,36.57827473804713,0.9166071507118234,completed,,"Qi recalculated from inferred p=0.00221: tan_delta=0.36 (assumed EPR tan_delta=0.0004), Qi=1.26e+03"
chip_simple_dxm6p364_dy10p000__Lj12p0nH_Cj2p0fF__roL8p5mm__tee_fl160um_fc12_cg1p2um__rpg1p4um,-6.364,10.0,12.0,2.0,160,12,1.2,8.5,4.70012816843,6.17641107636,-1.47628290793,251.32112428887777,5.466408747419357,5.929765561427265,0.9218591680888678,52.06106,76.9491745015861,4.8342199720504775,True,0.9034762629886347,1.8069525259772694,36.96357435648244,0.9261126228695078,completed,,"Qi recalculated from inferred p=0.00221: tan_delta=0.36 (assumed EPR tan_delta=0.0004), Qi=1.26e+03"
chip_simple_dxm5p455_dym10p000__Lj12p0nH_Cj2p0fF__roL8p5mm__tee_fl160um_fc12_cg1p2um__rpg1p4um,-5.455,-10.0,12.0,2.0,160,12,1.2,8.5,4.72643217895,6.07311770522,-1.34668552627,228.45495089464077,5.415196464242935,5.824557550812046,0.9297180802150303,51.54924,76.86506246334474,5.148415097434603,True,0.925571124420972,1.851142248841944,36.74815832933023,0.9494856982473008,completed,,"Qi recalculated from inferred p=0.00223: tan_delta=0.36 (assumed EPR tan_delta=0.0004), Qi=1.25e+03"
chip_simple_dxm5p455_dym9p091__Lj12p0nH_Cj2p0fF__roL8p5mm__tee_fl160um_fc12_cg1p2um__rpg1p4um,-5.455,-9.091,12.0,2.0,160,12,1.2,8.5,4.76071606991,6.19247843515,-1.43176236524,237.04886005015797,5.276129411603927,6.024670026728766,0.8757540891361851,51.84511,76.91024668819884,4.930673624477585,True,0.9388608150593527,1.8777216301187054,36.390204854338045,0.9637247420539763,completed,,"Qi recalculated from inferred p=0.00225: tan_delta=0.36 (assumed EPR tan_delta=0.0004), Qi=1.24e+03"
chip_simple_dxm5p455_dym8p182__Lj12p0nH_Cj2p0fF__roL8p5mm__tee_fl160um_fc12_cg1p2um__rpg1p4um,-5.455,-8.182,12.0,2.0,160,12,1.2,8.5,4.71323634559,5.96308581689,-1.2498494712999992,225.4138802593673,6.014703723955154,5.645748272445109,1.065351027659307,51.86492,76.91351429704662,5.219289534440362,True,0.8467935067069934,1.6935870134139868,36.92626860501342,0.8666679433790165,completed,,"Qi recalculated from inferred p=0.00221: tan_delta=0.36 (assumed EPR tan_delta=0.0004), Qi=1.26e+03"
chip_simple_dxm5p455_dym7p273__Lj12p0nH_Cj2p0fF__roL8p5mm__tee_fl160um_fc12_cg1p2um__rpg1p4um,-5.455,-7.273,12.0,2.0,160,12,1.2,8.5,4.76562279632,6.24196953139,-1.47634673507,240.7444948936074,5.150254447881698,5.998838755030702,0.8585419042248186,51.81357,76.90546599206644,4.772914034879016,True,0.9710951960630142,1.9421903921260284,36.364908219077726,0.9977390018378671,completed,,"Qi recalculated from inferred p=0.00221: tan_delta=0.36 (assumed EPR tan_delta=0.0004), Qi=1.26e+03"
chip_simple_dxm5p455_dym6p364__Lj12p0nH_Cj2p0fF__roL8p5mm__tee_fl160um_fc12_cg1p2um__rpg1p4um,-5.455,-6.364,12.0,2.0,160,12,1.2,8.5,4.67880445973,6.13114230017,-1.4523378404399994,262.3201681940904,6.073318766338348,5.871519874338315,1.0343691065207838,51.57904,76.87398377775646,5.0167186856171915,True,0.8126567631055218,1.6253135262110436,37.04041081143108,0.8308861850492669,completed,,"Qi recalculated from inferred p=0.00222: tan_delta=0.36 (assumed EPR tan_delta=0.0004), Qi=1.25e+03"
chip_simple_dxm5p455_dym5p455__Lj12p0nH_Cj2p0fF__roL8p5mm__tee_fl160um_fc12_cg1p2um__rpg1p4um,-5.455,-5.455,12.0,2.0,160,12,1.2,8.5,4.73470923401,6.08624842403,-1.3515391900199996,234.19064720222718,5.670676468399048,5.826739823305008,0.9732160076408837,51.54738,76.86597501784634,5.111436122494896,True,0.8877126392015593,1.7754252784031186,36.67856500532288,0.9097303805433142,completed,,"Qi recalculated from inferred p=0.00222: tan_delta=0.36 (assumed EPR tan_delta=0.0004), Qi=1.25e+03"
chip_simple_dxm5p455_dym4p545__Lj12p0nH_Cj2p0fF__roL8p5mm__tee_fl160um_fc12_cg1p2um__rpg1p4um,-5.455,-4.545,12.0,2.0,160,12,1.2,8.5,4.71287290209,6.10521129892,-1.3923383968299996,246.5344439765854,5.888910904247283,5.876905965021521,1.002042731208771,51.84615,76.91025956249868,5.036615133856452,True,0.8439437341515811,1.6878874683031622,36.740455464851195,0.8637852449857547,completed,,"Qi recalculated from inferred p=0.00223: tan_delta=0.36 (assumed EPR tan_delta=0.0004), Qi=1.25e+03"
chip_simple_dxm5p455_dym3p636__Lj12p0nH_Cj2p0fF__roL8p5mm__tee_fl160um_fc12_cg1p2um__rpg1p4um,-5.455,-3.636,12.0,2.0,160,12,1.2,8.5,4.77861395761,6.11699498856,-1.33838103095,226.96909804629317,5.515590421457291,5.881045293305209,0.9378588578013606,51.84517,76.91025449458587,5.0062501064193805,True,0.9171857844266159,1.8343715688532318,36.23523670511709,0.9410044760368442,completed,,"Qi recalculated from inferred p=0.00223: tan_delta=0.36 (assumed EPR tan_delta=0.0004), Qi=1.25e+03"
chip_simple_dxm5p455_dym2p727__Lj12p0nH_Cj2p0fF__roL8p5mm__tee_fl160um_fc12_cg1p2um__rpg1p4um,-5.455,-2.727,12.0,2.0,160,12,1.2,8.5,4.74191288272,6.16037786476,-1.4184649820399997,242.86074677304615,5.586993185428619,5.939829633011445,0.9405982209284443,51.83107,76.90807908849453,4.942257300989205,True,0.891750724951811,1.783501449903622,36.55709349785225,0.9140474223511785,completed,,"Qi recalculated from inferred p=0.00223: tan_delta=0.36 (assumed EPR tan_delta=0.0004), Qi=1.25e+03"
chip_simple_dxm5p455_dym1p818__Lj12p0nH_Cj2p0fF__roL8p5mm__tee_fl160um_fc12_cg1p2um__rpg1p4um,-5.455,-1.818,12.0,2.0,160,12,1.2,8.5,4.75999782134,6.06096972586,-1.3009719045199999,233.18069262989704,6.083840508966445,5.818607968498037,1.045583504148136,51.98383,76.92986125334633,5.07625615495978,True,0.8319385851192146,1.6638771702384292,36.33119532265151,0.8514353823205599,completed,,"Qi recalculated from inferred p=0.00223: tan_delta=0.36 (assumed EPR tan_delta=0.0004), Qi=1.25e+03"
chip_simple_dxm5p455_dym0p909__Lj12p0nH_Cj2p0fF__roL8p5mm__tee_fl160um_fc12_cg1p2um__rpg1p4um,-5.455,-0.909,12.0,2.0,160,12,1.2,8.5,4.66763587514,6.08883806006,-1.4212021849199994,260.5856028778693,6.21373459135437,5.875563466003383,1.0575555225141688,51.87607,76.91916922393887,5.077038447651325,True,0.7885747739033571,1.5771495478067141,37.06850639254191,0.8057151086915643,completed,,"Qi recalculated from inferred p=0.00224: tan_delta=0.36 (assumed EPR tan_delta=0.0004), Qi=1.24e+03"
chip_simple_dxm5p455_dy0p000__Lj12p0nH_Cj2p0fF__roL8p5mm__tee_fl160um_fc12_cg1p2um__rpg1p4um,-5.455,0.0,12.0,2.0,160,12,1.2,8.5,4.65565922761,5.90826363148,-1.2526044038699995,256.87142805930426,7.568158031253814,5.620050825837231,1.3466351578993718,51.60566,76.87713955779232,5.429035755816702,True,0.6614009448798206,1.3228018897596412,37.10420128854707,0.673404720818075,completed,,"Qi recalculated from inferred p=0.00223: tan_delta=0.36 (assumed EPR tan_delta=0.0004), Qi=1.24e+03"
chip_simple_dxm5p455_dy0p909__Lj12p0nH_Cj2p0fF__roL8p5mm__tee_fl160um_fc12_cg1p2um__rpg1p4um,-5.455,0.909,12.0,2.0,160,12,1.2,8.5,4.64473717861,6.07386783425,-1.4291306556399999,264.4462082695658,6.272414009590149,5.845966867331816,1.0729472390001706,51.57908,76.8714229189616,5.161593204805386,True,0.7785278144307244,1.5570556288614488,37.30695369408218,0.7951205238959278,completed,,"Qi recalculated from inferred p=0.00224: tan_delta=0.36 (assumed EPR tan_delta=0.0004), Qi=1.24e+03"
chip_simple_dxm5p455_dy1p818__Lj12p0nH_Cj2p0fF__roL8p5mm__tee_fl160um_fc12_cg1p2um__rpg1p4um,-5.455,1.818,12.0,2.0,160,12,1.2,8.5,4.7432212798,6.12396808672,-1.3807468069199995,229.06961224877261,5.2382112838268275,5.878910838755778,0.8910173036295701,51.84585,76.90808277319073,4.983426870105478,True,0.957785391669058,1.915570783338116,36.500613215461776,0.9835951798221708,completed,,"Qi recalculated from inferred p=0.00222: tan_delta=0.36 (assumed EPR tan_delta=0.0004), Qi=1.25e+03"
chip_simple_dxm5p455_dy2p727__Lj12p0nH_Cj2p0fF__roL8p5mm__tee_fl160um_fc12_cg1p2um__rpg1p4um,-5.455,2.727,12.0,2.0,160,12,1.2,8.5,4.71638631695,6.04240059633,-1.3260142793799998,238.98986735764416,6.065049773584366,5.770011812343904,1.0511329908561504,52.00465,76.93648480231522,5.076362449795252,True,0.8299808338689866,1.6599616677379732,36.77929426849821,0.849143040842494,completed,,"Qi recalculated from inferred p=0.00222: tan_delta=0.36 (assumed EPR tan_delta=0.0004), Qi=1.25e+03"
chip_simple_dxm5p455_dy3p636__Lj12p0nH_Cj2p0fF__roL8p5mm__tee_fl160um_fc12_cg1p2um__rpg1p4um,-5.455,3.636,12.0,2.0,160,12,1.2,8.5,4.6806586803,5.94773988714,-1.2670812068400004,228.08431365872434,5.9290938129959105,5.632615521196046,1.0526359895654496,51.58021,76.87010189518146,5.322194640871184,True,0.8519825383155699,1.7039650766311398,37.07188286751072,0.8720232959929054,completed,,"Qi recalculated from inferred p=0.00221: tan_delta=0.36 (assumed EPR tan_delta=0.0004), Qi=1.25e+03"
chip_simple_dxm5p455_dy4p545__Lj12p0nH_Cj2p0fF__roL8p5mm__tee_fl160um_fc12_cg1p2um__rpg1p4um,-5.455,4.545,12.0,2.0,160,12,1.2,8.5,4.73477972348,6.05163166502,-1.3168519415400004,226.10829519663807,5.542912740110397,5.807693664303362,0.9544085932389264,51.85671,76.91224711378055,5.122886223442587,True,0.9064998645437503,1.8129997290875006,36.60781626470852,0.9295169991280102,completed,,"Qi recalculated from inferred p=0.00223: tan_delta=0.36 (assumed EPR tan_delta=0.0004), Qi=1.25e+03"
chip_simple_dxm5p455_dy5p455__Lj12p0nH_Cj2p0fF__roL8p5mm__tee_fl160um_fc12_cg1p2um__rpg1p4um,-5.455,5.455,12.0,2.0,160,12,1.2,8.5,4.69664345676,6.00251231895,-1.3058688621899996,243.11298591036658,6.402382590307235,5.78257654231619,1.1071851005266218,51.97287,76.92844348413308,5.219402715762929,True,0.7773715550485816,1.5547431100971632,36.87675096959686,0.7941116360250182,completed,,"Qi recalculated from inferred p=0.00225: tan_delta=0.36 (assumed EPR tan_delta=0.0004), Qi=1.24e+03"
chip_simple_dxm5p455_dy6p364__Lj12p0nH_Cj2p0fF__roL8p5mm__tee_fl160um_fc12_cg1p2um__rpg1p4um,-5.455,6.364,12.0,2.0,160,12,1.2,8.5,4.7062138106,6.06522709251,-1.3590132819099994,250.0218379600024,6.311736516672134,5.815405762039038,1.0853475707358156,51.95905,76.92623902785247,5.065914549104797,True,0.7912237586837018,1.5824475173674035,36.8275993293963,0.8085960672577737,completed,,"Qi recalculated from inferred p=0.00222: tan_delta=0.36 (assumed EPR tan_delta=0.0004), Qi=1.25e+03"
chip_simple_dxm5p455_dy7p273__Lj12p0nH_Cj2p0fF__roL8p5mm__tee_fl160um_fc12_cg1p2um__rpg1p4um,-5.455,7.273,12.0,2.0,160,12,1.2,8.5,4.7550557353,6.0689882308,-1.3139324954999996,227.79860249670247,5.697021401802063,5.765618099955324,0.9881024554585409,51.84596,76.90996769118819,5.029024018347603,True,0.8958144621020392,1.7916289242040784,36.47203961377245,0.9183711989983787,completed,,"Qi recalculated from inferred p=0.0022: tan_delta=0.36 (assumed EPR tan_delta=0.0004), Qi=1.26e+03"
chip_simple_dxm5p455_dy8p182__Lj12p0nH_Cj2p0fF__roL8p5mm__tee_fl160um_fc12_cg1p2um__rpg1p4um,-5.455,8.182,12.0,2.0,160,12,1.2,8.5,4.73624038147,6.10517374819,-1.3689333667200003,241.39158041245412,5.883827769510269,5.9183738212690695,0.9941629148813393,51.972,76.92826536353502,5.049915619330806,True,0.8448940418539453,1.6897880837078907,36.62549145862502,0.8648446853170895,completed,,"Qi recalculated from inferred p=0.00225: tan_delta=0.36 (assumed EPR tan_delta=0.0004), Qi=1.24e+03"
chip_simple_dxm5p455_dy9p091__Lj12p0nH_Cj2p0fF__roL8p5mm__tee_fl160um_fc12_cg1p2um__rpg1p4um,-5.455,9.091,12.0,2.0,160,12,1.2,8.5,4.7413283149,6.24294215951,-1.5016138446100005,252.3619899121704,5.4261676983356475,6.063293621149046,0.8949208198344422,51.84575,76.91007948800905,4.824976958992303,True,0.9063872253281438,1.8127744506562875,36.68042801188829,0.9293518606943195,completed,,"Qi recalculated from inferred p=0.00223: tan_delta=0.36 (assumed EPR tan_delta=0.0004), Qi=1.24e+03"
chip_simple_dxm5p455_dy10p000__Lj12p0nH_Cj2p0fF__roL8p5mm__tee_fl160um_fc12_cg1p2um__rpg1p4um,-5.455,10.0,12.0,2.0,160,12,1.2,8.5,4.75382768337,6.07114357609,-1.31731589272,229.3685246164135,5.742745215496063,5.84654579468076,0.982245828078669,51.84516,76.9102433845697,5.1073284261546466,True,0.8763191008813369,1.7526382017626738,36.44321789294925,0.8979103892041956,completed,,"Qi recalculated from inferred p=0.00224: tan_delta=0.36 (assumed EPR tan_delta=0.0004), Qi=1.24e+03"
chip_simple_dxm4p545_dym10p000__Lj12p0nH_Cj2p0fF__roL8p5mm__tee_fl160um_fc12_cg1p2um__rpg1p4um,-4.545,-10.0,12.0,2.0,160,12,1.2,8.5,4.76556599406,6.03553476768,-1.2699687736199996,227.34392053119066,6.061428066526413,5.756743616673724,1.0529265275893487,52.05055,76.92587298520287,5.07237862071068,True,0.8427427984042624,1.6854855968085247,36.41960900295758,0.8627056422415689,completed,,"Qi recalculated from inferred p=0.00221: tan_delta=0.36 (assumed EPR tan_delta=0.0004), Qi=1.26e+03"
chip_simple_dxm4p545_dym9p091__Lj12p0nH_Cj2p0fF__roL8p5mm__tee_fl160um_fc12_cg1p2um__rpg1p4um,-4.545,-9.091,12.0,2.0,160,12,1.2,8.5,4.69773021733,5.95687180339,-1.2591415860600002,228.95672713972277,6.086008621444702,5.6533002689778415,1.0765408401958272,51.59346,76.86039926480554,5.313029988301639,True,0.8322844364681438,1.6645688729362875,36.97048623146251,0.851452445632425,completed,,"Qi recalculated from inferred p=0.00222: tan_delta=0.36 (assumed EPR tan_delta=0.0004), Qi=1.25e+03"
chip_simple_dxm4p545_dym8p182__Lj12p0nH_Cj2p0fF__roL8p5mm__tee_fl160um_fc12_cg1p2um__rpg1p4um,-4.545,-8.182,12.0,2.0,160,12,1.2,8.5,4.70192752994,6.05323396604,-1.3513064360999998,246.8898807551624,6.2145116127338405,5.839847717118128,1.0641564495795794,51.87938,76.90025263863104,5.1465222090039004,True,0.7987685292653729,1.5975370585307458,36.92142237577434,0.8164314386976607,completed,,"Qi recalculated from inferred p=0.00224: tan_delta=0.36 (assumed EPR tan_delta=0.0004), Qi=1.24e+03"
chip_simple_dxm4p545_dym7p273__Lj12p0nH_Cj2p0fF__roL8p5mm__tee_fl160um_fc12_cg1p2um__rpg1p4um,-4.545,-7.273,12.0,2.0,160,12,1.2,8.5,4.7097511353,6.08178183472,-1.3720306994199998,242.45745720345244,5.842490033834457,5.865981699209207,0.9959952712812048,52.00691,76.91993177542805,5.057674857016789,True,0.8488237332389216,1.6976474664778431,36.85835851223494,0.868832370799269,completed,,"Qi recalculated from inferred p=0.00224: tan_delta=0.36 (assumed EPR tan_delta=0.0004), Qi=1.24e+03"
chip_simple_dxm4p545_dym6p364__Lj12p0nH_Cj2p0fF__roL8p5mm__tee_fl160um_fc12_cg1p2um__rpg1p4um,-4.545,-6.364,12.0,2.0,160,12,1.2,8.5,4.74104877837,6.16936058387,-1.4283118055,236.17472197704421,5.2217495907096865,5.96712878511157,0.8750857872781864,52.03654,76.92266169933933,4.896685868915911,True,0.9501536292521198,1.9003072585042395,36.547296034978515,0.9755149885683032,completed,,"Qi recalculated from inferred p=0.00223: tan_delta=0.36 (assumed EPR tan_delta=0.0004), Qi=1.25e+03"
chip_simple_dxm4p545_dym5p455__Lj12p0nH_Cj2p0fF__roL8p5mm__tee_fl160um_fc12_cg1p2um__rpg1p4um,-4.545,-5.455,12.0,2.0,160,12,1.2,8.5,4.74780934755,6.01171066353,-1.26390131598,208.80493121323295,5.136955881889343,5.762839564068083,0.8913931794872112,52.04181,76.92383562599022,5.153431931462219,True,0.9846409720477183,1.9692819440954366,36.579372471043776,1.0118786502940738,completed,,"Qi recalculated from inferred p=0.00223: tan_delta=0.36 (assumed EPR tan_delta=0.0004), Qi=1.25e+03"
chip_simple_dxm4p545_dym4p545__Lj12p0nH_Cj2p0fF__roL8p5mm__tee_fl160um_fc12_cg1p2um__rpg1p4um,-4.545,-4.545,12.0,2.0,160,12,1.2,8.5,4.70789377737,6.12082590646,-1.4129321290900005,235.00595587143232,5.205027347890853,5.917412643190793,0.8796120300787733,51.59424,76.8605388870022,5.09086821841379,True,0.947263498597571,1.894526997195142,36.874467976309475,0.9722392279597587,completed,,"Qi recalculated from inferred p=0.00224: tan_delta=0.36 (assumed EPR tan_delta=0.0004), Qi=1.24e+03"
chip_simple_dxm4p545_dym3p636__Lj12p0nH_Cj2p0fF__roL8p5mm__tee_fl160um_fc12_cg1p2um__rpg1p4um,-4.545,-3.636,12.0,2.0,160,12,1.2,8.5,4.67304431925,6.03199474143,-1.3589504221800004,247.8916504390452,6.125895672599793,5.7564375248377075,1.0641817349998082,52.04188,76.92366265264522,5.084779533242374,True,0.8126834294506928,1.6253668589013857,37.06454842689761,0.8309019226661523,completed,,"Qi recalculated from inferred p=0.00222: tan_delta=0.36 (assumed EPR tan_delta=0.0004), Qi=1.25e+03"
chip_simple_dxm4p545_dym2p727__Lj12p0nH_Cj2p0fF__roL8p5mm__tee_fl160um_fc12_cg1p2um__rpg1p4um,-4.545,-2.727,12.0,2.0,160,12,1.2,8.5,4.75133436782,6.26297506595,-1.51164069813,248.15573910645995,5.207407996995926,6.105858265342065,0.8528543851982444,52.03956,76.92780770458265,4.766566535001925,True,0.9422807774999867,1.8845615549999735,36.55521196701008,0.9672125377901228,completed,,"Qi recalculated from inferred p=0.00224: tan_delta=0.36 (assumed EPR tan_delta=0.0004), Qi=1.24e+03"
chip_simple_dxm4p545_dym1p818__Lj12p0nH_Cj2p0fF__roL8p5mm__tee_fl160um_fc12_cg1p2um__rpg1p4um,-4.545,-1.818,12.0,2.0,160,12,1.2,8.5,4.74292533778,5.97835964817,-1.2354343103899996,222.98783488414,6.083748388401031,5.742140076411933,1.0594914626677931,51.91207,76.90752440328009,5.265717984818957,True,0.8314959130812192,1.6629918261624383,36.6621078042846,0.8507918563257862,completed,,"Qi recalculated from inferred p=0.00224: tan_delta=0.36 (assumed EPR tan_delta=0.0004), Qi=1.24e+03"
chip_simple_dxm4p545_dym0p909__Lj12p0nH_Cj2p0fF__roL8p5mm__tee_fl160um_fc12_cg1p2um__rpg1p4um,-4.545,-0.909,12.0,2.0,160,12,1.2,8.5,4.69458502276,6.15728792637,-1.4627029036100003,249.05568225684866,5.449536513744354,5.9172966426861064,0.920950366833491,52.04119,76.93504980691431,4.880853828256841,True,0.9050383937815892,1.8100767875631785,37.02045119913416,0.9277183088259873,completed,,"Qi recalculated from inferred p=0.00222: tan_delta=0.36 (assumed EPR tan_delta=0.0004), Qi=1.25e+03"
chip_simple_dxm4p545_dy0p000__Lj12p0nH_Cj2p0fF__roL8p5mm__tee_fl160um_fc12_cg1p2um__rpg1p4um,-4.545,0.0,12.0,2.0,160,12,1.2,8.5,4.71230064412,6.08710688098,-1.3748062368600005,240.0625294385203,5.7195420952739715,5.795795047141197,0.9868434009058278,51.59454,76.86546648702276,5.065304598670364,True,0.8791875986081752,1.7583751972163504,36.94556194029761,0.9006194959822599,completed,,"Qi recalculated from inferred p=0.00221: tan_delta=0.36 (assumed EPR tan_delta=0.0004), Qi=1.26e+03"
chip_simple_dxm4p545_dy0p909__Lj12p0nH_Cj2p0fF__roL8p5mm__tee_fl160um_fc12_cg1p2um__rpg1p4um,-4.545,0.909,12.0,2.0,160,12,1.2,8.5,4.66753639778,5.99187167802,-1.3243352802399997,249.924203814837,6.510056455795287,5.720749090470385,1.1379727292427018,51.5947,76.85936819587891,5.276753503042251,True,0.765161818798675,1.53032363759735,37.334643956821786,0.7811716875394343,completed,,"Qi recalculated from inferred p=0.00223: tan_delta=0.36 (assumed EPR tan_delta=0.0004), Qi=1.25e+03"
chip_simple_dxm4p545_dy1p818__Lj12p0nH_Cj2p0fF__roL8p5mm__tee_fl160um_fc12_cg1p2um__rpg1p4um,-4.545,1.818,12.0,2.0,160,12,1.2,8.5,4.7912337707,6.04949503992,-1.2582612692200001,215.88253274521693,5.623098915470123,5.82735004160752,0.9649495697565728,51.8853,76.90006274418651,5.143345427785505,True,0.9046494685322044,1.8092989370644088,36.25122869538331,0.9278027885653325,completed,,"Qi recalculated from inferred p=0.00224: tan_delta=0.36 (assumed EPR tan_delta=0.0004), Qi=1.24e+03"
chip_simple_dxm4p545_dy2p727__Lj12p0nH_Cj2p0fF__roL8p5mm__tee_fl160um_fc12_cg1p2um__rpg1p4um,-4.545,2.727,12.0,2.0,160,12,1.2,8.5,4.72053982598,6.13986277241,-1.4193229464299995,256.0182577176675,6.137880284189224,5.892363472706823,1.0416669495389457,51.59449,76.85959687849957,5.008786250562584,True,0.8117749208488653,1.6235498416977305,36.69454058408261,0.8301396848222952,completed,,"Qi recalculated from inferred p=0.00222: tan_delta=0.36 (assumed EPR tan_delta=0.0004), Qi=1.25e+03"
chip_simple_dxm4p545_dy3p636__Lj12p0nH_Cj2p0fF__roL8p5mm__tee_fl160um_fc12_cg1p2um__rpg1p4um,-4.545,3.636,12.0,2.0,160,12,1.2,8.5,4.75468111361,6.06015537266,-1.3054742590499995,217.60858222654554,5.269286218986511,5.73890366119554,0.9181694849864065,51.88517,76.90108371912488,5.018261271094714,True,0.9715687373181574,1.9431374746363148,36.54486524389043,0.9981039731279623,completed,,"Qi recalculated from inferred p=0.00219: tan_delta=0.36 (assumed EPR tan_delta=0.0004), Qi=1.27e+03"
chip_simple_dxm4p545_dy4p545__Lj12p0nH_Cj2p0fF__roL8p5mm__tee_fl160um_fc12_cg1p2um__rpg1p4um,-4.545,4.545,12.0,2.0,160,12,1.2,8.5,4.71642795927,6.13578113095,-1.41935317168,251.74673425045364,5.930907612184524,5.924740428666518,1.0010409204575725,51.56828,76.85374196061939,5.060023737001804,True,0.8344761454132051,1.6689522908264103,36.69547560639143,0.8538941886281303,completed,,"Qi recalculated from inferred p=0.00224: tan_delta=0.36 (assumed EPR tan_delta=0.0004), Qi=1.24e+03"
chip_simple_dxm4p545_dy5p455__Lj12p0nH_Cj2p0fF__roL8p5mm__tee_fl160um_fc12_cg1p2um__rpg1p4um,-4.545,5.455,12.0,2.0,160,12,1.2,8.5,4.71582269895,6.12400360673,-1.4081809077799994,242.67790535088983,5.595842418161392,5.858169998149668,0.9552202172229326,51.87891,76.90009767595255,4.954617092350523,True,0.8925554411549776,1.7851108823099553,36.74530974824838,0.9147756368116817,completed,,"Qi recalculated from inferred p=0.00221: tan_delta=0.36 (assumed EPR tan_delta=0.0004), Qi=1.26e+03"
chip_simple_dxm4p545_dy6p364__Lj12p0nH_Cj2p0fF__roL8p5mm__tee_fl160um_fc12_cg1p2um__rpg1p4um,-4.545,6.364,12.0,2.0,160,12,1.2,8.5,4.70948631508,6.14137986712,-1.43189355204,251.89687397293608,5.8266296945228575,5.901594385955966,0.9872975527407472,51.9128,76.90761690279513,4.940218706635039,True,0.8512843158500825,1.702568631700165,36.8443750286761,0.8714183185728357,completed,,"Qi recalculated from inferred p=0.00222: tan_delta=0.36 (assumed EPR tan_delta=0.0004), Qi=1.25e+03"
chip_simple_dxm4p545_dy7p273__Lj12p0nH_Cj2p0fF__roL8p5mm__tee_fl160um_fc12_cg1p2um__rpg1p4um,-4.545,7.273,12.0,2.0,160,12,1.2,8.5,4.72503834706,6.09396858071,-1.3689302336500004,230.88388505499736,5.364709826208115,5.8866465937490124,0.9113354676166326,51.87978,76.90127301359182,5.072268241366614,True,0.9264251745168234,1.8528503490336468,36.656053210399996,0.950446236340265,completed,,"Qi recalculated from inferred p=0.00224: tan_delta=0.36 (assumed EPR tan_delta=0.0004), Qi=1.24e+03"
chip_simple_dxm4p545_dy8p182__Lj12p0nH_Cj2p0fF__roL8p5mm__tee_fl160um_fc12_cg1p2um__rpg1p4um,-4.545,8.182,12.0,2.0,160,12,1.2,8.5,4.67322344557,5.98395316967,-1.3107297241000007,240.9406241300008,6.190873927841186,5.72043645068073,1.0822380392154298,52.0508,76.92730943817143,5.1914113324268385,True,0.8055440740635791,1.6110881481271582,37.199283398066115,0.823374098329071,completed,,"Qi recalculated from inferred p=0.00223: tan_delta=0.36 (assumed EPR tan_delta=0.0004), Qi=1.25e+03"
chip_simple_dxm4p545_dy9p091__Lj12p0nH_Cj2p0fF__roL8p5mm__tee_fl160um_fc12_cg1p2um__rpg1p4um,-4.545,9.091,12.0,2.0,160,12,1.2,8.5,4.73257191675,5.96883434545,-1.2362624287,219.15587205568883,5.846838404302597,5.667058133519072,1.0317237385867237,52.04255,76.9235660239751,5.1823248582108565,True,0.8723823598494913,1.7447647196989826,36.621827738224304,0.893670829466895,completed,,"Qi recalculated from inferred p=0.00221: tan_delta=0.36 (assumed EPR tan_delta=0.0004), Qi=1.26e+03"
chip_simple_dxm4p545_dy10p000__Lj12p0nH_Cj2p0fF__roL8p5mm__tee_fl160um_fc12_cg1p2um__rpg1p4um,-4.545,10.0,12.0,2.0,160,12,1.2,8.5,4.70035054504,5.95896819038,-1.2586176453400002,227.0458030761218,5.994867300113678,5.61260875016549,1.0681071079356665,51.88533,76.9021067404999,5.190735789978332,True,0.8513447921275628,1.7026895842551255,36.996470859293105,0.8713969550038495,completed,,"Qi recalculated from inferred p=0.00219: tan_delta=0.36 (assumed EPR tan_delta=0.0004), Qi=1.27e+03"
chip_simple_dxm3p636_dym10p000__Lj12p0nH_Cj2p0fF__roL8p5mm__tee_fl160um_fc12_cg1p2um__rpg1p4um,-3.636,-10.0,12.0,2.0,160,12,1.2,8.5,4.72557516817,6.0961813609,-1.3706061927300004,237.36475682712327,5.652686272777557,5.807200983518184,0.9733925670595583,51.35922,76.84961684423024,5.105711086054741,True,0.8915827865159232,1.7831655730318463,36.687900197040754,0.9137895363358859,completed,,"Qi recalculated from inferred p=0.00221: tan_delta=0.36 (assumed EPR tan_delta=0.0004), Qi=1.26e+03"
chip_simple_dxm3p636_dym9p091__Lj12p0nH_Cj2p0fF__roL8p5mm__tee_fl160um_fc12_cg1p2um__rpg1p4um,-3.636,-9.091,12.0,2.0,160,12,1.2,8.5,4.6860923718,6.15572974559,-1.4696373737900004,246.28336462848563,5.265247003330231,5.9314274214769345,0.8876863239134395,51.68463,76.89621802168558,4.981052732590487,True,0.9314113759605523,1.8628227519211047,37.00984431094669,0.9554569644380793,completed,,"Qi recalculated from inferred p=0.00223: tan_delta=0.36 (assumed EPR tan_delta=0.0004), Qi=1.25e+03"
chip_simple_dxm3p636_dym8p182__Lj12p0nH_Cj2p0fF__roL8p5mm__tee_fl160um_fc12_cg1p2um__rpg1p4um,-3.636,-8.182,12.0,2.0,160,12,1.2,8.5,4.67477993862,6.16530840037,-1.4905284617499994,272.6481468594707,6.238829511974334,5.96410442198707,1.0460630918825753,51.82325,76.91586049475748,4.95403521476284,True,0.7807025709109842,1.5614051418219683,36.988038187201795,0.7975360797525678,completed,,"Qi recalculated from inferred p=0.00224: tan_delta=0.36 (assumed EPR tan_delta=0.0004), Qi=1.24e+03"
chip_simple_dxm3p636_dym7p273__Lj12p0nH_Cj2p0fF__roL8p5mm__tee_fl160um_fc12_cg1p2um__rpg1p4um,-3.636,-7.273,12.0,2.0,160,12,1.2,8.5,4.70656141043,6.12250313634,-1.4159417259099998,255.126111021594,6.093136621461868,5.854507694338232,1.0407598622433119,51.6852,76.89614255785519,4.999993755062976,True,0.8187200208433522,1.6374400416867043,36.78484279834817,0.8373570720672606,completed,,"Qi recalculated from inferred p=0.00221: tan_delta=0.36 (assumed EPR tan_delta=0.0004), Qi=1.25e+03"
chip_simple_dxm3p636_dym6p364__Lj12p0nH_Cj2p0fF__roL8p5mm__tee_fl160um_fc12_cg1p2um__rpg1p4um,-3.636,-6.364,12.0,2.0,160,12,1.2,8.5,4.69919145175,6.17226446551,-1.4730730137599997,252.9426854633619,5.555493060129165,5.946935337018482,0.9341774788683731,51.46242,76.86702225004043,5.0001083970263345,True,0.8858619954077255,1.771723990815451,36.859285810078994,0.9076767517386951,completed,,"Qi recalculated from inferred p=0.00223: tan_delta=0.36 (assumed EPR tan_delta=0.0004), Qi=1.25e+03"
chip_simple_dxm3p636_dym5p455__Lj12p0nH_Cj2p0fF__roL8p5mm__tee_fl160um_fc12_cg1p2um__rpg1p4um,-3.636,-5.455,12.0,2.0,160,12,1.2,8.5,4.75384647125,6.17600229225,-1.4221558209999996,235.36565084982217,5.254790726247787,5.967505983663928,0.8805673158322419,51.69056,76.89703470270567,4.957004271819288,True,0.9484716469235128,1.8969432938470256,36.5740926268108,0.9737230935025262,completed,,"Qi recalculated from inferred p=0.00223: tan_delta=0.36 (assumed EPR tan_delta=0.0004), Qi=1.24e+03"
chip_simple_dxm3p636_dym4p545__Lj12p0nH_Cj2p0fF__roL8p5mm__tee_fl160um_fc12_cg1p2um__rpg1p4um,-3.636,-4.545,12.0,2.0,160,12,1.2,8.5,4.74235488793,6.04534109441,-1.30298620648,227.12948150579254,5.723736058847427,5.7373862078713325,0.9976208418730504,51.34918,76.84652067546388,5.188202233016835,True,0.8907582019348653,1.7815164038697306,36.67319734750799,0.9129324917055054,completed,,"Qi recalculated from inferred p=0.00221: tan_delta=0.36 (assumed EPR tan_delta=0.0004), Qi=1.26e+03"
chip_simple_dxm3p636_dym3p636__Lj12p0nH_Cj2p0fF__roL8p5mm__tee_fl160um_fc12_cg1p2um__rpg1p4um,-3.636,-3.636,12.0,2.0,160,12,1.2,8.5,4.68717781389,5.97834346452,-1.29116565063,246.63062343353235,6.698308181764602,5.688222825454348,1.1775748572630107,51.68417,76.89468892362862,5.261794195384466,True,0.7512766578290457,1.5025533156580915,36.98129333007915,0.7668553593710489,completed,,"Qi recalculated from inferred p=0.00222: tan_delta=0.36 (assumed EPR tan_delta=0.0004), Qi=1.25e+03"
chip_simple_dxm3p636_dym2p727__Lj12p0nH_Cj2p0fF__roL8p5mm__tee_fl160um_fc12_cg1p2um__rpg1p4um,-3.636,-2.727,12.0,2.0,160,12,1.2,8.5,4.67568933524,6.05467155576,-1.3789822205199993,255.19867414634712,6.318260186975479,5.7406067779067245,1.1006258452141173,51.82948,76.91553827066032,5.049398536706368,True,0.7922421303318681,1.5844842606637362,37.13752296699338,0.8095111561482724,completed,,"Qi recalculated from inferred p=0.0022: tan_delta=0.36 (assumed EPR tan_delta=0.0004), Qi=1.26e+03"
chip_simple_dxm3p636_dym1p818__Lj12p0nH_Cj2p0fF__roL8p5mm__tee_fl160um_fc12_cg1p2um__rpg1p4um,-3.636,-1.818,12.0,2.0,160,12,1.2,8.5,4.81299464426,6.12418049997,-1.3111858557099998,221.65742186464317,5.540620308588028,5.908503587535207,0.9377366411821635,51.69073,76.89699302952644,5.049062809152349,True,0.918496898490674,1.836993796981348,35.98549830368793,0.9425547454331261,completed,,"Qi recalculated from inferred p=0.00224: tan_delta=0.36 (assumed EPR tan_delta=0.0004), Qi=1.24e+03"
chip_simple_dxm3p636_dym0p909__Lj12p0nH_Cj2p0fF__roL8p5mm__tee_fl160um_fc12_cg1p2um__rpg1p4um,-3.636,-0.909,12.0,2.0,160,12,1.2,8.5,4.65506711635,6.11685204232,-1.46178492597,260.04582883155393,5.844073087778091,5.873141705336975,0.9950505846755803,51.87649,76.92743456801455,4.991357761328334,True,0.8370430309299495,1.674086061859899,37.25480563513919,0.8562820227165403,completed,,"Qi recalculated from inferred p=0.00222: tan_delta=0.36 (assumed EPR tan_delta=0.0004), Qi=1.25e+03"
chip_simple_dxm3p636_dy0p000__Lj12p0nH_Cj2p0fF__roL8p5mm__tee_fl160um_fc12_cg1p2um__rpg1p4um,-3.636,0.0,12.0,2.0,160,12,1.2,8.5,4.70838073554,5.99696765617,-1.2885869206300002,229.85254512138803,5.903114487281799,5.729679412558419,1.030269594899715,51.36887,76.8517461403456,5.325794030559888,True,0.8527854579787998,1.7055709159575996,36.81339414688834,0.8730087818838925,completed,,"Qi recalculated from inferred p=0.00223: tan_delta=0.36 (assumed EPR tan_delta=0.0004), Qi=1.24e+03"
chip_simple_dxm3p636_dy0p909__Lj12p0nH_Cj2p0fF__roL8p5mm__tee_fl160um_fc12_cg1p2um__rpg1p4um,-3.636,0.909,12.0,2.0,160,12,1.2,8.5,4.67370270888,6.01212956717,-1.33842685829,241.2318799818838,5.972365206701278,5.710985206034561,1.0457679351700173,51.35978,76.85156509324742,5.259787629939041,True,0.8385369196381413,1.6770738392762825,37.18069283581468,0.8578848132308612,completed,,"Qi recalculated from inferred p=0.00222: tan_delta=0.36 (assumed EPR tan_delta=0.0004), Qi=1.25e+03"
chip_simple_dxm3p636_dy1p818__Lj12p0nH_Cj2p0fF__roL8p5mm__tee_fl160um_fc12_cg1p2um__rpg1p4um,-3.636,1.818,12.0,2.0,160,12,1.2,8.5,4.65948056766,6.03083989622,-1.3713593285599996,251.68091139193461,6.176426648702622,5.7596498096783675,1.0723614894648479,51.68528,76.89406820292238,5.176021552883987,True,0.8027105137028594,1.6054210274057188,37.22651201133559,0.8204007091881106,completed,,"Qi recalculated from inferred p=0.00222: tan_delta=0.36 (assumed EPR tan_delta=0.0004), Qi=1.25e+03"
chip_simple_dxm3p636_dy2p727__Lj12p0nH_Cj2p0fF__roL8p5mm__tee_fl160um_fc12_cg1p2um__rpg1p4um,-3.636,2.727,12.0,2.0,160,12,1.2,8.5,4.7829960489,6.07393117645,-1.29093512755,222.99570142124222,5.700624039077758,5.7964108991521455,0.9834747981568389,51.69084,76.8970895126985,5.082782018463372,True,0.897410417345352,1.794820834690704,36.253501228280285,0.92018854237808,completed,,"Qi recalculated from inferred p=0.00222: tan_delta=0.36 (assumed EPR tan_delta=0.0004), Qi=1.25e+03"
chip_simple_dxm3p636_dy3p636__Lj12p0nH_Cj2p0fF__roL8p5mm__tee_fl160um_fc12_cg1p2um__rpg1p4um,-3.636,3.636,12.0,2.0,160,12,1.2,8.5,4.72242714711,6.18673541231,-1.4643082651999997,245.26485810969444,5.336548379825592,5.972626156449373,0.89350115678395,51.33008,76.84237978429087,5.014737649544673,True,0.9259175308360571,1.8518350616721142,36.7676873010565,0.9498371999652823,completed,,"Qi recalculated from inferred p=0.00224: tan_delta=0.36 (assumed EPR tan_delta=0.0004), Qi=1.24e+03"
chip_simple_dxm3p636_dy4p545__Lj12p0nH_Cj2p0fF__roL8p5mm__tee_fl160um_fc12_cg1p2um__rpg1p4um,-3.636,4.545,12.0,2.0,160,12,1.2,8.5,4.71363061095,6.14572418614,-1.4320935751899997,248.2621666113731,5.668436658781052,5.949051840746841,0.9528302678346537,51.69125,76.89695556095612,5.026627596927992,True,0.869154707440367,1.738309414880734,36.741882813114174,0.8902133206364532,completed,,"Qi recalculated from inferred p=0.00224: tan_delta=0.36 (assumed EPR tan_delta=0.0004), Qi=1.24e+03"
chip_simple_dxm3p636_dy5p455__Lj12p0nH_Cj2p0fF__roL8p5mm__tee_fl160um_fc12_cg1p2um__rpg1p4um,-3.636,5.455,12.0,2.0,160,12,1.2,8.5,4.73355235582,6.19906730127,-1.4655149454500007,245.4102411439443,5.355365528022766,6.010259557626816,0.8910373132266789,51.82256,76.91462462509507,4.902776177925478,True,0.9205772921979348,1.8411545843958697,36.60483941970893,0.9443262083975253,completed,,"Qi recalculated from inferred p=0.00224: tan_delta=0.36 (assumed EPR tan_delta=0.0004), Qi=1.24e+03"
chip_simple_dxm3p636_dy6p364__Lj12p0nH_Cj2p0fF__roL8p5mm__tee_fl160um_fc12_cg1p2um__rpg1p4um,-3.636,6.364,12.0,2.0,160,12,1.2,8.5,4.70408698534,6.20223073647,-1.4981437511299998,259.3716296761648,5.6664541966953275,5.989725032044327,0.946029102568225,51.83749,76.91981167491569,4.8702293345498315,True,0.8656382632836902,1.7312765265673804,36.79665817253052,0.8864929343938738,completed,,"Qi recalculated from inferred p=0.00223: tan_delta=0.36 (assumed EPR tan_delta=0.0004), Qi=1.25e+03"
chip_simple_dxm3p636_dy7p273__Lj12p0nH_Cj2p0fF__roL8p5mm__tee_fl160um_fc12_cg1p2um__rpg1p4um,-3.636,7.273,12.0,2.0,160,12,1.2,8.5,4.76722458533,6.10494676733,-1.3377221820000003,223.6664187713043,5.339898099292755,5.941831126782195,0.8986957026132418,51.83714,76.919695581584,5.106220234484148,True,0.9335513717942184,1.8671027435884369,36.37386346953999,0.958142525545212,completed,,"Qi recalculated from inferred p=0.00226: tan_delta=0.36 (assumed EPR tan_delta=0.0004), Qi=1.23e+03"
chip_simple_dxm3p636_dy8p182__Lj12p0nH_Cj2p0fF__roL8p5mm__tee_fl160um_fc12_cg1p2um__rpg1p4um,-3.636,8.182,12.0,2.0,160,12,1.2,8.5,4.73729832468,6.03809876203,-1.3008004373499995,224.8091277096963,5.615429738752365,5.742262433762976,0.9779124175403638,51.69119,76.89706475146706,5.133794301521762,True,0.9050280119476032,1.8100560238952064,36.61828714823439,0.9279627908565827,completed,,"Qi recalculated from inferred p=0.00221: tan_delta=0.36 (assumed EPR tan_delta=0.0004), Qi=1.26e+03"
chip_simple_dxm3p636_dy9p091__Lj12p0nH_Cj2p0fF__roL8p5mm__tee_fl160um_fc12_cg1p2um__rpg1p4um,-3.636,9.091,12.0,2.0,160,12,1.2,8.5,4.62084919539,5.95705478637,-1.3362055909799997,250.74156710024863,6.328790958219528,5.650228638303578,1.1200946657832385,51.69136,76.89704626721996,5.285143392529206,True,0.7831893252074034,1.5663786504148067,37.439660438683795,0.7999226740674175,completed,,"Qi recalculated from inferred p=0.00222: tan_delta=0.36 (assumed EPR tan_delta=0.0004), Qi=1.25e+03"
chip_simple_dxm3p636_dy10p000__Lj12p0nH_Cj2p0fF__roL8p5mm__tee_fl160um_fc12_cg1p2um__rpg1p4um,-3.636,10.0,12.0,2.0,160,12,1.2,8.5,4.73815107358,6.05231853835,-1.3141674647699997,235.33044959964005,6.033662920442581,5.811514966384675,1.0382254808501514,51.85885,76.92262398385103,5.1243236503554,True,0.8345681151192353,1.6691362302384707,36.61248584234125,0.8540355403641576,completed,,"Qi recalculated from inferred p=0.00223: tan_delta=0.36 (assumed EPR tan_delta=0.0004), Qi=1.24e+03"
chip_simple_dxm2p727_dym10p000__Lj12p0nH_Cj2p0fF__roL8p5mm__tee_fl160um_fc12_cg1p2um__rpg1p4um,-2.727,-10.0,12.0,2.0,160,12,1.2,8.5,4.75122729983,6.105353526,-1.35412622617,232.89882366879073,5.623504064191818,5.88978910347455,0.954788697081591,51.57491,76.82613821580142,5.113222536425595,True,0.8911674531845047,1.7823349063690095,36.46762199710938,0.9134906284361255,completed,,"Qi recalculated from inferred p=0.00224: tan_delta=0.36 (assumed EPR tan_delta=0.0004), Qi=1.24e+03"
chip_simple_dxm2p727_dym9p091__Lj12p0nH_Cj2p0fF__roL8p5mm__tee_fl160um_fc12_cg1p2um__rpg1p4um,-2.727,-9.091,12.0,2.0,160,12,1.2,8.5,4.72015103762,6.02686116111,-1.3067101234900003,227.05641480493912,5.63770322990036,5.701718662415321,0.9887726076460175,51.8442,76.8633331960506,5.088520005126937,True,0.9018857137304698,1.8037714274609395,36.875651980454684,0.9244965750620373,completed,,"Qi recalculated from inferred p=0.0022: tan_delta=0.36 (assumed EPR tan_delta=0.0004), Qi=1.26e+03"
chip_simple_dxm2p727_dym8p182__Lj12p0nH_Cj2p0fF__roL8p5mm__tee_fl160um_fc12_cg1p2um__rpg1p4um,-2.727,-8.182,12.0,2.0,160,12,1.2,8.5,4.75792911556,6.08928538059,-1.3313562650300002,224.8860487804459,5.430974245897293,5.836762695096986,0.9304771376878891,51.57711,76.82378850656353,5.105748517987244,True,0.9312787502153036,1.8625575004306072,36.47647465132539,0.9556781124530426,completed,,"Qi recalculated from inferred p=0.00223: tan_delta=0.36 (assumed EPR tan_delta=0.0004), Qi=1.25e+03"
chip_simple_dxm2p727_dym7p273__Lj12p0nH_Cj2p0fF__roL8p5mm__tee_fl160um_fc12_cg1p2um__rpg1p4um,-2.727,-7.273,12.0,2.0,160,12,1.2,8.5,4.7222040576,6.12237034652,-1.4001662889200004,249.35441219694513,5.983692367204666,5.891422873734137,1.0156616653477544,51.54658,76.81879264889997,5.07073900853535,True,0.8324663982222328,1.6649327964444656,36.722617679579656,0.8517753250288207,completed,,"Qi recalculated from inferred p=0.00223: tan_delta=0.36 (assumed EPR tan_delta=0.0004), Qi=1.24e+03"
chip_simple_dxm2p727_dym6p364__Lj12p0nH_Cj2p0fF__roL8p5mm__tee_fl160um_fc12_cg1p2um__rpg1p4um,-2.727,-6.364,12.0,2.0,160,12,1.2,8.5,4.60341040304,5.94990007975,-1.34648967671,257.4646182502716,6.526389731407165,5.655704714947341,1.1539481037895611,51.98002,76.88487193046187,5.244025864657369,True,0.7542235471431107,1.5084470942862214,37.58253333749143,0.7696696309385234,completed,,"Qi recalculated from inferred p=0.00222: tan_delta=0.36 (assumed EPR tan_delta=0.0004), Qi=1.25e+03"
chip_simple_dxm2p727_dym5p455__Lj12p0nH_Cj2p0fF__roL8p5mm__tee_fl160um_fc12_cg1p2um__rpg1p4um,-2.727,-5.455,12.0,2.0,160,12,1.2,8.5,4.76150653148,6.0438906881,-1.28238415662,220.81109276355622,5.615447397510528,5.795859860949257,0.9688721832882309,51.97261,76.88181173705631,5.106591760449189,True,0.9032071305232802,1.8064142610465603,36.409408652367084,0.9261829230795809,completed,,"Qi recalculated from inferred p=0.00223: tan_delta=0.36 (assumed EPR tan_delta=0.0004), Qi=1.25e+03"
chip_simple_dxm2p727_dym4p545__Lj12p0nH_Cj2p0fF__roL8p5mm__tee_fl160um_fc12_cg1p2um__rpg1p4um,-2.727,-4.545,12.0,2.0,160,12,1.2,8.5,4.74980651086,6.09022137188,-1.3404148610200002,228.6746087658278,5.5267328888435365,5.875417349924537,0.940653669294577,51.97346,76.88151700808524,5.050010009172724,True,0.9076338559296241,1.8152677118592482,36.574976484910216,0.9307305924877415,completed,,"Qi recalculated from inferred p=0.00224: tan_delta=0.36 (assumed EPR tan_delta=0.0004), Qi=1.24e+03"
chip_simple_dxm2p727_dym3p636__Lj12p0nH_Cj2p0fF__roL8p5mm__tee_fl160um_fc12_cg1p2um__rpg1p4um,-2.727,-3.636,12.0,2.0,160,12,1.2,8.5,4.76214497172,6.03479088527,-1.27264591355,218.72801502644052,5.587802219089507,5.793013457094686,0.9645760812528655,51.95863,76.87952525206192,5.134544845403175,True,0.9069611357642755,1.813922271528551,36.48195974904082,0.930083511979347,completed,,"Qi recalculated from inferred p=0.00223: tan_delta=0.36 (assumed EPR tan_delta=0.0004), Qi=1.24e+03"
chip_simple_dxm2p727_dym2p727__Lj12p0nH_Cj2p0fF__roL8p5mm__tee_fl160um_fc12_cg1p2um__rpg1p4um,-2.727,-2.727,12.0,2.0,160,12,1.2,8.5,4.68417945384,6.06068988492,-1.3765104310800007,260.988449570289,6.650180241933822,5.82060353182285,1.1425241739237944,51.94296,76.87854025371644,5.0887523524043825,True,0.7452814448128438,1.4905628896256875,36.95423224711192,0.7606214206938088,completed,,"Qi recalculated from inferred p=0.00223: tan_delta=0.36 (assumed EPR tan_delta=0.0004), Qi=1.25e+03"
chip_simple_dxm2p727_dym1p818__Lj12p0nH_Cj2p0fF__roL8p5mm__tee_fl160um_fc12_cg1p2um__rpg1p4um,-2.727,-1.818,12.0,2.0,160,12,1.2,8.5,4.69622700406,6.06412595142,-1.3678989473600005,243.3652986695323,5.891033779554367,5.803625345471297,1.0150610056438734,51.97225,76.8815722152262,5.053848667713569,True,0.8465245603226395,1.693049120645279,36.92645238904169,0.8663861253077841,completed,,"Qi recalculated from inferred p=0.00222: tan_delta=0.36 (assumed EPR tan_delta=0.0004), Qi=1.25e+03"
chip_simple_dxm2p727_dym0p909__Lj12p0nH_Cj2p0fF__roL8p5mm__tee_fl160um_fc12_cg1p2um__rpg1p4um,-2.727,-0.909,12.0,2.0,160,12,1.2,8.5,4.67072704929,6.033110391,-1.3623833417100002,254.17679291960144,6.3982936910362245,5.72023740726515,1.118536388526443,51.97076,76.8872150183976,5.059711815472947,True,0.7824787227881217,1.5649574455762434,37.08934126586047,0.7993425581275088,completed,,"Qi recalculated from inferred p=0.0022: tan_delta=0.36 (assumed EPR tan_delta=0.0004), Qi=1.26e+03"
chip_simple_dxm2p727_dy0p000__Lj12p0nH_Cj2p0fF__roL8p5mm__tee_fl160um_fc12_cg1p2um__rpg1p4um,-2.727,0.0,12.0,2.0,160,12,1.2,8.5,4.70946736854,6.17220265584,-1.4627352872999992,255.1766850154424,5.747707520002365,5.971067509373771,0.9625929552762951,51.85741,76.86915756308998,4.933209369591784,True,0.8554556354640345,1.710911270928069,36.78107797713209,0.8758256192401652,completed,,"Qi recalculated from inferred p=0.00223: tan_delta=0.36 (assumed EPR tan_delta=0.0004), Qi=1.24e+03"
chip_simple_dxm2p727_dy0p909__Lj12p0nH_Cj2p0fF__roL8p5mm__tee_fl160um_fc12_cg1p2um__rpg1p4um,-2.727,0.909,12.0,2.0,160,12,1.2,8.5,4.73845369417,6.16039546172,-1.42194176755,239.61700990328194,5.41090745403862,5.951034616643697,0.9092381077578572,51.97258,76.88173075009934,4.921040276830222,True,0.9181489538841555,1.836297907768311,36.57010496375376,0.9417941502735262,completed,,"Qi recalculated from inferred p=0.00223: tan_delta=0.36 (assumed EPR tan_delta=0.0004), Qi=1.25e+03"
chip_simple_dxm2p727_dy1p818__Lj12p0nH_Cj2p0fF__roL8p5mm__tee_fl160um_fc12_cg1p2um__rpg1p4um,-2.727,1.818,12.0,2.0,160,12,1.2,8.5,4.74603018436,6.11585771515,-1.3698275307899994,233.78375966019303,5.539317374271392,5.921034401913258,0.9355320368484057,52.00247,76.88579185660166,5.013916437825708,True,0.9001662436210386,1.8003324872420772,36.64002957984809,0.9228383858878352,completed,,"Qi recalculated from inferred p=0.00224: tan_delta=0.36 (assumed EPR tan_delta=0.0004), Qi=1.24e+03"
chip_simple_dxm2p727_dy2p727__Lj12p0nH_Cj2p0fF__roL8p5mm__tee_fl160um_fc12_cg1p2um__rpg1p4um,-2.727,2.727,12.0,2.0,160,12,1.2,8.5,4.69292169855,6.12459458775,-1.4316728891999997,258.0113497070096,6.071658140985488,5.889099829288583,1.0309993576249086,51.83107,76.86101548368269,4.9953756121926896,True,0.8137865386171218,1.6275730772342436,36.954176130893714,0.8321108715284625,completed,,"Qi recalculated from inferred p=0.00223: tan_delta=0.36 (assumed EPR tan_delta=0.0004), Qi=1.25e+03"
chip_simple_dxm2p727_dy3p636__Lj12p0nH_Cj2p0fF__roL8p5mm__tee_fl160um_fc12_cg1p2um__rpg1p4um,-2.727,3.636,12.0,2.0,160,12,1.2,8.5,4.72771327144,6.17379279793,-1.4460795264900002,248.72072138405872,5.623312453847885,5.943747599398507,0.9460887024235267,51.57633,76.82218288024141,4.96599940825657,True,0.883362066041238,1.766724132082476,36.69932413760532,0.9051492384243633,completed,,"Qi recalculated from inferred p=0.00223: tan_delta=0.36 (assumed EPR tan_delta=0.0004), Qi=1.25e+03"
chip_simple_dxm2p727_dy4p545__Lj12p0nH_Cj2p0fF__roL8p5mm__tee_fl160um_fc12_cg1p2um__rpg1p4um,-2.727,4.545,12.0,2.0,160,12,1.2,8.5,4.75153648539,6.12686754084,-1.3753310554500002,237.858845654832,5.701167658432007,5.866682937277906,0.9717872466237801,51.54884,76.81814990776385,5.031415094007283,True,0.884962304916922,1.769924609833844,36.43527306341763,0.906991881154497,completed,,"Qi recalculated from inferred p=0.00222: tan_delta=0.36 (assumed EPR tan_delta=0.0004), Qi=1.25e+03"
chip_simple_dxm2p727_dy5p455__Lj12p0nH_Cj2p0fF__roL8p5mm__tee_fl160um_fc12_cg1p2um__rpg1p4um,-2.727,5.455,12.0,2.0,160,12,1.2,8.5,4.69743144278,5.95177627861,-1.2543448358299996,237.55915169859625,6.58547302658081,5.688443329457153,1.1576933521475832,51.97274,76.88178531773357,5.275990578292688,True,0.7638517151370693,1.5277034302741386,36.80581701626414,0.7800403285448847,completed,,"Qi recalculated from inferred p=0.00223: tan_delta=0.36 (assumed EPR tan_delta=0.0004), Qi=1.24e+03"
chip_simple_dxm2p727_dy6p364__Lj12p0nH_Cj2p0fF__roL8p5mm__tee_fl160um_fc12_cg1p2um__rpg1p4um,-2.727,6.364,12.0,2.0,160,12,1.2,8.5,4.65832113829,5.97027326234,-1.3119521240500003,256.85904261892273,6.963625674341201,5.683821567758439,1.2251661300985361,51.97134,76.88234313683981,5.213121500143861,True,0.7164303086629925,1.432860617325985,37.17216808798295,0.7305096393373016,completed,,"Qi recalculated from inferred p=0.00222: tan_delta=0.36 (assumed EPR tan_delta=0.0004), Qi=1.25e+03"
chip_simple_dxm2p727_dy7p273__Lj12p0nH_Cj2p0fF__roL8p5mm__tee_fl160um_fc12_cg1p2um__rpg1p4um,-2.727,7.273,12.0,2.0,160,12,1.2,8.5,4.64565792942,5.94593779992,-1.3002798704999998,252.54678364250572,6.813675192602157,5.6408254704664875,1.2079216469781466,51.97243,76.88183835308782,5.241879779724263,True,0.7332405875886053,1.4664811751772107,37.30595567488141,0.7479412123030686,completed,,"Qi recalculated from inferred p=0.00221: tan_delta=0.36 (assumed EPR tan_delta=0.0004), Qi=1.26e+03"
chip_simple_dxm2p727_dy8p182__Lj12p0nH_Cj2p0fF__roL8p5mm__tee_fl160um_fc12_cg1p2um__rpg1p4um,-2.727,8.182,12.0,2.0,160,12,1.2,8.5,4.73942012359,6.13041907966,-1.3909989560699998,232.28429467525183,5.303923094404221,5.936110371118198,0.893501428175957,51.84465,76.8636254448708,5.0228694433807375,True,0.9368550055619188,1.8737100111238376,36.60561263714593,0.9614618985328486,completed,,"Qi recalculated from inferred p=0.00224: tan_delta=0.36 (assumed EPR tan_delta=0.0004), Qi=1.24e+03"
chip_simple_dxm2p727_dy9p091__Lj12p0nH_Cj2p0fF__roL8p5mm__tee_fl160um_fc12_cg1p2um__rpg1p4um,-2.727,9.091,12.0,2.0,160,12,1.2,8.5,4.72354496119,6.06782180308,-1.3442768418900002,235.52036104141203,5.766568409368515,5.815573617333097,0.9915734523902295,51.97293,76.88161326371547,5.055075594187786,True,0.8704655399824931,1.7409310799649862,36.79902190075247,0.8915548998968912,completed,,"Qi recalculated from inferred p=0.00222: tan_delta=0.36 (assumed EPR tan_delta=0.0004), Qi=1.25e+03"
chip_simple_dxm2p727_dy10p000__Lj12p0nH_Cj2p0fF__roL8p5mm__tee_fl160um_fc12_cg1p2um__rpg1p4um,-2.727,10.0,12.0,2.0,160,12,1.2,8.5,4.77838859318,6.18575363873,-1.4073650455499997,234.74590611150836,5.375646119916915,5.983952516107753,0.8983437126960176,51.54752,76.81822929067428,4.978257227591019,True,0.9314221830689332,1.8628443661378664,36.25608103248132,0.955981437464318,completed,,"Qi recalculated from inferred p=0.00224: tan_delta=0.36 (assumed EPR tan_delta=0.0004), Qi=1.24e+03"
chip_simple_dxm1p818_dym10p000__Lj12p0nH_Cj2p0fF__roL8p5mm__tee_fl160um_fc12_cg1p2um__rpg1p4um,-1.818,-10.0,12.0,2.0,160,12,1.2,8.5,4.72213098232,5.99382514578,-1.2716941634599994,232.5260761215951,6.216597866516113,5.710682925319376,1.0885909702592083,51.85984,76.94099620061344,5.195742539481524,True,0.8150512729729097,1.6301025459458194,36.64260762796909,0.8335931062755352,completed,,"Qi recalculated from inferred p=0.00222: tan_delta=0.36 (assumed EPR tan_delta=0.0004), Qi=1.25e+03"
chip_simple_dxm1p818_dym9p091__Lj12p0nH_Cj2p0fF__roL8p5mm__tee_fl160um_fc12_cg1p2um__rpg1p4um,-1.818,-9.091,12.0,2.0,160,12,1.2,8.5,4.74969784785,6.2030248277,-1.45332697985,242.6223832530139,5.3521456275424955,6.0075688817595525,0.8909004179365997,51.8667,76.94170442881716,4.878829096673726,True,0.9265287593915956,1.8530575187831912,36.6269623022997,0.9505748410994818,completed,,"Qi recalculated from inferred p=0.00223: tan_delta=0.36 (assumed EPR tan_delta=0.0004), Qi=1.24e+03"
chip_simple_dxm1p818_dym8p182__Lj12p0nH_Cj2p0fF__roL8p5mm__tee_fl160um_fc12_cg1p2um__rpg1p4um,-1.818,-8.182,12.0,2.0,160,12,1.2,8.5,4.74798045488,6.11757693515,-1.3695964802699994,227.96923697631598,5.274850255846023,5.908298446157694,0.892786697204909,51.99353,76.9619028180253,4.997984867247934,True,0.9471031055823053,1.8942062111646105,36.57794820667033,0.9722780429170433,completed,,"Qi recalculated from inferred p=0.00224: tan_delta=0.36 (assumed EPR tan_delta=0.0004), Qi=1.24e+03"
chip_simple_dxm1p818_dym7p273__Lj12p0nH_Cj2p0fF__roL8p5mm__tee_fl160um_fc12_cg1p2um__rpg1p4um,-1.818,-7.273,12.0,2.0,160,12,1.2,8.5,4.72966798924,6.05250642258,-1.3228384333399994,215.8384701913219,5.009293360359192,5.825431465095559,0.8599008314445976,51.8603,76.9409962796426,5.138074272889604,True,0.9983078678776793,1.9966157357553587,36.681341996821416,1.0262376284318158,completed,,"Qi recalculated from inferred p=0.00224: tan_delta=0.36 (assumed EPR tan_delta=0.0004), Qi=1.24e+03"
chip_simple_dxm1p818_dym6p364__Lj12p0nH_Cj2p0fF__roL8p5mm__tee_fl160um_fc12_cg1p2um__rpg1p4um,-1.818,-6.364,12.0,2.0,160,12,1.2,8.5,4.70406131563,6.08840840714,-1.3843470915100005,244.66486320628528,5.8398801114959715,5.829489432798142,1.001782433747863,51.86595,76.94167983667175,5.033014689136697,True,0.8537777656355038,1.7075555312710076,36.8107584819832,0.8740502261861791,completed,,"Qi recalculated from inferred p=0.00222: tan_delta=0.36 (assumed EPR tan_delta=0.0004), Qi=1.25e+03"
chip_simple_dxm1p818_dym5p455__Lj12p0nH_Cj2p0fF__roL8p5mm__tee_fl160um_fc12_cg1p2um__rpg1p4um,-1.818,-5.455,12.0,2.0,160,12,1.2,8.5,4.7318810337,5.8991692509,-1.1672882172000003,219.56127284942733,6.516467071210861,5.651987028527368,1.1529515263075072,51.86001,76.94086048473127,5.431958933276514,True,0.7789620190719052,1.5579240381438104,36.58258048520509,0.7959095191613316,completed,,"Qi recalculated from inferred p=0.00225: tan_delta=0.36 (assumed EPR tan_delta=0.0004), Qi=1.24e+03"
chip_simple_dxm1p818_dym4p545__Lj12p0nH_Cj2p0fF__roL8p5mm__tee_fl160um_fc12_cg1p2um__rpg1p4um,-1.818,-4.545,12.0,2.0,160,12,1.2,8.5,4.7578510672,6.15914042544,-1.4012893582400006,235.00131693849042,5.390935790428161,5.933580595314555,0.9085468215743302,51.86678,76.94220781914323,4.931408327064929,True,0.9294524896055745,1.858904979211149,36.535956540386785,0.9537144033616105,completed,,"Qi recalculated from inferred p=0.00222: tan_delta=0.36 (assumed EPR tan_delta=0.0004), Qi=1.25e+03"
chip_simple_dxm1p818_dym3p636__Lj12p0nH_Cj2p0fF__roL8p5mm__tee_fl160um_fc12_cg1p2um__rpg1p4um,-1.818,-3.636,12.0,2.0,160,12,1.2,8.5,4.75565613885,6.15842245489,-1.4027663160400001,245.1008754910855,5.839258372745514,5.917462910914268,0.9867841101252173,51.86612,76.94187230158025,4.917516261482311,True,0.8602801349480628,1.7205602698961255,36.615117895584554,0.8809789258512909,completed,,"Qi recalculated from inferred p=0.00222: tan_delta=0.36 (assumed EPR tan_delta=0.0004), Qi=1.25e+03"
chip_simple_dxm1p818_dym2p727__Lj12p0nH_Cj2p0fF__roL8p5mm__tee_fl160um_fc12_cg1p2um__rpg1p4um,-1.818,-2.727,12.0,2.0,160,12,1.2,8.5,4.72848954954,6.17252809279,-1.4440385432500005,240.1187954409885,5.260969237106323,5.943850833343463,0.8851112493593629,52.02329,76.96430647536442,4.867632654081953,True,0.9435896907570507,1.8871793815141014,36.821614965243306,0.9684060371889192,completed,,"Qi recalculated from inferred p=0.00222: tan_delta=0.36 (assumed EPR tan_delta=0.0004), Qi=1.25e+03"
chip_simple_dxm1p818_dym1p818__Lj12p0nH_Cj2p0fF__roL8p5mm__tee_fl160um_fc12_cg1p2um__rpg1p4um,-1.818,-1.818,12.0,2.0,160,12,1.2,8.5,4.73721367161,6.13567698727,-1.39846331566,247.7004995876065,5.951634760875701,5.9295256555453815,1.0037286465418431,51.86694,76.94168230929633,4.995578633922152,True,0.8360534433439206,1.6721068866878412,36.67628764061277,0.8555562556380572,completed,,"Qi recalculated from inferred p=0.00224: tan_delta=0.36 (assumed EPR tan_delta=0.0004), Qi=1.24e+03"
chip_simple_dxm1p818_dym0p909__Lj12p0nH_Cj2p0fF__roL8p5mm__tee_fl160um_fc12_cg1p2um__rpg1p4um,-1.818,-0.909,12.0,2.0,160,12,1.2,8.5,4.70639430606,5.99506656694,-1.2886722608800003,243.31746149783123,6.5980849503116605,5.745323603133637,1.1484270349389731,51.89465,76.94716288113386,5.221099678955482,True,0.7610001792530633,1.5220003585061266,36.86353287155742,0.7770411943740506,completed,,"Qi recalculated from inferred p=0.00223: tan_delta=0.36 (assumed EPR tan_delta=0.0004), Qi=1.24e+03"
chip_simple_dxm1p818_dy0p000__Lj12p0nH_Cj2p0fF__roL8p5mm__tee_fl160um_fc12_cg1p2um__rpg1p4um,-1.818,0.0,12.0,2.0,160,12,1.2,8.5,4.72085109882,6.13674306549,-1.4158919666700003,247.53443243124363,5.771197805171966,5.9292022682777255,0.9733514803583089,51.54873,76.89422227930723,5.066334763712614,True,0.8576863734235438,1.7153727468470876,36.64948246021411,0.8782392932427289,completed,,"Qi recalculated from inferred p=0.00224: tan_delta=0.36 (assumed EPR tan_delta=0.0004), Qi=1.24e+03"
chip_simple_dxm1p818_dy0p909__Lj12p0nH_Cj2p0fF__roL8p5mm__tee_fl160um_fc12_cg1p2um__rpg1p4um,-1.818,0.909,12.0,2.0,160,12,1.2,8.5,4.73247725261,6.06032547334,-1.32784822073,230.0219004377902,5.647781850090027,5.758222245971617,0.980820400609085,52.03128,76.96539914715359,5.0041484994307925,True,0.898497231879462,1.796994463758924,36.670880888732796,0.9210648439077533,completed,,"Qi recalculated from inferred p=0.0022: tan_delta=0.36 (assumed EPR tan_delta=0.0004), Qi=1.26e+03"
chip_simple_dxm1p818_dy1p818__Lj12p0nH_Cj2p0fF__roL8p5mm__tee_fl160um_fc12_cg1p2um__rpg1p4um,-1.818,1.818,12.0,2.0,160,12,1.2,8.5,4.71658813345,5.98678880657,-1.2702006731199997,235.33709862892061,6.365563063159942,5.714595461499598,1.1139131555411133,51.86712,76.94001962268666,5.220127382091892,True,0.7938521925743423,1.5877043851486845,36.84725800420204,0.8113318533572312,completed,,"Qi recalculated from inferred p=0.00223: tan_delta=0.36 (assumed EPR tan_delta=0.0004), Qi=1.25e+03"
chip_simple_dxm1p818_dy2p727__Lj12p0nH_Cj2p0fF__roL8p5mm__tee_fl160um_fc12_cg1p2um__rpg1p4um,-1.818,2.727,12.0,2.0,160,12,1.2,8.5,4.83311972934,6.1178439336,-1.2847242042599998,199.83230045887737,4.724510482942581,5.8312408671894564,0.8102067108093413,51.86732,76.94168209963996,4.947823200413128,True,1.0937191965012554,2.1874383930025108,35.88705225425464,1.1280999693582205,completed,,"Qi recalculated from inferred p=0.0022: tan_delta=0.36 (assumed EPR tan_delta=0.0004), Qi=1.26e+03"
chip_simple_dxm1p818_dy3p636__Lj12p0nH_Cj2p0fF__roL8p5mm__tee_fl160um_fc12_cg1p2um__rpg1p4um,-1.818,3.636,12.0,2.0,160,12,1.2,8.5,4.72466810462,6.01834362229,-1.2936755176699997,231.13712300128546,5.96028201146698,5.753478884920279,1.0359440141665814,52.04244,76.96803449682706,5.12299845766368,True,0.8466509156052164,1.6933018312104329,36.84297589182296,0.8665645532715264,completed,,"Qi recalculated from inferred p=0.00222: tan_delta=0.36 (assumed EPR tan_delta=0.0004), Qi=1.25e+03"
chip_simple_dxm1p818_dy4p545__Lj12p0nH_Cj2p0fF__roL8p5mm__tee_fl160um_fc12_cg1p2um__rpg1p4um,-1.818,4.545,12.0,2.0,160,12,1.2,8.5,4.68668729165,6.13606112963,-1.4493738379799996,262.7664710804651,6.136175126768112,5.930337346209187,1.0347092869329773,52.02336,76.96430868672456,4.959275149478155,True,0.7988593167011817,1.5977186334023634,36.9541232803851,0.8165103068452807,completed,,"Qi recalculated from inferred p=0.00223: tan_delta=0.36 (assumed EPR tan_delta=0.0004), Qi=1.24e+03"
chip_simple_dxm1p818_dy5p455__Lj12p0nH_Cj2p0fF__roL8p5mm__tee_fl160um_fc12_cg1p2um__rpg1p4um,-1.818,5.455,12.0,2.0,160,12,1.2,8.5,4.73603070326,6.09721269024,-1.3611819869800001,240.21862547581796,5.885714801893234,5.910505601584163,0.9958056380685462,51.99407,76.96167800649553,5.060421607827362,True,0.8446534882790152,1.6893069765580304,36.61479113385651,0.8645986034566784,completed,,"Qi recalculated from inferred p=0.00225: tan_delta=0.36 (assumed EPR tan_delta=0.0004), Qi=1.24e+03"
chip_simple_dxm1p818_dy6p364__Lj12p0nH_Cj2p0fF__roL8p5mm__tee_fl160um_fc12_cg1p2um__rpg1p4um,-1.818,6.364,12.0,2.0,160,12,1.2,8.5,4.72288255884,6.16611156985,-1.4432290110099997,255.57392589996,5.942852807521819,5.983119778272944,0.993269903955901,51.86064,76.9408088391092,4.962078443750632,True,0.8290659129519146,1.6581318259038291,36.6364614664638,0.8482616762123726,completed,,"Qi recalculated from inferred p=0.00224: tan_delta=0.36 (assumed EPR tan_delta=0.0004), Qi=1.24e+03"
chip_simple_dxm1p818_dy7p273__Lj12p0nH_Cj2p0fF__roL8p5mm__tee_fl160um_fc12_cg1p2um__rpg1p4um,-1.818,7.273,12.0,2.0,160,12,1.2,8.5,4.70854431055,5.8292212065,-1.12067689595,217.5346481357054,6.828002003400802,5.533249470076479,1.2339949681152595,51.86619,76.94291597505709,5.5246890271452775,True,0.7479002789550694,1.4958005579101388,36.87002983612074,0.763385380030737,completed,,"Qi recalculated from inferred p=0.00223: tan_delta=0.36 (assumed EPR tan_delta=0.0004), Qi=1.24e+03"
chip_simple_dxm1p818_dy8p182__Lj12p0nH_Cj2p0fF__roL8p5mm__tee_fl160um_fc12_cg1p2um__rpg1p4um,-1.818,8.182,12.0,2.0,160,12,1.2,8.5,4.68706864521,6.07511708902,-1.3880484438099998,248.5187126523267,5.952970358833313,5.817319914222084,1.0233183745455692,52.01682,76.96346527707337,5.024919671327953,True,0.8342241367026026,1.6684482734052053,36.99427010009806,0.8534699615270979,completed,,"Qi recalculated from inferred p=0.00222: tan_delta=0.36 (assumed EPR tan_delta=0.0004), Qi=1.25e+03"
chip_simple_dxm1p818_dy9p091__Lj12p0nH_Cj2p0fF__roL8p5mm__tee_fl160um_fc12_cg1p2um__rpg1p4um,-1.818,9.091,12.0,2.0,160,12,1.2,8.5,4.70620268841,6.09896881824,-1.39276612983,258.7726640480461,6.45488197671318,5.871112110850504,1.0994308837645599,51.98859,76.96201702789423,5.016098316549519,True,0.7688221651208931,1.5376443302417862,36.70453461075138,0.7852706360528517,completed,,"Qi recalculated from inferred p=0.00223: tan_delta=0.36 (assumed EPR tan_delta=0.0004), Qi=1.25e+03"
chip_simple_dxm1p818_dy10p000__Lj12p0nH_Cj2p0fF__roL8p5mm__tee_fl160um_fc12_cg1p2um__rpg1p4um,-1.818,10.0,12.0,2.0,160,12,1.2,8.5,4.77817000938,6.12893558245,-1.3507655730699994,227.5213594644575,5.456556175081253,5.917687244651611,0.9220757957448448,52.02277,76.96438345817656,4.967463356025565,True,0.923891413354928,1.847782826709856,36.40836111279471,0.9479463126080636,completed,,"Qi recalculated from inferred p=0.00223: tan_delta=0.36 (assumed EPR tan_delta=0.0004), Qi=1.24e+03"
chip_simple_dxm0p909_dym10p000__Lj12p0nH_Cj2p0fF__roL8p5mm__tee_fl160um_fc12_cg1p2um__rpg1p4um,-0.909,-10.0,12.0,2.0,160,12,1.2,8.5,4.743277674,6.16560338881,-1.4223257148100004,235.85222659244332,5.249255211336136,5.937221698084575,0.8841265289166503,51.50759,76.88470216981318,4.999208005893637,True,0.9495268137745221,1.8990536275490442,36.49900518846179,0.974888681551428,completed,,"Qi recalculated from inferred p=0.00223: tan_delta=0.36 (assumed EPR tan_delta=0.0004), Qi=1.25e+03"
chip_simple_dxm0p909_dym9p091__Lj12p0nH_Cj2p0fF__roL8p5mm__tee_fl160um_fc12_cg1p2um__rpg1p4um,-0.909,-9.091,12.0,2.0,160,12,1.2,8.5,4.79013705882,6.1195332543,-1.3293961954800002,216.91057737244603,5.13624333574295,5.892737425611814,0.8716226372855362,51.51877,76.89331615311623,5.087109148328206,True,0.9868002725618392,1.9736005451236784,36.14623553452446,1.0144962457955617,completed,,"Qi recalculated from inferred p=0.00224: tan_delta=0.36 (assumed EPR tan_delta=0.0004), Qi=1.24e+03"
chip_simple_dxm0p909_dym8p182__Lj12p0nH_Cj2p0fF__roL8p5mm__tee_fl160um_fc12_cg1p2um__rpg1p4um,-0.909,-8.182,12.0,2.0,160,12,1.2,8.5,4.69924154033,6.09992513873,-1.4006835983999997,238.0058622200954,5.408171934171676,5.864927398734324,0.9221208663791445,51.92655,76.94669349164619,5.02129708210801,True,0.916536822561616,1.833073645123232,36.93691549631705,0.9398580584297829,completed,,"Qi recalculated from inferred p=0.00223: tan_delta=0.36 (assumed EPR tan_delta=0.0004), Qi=1.25e+03"
chip_simple_dxm0p909_dym7p273__Lj12p0nH_Cj2p0fF__roL8p5mm__tee_fl160um_fc12_cg1p2um__rpg1p4um,-0.909,-7.273,12.0,2.0,160,12,1.2,8.5,4.75815924126,6.1503762955,-1.3922170542400005,236.3512702128378,5.517979939285278,5.986477532708683,0.9217406912723474,52.0201,76.9615190903826,4.97453069057173,True,0.8996846387698071,1.7993692775396142,36.44200309255895,0.9224584049294556,completed,,"Qi recalculated from inferred p=0.00225: tan_delta=0.36 (assumed EPR tan_delta=0.0004), Qi=1.23e+03"
chip_simple_dxm0p909_dym6p364__Lj12p0nH_Cj2p0fF__roL8p5mm__tee_fl160um_fc12_cg1p2um__rpg1p4um,-0.909,-6.364,12.0,2.0,160,12,1.2,8.5,4.73641698179,6.08792263054,-1.35150564875,233.0698299477765,5.621972734323501,5.852490232076104,0.9606120662125686,51.92558,76.94680533238613,5.0443621863077155,True,0.8921111808805566,1.7842223617611133,36.57589100040887,0.9144143775451812,completed,,"Qi recalculated from inferred p=0.00223: tan_delta=0.36 (assumed EPR tan_delta=0.0004), Qi=1.25e+03"
chip_simple_dxm0p909_dym5p455__Lj12p0nH_Cj2p0fF__roL8p5mm__tee_fl160um_fc12_cg1p2um__rpg1p4um,-0.909,-5.455,12.0,2.0,160,12,1.2,8.5,4.79958492684,6.1502852982,-1.3507003713600003,212.07746518372238,4.78491466264534,5.99525621369233,0.7981167930266703,52.06309,76.9662247245472,4.973679922707203,True,1.045627566443228,2.091255132886456,36.10182602478425,1.0768156888235043,completed,,"Qi recalculated from inferred p=0.00225: tan_delta=0.36 (assumed EPR tan_delta=0.0004), Qi=1.23e+03"
chip_simple_dxm0p909_dym4p545__Lj12p0nH_Cj2p0fF__roL8p5mm__tee_fl160um_fc12_cg1p2um__rpg1p4um,-0.909,-4.545,12.0,2.0,160,12,1.2,8.5,4.73152601443,6.08098781521,-1.3494618007800003,232.6416415790713,5.6054915347919465,5.819711093719061,0.9631906884246692,51.92665,76.95166927380293,5.030846623285975,True,0.8976476536083844,1.7952953072167688,36.68454399027079,0.9201634734338424,completed,,"Qi recalculated from inferred p=0.00222: tan_delta=0.36 (assumed EPR tan_delta=0.0004), Qi=1.25e+03"
chip_simple_dxm0p909_dym3p636__Lj12p0nH_Cj2p0fF__roL8p5mm__tee_fl160um_fc12_cg1p2um__rpg1p4um,-0.909,-3.636,12.0,2.0,160,12,1.2,8.5,4.69601117989,5.93903014075,-1.2430189608599997,231.51342369779275,6.353685933414459,5.6842495260327475,1.1177704117871363,52.0523,76.96469392192421,5.292548423432212,True,0.7898756635006968,1.5797513270013936,36.92319002549114,0.8071423763613075,completed,,"Qi recalculated from inferred p=0.00224: tan_delta=0.36 (assumed EPR tan_delta=0.0004), Qi=1.24e+03"
chip_simple_dxm0p909_dym2p727__Lj12p0nH_Cj2p0fF__roL8p5mm__tee_fl160um_fc12_cg1p2um__rpg1p4um,-0.909,-2.727,12.0,2.0,160,12,1.2,8.5,4.71688507337,6.1251687863,-1.4082837129299994,245.03748437158407,5.703840147447586,5.9299268561119325,0.961873609211331,51.92544,76.94668248943496,5.013324661081751,True,0.8656127741783087,1.7312255483566175,36.71288125590752,0.8865149379011197,completed,,"Qi recalculated from inferred p=0.00224: tan_delta=0.36 (assumed EPR tan_delta=0.0004), Qi=1.24e+03"
chip_simple_dxm0p909_dym1p818__Lj12p0nH_Cj2p0fF__roL8p5mm__tee_fl160um_fc12_cg1p2um__rpg1p4um,-0.909,-1.818,12.0,2.0,160,12,1.2,8.5,4.672625604,6.15896625974,-1.4863406557399994,264.17818518642616,5.890477626493453,5.957573698522844,0.9887376849327055,51.53697,76.8953061128869,5.03237114488671,True,0.8268104272035907,1.6536208544071813,37.10221636809506,0.8456555776519823,completed,,"Qi recalculated from inferred p=0.00224: tan_delta=0.36 (assumed EPR tan_delta=0.0004), Qi=1.24e+03"
chip_simple_dxm0p909_dym0p909__Lj12p0nH_Cj2p0fF__roL8p5mm__tee_fl160um_fc12_cg1p2um__rpg1p4um,-0.909,-0.909,12.0,2.0,160,12,1.2,8.5,4.68632924459,6.17134248768,-1.4850132430899992,252.17947342709078,5.4111616154441835,5.976285666069374,0.9054389160421653,52.09686,76.97955516602674,4.886391914657147,True,0.901019202989628,1.802038405979256,37.0371111644229,0.9234852628231737,completed,,"Qi recalculated from inferred p=0.00223: tan_delta=0.36 (assumed EPR tan_delta=0.0004), Qi=1.24e+03"
chip_simple_dxm0p909_dy0p000__Lj12p0nH_Cj2p0fF__roL8p5mm__tee_fl160um_fc12_cg1p2um__rpg1p4um,-0.909,0.0,12.0,2.0,160,12,1.2,8.5,4.69626954521,6.14735410107,-1.4510845558600005,262.49424737044404,6.1351076983375545,5.930132502605975,1.0345650279553626,52.03693,76.96880885230092,4.923197880824235,True,0.8023282331409747,1.6046564662819494,36.891040704337776,0.8201656828479681,completed,,"Qi recalculated from inferred p=0.00223: tan_delta=0.36 (assumed EPR tan_delta=0.0004), Qi=1.25e+03"
chip_simple_dxm0p909_dy0p909__Lj12p0nH_Cj2p0fF__roL8p5mm__tee_fl160um_fc12_cg1p2um__rpg1p4um,-0.909,0.909,12.0,2.0,160,12,1.2,8.5,4.70544106074,5.99746757962,-1.2920265188800002,231.070657809695,5.927770181566238,5.70049614019032,1.0398691685401844,52.05153,76.9646901994293,5.128042914809848,True,0.8527117559420508,1.7054235118841017,36.88308214265137,0.8728924349336271,completed,,"Qi recalculated from inferred p=0.00221: tan_delta=0.36 (assumed EPR tan_delta=0.0004), Qi=1.26e+03"
chip_simple_dxm0p909_dy1p818__Lj12p0nH_Cj2p0fF__roL8p5mm__tee_fl160um_fc12_cg1p2um__rpg1p4um,-0.909,1.818,12.0,2.0,160,12,1.2,8.5,4.66450390523,6.13858364091,-1.4740797356800002,255.0274764591106,5.557019098932266,5.910793383351408,0.9401477498070568,51.92587,76.9516985955568,4.954613125569765,True,0.8783560217551153,1.7567120435102306,37.22008618194655,0.8995853164956993,completed,,"Qi recalculated from inferred p=0.00223: tan_delta=0.36 (assumed EPR tan_delta=0.0004), Qi=1.25e+03"
chip_simple_dxm0p909_dy2p727__Lj12p0nH_Cj2p0fF__roL8p5mm__tee_fl160um_fc12_cg1p2um__rpg1p4um,-0.909,2.727,12.0,2.0,160,12,1.2,8.5,4.70779688919,6.02364360744,-1.3158467182500004,225.52172068881438,5.465226220020294,5.792823970341947,0.9434476600706521,51.92676,76.94667938171688,5.1760377683956005,True,0.9120982206485289,1.8241964412970577,36.72583288125355,0.9353273859951221,completed,,"Qi recalculated from inferred p=0.00224: tan_delta=0.36 (assumed EPR tan_delta=0.0004), Qi=1.24e+03"
chip_simple_dxm0p909_dy3p636__Lj12p0nH_Cj2p0fF__roL8p5mm__tee_fl160um_fc12_cg1p2um__rpg1p4um,-0.909,3.636,12.0,2.0,160,12,1.2,8.5,4.76708578143,6.05717494548,-1.2900891640500003,226.96865796527138,5.881207033082962,5.785083974701875,1.0166156720976622,52.01954,76.96132760584098,5.044302187464035,True,0.8676522546740504,1.7353045093481008,36.41730725134033,0.8888288437326943,completed,,"Qi recalculated from inferred p=0.00221: tan_delta=0.36 (assumed EPR tan_delta=0.0004), Qi=1.25e+03"
chip_simple_dxm0p909_dy4p545__Lj12p0nH_Cj2p0fF__roL8p5mm__tee_fl160um_fc12_cg1p2um__rpg1p4um,-0.909,4.545,12.0,2.0,160,12,1.2,8.5,4.7332354087,5.97981485633,-1.2465794476300003,227.38497188220632,6.195107574489593,5.728661585836097,1.0814232053446422,52.05202,76.96457597374736,5.212904049070809,True,0.8164530479898662,1.6329060959797324,36.76899592806324,0.834994033582888,completed,,"Qi recalculated from inferred p=0.00223: tan_delta=0.36 (assumed EPR tan_delta=0.0004), Qi=1.24e+03"
chip_simple_dxm0p909_dy5p455__Lj12p0nH_Cj2p0fF__roL8p5mm__tee_fl160um_fc12_cg1p2um__rpg1p4um,-0.909,5.455,12.0,2.0,160,12,1.2,8.5,4.72272816644,6.03503005138,-1.31230188494,241.70658792547815,6.337249859149932,5.820442264738436,1.0887918084064563,51.92061,76.94600165355126,5.171887064157823,True,0.7886908432744962,1.5773816865489925,36.649853356073216,0.8060364395318131,completed,,"Qi recalculated from inferred p=0.00224: tan_delta=0.36 (assumed EPR tan_delta=0.0004), Qi=1.24e+03"
chip_simple_dxm0p909_dy6p364__Lj12p0nH_Cj2p0fF__roL8p5mm__tee_fl160um_fc12_cg1p2um__rpg1p4um,-0.909,6.364,12.0,2.0,160,12,1.2,8.5,4.73809447586,6.07066105208,-1.3325665762200005,235.23156094873443,5.877909127601623,5.87197127716639,1.001011219257547,52.0634,76.96612531379246,5.084022094753931,True,0.8496048749072209,1.6992097498144418,36.58006312838907,0.8698069232085682,completed,,"Qi recalculated from inferred p=0.00225: tan_delta=0.36 (assumed EPR tan_delta=0.0004), Qi=1.24e+03"
chip_simple_dxm0p909_dy7p273__Lj12p0nH_Cj2p0fF__roL8p5mm__tee_fl160um_fc12_cg1p2um__rpg1p4um,-0.909,7.273,12.0,2.0,160,12,1.2,8.5,4.70613110667,5.99730794943,-1.2911768427599997,226.78900780458642,5.718138606563568,5.726349608257517,0.9985661019225741,51.92663,76.9466936561278,5.18597845088883,True,0.8793978124287898,1.7587956248575796,36.86888181267442,0.9008857702027679,completed,,"Qi recalculated from inferred p=0.00222: tan_delta=0.36 (assumed EPR tan_delta=0.0004), Qi=1.25e+03"
chip_simple_dxm0p909_dy8p182__Lj12p0nH_Cj2p0fF__roL8p5mm__tee_fl160um_fc12_cg1p2um__rpg1p4um,-0.909,8.182,12.0,2.0,160,12,1.2,8.5,4.76253327326,6.09281262101,-1.3302793477500003,221.8855650743731,5.302599734979629,5.804085218059851,0.9135978428573357,52.01964,76.96631938636745,4.958342967697002,True,0.959647285580261,1.919294571160522,36.40321328411267,0.9856300806737258,completed,,"Qi recalculated from inferred p=0.0022: tan_delta=0.36 (assumed EPR tan_delta=0.0004), Qi=1.26e+03"
chip_simple_dxm0p909_dy9p091__Lj12p0nH_Cj2p0fF__roL8p5mm__tee_fl160um_fc12_cg1p2um__rpg1p4um,-0.909,9.091,12.0,2.0,160,12,1.2,8.5,4.69371229441,6.15775711443,-1.4640448200199998,252.0576475169164,5.5688977525024415,5.9707946294093315,0.9326895494064835,52.05184,76.96459979578383,4.930238575939014,True,0.8779275998063161,1.7558551996126321,36.96771651031629,0.8992842464858763,completed,,"Qi recalculated from inferred p=0.00224: tan_delta=0.36 (assumed EPR tan_delta=0.0004), Qi=1.24e+03"
chip_simple_dxm0p909_dy10p000__Lj12p0nH_Cj2p0fF__roL8p5mm__tee_fl160um_fc12_cg1p2um__rpg1p4um,-0.909,10.0,12.0,2.0,160,12,1.2,8.5,4.7596073888,6.17130833515,-1.4117009463499999,237.52990155709298,5.436190106533051,5.985712615463627,0.9081943046328472,51.96216,76.95807301889839,4.926381459908305,True,0.9155455179916879,1.8310910359833759,36.367828562873385,0.9391892307098082,completed,,"Qi recalculated from inferred p=0.00224: tan_delta=0.36 (assumed EPR tan_delta=0.0004), Qi=1.24e+03"
chip_simple_dx0p000_dym10p000__Lj12p0nH_Cj2p0fF__roL8p5mm__tee_fl160um_fc12_cg1p2um__rpg1p4um,0.0,-10.0,12.0,2.0,160,12,1.2,8.5,4.72617335759,6.18783165048,-1.4616582928900002,247.93824058661986,5.473578181682586,5.979999407972001,0.9153141678217727,52.03418,76.97702149510378,4.857173796999636,True,0.9021739072151113,1.8043478144302225,36.61971081382077,0.9249615300287451,completed,,"Qi recalculated from inferred p=0.00223: tan_delta=0.36 (assumed EPR tan_delta=0.0004), Qi=1.25e+03"
chip_simple_dx0p000_dym9p091__Lj12p0nH_Cj2p0fF__roL8p5mm__tee_fl160um_fc12_cg1p2um__rpg1p4um,0.0,-9.091,12.0,2.0,160,12,1.2,8.5,4.7018418351,6.22357422606,-1.5217323909600005,258.00900480136295,5.4432200777797695,6.040511605219947,0.9011190497632646,52.0226,76.97548903995147,4.817680455362282,True,0.8943160958998506,1.7886321917997012,36.87640409723388,0.9165438576505278,completed,,"Qi recalculated from inferred p=0.00223: tan_delta=0.36 (assumed EPR tan_delta=0.0004), Qi=1.24e+03"
chip_simple_dx0p000_dym8p182__Lj12p0nH_Cj2p0fF__roL8p5mm__tee_fl160um_fc12_cg1p2um__rpg1p4um,0.0,-8.182,12.0,2.0,160,12,1.2,8.5,4.75699175292,6.13442162476,-1.3774298718399995,230.60410036515682,5.358933925123215,5.9266974673934305,0.9042023748649483,52.1651,76.99598637312971,4.928047464858979,True,0.9335376688529045,1.867075337705809,36.40969106649764,0.9581032571622945,completed,,"Qi recalculated from inferred p=0.00223: tan_delta=0.36 (assumed EPR tan_delta=0.0004), Qi=1.25e+03"
chip_simple_dx0p000_dym7p273__Lj12p0nH_Cj2p0fF__roL8p5mm__tee_fl160um_fc12_cg1p2um__rpg1p4um,0.0,-7.273,12.0,2.0,160,12,1.2,8.5,4.77705046101,6.10812065882,-1.33107019781,218.32852182588366,5.159243787857055,5.871090142169181,0.8787539729292724,52.04238,76.9784157375789,4.976700528956215,True,0.9803461254224858,1.9606922508449716,36.261702971214326,1.007586532582323,completed,,"Qi recalculated from inferred p=0.00222: tan_delta=0.36 (assumed EPR tan_delta=0.0004), Qi=1.25e+03"
chip_simple_dx0p000_dym6p364__Lj12p0nH_Cj2p0fF__roL8p5mm__tee_fl160um_fc12_cg1p2um__rpg1p4um,0.0,-6.364,12.0,2.0,160,12,1.2,8.5,4.74288579894,6.03308089793,-1.29019509899,226.23075968593054,5.782055475780487,5.794067523813237,0.9979268367199068,52.02218,76.97549130847986,5.125885557095034,True,0.8720697259065818,1.7441394518131637,36.53241979674654,0.8933960899308279,completed,,"Qi recalculated from inferred p=0.00223: tan_delta=0.36 (assumed EPR tan_delta=0.0004), Qi=1.24e+03"
chip_simple_dx0p000_dym5p455__Lj12p0nH_Cj2p0fF__roL8p5mm__tee_fl160um_fc12_cg1p2um__rpg1p4um,0.0,-5.455,12.0,2.0,160,12,1.2,8.5,4.72839728936,5.92461245195,-1.1962151625899997,213.1829395597018,5.86921667430687,5.58090723401915,1.0516599592500466,52.02293,76.97651528747207,5.230389728995627,True,0.8765081686483926,1.7530163372967853,36.78681163068315,0.8979022114617481,completed,,"Qi recalculated from inferred p=0.0022: tan_delta=0.36 (assumed EPR tan_delta=0.0004), Qi=1.26e+03"
chip_simple_dx0p000_dym4p545__Lj12p0nH_Cj2p0fF__roL8p5mm__tee_fl160um_fc12_cg1p2um__rpg1p4um,0.0,-4.545,12.0,2.0,160,12,1.2,8.5,4.79428247445,6.13515444283,-1.3408719683800001,219.54335034771063,5.179095958950042,5.916681344787001,0.8753379905296367,52.01931,76.9750831500489,4.949115137596774,True,0.9763212446661163,1.9526424893322325,36.171749826683836,1.0034043975410727,completed,,"Qi recalculated from inferred p=0.00223: tan_delta=0.36 (assumed EPR tan_delta=0.0004), Qi=1.25e+03"
chip_simple_dx0p000_dym3p636__Lj12p0nH_Cj2p0fF__roL8p5mm__tee_fl160um_fc12_cg1p2um__rpg1p4um,0.0,-3.636,12.0,2.0,160,12,1.2,8.5,4.72612336149,6.18704295133,-1.4609195898399996,252.79594607415194,5.69404318081665,6.0046560076233835,0.9482713370403923,52.00806,76.97342606783083,4.889484729979494,True,0.8643466242328054,1.7286932484656108,36.67991235982304,0.8852061324236882,completed,,"Qi recalculated from inferred p=0.00224: tan_delta=0.36 (assumed EPR tan_delta=0.0004), Qi=1.24e+03"
chip_simple_dx0p000_dym2p727__Lj12p0nH_Cj2p0fF__roL8p5mm__tee_fl160um_fc12_cg1p2um__rpg1p4um,0.0,-2.727,12.0,2.0,160,12,1.2,8.5,4.72308106304,6.01925382396,-1.2961727609199993,228.09975736372982,5.781981496412277,5.690176383635383,1.0161339660824784,52.02324,76.97545776789586,5.057352284721568,True,0.8814645330027773,1.7629290660055545,36.674418240310075,0.9031721497950506,completed,,"Qi recalculated from inferred p=0.00219: tan_delta=0.36 (assumed EPR tan_delta=0.0004), Qi=1.27e+03"
chip_simple_dx0p000_dym1p818__Lj12p0nH_Cj2p0fF__roL8p5mm__tee_fl160um_fc12_cg1p2um__rpg1p4um,0.0,-1.818,12.0,2.0,160,12,1.2,8.5,4.77800352664,6.03900127346,-1.2609977468200002,215.7146221661486,5.563499463333129,5.782618175352404,0.9621073525218667,52.166,76.99581745466125,5.06225147171387,True,0.9168362143735268,1.8336724287470536,36.41863035121972,0.940513571093771,completed,,"Qi recalculated from inferred p=0.00222: tan_delta=0.36 (assumed EPR tan_delta=0.0004), Qi=1.25e+03"
chip_simple_dx0p000_dym0p909__Lj12p0nH_Cj2p0fF__roL8p5mm__tee_fl160um_fc12_cg1p2um__rpg1p4um,0.0,-0.909,12.0,2.0,160,12,1.2,8.5,4.70544472234,6.05296552521,-1.34752080287,246.6853389858112,6.243624574357987,5.843999870541234,1.0683820521337113,52.15058,76.99397527250129,5.087895360614828,True,0.7950974047701949,1.5901948095403897,36.847264423233135,0.8126325471861432,completed,,"Qi recalculated from inferred p=0.00224: tan_delta=0.36 (assumed EPR tan_delta=0.0004), Qi=1.24e+03"
chip_simple_dx0p000_dy0p000__Lj12p0nH_Cj2p0fF__roL8p5mm__tee_fl160um_fc12_cg1p2um__rpg1p4um,0.0,0.0,12.0,2.0,160,12,1.2,8.5,4.73427745419,6.0988951142,-1.3646176600100004,242.41626861962843,5.960086310180664,5.922689635063685,1.006314137228394,52.16447,76.99665472297468,5.028312409929292,True,0.8322684458397668,1.6645368916795336,36.794847283002156,0.8515293216817619,completed,,"Qi recalculated from inferred p=0.00225: tan_delta=0.36 (assumed EPR tan_delta=0.0004), Qi=1.23e+03"
chip_simple_dx0p000_dy0p909__Lj12p0nH_Cj2p0fF__roL8p5mm__tee_fl160um_fc12_cg1p2um__rpg1p4um,0.0,0.909,12.0,2.0,160,12,1.2,8.5,4.68215096405,6.11863032652,-1.43647936247,248.75377030497208,5.590753493589401,5.855858620656638,0.954728222752497,52.16537,76.99616585391476,4.902598216732604,True,0.8847459252821754,1.7694918505643509,37.14186033775049,0.9063354909436453,completed,,"Qi recalculated from inferred p=0.00221: tan_delta=0.36 (assumed EPR tan_delta=0.0004), Qi=1.26e+03"
chip_simple_dx0p000_dy1p818__Lj12p0nH_Cj2p0fF__roL8p5mm__tee_fl160um_fc12_cg1p2um__rpg1p4um,0.0,1.818,12.0,2.0,160,12,1.2,8.5,4.73893431681,6.15716579206,-1.4182314752499998,238.66412246897238,5.3951585888099665,5.982980691110814,0.9017509611598443,52.1516,76.99379704031962,4.921335271923377,True,0.9158232805214531,1.8316465610429062,36.58224251295955,0.9393393020115571,completed,,"Qi recalculated from inferred p=0.00224: tan_delta=0.36 (assumed EPR tan_delta=0.0004), Qi=1.24e+03"
chip_simple_dx0p000_dy2p727__Lj12p0nH_Cj2p0fF__roL8p5mm__tee_fl160um_fc12_cg1p2um__rpg1p4um,0.0,2.727,12.0,2.0,160,12,1.2,8.5,4.73163640607,6.01912983001,-1.28749342394,233.4506181073812,6.151782347061157,5.795791516246615,1.0614222975096046,52.12686,76.99186141321756,5.145657605067617,True,0.8166264022148457,1.6332528044296915,36.65866284748788,0.8352324510595482,completed,,"Qi recalculated from inferred p=0.00224: tan_delta=0.36 (assumed EPR tan_delta=0.0004), Qi=1.24e+03"
chip_simple_dx0p000_dy3p636__Lj12p0nH_Cj2p0fF__roL8p5mm__tee_fl160um_fc12_cg1p2um__rpg1p4um,0.0,3.636,12.0,2.0,160,12,1.2,8.5,4.70597831203,5.97410979195,-1.26813147992,230.9917126460824,6.13302826451683,5.688203723513988,1.0782012323440562,52.02314,76.97547430932651,5.193587648757231,True,0.8244569965503459,1.6489139931006918,36.9027461573806,0.8432973948888234,completed,,"Qi recalculated from inferred p=0.00222: tan_delta=0.36 (assumed EPR tan_delta=0.0004), Qi=1.25e+03"
chip_simple_dx0p000_dy4p545__Lj12p0nH_Cj2p0fF__roL8p5mm__tee_fl160um_fc12_cg1p2um__rpg1p4um,0.0,4.545,12.0,2.0,160,12,1.2,8.5,4.75286142116,6.08882350457,-1.3359620834099992,235.49238786023307,5.892952473888397,5.8850993721358345,1.0013344042735701,52.14122,76.9938752336764,5.025195393378655,True,0.8500472586195837,1.7000945172391675,36.41605353842594,0.8703638591454329,completed,,"Qi recalculated from inferred p=0.00224: tan_delta=0.36 (assumed EPR tan_delta=0.0004), Qi=1.24e+03"
chip_simple_dx0p000_dy5p455__Lj12p0nH_Cj2p0fF__roL8p5mm__tee_fl160um_fc12_cg1p2um__rpg1p4um,0.0,5.455,12.0,2.0,160,12,1.2,8.5,4.71422601792,6.04446957881,-1.3302435608900005,239.06036298769277,6.030727920024871,5.790300833858292,1.0415223825264315,52.02299,76.9754523654616,5.087175020442344,True,0.8318461742295892,1.6636923484591783,36.8238678277144,0.8510717699530628,completed,,"Qi recalculated from inferred p=0.00222: tan_delta=0.36 (assumed EPR tan_delta=0.0004), Qi=1.25e+03"
chip_simple_dx0p000_dy6p364__Lj12p0nH_Cj2p0fF__roL8p5mm__tee_fl160um_fc12_cg1p2um__rpg1p4um,0.0,6.364,12.0,2.0,160,12,1.2,8.5,4.68684275544,6.22626285193,-1.5394200964899998,271.87390077175473,5.869558168603897,6.055488773398548,0.9692955248118971,52.1976,77.00263304851883,4.7855632807780255,True,0.823837453904852,1.647674907809704,36.89021076338249,0.8426557627110239,completed,,"Qi recalculated from inferred p=0.00223: tan_delta=0.36 (assumed EPR tan_delta=0.0004), Qi=1.24e+03"
chip_simple_dx0p000_dy7p273__Lj12p0nH_Cj2p0fF__roL8p5mm__tee_fl160um_fc12_cg1p2um__rpg1p4um,0.0,7.273,12.0,2.0,160,12,1.2,8.5,4.60121050011,6.17360640727,-1.5723959071600007,293.21580878460975,6.32578533212471,5.983718913317313,1.0571661910866328,52.023,76.9754933689226,4.903960629942477,True,0.7496757691783196,1.4993515383566391,37.69391280092855,0.764888257080292,completed,,"Qi recalculated from inferred p=0.00224: tan_delta=0.36 (assumed EPR tan_delta=0.0004), Qi=1.24e+03"
chip_simple_dx0p000_dy8p182__Lj12p0nH_Cj2p0fF__roL8p5mm__tee_fl160um_fc12_cg1p2um__rpg1p4um,0.0,8.182,12.0,2.0,160,12,1.2,8.5,4.66459917098,6.11256654579,-1.4479673748100002,250.43252332330852,5.540656121810913,5.83856908361424,0.9489750043997236,51.60326,76.91380713569558,5.031998342733738,True,0.8894715043419678,1.7789430086839355,37.17416513915558,0.9112757274945447,completed,,"Qi recalculated from inferred p=0.00221: tan_delta=0.36 (assumed EPR tan_delta=0.0004), Qi=1.25e+03"
chip_simple_dx0p000_dy9p091__Lj12p0nH_Cj2p0fF__roL8p5mm__tee_fl160um_fc12_cg1p2um__rpg1p4um,0.0,9.091,12.0,2.0,160,12,1.2,8.5,4.69248631541,6.18716502488,-1.4946787094699996,249.32244368071778,5.242757017772674,5.952568618706093,0.8807554105797591,51.61476,76.91494117653455,4.927360682547332,True,0.9366682042657488,1.8733364085314976,37.10852295093295,0.960923176288251,completed,,"Qi recalculated from inferred p=0.00222: tan_delta=0.36 (assumed EPR tan_delta=0.0004), Qi=1.25e+03"
chip_simple_dx0p000_dy10p000__Lj12p0nH_Cj2p0fF__roL8p5mm__tee_fl160um_fc12_cg1p2um__rpg1p4um,0.0,10.0,12.0,2.0,160,12,1.2,8.5,4.67741845193,6.13257768703,-1.4551592351,253.24029852696432,5.642575284074783,5.911901291243499,0.9544434194854315,52.02381,76.9754090509265,4.950775375531139,True,0.8680744716335725,1.736148943267145,37.068350005586204,0.8888907023717928,completed,,"Qi recalculated from inferred p=0.00223: tan_delta=0.36 (assumed EPR tan_delta=0.0004), Qi=1.25e+03"
chip_simple_dx0p909_dym10p000__Lj12p0nH_Cj2p0fF__roL8p5mm__tee_fl160um_fc12_cg1p2um__rpg1p4um,0.909,-10.0,12.0,2.0,160,12,1.2,8.5,4.75971213917,6.07465492096,-1.3149427817899992,219.69317393009035,5.310514949054718,5.782856387995313,0.9183203926832537,51.59832,76.88065060978013,5.088163618029453,True,0.9600892630653302,1.9201785261306603,36.59306159144139,0.9859577588101907,completed,,"Qi recalculated from inferred p=0.00221: tan_delta=0.36 (assumed EPR tan_delta=0.0004), Qi=1.26e+03"
chip_simple_dx0p909_dym9p091__Lj12p0nH_Cj2p0fF__roL8p5mm__tee_fl160um_fc12_cg1p2um__rpg1p4um,0.909,-9.091,12.0,2.0,160,12,1.2,8.5,4.73292662921,6.13968220021,-1.4067555710000006,242.34971323214788,5.629279759424209,5.904117804172508,0.9534497694890052,52.0815,76.95343212656809,4.909221089669327,True,0.8863175357446145,1.772635071489229,36.66262478170465,0.9082750499387915,completed,,"Qi recalculated from inferred p=0.00222: tan_delta=0.36 (assumed EPR tan_delta=0.0004), Qi=1.25e+03"
chip_simple_dx0p909_dym8p182__Lj12p0nH_Cj2p0fF__roL8p5mm__tee_fl160um_fc12_cg1p2um__rpg1p4um,0.909,-8.182,12.0,2.0,160,12,1.2,8.5,4.70055739372,6.00934439173,-1.3087869980100004,234.71121084002598,5.9578544504756925,5.695445771960415,1.0460734223486348,52.07363,76.951643498609,5.081218415663878,True,0.8488470518095139,1.6976941036190278,36.806296267369866,0.8688857734954195,completed,,"Qi recalculated from inferred p=0.0022: tan_delta=0.36 (assumed EPR tan_delta=0.0004), Qi=1.26e+03"
chip_simple_dx0p909_dym7p273__Lj12p0nH_Cj2p0fF__roL8p5mm__tee_fl160um_fc12_cg1p2um__rpg1p4um,0.909,-7.273,12.0,2.0,160,12,1.2,8.5,4.7614879753,6.08901350731,-1.3275255320100001,229.97006361165674,5.709311675077438,5.849530220387646,0.976029092931002,51.93012,76.9313544623085,5.037003013985953,True,0.884661604530793,1.769323209061586,36.468463087044746,0.906655492814921,completed,,"Qi recalculated from inferred p=0.00223: tan_delta=0.36 (assumed EPR tan_delta=0.0004), Qi=1.25e+03"
chip_simple_dx0p909_dym6p364__Lj12p0nH_Cj2p0fF__roL8p5mm__tee_fl160um_fc12_cg1p2um__rpg1p4um,0.909,-6.364,12.0,2.0,160,12,1.2,8.5,4.73510361269,6.23672959736,-1.5016259846700004,241.13087940354077,4.948697823696136,6.055025464850598,0.8172876980325369,51.94574,76.93326821999207,4.811994872247837,True,0.991736435149092,1.983472870298184,36.613655261051555,1.0193469959840982,completed,,"Qi recalculated from inferred p=0.00223: tan_delta=0.36 (assumed EPR tan_delta=0.0004), Qi=1.24e+03"
chip_simple_dx0p909_dym5p455__Lj12p0nH_Cj2p0fF__roL8p5mm__tee_fl160um_fc12_cg1p2um__rpg1p4um,0.909,-5.455,12.0,2.0,160,12,1.2,8.5,,,,,,,,51.92975,76.93129199261993,,False,,,,,completed,"(-2147352567, '发生意外。', (0, None, None, None, 0, -2147024349), None)",
chip_simple_dx0p909_dym4p545__Lj12p0nH_Cj2p0fF__roL8p5mm__tee_fl160um_fc12_cg1p2um__rpg1p4um,0.909,-4.545,12.0,2.0,160,12,1.2,8.5,4.70922868384,6.20956317751,-1.5003344936699996,259.6697894944625,5.6783903820877075,6.020366326771191,0.943196821236144,51.94578,76.93325511707037,4.854894750190203,True,0.8618838722413503,1.7237677444827006,36.83789800668271,0.8825321799291825,completed,,"Qi recalculated from inferred p=0.00223: tan_delta=0.36 (assumed EPR tan_delta=0.0004), Qi=1.24e+03"
chip_simple_dx0p909_dym3p636__Lj12p0nH_Cj2p0fF__roL8p5mm__tee_fl160um_fc12_cg1p2um__rpg1p4um,0.909,-3.636,12.0,2.0,160,12,1.2,8.5,4.74299007193,5.97185553704,-1.2288654651099993,212.43614000136665,5.585872956563949,5.67605929438614,0.9841111001233921,51.97206,76.93947717682174,5.199534050888057,True,0.9148316153777238,1.8296632307554477,36.63098105555186,0.9382640653369918,completed,,"Qi recalculated from inferred p=0.00221: tan_delta=0.36 (assumed EPR tan_delta=0.0004), Qi=1.25e+03"
chip_simple_dx0p909_dym2p727__Lj12p0nH_Cj2p0fF__roL8p5mm__tee_fl160um_fc12_cg1p2um__rpg1p4um,0.909,-2.727,12.0,2.0,160,12,1.2,8.5,4.73288476866,6.15144010433,-1.4185553356699998,248.00660401016037,5.802761653125763,5.946582947290083,0.975814464300063,51.97364,76.93757584643673,4.942246760136227,True,0.8551932554571653,1.7103865109143306,36.6482388431726,0.8756261493942611,completed,,"Qi recalculated from inferred p=0.00223: tan_delta=0.36 (assumed EPR tan_delta=0.0004), Qi=1.24e+03"
chip_simple_dx0p909_dym1p818__Lj12p0nH_Cj2p0fF__roL8p5mm__tee_fl160um_fc12_cg1p2um__rpg1p4um,0.909,-1.818,12.0,2.0,160,12,1.2,8.5,4.74382125763,6.0716485122,-1.3278272545700007,226.4433546572846,5.4996873526535035,5.834878033029041,0.9425539525456832,52.10261,76.9577672971607,5.033548741800968,True,0.9144800420452501,1.8289600840905003,36.636019616714826,0.9378909520243958,completed,,"Qi recalculated from inferred p=0.00223: tan_delta=0.36 (assumed EPR tan_delta=0.0004), Qi=1.25e+03"
chip_simple_dx0p909_dym0p909__Lj12p0nH_Cj2p0fF__roL8p5mm__tee_fl160um_fc12_cg1p2um__rpg1p4um,0.909,-0.909,12.0,2.0,160,12,1.2,8.5,4.73041475635,6.13915705239,-1.4087422960399998,240.65162948709263,5.531350560152053,5.907224899753467,0.936370403026792,51.94532,76.93336861351047,4.944896403256301,True,0.900635518203355,1.80127103640671,36.75954050408106,0.9232559617715251,completed,,"Qi recalculated from inferred p=0.00222: tan_delta=0.36 (assumed EPR tan_delta=0.0004), Qi=1.25e+03"
chip_simple_dx0p909_dy0p000__Lj12p0nH_Cj2p0fF__roL8p5mm__tee_fl160um_fc12_cg1p2um__rpg1p4um,0.909,0.0,12.0,2.0,160,12,1.2,8.5,4.74139838894,6.04523834088,-1.3038399519399997,226.36996000978667,5.675883268123626,5.713551955173814,0.9934071331904004,51.93036,76.93129177504892,5.0256388483847685,True,0.9013935931216466,1.8027871862432931,36.66472599331479,0.9241126843022089,completed,,"Qi recalculated from inferred p=0.00219: tan_delta=0.36 (assumed EPR tan_delta=0.0004), Qi=1.27e+03"
chip_simple_dx0p909_dy0p909__Lj12p0nH_Cj2p0fF__roL8p5mm__tee_fl160um_fc12_cg1p2um__rpg1p4um,0.909,0.909,12.0,2.0,160,12,1.2,8.5,4.74629473326,6.04239971887,-1.2961049856099995,229.19790488610408,5.894084815874099,5.810269347557483,1.0144254015266694,51.97203,76.93932599203242,5.1264433000231255,True,0.8555014902149869,1.7110029804299738,36.63420768763076,0.8759573109403581,completed,,"Qi recalculated from inferred p=0.00224: tan_delta=0.36 (assumed EPR tan_delta=0.0004), Qi=1.24e+03"
chip_simple_dx0p909_dy1p818__Lj12p0nH_Cj2p0fF__roL8p5mm__tee_fl160um_fc12_cg1p2um__rpg1p4um,0.909,1.818,12.0,2.0,160,12,1.2,8.5,4.72805541503,5.96254016051,-1.2344847454799996,229.17457992820783,6.395456623533248,5.710812142211281,1.119885659740309,52.07392,76.95182396919576,5.242280036739346,True,0.7912132964330308,1.5824265928660617,36.69265724335804,0.8086504357686493,completed,,"Qi recalculated from inferred p=0.00223: tan_delta=0.36 (assumed EPR tan_delta=0.0004), Qi=1.24e+03"
chip_simple_dx0p909_dy2p727__Lj12p0nH_Cj2p0fF__roL8p5mm__tee_fl160um_fc12_cg1p2um__rpg1p4um,0.909,2.727,12.0,2.0,160,12,1.2,8.5,4.68950459777,6.08766133854,-1.3981567407700002,253.08284499290463,6.096332340703964,5.866286461039824,1.0392149072828203,51.61773,76.8838306418753,5.131883270538228,True,0.8098699648068967,1.6197399296137933,36.9380581258316,0.8280244694549846,completed,,"Qi recalculated from inferred p=0.00224: tan_delta=0.36 (assumed EPR tan_delta=0.0004), Qi=1.24e+03"
chip_simple_dx0p909_dy3p636__Lj12p0nH_Cj2p0fF__roL8p5mm__tee_fl160um_fc12_cg1p2um__rpg1p4um,0.909,3.636,12.0,2.0,160,12,1.2,8.5,4.6631226493,6.11903436188,-1.4559117125799999,259.81911482762723,5.896621238670349,5.882535903816615,1.0023944324495486,51.60583,76.88247539072002,5.057567246860226,True,0.8306561141791496,1.6613122283582993,37.37072707059761,0.8495392077792185,completed,,"Qi recalculated from inferred p=0.00223: tan_delta=0.36 (assumed EPR tan_delta=0.0004), Qi=1.25e+03"
chip_simple_dx0p909_dy4p545__Lj12p0nH_Cj2p0fF__roL8p5mm__tee_fl160um_fc12_cg1p2um__rpg1p4um,0.909,4.545,12.0,2.0,160,12,1.2,8.5,4.76476123819,6.01779585812,-1.2530346199300002,211.87633532782382,5.4063290720748896,5.7317404606293385,0.9432264264598751,51.94556,76.93334600687669,5.12431001728187,True,0.9459260015516807,1.8918520031033614,36.39230638628696,0.971169086760936,completed,,"Qi recalculated from inferred p=0.00221: tan_delta=0.36 (assumed EPR tan_delta=0.0004), Qi=1.25e+03"
chip_simple_dx0p909_dy5p455__Lj12p0nH_Cj2p0fF__roL8p5mm__tee_fl160um_fc12_cg1p2um__rpg1p4um,0.909,5.455,12.0,2.0,160,12,1.2,8.5,4.77269178592,6.08439131778,-1.3116995318599995,231.95400380146305,5.962392529870987,5.854343262996758,1.0184562575203218,51.93033,76.93144973817327,5.055701686223948,True,0.8490965706610853,1.6981931413221707,36.40315889472714,0.8693745625185841,completed,,"Qi recalculated from inferred p=0.00223: tan_delta=0.36 (assumed EPR tan_delta=0.0004), Qi=1.24e+03"
chip_simple_dx0p909_dy6p364__Lj12p0nH_Cj2p0fF__roL8p5mm__tee_fl160um_fc12_cg1p2um__rpg1p4um,0.909,6.364,12.0,2.0,160,12,1.2,8.5,4.70997564431,5.99512074395,-1.2851450996400002,225.95671781879915,5.736094124229431,5.714840812333396,1.0037189683131975,51.62633,76.88526524476818,5.252413563721474,True,0.8793200153333638,1.7586400306667276,36.73235142088804,0.9008859376292977,completed,,"Qi recalculated from inferred p=0.00222: tan_delta=0.36 (assumed EPR tan_delta=0.0004), Qi=1.25e+03"
chip_simple_dx0p909_dy7p273__Lj12p0nH_Cj2p0fF__roL8p5mm__tee_fl160um_fc12_cg1p2um__rpg1p4um,0.909,7.273,12.0,2.0,160,12,1.2,8.5,4.787298265,6.12194872056,-1.3346504555599994,225.67524483352042,5.503688935358047,5.946141167085224,0.9255900222859887,51.9449,76.93341298407103,5.034762630823508,True,0.9126108346537695,1.825221669307539,36.27271109625215,0.9361644594841816,completed,,"Qi recalculated from inferred p=0.00225: tan_delta=0.36 (assumed EPR tan_delta=0.0004), Qi=1.23e+03"
chip_simple_dx0p909_dy8p182__Lj12p0nH_Cj2p0fF__roL8p5mm__tee_fl160um_fc12_cg1p2um__rpg1p4um,0.909,8.182,12.0,2.0,160,12,1.2,8.5,4.68790432134,6.07605330218,-1.3881489808400005,252.6847248926069,6.1550839484939575,5.829326184395551,1.055882576097804,52.03021,76.94690082897964,5.0314584857935385,True,0.8060345858487594,1.6120691716975188,37.01255546642744,0.8239786395104544,completed,,"Qi recalculated from inferred p=0.00222: tan_delta=0.36 (assumed EPR tan_delta=0.0004), Qi=1.25e+03"
chip_simple_dx0p909_dy9p091__Lj12p0nH_Cj2p0fF__roL8p5mm__tee_fl160um_fc12_cg1p2um__rpg1p4um,0.909,9.091,12.0,2.0,160,12,1.2,8.5,4.64262010646,6.01719400783,-1.3745739013699998,272.16782032574594,7.119226298389434,5.7859474059590505,1.230433980622986,51.93038,76.93142177785373,5.187700802305518,True,0.6886669755404946,1.3773339510809892,37.27380974880962,0.7016302214717531,completed,,"Qi recalculated from inferred p=0.00224: tan_delta=0.36 (assumed EPR tan_delta=0.0004), Qi=1.24e+03"
chip_simple_dx0p909_dy10p000__Lj12p0nH_Cj2p0fF__roL8p5mm__tee_fl160um_fc12_cg1p2um__rpg1p4um,0.909,10.0,12.0,2.0,160,12,1.2,8.5,4.6871433385,6.02047336532,-1.3333300268199997,243.26442283681763,6.148103960992813,5.760159287002021,1.0673496434145842,51.94401,76.93354101068384,5.1468341641936055,True,0.811824516628152,1.623649033256304,36.975097808558004,0.830049057323853,completed,,"Qi recalculated from inferred p=0.00223: tan_delta=0.36 (assumed EPR tan_delta=0.0004), Qi=1.25e+03"
chip_simple_dx1p818_dym10p000__Lj12p0nH_Cj2p0fF__roL8p5mm__tee_fl160um_fc12_cg1p2um__rpg1p4um,1.818,-10.0,12.0,2.0,160,12,1.2,8.5,4.71825339915,6.0249810499,-1.30672765075,227.73903094203945,5.668253818870544,5.741519544932768,0.9872393143506956,51.70797,76.9399221308144,5.169140819330988,True,0.8904528804515075,1.780905760903015,36.66492687833963,0.9126169053467776,completed,,"Qi recalculated from inferred p=0.00222: tan_delta=0.36 (assumed EPR tan_delta=0.0004), Qi=1.25e+03"
chip_simple_dx1p818_dym9p091__Lj12p0nH_Cj2p0fF__roL8p5mm__tee_fl160um_fc12_cg1p2um__rpg1p4um,1.818,-9.091,12.0,2.0,160,12,1.2,8.5,4.73395858035,5.98672827489,-1.2527696945399995,224.6710358694394,5.994751743192673,5.7112226948008775,1.0496441941670216,51.70918,76.93984467340883,5.254678926511544,True,0.846449141326932,1.692898282653864,36.68361313186857,0.8664416873063573,completed,,"Qi recalculated from inferred p=0.00223: tan_delta=0.36 (assumed EPR tan_delta=0.0004), Qi=1.25e+03"
chip_simple_dx1p818_dym8p182__Lj12p0nH_Cj2p0fF__roL8p5mm__tee_fl160um_fc12_cg1p2um__rpg1p4um,1.818,-8.182,12.0,2.0,160,12,1.2,8.5,4.76522191074,6.12811728518,-1.3628953744399999,225.89936832591556,5.259760892496109,5.912892771819234,0.8895410580695895,51.8505,76.96024537253159,5.004720102092881,True,0.9540855534450632,1.9081711068901264,36.42302034039028,0.9797496803425987,completed,,"Qi recalculated from inferred p=0.00223: tan_delta=0.36 (assumed EPR tan_delta=0.0004), Qi=1.24e+03"
chip_simple_dx1p818_dym7p273__Lj12p0nH_Cj2p0fF__roL8p5mm__tee_fl160um_fc12_cg1p2um__rpg1p4um,1.818,-7.273,12.0,2.0,160,12,1.2,8.5,4.74666112839,6.08358454415,-1.3369234157599994,231.18033563148677,5.664541106372833,5.849984420391888,0.96830020377958,51.85098,76.96029840641556,5.072143074351805,True,0.8877801457510314,1.7755602915020627,36.576166626324444,0.9098644612641115,completed,,"Qi recalculated from inferred p=0.00223: tan_delta=0.36 (assumed EPR tan_delta=0.0004), Qi=1.24e+03"
chip_simple_dx1p818_dym6p364__Lj12p0nH_Cj2p0fF__roL8p5mm__tee_fl160um_fc12_cg1p2um__rpg1p4um,1.818,-6.364,12.0,2.0,160,12,1.2,8.5,4.69578457731,6.12169403881,-1.4259094614999999,248.8868694113445,5.701926778303146,5.9202374263109245,0.9631246802640794,51.86444,76.96303335015838,5.0278820665357635,True,0.8617423468951066,1.7234846937902133,36.82580405203867,0.8823907341245747,completed,,"Qi recalculated from inferred p=0.00224: tan_delta=0.36 (assumed EPR tan_delta=0.0004), Qi=1.24e+03"
chip_simple_dx1p818_dym5p455__Lj12p0nH_Cj2p0fF__roL8p5mm__tee_fl160um_fc12_cg1p2um__rpg1p4um,1.818,-5.455,12.0,2.0,160,12,1.2,8.5,4.75276332089,6.12142191828,-1.3686585973900005,235.8553039603668,5.658263751716613,5.927860977969706,0.9545203190062952,51.8733,76.96564011561486,5.034387306924956,True,0.8822246952588901,1.7644493905177803,36.44646187589544,0.9041096132165402,completed,,"Qi recalculated from inferred p=0.00224: tan_delta=0.36 (assumed EPR tan_delta=0.0004), Qi=1.24e+03"
chip_simple_dx1p818_dym4p545__Lj12p0nH_Cj2p0fF__roL8p5mm__tee_fl160um_fc12_cg1p2um__rpg1p4um,1.818,-4.545,12.0,2.0,160,12,1.2,8.5,4.67611044409,6.03156277056,-1.35545232647,257.2605786746093,6.628282534339904,5.725714977797822,1.157634035232613,51.39309,76.89411540134701,5.207412084085527,True,0.7559150580846073,1.5118301161692147,37.10308461433234,0.7716358853736427,completed,,"Qi recalculated from inferred p=0.00221: tan_delta=0.36 (assumed EPR tan_delta=0.0004), Qi=1.26e+03"
chip_simple_dx1p818_dym3p636__Lj12p0nH_Cj2p0fF__roL8p5mm__tee_fl160um_fc12_cg1p2um__rpg1p4um,1.818,-3.636,12.0,2.0,160,12,1.2,8.5,4.7002658343,6.11919403433,-1.4189282000300008,243.63104132495798,5.529006472345352,5.866922254374302,0.9424032282382805,51.75208,76.94778677567602,5.006920843467606,True,0.8978527087413058,1.7957054174826117,37.02877071860154,0.920164333549015,completed,,"Qi recalculated from inferred p=0.00222: tan_delta=0.36 (assumed EPR tan_delta=0.0004), Qi=1.25e+03"
chip_simple_dx1p818_dym2p727__Lj12p0nH_Cj2p0fF__roL8p5mm__tee_fl160um_fc12_cg1p2um__rpg1p4um,1.818,-2.727,12.0,2.0,160,12,1.2,8.5,4.71634435567,6.07993823183,-1.3635938761599995,245.7478362240464,6.091754240879059,5.8738401283262975,1.0370990881249698,51.72304,76.93995756460892,5.138134548079322,True,0.8157276064160679,1.6314552128321358,36.76849588529787,0.834235542236413,completed,,"Qi recalculated from inferred p=0.00225: tan_delta=0.36 (assumed EPR tan_delta=0.0004), Qi=1.24e+03"
chip_simple_dx1p818_dym1p818__Lj12p0nH_Cj2p0fF__roL8p5mm__tee_fl160um_fc12_cg1p2um__rpg1p4um,1.818,-1.818,12.0,2.0,160,12,1.2,8.5,4.72149319155,6.00383369896,-1.2823405074100007,229.60827341109518,5.970341072605133,5.650635763318174,1.0565786440107088,51.87339,76.96577165615682,5.096800136750986,True,0.8580140696423912,1.7160281392847825,36.749254260475034,0.878525708131059,completed,,"Qi recalculated from inferred p=0.00219: tan_delta=0.36 (assumed EPR tan_delta=0.0004), Qi=1.27e+03"
chip_simple_dx1p818_dym0p909__Lj12p0nH_Cj2p0fF__roL8p5mm__tee_fl160um_fc12_cg1p2um__rpg1p4um,1.818,-0.909,12.0,2.0,160,12,1.2,8.5,4.67045299221,6.02263130277,-1.3521783105599994,249.60885360509673,6.254178175308227,5.769639685358345,1.0839807191390995,51.72183,76.94206925003758,5.203288282505356,True,0.7921831027530646,1.5843662055061292,37.02166139699664,0.8095047451789006,completed,,"Qi recalculated from inferred p=0.00223: tan_delta=0.36 (assumed EPR tan_delta=0.0004), Qi=1.24e+03"
chip_simple_dx1p818_dy0p000__Lj12p0nH_Cj2p0fF__roL8p5mm__tee_fl160um_fc12_cg1p2um__rpg1p4um,1.818,0.0,12.0,2.0,160,12,1.2,8.5,4.68111378467,6.07792819925,-1.3968144145799997,254.68171473649764,6.160216600387573,5.840109825142222,1.054811773207973,51.85983,76.96343732117593,5.076758947522433,True,0.801957059706671,1.603914119413342,36.94909848953164,0.8197492031562972,completed,,"Qi recalculated from inferred p=0.00223: tan_delta=0.36 (assumed EPR tan_delta=0.0004), Qi=1.25e+03"
chip_simple_dx1p818_dy0p909__Lj12p0nH_Cj2p0fF__roL8p5mm__tee_fl160um_fc12_cg1p2um__rpg1p4um,1.818,0.909,12.0,2.0,160,12,1.2,8.5,4.73339806695,6.17800054586,-1.4446024789099994,235.71353156103677,5.078991615425109,5.950849899742133,0.8534901234267723,51.39091,76.89488018322037,5.004024025397936,True,0.9777386138190508,1.9554772276381016,36.6416480466769,1.0045436616154104,completed,,"Qi recalculated from inferred p=0.00223: tan_delta=0.36 (assumed EPR tan_delta=0.0004), Qi=1.25e+03"
chip_simple_dx1p818_dy1p818__Lj12p0nH_Cj2p0fF__roL8p5mm__tee_fl160um_fc12_cg1p2um__rpg1p4um,1.818,1.818,12.0,2.0,160,12,1.2,8.5,4.66629595995,5.92142073329,-1.2551247733399995,238.696006949125,6.557780968717575,5.62692425316149,1.1654290467892976,51.72259,76.94206097528202,5.365208724054968,True,0.7659200263705436,1.5318400527410871,37.14304220758527,0.7820464666060605,completed,,"Qi recalculated from inferred p=0.00222: tan_delta=0.36 (assumed EPR tan_delta=0.0004), Qi=1.25e+03"
chip_simple_dx1p818_dy2p727__Lj12p0nH_Cj2p0fF__roL8p5mm__tee_fl160um_fc12_cg1p2um__rpg1p4um,1.818,2.727,12.0,2.0,160,12,1.2,8.5,4.73051218304,6.12803325906,-1.3975210760200003,236.38667356093669,5.421712024963378,5.8876460732017595,0.9208624223593994,51.86454,76.96274281643834,4.976090444703954,True,0.921071377778421,1.842142755556842,36.64372246203927,0.9448202445957672,completed,,"Qi recalculated from inferred p=0.00222: tan_delta=0.36 (assumed EPR tan_delta=0.0004), Qi=1.25e+03"
chip_simple_dx1p818_dy3p636__Lj12p0nH_Cj2p0fF__roL8p5mm__tee_fl160um_fc12_cg1p2um__rpg1p4um,1.818,3.636,12.0,2.0,160,12,1.2,8.5,4.7147704111,6.16119909555,-1.4464286844499998,248.05193508888928,5.562345516431808,5.9861451046852325,0.9292032550427611,51.86529,76.96265902725118,4.978300735660692,True,0.8823090205839264,1.7646180411678527,36.72572616427009,0.904027630857135,completed,,"Qi recalculated from inferred p=0.00225: tan_delta=0.36 (assumed EPR tan_delta=0.0004), Qi=1.24e+03"
chip_simple_dx1p818_dy4p545__Lj12p0nH_Cj2p0fF__roL8p5mm__tee_fl160um_fc12_cg1p2um__rpg1p4um,1.818,4.545,12.0,2.0,160,12,1.2,8.5,4.71625141136,6.09699178177,-1.3807403704099999,245.50271805823053,5.937363158708572,5.844152234649521,1.0159494346342333,51.38141,76.89256640505334,5.136807831713246,True,0.8416849327994853,1.6833698655989706,36.756576078614714,0.8614102752270988,completed,,"Qi recalculated from inferred p=0.00223: tan_delta=0.36 (assumed EPR tan_delta=0.0004), Qi=1.25e+03"
chip_simple_dx1p818_dy5p455__Lj12p0nH_Cj2p0fF__roL8p5mm__tee_fl160um_fc12_cg1p2um__rpg1p4um,1.818,5.455,12.0,2.0,160,12,1.2,8.5,4.76504494824,6.06753025245,-1.3024853042100002,221.87168167852974,5.5169573399944305,5.805015849622223,0.9503776532071762,51.70863,76.9395556019803,5.106907812844618,True,0.9209622929188501,1.8419245858377002,36.44126500902985,0.9448407928223331,completed,,"Qi recalculated from inferred p=0.00222: tan_delta=0.36 (assumed EPR tan_delta=0.0004), Qi=1.25e+03"
chip_simple_dx1p818_dy6p364__Lj12p0nH_Cj2p0fF__roL8p5mm__tee_fl160um_fc12_cg1p2um__rpg1p4um,1.818,6.364,12.0,2.0,160,12,1.2,8.5,4.81787671795,6.14073889835,-1.3228621804000005,206.51901781005614,4.750688247016907,5.9208101329931315,0.8023713208677583,51.87622,76.96429393458426,4.969836827780131,True,1.0702219032061706,2.140443806412341,36.087908733705795,1.1029303721477752,completed,,"Qi recalculated from inferred p=0.00223: tan_delta=0.36 (assumed EPR tan_delta=0.0004), Qi=1.25e+03"
chip_simple_dx1p818_dy7p273__Lj12p0nH_Cj2p0fF__roL8p5mm__tee_fl160um_fc12_cg1p2um__rpg1p4um,1.818,7.273,12.0,2.0,160,12,1.2,8.5,4.70826655373,5.99263086685,-1.2843643131200002,228.39791043317302,5.863451439090729,5.715696208117421,1.0258507845052132,51.70929,76.93982894154978,5.241073195353497,True,0.8599734652891167,1.7199469305782333,36.83997287471081,0.8805280615409364,completed,,"Qi recalculated from inferred p=0.00222: tan_delta=0.36 (assumed EPR tan_delta=0.0004), Qi=1.25e+03"
chip_simple_dx1p818_dy8p182__Lj12p0nH_Cj2p0fF__roL8p5mm__tee_fl160um_fc12_cg1p2um__rpg1p4um,1.818,8.182,12.0,2.0,160,12,1.2,8.5,4.72017945709,6.08731558494,-1.3671361278499994,238.19641006055008,5.7091661056575775,5.858573926089484,0.9744975787082653,51.70888,76.93975063001461,5.1032908694593875,True,0.8736134310157061,1.7472268620314122,36.70362205896613,0.8949140239007348,completed,,"Qi recalculated from inferred p=0.00224: tan_delta=0.36 (assumed EPR tan_delta=0.0004), Qi=1.24e+03"
chip_simple_dx1p818_dy9p091__Lj12p0nH_Cj2p0fF__roL8p5mm__tee_fl160um_fc12_cg1p2um__rpg1p4um,1.818,9.091,12.0,2.0,160,12,1.2,8.5,4.69496856783,6.12283227216,-1.42786370433,245.5961565570783,5.541488399610519,5.835966686470624,0.9495407868686457,51.8644,76.96277440071171,4.938774957433712,True,0.8992928890165903,1.7985857780331806,36.82800212968232,0.9218021223658488,completed,,"Qi recalculated from inferred p=0.0022: tan_delta=0.36 (assumed EPR tan_delta=0.0004), Qi=1.26e+03"
chip_simple_dx1p818_dy10p000__Lj12p0nH_Cj2p0fF__roL8p5mm__tee_fl160um_fc12_cg1p2um__rpg1p4um,1.818,10.0,12.0,2.0,160,12,1.2,8.5,4.76456970698,6.12469469811,-1.3601249911300002,235.17172413097126,5.715602728620529,5.857749191271262,0.9757336038110768,51.86514,76.962660982133,4.955335007871511,True,0.8866432836848533,1.7732865673697067,36.33898853984143,0.9088177352429471,completed,,"Qi recalculated from inferred p=0.00221: tan_delta=0.36 (assumed EPR tan_delta=0.0004), Qi=1.26e+03"
chip_simple_dx2p727_dym10p000__Lj12p0nH_Cj2p0fF__roL8p5mm__tee_fl160um_fc12_cg1p2um__rpg1p4um,2.727,-10.0,12.0,2.0,160,12,1.2,8.5,4.74229331487,6.15078958492,-1.4084962700499997,241.95026076677843,5.620493009893417,5.9601362593327005,0.9430141804379972,52.02274,76.96607907293243,4.946439452102259,True,0.8830814783872631,1.7661629567745263,36.54799866113708,0.9049470246739603,completed,,"Qi recalculated from inferred p=0.00224: tan_delta=0.36 (assumed EPR tan_delta=0.0004), Qi=1.24e+03"
chip_simple_dx2p727_dym9p091__Lj12p0nH_Cj2p0fF__roL8p5mm__tee_fl160um_fc12_cg1p2um__rpg1p4um,2.727,-9.091,12.0,2.0,160,12,1.2,8.5,4.71854167281,6.10937869643,-1.3908370236200005,235.1503843898085,5.389543067037582,5.897915052557842,0.9138047969511216,52.02338,76.96611122274625,5.004683379957258,True,0.9204764474007283,1.8409528948014566,36.90305653368743,0.9440233105825148,completed,,"Qi recalculated from inferred p=0.00224: tan_delta=0.36 (assumed EPR tan_delta=0.0004), Qi=1.24e+03"
chip_simple_dx2p727_dym8p182__Lj12p0nH_Cj2p0fF__roL8p5mm__tee_fl160um_fc12_cg1p2um__rpg1p4um,2.727,-8.182,12.0,2.0,160,12,1.2,8.5,4.76605487334,6.062936783,-1.2968819096599997,220.70248592051564,5.504983878475189,5.824211585305177,0.9451895415964252,51.87686,76.94523929029451,5.101274012025525,True,0.9196639068223068,1.8393278136446136,36.31418921532382,0.943559740828831,completed,,"Qi recalculated from inferred p=0.00223: tan_delta=0.36 (assumed EPR tan_delta=0.0004), Qi=1.25e+03"
chip_simple_dx2p727_dym7p273__Lj12p0nH_Cj2p0fF__roL8p5mm__tee_fl160um_fc12_cg1p2um__rpg1p4um,2.727,-7.273,12.0,2.0,160,12,1.2,8.5,4.75350553829,6.23137226029,-1.477866722,250.035837607935,5.515988144140243,6.081021639957449,0.9070824724410683,51.86593,76.94353191873194,4.870039020239158,True,0.8919627706294989,1.7839255412589978,36.43955912215289,0.9143439627731687,completed,,"Qi recalculated from inferred p=0.00225: tan_delta=0.36 (assumed EPR tan_delta=0.0004), Qi=1.24e+03"
chip_simple_dx2p727_dym6p364__Lj12p0nH_Cj2p0fF__roL8p5mm__tee_fl160um_fc12_cg1p2um__rpg1p4um,2.727,-6.364,12.0,2.0,160,12,1.2,8.5,4.72708638401,6.15667409709,-1.42958771308,244.333560948847,5.543435228425979,5.937980422389637,0.9335556593490957,52.02297,76.96608014174811,4.907311197551703,True,0.89516089281993,1.79032178563986,36.66185755129733,0.9175647796447494,completed,,"Qi recalculated from inferred p=0.00223: tan_delta=0.36 (assumed EPR tan_delta=0.0004), Qi=1.25e+03"
chip_simple_dx2p727_dym5p455__Lj12p0nH_Cj2p0fF__roL8p5mm__tee_fl160um_fc12_cg1p2um__rpg1p4um,2.727,-5.455,12.0,2.0,160,12,1.2,8.5,4.81291050374,6.08882773612,-1.2759172323799994,207.83881760065367,5.129732102048874,5.852353811754291,0.8765246031000293,52.05297,76.97044043555859,5.011991422078848,True,0.9965336101525393,1.9930672203050785,36.00628852730525,1.0248993967315565,completed,,"Qi recalculated from inferred p=0.00223: tan_delta=0.36 (assumed EPR tan_delta=0.0004), Qi=1.25e+03"
chip_simple_dx2p727_dym4p545__Lj12p0nH_Cj2p0fF__roL8p5mm__tee_fl160um_fc12_cg1p2um__rpg1p4um,2.727,-4.545,12.0,2.0,160,12,1.2,8.5,4.67903296313,6.11573618128,-1.43670321815,259.02103527572217,6.044701898437499,5.889612598595296,1.0263326827097579,52.03474,76.96766296847069,4.974940593976749,True,0.8131130919715344,1.6262261839430687,37.015144844882805,0.8313759592284901,completed,,"Qi recalculated from inferred p=0.00223: tan_delta=0.36 (assumed EPR tan_delta=0.0004), Qi=1.25e+03"
chip_simple_dx2p727_dym3p636__Lj12p0nH_Cj2p0fF__roL8p5mm__tee_fl160um_fc12_cg1p2um__rpg1p4um,2.727,-3.636,12.0,2.0,160,12,1.2,8.5,4.72851008449,6.15393913849,-1.4254290540000003,242.70006914810185,5.502300477457046,5.946585208298799,0.9252874186984275,51.8649,76.94353822819315,4.9599255459336025,True,0.9005307045212859,1.8010614090425718,36.64667218936022,0.9232172244112594,completed,,"Qi recalculated from inferred p=0.00223: tan_delta=0.36 (assumed EPR tan_delta=0.0004), Qi=1.24e+03"
chip_simple_dx2p727_dym2p727__Lj12p0nH_Cj2p0fF__roL8p5mm__tee_fl160um_fc12_cg1p2um__rpg1p4um,2.727,-2.727,12.0,2.0,160,12,1.2,8.5,4.74631445878,6.09700835048,-1.3506938917000006,228.52115913635785,5.432559073844909,5.873822536131756,0.9248762693165321,51.86641,76.94358612052386,5.053101306808026,True,0.9226744019927849,1.8453488039855699,36.524946098880015,0.9465865854439094,completed,,"Qi recalculated from inferred p=0.00223: tan_delta=0.36 (assumed EPR tan_delta=0.0004), Qi=1.24e+03"
chip_simple_dx2p727_dym1p818__Lj12p0nH_Cj2p0fF__roL8p5mm__tee_fl160um_fc12_cg1p2um__rpg1p4um,2.727,-1.818,12.0,2.0,160,12,1.2,8.5,4.79645156373,6.00832875415,-1.21187719042,211.22417671555775,5.780460235179901,5.742636683458404,1.006586443441642,51.89589,76.94928265192681,5.176809642525729,True,0.8899302265719252,1.7798604531438504,36.29015482258895,0.9123022826027637,completed,,"Qi recalculated from inferred p=0.00223: tan_delta=0.36 (assumed EPR tan_delta=0.0004), Qi=1.25e+03"
chip_simple_dx2p727_dym0p909__Lj12p0nH_Cj2p0fF__roL8p5mm__tee_fl160um_fc12_cg1p2um__rpg1p4um,2.727,-0.909,12.0,2.0,160,12,1.2,8.5,4.66661421666,6.17255406828,-1.50593985162,270.8126186858037,6.023148980243683,5.967388615030237,1.0093441819882487,51.85172,76.94135737939843,4.929842343903194,True,0.8068405772034065,1.613681154406813,37.190892749573145,0.8247328041037487,completed,,"Qi recalculated from inferred p=0.00223: tan_delta=0.36 (assumed EPR tan_delta=0.0004), Qi=1.24e+03"
chip_simple_dx2p727_dy0p000__Lj12p0nH_Cj2p0fF__roL8p5mm__tee_fl160um_fc12_cg1p2um__rpg1p4um,2.727,0.0,12.0,2.0,160,12,1.2,8.5,4.76620966397,6.02515822259,-1.2589485586200002,229.04963471324578,6.254953544332504,5.809278275147736,1.0767178379268523,51.85163,76.94147881940434,5.206858629648828,True,0.8092508432630556,1.6185016865261113,36.373113472777746,0.8276652358205859,completed,,"Qi recalculated from inferred p=0.00225: tan_delta=0.36 (assumed EPR tan_delta=0.0004), Qi=1.24e+03"
chip_simple_dx2p727_dy0p909__Lj12p0nH_Cj2p0fF__roL8p5mm__tee_fl160um_fc12_cg1p2um__rpg1p4um,2.727,0.909,12.0,2.0,160,12,1.2,8.5,4.74298606075,6.14557563555,-1.4025895748000003,240.00739016593903,5.577913346075058,5.859609361630187,0.951925802870115,51.85197,76.94135214178013,4.899705134001058,True,0.9046126337907988,1.8092252675815976,36.494504949899614,0.9276057917904238,completed,,"Qi recalculated from inferred p=0.0022: tan_delta=0.36 (assumed EPR tan_delta=0.0004), Qi=1.26e+03"
chip_simple_dx2p727_dy1p818__Lj12p0nH_Cj2p0fF__roL8p5mm__tee_fl160um_fc12_cg1p2um__rpg1p4um,2.727,1.818,12.0,2.0,160,12,1.2,8.5,4.68563403825,6.08133316983,-1.3956991315799998,245.0156338090338,5.72811288560295,5.777845440182654,0.9913925432768012,51.87761,76.94647019398836,4.997765435211129,True,0.8727790230915025,1.745558046183005,37.07503238631018,0.8938203437934477,completed,,"Qi recalculated from inferred p=0.0022: tan_delta=0.36 (assumed EPR tan_delta=0.0004), Qi=1.26e+03"
chip_simple_dx2p727_dy2p727__Lj12p0nH_Cj2p0fF__roL8p5mm__tee_fl160um_fc12_cg1p2um__rpg1p4um,2.727,2.727,12.0,2.0,160,12,1.2,8.5,4.73128014823,6.18706920741,-1.4557890591800007,252.03008678678606,5.709969924663543,5.997949180219245,0.9519870464215611,51.86621,76.94338871006873,4.915053811091264,True,0.8644670262487243,1.7289340524974486,36.66903974933899,0.8853387524734972,completed,,"Qi recalculated from inferred p=0.00224: tan_delta=0.36 (assumed EPR tan_delta=0.0004), Qi=1.24e+03"
chip_simple_dx2p727_dy3p636__Lj12p0nH_Cj2p0fF__roL8p5mm__tee_fl160um_fc12_cg1p2um__rpg1p4um,2.727,3.636,12.0,2.0,160,12,1.2,8.5,4.74429494791,5.9687577148,-1.2244627668899994,220.31380570618495,6.039171265787124,5.653802310643351,1.068161024027726,51.86644,76.94346363741194,5.2100594329273395,True,0.8493396868891325,1.698679373778265,36.568741377241125,0.8695353752150032,completed,,"Qi recalculated from inferred p=0.00221: tan_delta=0.36 (assumed EPR tan_delta=0.0004), Qi=1.26e+03"
chip_simple_dx2p727_dy4p545__Lj12p0nH_Cj2p0fF__roL8p5mm__tee_fl160um_fc12_cg1p2um__rpg1p4um,2.727,4.545,12.0,2.0,160,12,1.2,8.5,4.72661637865,6.17653112846,-1.4499147498099996,253.68702655650378,5.815809796421051,5.959841194906359,0.9758330140392991,52.03364,76.96753544527078,4.869650420871806,True,0.8520329707071972,1.7040659414143944,36.64345119330285,0.872316050261553,completed,,"Qi recalculated from inferred p=0.00222: tan_delta=0.36 (assumed EPR tan_delta=0.0004), Qi=1.25e+03"
chip_simple_dx2p727_dy5p455__Lj12p0nH_Cj2p0fF__roL8p5mm__tee_fl160um_fc12_cg1p2um__rpg1p4um,2.727,5.455,12.0,2.0,160,12,1.2,8.5,4.74208651799,6.09436211613,-1.3522755981400003,235.1566146380877,5.726268231283187,5.880473450765719,0.9737767340038833,52.02279,76.9661354569611,5.031427547796931,True,0.8736227984073871,1.7472455968147742,36.573149856964534,0.8950017033056303,completed,,"Qi recalculated from inferred p=0.00224: tan_delta=0.36 (assumed EPR tan_delta=0.0004), Qi=1.24e+03"
chip_simple_dx2p727_dy6p364__Lj12p0nH_Cj2p0fF__roL8p5mm__tee_fl160um_fc12_cg1p2um__rpg1p4um,2.727,6.364,12.0,2.0,160,12,1.2,8.5,4.71827326294,6.10422533124,-1.3859520683,249.82521607115473,6.110669951080322,5.8854262094209915,1.03827144095338,51.97963,76.96121630310775,5.017273467951812,True,0.813851575800977,1.627703151601954,36.76844013178679,0.832273546793702,completed,,"Qi recalculated from inferred p=0.00223: tan_delta=0.36 (assumed EPR tan_delta=0.0004), Qi=1.24e+03"
chip_simple_dx2p727_dy7p273__Lj12p0nH_Cj2p0fF__roL8p5mm__tee_fl160um_fc12_cg1p2um__rpg1p4um,2.727,7.273,12.0,2.0,160,12,1.2,8.5,4.68966238365,6.08117321467,-1.3915108310199997,243.42591072707387,5.692696949018478,5.793400597005795,0.9826175238012431,51.86629,76.94344974048379,5.017012841426554,True,0.8763736241166874,1.7527472482333748,36.90729310715876,0.8976895033689194,completed,,"Qi recalculated from inferred p=0.00221: tan_delta=0.36 (assumed EPR tan_delta=0.0004), Qi=1.26e+03"
chip_simple_dx2p727_dy8p182__Lj12p0nH_Cj2p0fF__roL8p5mm__tee_fl160um_fc12_cg1p2um__rpg1p4um,2.727,8.182,12.0,2.0,160,12,1.2,8.5,4.72577115301,6.11702248151,-1.3912513285,241.13444090201696,5.67343218500328,5.90532555190526,0.9607314846804403,52.02343,76.96602179804238,4.989706164073128,True,0.8757212669619058,1.7514425339238116,36.650024536508795,0.8971580991940009,completed,,"Qi recalculated from inferred p=0.00223: tan_delta=0.36 (assumed EPR tan_delta=0.0004), Qi=1.24e+03"
chip_simple_dx2p727_dy9p091__Lj12p0nH_Cj2p0fF__roL8p5mm__tee_fl160um_fc12_cg1p2um__rpg1p4um,2.727,9.091,12.0,2.0,160,12,1.2,8.5,4.66405896257,5.9877620988,-1.3237031362299998,246.19094484973786,6.321251501457214,5.7157127710675235,1.1059428201946884,52.02327,76.96612991652658,5.1810372358562296,True,0.7879513875518607,1.5759027751037213,37.2414890299887,0.8049831334206657,completed,,"Qi recalculated from inferred p=0.00222: tan_delta=0.36 (assumed EPR tan_delta=0.0004), Qi=1.25e+03"
chip_simple_dx2p727_dy10p000__Lj12p0nH_Cj2p0fF__roL8p5mm__tee_fl160um_fc12_cg1p2um__rpg1p4um,2.727,10.0,12.0,2.0,160,12,1.2,8.5,4.65896495843,6.23455703196,-1.5755920735299993,280.3326352659665,5.910671091032028,6.066617974357407,0.9742942634620243,51.86568,76.94345662858551,4.847221653488949,True,0.810625984811281,1.621251969622562,37.10464484572167,0.8287312954898675,completed,,"Qi recalculated from inferred p=0.00224: tan_delta=0.36 (assumed EPR tan_delta=0.0004), Qi=1.24e+03"
chip_simple_dx3p636_dym10p000__Lj12p0nH_Cj2p0fF__roL8p5mm__tee_fl160um_fc12_cg1p2um__rpg1p4um,3.636,-10.0,12.0,2.0,160,12,1.2,8.5,4.71703014209,6.07430842251,-1.35727828042,240.95577093713277,5.908099547199249,5.866915155687882,1.0070197694049554,51.87647,76.92435373847526,5.11164788919927,True,0.8410616141370177,1.6821232282740355,36.78302071103737,0.8607429185664074,completed,,"Qi recalculated from inferred p=0.00224: tan_delta=0.36 (assumed EPR tan_delta=0.0004), Qi=1.24e+03"
chip_simple_dx3p636_dym9p091__Lj12p0nH_Cj2p0fF__roL8p5mm__tee_fl160um_fc12_cg1p2um__rpg1p4um,3.636,-9.091,12.0,2.0,160,12,1.2,8.5,4.74762783623,6.02799146582,-1.2803636295899992,214.95375549931182,5.311174287874222,5.736266000675814,0.9258940026924293,52.03555,76.94685487479083,5.077024196474903,True,0.9586921666273702,1.9173843332547404,36.723233650791535,0.9843905436290614,completed,,"Qi recalculated from inferred p=0.00221: tan_delta=0.36 (assumed EPR tan_delta=0.0004), Qi=1.26e+03"
chip_simple_dx3p636_dym8p182__Lj12p0nH_Cj2p0fF__roL8p5mm__tee_fl160um_fc12_cg1p2um__rpg1p4um,3.636,-8.182,12.0,2.0,160,12,1.2,8.5,4.74482600745,6.1760125541,-1.4311865466499993,255.02477371274762,6.058807715967178,5.96832645813201,1.0151602393853447,51.52986,76.87073050037571,4.99501126136983,True,0.82097828211715,1.6419565642343,36.559580041817725,0.8398375912820665,completed,,"Qi recalculated from inferred p=0.00224: tan_delta=0.36 (assumed EPR tan_delta=0.0004), Qi=1.24e+03"
chip_simple_dx3p636_dym7p273__Lj12p0nH_Cj2p0fF__roL8p5mm__tee_fl160um_fc12_cg1p2um__rpg1p4um,3.636,-7.273,12.0,2.0,160,12,1.2,8.5,4.71844087505,6.09326872435,-1.3748278493,249.2646758562308,6.172192269672394,5.887827549157398,1.0482970532239333,51.86941,76.92290127076704,5.078008993679478,True,0.8042835149982375,1.608567029996475,36.671314423366404,0.8223187957592941,completed,,"Qi recalculated from inferred p=0.00224: tan_delta=0.36 (assumed EPR tan_delta=0.0004), Qi=1.24e+03"
chip_simple_dx3p636_dym6p364__Lj12p0nH_Cj2p0fF__roL8p5mm__tee_fl160um_fc12_cg1p2um__rpg1p4um,3.636,-6.364,12.0,2.0,160,12,1.2,8.5,4.66828138852,6.04703662438,-1.37875523586,261.5727515261907,6.612629444187164,5.795748305248993,1.140944895450058,51.87624,76.92355607001677,5.11962213433758,True,0.7475811825470904,1.4951623650941808,37.09582588316945,0.7629568252803675,completed,,"Qi recalculated from inferred p=0.00223: tan_delta=0.36 (assumed EPR tan_delta=0.0004), Qi=1.25e+03"
chip_simple_dx3p636_dym5p455__Lj12p0nH_Cj2p0fF__roL8p5mm__tee_fl160um_fc12_cg1p2um__rpg1p4um,3.636,-5.455,12.0,2.0,160,12,1.2,8.5,4.63197173575,6.19329916872,-1.5613274329700007,294.34437514212726,6.540510196891784,6.010793791569966,1.0881275291900274,52.03074,76.94886331547916,4.872533658568232,True,0.7304620806822724,1.4609241613645447,37.395847594130736,0.7450146305557481,completed,,"Qi recalculated from inferred p=0.00224: tan_delta=0.36 (assumed EPR tan_delta=0.0004), Qi=1.24e+03"
chip_simple_dx3p636_dym4p545__Lj12p0nH_Cj2p0fF__roL8p5mm__tee_fl160um_fc12_cg1p2um__rpg1p4um,3.636,-4.545,12.0,2.0,160,12,1.2,8.5,4.73608663371,6.03725752393,-1.3011708902199999,229.11161885507642,5.823189326255798,5.733624292767639,1.0156210154197118,51.53036,76.87072723438311,5.165433851110754,True,0.8739412002954875,1.747882400590975,36.644292433282025,0.8952933311873303,completed,,"Qi recalculated from inferred p=0.00221: tan_delta=0.36 (assumed EPR tan_delta=0.0004), Qi=1.26e+03"
chip_simple_dx3p636_dym3p636__Lj12p0nH_Cj2p0fF__roL8p5mm__tee_fl160um_fc12_cg1p2um__rpg1p4um,3.636,-3.636,12.0,2.0,160,12,1.2,8.5,4.74777878771,6.12954537699,-1.3817665892800006,245.85809066272316,6.021033943702697,5.948433271599349,1.0122050074008528,51.994,76.94239093631235,5.003316072001177,True,0.8260233327324754,1.6520466654649508,36.557267006879655,0.845119072932309,completed,,"Qi recalculated from inferred p=0.00225: tan_delta=0.36 (assumed EPR tan_delta=0.0004), Qi=1.24e+03"
chip_simple_dx3p636_dym2p727__Lj12p0nH_Cj2p0fF__roL8p5mm__tee_fl160um_fc12_cg1p2um__rpg1p4um,3.636,-2.727,12.0,2.0,160,12,1.2,8.5,4.78139468148,6.06132052905,-1.2799258475699995,212.1371321798882,5.243374503707885,5.765522293104982,0.9094361685113012,51.5285,76.87132354019924,5.126631673580702,True,0.9777899475554657,1.9555798951109313,36.25963399979032,1.0048881111357209,completed,,"Qi recalculated from inferred p=0.00221: tan_delta=0.36 (assumed EPR tan_delta=0.0004), Qi=1.26e+03"
chip_simple_dx3p636_dym1p818__Lj12p0nH_Cj2p0fF__roL8p5mm__tee_fl160um_fc12_cg1p2um__rpg1p4um,3.636,-1.818,12.0,2.0,160,12,1.2,8.5,4.64263027066,6.04873906928,-1.40610879862,254.11470386449682,5.9654704405250545,5.708747532691113,1.0449700930657415,51.86982,76.92278337759014,5.024162420405275,True,0.8345470501705124,1.669094100341025,37.37705629835977,0.8536061896022911,completed,,"Qi recalculated from inferred p=0.00219: tan_delta=0.36 (assumed EPR tan_delta=0.0004), Qi=1.27e+03"
chip_simple_dx3p636_dym0p909__Lj12p0nH_Cj2p0fF__roL8p5mm__tee_fl160um_fc12_cg1p2um__rpg1p4um,3.636,-0.909,12.0,2.0,160,12,1.2,8.5,4.74682723468,6.06657591767,-1.3197486829900003,232.95693903075104,5.891095231824875,5.84385390194947,1.00808393410719,51.87011,76.92262637592984,5.112431004705412,True,0.8536388063856151,1.7072776127712301,36.49949843234389,0.8740815511928351,completed,,"Qi recalculated from inferred p=0.00224: tan_delta=0.36 (assumed EPR tan_delta=0.0004), Qi=1.24e+03"
chip_simple_dx3p636_dy0p000__Lj12p0nH_Cj2p0fF__roL8p5mm__tee_fl160um_fc12_cg1p2um__rpg1p4um,3.636,0.0,12.0,2.0,160,12,1.2,8.5,4.70882035794,5.9422654803,-1.23344512236,229.9937839696689,6.4021899407176965,5.689626408771035,1.1252390720853278,52.04134,76.94779782488797,5.290867323174246,True,0.7873431355481432,1.5746862710962863,36.84988497155394,0.8045329724685082,completed,,"Qi recalculated from inferred p=0.00224: tan_delta=0.36 (assumed EPR tan_delta=0.0004), Qi=1.24e+03"
chip_simple_dx3p636_dy0p909__Lj12p0nH_Cj2p0fF__roL8p5mm__tee_fl160um_fc12_cg1p2um__rpg1p4um,3.636,0.909,12.0,2.0,160,12,1.2,8.5,4.73143429893,6.12491806194,-1.3934837630099999,234.98575964773192,5.389206310459136,5.885525347962422,0.9156712428950607,51.86974,76.92271848802673,4.98185816335873,True,0.926895231895124,1.853790463790248,36.64933709671292,0.9509455130646219,completed,,"Qi recalculated from inferred p=0.00222: tan_delta=0.36 (assumed EPR tan_delta=0.0004), Qi=1.25e+03"
chip_simple_dx3p636_dy1p818__Lj12p0nH_Cj2p0fF__roL8p5mm__tee_fl160um_fc12_cg1p2um__rpg1p4um,3.636,1.818,12.0,2.0,160,12,1.2,8.5,4.70410383857,6.10458585083,-1.4004820122600004,241.3514256786174,5.567014398902892,5.861681512957739,0.9497299344218103,52.04117,76.9479263373599,4.977772258531694,True,0.8921046123474194,1.784209224694839,36.86972893843909,0.9142253236027864,completed,,"Qi recalculated from inferred p=0.00222: tan_delta=0.36 (assumed EPR tan_delta=0.0004), Qi=1.25e+03"
chip_simple_dx3p636_dy2p727__Lj12p0nH_Cj2p0fF__roL8p5mm__tee_fl160um_fc12_cg1p2um__rpg1p4um,3.636,2.727,12.0,2.0,160,12,1.2,8.5,4.7695153084,6.10276815564,-1.3332528472399998,227.5127877530553,5.564971743753433,5.861853039357804,0.949353678160977,51.52879,76.87132930536423,5.102872422944566,True,0.9090747458823292,1.8181494917646583,36.351095684959375,0.9323921773296382,completed,,"Qi recalculated from inferred p=0.00223: tan_delta=0.36 (assumed EPR tan_delta=0.0004), Qi=1.25e+03"
chip_simple_dx3p636_dy3p636__Lj12p0nH_Cj2p0fF__roL8p5mm__tee_fl160um_fc12_cg1p2um__rpg1p4um,3.636,3.636,12.0,2.0,160,12,1.2,8.5,4.64027560624,6.0453856762,-1.4051100699599992,269.36381961114404,6.692517402437209,5.806133906462158,1.1526632885591075,51.87642,76.92365885983858,5.135569538483228,True,0.7312835085391708,1.4625670170783416,37.34145332791808,0.7458908040666087,completed,,"Qi recalculated from inferred p=0.00223: tan_delta=0.36 (assumed EPR tan_delta=0.0004), Qi=1.24e+03"
chip_simple_dx3p636_dy4p545__Lj12p0nH_Cj2p0fF__roL8p5mm__tee_fl160um_fc12_cg1p2um__rpg1p4um,3.636,4.545,12.0,2.0,160,12,1.2,8.5,4.76686960241,6.03406234879,-1.2671927463800001,231.9630982052728,6.336961414855956,5.803810222877011,1.091862271767159,51.55958,76.87778463074456,5.243742005795508,True,0.8003900227490639,1.6007800454981278,36.41240478508157,0.8183790130601049,completed,,"Qi recalculated from inferred p=0.00224: tan_delta=0.36 (assumed EPR tan_delta=0.0004), Qi=1.24e+03"
chip_simple_dx3p636_dy5p455__Lj12p0nH_Cj2p0fF__roL8p5mm__tee_fl160um_fc12_cg1p2um__rpg1p4um,3.636,5.455,12.0,2.0,160,12,1.2,8.5,4.80652602058,6.08918636259,-1.2826603420099998,216.8797583809785,5.510822755336761,5.847523096105645,0.9424200066874262,51.87099,76.92265059931484,5.048183264505577,True,0.9275292131644535,1.855058426328907,36.09509126457968,0.9519923943203064,completed,,"Qi recalculated from inferred p=0.00223: tan_delta=0.36 (assumed EPR tan_delta=0.0004), Qi=1.25e+03"
chip_simple_dx3p636_dy6p364__Lj12p0nH_Cj2p0fF__roL8p5mm__tee_fl160um_fc12_cg1p2um__rpg1p4um,3.636,6.364,12.0,2.0,160,12,1.2,8.5,4.70747191391,6.07732489971,-1.3698529857999997,247.2841235563809,6.088856940464019,5.838361767601531,1.0429050447426103,52.04209,76.94789651984578,5.034260395102507,True,0.8179453397513862,1.6358906795027723,36.80581378037056,0.8365358983982516,completed,,"Qi recalculated from inferred p=0.00223: tan_delta=0.36 (assumed EPR tan_delta=0.0004), Qi=1.25e+03"
chip_simple_dx3p636_dy7p273__Lj12p0nH_Cj2p0fF__roL8p5mm__tee_fl160um_fc12_cg1p2um__rpg1p4um,3.636,7.273,12.0,2.0,160,12,1.2,8.5,4.64301310099,6.06890912074,-1.4258960197499997,260.94499649016126,6.122459167245864,5.802140772643392,1.055206932605418,51.87041,76.92280211191627,5.061733873745459,True,0.8014115265659378,1.6028230531318757,37.216916742457656,0.8190485312183535,completed,,"Qi recalculated from inferred p=0.00222: tan_delta=0.36 (assumed EPR tan_delta=0.0004), Qi=1.25e+03"
chip_simple_dx3p636_dy8p182__Lj12p0nH_Cj2p0fF__roL8p5mm__tee_fl160um_fc12_cg1p2um__rpg1p4um,3.636,8.182,12.0,2.0,160,12,1.2,8.5,4.73023832949,6.13512220294,-1.4048838734500002,235.85297411684917,5.346158240707397,5.904860917666218,0.905382584831543,52.04158,76.94773328758633,4.932243118742258,True,0.9320289843300809,1.8640579686601617,36.675947457279236,0.9563318046347091,completed,,"Qi recalculated from inferred p=0.00222: tan_delta=0.36 (assumed EPR tan_delta=0.0004), Qi=1.25e+03"
chip_simple_dx3p636_dy9p091__Lj12p0nH_Cj2p0fF__roL8p5mm__tee_fl160um_fc12_cg1p2um__rpg1p4um,3.636,9.091,12.0,2.0,160,12,1.2,8.5,4.75576570631,6.07168713414,-1.3159214278300002,226.12949018838373,5.601566335306168,5.825369051623113,0.9615813668913237,51.87076,76.92283619549939,5.077569522582048,True,0.9022977763950617,1.8045955527901234,36.42914246338514,0.9252140045166547,completed,,"Qi recalculated from inferred p=0.00223: tan_delta=0.36 (assumed EPR tan_delta=0.0004), Qi=1.25e+03"
chip_simple_dx3p636_dy10p000__Lj12p0nH_Cj2p0fF__roL8p5mm__tee_fl160um_fc12_cg1p2um__rpg1p4um,3.636,10.0,12.0,2.0,160,12,1.2,8.5,4.75276132751,6.0254162175,-1.27265488999,230.03465147640503,6.153329925121307,5.7714826134632835,1.066161043397632,51.87532,76.92359751561075,5.16005410233266,True,0.8249787028419655,1.649957405683931,36.51396911103998,0.8440487256237383,completed,,"Qi recalculated from inferred p=0.00223: tan_delta=0.36 (assumed EPR tan_delta=0.0004), Qi=1.25e+03"
chip_simple_dx4p545_dym10p000__Lj12p0nH_Cj2p0fF__roL8p5mm__tee_fl160um_fc12_cg1p2um__rpg1p4um,4.545,-10.0,12.0,2.0,160,12,1.2,8.5,4.74063988225,6.06861380015,-1.3279739178999996,234.4946741312744,5.884236363721847,5.822012514288446,1.0106876873384745,51.95871,76.96382310606494,5.06272377432255,True,0.8562033854540471,1.7124067709080941,36.590239480862,0.876718399075953,completed,,"Qi recalculated from inferred p=0.00223: tan_delta=0.36 (assumed EPR tan_delta=0.0004), Qi=1.25e+03"
chip_simple_dx4p545_dym9p091__Lj12p0nH_Cj2p0fF__roL8p5mm__tee_fl160um_fc12_cg1p2um__rpg1p4um,4.545,-9.091,12.0,2.0,160,12,1.2,8.5,4.69845603184,6.03996782339,-1.3415117915499994,243.1226746857453,6.099931291072846,5.71065108426744,1.0681673947613177,51.58175,76.9079196814523,5.12025439984141,True,0.8295450325825238,1.6590900651650475,37.05638427980794,0.8485404783730378,completed,,"Qi recalculated from inferred p=0.0022: tan_delta=0.36 (assumed EPR tan_delta=0.0004), Qi=1.26e+03"
chip_simple_dx4p545_dym8p182__Lj12p0nH_Cj2p0fF__roL8p5mm__tee_fl160um_fc12_cg1p2um__rpg1p4um,4.545,-8.182,12.0,2.0,160,12,1.2,8.5,4.75308547284,6.17343119835,-1.4203457255100007,238.30808807694132,5.396160117353439,5.979312965249873,0.902471596438327,52.11878,76.98676927061125,4.878450079241395,True,0.9216645357203769,1.8433290714407538,36.502261385516,0.945538938951742,completed,,"Qi recalculated from inferred p=0.00223: tan_delta=0.36 (assumed EPR tan_delta=0.0004), Qi=1.24e+03"
chip_simple_dx4p545_dym7p273__Lj12p0nH_Cj2p0fF__roL8p5mm__tee_fl160um_fc12_cg1p2um__rpg1p4um,4.545,-7.273,12.0,2.0,160,12,1.2,8.5,4.70975884229,6.16440380235,-1.4546449600599995,258.2466833663227,5.946511625797272,5.972072223380172,0.9957199784887342,52.17864,76.9976565437215,4.883641058214613,True,0.8265788595086602,1.6531577190173203,36.839804654074754,0.845550573258605,completed,,"Qi recalculated from inferred p=0.00223: tan_delta=0.36 (assumed EPR tan_delta=0.0004), Qi=1.24e+03"
chip_simple_dx4p545_dym6p364__Lj12p0nH_Cj2p0fF__roL8p5mm__tee_fl160um_fc12_cg1p2um__rpg1p4um,4.545,-6.364,12.0,2.0,160,12,1.2,8.5,4.61231478285,6.1335076061,-1.5211928232499998,294.2549832930316,6.798953771820068,5.929705086318325,1.1465922289301318,51.94764,76.96226907013059,4.983490333370175,True,0.7038444705731652,1.4076889411463305,37.489191716663704,0.717311708912449,completed,,"Qi recalculated from inferred p=0.00224: tan_delta=0.36 (assumed EPR tan_delta=0.0004), Qi=1.24e+03"
chip_simple_dx4p545_dym5p455__Lj12p0nH_Cj2p0fF__roL8p5mm__tee_fl160um_fc12_cg1p2um__rpg1p4um,4.545,-5.455,12.0,2.0,160,12,1.2,8.5,4.70617489989,5.89616472893,-1.18998982904,233.18012513208652,7.011028146039963,5.601828529906815,1.2515606482079504,51.94835,76.96215600574892,5.362932823099156,True,0.7253756701247596,1.4507513402495191,36.864288827207076,0.7399353183499809,completed,,"Qi recalculated from inferred p=0.00222: tan_delta=0.36 (assumed EPR tan_delta=0.0004), Qi=1.25e+03"
chip_simple_dx4p545_dym4p545__Lj12p0nH_Cj2p0fF__roL8p5mm__tee_fl160um_fc12_cg1p2um__rpg1p4um,4.545,-4.545,12.0,2.0,160,12,1.2,8.5,4.67643617071,6.11785108748,-1.4414149167700003,259.952537892804,6.043482551631927,5.857168214888497,1.0318096270941701,51.56476,76.90381840526258,5.044562305542298,True,0.817016846323828,1.634033692647656,37.02276601221351,0.8354536013297378,completed,,"Qi recalculated from inferred p=0.00222: tan_delta=0.36 (assumed EPR tan_delta=0.0004), Qi=1.25e+03"
chip_simple_dx4p545_dym3p636__Lj12p0nH_Cj2p0fF__roL8p5mm__tee_fl160um_fc12_cg1p2um__rpg1p4um,4.545,-3.636,12.0,2.0,160,12,1.2,8.5,4.75526161807,6.06820241703,-1.3129407989600006,221.40091609806976,5.393554075391769,5.7652319441762545,0.9355311508047937,52.1124,76.9859044723307,4.969450094957251,True,0.9456391562871265,1.891278312574253,36.47040715131541,0.9708112675878554,completed,,"Qi recalculated from inferred p=0.0022: tan_delta=0.36 (assumed EPR tan_delta=0.0004), Qi=1.26e+03"
chip_simple_dx4p545_dym2p727__Lj12p0nH_Cj2p0fF__roL8p5mm__tee_fl160um_fc12_cg1p2um__rpg1p4um,4.545,-2.727,12.0,2.0,160,12,1.2,8.5,4.61269243006,6.02903831277,-1.41634588271,269.0501313175289,6.5135060295543665,5.7673529142651265,1.1293753176511332,51.94215,76.96137742991564,5.128757258497864,True,0.7494754261263871,1.4989508522527741,37.539361412382476,0.7647435738607176,completed,,"Qi recalculated from inferred p=0.00222: tan_delta=0.36 (assumed EPR tan_delta=0.0004), Qi=1.25e+03"
chip_simple_dx4p545_dym1p818__Lj12p0nH_Cj2p0fF__roL8p5mm__tee_fl160um_fc12_cg1p2um__rpg1p4um,4.545,-1.818,12.0,2.0,160,12,1.2,8.5,4.77043428555,6.06656372184,-1.2961294362899993,226.86798711641507,5.827226363866806,5.872516883392111,0.9922877157401813,51.95852,76.96432372778867,5.12156277300711,True,0.8635289713242386,1.7270579426484771,36.25512993554352,0.88459844159404,completed,,"Qi recalculated from inferred p=0.00225: tan_delta=0.36 (assumed EPR tan_delta=0.0004), Qi=1.23e+03"
chip_simple_dx4p545_dym0p909__Lj12p0nH_Cj2p0fF__roL8p5mm__tee_fl160um_fc12_cg1p2um__rpg1p4um,4.545,-0.909,12.0,2.0,160,12,1.2,8.5,4.7255365678,6.0505170878,-1.3249805200000004,239.2497887649095,6.107614511497498,5.805207767962136,1.0520923204858037,51.9589,76.96356322717222,5.099584669274261,True,0.8220115927072579,1.6440231854145158,36.69150757376899,0.8408494113067128,completed,,"Qi recalculated from inferred p=0.00223: tan_delta=0.36 (assumed EPR tan_delta=0.0004), Qi=1.25e+03"
chip_simple_dx4p545_dy0p000__Lj12p0nH_Cj2p0fF__roL8p5mm__tee_fl160um_fc12_cg1p2um__rpg1p4um,4.545,0.0,12.0,2.0,160,12,1.2,8.5,4.7350581972,5.93645736802,-1.2013991708200003,224.52510583681948,6.4650667580204,5.625215131929476,1.1493012456223788,51.58355,76.90744063260777,5.349133962192913,True,0.7925575415541376,1.5851150831082752,36.64862626953953,0.8100761228977771,completed,,"Qi recalculated from inferred p=0.00222: tan_delta=0.36 (assumed EPR tan_delta=0.0004), Qi=1.25e+03"
chip_simple_dx4p545_dy0p909__Lj12p0nH_Cj2p0fF__roL8p5mm__tee_fl160um_fc12_cg1p2um__rpg1p4um,4.545,0.909,12.0,2.0,160,12,1.2,8.5,4.64954724763,5.93861749966,-1.2890702520300001,250.81131158321867,6.834223768831253,5.575584422923479,1.2257412408164783,51.55346,76.90209802519216,5.293591736740453,True,0.7390730836141324,1.4781461672282648,37.259047700578385,0.7540300771129497,completed,,"Qi recalculated from inferred p=0.00219: tan_delta=0.36 (assumed EPR tan_delta=0.0004), Qi=1.27e+03"
chip_simple_dx4p545_dy1p818__Lj12p0nH_Cj2p0fF__roL8p5mm__tee_fl160um_fc12_cg1p2um__rpg1p4um,4.545,1.818,12.0,2.0,160,12,1.2,8.5,4.69868257573,6.0187323908,-1.32004981507,244.86051310279487,6.370664913076401,5.748930898042892,1.1081477627858016,51.94886,76.95984079246689,5.139030798934441,True,0.7874373006562745,1.574874601312549,36.930678938409116,0.8045928593269492,completed,,"Qi recalculated from inferred p=0.00222: tan_delta=0.36 (assumed EPR tan_delta=0.0004), Qi=1.25e+03"
chip_simple_dx4p545_dy2p727__Lj12p0nH_Cj2p0fF__roL8p5mm__tee_fl160um_fc12_cg1p2um__rpg1p4um,4.545,2.727,12.0,2.0,160,12,1.2,8.5,4.71245271602,6.05903925985,-1.34658654383,239.93887991895153,5.9324841100082395,5.748576863203549,1.0319917870424373,51.96002,76.96353707253604,5.014372079088614,True,0.8518122203442052,1.7036244406884105,36.75574006794582,0.8720212643743611,completed,,"Qi recalculated from inferred p=0.0022: tan_delta=0.36 (assumed EPR tan_delta=0.0004), Qi=1.26e+03"
chip_simple_dx4p545_dy3p636__Lj12p0nH_Cj2p0fF__roL8p5mm__tee_fl160um_fc12_cg1p2um__rpg1p4um,4.545,3.636,12.0,2.0,160,12,1.2,8.5,4.6391490467,6.1400873545,-1.5009383078000003,273.04723708403606,6.087010506978988,5.896341322884301,1.032336863429985,51.58328,76.90771938465213,5.014796337247038,True,0.7981687740391102,1.5963375480782205,37.30504797515846,0.8156195505993693,completed,,"Qi recalculated from inferred p=0.00222: tan_delta=0.36 (assumed EPR tan_delta=0.0004), Qi=1.25e+03"
chip_simple_dx4p545_dy4p545__Lj12p0nH_Cj2p0fF__roL8p5mm__tee_fl160um_fc12_cg1p2um__rpg1p4um,4.545,4.545,12.0,2.0,160,12,1.2,8.5,4.767233335,6.07149627011,-1.3042629351099997,223.77900158270697,5.60287805475235,5.880806234872567,0.952739782774659,51.94868,76.96230397139756,5.117591973804177,True,0.8967211428068164,1.7934422856136327,36.45126536398488,0.919337346320903,completed,,"Qi recalculated from inferred p=0.00225: tan_delta=0.36 (assumed EPR tan_delta=0.0004), Qi=1.23e+03"
chip_simple_dx4p545_dy5p455__Lj12p0nH_Cj2p0fF__roL8p5mm__tee_fl160um_fc12_cg1p2um__rpg1p4um,4.545,5.455,12.0,2.0,160,12,1.2,8.5,4.79418626685,6.08500156739,-1.2908153005400003,218.89374055263784,5.524672909627914,5.839393681887264,0.9461038612218325,51.94734,76.96214839452466,5.034466941798761,True,0.9236311461047345,1.847262292209469,36.22983947874848,0.9477938793559849,completed,,"Qi recalculated from inferred p=0.00222: tan_delta=0.36 (assumed EPR tan_delta=0.0004), Qi=1.25e+03"
chip_simple_dx4p545_dy6p364__Lj12p0nH_Cj2p0fF__roL8p5mm__tee_fl160um_fc12_cg1p2um__rpg1p4um,4.545,6.364,12.0,2.0,160,12,1.2,8.5,4.68114499951,6.0318748635,-1.3507298639899998,253.01853558838943,6.469165927145004,5.78555994133082,1.1181572730636922,52.12395,76.98756983714243,5.096683605232471,True,0.7677331584554871,1.5354663169109741,37.03804946027781,0.7839837529550565,completed,,"Qi recalculated from inferred p=0.00223: tan_delta=0.36 (assumed EPR tan_delta=0.0004), Qi=1.25e+03"
chip_simple_dx4p545_dy7p273__Lj12p0nH_Cj2p0fF__roL8p5mm__tee_fl160um_fc12_cg1p2um__rpg1p4um,4.545,7.273,12.0,2.0,160,12,1.2,8.5,4.73077815544,6.15447000621,-1.42369185077,238.4649203761867,5.330749682794571,5.9255175601275605,0.899626003754483,52.15331,76.99251447813418,4.871788791270331,True,0.9330023635252683,1.8660047270505367,36.665962632026954,0.9573634409116015,completed,,"Qi recalculated from inferred p=0.00222: tan_delta=0.36 (assumed EPR tan_delta=0.0004), Qi=1.25e+03"
chip_simple_dx4p545_dy8p182__Lj12p0nH_Cj2p0fF__roL8p5mm__tee_fl160um_fc12_cg1p2um__rpg1p4um,4.545,8.182,12.0,2.0,160,12,1.2,8.5,4.70036060337,6.01714554975,-1.3167849463800003,247.56185546334476,6.5398732121944425,5.735240697540928,1.1402962067483082,52.12385,76.98776844305092,5.088173134829246,True,0.7687573857191506,1.5375147714383013,36.90814445782634,0.7851104001440652,completed,,"Qi recalculated from inferred p=0.00221: tan_delta=0.36 (assumed EPR tan_delta=0.0004), Qi=1.26e+03"
chip_simple_dx4p545_dy9p091__Lj12p0nH_Cj2p0fF__roL8p5mm__tee_fl160um_fc12_cg1p2um__rpg1p4um,4.545,9.091,12.0,2.0,160,12,1.2,8.5,4.68609575245,6.11430901066,-1.4282132582100004,255.0398969000135,5.943070262321472,5.911313507537606,1.005372199384007,51.94967,76.96200643525536,5.02082665642013,True,0.8254843859188731,1.6509687718377462,37.006913198801115,0.8443179282568484,completed,,"Qi recalculated from inferred p=0.00224: tan_delta=0.36 (assumed EPR tan_delta=0.0004), Qi=1.24e+03"
chip_simple_dx4p545_dy10p000__Lj12p0nH_Cj2p0fF__roL8p5mm__tee_fl160um_fc12_cg1p2um__rpg1p4um,4.545,10.0,12.0,2.0,160,12,1.2,8.5,4.77208572646,5.99587669765,-1.2237909711899997,212.41558975620657,5.687584656963348,5.693307476185639,0.9989948164144955,51.58234,76.90775285416291,5.2371235711002875,True,0.9048241737970809,1.8096483475941618,36.39684414143604,0.9278915220695674,completed,,"Qi recalculated from inferred p=0.00221: tan_delta=0.36 (assumed EPR tan_delta=0.0004), Qi=1.25e+03"
chip_simple_dx5p455_dym10p000__Lj12p0nH_Cj2p0fF__roL8p5mm__tee_fl160um_fc12_cg1p2um__rpg1p4um,5.455,-10.0,12.0,2.0,160,12,1.2,8.5,4.6898613076,6.10224204141,-1.41238073381,247.69775842383248,5.732918632520676,5.779439093338184,0.991950696241244,51.62589,76.90616045453443,4.99600749793464,True,0.8742030830698901,1.7484061661397803,37.00973575044818,0.895352101059566,completed,,"Qi recalculated from inferred p=0.00219: tan_delta=0.36 (assumed EPR tan_delta=0.0004), Qi=1.27e+03"
chip_simple_dx5p455_dym9p091__Lj12p0nH_Cj2p0fF__roL8p5mm__tee_fl160um_fc12_cg1p2um__rpg1p4um,5.455,-9.091,12.0,2.0,160,12,1.2,8.5,4.74946000079,6.06973702281,-1.32027702202,230.21871320620863,5.756615043542862,5.823921246974269,0.988443146708693,51.62651,76.90606627212433,5.1396017554864315,True,0.8772554486248039,1.7545108972496077,36.630286849230124,0.8987802562283593,completed,,"Qi recalculated from inferred p=0.00223: tan_delta=0.36 (assumed EPR tan_delta=0.0004), Qi=1.24e+03"
chip_simple_dx5p455_dym8p182__Lj12p0nH_Cj2p0fF__roL8p5mm__tee_fl160um_fc12_cg1p2um__rpg1p4um,5.455,-8.182,12.0,2.0,160,12,1.2,8.5,4.72112014614,6.01414813913,-1.29302799299,239.1567683741239,6.374000339464187,5.777326992270697,1.1032784448572428,52.15399,76.98536324562677,5.134926648832927,True,0.7880084531944765,1.576016906388953,36.753093334965286,0.8052740129546508,completed,,"Qi recalculated from inferred p=0.00223: tan_delta=0.36 (assumed EPR tan_delta=0.0004), Qi=1.24e+03"
chip_simple_dx5p455_dym7p273__Lj12p0nH_Cj2p0fF__roL8p5mm__tee_fl160um_fc12_cg1p2um__rpg1p4um,5.455,-7.273,12.0,2.0,160,12,1.2,8.5,4.77651693144,6.01267430814,-1.2361573767000005,206.53408976781333,5.288875754322052,5.687153108335405,0.9299689411509573,51.62625,76.90629242184427,5.167804351409353,True,0.9755452345983058,1.9510904691966116,36.26770137711598,1.0025112408945582,completed,,"Qi recalculated from inferred p=0.0022: tan_delta=0.36 (assumed EPR tan_delta=0.0004), Qi=1.26e+03"
chip_simple_dx5p455_dym6p364__Lj12p0nH_Cj2p0fF__roL8p5mm__tee_fl160um_fc12_cg1p2um__rpg1p4um,5.455,-6.364,12.0,2.0,160,12,1.2,8.5,4.70113956644,6.15024864164,-1.4491090752,255.68062975343904,5.847728067014694,5.934076612123183,0.9854486972864354,52.14039,76.98306200865034,4.895307264801132,True,0.8418566420279897,1.6837132840559794,36.85517378615018,0.8615361012372149,completed,,"Qi recalculated from inferred p=0.00223: tan_delta=0.36 (assumed EPR tan_delta=0.0004), Qi=1.25e+03"
chip_simple_dx5p455_dym5p455__Lj12p0nH_Cj2p0fF__roL8p5mm__tee_fl160um_fc12_cg1p2um__rpg1p4um,5.455,-5.455,12.0,2.0,160,12,1.2,8.5,4.709863899,5.99683327993,-1.2869693809299996,230.04974901021686,5.929605029994964,5.782561504070822,1.0254287871941572,52.21235,76.99627418193124,5.179989294193827,True,0.8416975435837113,1.6833950871674226,36.84321953887507,0.861376010370963,completed,,"Qi recalculated from inferred p=0.00225: tan_delta=0.36 (assumed EPR tan_delta=0.0004), Qi=1.24e+03"
chip_simple_dx5p455_dym4p545__Lj12p0nH_Cj2p0fF__roL8p5mm__tee_fl160um_fc12_cg1p2um__rpg1p4um,5.455,-4.545,12.0,2.0,160,12,1.2,8.5,4.69472936147,5.99210974881,-1.2973803873399996,243.82172981994754,6.508161545293808,5.725711006734401,1.1366556114409396,52.02643,76.96702745943794,5.177630991319929,True,0.770561046574401,1.541122093148802,36.866770935335765,0.7870105388708958,completed,,"Qi recalculated from inferred p=0.00222: tan_delta=0.36 (assumed EPR tan_delta=0.0004), Qi=1.25e+03"
chip_simple_dx5p455_dym3p636__Lj12p0nH_Cj2p0fF__roL8p5mm__tee_fl160um_fc12_cg1p2um__rpg1p4um,5.455,-3.636,12.0,2.0,160,12,1.2,8.5,4.67222577172,5.8917275848,-1.21950181308,237.96735201507968,6.889162298254012,5.58728786892167,1.2330065068910796,51.65294,76.91150832672203,5.4337302737404425,True,0.7333216654814426,1.4666433309628852,37.166045467732445,0.7480820404669454,completed,,"Qi recalculated from inferred p=0.00222: tan_delta=0.36 (assumed EPR tan_delta=0.0004), Qi=1.25e+03"
chip_simple_dx5p455_dym2p727__Lj12p0nH_Cj2p0fF__roL8p5mm__tee_fl160um_fc12_cg1p2um__rpg1p4um,5.455,-2.727,12.0,2.0,160,12,1.2,8.5,4.72671328787,6.1181183266,-1.3914050387300003,236.2126742133905,5.450069299165725,5.905966219312021,0.9228073945537393,52.02652,76.96703839237765,4.986426515046564,True,0.9117900616289358,1.8235801232578717,36.67023345030069,0.9350394270291277,completed,,"Qi recalculated from inferred p=0.00223: tan_delta=0.36 (assumed EPR tan_delta=0.0004), Qi=1.24e+03"
chip_simple_dx5p455_dym1p818__Lj12p0nH_Cj2p0fF__roL8p5mm__tee_fl160um_fc12_cg1p2um__rpg1p4um,5.455,-1.818,12.0,2.0,160,12,1.2,8.5,4.68773821557,6.16915297771,-1.48141476214,263.86610641901024,5.944327746189117,6.004178125569785,0.9900318781140445,52.18155,76.99014239656823,4.90096266438407,True,0.8171051371626821,1.6342102743253641,37.089525455356295,0.8355119817934155,completed,,"Qi recalculated from inferred p=0.00225: tan_delta=0.36 (assumed EPR tan_delta=0.0004), Qi=1.24e+03"
chip_simple_dx5p455_dym0p909__Lj12p0nH_Cj2p0fF__roL8p5mm__tee_fl160um_fc12_cg1p2um__rpg1p4um,5.455,-0.909,12.0,2.0,160,12,1.2,8.5,4.7930652742,6.12875251186,-1.3356872376600002,223.2748147250602,5.394133037059784,5.91572486547393,0.9118295998756935,52.01112,76.96507724909469,4.968692030629249,True,0.9378069833414217,1.8756139666828433,36.10769611808726,0.962813656937531,completed,,"Qi recalculated from inferred p=0.00223: tan_delta=0.36 (assumed EPR tan_delta=0.0004), Qi=1.24e+03"
chip_simple_dx5p455_dy0p000__Lj12p0nH_Cj2p0fF__roL8p5mm__tee_fl160um_fc12_cg1p2um__rpg1p4um,5.455,0.0,12.0,2.0,160,12,1.2,8.5,4.79890317521,6.10186659077,-1.3029634155599998,218.1340294431616,5.400852404905319,5.86911477125879,0.9202158443643724,51.65284,76.91134409524426,5.083814113713106,True,0.9422500931458706,1.8845001862917412,36.060311066265086,0.9675315356125541,completed,,"Qi recalculated from inferred p=0.00223: tan_delta=0.36 (assumed EPR tan_delta=0.0004), Qi=1.24e+03"
chip_simple_dx5p455_dy0p909__Lj12p0nH_Cj2p0fF__roL8p5mm__tee_fl160um_fc12_cg1p2um__rpg1p4um,5.455,0.909,12.0,2.0,160,12,1.2,8.5,4.6845086068,5.95404649239,-1.2695378855900001,245.27673673400903,6.827135555116653,5.696349405850168,1.1985106721341856,52.15516,76.98536169339586,5.233690846749033,True,0.7336519054219489,1.4673038108438978,36.940398736668996,0.7485177844482507,completed,,"Qi recalculated from inferred p=0.00223: tan_delta=0.36 (assumed EPR tan_delta=0.0004), Qi=1.24e+03"
chip_simple_dx5p455_dy1p818__Lj12p0nH_Cj2p0fF__roL8p5mm__tee_fl160um_fc12_cg1p2um__rpg1p4um,5.455,1.818,12.0,2.0,160,12,1.2,8.5,4.67891327598,5.87208041229,-1.1931671363099996,225.58262032012772,6.464409303920745,5.557233909503515,1.1632422549041628,52.04547,76.9683926491189,5.366440627263274,True,0.7842332009850431,1.5684664019700862,36.986302135735336,0.8012217801360232,completed,,"Qi recalculated from inferred p=0.00222: tan_delta=0.36 (assumed EPR tan_delta=0.0004), Qi=1.25e+03"
chip_simple_dx5p455_dy2p727__Lj12p0nH_Cj2p0fF__roL8p5mm__tee_fl160um_fc12_cg1p2um__rpg1p4um,5.455,2.727,12.0,2.0,160,12,1.2,8.5,4.68450192494,6.04838752866,-1.36388560372,246.72047979195173,6.060318185382843,5.809511348960735,1.0431717611614573,51.64669,76.90899406657012,5.184657571101411,True,0.8186677407484821,1.6373354814969643,36.9956005505459,0.8371938240199948,completed,,"Qi recalculated from inferred p=0.00224: tan_delta=0.36 (assumed EPR tan_delta=0.0004), Qi=1.24e+03"
chip_simple_dx5p455_dy3p636__Lj12p0nH_Cj2p0fF__roL8p5mm__tee_fl160um_fc12_cg1p2um__rpg1p4um,5.455,3.636,12.0,2.0,160,12,1.2,8.5,4.7636678617,6.06553300361,-1.3018651419099996,230.3360185996995,5.938757620286942,5.748293753067317,1.0331339829524182,52.02625,76.96703885553228,4.979527458401694,True,0.8634529644861443,1.7269059289722886,36.31526678169793,0.8844829469215689,completed,,"Qi recalculated from inferred p=0.00219: tan_delta=0.36 (assumed EPR tan_delta=0.0004), Qi=1.27e+03"
chip_simple_dx5p455_dy4p545__Lj12p0nH_Cj2p0fF__roL8p5mm__tee_fl160um_fc12_cg1p2um__rpg1p4um,5.455,4.545,12.0,2.0,160,12,1.2,8.5,4.76042805272,6.00426702014,-1.2438389674200003,214.12067118012288,5.580280214124679,5.701672548172258,0.9787093465957646,51.65409,76.91092711080996,5.202870536624631,True,0.9182364909662589,1.8364729819325178,36.47057919823839,0.9419524598486574,completed,,"Qi recalculated from inferred p=0.00221: tan_delta=0.36 (assumed EPR tan_delta=0.0004), Qi=1.26e+03"
chip_simple_dx5p455_dy5p455__Lj12p0nH_Cj2p0fF__roL8p5mm__tee_fl160um_fc12_cg1p2um__rpg1p4um,5.455,5.455,12.0,2.0,160,12,1.2,8.5,4.79166371185,6.05484777073,-1.2631840588800003,211.0122938310696,5.335296250137329,5.777759592215692,0.9234195651417396,52.01151,76.96501713156384,5.045479107942785,True,0.9609061278040201,1.9218122556080401,36.15841772677389,0.9871392489681408,completed,,"Qi recalculated from inferred p=0.00221: tan_delta=0.36 (assumed EPR tan_delta=0.0004), Qi=1.26e+03"
chip_simple_dx5p455_dy6p364__Lj12p0nH_Cj2p0fF__roL8p5mm__tee_fl160um_fc12_cg1p2um__rpg1p4um,5.455,6.364,12.0,2.0,160,12,1.2,8.5,4.69287787871,6.10805951866,-1.4151816399500001,248.49446089822925,5.762084338729858,5.901551024983598,0.9763677911682332,51.65404,76.9100906798207,5.098565110360194,True,0.8544490738038112,1.7088981476076224,36.957332961485506,0.8746713702274301,completed,,"Qi recalculated from inferred p=0.00224: tan_delta=0.36 (assumed EPR tan_delta=0.0004), Qi=1.24e+03"
chip_simple_dx5p455_dy7p273__Lj12p0nH_Cj2p0fF__roL8p5mm__tee_fl160um_fc12_cg1p2um__rpg1p4um,5.455,7.273,12.0,2.0,160,12,1.2,8.5,4.63016259455,5.90653520192,-1.27637260737,261.5882571358774,7.5051360739383695,5.619886396297611,1.335460460354281,52.02584,76.96723859062479,5.3309781272018855,True,0.6622979330299643,1.3245958660599286,37.409352887697956,0.6742346325188588,completed,,"Qi recalculated from inferred p=0.00223: tan_delta=0.36 (assumed EPR tan_delta=0.0004), Qi=1.25e+03"
chip_simple_dx5p455_dy8p182__Lj12p0nH_Cj2p0fF__roL8p5mm__tee_fl160um_fc12_cg1p2um__rpg1p4um,5.455,8.182,12.0,2.0,160,12,1.2,8.5,4.74855405086,6.03321750387,-1.2846634530100003,236.07669333712855,6.352321427940368,5.795288526783467,1.096118234421379,51.62599,76.90626748879329,5.221157524648841,True,0.795518191296831,1.591036382593662,36.51005555420253,0.8132378438364571,completed,,"Qi recalculated from inferred p=0.00224: tan_delta=0.36 (assumed EPR tan_delta=0.0004), Qi=1.24e+03"
chip_simple_dx5p455_dy9p091__Lj12p0nH_Cj2p0fF__roL8p5mm__tee_fl160um_fc12_cg1p2um__rpg1p4um,5.455,9.091,12.0,2.0,160,12,1.2,8.5,4.73434437587,6.01886558958,-1.2845212137099997,228.42796057975798,5.922171247373581,5.8379166125756985,1.01443231213964,52.15516,76.9853584727943,5.184423996851248,True,0.8422730855187262,1.6845461710374523,36.663882177298774,0.8620774429603918,completed,,"Qi recalculated from inferred p=0.00226: tan_delta=0.36 (assumed EPR tan_delta=0.0004), Qi=1.23e+03"
chip_simple_dx5p455_dy10p000__Lj12p0nH_Cj2p0fF__roL8p5mm__tee_fl160um_fc12_cg1p2um__rpg1p4um,5.455,10.0,12.0,2.0,160,12,1.2,8.5,4.76274116066,6.11721103757,-1.3544698769099996,234.31572975750706,5.712053706623077,5.908680685836695,0.9667223548422681,52.2067,76.99474098879413,4.950555555460218,True,0.8783172457862496,1.7566344915724992,36.37912479377808,0.900047489054735,completed,,"Qi recalculated from inferred p=0.00223: tan_delta=0.36 (assumed EPR tan_delta=0.0004), Qi=1.24e+03"
chip_simple_dx6p364_dym10p000__Lj12p0nH_Cj2p0fF__roL8p5mm__tee_fl160um_fc12_cg1p2um__rpg1p4um,6.364,-10.0,12.0,2.0,160,12,1.2,8.5,4.71222287437,6.11776336869,-1.4055404943200003,248.8381761745651,5.892424395643234,5.8779333128535365,1.0024653363722262,52.01164,76.95004776023056,4.962458961647693,True,0.8440664137021022,1.6881328274042045,36.820535731990624,0.8638695829468885,completed,,"Qi recalculated from inferred p=0.00222: tan_delta=0.36 (assumed EPR tan_delta=0.0004), Qi=1.25e+03"
chip_simple_dx6p364_dym9p091__Lj12p0nH_Cj2p0fF__roL8p5mm__tee_fl160um_fc12_cg1p2um__rpg1p4um,6.364,-9.091,12.0,2.0,160,12,1.2,8.5,4.61408891639,5.8348431258,-1.22075420941,245.81994975321848,7.157018945320129,5.524957872223877,1.2953979217291884,52.00948,76.95103588166161,5.460353214625655,True,0.6972383167971551,1.3944766335943102,37.58557839370081,0.7104170412774823,completed,,"Qi recalculated from inferred p=0.00222: tan_delta=0.36 (assumed EPR tan_delta=0.0004), Qi=1.25e+03"
chip_simple_dx6p364_dym8p182__Lj12p0nH_Cj2p0fF__roL8p5mm__tee_fl160um_fc12_cg1p2um__rpg1p4um,6.364,-8.182,12.0,2.0,160,12,1.2,8.5,4.68289685799,6.03950968128,-1.3566128232899999,251.4677802258079,6.342246218194961,5.7350158185845,1.1058812074489333,52.03609,76.9523074183984,5.040878917029704,True,0.7904140154895037,1.5808280309790075,37.00057151150736,0.8076675807619262,completed,,"Qi recalculated from inferred p=0.0022: tan_delta=0.36 (assumed EPR tan_delta=0.0004), Qi=1.26e+03"
chip_simple_dx6p364_dym7p273__Lj12p0nH_Cj2p0fF__roL8p5mm__tee_fl160um_fc12_cg1p2um__rpg1p4um,6.364,-7.273,12.0,2.0,160,12,1.2,8.5,4.70011382488,6.16593969503,-1.4658258701499998,267.4374483181419,6.256451718360901,6.00177346918992,1.0424338323461175,52.17671,76.97269357574532,4.908922130278334,True,0.7797848680177265,1.559569736035453,36.860623987269754,0.79663770335173,completed,,"Qi recalculated from inferred p=0.00225: tan_delta=0.36 (assumed EPR tan_delta=0.0004), Qi=1.24e+03"
chip_simple_dx6p364_dym6p364__Lj12p0nH_Cj2p0fF__roL8p5mm__tee_fl160um_fc12_cg1p2um__rpg1p4um,6.364,-6.364,12.0,2.0,160,12,1.2,8.5,4.73299182388,6.11956228785,-1.38657046397,241.81304695721613,5.757296814630508,5.924140203230228,0.9718366914225384,52.02763,76.95119124375077,5.000342375181123,True,0.8625863353429016,1.7251726706858033,36.744798567681364,0.8833223808548816,completed,,"Qi recalculated from inferred p=0.00224: tan_delta=0.36 (assumed EPR tan_delta=0.0004), Qi=1.24e+03"
chip_simple_dx6p364_dym5p455__Lj12p0nH_Cj2p0fF__roL8p5mm__tee_fl160um_fc12_cg1p2um__rpg1p4um,6.364,-5.455,12.0,2.0,160,12,1.2,8.5,4.75078715707,6.03628209085,-1.28549493378,215.55523015902745,5.3055558983383175,5.731041446609096,0.925757726194333,52.15743,76.96992920321335,5.018281090574627,True,0.9616955576527578,1.9233911153055157,36.57338150731801,0.9876661996188886,completed,,"Qi recalculated from inferred p=0.0022: tan_delta=0.36 (assumed EPR tan_delta=0.0004), Qi=1.26e+03"
chip_simple_dx6p364_dym4p545__Lj12p0nH_Cj2p0fF__roL8p5mm__tee_fl160um_fc12_cg1p2um__rpg1p4um,6.364,-4.545,12.0,2.0,160,12,1.2,8.5,4.70542995999,5.98920452189,-1.2837745618999996,237.78954520480735,6.345821467342376,5.738142979039027,1.1059015940388992,52.02761,76.95124726779824,5.199776737152128,True,0.7910824801644059,1.5821649603288117,36.87240007369178,0.8084269545949996,completed,,"Qi recalculated from inferred p=0.00223: tan_delta=0.36 (assumed EPR tan_delta=0.0004), Qi=1.24e+03"
chip_simple_dx6p364_dym3p636__Lj12p0nH_Cj2p0fF__roL8p5mm__tee_fl160um_fc12_cg1p2um__rpg1p4um,6.364,-3.636,12.0,2.0,160,12,1.2,8.5,4.71402075523,6.0245119494,-1.31049119417,225.8283250558296,5.5386759384231565,5.6832973122206925,0.9745532626831682,52.02628,76.95107704265018,5.033496791732245,True,0.919514376632111,1.839028753264222,36.855923050671386,0.9430422337561296,completed,,"Qi recalculated from inferred p=0.00219: tan_delta=0.36 (assumed EPR tan_delta=0.0004), Qi=1.27e+03"
chip_simple_dx6p364_dym2p727__Lj12p0nH_Cj2p0fF__roL8p5mm__tee_fl160um_fc12_cg1p2um__rpg1p4um,6.364,-2.727,12.0,2.0,160,12,1.2,8.5,4.76718290826,6.25857915519,-1.49139624693,246.1533054816762,5.287194409502029,6.109333508441698,0.8654290033759557,52.17672,76.97257169771815,4.751656025155279,True,0.9317760822561915,1.863552164512383,36.31233536927582,0.9563151705284115,completed,,"Qi recalculated from inferred p=0.00224: tan_delta=0.36 (assumed EPR tan_delta=0.0004), Qi=1.24e+03"
chip_simple_dx6p364_dym1p818__Lj12p0nH_Cj2p0fF__roL8p5mm__tee_fl160um_fc12_cg1p2um__rpg1p4um,6.364,-1.818,12.0,2.0,160,12,1.2,8.5,4.67874935795,6.23246664146,-1.5537172835100002,267.72228295710437,5.579638315944671,6.063037930970048,0.9202710554462858,52.21543,76.98039059202668,4.771551136944322,True,0.8635134071354238,1.7270268142708476,37.07174135023603,0.8841069419936992,completed,,"Qi recalculated from inferred p=0.00223: tan_delta=0.36 (assumed EPR tan_delta=0.0004), Qi=1.24e+03"
chip_simple_dx6p364_dym0p909__Lj12p0nH_Cj2p0fF__roL8p5mm__tee_fl160um_fc12_cg1p2um__rpg1p4um,6.364,-0.909,12.0,2.0,160,12,1.2,8.5,4.76652297608,6.20853511611,-1.4420121400300001,236.1278148828435,5.17837090148735,6.028991125188209,0.8589116809034438,52.15715,76.96986149733985,4.81874576821435,True,0.9586483443419138,1.9172966886838276,36.497590975087384,0.9845074887080841,completed,,"Qi recalculated from inferred p=0.00223: tan_delta=0.36 (assumed EPR tan_delta=0.0004), Qi=1.24e+03"
chip_simple_dx6p364_dy0p000__Lj12p0nH_Cj2p0fF__roL8p5mm__tee_fl160um_fc12_cg1p2um__rpg1p4um,6.364,0.0,12.0,2.0,160,12,1.2,8.5,4.72795173232,6.02599393944,-1.29804220712,236.63061904537153,6.214404765487671,5.800547756468861,1.071347918574978,52.22175,76.98127108282266,5.107450569933263,True,0.8074453694007515,1.614890738801503,36.654862321463796,0.8256326777203039,completed,,"Qi recalculated from inferred p=0.00224: tan_delta=0.36 (assumed EPR tan_delta=0.0004), Qi=1.24e+03"
chip_simple_dx6p364_dy0p909__Lj12p0nH_Cj2p0fF__roL8p5mm__tee_fl160um_fc12_cg1p2um__rpg1p4um,6.364,0.909,12.0,2.0,160,12,1.2,8.5,4.68262955673,6.0029649786,-1.3203354218699994,255.2757678450623,6.869708579084396,5.813396079707513,1.1817031705553476,52.21579,76.9801308563375,5.193107900084351,True,0.7181586410314801,1.4363172820629602,36.97079471660265,0.7323852432739505,completed,,"Qi recalculated from inferred p=0.00226: tan_delta=0.36 (assumed EPR tan_delta=0.0004), Qi=1.23e+03"
chip_simple_dx6p364_dy1p818__Lj12p0nH_Cj2p0fF__roL8p5mm__tee_fl160um_fc12_cg1p2um__rpg1p4um,6.364,1.818,12.0,2.0,160,12,1.2,8.5,4.78660549975,6.1040397152,-1.3174342154499996,214.76827989123595,5.110710218223572,5.886049446197547,0.8682751079376587,52.16539,76.96922408509151,4.975672742182477,True,0.9896817000171183,1.9793634000342366,36.260404340275656,1.0174517538756347,completed,,"Qi recalculated from inferred p=0.00223: tan_delta=0.36 (assumed EPR tan_delta=0.0004), Qi=1.25e+03"
chip_simple_dx6p364_dy2p727__Lj12p0nH_Cj2p0fF__roL8p5mm__tee_fl160um_fc12_cg1p2um__rpg1p4um,6.364,2.727,12.0,2.0,160,12,1.2,8.5,4.75293196551,6.07708289994,-1.3241509344299995,230.41754424422072,5.740933858938217,5.810778700049102,0.9879801237121117,52.16535,76.97096774947863,4.9781178290040184,True,0.8826352917951933,1.7652705835903866,36.441350436339526,0.904543987178466,completed,,"Qi recalculated from inferred p=0.00221: tan_delta=0.36 (assumed EPR tan_delta=0.0004), Qi=1.26e+03"
chip_simple_dx6p364_dy3p636__Lj12p0nH_Cj2p0fF__roL8p5mm__tee_fl160um_fc12_cg1p2um__rpg1p4um,6.364,3.636,12.0,2.0,160,12,1.2,8.5,4.76479980051,6.19036006749,-1.4255602669800007,232.41981382677187,5.123603576623917,5.974646433325719,0.8575576201539211,52.0279,76.95130773920825,4.846174198312918,True,0.9753373526831761,1.9506747053663522,36.454050836023086,1.0021501330278109,completed,,"Qi recalculated from inferred p=0.00222: tan_delta=0.36 (assumed EPR tan_delta=0.0004), Qi=1.25e+03"
chip_simple_dx6p364_dy4p545__Lj12p0nH_Cj2p0fF__roL8p5mm__tee_fl160um_fc12_cg1p2um__rpg1p4um,6.364,4.545,12.0,2.0,160,12,1.2,8.5,4.69228317141,6.1818937723,-1.4896106008899999,269.0377447147971,6.127078645599365,5.989088593117621,1.0230402423234004,52.15729,76.96960313162617,4.855256912045157,True,0.7970350281416804,1.5940700562833607,36.832500313530375,0.8146639065550358,completed,,"Qi recalculated from inferred p=0.00223: tan_delta=0.36 (assumed EPR tan_delta=0.0004), Qi=1.24e+03"
chip_simple_dx6p364_dy5p455__Lj12p0nH_Cj2p0fF__roL8p5mm__tee_fl160um_fc12_cg1p2um__rpg1p4um,6.364,5.455,12.0,2.0,160,12,1.2,8.5,4.75961106113,6.17987418055,-1.4202631194199995,239.6637891813426,5.471624193309784,5.978039249428953,0.9152874320509783,52.02635,76.95130525665313,4.879670850097855,True,0.911558271917174,1.823116543834348,36.415485713310915,0.9349624005018848,completed,,"Qi recalculated from inferred p=0.00223: tan_delta=0.36 (assumed EPR tan_delta=0.0004), Qi=1.25e+03"
chip_simple_dx6p364_dy6p364__Lj12p0nH_Cj2p0fF__roL8p5mm__tee_fl160um_fc12_cg1p2um__rpg1p4um,6.364,6.364,12.0,2.0,160,12,1.2,8.5,4.77214089026,6.17828927247,-1.4061483822099996,237.65522613519138,5.506030900941848,5.971610599374775,0.9220344845523463,52.0113,76.95046447643736,4.881271323492679,True,0.9096557279986532,1.8193114559973065,36.30871641327381,0.9330313071090038,completed,,"Qi recalculated from inferred p=0.00223: tan_delta=0.36 (assumed EPR tan_delta=0.0004), Qi=1.25e+03"
chip_simple_dx6p364_dy7p273__Lj12p0nH_Cj2p0fF__roL8p5mm__tee_fl160um_fc12_cg1p2um__rpg1p4um,6.364,7.273,12.0,2.0,160,12,1.2,8.5,4.73212189971,6.07302882801,-1.3409069283,227.40830584937643,5.421970001947403,5.783914954042914,0.9374221517827619,52.15672,76.96989869946785,4.964378485667707,True,0.9324223276786948,1.8648446553573896,36.72057266278258,0.9567156032185868,completed,,"Qi recalculated from inferred p=0.0022: tan_delta=0.36 (assumed EPR tan_delta=0.0004), Qi=1.26e+03"
chip_simple_dx6p364_dy8p182__Lj12p0nH_Cj2p0fF__roL8p5mm__tee_fl160um_fc12_cg1p2um__rpg1p4um,6.364,8.182,12.0,2.0,160,12,1.2,8.5,4.68815638567,6.01539640302,-1.3272400173499994,252.14650057679162,6.651202537282943,5.735438248599257,1.1596677095960957,51.65636,76.89731374908901,5.204490459566132,True,0.7531900375051118,1.5063800750102236,36.95876775066053,0.7688587622825878,completed,,"Qi recalculated from inferred p=0.00222: tan_delta=0.36 (assumed EPR tan_delta=0.0004), Qi=1.25e+03"
chip_simple_dx6p364_dy9p091__Lj12p0nH_Cj2p0fF__roL8p5mm__tee_fl160um_fc12_cg1p2um__rpg1p4um,6.364,9.091,12.0,2.0,160,12,1.2,8.5,4.69570573869,6.09933720693,-1.4036314682399995,252.1584106638029,6.023506759710312,5.887771375415434,1.0230537797139414,51.62969,76.89184472517375,5.116230417509647,True,0.8190537034202313,1.6381074068404626,37.021508644882864,0.8375841862333755,completed,,"Qi recalculated from inferred p=0.00224: tan_delta=0.36 (assumed EPR tan_delta=0.0004), Qi=1.24e+03"
chip_simple_dx6p364_dy10p000__Lj12p0nH_Cj2p0fF__roL8p5mm__tee_fl160um_fc12_cg1p2um__rpg1p4um,6.364,10.0,12.0,2.0,160,12,1.2,8.5,4.76637826198,6.09129636663,-1.32491810465,227.82408710594913,5.637318817792893,5.906826600514835,0.9543735069693002,52.03892,76.95560855637396,5.063848609501901,True,0.8889579042927279,1.7779158085854558,36.31469516667285,0.9112650238242588,completed,,"Qi recalculated from inferred p=0.00225: tan_delta=0.36 (assumed EPR tan_delta=0.0004), Qi=1.23e+03"
chip_simple_dx7p273_dym10p000__Lj12p0nH_Cj2p0fF__roL8p5mm__tee_fl160um_fc12_cg1p2um__rpg1p4um,7.273,-10.0,12.0,2.0,160,12,1.2,8.5,4.71410593197,6.1449710615,-1.43086512953,249.15509170209992,5.7228610170440675,5.9096002019674705,0.9684007075704999,51.91511,76.92973311216107,4.937325873678228,True,0.8672287733664937,1.7344575467329875,36.698076061271195,0.8882186690089736,completed,,"Qi recalculated from inferred p=0.00222: tan_delta=0.36 (assumed EPR tan_delta=0.0004), Qi=1.25e+03"
chip_simple_dx7p273_dym9p091__Lj12p0nH_Cj2p0fF__roL8p5mm__tee_fl160um_fc12_cg1p2um__rpg1p4um,7.273,-9.091,12.0,2.0,160,12,1.2,8.5,4.6928216438,6.0417170803,-1.3488954364999994,246.04724963381204,6.165310552288055,5.790205003998438,1.0647827750538346,51.81559,76.91579474317197,5.144290774716769,True,0.8080149436928299,1.6160298873856598,36.859275848416445,0.8261249385403439,completed,,"Qi recalculated from inferred p=0.00223: tan_delta=0.36 (assumed EPR tan_delta=0.0004), Qi=1.25e+03"
chip_simple_dx7p273_dym8p182__Lj12p0nH_Cj2p0fF__roL8p5mm__tee_fl160um_fc12_cg1p2um__rpg1p4um,7.273,-8.182,12.0,2.0,160,12,1.2,8.5,4.73860663357,6.13667098278,-1.3980643492100002,235.95734473947155,5.410198969038009,5.923419674600598,0.9133573621731955,51.81547,76.91578059126573,4.998393748817961,True,0.9195315629697746,1.8390631259395491,36.54198019622276,0.9432676711751029,completed,,"Qi recalculated from inferred p=0.00223: tan_delta=0.36 (assumed EPR tan_delta=0.0004), Qi=1.24e+03"
chip_simple_dx7p273_dym7p273__Lj12p0nH_Cj2p0fF__roL8p5mm__tee_fl160um_fc12_cg1p2um__rpg1p4um,7.273,-7.273,12.0,2.0,160,12,1.2,8.5,4.80834531761,6.06143102986,-1.2530857122499999,219.01499856665555,5.869294067358017,5.8432544354458384,1.0044563577026904,51.7985,76.91319169131576,5.144333712025054,True,0.8701305561077685,1.740261112215537,36.10475217738489,0.8916187160434836,completed,,"Qi recalculated from inferred p=0.00224: tan_delta=0.36 (assumed EPR tan_delta=0.0004), Qi=1.24e+03"
chip_simple_dx7p273_dym6p364__Lj12p0nH_Cj2p0fF__roL8p5mm__tee_fl160um_fc12_cg1p2um__rpg1p4um,7.273,-6.364,12.0,2.0,160,12,1.2,8.5,4.7503430357,6.17492619199,-1.4245831562899998,248.14376491460783,5.804041626502991,5.971500738296518,0.971956946983264,51.49579,76.86729507202189,5.009309826587678,True,0.8577792051460319,1.7155584102920638,36.49338234827642,0.8784266784559595,completed,,"Qi recalculated from inferred p=0.00224: tan_delta=0.36 (assumed EPR tan_delta=0.0004), Qi=1.24e+03"
chip_simple_dx7p273_dym5p455__Lj12p0nH_Cj2p0fF__roL8p5mm__tee_fl160um_fc12_cg1p2um__rpg1p4um,7.273,-5.455,12.0,2.0,160,12,1.2,8.5,4.68956975271,6.00915982967,-1.31959007696,238.5769642035002,6.033120924316406,5.707892283474967,1.0569787628584049,51.94314,76.93530656614439,5.125731708904703,True,0.8337923592666526,1.6675847185333053,36.967637414351984,0.8530322075947677,completed,,"Qi recalculated from inferred p=0.00221: tan_delta=0.36 (assumed EPR tan_delta=0.0004), Qi=1.26e+03"
chip_simple_dx7p273_dym4p545__Lj12p0nH_Cj2p0fF__roL8p5mm__tee_fl160um_fc12_cg1p2um__rpg1p4um,7.273,-4.545,12.0,2.0,160,12,1.2,8.5,4.66062735172,6.05659827963,-1.3959709279100005,260.52038403940827,6.401618414894104,5.824373347039268,1.0991085278123989,51.80215,76.91360079382368,5.138287100126963,True,0.768375912507579,1.536751825015158,37.191454911512736,0.7845854576407068,completed,,"Qi recalculated from inferred p=0.00224: tan_delta=0.36 (assumed EPR tan_delta=0.0004), Qi=1.24e+03"
chip_simple_dx7p273_dym3p636__Lj12p0nH_Cj2p0fF__roL8p5mm__tee_fl160um_fc12_cg1p2um__rpg1p4um,7.273,-3.636,12.0,2.0,160,12,1.2,8.5,4.65586186884,6.04211101025,-1.3862491414100004,257.18686837855205,6.308590197654723,5.818673028469142,1.0841974049389875,51.87076,76.9246817104704,5.160167180858858,True,0.7780246103021208,1.5560492206042416,37.16634807720641,0.7946596799223608,completed,,"Qi recalculated from inferred p=0.00224: tan_delta=0.36 (assumed EPR tan_delta=0.0004), Qi=1.24e+03"
chip_simple_dx7p273_dym2p727__Lj12p0nH_Cj2p0fF__roL8p5mm__tee_fl160um_fc12_cg1p2um__rpg1p4um,7.273,-2.727,12.0,2.0,160,12,1.2,8.5,4.75484668771,6.06921513477,-1.3143684470600006,228.27848180607165,5.718313435150146,5.844076080583877,0.9784803202936458,51.81694,76.91557479982968,5.1172271574298085,True,0.8810576275703698,1.7621152551407395,36.52581010949872,0.9028353785448924,completed,,"Qi recalculated from inferred p=0.00224: tan_delta=0.36 (assumed EPR tan_delta=0.0004), Qi=1.24e+03"
chip_simple_dx7p273_dym1p818__Lj12p0nH_Cj2p0fF__roL8p5mm__tee_fl160um_fc12_cg1p2um__rpg1p4um,7.273,-1.818,12.0,2.0,160,12,1.2,8.5,4.70663811853,6.16647237057,-1.4598342520400003,256.85236511832613,5.836125591398239,5.902282472045732,0.9887913055735941,51.48824,76.866071053907,4.965864636358973,True,0.8509409894346894,1.7018819788693789,36.87042019076592,0.8710440165621145,completed,,"Qi recalculated from inferred p=0.00221: tan_delta=0.36 (assumed EPR tan_delta=0.0004), Qi=1.26e+03"
chip_simple_dx7p273_dym0p909__Lj12p0nH_Cj2p0fF__roL8p5mm__tee_fl160um_fc12_cg1p2um__rpg1p4um,7.273,-0.909,12.0,2.0,160,12,1.2,8.5,4.70073295522,6.09546452187,-1.39473156665,249.82253054172318,5.997347442768096,5.880204986381134,1.0199214919646968,51.91471,76.92965378603417,5.053005188357956,True,0.8247630994375629,1.6495261988751257,36.902514599237946,0.8436177714144909,completed,,"Qi recalculated from inferred p=0.00224: tan_delta=0.36 (assumed EPR tan_delta=0.0004), Qi=1.24e+03"
chip_simple_dx7p273_dy0p000__Lj12p0nH_Cj2p0fF__roL8p5mm__tee_fl160um_fc12_cg1p2um__rpg1p4um,7.273,0.0,12.0,2.0,160,12,1.2,8.5,4.73285614666,6.06364786636,-1.3307917197000005,226.8629872413658,5.47772784601593,5.835642549018717,0.9386674732051622,51.46868,76.8626284653231,5.208412609485892,True,0.9151018923502818,1.8302037847005637,36.737698066845695,0.9384785194742332,completed,,"Qi recalculated from inferred p=0.00224: tan_delta=0.36 (assumed EPR tan_delta=0.0004), Qi=1.24e+03"
chip_simple_dx7p273_dy0p909__Lj12p0nH_Cj2p0fF__roL8p5mm__tee_fl160um_fc12_cg1p2um__rpg1p4um,7.273,0.909,12.0,2.0,160,12,1.2,8.5,4.68158068737,6.21519750417,-1.5336168167999995,264.3401351650299,5.589104882595062,6.023432078265482,0.9278937339996552,51.80135,76.91368221073732,4.87458142249387,True,0.8685679649983816,1.7371359299967633,37.13065129915327,0.889372349094837,completed,,"Qi recalculated from inferred p=0.00223: tan_delta=0.36 (assumed EPR tan_delta=0.0004), Qi=1.24e+03"
chip_simple_dx7p273_dy1p818__Lj12p0nH_Cj2p0fF__roL8p5mm__tee_fl160um_fc12_cg1p2um__rpg1p4um,7.273,1.818,12.0,2.0,160,12,1.2,8.5,4.74884244552,6.18043323889,-1.4315907933699998,233.63488942126196,5.108353200099945,5.957387601556484,0.8574820947969354,51.91467,76.92966148995072,4.88299895892664,True,0.9763204309274921,1.9526408618549842,36.62466301293046,1.003059446399355,completed,,"Qi recalculated from inferred p=0.00222: tan_delta=0.36 (assumed EPR tan_delta=0.0004), Qi=1.25e+03"
chip_simple_dx7p273_dy2p727__Lj12p0nH_Cj2p0fF__roL8p5mm__tee_fl160um_fc12_cg1p2um__rpg1p4um,7.273,2.727,12.0,2.0,160,12,1.2,8.5,4.77873216069,6.13275040265,-1.3540182419600004,229.1445143426731,5.505240939167022,5.952577534882911,0.9248499338153201,51.88499,76.92668641333698,5.023315134097399,True,0.9101986938815709,1.8203973877631419,36.36360461343069,0.93356631233334,completed,,"Qi recalculated from inferred p=0.00225: tan_delta=0.36 (assumed EPR tan_delta=0.0004), Qi=1.24e+03"
chip_simple_dx7p273_dy3p636__Lj12p0nH_Cj2p0fF__roL8p5mm__tee_fl160um_fc12_cg1p2um__rpg1p4um,7.273,3.636,12.0,2.0,160,12,1.2,8.5,4.74821889126,6.18095763125,-1.4327387399900005,238.52840243237236,5.310853707441329,5.9861408193352545,0.8871915759628063,51.82366,76.91741566252222,4.930664202465971,True,0.9346928229699549,1.8693856459399099,36.52623155465666,0.9592394063559028,completed,,"Qi recalculated from inferred p=0.00224: tan_delta=0.36 (assumed EPR tan_delta=0.0004), Qi=1.24e+03"
chip_simple_dx7p273_dy4p545__Lj12p0nH_Cj2p0fF__roL8p5mm__tee_fl160um_fc12_cg1p2um__rpg1p4um,7.273,4.545,12.0,2.0,160,12,1.2,8.5,4.76463364249,6.06778348676,-1.30314984427,222.43563515503286,5.540035029947281,5.83218068473875,0.9499079897239918,51.88434,76.92673571616176,5.09323626544283,True,0.9131061674782381,1.8262123349564763,36.35291815275375,0.9366323327251985,completed,,"Qi recalculated from inferred p=0.00223: tan_delta=0.36 (assumed EPR tan_delta=0.0004), Qi=1.24e+03"
chip_simple_dx7p273_dy5p455__Lj12p0nH_Cj2p0fF__roL8p5mm__tee_fl160um_fc12_cg1p2um__rpg1p4um,7.273,5.455,12.0,2.0,160,12,1.2,8.5,4.7485203046,6.15888690142,-1.4103665968199994,227.68960044213736,4.987842560365677,5.9378595044850195,0.8400068335396332,51.91492,76.92974335458139,4.925414292106162,True,1.0002818271128964,2.0005636542257927,36.56719637877669,1.0284136947844345,completed,,"Qi recalculated from inferred p=0.00223: tan_delta=0.36 (assumed EPR tan_delta=0.0004), Qi=1.25e+03"
chip_simple_dx7p273_dy6p364__Lj12p0nH_Cj2p0fF__roL8p5mm__tee_fl160um_fc12_cg1p2um__rpg1p4um,7.273,6.364,12.0,2.0,160,12,1.2,8.5,4.64195686026,6.15054121396,-1.5085843537000008,273.66878744595965,6.064661784154891,5.93995769375592,1.0209941041381592,51.81596,76.91577745142881,4.974425138028462,True,0.7968524337701504,1.5937048675403007,37.4222871815382,0.8141893966097276,completed,,"Qi recalculated from inferred p=0.00223: tan_delta=0.36 (assumed EPR tan_delta=0.0004), Qi=1.24e+03"
chip_simple_dx7p273_dy7p273__Lj12p0nH_Cj2p0fF__roL8p5mm__tee_fl160um_fc12_cg1p2um__rpg1p4um,7.273,7.273,12.0,2.0,160,12,1.2,8.5,4.77632474172,6.11603268543,-1.3397079437099997,226.24005901050677,5.46948547539711,5.898415113466635,0.9272805270876513,51.91553,76.92955132631268,5.010508626895508,True,0.9221045288496355,1.844209057699271,36.26390674671335,0.9461631990013019,completed,,"Qi recalculated from inferred p=0.00223: tan_delta=0.36 (assumed EPR tan_delta=0.0004), Qi=1.24e+03"
chip_simple_dx7p273_dy8p182__Lj12p0nH_Cj2p0fF__roL8p5mm__tee_fl160um_fc12_cg1p2um__rpg1p4um,7.273,8.182,12.0,2.0,160,12,1.2,8.5,4.72840082103,5.97315210181,-1.24475128078,217.62866557447816,5.6912676524562835,5.647951458913108,1.0076693636371143,51.81639,76.91570373818041,5.201914813270637,True,0.8993478653568691,1.7986957307137381,36.83740751655975,0.9218539937002475,completed,,"Qi recalculated from inferred p=0.0022: tan_delta=0.36 (assumed EPR tan_delta=0.0004), Qi=1.26e+03"
chip_simple_dx7p273_dy9p091__Lj12p0nH_Cj2p0fF__roL8p5mm__tee_fl160um_fc12_cg1p2um__rpg1p4um,7.273,9.091,12.0,2.0,160,12,1.2,8.5,4.77325080353,6.03297215026,-1.2597213467300001,215.22790751327605,5.541249745204925,5.779259447895125,0.9588165741932755,51.81613,76.91567423166471,5.1592545246843775,True,0.9196379572992982,1.8392759145985964,36.49882601033118,0.9434084259014776,completed,,"Qi recalculated from inferred p=0.00223: tan_delta=0.36 (assumed EPR tan_delta=0.0004), Qi=1.25e+03"
chip_simple_dx7p273_dy10p000__Lj12p0nH_Cj2p0fF__roL8p5mm__tee_fl160um_fc12_cg1p2um__rpg1p4um,7.273,10.0,12.0,2.0,160,12,1.2,8.5,4.70805055796,6.13632743544,-1.42827687748,253.14031044935942,5.907291461717605,5.903929399723399,1.0005694617544654,51.8152,76.91602701168578,4.9797233154712535,True,0.8386819982602308,1.6773639965204616,36.903366987302405,0.8581854957791886,completed,,"Qi recalculated from inferred p=0.00223: tan_delta=0.36 (assumed EPR tan_delta=0.0004), Qi=1.25e+03"
chip_simple_dx8p182_dym10p000__Lj12p0nH_Cj2p0fF__roL8p5mm__tee_fl160um_fc12_cg1p2um__rpg1p4um,8.182,-10.0,12.0,2.0,160,12,1.2,8.5,4.73563005446,6.15362550307,-1.4179954486100002,237.17555095106601,5.325074096298217,5.915441773143484,0.9001988863239974,51.88197,76.92611857976225,4.925717569982403,True,0.9372676772652562,1.8745353545305123,36.882210164506034,0.9617070180475661,completed,,"Qi recalculated from inferred p=0.00222: tan_delta=0.36 (assumed EPR tan_delta=0.0004), Qi=1.25e+03"
chip_simple_dx8p182_dym9p091__Lj12p0nH_Cj2p0fF__roL8p5mm__tee_fl160um_fc12_cg1p2um__rpg1p4um,8.182,-9.091,12.0,2.0,160,12,1.2,8.5,4.69794764375,5.92675568612,-1.2288080423699999,226.62987552066602,6.2352093673686975,5.613791258445734,1.1106949083630537,52.03948,76.95167794479867,5.2563229187896,True,0.8150574567458275,1.630114913491655,36.86591974565509,0.8334847179989195,completed,,"Qi recalculated from inferred p=0.00221: tan_delta=0.36 (assumed EPR tan_delta=0.0004), Qi=1.26e+03"
chip_simple_dx8p182_dym8p182__Lj12p0nH_Cj2p0fF__roL8p5mm__tee_fl160um_fc12_cg1p2um__rpg1p4um,8.182,-8.182,12.0,2.0,160,12,1.2,8.5,4.81055394873,6.12847147153,-1.3179175228000002,214.07746716863534,5.122406896465301,5.920639094996056,0.8651780347149691,51.9101,76.93361203589531,4.99774806916365,True,0.9908134684069623,1.9816269368139245,36.077170087149945,1.0187933279245562,completed,,"Qi recalculated from inferred p=0.00224: tan_delta=0.36 (assumed EPR tan_delta=0.0004), Qi=1.24e+03"
chip_simple_dx8p182_dym7p273__Lj12p0nH_Cj2p0fF__roL8p5mm__tee_fl160um_fc12_cg1p2um__rpg1p4um,8.182,-7.273,12.0,2.0,160,12,1.2,8.5,4.75453402814,6.05826619394,-1.3037321657999996,227.26530590646345,5.752804228256226,5.792570418204838,0.9931349665040522,52.02518,76.9469661926589,5.047542816555577,True,0.882323135121972,1.764646270243944,36.48526349616675,0.9041891413247423,completed,,"Qi recalculated from inferred p=0.00222: tan_delta=0.36 (assumed EPR tan_delta=0.0004), Qi=1.25e+03"
chip_simple_dx8p182_dym6p364__Lj12p0nH_Cj2p0fF__roL8p5mm__tee_fl160um_fc12_cg1p2um__rpg1p4um,8.182,-6.364,12.0,2.0,160,12,1.2,8.5,4.74033005446,6.12730674018,-1.3869766857199997,242.2763131992824,5.791866146835327,5.8749576619762465,0.985856661456694,51.59273,76.88281795956394,5.028353693951512,True,0.8667721298573464,1.7335442597146928,36.53748574341846,0.8878340557060017,completed,,"Qi recalculated from inferred p=0.00222: tan_delta=0.36 (assumed EPR tan_delta=0.0004), Qi=1.25e+03"
chip_simple_dx8p182_dym5p455__Lj12p0nH_Cj2p0fF__roL8p5mm__tee_fl160um_fc12_cg1p2um__rpg1p4um,8.182,-5.455,12.0,2.0,160,12,1.2,8.5,4.73816341164,6.10905258679,-1.3708891751499994,230.39956908460078,5.354065241529464,5.852343747262508,0.9148582982730434,52.00975,76.9462926776164,4.962365186861788,True,0.938112510787465,1.87622502157493,36.60004469299253,0.9627902281472412,completed,,"Qi recalculated from inferred p=0.00221: tan_delta=0.36 (assumed EPR tan_delta=0.0004), Qi=1.25e+03"
chip_simple_dx8p182_dym4p545__Lj12p0nH_Cj2p0fF__roL8p5mm__tee_fl160um_fc12_cg1p2um__rpg1p4um,8.182,-4.545,12.0,2.0,160,12,1.2,8.5,4.71494974134,6.02611343627,-1.3111636949300003,229.83680963166307,5.731930271121978,5.802565180291682,0.9878269511888271,52.03894,76.9489826805298,5.152209340308612,True,0.8714941367602275,1.742988273520455,36.79429147723736,0.8926367561172022,completed,,"Qi recalculated from inferred p=0.00224: tan_delta=0.36 (assumed EPR tan_delta=0.0004), Qi=1.24e+03"
chip_simple_dx8p182_dym3p636__Lj12p0nH_Cj2p0fF__roL8p5mm__tee_fl160um_fc12_cg1p2um__rpg1p4um,8.182,-3.636,12.0,2.0,160,12,1.2,8.5,4.72575545687,6.04494433563,-1.3191888787600003,234.94339438169402,5.9379728162078855,5.777304605739439,1.0278102370279787,51.8578,76.92210282291153,5.110827712019032,True,0.8483929808273384,1.6967859616546768,36.600830662190745,0.8685250528368587,completed,,"Qi recalculated from inferred p=0.00222: tan_delta=0.36 (assumed EPR tan_delta=0.0004), Qi=1.25e+03"
chip_simple_dx8p182_dym2p727__Lj12p0nH_Cj2p0fF__roL8p5mm__tee_fl160um_fc12_cg1p2um__rpg1p4um,8.182,-2.727,12.0,2.0,160,12,1.2,8.5,4.70366645226,6.23032952005,-1.5266630677899995,258.6716946384921,5.441795454484939,6.064923365323344,0.8972570841700679,52.06697,76.95476504225924,4.8122933487129735,True,0.891931273221678,1.783862546443356,36.81285184457982,0.9140782946091303,completed,,"Qi recalculated from inferred p=0.00224: tan_delta=0.36 (assumed EPR tan_delta=0.0004), Qi=1.24e+03"
chip_simple_dx8p182_dym1p818__Lj12p0nH_Cj2p0fF__roL8p5mm__tee_fl160um_fc12_cg1p2um__rpg1p4um,8.182,-1.818,12.0,2.0,160,12,1.2,8.5,4.68525295522,6.09379748036,-1.40854452514,255.11644504269026,6.095650871637344,5.8822544461123405,1.0362779997839162,51.88941,76.92983587188847,5.065996550745459,True,0.8068350509594298,1.6136701019188595,37.07407340241433,0.8247846613804999,completed,,"Qi recalculated from inferred p=0.00224: tan_delta=0.36 (assumed EPR tan_delta=0.0004), Qi=1.24e+03"
chip_simple_dx8p182_dym0p909__Lj12p0nH_Cj2p0fF__roL8p5mm__tee_fl160um_fc12_cg1p2um__rpg1p4um,8.182,-0.909,12.0,2.0,160,12,1.2,8.5,4.73453222964,6.07916206739,-1.3446298377500003,230.27866450664393,5.5368717016582485,5.804701724358442,0.953859813058733,52.01008,76.94634924338555,5.001413740682342,True,0.9115595126831807,1.8231190253663614,36.60077537564661,0.9348421969638828,completed,,"Qi recalculated from inferred p=0.00221: tan_delta=0.36 (assumed EPR tan_delta=0.0004), Qi=1.26e+03"
chip_simple_dx8p182_dy0p000__Lj12p0nH_Cj2p0fF__roL8p5mm__tee_fl160um_fc12_cg1p2um__rpg1p4um,8.182,0.0,12.0,2.0,160,12,1.2,8.5,4.69396142723,6.02675894613,-1.3327975189000005,239.3240589141231,5.976145094621658,5.749179643443574,1.03947788471646,52.03932,76.94894833124184,5.093559524884812,True,0.8391016388189559,1.6782032776379119,37.0264466706407,0.8585584837366892,completed,,"Qi recalculated from inferred p=0.00221: tan_delta=0.36 (assumed EPR tan_delta=0.0004), Qi=1.25e+03"
chip_simple_dx8p182_dy0p909__Lj12p0nH_Cj2p0fF__roL8p5mm__tee_fl160um_fc12_cg1p2um__rpg1p4um,8.182,0.909,12.0,2.0,160,12,1.2,8.5,4.75057675295,6.09441747765,-1.3438407247000006,233.31414912069397,5.722410437381744,5.853407541855238,0.9776203683859721,52.03869,76.94891097040335,4.999835153214119,True,0.8803347582312395,1.760669516462479,36.588868307538036,0.90203795378476,completed,,"Qi recalculated from inferred p=0.00222: tan_delta=0.36 (assumed EPR tan_delta=0.0004), Qi=1.25e+03"
chip_simple_dx8p182_dy1p818__Lj12p0nH_Cj2p0fF__roL8p5mm__tee_fl160um_fc12_cg1p2um__rpg1p4um,8.182,1.818,12.0,2.0,160,12,1.2,8.5,4.76499564866,6.18000898709,-1.4150133384299997,231.27557243964554,5.146479495965957,5.98978167470485,0.8592098636415748,51.59272,76.88256678549216,4.990274053697729,True,0.9682125430962689,1.9364250861925378,36.42562629317375,0.9946508934851743,completed,,"Qi recalculated from inferred p=0.00224: tan_delta=0.36 (assumed EPR tan_delta=0.0004), Qi=1.24e+03"
chip_simple_dx8p182_dy2p727__Lj12p0nH_Cj2p0fF__roL8p5mm__tee_fl160um_fc12_cg1p2um__rpg1p4um,8.182,2.727,12.0,2.0,160,12,1.2,8.5,4.74852684297,6.13036381413,-1.3818369711600003,236.22808127869936,5.567534519544601,5.910382801372927,0.9419922036608719,51.88317,76.92629781470919,4.988026657474982,True,0.8987095763051157,1.7974191526102314,36.47139421474684,0.921414607166624,completed,,"Qi recalculated from inferred p=0.00223: tan_delta=0.36 (assumed EPR tan_delta=0.0004), Qi=1.25e+03"
chip_simple_dx8p182_dy3p636__Lj12p0nH_Cj2p0fF__roL8p5mm__tee_fl160um_fc12_cg1p2um__rpg1p4um,8.182,3.636,12.0,2.0,160,12,1.2,8.5,4.74833115983,6.10316137397,-1.3548302141399997,228.2050160306239,5.395294238792419,5.868324301832488,0.9193926513413111,51.88272,76.92654878402902,5.025373070711159,True,0.9315566580497494,1.8631133160994988,36.53816386711093,0.9559284776410297,completed,,"Qi recalculated from inferred p=0.00223: tan_delta=0.36 (assumed EPR tan_delta=0.0004), Qi=1.25e+03"
chip_simple_dx8p182_dy4p545__Lj12p0nH_Cj2p0fF__roL8p5mm__tee_fl160um_fc12_cg1p2um__rpg1p4um,8.182,4.545,12.0,2.0,160,12,1.2,8.5,4.75384775336,6.16753807894,-1.4136903255800002,238.92779525541926,5.472293931138992,6.000528213189532,0.9119687028736156,52.04759,76.95008463270085,4.932429448939997,True,0.9055021742576084,1.8110043485152167,36.478939179978624,0.9285512315486817,completed,,"Qi recalculated from inferred p=0.00225: tan_delta=0.36 (assumed EPR tan_delta=0.0004), Qi=1.24e+03"
chip_simple_dx8p182_dy5p455__Lj12p0nH_Cj2p0fF__roL8p5mm__tee_fl160um_fc12_cg1p2um__rpg1p4um,8.182,5.455,12.0,2.0,160,12,1.2,8.5,4.69475515897,6.18930512161,-1.4945499626400007,261.0935447038348,5.745368988786697,5.922836316982369,0.9700367663906523,51.59306,76.88207587278923,4.896595626870083,True,0.8599307995647052,1.7198615991294104,36.84753699783678,0.8804790120789205,completed,,"Qi recalculated from inferred p=0.00221: tan_delta=0.36 (assumed EPR tan_delta=0.0004), Qi=1.26e+03"
chip_simple_dx8p182_dy6p364__Lj12p0nH_Cj2p0fF__roL8p5mm__tee_fl160um_fc12_cg1p2um__rpg1p4um,8.182,6.364,12.0,2.0,160,12,1.2,8.5,4.8164099367,6.12097847271,-1.3045685360099997,214.32152718251388,5.243484284074783,5.892330069038773,0.8898829873137372,51.56462,76.87910109907618,5.0715662115357345,True,0.9737778835190765,1.947555767038153,36.101172530396994,1.0007722956001093,completed,,"Qi recalculated from inferred p=0.00223: tan_delta=0.36 (assumed EPR tan_delta=0.0004), Qi=1.24e+03"
chip_simple_dx8p182_dy7p273__Lj12p0nH_Cj2p0fF__roL8p5mm__tee_fl160um_fc12_cg1p2um__rpg1p4um,8.182,7.273,12.0,2.0,160,12,1.2,8.5,4.69969106963,6.14084802289,-1.4411569532600002,255.60206895931188,5.903258055982589,5.914831339260037,0.9980433451752666,51.86778,76.92437092395913,4.965431530866417,True,0.8360159652861254,1.6720319305722509,36.88401093065066,0.8554046357207732,completed,,"Qi recalculated from inferred p=0.00223: tan_delta=0.36 (assumed EPR tan_delta=0.0004), Qi=1.25e+03"
chip_simple_dx8p182_dy8p182__Lj12p0nH_Cj2p0fF__roL8p5mm__tee_fl160um_fc12_cg1p2um__rpg1p4um,8.182,8.182,12.0,2.0,160,12,1.2,8.5,4.69745140842,6.12940857106,-1.4319571626399998,256.33160974703685,6.00176041119194,5.915191680844501,1.014634983110992,51.8813,76.9272965958401,4.9961332765840245,True,0.8209597343445175,1.641919468689035,36.84859847124063,0.8396668966522377,completed,,"Qi recalculated from inferred p=0.00223: tan_delta=0.36 (assumed EPR tan_delta=0.0004), Qi=1.24e+03"
chip_simple_dx8p182_dy9p091__Lj12p0nH_Cj2p0fF__roL8p5mm__tee_fl160um_fc12_cg1p2um__rpg1p4um,8.182,9.091,12.0,2.0,160,12,1.2,8.5,4.72158254912,6.12778684598,-1.4062042968600004,244.34494700729925,5.69784814260292,5.923186679041649,0.9619565364643905,51.89547,76.93332071123069,5.005724963775063,True,0.8688916966334075,1.737783393266815,36.75808575535471,0.8899279110227084,completed,,"Qi recalculated from inferred p=0.00224: tan_delta=0.36 (assumed EPR tan_delta=0.0004), Qi=1.24e+03"
chip_simple_dx8p182_dy10p000__Lj12p0nH_Cj2p0fF__roL8p5mm__tee_fl160um_fc12_cg1p2um__rpg1p4um,8.182,10.0,12.0,2.0,160,12,1.2,8.5,4.69432691439,6.09749818315,-1.4031712687599995,249.9961335217051,5.921394772914886,5.89790265333111,1.0039831311170435,51.8967,76.93265930561292,5.069360640752996,True,0.8309784362921957,1.6619568725843914,36.91639633484839,0.8501142867768384,completed,,"Qi recalculated from inferred p=0.00224: tan_delta=0.36 (assumed EPR tan_delta=0.0004), Qi=1.24e+03"
chip_simple_dx9p091_dym10p000__Lj12p0nH_Cj2p0fF__roL8p5mm__tee_fl160um_fc12_cg1p2um__rpg1p4um,9.091,-10.0,12.0,2.0,160,12,1.2,8.5,4.74124585961,6.17364141087,-1.43239555126,236.053231103742,5.191116545270919,5.957930684959158,0.8712952230840705,51.83162,76.91853510973328,4.9219065212233195,True,0.9578680167791395,1.915736033558279,36.57609013462049,0.9836276163047097,completed,,"Qi recalculated from inferred p=0.00223: tan_delta=0.36 (assumed EPR tan_delta=0.0004), Qi=1.25e+03"
chip_simple_dx9p091_dym9p091__Lj12p0nH_Cj2p0fF__roL8p5mm__tee_fl160um_fc12_cg1p2um__rpg1p4um,9.091,-9.091,12.0,2.0,160,12,1.2,8.5,4.71934786872,6.08163378867,-1.3622859199499997,238.5232525782091,5.753670983188629,5.841539739032603,0.9849579460605492,51.84558,76.92062607908605,5.070478618301056,True,0.8677301733401603,1.7354603466803207,36.72988650735367,0.8887260009951415,completed,,"Qi recalculated from inferred p=0.00223: tan_delta=0.36 (assumed EPR tan_delta=0.0004), Qi=1.25e+03"
chip_simple_dx9p091_dym8p182__Lj12p0nH_Cj2p0fF__roL8p5mm__tee_fl160um_fc12_cg1p2um__rpg1p4um,9.091,-8.182,12.0,2.0,160,12,1.2,8.5,4.73933459996,6.01297642346,-1.2736418234999993,207.41282465744172,4.979622645933151,5.665277094733514,0.8789724778973738,51.6555,76.89285454081413,5.136198251047218,True,1.0294828920350338,2.0589657840700677,36.56408502744515,1.059308328688416,completed,,"Qi recalculated from inferred p=0.00219: tan_delta=0.36 (assumed EPR tan_delta=0.0004), Qi=1.27e+03"
chip_simple_dx9p091_dym7p273__Lj12p0nH_Cj2p0fF__roL8p5mm__tee_fl160um_fc12_cg1p2um__rpg1p4um,9.091,-7.273,12.0,2.0,160,12,1.2,8.5,4.72050597097,6.13312512239,-1.4126191514200004,245.89801240972525,5.72029589563942,5.881474199794399,0.9725955944581695,51.84561,76.9206782364664,4.959318713641493,True,0.8718204168958156,1.7436408337916312,36.68014263777876,0.893046511618375,completed,,"Qi recalculated from inferred p=0.00222: tan_delta=0.36 (assumed EPR tan_delta=0.0004), Qi=1.25e+03"
chip_simple_dx9p091_dym6p364__Lj12p0nH_Cj2p0fF__roL8p5mm__tee_fl160um_fc12_cg1p2um__rpg1p4um,9.091,-6.364,12.0,2.0,160,12,1.2,8.5,4.69330723701,5.96815675403,-1.2748495170199998,226.8800540792516,5.833106887407302,5.674148599783987,1.0280144738594557,51.87371,76.92644636181565,5.232543092441559,True,0.8649294282914636,1.7298588565829272,37.031529834748774,0.8856143394392371,completed,,"Qi recalculated from inferred p=0.00222: tan_delta=0.36 (assumed EPR tan_delta=0.0004), Qi=1.25e+03"
chip_simple_dx9p091_dym5p455__Lj12p0nH_Cj2p0fF__roL8p5mm__tee_fl160um_fc12_cg1p2um__rpg1p4um,9.091,-5.455,12.0,2.0,160,12,1.2,8.5,4.77403241356,6.14118663234,-1.3671542187800005,218.4790215050792,4.913194778823852,5.873795958930736,0.8364598997269644,51.84622,76.92048923375035,4.927992425063408,True,1.0309780794169983,2.0619561588339965,36.431540520180285,1.061003472432066,completed,,"Qi recalculated from inferred p=0.00221: tan_delta=0.36 (assumed EPR tan_delta=0.0004), Qi=1.26e+03"
chip_simple_dx9p091_dym4p545__Lj12p0nH_Cj2p0fF__roL8p5mm__tee_fl160um_fc12_cg1p2um__rpg1p4um,9.091,-4.545,12.0,2.0,160,12,1.2,8.5,4.74298968952,6.21595359683,-1.4729639073100005,250.5823135991841,5.546431172784805,6.029204485292758,0.9199275271413339,51.84591,76.92053382660235,4.867965982538474,True,0.8898939147140482,1.7797878294280964,36.54827429697259,0.91210219144888,completed,,"Qi recalculated from inferred p=0.00224: tan_delta=0.36 (assumed EPR tan_delta=0.0004), Qi=1.24e+03"
chip_simple_dx9p091_dym3p636__Lj12p0nH_Cj2p0fF__roL8p5mm__tee_fl160um_fc12_cg1p2um__rpg1p4um,9.091,-3.636,12.0,2.0,160,12,1.2,8.5,4.74768350608,6.11192641656,-1.3642429104800007,235.79656019646745,5.676827084125518,5.912170509194911,0.9601933968745703,51.6966,76.900893052679,5.087913957365868,True,0.8793880189031141,1.7587760378062283,36.46724899216229,0.9011179927380524,completed,,"Qi recalculated from inferred p=0.00225: tan_delta=0.36 (assumed EPR tan_delta=0.0004), Qi=1.24e+03"
chip_simple_dx9p091_dym2p727__Lj12p0nH_Cj2p0fF__roL8p5mm__tee_fl160um_fc12_cg1p2um__rpg1p4um,9.091,-2.727,12.0,2.0,160,12,1.2,8.5,4.75421160279,6.18453840176,-1.4303267989700004,241.57485979383452,5.473107182682037,5.95940112810006,0.9183988567030628,51.84594,76.92047222216495,4.888858373897747,True,0.9127829144135691,1.8255658288271381,36.440290185896565,0.9362343950502108,completed,,"Qi recalculated from inferred p=0.00222: tan_delta=0.36 (assumed EPR tan_delta=0.0004), Qi=1.25e+03"
chip_simple_dx9p091_dym1p818__Lj12p0nH_Cj2p0fF__roL8p5mm__tee_fl160um_fc12_cg1p2um__rpg1p4um,9.091,-1.818,12.0,2.0,160,12,1.2,8.5,4.74819591368,6.22592544422,-1.4777295305399996,240.38903250960894,5.092063777423858,6.030365991562808,0.8444037699450175,51.65635,76.89281097345315,4.8838874975293916,True,0.9707679004222409,1.9415358008444819,36.45510023318264,0.9973258276689138,completed,,"Qi recalculated from inferred p=0.00223: tan_delta=0.36 (assumed EPR tan_delta=0.0004), Qi=1.24e+03"
chip_simple_dx9p091_dym0p909__Lj12p0nH_Cj2p0fF__roL8p5mm__tee_fl160um_fc12_cg1p2um__rpg1p4um,9.091,-0.909,12.0,2.0,160,12,1.2,8.5,4.69833241253,5.9700084278,-1.2716760152699997,237.54943824235883,6.424561027713775,5.679426145956277,1.1311989737357586,51.85618,76.92329852301445,5.236751637932748,True,0.7859576904669215,1.571915380933843,36.85637027816709,0.8030833468397776,completed,,"Qi recalculated from inferred p=0.00222: tan_delta=0.36 (assumed EPR tan_delta=0.0004), Qi=1.25e+03"
chip_simple_dx9p091_dy0p000__Lj12p0nH_Cj2p0fF__roL8p5mm__tee_fl160um_fc12_cg1p2um__rpg1p4um,9.091,0.0,12.0,2.0,160,12,1.2,8.5,4.76124240378,5.85151588254,-1.0902734787600004,199.56867499694044,6.177502768482208,5.536085214131183,1.115861214114582,51.69751,76.90264966907522,5.495883365329889,True,0.8383085207893761,1.6766170415787522,36.46889808210157,0.8580320556699533,completed,,"Qi recalculated from inferred p=0.00222: tan_delta=0.36 (assumed EPR tan_delta=0.0004), Qi=1.25e+03"
chip_simple_dx9p091_dy0p909__Lj12p0nH_Cj2p0fF__roL8p5mm__tee_fl160um_fc12_cg1p2um__rpg1p4um,9.091,0.909,12.0,2.0,160,12,1.2,8.5,4.7163601662,6.23569834714,-1.5193381809399993,260.8716160934938,5.613257433452606,6.0763823396662895,0.9237827904293597,51.85655,76.92361340290306,4.855478995964235,True,0.8674645241117419,1.7349290482234838,36.73480918635093,0.8884444630416687,completed,,"Qi recalculated from inferred p=0.00224: tan_delta=0.36 (assumed EPR tan_delta=0.0004), Qi=1.24e+03"
chip_simple_dx9p091_dy1p818__Lj12p0nH_Cj2p0fF__roL8p5mm__tee_fl160um_fc12_cg1p2um__rpg1p4um,9.091,1.818,12.0,2.0,160,12,1.2,8.5,4.72332163382,6.08397777989,-1.3606561460699993,229.5526193491085,5.362149336601257,5.856220715335205,0.9156330673398008,51.67031,76.89272797792992,5.1200125519302135,True,0.930703056954629,1.861406113909258,36.80368924468634,0.9548495881547812,completed,,"Qi recalculated from inferred p=0.00224: tan_delta=0.36 (assumed EPR tan_delta=0.0004), Qi=1.24e+03"
chip_simple_dx9p091_dy2p727__Lj12p0nH_Cj2p0fF__roL8p5mm__tee_fl160um_fc12_cg1p2um__rpg1p4um,9.091,2.727,12.0,2.0,160,12,1.2,8.5,4.73573589761,5.98065811264,-1.24492221503,225.8565206861277,6.137298337150574,5.714952670110322,1.0739018661080353,51.84547,76.92057452610196,5.244877810581889,True,0.827015113408525,1.65403022681705,36.64632769266448,0.8461096729786665,completed,,"Qi recalculated from inferred p=0.00223: tan_delta=0.36 (assumed EPR tan_delta=0.0004), Qi=1.25e+03"
chip_simple_dx9p091_dy3p636__Lj12p0nH_Cj2p0fF__roL8p5mm__tee_fl160um_fc12_cg1p2um__rpg1p4um,9.091,3.636,12.0,2.0,160,12,1.2,8.5,4.68306550659,6.14481038929,-1.4617448826999997,264.9258084591517,6.127459964786529,5.89383616516593,1.0396386653910359,51.8532,76.92247045119429,4.936101831171829,True,0.8042345370076085,1.608469074015217,37.03829984210229,0.822084954427508,completed,,"Qi recalculated from inferred p=0.00222: tan_delta=0.36 (assumed EPR tan_delta=0.0004), Qi=1.25e+03"
chip_simple_dx9p091_dy4p545__Lj12p0nH_Cj2p0fF__roL8p5mm__tee_fl160um_fc12_cg1p2um__rpg1p4um,9.091,4.545,12.0,2.0,160,12,1.2,8.5,4.68769054045,6.11988182644,-1.4321912859900001,259.16147921563146,6.106558018573761,5.906583897822457,1.0338561382028328,51.84527,76.9207943254014,5.023776586365066,True,0.8050175323169195,1.610035064633839,37.052876767344564,0.8228959185447988,completed,,"Qi recalculated from inferred p=0.00224: tan_delta=0.36 (assumed EPR tan_delta=0.0004), Qi=1.24e+03"
chip_simple_dx9p091_dy5p455__Lj12p0nH_Cj2p0fF__roL8p5mm__tee_fl160um_fc12_cg1p2um__rpg1p4um,9.091,5.455,12.0,2.0,160,12,1.2,8.5,4.7579347478,6.14116345285,-1.3832287050499996,231.22412370063319,5.347422351387023,5.920297827562249,0.9032353619934163,51.67016,76.89504516942598,5.015778545518367,True,0.9373345571054558,1.8746691142109115,36.48377975817512,0.962051404795127,completed,,"Qi recalculated from inferred p=0.00223: tan_delta=0.36 (assumed EPR tan_delta=0.0004), Qi=1.24e+03"
chip_simple_dx9p091_dy6p364__Lj12p0nH_Cj2p0fF__roL8p5mm__tee_fl160um_fc12_cg1p2um__rpg1p4um,9.091,6.364,12.0,2.0,160,12,1.2,8.5,4.80886740306,6.13457594718,-1.3257085441200003,213.644745352194,5.043484102472305,5.8856847017557525,0.8569069459272577,51.84144,76.92148045423842,4.960313538739948,True,1.0120345738428105,2.024069147685621,36.12753573280993,1.0412015782952488,completed,,"Qi recalculated from inferred p=0.00222: tan_delta=0.36 (assumed EPR tan_delta=0.0004), Qi=1.25e+03"
chip_simple_dx9p091_dy7p273__Lj12p0nH_Cj2p0fF__roL8p5mm__tee_fl160um_fc12_cg1p2um__rpg1p4um,9.091,7.273,12.0,2.0,160,12,1.2,8.5,4.74811539599,6.14296840617,-1.3948530101799994,231.89650692330616,5.273498021167755,5.867078405195409,0.8988286259304072,51.65568,76.892975767723,4.959787146241839,True,0.9557070094993009,1.9114140189986017,36.44083854238171,0.981446688304203,completed,,"Qi recalculated from inferred p=0.00221: tan_delta=0.36 (assumed EPR tan_delta=0.0004), Qi=1.26e+03"
chip_simple_dx9p091_dy8p182__Lj12p0nH_Cj2p0fF__roL8p5mm__tee_fl160um_fc12_cg1p2um__rpg1p4um,9.091,8.182,12.0,2.0,160,12,1.2,8.5,4.69054728544,6.17827451541,-1.48772722997,260.0683223594995,5.739252216215133,5.9758724560029775,0.9604040679365319,51.84504,76.92067593418071,4.923319473482513,True,0.8514820703858468,1.7029641407716936,36.98630347081016,0.8715464207296416,completed,,"Qi recalculated from inferred p=0.00223: tan_delta=0.36 (assumed EPR tan_delta=0.0004), Qi=1.24e+03"
chip_simple_dx9p091_dy9p091__Lj12p0nH_Cj2p0fF__roL8p5mm__tee_fl160um_fc12_cg1p2um__rpg1p4um,9.091,9.091,12.0,2.0,160,12,1.2,8.5,4.71043253304,6.00858502332,-1.2981524902800006,243.39438782286092,6.520098717010498,5.702711731566599,1.1433330359168186,51.36625,76.85225339189233,5.260210433515396,True,0.7772109944155043,1.5544219888310087,36.95938234510515,0.7939058722321399,completed,,"Qi recalculated from inferred p=0.00222: tan_delta=0.36 (assumed EPR tan_delta=0.0004), Qi=1.25e+03"
chip_simple_dx9p091_dy10p000__Lj12p0nH_Cj2p0fF__roL8p5mm__tee_fl160um_fc12_cg1p2um__rpg1p4um,9.091,10.0,12.0,2.0,160,12,1.2,8.5,4.69926836053,5.96788032666,-1.26861196613,237.96983336527876,6.480939449926376,5.70456835918075,1.1360963778260558,51.88287,76.93131129776111,5.264614570426986,True,0.7762627389545373,1.5525254779090747,37.02415658878399,0.7928867072983431,completed,,"Qi recalculated from inferred p=0.00223: tan_delta=0.36 (assumed EPR tan_delta=0.0004), Qi=1.24e+03"
chip_simple_dx10p000_dym10p000__Lj12p0nH_Cj2p0fF__roL8p5mm__tee_fl160um_fc12_cg1p2um__rpg1p4um,10.0,-10.0,12.0,2.0,160,12,1.2,8.5,4.71844531011,6.15809605656,-1.43965074645,250.04335074310168,5.707450486171722,5.943757997746209,0.9602427434521912,51.87015,76.94145610310099,4.943833049123044,True,0.8667054978758669,1.7334109957517339,36.72863859126134,0.8876518985646465,completed,,"Qi recalculated from inferred p=0.00223: tan_delta=0.36 (assumed EPR tan_delta=0.0004), Qi=1.25e+03"
chip_simple_dx10p000_dym9p091__Lj12p0nH_Cj2p0fF__roL8p5mm__tee_fl160um_fc12_cg1p2um__rpg1p4um,10.0,-9.091,12.0,2.0,160,12,1.2,8.5,4.74335442636,5.96352019986,-1.2201657734999998,212.85016882186295,5.678793174303054,5.680023776609713,0.999783345571241,51.91552,76.94955487970101,5.243491449891347,True,0.8981524867465512,1.7963049734931025,36.53584270813632,0.9207880134722661,completed,,"Qi recalculated from inferred p=0.00222: tan_delta=0.36 (assumed EPR tan_delta=0.0004), Qi=1.25e+03"
chip_simple_dx10p000_dym8p182__Lj12p0nH_Cj2p0fF__roL8p5mm__tee_fl160um_fc12_cg1p2um__rpg1p4um,10.0,-8.182,12.0,2.0,160,12,1.2,8.5,4.7278291272,6.203667918,-1.4758387908000001,247.43915307278945,5.357714031663894,5.999006200112647,0.8931002657679016,51.98903,76.95792055299788,4.841039243090055,True,0.9201001394376535,1.840200278875307,36.63510992264561,0.9438040183314854,completed,,"Qi recalculated from inferred p=0.00223: tan_delta=0.36 (assumed EPR tan_delta=0.0004), Qi=1.25e+03"
chip_simple_dx10p000_dym7p273__Lj12p0nH_Cj2p0fF__roL8p5mm__tee_fl160um_fc12_cg1p2um__rpg1p4um,10.0,-7.273,12.0,2.0,160,12,1.2,8.5,4.74780746006,6.110765979,-1.3629585189400002,241.6074469436823,5.967518097417831,5.84184513151947,1.021512546647342,51.98871,76.9582434438423,4.951478498519543,True,0.846859587299337,1.693719174598674,36.47082132902292,0.8669912943172241,completed,,"Qi recalculated from inferred p=0.00221: tan_delta=0.36 (assumed EPR tan_delta=0.0004), Qi=1.26e+03"
chip_simple_dx10p000_dym6p364__Lj12p0nH_Cj2p0fF__roL8p5mm__tee_fl160um_fc12_cg1p2um__rpg1p4um,10.0,-6.364,12.0,2.0,160,12,1.2,8.5,4.72676334755,6.12769509524,-1.4009317476899996,237.20991233668335,5.428620394487381,5.930169327664392,0.9154241800757236,51.88806,76.94380559786954,5.014792555609985,True,0.9127988755284937,1.8255977510569874,36.673847377644414,0.9360980186483265,completed,,"Qi recalculated from inferred p=0.00224: tan_delta=0.36 (assumed EPR tan_delta=0.0004), Qi=1.24e+03"
chip_simple_dx10p000_dym5p455__Lj12p0nH_Cj2p0fF__roL8p5mm__tee_fl160um_fc12_cg1p2um__rpg1p4um,10.0,-5.455,12.0,2.0,160,12,1.2,8.5,4.78348404036,6.07595430882,-1.2924702684599998,213.32573538357218,5.212648472454071,5.832765407268815,0.8936838889419498,51.94594,76.95349115351743,5.054909563285277,True,0.9746228977687056,1.9492457955374112,36.16775681199464,1.0016136680470837,completed,,"Qi recalculated from inferred p=0.00223: tan_delta=0.36 (assumed EPR tan_delta=0.0004), Qi=1.25e+03"
chip_simple_dx10p000_dym4p545__Lj12p0nH_Cj2p0fF__roL8p5mm__tee_fl160um_fc12_cg1p2um__rpg1p4um,10.0,-4.545,12.0,2.0,160,12,1.2,8.5,4.72887741733,6.11605763171,-1.3871802143800007,241.3895574816467,5.721568623006821,5.8828445551757955,0.9725853826909158,51.56471,76.89456244434565,5.076414266800624,True,0.8721558712465503,1.7443117424931005,36.62352599747903,0.8934321429268823,completed,,"Qi recalculated from inferred p=0.00223: tan_delta=0.36 (assumed EPR tan_delta=0.0004), Qi=1.24e+03"
chip_simple_dx10p000_dym3p636__Lj12p0nH_Cj2p0fF__roL8p5mm__tee_fl160um_fc12_cg1p2um__rpg1p4um,10.0,-3.636,12.0,2.0,160,12,1.2,8.5,4.70070496194,6.04487004836,-1.3441650864200003,250.48907377671824,6.44764097164917,5.824760812131007,1.1069366072888203,51.98765,76.95829824738547,5.130511126114501,True,0.7703865264405297,1.5407730528810595,36.90815545892299,0.7868096598450837,completed,,"Qi recalculated from inferred p=0.00224: tan_delta=0.36 (assumed EPR tan_delta=0.0004), Qi=1.24e+03"
chip_simple_dx10p000_dym2p727__Lj12p0nH_Cj2p0fF__roL8p5mm__tee_fl160um_fc12_cg1p2um__rpg1p4um,10.0,-2.727,12.0,2.0,160,12,1.2,8.5,4.65444657204,6.15198201158,-1.49753543954,282.16818861633897,6.55648122142601,5.938804420909544,1.1040069274451485,51.96281,76.95517196024609,4.935379110697691,True,0.7398293024548641,1.4796586049097282,37.18542097226248,0.7548475082705289,completed,,"Qi recalculated from inferred p=0.00223: tan_delta=0.36 (assumed EPR tan_delta=0.0004), Qi=1.25e+03"
chip_simple_dx10p000_dym1p818__Lj12p0nH_Cj2p0fF__roL8p5mm__tee_fl160um_fc12_cg1p2um__rpg1p4um,10.0,-1.818,12.0,2.0,160,12,1.2,8.5,4.69464793401,6.11019400861,-1.4155460746,255.84847129734118,6.101083616342544,5.818187065933997,1.0486228007457739,51.59035,76.90078716477733,5.020958036661847,True,0.8187964233753934,1.6375928467507868,36.92423722414173,0.8373650260032308,completed,,"Qi recalculated from inferred p=0.00221: tan_delta=0.36 (assumed EPR tan_delta=0.0004), Qi=1.26e+03"
chip_simple_dx10p000_dym0p909__Lj12p0nH_Cj2p0fF__roL8p5mm__tee_fl160um_fc12_cg1p2um__rpg1p4um,10.0,-0.909,12.0,2.0,160,12,1.2,8.5,4.75606154742,6.16778888448,-1.4117273370600003,234.7878664070657,5.306044165422439,5.968817326650227,0.8889607228774508,51.91673,76.95247318227639,4.930140668539841,True,0.9392043735399931,1.8784087470799862,36.497794713027616,0.9640114552284108,completed,,"Qi recalculated from inferred p=0.00223: tan_delta=0.36 (assumed EPR tan_delta=0.0004), Qi=1.24e+03"
chip_simple_dx10p000_dy0p000__Lj12p0nH_Cj2p0fF__roL8p5mm__tee_fl160um_fc12_cg1p2um__rpg1p4um,10.0,0.0,12.0,2.0,160,12,1.2,8.5,4.71208036912,6.12933282299,-1.4172524538700007,247.69335881399886,5.748897754478454,5.914392877730971,0.9720182397967434,51.90214,76.94965617923512,4.99073206658989,True,0.860359434391064,1.720718868782128,36.72350275936575,0.8809995202206358,completed,,"Qi recalculated from inferred p=0.00223: tan_delta=0.36 (assumed EPR tan_delta=0.0004), Qi=1.24e+03"
chip_simple_dx10p000_dy0p909__Lj12p0nH_Cj2p0fF__roL8p5mm__tee_fl160um_fc12_cg1p2um__rpg1p4um,10.0,0.909,12.0,2.0,160,12,1.2,8.5,4.75255400103,6.13763196296,-1.3850779619299995,230.5572668902481,5.2944752149524685,5.940929181592612,0.8911863873679697,51.98908,76.9582854155858,4.973205424815706,True,0.9420323899051641,1.8840647798103283,36.70804899192652,0.9668443513126941,completed,,"Qi recalculated from inferred p=0.00224: tan_delta=0.36 (assumed EPR tan_delta=0.0004), Qi=1.24e+03"
chip_simple_dx10p000_dy1p818__Lj12p0nH_Cj2p0fF__roL8p5mm__tee_fl160um_fc12_cg1p2um__rpg1p4um,10.0,1.818,12.0,2.0,160,12,1.2,8.5,4.76477303538,6.13057821814,-1.36580518276,222.2726228692767,5.073033471744537,5.928541359590122,0.8556967328124144,51.90816,76.94517086207824,5.000012285423428,True,0.9861836079808156,1.9723672159616312,36.42587285048852,1.0136262331684973,completed,,"Qi recalculated from inferred p=0.00224: tan_delta=0.36 (assumed EPR tan_delta=0.0004), Qi=1.24e+03"
chip_simple_dx10p000_dy2p727__Lj12p0nH_Cj2p0fF__roL8p5mm__tee_fl160um_fc12_cg1p2um__rpg1p4um,10.0,2.727,12.0,2.0,160,12,1.2,8.5,4.73462079534,6.18985040369,-1.4552296083500007,254.44098843935748,5.828325863840103,5.9372852813744625,0.9816482765488513,51.98915,76.9579861809067,4.8197173429378735,True,0.8563180258163728,1.7126360516327457,36.585135963331105,0.8768415304736068,completed,,"Qi recalculated from inferred p=0.00221: tan_delta=0.36 (assumed EPR tan_delta=0.0004), Qi=1.26e+03"
chip_simple_dx10p000_dy3p636__Lj12p0nH_Cj2p0fF__roL8p5mm__tee_fl160um_fc12_cg1p2um__rpg1p4um,10.0,3.636,12.0,2.0,160,12,1.2,8.5,4.72330395194,6.22215593495,-1.4988519830099998,262.75745588173754,5.852815342746735,6.048624542248245,0.9676274832180725,51.58247,76.8987854812562,4.929383691049091,True,0.8366389427163746,1.6732778854327492,36.635815599474576,0.8561914795576775,completed,,"Qi recalculated from inferred p=0.00224: tan_delta=0.36 (assumed EPR tan_delta=0.0004), Qi=1.24e+03"
chip_simple_dx10p000_dy4p545__Lj12p0nH_Cj2p0fF__roL8p5mm__tee_fl160um_fc12_cg1p2um__rpg1p4um,10.0,4.545,12.0,2.0,160,12,1.2,8.5,4.69438852903,6.23711654308,-1.5427280140499997,270.04668404490945,5.793405339859008,6.066853802259337,0.9549274679573629,51.96068,76.95531952806755,4.818917081999173,True,0.8367177187521502,1.6734354375043003,36.83582421167876,0.8561653275702014,completed,,"Qi recalculated from inferred p=0.00224: tan_delta=0.36 (assumed EPR tan_delta=0.0004), Qi=1.24e+03"
chip_simple_dx10p000_dy5p455__Lj12p0nH_Cj2p0fF__roL8p5mm__tee_fl160um_fc12_cg1p2um__rpg1p4um,10.0,5.455,12.0,2.0,160,12,1.2,8.5,4.77056794082,6.12645084226,-1.3558829014399993,232.61451725199908,5.640998436819077,5.9314456918246705,0.9510326368821148,51.87127,76.94128581871735,5.023651043427156,True,0.8893457057313043,1.7786914114626087,36.34323289070248,0.9116545651287582,completed,,"Qi recalculated from inferred p=0.00224: tan_delta=0.36 (assumed EPR tan_delta=0.0004), Qi=1.24e+03"
chip_simple_dx10p000_dy6p364__Lj12p0nH_Cj2p0fF__roL8p5mm__tee_fl160um_fc12_cg1p2um__rpg1p4um,10.0,6.364,12.0,2.0,160,12,1.2,8.5,4.78966551444,6.19573101445,-1.4060655000099995,232.5106784208788,5.30974208485794,6.026638854738782,0.8810453410001261,51.85658,76.94101380171243,4.920653279223486,True,0.9407363842795003,1.8814727685590007,36.30343138557367,0.9657623316705258,completed,,"Qi recalculated from inferred p=0.00225: tan_delta=0.36 (assumed EPR tan_delta=0.0004), Qi=1.24e+03"
chip_simple_dx10p000_dy7p273__Lj12p0nH_Cj2p0fF__roL8p5mm__tee_fl160um_fc12_cg1p2um__rpg1p4um,10.0,7.273,12.0,2.0,160,12,1.2,8.5,4.66101955519,6.03694119202,-1.3759216368299994,251.85392058988865,6.148507254526138,5.756378365268905,1.068120763503515,51.86198,76.93939377649598,5.111955423678276,True,0.807238546131723,1.614477092263446,37.08087991037893,0.8252029424771953,completed,,"Qi recalculated from inferred p=0.00222: tan_delta=0.36 (assumed EPR tan_delta=0.0004), Qi=1.25e+03"
chip_simple_dx10p000_dy8p182__Lj12p0nH_Cj2p0fF__roL8p5mm__tee_fl160um_fc12_cg1p2um__rpg1p4um,10.0,8.182,12.0,2.0,160,12,1.2,8.5,4.71267796257,6.14331372447,-1.4306357618999996,252.68733890566446,5.878011034767151,5.925969437183419,0.9919070790147271,51.8889,76.94407672555022,4.964612915554286,True,0.8412323948576974,1.6824647897153948,36.82571094991981,0.8608984278412007,completed,,"Qi recalculated from inferred p=0.00223: tan_delta=0.36 (assumed EPR tan_delta=0.0004), Qi=1.25e+03"
chip_simple_dx10p000_dy9p091__Lj12p0nH_Cj2p0fF__roL8p5mm__tee_fl160um_fc12_cg1p2um__rpg1p4um,10.0,9.091,12.0,2.0,160,12,1.2,8.5,4.77105901408,6.15559379626,-1.3845347821799994,228.8908099141224,5.258625117372513,5.971400494252502,0.8806351411924157,51.90594,76.94785313689805,4.970519037529614,True,0.9497440672305367,1.8994881344610735,36.380104167920656,0.9752028486450115,completed,,"Qi recalculated from inferred p=0.00224: tan_delta=0.36 (assumed EPR tan_delta=0.0004), Qi=1.24e+03"
chip_simple_dx10p000_dy10p000__Lj12p0nH_Cj2p0fF__roL8p5mm__tee_fl160um_fc12_cg1p2um__rpg1p4um,10.0,10.0,12.0,2.0,160,12,1.2,8.5,4.7197549909,6.17427677037,-1.4545217794699994,255.68904490554618,5.8566343768806455,5.95457013669626,0.9835528413357556,51.59126,76.90092821583579,4.971999102386534,True,0.8450235433985346,1.6900470867970692,36.69820619123982,0.8649399005016554,completed,,"Qi recalculated from inferred p=0.00223: tan_delta=0.36 (assumed EPR tan_delta=0.0004), Qi=1.25e+03"
