method,query_idx,query_sample_id,query_fq_GHz,query_fr_GHz,query_chi_MHz,query_g_MHz,query_kappa_MHz,rank,retrieved_sample_id,retrieved_fq_GHz,retrieved_fr_GHz,retrieved_chi_MHz,retrieved_g_MHz,retrieved_kappa_MHz,distance_or_cost,error_fq,error_fr,error_chi,error_g,error_kappa
SQuADDS_MultiTarget,0,fig5_cg2p0um_rpg2p0um__Lj12p0nH_Cj0p0fF__roL8p5mm__tee_fl160um_fc12,4.87611067234,6.2724037398,4.550888010089874,210.16157380006155,6.038057856245259,1,fig5_cg3p0um_rpg2p5um__Lj12p0nH_Cj0p0fF__roL8p5mm__tee_fl160um_fc12,4.89777742204,6.34923094667,4.391671866830825,213.14051325530752,6.096625432754106,0.0009292703499084391,0.0216667496999996,0.07682720687,0.15921614325904887,2.9789394552459783,0.05856757650884692
SQuADDS_MultiTarget,0,fig5_cg2p0um_rpg2p0um__Lj12p0nH_Cj0p0fF__roL8p5mm__tee_fl160um_fc12,4.87611067234,6.2724037398,4.550888010089874,210.16157380006155,6.038057856245259,2,fig5_cg2p0um_rpg2p5um__Lj12p0nH_Cj0p0fF__roL8p5mm__tee_fl160um_fc12,4.88081947033,6.29200362079,4.710222612869263,215.78136757047287,6.007573423867593,0.0009938763865685691,0.004708797989999347,0.01959988099000043,0.1593346027793885,5.61979377041132,0.030484432377665627
SQuADDS_MultiTarget,0,fig5_cg2p0um_rpg2p0um__Lj12p0nH_Cj0p0fF__roL8p5mm__tee_fl160um_fc12,4.87611067234,6.2724037398,4.550888010089874,210.16157380006155,6.038057856245259,3,chip_simple_dx1p818_dy6p364__Lj12p0nH_Cj2p0fF__roL8p5mm__tee_fl160um_fc12_cg1p2um__rpg1p4um,4.81787671795,6.14073889835,4.750688247016907,206.5190178100561,5.920810132993132,0.0018857512552150442,0.05823395439000034,0.13166484144999924,0.19980023692703242,3.642555990005434,0.11724772325212651
SQuADDS_MultiTarget,0,fig5_cg2p0um_rpg2p0um__Lj12p0nH_Cj0p0fF__roL8p5mm__tee_fl160um_fc12,4.87611067234,6.2724037398,4.550888010089874,210.16157380006155,6.038057856245259,4,chip_simple_dxm0p909_dym5p455__Lj12p0nH_Cj2p0fF__roL8p5mm__tee_fl160um_fc12_cg1p2um__rpg1p4um,4.79958492684,6.1502852982,4.78491466264534,212.0774651837224,5.99525621369233,0.0020142620906948975,0.07652574550000057,0.12211844159999963,0.23402665255546573,1.9158913836608633,0.042801642552928953
SQuADDS_MultiTarget,0,fig5_cg2p0um_rpg2p0um__Lj12p0nH_Cj0p0fF__roL8p5mm__tee_fl160um_fc12,4.87611067234,6.2724037398,4.550888010089874,210.16157380006155,6.038057856245259,5,chip_simple_dxm1p818_dy2p727__Lj12p0nH_Cj2p0fF__roL8p5mm__tee_fl160um_fc12_cg1p2um__rpg1p4um,4.83311972934,6.1178439336,4.724510482942581,199.83230045887737,5.831240867189456,0.003207116139477867,0.04299094300000039,0.15455980619999998,0.17362247285270627,10.329273341184177,0.20681698905580337
SQuADDS_MultiTarget,0,fig5_cg2p0um_rpg2p0um__Lj12p0nH_Cj0p0fF__roL8p5mm__tee_fl160um_fc12,4.87611067234,6.2724037398,4.550888010089874,210.16157380006155,6.038057856245259,6,chip_simple_dxm8p182_dym10p000__Lj12p0nH_Cj2p0fF__roL8p5mm__tee_fl160um_fc12_cg1p2um__rpg1p4um,4.78025389039,6.09076123044,4.817649636772155,207.67545271807887,5.847096382639144,0.0035131641051128195,0.09585678195000025,0.1816425093599996,0.266761626682281,2.486121081982674,0.19096147360611493
SQuADDS_MultiTarget,0,fig5_cg2p0um_rpg2p0um__Lj12p0nH_Cj0p0fF__roL8p5mm__tee_fl160um_fc12,4.87611067234,6.2724037398,4.550888010089874,210.16157380006155,6.038057856245259,7,fig5_cg3p5um_rpg2p5um__Lj12p0nH_Cj0p0fF__roL8p5mm__tee_fl160um_fc12,4.85348773769,6.38790903463,4.356288998512268,225.5893196577544,6.102737650921461,0.0040266815168091274,0.022622934650000204,0.11550529483000016,0.19459901157760662,15.427745857692855,0.06467979467620211
SQuADDS_MultiTarget,0,fig5_cg2p0um_rpg2p0um__Lj12p0nH_Cj0p0fF__roL8p5mm__tee_fl160um_fc12,4.87611067234,6.2724037398,4.550888010089874,210.16157380006155,6.038057856245259,8,chip_simple_dxm6p364_dym3p636__Lj12p0nH_Cj2p0fF__roL8p5mm__tee_fl160um_fc12_cg1p2um__rpg1p4um,4.77191562529,6.13567276839,4.886054909513473,217.4280151051572,5.906245330500408,0.004479877416288854,0.10419504705000016,0.13673097140999957,0.3351668994235988,7.26644130509564,0.13181252574485125
SQuADDS_MultiTarget,0,fig5_cg2p0um_rpg2p0um__Lj12p0nH_Cj0p0fF__roL8p5mm__tee_fl160um_fc12,4.87611067234,6.2724037398,4.550888010089874,210.16157380006155,6.038057856245259,9,fig5_cg1p5um_rpg3p5um__Lj12p0nH_Cj0p0fF__roL8p5mm__tee_fl160um_fc12,4.91739512178,6.2089293665,4.491181793327331,192.69828834759227,5.78727831204173,0.004575009347095579,0.04128444943999998,0.06347437330000005,0.059706216762543285,17.46328545246928,0.250779544203529
SQuADDS_MultiTarget,0,fig5_cg2p0um_rpg2p0um__Lj12p0nH_Cj0p0fF__roL8p5mm__tee_fl160um_fc12,4.87611067234,6.2724037398,4.550888010089874,210.16157380006155,6.038057856245259,10,fig5_cg2p5um_rpg2p0um__Lj12p0nH_Cj0p0fF__roL8p5mm__tee_fl160um_fc12,4.82985966256,6.3640851834,4.45615377314949,229.1245415394613,6.124821045393385,0.004694286262527894,0.04625100978000063,0.09168144360000063,0.09473423694038452,18.962967739399744,0.08676318914812597
SQuADDS_MultiTarget,1,fig5_cg2p5um_rpg1p0um__Lj12p0nH_Cj0p0fF__roL8p5mm__tee_fl160um_fc12,4.66294784318,6.36077653441,6.190793763965607,308.1283621705032,6.290282883749718,1,fig5_cg3p5um_rpg1p0um__Lj12p0nH_Cj0p0fF__roL8p5mm__tee_fl160um_fc12,4.65151549232,6.42206990109,5.782993409578324,310.4906595751157,6.336782825594393,0.002325142429648537,0.011432350860000717,0.06129336668000018,0.407800354387283,2.362297404612548,0.046499941844674986
SQuADDS_MultiTarget,1,fig5_cg2p5um_rpg1p0um__Lj12p0nH_Cj0p0fF__roL8p5mm__tee_fl160um_fc12,4.66294784318,6.36077653441,6.190793763965607,308.1283621705032,6.290282883749718,2,fig5_cg3p0um_rpg1p0um__Lj12p0nH_Cj0p0fF__roL8p5mm__tee_fl160um_fc12,4.5918495592,6.3683346429,6.310808488025665,329.7787087605889,6.339102179225892,0.0029204419769233198,0.07109828398000051,0.007558108489999604,0.12001472406005753,21.650346590085746,0.04881929547617414
SQuADDS_MultiTarget,1,fig5_cg2p5um_rpg1p0um__Lj12p0nH_Cj0p0fF__roL8p5mm__tee_fl160um_fc12,4.66294784318,6.36077653441,6.190793763965607,308.1283621705032,6.290282883749718,3,fig5_cg5p0um_rpg0p5um__Lj12p0nH_Cj0p0fF__roL8p5mm__tee_fl160um_fc12,4.54852290045,6.34578466778,6.117417553102493,331.8522825685193,6.365348751829195,0.0037131823088489627,0.11442494273000037,0.014991866629999961,0.07337621086311419,23.723920398016105,0.07506586807947713
SQuADDS_MultiTarget,1,fig5_cg2p5um_rpg1p0um__Lj12p0nH_Cj0p0fF__roL8p5mm__tee_fl160um_fc12,4.66294784318,6.36077653441,6.190793763965607,308.1283621705032,6.290282883749718,4,fig5_cg2p0um_rpg1p0um__Lj12p0nH_Cj0p0fF__roL8p5mm__tee_fl160um_fc12,4.67537317002,6.28144982257,6.80016774546051,305.861011614189,6.2286045622900525,0.0050822353948733676,0.012425326839999862,0.07932671184000029,0.6093739814949028,2.2673505563141703,0.061678321459665675
SQuADDS_MultiTarget,1,fig5_cg2p5um_rpg1p0um__Lj12p0nH_Cj0p0fF__roL8p5mm__tee_fl160um_fc12,4.66294784318,6.36077653441,6.190793763965607,308.1283621705032,6.290282883749718,5,fig5_cg4p5um_rpg1p0um__Lj12p0nH_Cj0p0fF__roL8p5mm__tee_fl160um_fc12,4.66547453942,6.44365646453,5.568490972890854,305.09213979648246,6.526420054379522,0.005975447682010455,0.0025266962399994597,0.08287993011999983,0.6223027910747536,3.036222374020724,0.23613717062980388
SQuADDS_MultiTarget,1,fig5_cg2p5um_rpg1p0um__Lj12p0nH_Cj0p0fF__roL8p5mm__tee_fl160um_fc12,4.66294784318,6.36077653441,6.190793763965607,308.1283621705032,6.290282883749718,6,chip_simple_dx2p727_dy10p000__Lj12p0nH_Cj2p0fF__roL8p5mm__tee_fl160um_fc12_cg1p2um__rpg1p4um,4.65896495843,6.23455703196,5.910671091032028,280.3326352659665,6.066617974357407,0.006119116954218726,0.003982884750000082,0.12621950245000058,0.2801226729335795,27.795726904536707,0.2236649093923111
SQuADDS_MultiTarget,1,fig5_cg2p5um_rpg1p0um__Lj12p0nH_Cj0p0fF__roL8p5mm__tee_fl160um_fc12,4.66294784318,6.36077653441,6.190793763965607,308.1283621705032,6.290282883749718,7,chip_simple_dx10p000_dym2p727__Lj12p0nH_Cj2p0fF__roL8p5mm__tee_fl160um_fc12_cg1p2um__rpg1p4um,4.65444657204,6.15198201158,6.55648122142601,282.16818861633897,5.938804420909544,0.007935648249560443,0.0085012711400001,0.20879452282999988,0.3656874574604023,25.960173554164214,0.35147846284017437
SQuADDS_MultiTarget,1,fig5_cg2p5um_rpg1p0um__Lj12p0nH_Cj0p0fF__roL8p5mm__tee_fl160um_fc12,4.66294784318,6.36077653441,6.190793763965607,308.1283621705032,6.290282883749718,8,chip_simple_dx4p545_dym6p364__Lj12p0nH_Cj2p0fF__roL8p5mm__tee_fl160um_fc12_cg1p2um__rpg1p4um,4.61231478285,6.1335076061,6.798953771820068,294.2549832930316,5.929705086318325,0.008876271533132262,0.050633060330000035,0.22726892831,0.6081600078544609,13.873378877471566,0.36057779743139307
SQuADDS_MultiTarget,1,fig5_cg2p5um_rpg1p0um__Lj12p0nH_Cj0p0fF__roL8p5mm__tee_fl160um_fc12,4.66294784318,6.36077653441,6.190793763965607,308.1283621705032,6.290282883749718,9,chip_simple_dxm3p636_dym8p182__Lj12p0nH_Cj2p0fF__roL8p5mm__tee_fl160um_fc12_cg1p2um__rpg1p4um,4.67477993862,6.16530840037,6.238829511974334,272.6481468594707,5.96410442198707,0.008954800030745466,0.011832095439999968,0.1954681340400004,0.048035748008726564,35.48021531103245,0.3261784617626482
SQuADDS_MultiTarget,1,fig5_cg2p5um_rpg1p0um__Lj12p0nH_Cj0p0fF__roL8p5mm__tee_fl160um_fc12,4.66294784318,6.36077653441,6.190793763965607,308.1283621705032,6.290282883749718,10,chip_simple_dx7p273_dy6p364__Lj12p0nH_Cj2p0fF__roL8p5mm__tee_fl160um_fc12_cg1p2um__rpg1p4um,4.64195686026,6.15054121396,6.064661784154891,273.66878744595965,5.93995769375592,0.009124648063377084,0.02099098292000079,0.21023532044999982,0.1261319798107161,34.45957472454353,0.35032518999379825
SQuADDS_MultiTarget,2,fig5_cg3p5um_rpg3p0um__Lj12p0nH_Cj0p0fF__roL8p5mm__tee_fl160um_fc12,4.93553973885,6.40871504867,3.609282795269012,194.3874784003586,6.04946112689089,1,fig5_cg3p5um_rpg4p5um__Lj12p0nH_Cj0p0fF__roL8p5mm__tee_fl160um_fc12,4.93974901061,6.38397286003,3.69327575235939,192.8740906594917,5.933832041481957,0.0004993886431832069,0.004209271759999744,0.02474218864000033,0.08399295709037835,1.5133877408668752,0.11562908540893257
SQuADDS_MultiTarget,2,fig5_cg3p5um_rpg3p0um__Lj12p0nH_Cj0p0fF__roL8p5mm__tee_fl160um_fc12,4.93553973885,6.40871504867,3.609282795269012,194.3874784003586,6.04946112689089,2,fig5_cg2p0um_rpg4p0um__Lj12p0nH_Cj0p0fF__roL8p5mm__tee_fl160um_fc12,4.9386279194,6.36953775963,3.746125830854416,192.53030771266367,5.985478910669201,0.0008580751822284676,0.0030881805499998194,0.039177289040000396,0.13684303558540423,1.8571706876949179,0.06398221622168876
SQuADDS_MultiTarget,2,fig5_cg3p5um_rpg3p0um__Lj12p0nH_Cj0p0fF__roL8p5mm__tee_fl160um_fc12,4.93553973885,6.40871504867,3.609282795269012,194.3874784003586,6.04946112689089,3,fig5_cg3p0um_rpg4p0um__Lj12p0nH_Cj0p0fF__roL8p5mm__tee_fl160um_fc12,4.940704631,6.42408762791,3.4702477960357663,191.51572092370972,6.040377137923779,0.0008590555763093677,0.005164892149999822,0.01537257923999924,0.13903499923324558,2.8717574766488667,0.009083988967110379
SQuADDS_MultiTarget,2,fig5_cg3p5um_rpg3p0um__Lj12p0nH_Cj0p0fF__roL8p5mm__tee_fl160um_fc12,4.93553973885,6.40871504867,3.609282795269012,194.3874784003586,6.04946112689089,4,fig5_cg2p5um_rpg3p5um__Lj12p0nH_Cj0p0fF__roL8p5mm__tee_fl160um_fc12,4.90933450729,6.40357690957,3.7329917837715145,201.2880257934344,6.003674917928219,0.0012749583247289359,0.02620523156000054,0.005138139100000494,0.12370898850250267,6.900547393075811,0.04578620896267083
SQuADDS_MultiTarget,2,fig5_cg3p5um_rpg3p0um__Lj12p0nH_Cj0p0fF__roL8p5mm__tee_fl160um_fc12,4.93553973885,6.40871504867,3.609282795269012,194.3874784003586,6.04946112689089,5,fig5_cg4p0um_rpg4p5um__Lj12p0nH_Cj0p0fF__roL8p5mm__tee_fl160um_fc12,4.92435526103,6.48519909443,3.5933491122837067,205.0387458671971,6.080993342285782,0.0016720849943133598,0.011184477820000538,0.07648404576000001,0.015933682985305175,10.651267466838505,0.03153221539489248
SQuADDS_MultiTarget,2,fig5_cg3p5um_rpg3p0um__Lj12p0nH_Cj0p0fF__roL8p5mm__tee_fl160um_fc12,4.93553973885,6.40871504867,3.609282795269012,194.3874784003586,6.04946112689089,6,fig5_cg2p0um_rpg4p5um__Lj12p0nH_Cj0p0fF__roL8p5mm__tee_fl160um_fc12,4.97284935247,6.3313693992,3.633872322338104,179.5683919798121,5.856603419743111,0.003640050832258257,0.03730961361999974,0.07734564947000067,0.02458952706909212,14.819086420546483,0.1928577071477786
SQuADDS_MultiTarget,2,fig5_cg3p5um_rpg3p0um__Lj12p0nH_Cj0p0fF__roL8p5mm__tee_fl160um_fc12,4.93553973885,6.40871504867,3.609282795269012,194.3874784003586,6.04946112689089,7,fig5_cg1p5um_rpg4p5um__Lj12p0nH_Cj0p0fF__roL8p5mm__tee_fl160um_fc12,4.976402692,6.33017472215,3.799471869277954,182.9036327769298,5.865943595048655,0.0038122820868708228,0.04086295314999955,0.07854032652000065,0.19018907400894225,11.483845623428778,0.1835175318422344
SQuADDS_MultiTarget,2,fig5_cg3p5um_rpg3p0um__Lj12p0nH_Cj0p0fF__roL8p5mm__tee_fl160um_fc12,4.93553973885,6.40871504867,3.609282795269012,194.3874784003586,6.04946112689089,8,fig5_cg3p5um_rpg4p0um__Lj12p0nH_Cj0p0fF__roL8p5mm__tee_fl160um_fc12,4.9416939411,6.51548606738,3.315546014060974,197.788389720846,6.147249764815354,0.0038744709791083565,0.006154202249999408,0.10677101870999994,0.2937367812080378,3.4009113204874097,0.0977886379244639
SQuADDS_MultiTarget,2,fig5_cg3p5um_rpg3p0um__Lj12p0nH_Cj0p0fF__roL8p5mm__tee_fl160um_fc12,4.93553973885,6.40871504867,3.609282795269012,194.3874784003586,6.04946112689089,9,fig5_cg5p0um_rpg4p0um__Lj12p0nH_Cj0p0fF__roL8p5mm__tee_fl160um_fc12,4.88774415429,6.45896799938,3.299699922574997,199.0926748998529,6.073027040692848,0.0041343958797908425,0.047795584560000215,0.05025295071000002,0.3095828726940151,4.7051964994943205,0.02356591380195816
SQuADDS_MultiTarget,2,fig5_cg3p5um_rpg3p0um__Lj12p0nH_Cj0p0fF__roL8p5mm__tee_fl160um_fc12,4.93553973885,6.40871504867,3.609282795269012,194.3874784003586,6.04946112689089,10,fig5_cg3p0um_rpg3p0um__Lj12p0nH_Cj0p0fF__roL8p5mm__tee_fl160um_fc12,4.91022642408,6.30951729449,3.4180947746620176,181.0996536786009,5.916928558404827,0.004245215882156249,0.025313314769999984,0.09919775418000043,0.19118802060699425,13.287824721757687,0.13253256848606298
SQuADDS_MultiTarget,3,fig5_cg4p0um_rpg1p5um__Lj12p0nH_Cj0p0fF__roL8p5mm__tee_fl160um_fc12,4.63955293545,6.42466191485,4.9842324073925015,290.9207745568615,6.2754882085959895,1,fig5_cg5p0um_rpg1p0um__Lj12p0nH_Cj0p0fF__roL8p5mm__tee_fl160um_fc12,4.67009412056,6.40368347107,5.386180753400803,292.5653068578806,6.313414733179575,0.0033399610361890693,0.030541185109999702,0.0209784437799998,0.4019483460083011,1.644532301019126,0.03792652458358514
SQuADDS_MultiTarget,3,fig5_cg4p0um_rpg1p5um__Lj12p0nH_Cj0p0fF__roL8p5mm__tee_fl160um_fc12,4.63955293545,6.42466191485,4.9842324073925015,290.9207745568615,6.2754882085959895,2,fig5_cg3p5um_rpg1p5um__Lj12p0nH_Cj0p0fF__roL8p5mm__tee_fl160um_fc12,4.70486631048,6.33112792154,5.111963850152969,266.195772124899,6.191175501007713,0.004440302531494325,0.06531337502999968,0.09353399330999945,0.12773144276046722,24.72500243196248,0.08431270758827658
SQuADDS_MultiTarget,3,fig5_cg4p0um_rpg1p5um__Lj12p0nH_Cj0p0fF__roL8p5mm__tee_fl160um_fc12,4.63955293545,6.42466191485,4.9842324073925015,290.9207745568615,6.2754882085959895,3,fig5_cg4p5um_rpg1p0um__Lj12p0nH_Cj0p0fF__roL8p5mm__tee_fl160um_fc12,4.66547453942,6.44365646453,5.568490972890854,305.09213979648246,6.526420054379522,0.008896257756667924,0.02592160396999965,0.01899454968000036,0.5842585654983523,14.171365239620968,0.25093184578353256
SQuADDS_MultiTarget,3,fig5_cg4p0um_rpg1p5um__Lj12p0nH_Cj0p0fF__roL8p5mm__tee_fl160um_fc12,4.63955293545,6.42466191485,4.9842324073925015,290.9207745568615,6.2754882085959895,4,chip_simple_dx6p364_dym1p818__Lj12p0nH_Cj2p0fF__roL8p5mm__tee_fl160um_fc12_cg1p2um__rpg1p4um,4.67874935795,6.23246664146,5.579638315944671,267.7222829571044,6.063037930970048,0.011853798144800705,0.03919642249999988,0.19219527338999942,0.5954059085521699,23.198491599757062,0.21245027762594137
SQuADDS_MultiTarget,3,fig5_cg4p0um_rpg1p5um__Lj12p0nH_Cj0p0fF__roL8p5mm__tee_fl160um_fc12,4.63955293545,6.42466191485,4.9842324073925015,290.9207745568615,6.2754882085959895,5,chip_simple_dx8p182_dym2p727__Lj12p0nH_Cj2p0fF__roL8p5mm__tee_fl160um_fc12_cg1p2um__rpg1p4um,4.70366645226,6.23032952005,5.441795454484939,258.6716946384921,6.064923365323344,0.01202668615337781,0.06411351680999999,0.19433239479999997,0.4575630470924379,32.249079918369375,0.21056484327264524
SQuADDS_MultiTarget,3,fig5_cg4p0um_rpg1p5um__Lj12p0nH_Cj0p0fF__roL8p5mm__tee_fl160um_fc12,4.63955293545,6.42466191485,4.9842324073925015,290.9207745568615,6.2754882085959895,6,fig5_cg5p0um_rpg1p5um__Lj12p0nH_Cj0p0fF__roL8p5mm__tee_fl160um_fc12,4.78104020561,6.40912743907,4.688513258781433,251.19081153078065,6.311876326449141,0.012037908230267276,0.14148727015999985,0.015534475780000001,0.2957191486110684,39.72996302608084,0.03638811785315177
SQuADDS_MultiTarget,3,fig5_cg4p0um_rpg1p5um__Lj12p0nH_Cj0p0fF__roL8p5mm__tee_fl160um_fc12,4.63955293545,6.42466191485,4.9842324073925015,290.9207745568615,6.2754882085959895,7,chip_simple_dx0p000_dym9p091__Lj12p0nH_Cj2p0fF__roL8p5mm__tee_fl160um_fc12_cg1p2um__rpg1p4um,4.7018418351,6.22357422606,5.4432200777797695,258.0090048013629,6.040511605219947,0.012500160648913548,0.06228889964999951,0.2010876887899995,0.45898767038726795,32.9117697554986,0.23497660337604298
SQuADDS_MultiTarget,3,fig5_cg4p0um_rpg1p5um__Lj12p0nH_Cj0p0fF__roL8p5mm__tee_fl160um_fc12,4.63955293545,6.42466191485,4.9842324073925015,290.9207745568615,6.2754882085959895,8,chip_simple_dxm10p000_dym10p000__Lj12p0nH_Cj2p0fF__roL8p5mm__tee_fl160um_fc12_cg1p2um__rpg1p4um,4.64946141178,6.18114822933,5.55338666771698,264.9235520746813,5.965679116322728,0.013172359555905153,0.009908476329999694,0.24351368551999997,0.5691542603244786,25.997222482180177,0.3098090922732615
SQuADDS_MultiTarget,3,fig5_cg4p0um_rpg1p5um__Lj12p0nH_Cj0p0fF__roL8p5mm__tee_fl160um_fc12,4.63955293545,6.42466191485,4.9842324073925015,290.9207745568615,6.2754882085959895,9,chip_simple_dxm4p545_dym2p727__Lj12p0nH_Cj2p0fF__roL8p5mm__tee_fl160um_fc12_cg1p2um__rpg1p4um,4.75133436782,6.26297506595,5.207407996995926,248.15573910645995,6.105858265342065,0.013385961208947871,0.11178143236999993,0.16168684889999962,0.2231755896034242,42.76503545040154,0.16962994325392433
SQuADDS_MultiTarget,3,fig5_cg4p0um_rpg1p5um__Lj12p0nH_Cj0p0fF__roL8p5mm__tee_fl160um_fc12,4.63955293545,6.42466191485,4.9842324073925015,290.9207745568615,6.2754882085959895,10,chip_simple_dx7p273_dy0p909__Lj12p0nH_Cj2p0fF__roL8p5mm__tee_fl160um_fc12_cg1p2um__rpg1p4um,4.68158068737,6.21519750417,5.589104882595062,264.3401351650299,6.023432078265482,0.013489420584634598,0.04202775192000008,0.20946441067999988,0.6048724752025603,26.580639391831596,0.2520561303305078
SQuADDS_MultiTarget,4,fig5_cg4p0um_rpg2p0um__Lj12p0nH_Cj0p0fF__roL8p5mm__tee_fl160um_fc12,4.748742396,6.44545425307,4.889859412620544,268.43046141521694,6.211987637476319,1,fig5_cg3p5um_rpg1p5um__Lj12p0nH_Cj0p0fF__roL8p5mm__tee_fl160um_fc12,4.70486631048,6.33112792154,5.111963850152969,266.195772124899,6.191175501007713,0.001471806796654467,0.04387608552,0.11432633153000005,0.22210443753242437,2.234689290317931,0.020812136468606468
SQuADDS_MultiTarget,4,fig5_cg4p0um_rpg2p0um__Lj12p0nH_Cj0p0fF__roL8p5mm__tee_fl160um_fc12,4.748742396,6.44545425307,4.889859412620544,268.43046141521694,6.211987637476319,2,fig5_cg5p0um_rpg1p5um__Lj12p0nH_Cj0p0fF__roL8p5mm__tee_fl160um_fc12,4.78104020561,6.40912743907,4.688513258781433,251.19081153078065,6.311876326449141,0.0031174029675575445,0.03229780961000017,0.036326814000000596,0.20134615383911125,17.23964988443629,0.09988868897282188
SQuADDS_MultiTarget,4,fig5_cg4p0um_rpg2p0um__Lj12p0nH_Cj0p0fF__roL8p5mm__tee_fl160um_fc12,4.748742396,6.44545425307,4.889859412620544,268.43046141521694,6.211987637476319,3,fig5_cg3p5um_rpg2p0um__Lj12p0nH_Cj0p0fF__roL8p5mm__tee_fl160um_fc12,4.78544785971,6.42909571039,4.586441499513626,250.3896145461569,6.177842469599042,0.0042649225761148156,0.03670546370999972,0.01635854267999992,0.30341791310691857,18.040846869060033,0.03414516787727706
SQuADDS_MultiTarget,4,fig5_cg4p0um_rpg2p0um__Lj12p0nH_Cj0p0fF__roL8p5mm__tee_fl160um_fc12,4.748742396,6.44545425307,4.889859412620544,268.43046141521694,6.211987637476319,4,chip_simple_dxm4p545_dym2p727__Lj12p0nH_Cj2p0fF__roL8p5mm__tee_fl160um_fc12_cg1p2um__rpg1p4um,4.75133436782,6.26297506595,5.207407996995926,248.15573910645995,6.105858265342065,0.005908824280706308,0.0025919718200002606,0.18247918712000022,0.31754858437538136,20.274722308756992,0.10612937213425422
SQuADDS_MultiTarget,4,fig5_cg4p0um_rpg2p0um__Lj12p0nH_Cj0p0fF__roL8p5mm__tee_fl160um_fc12,4.748742396,6.44545425307,4.889859412620544,268.43046141521694,6.211987637476319,5,chip_simple_dx0p909_dym6p364__Lj12p0nH_Cj2p0fF__roL8p5mm__tee_fl160um_fc12_cg1p2um__rpg1p4um,4.73510361269,6.23672959736,4.948697823696136,241.1308794035408,6.055025464850598,0.006620064908987086,0.013638783310000235,0.2087246557100002,0.058838411075591956,27.299582011676137,0.15696217262572176
SQuADDS_MultiTarget,4,fig5_cg4p0um_rpg2p0um__Lj12p0nH_Cj0p0fF__roL8p5mm__tee_fl160um_fc12,4.748742396,6.44545425307,4.889859412620544,268.43046141521694,6.211987637476319,6,fig5_cg2p5um_rpg2p5um__Lj12p0nH_Cj0p0fF__roL8p5mm__tee_fl160um_fc12,4.86782605146,6.40620544852,4.850844314466476,237.9905673388129,6.17514285459043,0.00714507999899819,0.11908365545999988,0.03924880455000057,0.039015098154068006,30.439894076404045,0.03684478288588977
SQuADDS_MultiTarget,4,fig5_cg4p0um_rpg2p0um__Lj12p0nH_Cj0p0fF__roL8p5mm__tee_fl160um_fc12,4.748742396,6.44545425307,4.889859412620544,268.43046141521694,6.211987637476319,7,chip_simple_dxm6p364_dy4p545__Lj12p0nH_Cj2p0fF__roL8p5mm__tee_fl160um_fc12_cg1p2um__rpg1p4um,4.74352808595,6.2301695732,5.073797546504975,241.488305000106,5.998964352979843,0.007449294858375104,0.005214310049999504,0.21528467986999988,0.18393813388443103,26.94215641511093,0.21302328449647678
SQuADDS_MultiTarget,4,fig5_cg4p0um_rpg2p0um__Lj12p0nH_Cj0p0fF__roL8p5mm__tee_fl160um_fc12,4.748742396,6.44545425307,4.889859412620544,268.43046141521694,6.211987637476319,8,fig5_cg3p0um_rpg1p5um__Lj12p0nH_Cj0p0fF__roL8p5mm__tee_fl160um_fc12,4.80934135586,6.34266483957,4.7338018228397365,237.2002446708589,6.176728175579623,0.007710485884344137,0.06059895986000008,0.10278941350000004,0.15605758978080786,31.230216744358046,0.03525946189669682
SQuADDS_MultiTarget,4,fig5_cg4p0um_rpg2p0um__Lj12p0nH_Cj0p0fF__roL8p5mm__tee_fl160um_fc12,4.748742396,6.44545425307,4.889859412620544,268.43046141521694,6.211987637476319,9,chip_simple_dx6p364_dym2p727__Lj12p0nH_Cj2p0fF__roL8p5mm__tee_fl160um_fc12_cg1p2um__rpg1p4um,4.76718290826,6.25857915519,5.287194409502029,246.1533054816762,6.109333508441698,0.007737282091480758,0.018440512259999764,0.18687509788000067,0.39733499688148477,22.27715593354074,0.10265412903462146
SQuADDS_MultiTarget,4,fig5_cg4p0um_rpg2p0um__Lj12p0nH_Cj0p0fF__roL8p5mm__tee_fl160um_fc12,4.748742396,6.44545425307,4.889859412620544,268.43046141521694,6.211987637476319,10,chip_simple_dxm10p000_dym6p364__Lj12p0nH_Cj2p0fF__roL8p5mm__tee_fl160um_fc12_cg1p2um__rpg1p4um,4.72003215394,6.21311585123,5.277381808307648,248.5653481614014,5.993540423418498,0.00783287762887176,0.028710242059999835,0.23233840183999988,0.3875223956871032,19.865113253815537,0.21844721405782153
SQuADDS_MultiTarget,5,fig5_cg4p0um_rpg3p5um__Lj12p0nH_Cj0p0fF__roL8p5mm__tee_fl160um_fc12,4.90384920712,6.54926187025,3.662946759157181,218.4104958390511,6.221849233798731,1,fig5_cg3p5um_rpg3p5um__Lj12p0nH_Cj0p0fF__roL8p5mm__tee_fl160um_fc12,4.88834773081,6.55440012204,3.58235393236351,219.15970791952185,6.190036689460878,0.00027161104265165304,0.015501476310000761,0.005138251790000048,0.08059282679367108,0.7492120804707554,0.03181254433785341
SQuADDS_MultiTarget,5,fig5_cg4p0um_rpg3p5um__Lj12p0nH_Cj0p0fF__roL8p5mm__tee_fl160um_fc12,4.90384920712,6.54926187025,3.662946759157181,218.4104958390511,6.221849233798731,2,fig5_cg5p0um_rpg3p5um__Lj12p0nH_Cj0p0fF__roL8p5mm__tee_fl160um_fc12,4.8449296474,6.49114766601,3.579725257246017,218.56513466245417,6.134914389553229,0.0005790578123329425,0.058919559720000514,0.0581142042399998,0.08322150191116373,0.15463882340307578,0.08693484424550224
SQuADDS_MultiTarget,5,fig5_cg4p0um_rpg3p5um__Lj12p0nH_Cj0p0fF__roL8p5mm__tee_fl160um_fc12,4.90384920712,6.54926187025,3.662946759157181,218.4104958390511,6.221849233798731,3,fig5_cg4p5um_rpg3p5um__Lj12p0nH_Cj0p0fF__roL8p5mm__tee_fl160um_fc12,4.88861160423,6.4734435094,3.773440051719665,214.72133803964505,6.083690932056749,0.000987831715071918,0.01523760289000009,0.0758183608499996,0.11049329256248397,3.689157799406047,0.1381583017419823
SQuADDS_MultiTarget,5,fig5_cg4p0um_rpg3p5um__Lj12p0nH_Cj0p0fF__roL8p5mm__tee_fl160um_fc12,4.90384920712,6.54926187025,3.662946759157181,218.4104958390511,6.221849233798731,4,fig5_cg4p0um_rpg4p5um__Lj12p0nH_Cj0p0fF__roL8p5mm__tee_fl160um_fc12,4.92435526103,6.48519909443,3.5933491122837067,205.0387458671971,6.080993342285782,0.0024240650070758924,0.020506053909999267,0.0640627758199992,0.06959764687347425,13.371749971854001,0.14085589151294897
SQuADDS_MultiTarget,5,fig5_cg4p0um_rpg3p5um__Lj12p0nH_Cj0p0fF__roL8p5mm__tee_fl160um_fc12,4.90384920712,6.54926187025,3.662946759157181,218.4104958390511,6.221849233798731,5,fig5_cg4p5um_rpg3p0um__Lj12p0nH_Cj0p0fF__roL8p5mm__tee_fl160um_fc12,4.83995157357,6.4987501229,3.8456828279762254,228.4924012088084,6.243127364960313,0.0025448967444283987,0.06389763355000078,0.05051174734999986,0.18273606881904447,10.081905369757294,0.021278131161581726
SQuADDS_MultiTarget,5,fig5_cg4p0um_rpg3p5um__Lj12p0nH_Cj0p0fF__roL8p5mm__tee_fl160um_fc12,4.90384920712,6.54926187025,3.662946759157181,218.4104958390511,6.221849233798731,6,fig5_cg2p5um_rpg3p5um__Lj12p0nH_Cj0p0fF__roL8p5mm__tee_fl160um_fc12,4.90933450729,6.40357690957,3.7329917837715145,201.2880257934344,6.003674917928219,0.004366663641875376,0.005485300169999263,0.1456849606799997,0.0700450246143336,17.122470045616694,0.21817431587051228
SQuADDS_MultiTarget,5,fig5_cg4p0um_rpg3p5um__Lj12p0nH_Cj0p0fF__roL8p5mm__tee_fl160um_fc12,4.90384920712,6.54926187025,3.662946759157181,218.4104958390511,6.221849233798731,7,fig5_cg3p5um_rpg4p5um__Lj12p0nH_Cj0p0fF__roL8p5mm__tee_fl160um_fc12,4.93974901061,6.38397286003,3.69327575235939,192.8740906594917,5.933832041481957,0.0086313218127285,0.03589980348999955,0.16528901021999953,0.030328993202209276,25.53640517955938,0.28801719231677403
SQuADDS_MultiTarget,5,fig5_cg4p0um_rpg3p5um__Lj12p0nH_Cj0p0fF__roL8p5mm__tee_fl160um_fc12,4.90384920712,6.54926187025,3.662946759157181,218.4104958390511,6.221849233798731,8,fig5_cg2p0um_rpg4p0um__Lj12p0nH_Cj0p0fF__roL8p5mm__tee_fl160um_fc12,4.9386279194,6.36953775963,3.746125830854416,192.53030771266367,5.985478910669201,0.008803156697776919,0.034778712279999624,0.1797241106199996,0.08317907169723515,25.880188126387424,0.2363703231295302
SQuADDS_MultiTarget,5,fig5_cg4p0um_rpg3p5um__Lj12p0nH_Cj0p0fF__roL8p5mm__tee_fl160um_fc12,4.90384920712,6.54926187025,3.662946759157181,218.4104958390511,6.221849233798731,9,fig5_cg3p5um_rpg4p0um__Lj12p0nH_Cj0p0fF__roL8p5mm__tee_fl160um_fc12,4.9416939411,6.51548606738,3.315546014060974,197.788389720846,6.147249764815354,0.009113000201795991,0.03784473397999921,0.03377580286999926,0.3474007450962069,20.622106118205096,0.07459946898337755
SQuADDS_MultiTarget,5,fig5_cg4p0um_rpg3p5um__Lj12p0nH_Cj0p0fF__roL8p5mm__tee_fl160um_fc12,4.90384920712,6.54926187025,3.662946759157181,218.4104958390511,6.221849233798731,10,fig5_cg2p5um_rpg3p0um__Lj12p0nH_Cj0p0fF__roL8p5mm__tee_fl160um_fc12,4.8216114018,6.30639910885,4.078658870691299,212.78053759295764,5.96985922957307,0.009248850537356993,0.08223780532000013,0.24286276139999963,0.41571211153411847,5.629958246093452,0.25199000422566087
SQuADDS_MultiTarget,6,fig5_cg4p5um_rpg1p5um__Lj12p0nH_Cj0p0fF__roL8p5mm__tee_fl160um_fc12,4.59469010583,6.34920688704,5.448846369407653,302.1057462697455,6.1470363296688255,1,fig5_cg5p0um_rpg1p0um__Lj12p0nH_Cj0p0fF__roL8p5mm__tee_fl160um_fc12,4.67009412056,6.40368347107,5.386180753400803,292.5653068578806,6.313414733179575,0.001274013603581612,0.07540401473000014,0.054476584029999664,0.06266561600685083,9.540439411864895,0.16637840351074917
SQuADDS_MultiTarget,6,fig5_cg4p5um_rpg1p5um__Lj12p0nH_Cj0p0fF__roL8p5mm__tee_fl160um_fc12,4.59469010583,6.34920688704,5.448846369407653,302.1057462697455,6.1470363296688255,2,fig5_cg4p5um_rpg1p0um__Lj12p0nH_Cj0p0fF__roL8p5mm__tee_fl160um_fc12,4.66547453942,6.44365646453,5.568490972890854,305.09213979648246,6.526420054379522,0.0026531218648387952,0.07078443359000008,0.09444957748999983,0.11964460348320038,2.986393526736947,0.3793837247106966
SQuADDS_MultiTarget,6,fig5_cg4p5um_rpg1p5um__Lj12p0nH_Cj0p0fF__roL8p5mm__tee_fl160um_fc12,4.59469010583,6.34920688704,5.448846369407653,302.1057462697455,6.1470363296688255,3,fig5_cg3p5um_rpg1p0um__Lj12p0nH_Cj0p0fF__roL8p5mm__tee_fl160um_fc12,4.65151549232,6.42206990109,5.782993409578324,310.4906595751157,6.336782825594393,0.0030265764127912448,0.05682538648999991,0.07286301405000017,0.334147040170671,8.384913305370219,0.1897464959255677
SQuADDS_MultiTarget,6,fig5_cg4p5um_rpg1p5um__Lj12p0nH_Cj0p0fF__roL8p5mm__tee_fl160um_fc12,4.59469010583,6.34920688704,5.448846369407653,302.1057462697455,6.1470363296688255,4,chip_simple_dx2p727_dy10p000__Lj12p0nH_Cj2p0fF__roL8p5mm__tee_fl160um_fc12_cg1p2um__rpg1p4um,4.65896495843,6.23455703196,5.910671091032028,280.3326352659665,6.066617974357407,0.006796285222109987,0.06427485260000054,0.11464985508000058,0.4618247216243745,21.773111003779036,0.08041835531141839
SQuADDS_MultiTarget,6,fig5_cg4p5um_rpg1p5um__Lj12p0nH_Cj0p0fF__roL8p5mm__tee_fl160um_fc12,4.59469010583,6.34920688704,5.448846369407653,302.1057462697455,6.1470363296688255,5,chip_simple_dx6p364_dym1p818__Lj12p0nH_Cj2p0fF__roL8p5mm__tee_fl160um_fc12_cg1p2um__rpg1p4um,4.67874935795,6.23246664146,5.579638315944671,267.7222829571044,6.063037930970048,0.007530882077366105,0.08405925212000032,0.11674024557999996,0.13079194653701798,34.383463312641084,0.08399839869877734
SQuADDS_MultiTarget,6,fig5_cg4p5um_rpg1p5um__Lj12p0nH_Cj0p0fF__roL8p5mm__tee_fl160um_fc12,4.59469010583,6.34920688704,5.448846369407653,302.1057462697455,6.1470363296688255,6,chip_simple_dx10p000_dy4p545__Lj12p0nH_Cj2p0fF__roL8p5mm__tee_fl160um_fc12_cg1p2um__rpg1p4um,4.69438852903,6.23711654308,5.793405339859008,270.04668404490945,6.066853802259337,0.008497509006363644,0.09969842320000044,0.11209034396000028,0.344558970451355,32.059062224836055,0.08018252740948828
SQuADDS_MultiTarget,6,fig5_cg4p5um_rpg1p5um__Lj12p0nH_Cj0p0fF__roL8p5mm__tee_fl160um_fc12,4.59469010583,6.34920688704,5.448846369407653,302.1057462697455,6.1470363296688255,7,chip_simple_dx0p000_dy6p364__Lj12p0nH_Cj2p0fF__roL8p5mm__tee_fl160um_fc12_cg1p2um__rpg1p4um,4.68684275544,6.22626285193,5.869558168603897,271.87390077175473,6.055488773398548,0.008875934657165603,0.09215264961000003,0.12294403511000063,0.42071179919624324,30.231845497990776,0.09154755627027722
SQuADDS_MultiTarget,6,fig5_cg4p5um_rpg1p5um__Lj12p0nH_Cj0p0fF__roL8p5mm__tee_fl160um_fc12,4.59469010583,6.34920688704,5.448846369407653,302.1057462697455,6.1470363296688255,8,chip_simple_dxm10p000_dym10p000__Lj12p0nH_Cj2p0fF__roL8p5mm__tee_fl160um_fc12_cg1p2um__rpg1p4um,4.64946141178,6.18114822933,5.55338666771698,264.9235520746813,5.965679116322728,0.00903592997836855,0.054771305950000126,0.1680586577100005,0.10454029830932665,37.1821941950642,0.18135721334609745
SQuADDS_MultiTarget,6,fig5_cg4p5um_rpg1p5um__Lj12p0nH_Cj0p0fF__roL8p5mm__tee_fl160um_fc12,4.59469010583,6.34920688704,5.448846369407653,302.1057462697455,6.1470363296688255,9,chip_simple_dx7p273_dy0p909__Lj12p0nH_Cj2p0fF__roL8p5mm__tee_fl160um_fc12_cg1p2um__rpg1p4um,4.68158068737,6.21519750417,5.589104882595062,264.3401351650299,6.023432078265482,0.009150065680403805,0.08689058154000051,0.13400938287000042,0.14025851318740834,37.76561110471562,0.12360425140334375
SQuADDS_MultiTarget,6,fig5_cg4p5um_rpg1p5um__Lj12p0nH_Cj0p0fF__roL8p5mm__tee_fl160um_fc12,4.59469010583,6.34920688704,5.448846369407653,302.1057462697455,6.1470363296688255,10,fig5_cg3p5um_rpg1p5um__Lj12p0nH_Cj0p0fF__roL8p5mm__tee_fl160um_fc12,4.70486631048,6.33112792154,5.111963850152969,266.195772124899,6.191175501007713,0.009584646207662683,0.11017620465000011,0.018078965499999988,0.3368825192546847,35.9099741448465,0.04413917133888745
SQuADDS_MultiTarget,7,chip_simple_dxm10p000_dy8p182__Lj12p0nH_Cj2p0fF__roL8p5mm__tee_fl160um_fc12_cg1p2um__rpg1p4um,4.73691805842,6.05949311541,5.380391926355362,223.4408097631216,5.823182422814878,1,chip_simple_dxm7p273_dy4p545__Lj12p0nH_Cj2p0fF__roL8p5mm__tee_fl160um_fc12_cg1p2um__rpg1p4um,4.74478453553,6.05547649219,5.373042161886215,221.0804417671074,5.791354520716529,7.486348502945332e-05,0.007866477110000325,0.0040166232199991825,0.007349764469146258,2.3603679960141903,0.031827902098349625
SQuADDS_MultiTarget,7,chip_simple_dxm10p000_dy8p182__Lj12p0nH_Cj2p0fF__roL8p5mm__tee_fl160um_fc12_cg1p2um__rpg1p4um,4.73691805842,6.05949311541,5.380391926355362,223.4408097631216,5.823182422814878,2,chip_simple_dxm0p909_dy8p182__Lj12p0nH_Cj2p0fF__roL8p5mm__tee_fl160um_fc12_cg1p2um__rpg1p4um,4.76253327326,6.09281262101,5.302599734979629,221.8855650743731,5.804085218059851,0.00019360279663537347,0.025615214840000178,0.03331950560000063,0.07779219137573268,1.5552446887485019,0.01909720475502752
SQuADDS_MultiTarget,7,chip_simple_dxm10p000_dy8p182__Lj12p0nH_Cj2p0fF__roL8p5mm__tee_fl160um_fc12_cg1p2um__rpg1p4um,4.73691805842,6.05949311541,5.380391926355362,223.4408097631216,5.823182422814878,3,chip_simple_dx6p364_dy7p273__Lj12p0nH_Cj2p0fF__roL8p5mm__tee_fl160um_fc12_cg1p2um__rpg1p4um,4.73212189971,6.07302882801,5.421970001947403,227.40830584937643,5.783914954042914,0.00021625400813487253,0.0047961587099996095,0.013535712600000416,0.04157807559204141,3.9674960862548403,0.039267468771964076
SQuADDS_MultiTarget,7,chip_simple_dxm10p000_dy8p182__Lj12p0nH_Cj2p0fF__roL8p5mm__tee_fl160um_fc12_cg1p2um__rpg1p4um,4.73691805842,6.05949311541,5.380391926355362,223.4408097631216,5.823182422814878,4,chip_simple_dxm0p909_dy2p727__Lj12p0nH_Cj2p0fF__roL8p5mm__tee_fl160um_fc12_cg1p2um__rpg1p4um,4.70779688919,6.02364360744,5.465226220020294,225.5217206888144,5.792823970341947,0.0002540562489868697,0.029121169229999744,0.035849507969999195,0.08483429366493223,2.0809109256928195,0.030358452472931674
SQuADDS_MultiTarget,7,chip_simple_dxm10p000_dy8p182__Lj12p0nH_Cj2p0fF__roL8p5mm__tee_fl160um_fc12_cg1p2um__rpg1p4um,4.73691805842,6.05949311541,5.380391926355362,223.4408097631216,5.823182422814878,5,chip_simple_dx7p273_dy0p000__Lj12p0nH_Cj2p0fF__roL8p5mm__tee_fl160um_fc12_cg1p2um__rpg1p4um,4.73285614666,6.06364786636,5.47772784601593,226.8629872413658,5.835642549018717,0.0002844213598487038,0.0040619117600000365,0.0041547509500006186,0.09733591966056832,3.4221774782442083,0.012460126203838406
SQuADDS_MultiTarget,7,chip_simple_dxm10p000_dy8p182__Lj12p0nH_Cj2p0fF__roL8p5mm__tee_fl160um_fc12_cg1p2um__rpg1p4um,4.73691805842,6.05949311541,5.380391926355362,223.4408097631216,5.823182422814878,6,chip_simple_dx8p182_dy3p636__Lj12p0nH_Cj2p0fF__roL8p5mm__tee_fl160um_fc12_cg1p2um__rpg1p4um,4.74833115983,6.10316137397,5.395294238792419,228.2050160306239,5.868324301832488,0.0003189372819086416,0.011413101410000515,0.04366825856000034,0.014902312437057752,4.764206267502317,0.04514187901760991
SQuADDS_MultiTarget,7,chip_simple_dxm10p000_dy8p182__Lj12p0nH_Cj2p0fF__roL8p5mm__tee_fl160um_fc12_cg1p2um__rpg1p4um,4.73691805842,6.05949311541,5.380391926355362,223.4408097631216,5.823182422814878,7,chip_simple_dxm3p636_dy7p273__Lj12p0nH_Cj2p0fF__roL8p5mm__tee_fl160um_fc12_cg1p2um__rpg1p4um,4.76722458533,6.10494676733,5.339898099292755,223.6664187713043,5.941831126782195,0.0003336086764603215,0.030306526910000464,0.04545365192000084,0.04049382706260651,0.22560900818271534,0.11864870396731675
SQuADDS_MultiTarget,7,chip_simple_dxm10p000_dy8p182__Lj12p0nH_Cj2p0fF__roL8p5mm__tee_fl160um_fc12_cg1p2um__rpg1p4um,4.73691805842,6.05949311541,5.380391926355362,223.4408097631216,5.823182422814878,8,chip_simple_dx0p909_dym1p818__Lj12p0nH_Cj2p0fF__roL8p5mm__tee_fl160um_fc12_cg1p2um__rpg1p4um,4.74382125763,6.0716485122,5.499687352653504,226.4433546572846,5.834878033029041,0.0003442560151694626,0.006903199209999933,0.012155396790000772,0.11929542629814271,3.002544894163009,0.011695610214162322
SQuADDS_MultiTarget,7,chip_simple_dxm10p000_dy8p182__Lj12p0nH_Cj2p0fF__roL8p5mm__tee_fl160um_fc12_cg1p2um__rpg1p4um,4.73691805842,6.05949311541,5.380391926355362,223.4408097631216,5.823182422814878,9,chip_simple_dx2p727_dym8p182__Lj12p0nH_Cj2p0fF__roL8p5mm__tee_fl160um_fc12_cg1p2um__rpg1p4um,4.76605487334,6.062936783,5.504983878475189,220.70248592051564,5.824211585305177,0.0003813847482421813,0.029136814920000198,0.0034436675900000324,0.1245919521198271,2.7383238426059506,0.0010291624902984964
SQuADDS_MultiTarget,7,chip_simple_dxm10p000_dy8p182__Lj12p0nH_Cj2p0fF__roL8p5mm__tee_fl160um_fc12_cg1p2um__rpg1p4um,4.73691805842,6.05949311541,5.380391926355362,223.4408097631216,5.823182422814878,10,chip_simple_dx5p455_dym0p909__Lj12p0nH_Cj2p0fF__roL8p5mm__tee_fl160um_fc12_cg1p2um__rpg1p4um,4.7930652742,6.12875251186,5.394133037059784,223.2748147250602,5.91572486547393,0.0004009550560847677,0.05614721578000026,0.06925939645000057,0.013741110704422077,0.16599503806139637,0.09254244265905154
SQuADDS_MultiTarget,8,chip_simple_dxm9p091_dy1p818__Lj12p0nH_Cj2p0fF__roL8p5mm__tee_fl160um_fc12_cg1p2um__rpg1p4um,4.74215768088,6.21093014773,5.51327842791748,249.1576770098445,6.055638770575854,1,chip_simple_dx2p727_dym7p273__Lj12p0nH_Cj2p0fF__roL8p5mm__tee_fl160um_fc12_cg1p2um__rpg1p4um,4.75350553829,6.23137226029,5.515988144140243,250.035837607935,6.081021639957449,3.167574568738401e-05,0.011347857409999662,0.020442112559999615,0.00270971622276317,0.8781605980905169,0.02538286938159473
SQuADDS_MultiTarget,8,chip_simple_dxm9p091_dy1p818__Lj12p0nH_Cj2p0fF__roL8p5mm__tee_fl160um_fc12_cg1p2um__rpg1p4um,4.74215768088,6.21093014773,5.51327842791748,249.1576770098445,6.055638770575854,2,chip_simple_dx9p091_dym4p545__Lj12p0nH_Cj2p0fF__roL8p5mm__tee_fl160um_fc12_cg1p2um__rpg1p4um,4.74298968952,6.21595359683,5.546431172784805,250.5823135991841,6.029204485292758,4.463888667912069e-05,0.0008320086399997706,0.005023449100000299,0.033152744867325445,1.424636589339599,0.026434285283095882
SQuADDS_MultiTarget,8,chip_simple_dxm9p091_dy1p818__Lj12p0nH_Cj2p0fF__roL8p5mm__tee_fl160um_fc12_cg1p2um__rpg1p4um,4.74215768088,6.21093014773,5.51327842791748,249.1576770098445,6.055638770575854,3,chip_simple_dx0p000_dym10p000__Lj12p0nH_Cj2p0fF__roL8p5mm__tee_fl160um_fc12_cg1p2um__rpg1p4um,4.72617335759,6.18783165048,5.473578181682586,247.93824058661983,5.979999407972001,0.0001411045711974651,0.015984323290000546,0.02309849725000035,0.039700246234893655,1.2194364232246642,0.07563936260385251
SQuADDS_MultiTarget,8,chip_simple_dxm9p091_dy1p818__Lj12p0nH_Cj2p0fF__roL8p5mm__tee_fl160um_fc12_cg1p2um__rpg1p4um,4.74215768088,6.21093014773,5.51327842791748,249.1576770098445,6.055638770575854,4,chip_simple_dxm7p273_dym5p455__Lj12p0nH_Cj2p0fF__roL8p5mm__tee_fl160um_fc12_cg1p2um__rpg1p4um,4.73184455751,6.20479563684,5.572578645385742,251.6877216406616,6.007676605765333,0.00014647077849578596,0.010313123370000454,0.0061345108899999445,0.05930021746826242,2.530044630817116,0.047962164810520846
SQuADDS_MultiTarget,8,chip_simple_dxm9p091_dy1p818__Lj12p0nH_Cj2p0fF__roL8p5mm__tee_fl160um_fc12_cg1p2um__rpg1p4um,4.74215768088,6.21093014773,5.51327842791748,249.1576770098445,6.055638770575854,5,chip_simple_dxm7p273_dym0p909__Lj12p0nH_Cj2p0fF__roL8p5mm__tee_fl160um_fc12_cg1p2um__rpg1p4um,4.72621293074,6.21473069466,5.538169261859894,253.698082410752,6.053599860673863,0.00018796697619032554,0.015944750140000075,0.0038005469299999817,0.02489083394241387,4.5404054009075026,0.0020389099019908485
SQuADDS_MultiTarget,8,chip_simple_dxm9p091_dy1p818__Lj12p0nH_Cj2p0fF__roL8p5mm__tee_fl160um_fc12_cg1p2um__rpg1p4um,4.74215768088,6.21093014773,5.51327842791748,249.1576770098445,6.055638770575854,6,chip_simple_dxm5p455_dy9p091__Lj12p0nH_Cj2p0fF__roL8p5mm__tee_fl160um_fc12_cg1p2um__rpg1p4um,4.7413283149,6.24294215951,5.426167698335648,252.3619899121704,6.063293621149046,0.0002349146770094472,0.000829365980000496,0.032012011780000016,0.08711072958183141,3.20431290232591,0.007654850573191929
SQuADDS_MultiTarget,8,chip_simple_dxm9p091_dy1p818__Lj12p0nH_Cj2p0fF__roL8p5mm__tee_fl160um_fc12_cg1p2um__rpg1p4um,4.74215768088,6.21093014773,5.51327842791748,249.1576770098445,6.055638770575854,7,chip_simple_dxm0p909_dy9p091__Lj12p0nH_Cj2p0fF__roL8p5mm__tee_fl160um_fc12_cg1p2um__rpg1p4um,4.69371229441,6.15775711443,5.5688977525024415,252.0576475169164,5.970794629409332,0.00039443018033547613,0.048445386470000074,0.05317303330000023,0.05561932458496166,2.899970507071913,0.0848441411665215
SQuADDS_MultiTarget,8,chip_simple_dxm9p091_dy1p818__Lj12p0nH_Cj2p0fF__roL8p5mm__tee_fl160um_fc12_cg1p2um__rpg1p4um,4.74215768088,6.21093014773,5.51327842791748,249.1576770098445,6.055638770575854,8,chip_simple_dxm6p364_dy10p000__Lj12p0nH_Cj2p0fF__roL8p5mm__tee_fl160um_fc12_cg1p2um__rpg1p4um,4.70012816843,6.17641107636,5.466408747419357,251.32112428887777,5.929765561427265,0.00039930542743105374,0.042029512450000084,0.0345190713700001,0.04686968049812279,2.163447279033278,0.12587320914858857
SQuADDS_MultiTarget,8,chip_simple_dxm9p091_dy1p818__Lj12p0nH_Cj2p0fF__roL8p5mm__tee_fl160um_fc12_cg1p2um__rpg1p4um,4.74215768088,6.21093014773,5.51327842791748,249.1576770098445,6.055638770575854,9,chip_simple_dxm2p727_dy3p636__Lj12p0nH_Cj2p0fF__roL8p5mm__tee_fl160um_fc12_cg1p2um__rpg1p4um,4.72771327144,6.17379279793,5.623312453847885,248.72072138405872,5.943747599398507,0.0004164324759759457,0.01444440944000025,0.03713734980000005,0.11003402593040512,0.43695562578577096,0.11189117117734693
SQuADDS_MultiTarget,8,chip_simple_dxm9p091_dy1p818__Lj12p0nH_Cj2p0fF__roL8p5mm__tee_fl160um_fc12_cg1p2um__rpg1p4um,4.74215768088,6.21093014773,5.51327842791748,249.1576770098445,6.055638770575854,10,chip_simple_dxm3p636_dym6p364__Lj12p0nH_Cj2p0fF__roL8p5mm__tee_fl160um_fc12_cg1p2um__rpg1p4um,4.69919145175,6.17226446551,5.555493060129165,252.9426854633619,5.946935337018482,0.00042666408724967596,0.042966229130000144,0.03866568222000044,0.0422146322116852,3.7850084535174062,0.10870343355737155
SQuADDS_MultiTarget,9,chip_simple_dxm9p091_dy7p273__Lj12p0nH_Cj2p0fF__roL8p5mm__tee_fl160um_fc12_cg1p2um__rpg1p4um,4.74507176175,6.18262050637,5.316328256315231,239.6289775289412,5.930712308950749,1,chip_simple_dx4p545_dy7p273__Lj12p0nH_Cj2p0fF__roL8p5mm__tee_fl160um_fc12_cg1p2um__rpg1p4um,4.73077815544,6.15447000621,5.330749682794571,238.4649203761867,5.9255175601275605,4.566705306284183e-05,0.014293606309999873,0.02815050015999976,0.014421426479340305,1.1640571527544807,0.005194748823188711
SQuADDS_MultiTarget,9,chip_simple_dxm9p091_dy7p273__Lj12p0nH_Cj2p0fF__roL8p5mm__tee_fl160um_fc12_cg1p2um__rpg1p4um,4.74507176175,6.18262050637,5.316328256315231,239.6289775289412,5.930712308950749,2,chip_simple_dx7p273_dy3p636__Lj12p0nH_Cj2p0fF__roL8p5mm__tee_fl160um_fc12_cg1p2um__rpg1p4um,4.74821889126,6.18095763125,5.310853707441329,238.5284024323724,5.986140819335255,5.526344877086933e-05,0.0031471295099994023,0.0016628751200000735,0.005474548873901419,1.1005750965688037,0.05542851038450625
SQuADDS_MultiTarget,9,chip_simple_dxm9p091_dy7p273__Lj12p0nH_Cj2p0fF__roL8p5mm__tee_fl160um_fc12_cg1p2um__rpg1p4um,4.74507176175,6.18262050637,5.316328256315231,239.6289775289412,5.930712308950749,3,chip_simple_dxm1p818_dym2p727__Lj12p0nH_Cj2p0fF__roL8p5mm__tee_fl160um_fc12_cg1p2um__rpg1p4um,4.72848954954,6.17252809279,5.260969237106323,240.1187954409885,5.943850833343463,7.363546446601293e-05,0.016582212210000336,0.010092413579999793,0.05535901920890751,0.4898179120473003,0.01313852439271379
SQuADDS_MultiTarget,9,chip_simple_dxm9p091_dy7p273__Lj12p0nH_Cj2p0fF__roL8p5mm__tee_fl160um_fc12_cg1p2um__rpg1p4um,4.74507176175,6.18262050637,5.316328256315231,239.6289775289412,5.930712308950749,4,chip_simple_dx8p182_dym10p000__Lj12p0nH_Cj2p0fF__roL8p5mm__tee_fl160um_fc12_cg1p2um__rpg1p4um,4.73563005446,6.15362550307,5.325074096298217,237.175550951066,5.915441773143484,8.303394869972162e-05,0.0094417072900006,0.028995003300000377,0.008745839982986503,2.453426577875206,0.01527053580726534
SQuADDS_MultiTarget,9,chip_simple_dxm9p091_dy7p273__Lj12p0nH_Cj2p0fF__roL8p5mm__tee_fl160um_fc12_cg1p2um__rpg1p4um,4.74507176175,6.18262050637,5.316328256315231,239.6289775289412,5.930712308950749,5,chip_simple_dx0p000_dy1p818__Lj12p0nH_Cj2p0fF__roL8p5mm__tee_fl160um_fc12_cg1p2um__rpg1p4um,4.73893431681,6.15716579206,5.395158588809967,238.6641224689724,5.982980691110814,0.0001755002577564187,0.006137444940000236,0.025454714310000348,0.07883033249473659,0.9648550599687837,0.05226838216006513
SQuADDS_MultiTarget,9,chip_simple_dxm9p091_dy7p273__Lj12p0nH_Cj2p0fF__roL8p5mm__tee_fl160um_fc12_cg1p2um__rpg1p4um,4.74507176175,6.18262050637,5.316328256315231,239.6289775289412,5.930712308950749,6,chip_simple_dxm2p727_dy0p909__Lj12p0nH_Cj2p0fF__roL8p5mm__tee_fl160um_fc12_cg1p2um__rpg1p4um,4.73845369417,6.16039546172,5.41090745403862,239.617009903282,5.951034616643697,0.00017898747925897243,0.006618067579999831,0.02222504464999986,0.09457919772338919,0.011967625659195846,0.02032230769294774
SQuADDS_MultiTarget,9,chip_simple_dxm9p091_dy7p273__Lj12p0nH_Cj2p0fF__roL8p5mm__tee_fl160um_fc12_cg1p2um__rpg1p4um,4.74507176175,6.18262050637,5.316328256315231,239.6289775289412,5.930712308950749,7,fig5_cg2p0um_rpg1p5um__Lj12p0nH_Cj0p0fF__roL8p5mm__tee_fl160um_fc12,4.77793609257,6.1977870086,5.346981281085967,236.19198761457903,5.968418975392394,0.00019368091596594296,0.03286433081999984,0.015166502229999601,0.030653024770736614,3.436989914362158,0.037706666441645
SQuADDS_MultiTarget,9,chip_simple_dxm9p091_dy7p273__Lj12p0nH_Cj2p0fF__roL8p5mm__tee_fl160um_fc12_cg1p2um__rpg1p4um,4.74507176175,6.18262050637,5.316328256315231,239.6289775289412,5.930712308950749,8,chip_simple_dxm0p909_dym10p000__Lj12p0nH_Cj2p0fF__roL8p5mm__tee_fl160um_fc12_cg1p2um__rpg1p4um,4.743277674,6.16560338881,5.249255211336136,235.8522265924433,5.937221698084575,0.00021210996057501294,0.0017940877500004504,0.017017117560000017,0.06707304497909483,3.776750936497905,0.006509389133825927
SQuADDS_MultiTarget,9,chip_simple_dxm9p091_dy7p273__Lj12p0nH_Cj2p0fF__roL8p5mm__tee_fl160um_fc12_cg1p2um__rpg1p4um,4.74507176175,6.18262050637,5.316328256315231,239.6289775289412,5.930712308950749,9,chip_simple_dx3p636_dy8p182__Lj12p0nH_Cj2p0fF__roL8p5mm__tee_fl160um_fc12_cg1p2um__rpg1p4um,4.73023832949,6.13512220294,5.346158240707397,235.8529741168492,5.904860917666218,0.00021818834627842858,0.014833432260000556,0.04749830343000028,0.02982998439216633,3.7760034120919954,0.02585139128453129
SQuADDS_MultiTarget,9,chip_simple_dxm9p091_dy7p273__Lj12p0nH_Cj2p0fF__roL8p5mm__tee_fl160um_fc12_cg1p2um__rpg1p4um,4.74507176175,6.18262050637,5.316328256315231,239.6289775289412,5.930712308950749,10,chip_simple_dxm6p364_dym1p818__Lj12p0nH_Cj2p0fF__roL8p5mm__tee_fl160um_fc12_cg1p2um__rpg1p4um,4.73601951856,6.17855243564,5.233884300392151,238.90916206015703,6.012417870973948,0.00022372667400942135,0.009052243190000198,0.0040680707299998176,0.08244395592307985,0.7198154687841622,0.08170556202319901
SQuADDS_MultiTarget,10,chip_simple_dxm8p182_dy6p364__Lj12p0nH_Cj2p0fF__roL8p5mm__tee_fl160um_fc12_cg1p2um__rpg1p4um,4.72702479207,5.98450514713,6.381414699699402,232.9283309309818,5.7691492674636375,1,chip_simple_dx3p636_dy4p545__Lj12p0nH_Cj2p0fF__roL8p5mm__tee_fl160um_fc12_cg1p2um__rpg1p4um,4.76686960241,6.03406234879,6.336961414855956,231.9630982052728,5.803810222877011,0.0001905210869627435,0.03984481033999998,0.04955720165999988,0.04445328484344557,0.9652327257090008,0.034660955413373884
SQuADDS_MultiTarget,10,chip_simple_dxm8p182_dy6p364__Lj12p0nH_Cj2p0fF__roL8p5mm__tee_fl160um_fc12_cg1p2um__rpg1p4um,4.72702479207,5.98450514713,6.381414699699402,232.9283309309818,5.7691492674636375,2,chip_simple_dx5p455_dy8p182__Lj12p0nH_Cj2p0fF__roL8p5mm__tee_fl160um_fc12_cg1p2um__rpg1p4um,4.74855405086,6.03321750387,6.352321427940368,236.0766933371285,5.795288526783467,0.0001990030198306832,0.021529258790000227,0.048712356740000295,0.029093271759033534,3.1483624061467026,0.0261392593198293
SQuADDS_MultiTarget,10,chip_simple_dxm8p182_dy6p364__Lj12p0nH_Cj2p0fF__roL8p5mm__tee_fl160um_fc12_cg1p2um__rpg1p4um,4.72702479207,5.98450514713,6.381414699699402,232.9283309309818,5.7691492674636375,3,chip_simple_dxm0p909_dym3p636__Lj12p0nH_Cj2p0fF__roL8p5mm__tee_fl160um_fc12_cg1p2um__rpg1p4um,4.69601117989,5.93903014075,6.353685933414459,231.5134236977928,5.684249526032748,0.00023695988375066997,0.03101361217999976,0.04547500638000024,0.027728766284942807,1.414907233188984,0.08489974143088919
SQuADDS_MultiTarget,10,chip_simple_dxm8p182_dy6p364__Lj12p0nH_Cj2p0fF__roL8p5mm__tee_fl160um_fc12_cg1p2um__rpg1p4um,4.72702479207,5.98450514713,6.381414699699402,232.9283309309818,5.7691492674636375,4,chip_simple_dx3p636_dy0p000__Lj12p0nH_Cj2p0fF__roL8p5mm__tee_fl160um_fc12_cg1p2um__rpg1p4um,4.70882035794,5.9422654803,6.4021899407176965,229.9937839696689,5.689626408771035,0.00024431104842291253,0.01820443413000028,0.042239666830000466,0.020775241018294643,2.93454696131289,0.07952285869260223
SQuADDS_MultiTarget,10,chip_simple_dxm8p182_dy6p364__Lj12p0nH_Cj2p0fF__roL8p5mm__tee_fl160um_fc12_cg1p2um__rpg1p4um,4.72702479207,5.98450514713,6.381414699699402,232.9283309309818,5.7691492674636375,5,chip_simple_dx6p364_dym4p545__Lj12p0nH_Cj2p0fF__roL8p5mm__tee_fl160um_fc12_cg1p2um__rpg1p4um,4.70542995999,5.98920452189,6.345821467342376,237.78954520480733,5.738142979039027,0.00026926280286541704,0.021594832079999904,0.004699374759999486,0.035593232357025606,4.861214273825539,0.03100628842461095
SQuADDS_MultiTarget,10,chip_simple_dxm8p182_dy6p364__Lj12p0nH_Cj2p0fF__roL8p5mm__tee_fl160um_fc12_cg1p2um__rpg1p4um,4.72702479207,5.98450514713,6.381414699699402,232.9283309309818,5.7691492674636375,6,chip_simple_dx9p091_dym0p909__Lj12p0nH_Cj2p0fF__roL8p5mm__tee_fl160um_fc12_cg1p2um__rpg1p4um,4.69833241253,5.9700084278,6.424561027713775,237.54943824235883,5.679426145956277,0.00038330078405836125,0.028692379539999813,0.014496719330000296,0.043146328014373125,4.621107311377045,0.08972312150736084
SQuADDS_MultiTarget,10,chip_simple_dxm8p182_dy6p364__Lj12p0nH_Cj2p0fF__roL8p5mm__tee_fl160um_fc12_cg1p2um__rpg1p4um,4.72702479207,5.98450514713,6.381414699699402,232.9283309309818,5.7691492674636375,7,chip_simple_dx5p455_dym8p182__Lj12p0nH_Cj2p0fF__roL8p5mm__tee_fl160um_fc12_cg1p2um__rpg1p4um,4.72112014614,6.01414813913,6.374000339464187,239.1567683741239,5.777326992270697,0.00038528121926553174,0.005904645930000285,0.029642991999999424,0.007414360235214801,6.228437443142127,0.008177724807059583
SQuADDS_MultiTarget,10,chip_simple_dxm8p182_dy6p364__Lj12p0nH_Cj2p0fF__roL8p5mm__tee_fl160um_fc12_cg1p2um__rpg1p4um,4.72702479207,5.98450514713,6.381414699699402,232.9283309309818,5.7691492674636375,8,chip_simple_dxm1p818_dym10p000__Lj12p0nH_Cj2p0fF__roL8p5mm__tee_fl160um_fc12_cg1p2um__rpg1p4um,4.72213098232,5.99382514578,6.216597866516113,232.5260761215951,5.710682925319376,0.00038987374738558457,0.004893809749999534,0.009319998649999661,0.16481683318328866,0.402254809386676,0.058466342144261496
SQuADDS_MultiTarget,10,chip_simple_dxm8p182_dy6p364__Lj12p0nH_Cj2p0fF__roL8p5mm__tee_fl160um_fc12_cg1p2um__rpg1p4um,4.72702479207,5.98450514713,6.381414699699402,232.9283309309818,5.7691492674636375,9,chip_simple_dxm6p364_dy7p273__Lj12p0nH_Cj2p0fF__roL8p5mm__tee_fl160um_fc12_cg1p2um__rpg1p4um,4.74220530909,5.96110218154,6.471195480819702,227.23819529883824,5.728633425549979,0.0004476166604400716,0.015180517020000117,0.02340296558999988,0.08978078112030019,5.6901356321435514,0.04051584191365887
SQuADDS_MultiTarget,10,chip_simple_dxm8p182_dy6p364__Lj12p0nH_Cj2p0fF__roL8p5mm__tee_fl160um_fc12_cg1p2um__rpg1p4um,4.72702479207,5.98450514713,6.381414699699402,232.9283309309818,5.7691492674636375,10,chip_simple_dx9p091_dy10p000__Lj12p0nH_Cj2p0fF__roL8p5mm__tee_fl160um_fc12_cg1p2um__rpg1p4um,4.69926836053,5.96788032666,6.480939449926376,237.9698333652788,5.70456835918075,0.00046070039923394666,0.027756431540000293,0.01662482047000058,0.09952475022697449,5.041502434297001,0.06458090828288743
SQuADDS_MultiTarget,11,chip_simple_dxm7p273_dym7p273__Lj12p0nH_Cj2p0fF__roL8p5mm__tee_fl160um_fc12_cg1p2um__rpg1p4um,4.72538962076,6.12848580344,6.047306581918716,251.02953182785623,5.876810016672627,1,chip_simple_dxm10p000_dy0p909__Lj12p0nH_Cj2p0fF__roL8p5mm__tee_fl160um_fc12_cg1p2um__rpg1p4um,4.70703508171,6.1027913224,6.054301022790908,250.9771558944962,5.873941688086905,3.347522454510944e-05,0.01835453904999973,0.025694481040000383,0.006994440872192698,0.05237593336002533,0.0028683285857216134
SQuADDS_MultiTarget,11,chip_simple_dxm7p273_dym7p273__Lj12p0nH_Cj2p0fF__roL8p5mm__tee_fl160um_fc12_cg1p2um__rpg1p4um,4.72538962076,6.12848580344,6.047306581918716,251.02953182785623,5.876810016672627,2,chip_simple_dx6p364_dy9p091__Lj12p0nH_Cj2p0fF__roL8p5mm__tee_fl160um_fc12_cg1p2um__rpg1p4um,4.69570573869,6.09933720693,6.023506759710312,252.1584106638029,5.887771375415434,8.167816871775342e-05,0.029683882069999612,0.02914859651000068,0.02379982220840393,1.128878835946665,0.010961358742807015
SQuADDS_MultiTarget,11,chip_simple_dxm7p273_dym7p273__Lj12p0nH_Cj2p0fF__roL8p5mm__tee_fl160um_fc12_cg1p2um__rpg1p4um,4.72538962076,6.12848580344,6.047306581918716,251.02953182785623,5.876810016672627,3,chip_simple_dxm2p727_dym7p273__Lj12p0nH_Cj2p0fF__roL8p5mm__tee_fl160um_fc12_cg1p2um__rpg1p4um,4.7222040576,6.12237034652,5.983692367204666,249.3544121969452,5.891422873734137,8.213527732422824e-05,0.003185563159999738,0.006115456919999929,0.06361421471404949,1.6751196309110412,0.014612857061510276
SQuADDS_MultiTarget,11,chip_simple_dxm7p273_dym7p273__Lj12p0nH_Cj2p0fF__roL8p5mm__tee_fl160um_fc12_cg1p2um__rpg1p4um,4.72538962076,6.12848580344,6.047306581918716,251.02953182785623,5.876810016672627,4,chip_simple_dx2p727_dy6p364__Lj12p0nH_Cj2p0fF__roL8p5mm__tee_fl160um_fc12_cg1p2um__rpg1p4um,4.71827326294,6.10422533124,6.110669951080322,249.8252160711548,5.885426209420992,8.541533483389819e-05,0.007116357819999308,0.02426047219999994,0.06336336916160601,1.204315756701419,0.00861619274836567
SQuADDS_MultiTarget,11,chip_simple_dxm7p273_dym7p273__Lj12p0nH_Cj2p0fF__roL8p5mm__tee_fl160um_fc12_cg1p2um__rpg1p4um,4.72538962076,6.12848580344,6.047306581918716,251.02953182785623,5.876810016672627,5,chip_simple_dx7p273_dym0p909__Lj12p0nH_Cj2p0fF__roL8p5mm__tee_fl160um_fc12_cg1p2um__rpg1p4um,4.70073295522,6.09546452187,5.997347442768096,249.8225305417232,5.880204986381134,0.00010211043781621648,0.024656665539999345,0.03302128156999995,0.049959139150619336,1.2070012861330213,0.0033949697085073893
SQuADDS_MultiTarget,11,chip_simple_dxm7p273_dym7p273__Lj12p0nH_Cj2p0fF__roL8p5mm__tee_fl160um_fc12_cg1p2um__rpg1p4um,4.72538962076,6.12848580344,6.047306581918716,251.02953182785623,5.876810016672627,6,chip_simple_dx0p909_dy2p727__Lj12p0nH_Cj2p0fF__roL8p5mm__tee_fl160um_fc12_cg1p2um__rpg1p4um,4.68950459777,6.08766133854,6.096332340703964,253.08284499290465,5.866286461039824,0.00016996279418143753,0.035885022989999626,0.040824464900000024,0.049025758785248286,2.053313165048422,0.010523555632802939
SQuADDS_MultiTarget,11,chip_simple_dxm7p273_dym7p273__Lj12p0nH_Cj2p0fF__roL8p5mm__tee_fl160um_fc12_cg1p2um__rpg1p4um,4.72538962076,6.12848580344,6.047306581918716,251.02953182785623,5.876810016672627,7,chip_simple_dxm4p545_dy4p545__Lj12p0nH_Cj2p0fF__roL8p5mm__tee_fl160um_fc12_cg1p2um__rpg1p4um,4.71642795927,6.13578113095,5.930907612184524,251.74673425045364,5.924740428666518,0.000227598127157163,0.008961661489999884,0.007295327509999616,0.11639896973419184,0.7172024225974098,0.047930411993891475
SQuADDS_MultiTarget,11,chip_simple_dxm7p273_dym7p273__Lj12p0nH_Cj2p0fF__roL8p5mm__tee_fl160um_fc12_cg1p2um__rpg1p4um,4.72538962076,6.12848580344,6.047306581918716,251.02953182785623,5.876810016672627,8,chip_simple_dx3p636_dy6p364__Lj12p0nH_Cj2p0fF__roL8p5mm__tee_fl160um_fc12_cg1p2um__rpg1p4um,4.70747191391,6.07732489971,6.088856940464019,247.2841235563809,5.838361767601531,0.00024037949814493907,0.017917706849999604,0.051160903730000484,0.041550358545303645,3.745408271475327,0.03844824907109601
SQuADDS_MultiTarget,11,chip_simple_dxm7p273_dym7p273__Lj12p0nH_Cj2p0fF__roL8p5mm__tee_fl160um_fc12_cg1p2um__rpg1p4um,4.72538962076,6.12848580344,6.047306581918716,251.02953182785623,5.876810016672627,9,chip_simple_dx8p182_dym1p818__Lj12p0nH_Cj2p0fF__roL8p5mm__tee_fl160um_fc12_cg1p2um__rpg1p4um,4.68525295522,6.09379748036,6.095650871637344,255.11644504269023,5.8822544461123405,0.00026909584204575095,0.040136665539999505,0.03468832308000014,0.04834428971862792,4.086913214833999,0.005444429439713794
SQuADDS_MultiTarget,11,chip_simple_dxm7p273_dym7p273__Lj12p0nH_Cj2p0fF__roL8p5mm__tee_fl160um_fc12_cg1p2um__rpg1p4um,4.72538962076,6.12848580344,6.047306581918716,251.02953182785623,5.876810016672627,10,chip_simple_dx3p636_dym7p273__Lj12p0nH_Cj2p0fF__roL8p5mm__tee_fl160um_fc12_cg1p2um__rpg1p4um,4.71844087505,6.09326872435,6.172192269672394,249.2646758562308,5.887827549157398,0.00027489660113974254,0.006948745709999926,0.0352170790900006,0.12488568775367792,1.7648559716254226,0.011017532484771664
SQuADDS_MultiTarget,12,chip_simple_dxm7p273_dym6p364__Lj12p0nH_Cj2p0fF__roL8p5mm__tee_fl160um_fc12_cg1p2um__rpg1p4um,4.65347230611,6.0179480245,6.143081427398681,250.29134412810515,5.756747050636442,1,chip_simple_dx10p000_dy7p273__Lj12p0nH_Cj2p0fF__roL8p5mm__tee_fl160um_fc12_cg1p2um__rpg1p4um,4.66101955519,6.03694119202,6.148507254526138,251.85392058988865,5.756378365268905,3.247111609119808e-05,0.007547249079999929,0.018993167519999687,0.005425827127456984,1.5625764617834932,0.0003686853675377577
SQuADDS_MultiTarget,12,chip_simple_dxm7p273_dym6p364__Lj12p0nH_Cj2p0fF__roL8p5mm__tee_fl160um_fc12_cg1p2um__rpg1p4um,4.65347230611,6.0179480245,6.143081427398681,250.29134412810515,5.756747050636442,2,chip_simple_dxm4p545_dym3p636__Lj12p0nH_Cj2p0fF__roL8p5mm__tee_fl160um_fc12_cg1p2um__rpg1p4um,4.67304431925,6.03199474143,6.125895672599793,247.8916504390452,5.756437524837708,7.301346603802005e-05,0.019572013139999456,0.014046716930000258,0.01718575479888873,2.3996936890599443,0.00030952579873400055
SQuADDS_MultiTarget,12,chip_simple_dxm7p273_dym6p364__Lj12p0nH_Cj2p0fF__roL8p5mm__tee_fl160um_fc12_cg1p2um__rpg1p4um,4.65347230611,6.0179480245,6.143081427398681,250.29134412810515,5.756747050636442,3,chip_simple_dx1p818_dym0p909__Lj12p0nH_Cj2p0fF__roL8p5mm__tee_fl160um_fc12_cg1p2um__rpg1p4um,4.67045299221,6.02263130277,6.254178175308227,249.60885360509675,5.769639685358345,0.00018367761956429986,0.016980686100000142,0.004683278269999924,0.11109674790954571,0.6824905230083971,0.012892634721902496
SQuADDS_MultiTarget,12,chip_simple_dxm7p273_dym6p364__Lj12p0nH_Cj2p0fF__roL8p5mm__tee_fl160um_fc12_cg1p2um__rpg1p4um,4.65347230611,6.0179480245,6.143081427398681,250.29134412810515,5.756747050636442,4,chip_simple_dx7p273_dym9p091__Lj12p0nH_Cj2p0fF__roL8p5mm__tee_fl160um_fc12_cg1p2um__rpg1p4um,4.6928216438,6.0417170803,6.165310552288055,246.04724963381204,5.790205003998438,0.0002543023197734174,0.03934933769000004,0.023769055799999883,0.022229124889373786,4.244094494293108,0.03345795336199586
SQuADDS_MultiTarget,12,chip_simple_dxm7p273_dym6p364__Lj12p0nH_Cj2p0fF__roL8p5mm__tee_fl160um_fc12_cg1p2um__rpg1p4um,4.65347230611,6.0179480245,6.143081427398681,250.29134412810515,5.756747050636442,5,chip_simple_dxm10p000_dy3p636__Lj12p0nH_Cj2p0fF__roL8p5mm__tee_fl160um_fc12_cg1p2um__rpg1p4um,4.6418768344,5.98369428669,6.249091382169723,249.1251595778436,5.676013980362334,0.00029669768817024687,0.011595471710000638,0.034253737810000295,0.10600995477104203,1.166184550261562,0.0807330702741087
SQuADDS_MultiTarget,12,chip_simple_dxm7p273_dym6p364__Lj12p0nH_Cj2p0fF__roL8p5mm__tee_fl160um_fc12_cg1p2um__rpg1p4um,4.65347230611,6.0179480245,6.143081427398681,250.29134412810515,5.756747050636442,6,chip_simple_dx5p455_dy2p727__Lj12p0nH_Cj2p0fF__roL8p5mm__tee_fl160um_fc12_cg1p2um__rpg1p4um,4.68450192494,6.04838752866,6.060318185382843,246.72047979195173,5.809511348960735,0.0003045787157022604,0.031029618829999883,0.030439504160000297,0.0827632420158384,3.57086433615342,0.05276429832429219
SQuADDS_MultiTarget,12,chip_simple_dxm7p273_dym6p364__Lj12p0nH_Cj2p0fF__roL8p5mm__tee_fl160um_fc12_cg1p2um__rpg1p4um,4.65347230611,6.0179480245,6.143081427398681,250.29134412810515,5.756747050636442,7,chip_simple_dxm2p000_dym2p000__Lj12p0nH_Cj2p0fF__roL8p5mm__tee_fl160um_fc12_cg1p2um__rpg1p4um,4.66750846399,5.99576429238,6.200288068849563,244.5650742862331,5.692685446377873,0.00038967475181216174,0.014036157879999678,0.022183732120000244,0.05720664145088161,5.726269841872039,0.0640616042585691
SQuADDS_MultiTarget,12,chip_simple_dxm7p273_dym6p364__Lj12p0nH_Cj2p0fF__roL8p5mm__tee_fl160um_fc12_cg1p2um__rpg1p4um,4.65347230611,6.0179480245,6.143081427398681,250.29134412810515,5.756747050636442,8,chip_simple_dxm2p000_dym2p000__Lj12p0nH_Cj2p0fF__roL8p5mm__tee_fl160um_fc12_cg1p2um__rpg1p4um,4.66750846399,5.99576429238,6.200288068849563,244.5650742862331,5.69268544637786,0.0003896747518121875,0.014036157879999678,0.022183732120000244,0.05720664145088161,5.726269841872039,0.06406160425858243
SQuADDS_MultiTarget,12,chip_simple_dxm7p273_dym6p364__Lj12p0nH_Cj2p0fF__roL8p5mm__tee_fl160um_fc12_cg1p2um__rpg1p4um,4.65347230611,6.0179480245,6.143081427398681,250.29134412810515,5.756747050636442,9,chip_simple_dx1p818_dy0p000__Lj12p0nH_Cj2p0fF__roL8p5mm__tee_fl160um_fc12_cg1p2um__rpg1p4um,4.68111378467,6.07792819925,6.160216600387573,254.68171473649764,5.840109825142222,0.0003972041963432069,0.027641478559999655,0.059980174749999726,0.017135172988891334,4.390370608392487,0.08336277450577967
SQuADDS_MultiTarget,12,chip_simple_dxm7p273_dym6p364__Lj12p0nH_Cj2p0fF__roL8p5mm__tee_fl160um_fc12_cg1p2um__rpg1p4um,4.65347230611,6.0179480245,6.143081427398681,250.29134412810515,5.756747050636442,10,chip_simple_dxm4p545_dym8p182__Lj12p0nH_Cj2p0fF__roL8p5mm__tee_fl160um_fc12_cg1p2um__rpg1p4um,4.70192752994,6.05323396604,6.2145116127338405,246.8898807551624,5.839847717118128,0.0004069406134309553,0.04845522382999956,0.035285941539999754,0.0714301853351591,3.401463372942743,0.08310066648168579
SQuADDS_MultiTarget,13,chip_simple_dxm7p273_dym3p636__Lj12p0nH_Cj2p0fF__roL8p5mm__tee_fl160um_fc12_cg1p2um__rpg1p4um,4.73480918565,6.04038903556,6.218829399219513,237.6303531091748,5.832068017454491,1,chip_simple_dx6p364_dy0p000__Lj12p0nH_Cj2p0fF__roL8p5mm__tee_fl160um_fc12_cg1p2um__rpg1p4um,4.72795173232,6.02599393944,6.214404765487671,236.6306190453716,5.800547756468861,3.148499048070239e-05,0.00685745332999943,0.014395096119999451,0.00442463373184232,0.9997340638032028,0.03152026098562999
SQuADDS_MultiTarget,13,chip_simple_dxm7p273_dym3p636__Lj12p0nH_Cj2p0fF__roL8p5mm__tee_fl160um_fc12_cg1p2um__rpg1p4um,4.73480918565,6.04038903556,6.218829399219513,237.6303531091748,5.832068017454491,2,chip_simple_dxm10p000_dym4p545__Lj12p0nH_Cj2p0fF__roL8p5mm__tee_fl160um_fc12_cg1p2um__rpg1p4um,4.72747685651,6.02391173404,6.181771411222457,235.80879165767425,5.79330242515557,7.906543431456865e-05,0.007332329139999594,0.016477301519999266,0.03705798799705562,1.8215614515005427,0.03876559229892074
SQuADDS_MultiTarget,13,chip_simple_dxm7p273_dym3p636__Lj12p0nH_Cj2p0fF__roL8p5mm__tee_fl160um_fc12_cg1p2um__rpg1p4um,4.73480918565,6.04038903556,6.218829399219513,237.6303531091748,5.832068017454491,3,chip_simple_dx4p545_dym0p909__Lj12p0nH_Cj2p0fF__roL8p5mm__tee_fl160um_fc12_cg1p2um__rpg1p4um,4.7255365678,6.0505170878,6.107614511497498,239.2497887649095,5.805207767962136,0.00020038529933066404,0.009272617849999776,0.010128052240000684,0.11121488772201538,1.6194356557347191,0.026860249492354882
SQuADDS_MultiTarget,13,chip_simple_dxm7p273_dym3p636__Lj12p0nH_Cj2p0fF__roL8p5mm__tee_fl160um_fc12_cg1p2um__rpg1p4um,4.73480918565,6.04038903556,6.218829399219513,237.6303531091748,5.832068017454491,4,chip_simple_dx0p000_dy2p727__Lj12p0nH_Cj2p0fF__roL8p5mm__tee_fl160um_fc12_cg1p2um__rpg1p4um,4.73163640607,6.01912983001,6.151782347061157,233.4506181073812,5.795791516246615,0.00024498998534354155,0.0031727795799998404,0.021259205549999827,0.06704705215835638,4.179735001793603,0.036276501207876066
SQuADDS_MultiTarget,13,chip_simple_dxm7p273_dym3p636__Lj12p0nH_Cj2p0fF__roL8p5mm__tee_fl160um_fc12_cg1p2um__rpg1p4um,4.73480918565,6.04038903556,6.218829399219513,237.6303531091748,5.832068017454491,5,chip_simple_dx5p455_dy8p182__Lj12p0nH_Cj2p0fF__roL8p5mm__tee_fl160um_fc12_cg1p2um__rpg1p4um,4.74855405086,6.03321750387,6.352321427940368,236.0766933371285,5.795288526783467,0.0002814856304834964,0.013744865210000512,0.007171531689999178,0.13349202872085542,1.5536597720463021,0.03677949067102393
SQuADDS_MultiTarget,13,chip_simple_dxm7p273_dym3p636__Lj12p0nH_Cj2p0fF__roL8p5mm__tee_fl160um_fc12_cg1p2um__rpg1p4um,4.73480918565,6.04038903556,6.218829399219513,237.6303531091748,5.832068017454491,6,chip_simple_dxm5p455_dy2p727__Lj12p0nH_Cj2p0fF__roL8p5mm__tee_fl160um_fc12_cg1p2um__rpg1p4um,4.71638631695,6.04240059633,6.065049773584366,238.98986735764416,5.770011812343904,0.00039396490611248865,0.018422868699999206,0.002011560770000642,0.15377962563514735,1.3595142484693667,0.062056205110586404
SQuADDS_MultiTarget,13,chip_simple_dxm7p273_dym3p636__Lj12p0nH_Cj2p0fF__roL8p5mm__tee_fl160um_fc12_cg1p2um__rpg1p4um,4.73480918565,6.04038903556,6.218829399219513,237.6303531091748,5.832068017454491,7,chip_simple_dx5p455_dym8p182__Lj12p0nH_Cj2p0fF__roL8p5mm__tee_fl160um_fc12_cg1p2um__rpg1p4um,4.72112014614,6.01414813913,6.374000339464187,239.1567683741239,5.777326992270697,0.0004032082042217529,0.01368903951,0.02624089643000005,0.15517094024467415,1.5264152649491223,0.054741025183793646
SQuADDS_MultiTarget,13,chip_simple_dxm7p273_dym3p636__Lj12p0nH_Cj2p0fF__roL8p5mm__tee_fl160um_fc12_cg1p2um__rpg1p4um,4.73480918565,6.04038903556,6.218829399219513,237.6303531091748,5.832068017454491,8,chip_simple_dx6p364_dym4p545__Lj12p0nH_Cj2p0fF__roL8p5mm__tee_fl160um_fc12_cg1p2um__rpg1p4um,4.70542995999,5.98920452189,6.345821467342376,237.78954520480733,5.738142979039027,0.0004487137974182251,0.02937922565999962,0.05118451366999999,0.12699206812286334,0.1591920956325339,0.09392503841546418
SQuADDS_MultiTarget,13,chip_simple_dxm7p273_dym3p636__Lj12p0nH_Cj2p0fF__roL8p5mm__tee_fl160um_fc12_cg1p2um__rpg1p4um,4.73480918565,6.04038903556,6.218829399219513,237.6303531091748,5.832068017454491,9,chip_simple_dxm5p455_dym1p818__Lj12p0nH_Cj2p0fF__roL8p5mm__tee_fl160um_fc12_cg1p2um__rpg1p4um,4.75999782134,6.06096972586,6.083840508966445,233.18069262989704,5.818607968498037,0.00045347428700856556,0.025188635690000183,0.020580690300000093,0.1349888902530676,4.449660479277753,0.013460048956453363
SQuADDS_MultiTarget,13,chip_simple_dxm7p273_dym3p636__Lj12p0nH_Cj2p0fF__roL8p5mm__tee_fl160um_fc12_cg1p2um__rpg1p4um,4.73480918565,6.04038903556,6.218829399219513,237.6303531091748,5.832068017454491,10,chip_simple_dxm1p818_dym10p000__Lj12p0nH_Cj2p0fF__roL8p5mm__tee_fl160um_fc12_cg1p2um__rpg1p4um,4.72213098232,5.99382514578,6.216597866516113,232.5260761215951,5.710682925319376,0.0005139508412534189,0.01267820332999925,0.04656388977999981,0.002231532703399708,5.104276987579681,0.12138509213511472
SQuADDS_MultiTarget,14,chip_simple_dxm7p273_dy1p818__Lj12p0nH_Cj2p0fF__roL8p5mm__tee_fl160um_fc12_cg1p2um__rpg1p4um,4.72771702229,5.972340521,5.773035212522506,219.24495923206857,5.714431158523696,1,chip_simple_dxm4p545_dy9p091__Lj12p0nH_Cj2p0fF__roL8p5mm__tee_fl160um_fc12_cg1p2um__rpg1p4um,4.73257191675,5.96883434545,5.846838404302597,219.15587205568883,5.667058133519072,0.00011756124513497105,0.004854894460000203,0.003506175549999213,0.07380319178009032,0.08908717637973496,0.04737302500462359
SQuADDS_MultiTarget,14,chip_simple_dxm7p273_dy1p818__Lj12p0nH_Cj2p0fF__roL8p5mm__tee_fl160um_fc12_cg1p2um__rpg1p4um,4.72771702229,5.972340521,5.773035212522506,219.24495923206857,5.714431158523696,2,chip_simple_dx7p273_dy8p182__Lj12p0nH_Cj2p0fF__roL8p5mm__tee_fl160um_fc12_cg1p2um__rpg1p4um,4.72840082103,5.97315210181,5.691267652456284,217.62866557447816,5.647951458913108,0.00019518941654059316,0.0006837987399999079,0.0008115808100006561,0.08176756006622199,1.616293657590404,0.06647969961058742
SQuADDS_MultiTarget,14,chip_simple_dxm7p273_dy1p818__Lj12p0nH_Cj2p0fF__roL8p5mm__tee_fl160um_fc12_cg1p2um__rpg1p4um,4.72771702229,5.972340521,5.773035212522506,219.24495923206857,5.714431158523696,3,chip_simple_dxm6p364_dym7p273__Lj12p0nH_Cj2p0fF__roL8p5mm__tee_fl160um_fc12_cg1p2um__rpg1p4um,4.75005432934,6.01899043043,5.655702243776322,219.9240164763736,5.705344706711049,0.00029593443443150415,0.02233730704999992,0.046649909430000136,0.11733296874618482,0.679057244305028,0.009086451812646779
SQuADDS_MultiTarget,14,chip_simple_dxm7p273_dy1p818__Lj12p0nH_Cj2p0fF__roL8p5mm__tee_fl160um_fc12_cg1p2um__rpg1p4um,4.72771702229,5.972340521,5.773035212522506,219.24495923206857,5.714431158523696,4,chip_simple_dxm9p091_dym0p909__Lj12p0nH_Cj2p0fF__roL8p5mm__tee_fl160um_fc12_cg1p2um__rpg1p4um,4.70861223691,5.97190035235,5.828280176078796,224.2856497209385,5.726841959580289,0.0003287773368316508,0.0191047853800006,0.0004401686499999613,0.05524496355628994,5.040690488869927,0.012410801056593534
SQuADDS_MultiTarget,14,chip_simple_dxm7p273_dy1p818__Lj12p0nH_Cj2p0fF__roL8p5mm__tee_fl160um_fc12_cg1p2um__rpg1p4um,4.72771702229,5.972340521,5.773035212522506,219.24495923206857,5.714431158523696,5,chip_simple_dxm6p364_dym4p545__Lj12p0nH_Cj2p0fF__roL8p5mm__tee_fl160um_fc12_cg1p2um__rpg1p4um,4.77051294453,5.99784752226,5.875309934732437,216.5912114480181,5.743283944916589,0.00034310903999097,0.04279592223999984,0.025507001260000273,0.1022747222099305,2.6537477840504664,0.02885278639289357
SQuADDS_MultiTarget,14,chip_simple_dxm7p273_dy1p818__Lj12p0nH_Cj2p0fF__roL8p5mm__tee_fl160um_fc12_cg1p2um__rpg1p4um,4.72771702229,5.972340521,5.773035212522506,219.24495923206857,5.714431158523696,6,chip_simple_dxm10p000_dy9p091__Lj12p0nH_Cj2p0fF__roL8p5mm__tee_fl160um_fc12_cg1p2um__rpg1p4um,4.73431310321,5.9588117706,5.945221753843307,219.04223037505847,5.629570893196313,0.0005625642111724886,0.006596080919999636,0.0135287503999999,0.17218654132080058,0.20272885701010068,0.08486026532738311
SQuADDS_MultiTarget,14,chip_simple_dxm7p273_dy1p818__Lj12p0nH_Cj2p0fF__roL8p5mm__tee_fl160um_fc12_cg1p2um__rpg1p4um,4.72771702229,5.972340521,5.773035212522506,219.24495923206857,5.714431158523696,7,chip_simple_dxm0p909_dy7p273__Lj12p0nH_Cj2p0fF__roL8p5mm__tee_fl160um_fc12_cg1p2um__rpg1p4um,4.70613110667,5.99730794943,5.718138606563568,226.7890078045864,5.726349608257517,0.0006777075931591941,0.02158591562000023,0.024967428430000105,0.054896605958938416,7.5440485725178235,0.01191844973382139
SQuADDS_MultiTarget,14,chip_simple_dxm7p273_dy1p818__Lj12p0nH_Cj2p0fF__roL8p5mm__tee_fl160um_fc12_cg1p2um__rpg1p4um,4.72771702229,5.972340521,5.773035212522506,219.24495923206857,5.714431158523696,8,chip_simple_dx4p545_dy10p000__Lj12p0nH_Cj2p0fF__roL8p5mm__tee_fl160um_fc12_cg1p2um__rpg1p4um,4.77208572646,5.99587669765,5.687584656963348,212.41558975620657,5.693307476185639,0.0007051273959873802,0.04436870417000005,0.023536176650000407,0.08545055555915848,6.829369475861995,0.021123682338056504
SQuADDS_MultiTarget,14,chip_simple_dxm7p273_dy1p818__Lj12p0nH_Cj2p0fF__roL8p5mm__tee_fl160um_fc12_cg1p2um__rpg1p4um,4.72771702229,5.972340521,5.773035212522506,219.24495923206857,5.714431158523696,9,chip_simple_dx0p000_dym6p364__Lj12p0nH_Cj2p0fF__roL8p5mm__tee_fl160um_fc12_cg1p2um__rpg1p4um,4.74288579894,6.03308089793,5.782055475780487,226.2307596859305,5.794067523813237,0.0007196809239017235,0.015168776649999494,0.06074037693000012,0.009020263257980332,6.985800453861941,0.07963636528954154
SQuADDS_MultiTarget,14,chip_simple_dxm7p273_dy1p818__Lj12p0nH_Cj2p0fF__roL8p5mm__tee_fl160um_fc12_cg1p2um__rpg1p4um,4.72771702229,5.972340521,5.773035212522506,219.24495923206857,5.714431158523696,10,chip_simple_dx9p091_dym6p364__Lj12p0nH_Cj2p0fF__roL8p5mm__tee_fl160um_fc12_cg1p2um__rpg1p4um,4.69330723701,5.96815675403,5.833106887407302,226.8800540792516,5.674148599783987,0.0007388211699435269,0.03440978528000027,0.00418376696999978,0.06007167488479581,7.635094847183041,0.040282558739709096
SQuADDS_MultiTarget,15,chip_simple_dxm7p273_dy8p182__Lj12p0nH_Cj2p0fF__roL8p5mm__tee_fl160um_fc12_cg1p2um__rpg1p4um,4.73311969721,6.1823618083,5.650964117544174,249.6016788017964,5.977576415438447,1,chip_simple_dxm2p727_dy3p636__Lj12p0nH_Cj2p0fF__roL8p5mm__tee_fl160um_fc12_cg1p2um__rpg1p4um,4.72771327144,6.17379279793,5.623312453847885,248.72072138405872,5.943747599398507,3.7440155943725686e-05,0.005406425770000389,0.008569010369999575,0.027651663696288686,0.880957417737676,0.03382881603994026
SQuADDS_MultiTarget,15,chip_simple_dxm7p273_dy8p182__Lj12p0nH_Cj2p0fF__roL8p5mm__tee_fl160um_fc12_cg1p2um__rpg1p4um,4.73311969721,6.1823618083,5.650964117544174,249.6016788017964,5.977576415438447,2,chip_simple_dxm3p636_dy4p545__Lj12p0nH_Cj2p0fF__roL8p5mm__tee_fl160um_fc12_cg1p2um__rpg1p4um,4.71363061095,6.14572418614,5.668436658781052,248.2621666113731,5.949051840746841,8.263985805800742e-05,0.01948908626000012,0.03663762215999977,0.017472541236878136,1.3395121904233065,0.028524574691606297
SQuADDS_MultiTarget,15,chip_simple_dxm7p273_dy8p182__Lj12p0nH_Cj2p0fF__roL8p5mm__tee_fl160um_fc12_cg1p2um__rpg1p4um,4.73311969721,6.1823618083,5.650964117544174,249.6016788017964,5.977576415438447,3,chip_simple_dx2p727_dy2p727__Lj12p0nH_Cj2p0fF__roL8p5mm__tee_fl160um_fc12_cg1p2um__rpg1p4um,4.73128014823,6.18706920741,5.709969924663543,252.0300867867861,5.997949180219245,0.00010838154198705907,0.0018395489800004938,0.004707399110000843,0.059005807119369535,2.42840798498969,0.02037276478079786
SQuADDS_MultiTarget,15,chip_simple_dxm7p273_dy8p182__Lj12p0nH_Cj2p0fF__roL8p5mm__tee_fl160um_fc12_cg1p2um__rpg1p4um,4.73311969721,6.1823618083,5.650964117544174,249.6016788017964,5.977576415438447,4,chip_simple_dxm7p273_dym5p455__Lj12p0nH_Cj2p0fF__roL8p5mm__tee_fl160um_fc12_cg1p2um__rpg1p4um,4.73184455751,6.20479563684,5.572578645385742,251.6877216406616,6.007676605765333,0.00015704658170098094,0.0012751397000005937,0.022433828540000533,0.07838547215843139,2.086042838865211,0.030100190326885823
SQuADDS_MultiTarget,15,chip_simple_dxm7p273_dy8p182__Lj12p0nH_Cj2p0fF__roL8p5mm__tee_fl160um_fc12_cg1p2um__rpg1p4um,4.73311969721,6.1823618083,5.650964117544174,249.6016788017964,5.977576415438447,5,chip_simple_dx7p273_dym10p000__Lj12p0nH_Cj2p0fF__roL8p5mm__tee_fl160um_fc12_cg1p2um__rpg1p4um,4.71410593197,6.1449710615,5.722861017044068,249.15509170209992,5.909600201967471,0.0001999126087393124,0.019013765240000424,0.037390746799999874,0.07189689949989475,0.4465870996964725,0.06797621347097582
SQuADDS_MultiTarget,15,chip_simple_dxm7p273_dy8p182__Lj12p0nH_Cj2p0fF__roL8p5mm__tee_fl160um_fc12_cg1p2um__rpg1p4um,4.73311969721,6.1823618083,5.650964117544174,249.6016788017964,5.977576415438447,6,chip_simple_dxm8p182_dym4p545__Lj12p0nH_Cj2p0fF__roL8p5mm__tee_fl160um_fc12_cg1p2um__rpg1p4um,4.73043071526,6.17100144044,5.767042214794159,250.8990176723497,5.986730956844874,0.00022935207656627973,0.0026889819500004464,0.011360367859999165,0.11607809724998575,1.2973388705532898,0.009154541406426908
SQuADDS_MultiTarget,15,chip_simple_dxm7p273_dy8p182__Lj12p0nH_Cj2p0fF__roL8p5mm__tee_fl160um_fc12_cg1p2um__rpg1p4um,4.73311969721,6.1823618083,5.650964117544174,249.6016788017964,5.977576415438447,7,chip_simple_dxm9p091_dy4p545__Lj12p0nH_Cj2p0fF__roL8p5mm__tee_fl160um_fc12_cg1p2um__rpg1p4um,4.70020646758,6.16959521458,5.58720127576828,253.10207266424865,5.941758744245985,0.00023256603929716147,0.032913229630000096,0.012766593719999442,0.06376284177589397,3.500393862452256,0.035817671192462264
SQuADDS_MultiTarget,15,chip_simple_dxm7p273_dy8p182__Lj12p0nH_Cj2p0fF__roL8p5mm__tee_fl160um_fc12_cg1p2um__rpg1p4um,4.73311969721,6.1823618083,5.650964117544174,249.6016788017964,5.977576415438447,8,chip_simple_dxm0p909_dy9p091__Lj12p0nH_Cj2p0fF__roL8p5mm__tee_fl160um_fc12_cg1p2um__rpg1p4um,4.69371229441,6.15775711443,5.5688977525024415,252.0576475169164,5.970794629409332,0.00023966340736135652,0.03940740280000021,0.02460469386999975,0.08206636504173215,2.455968715120008,0.0067817860291148335
SQuADDS_MultiTarget,15,chip_simple_dxm7p273_dy8p182__Lj12p0nH_Cj2p0fF__roL8p5mm__tee_fl160um_fc12_cg1p2um__rpg1p4um,4.73311969721,6.1823618083,5.650964117544174,249.6016788017964,5.977576415438447,9,chip_simple_dx1p818_dym6p364__Lj12p0nH_Cj2p0fF__roL8p5mm__tee_fl160um_fc12_cg1p2um__rpg1p4um,4.69578457731,6.12169403881,5.701926778303146,248.8868694113445,5.9202374263109245,0.00024929024084018015,0.037335119899999825,0.0606677694899993,0.050962660758972156,0.7148093904519044,0.057338989127522666
SQuADDS_MultiTarget,15,chip_simple_dxm7p273_dy8p182__Lj12p0nH_Cj2p0fF__roL8p5mm__tee_fl160um_fc12_cg1p2um__rpg1p4um,4.73311969721,6.1823618083,5.650964117544174,249.6016788017964,5.977576415438447,10,chip_simple_dx9p091_dym4p545__Lj12p0nH_Cj2p0fF__roL8p5mm__tee_fl160um_fc12_cg1p2um__rpg1p4um,4.74298968952,6.21595359683,5.546431172784805,250.5823135991841,6.029204485292758,0.00024998014513791434,0.009869992309999631,0.03359178853000078,0.10453294475936836,0.9806347973876939,0.05162806985431079
SQuADDS_MultiTarget,16,chip_simple_dxm7p273_dy9p091__Lj12p0nH_Cj2p0fF__roL8p5mm__tee_fl160um_fc12_cg1p2um__rpg1p4um,4.72336710509,6.1048577147,5.895831980884552,244.34013210942783,5.873176370681271,1,chip_simple_dxm5p455_dym4p545__Lj12p0nH_Cj2p0fF__roL8p5mm__tee_fl160um_fc12_cg1p2um__rpg1p4um,4.71287290209,6.10521129892,5.888910904247283,246.5344439765854,5.876905965021521,4.6155477732827616e-05,0.010494203000000368,0.0003535842199999806,0.006921076637268264,2.1943118671575803,0.0037295943402497755
SQuADDS_MultiTarget,16,chip_simple_dxm7p273_dy9p091__Lj12p0nH_Cj2p0fF__roL8p5mm__tee_fl160um_fc12_cg1p2um__rpg1p4um,4.72336710509,6.1048577147,5.895831980884552,244.34013210942783,5.873176370681271,2,chip_simple_dxm7p273_dy0p000__Lj12p0nH_Cj2p0fF__roL8p5mm__tee_fl160um_fc12_cg1p2um__rpg1p4um,4.73251374973,6.12333432529,5.90339426124382,245.63052496269063,5.833142733315017,5.090896953785186e-05,0.00914664463999948,0.018476610590000497,0.007562280359268314,1.2903928532628015,0.040033637366254204
SQuADDS_MultiTarget,16,chip_simple_dxm7p273_dy9p091__Lj12p0nH_Cj2p0fF__roL8p5mm__tee_fl160um_fc12_cg1p2um__rpg1p4um,4.72336710509,6.1048577147,5.895831980884552,244.34013210942783,5.873176370681271,3,chip_simple_dx1p818_dy4p545__Lj12p0nH_Cj2p0fF__roL8p5mm__tee_fl160um_fc12_cg1p2um__rpg1p4um,4.71625141136,6.09699178177,5.937363158708572,245.50271805823053,5.844152234649521,5.2270091359165546e-05,0.0071156937300003165,0.007865932929999708,0.04153117782402038,1.1625859488027004,0.029024136031750025
SQuADDS_MultiTarget,16,chip_simple_dxm7p273_dy9p091__Lj12p0nH_Cj2p0fF__roL8p5mm__tee_fl160um_fc12_cg1p2um__rpg1p4um,4.72336710509,6.1048577147,5.895831980884552,244.34013210942783,5.873176370681271,4,chip_simple_dxm1p818_dym6p364__Lj12p0nH_Cj2p0fF__roL8p5mm__tee_fl160um_fc12_cg1p2um__rpg1p4um,4.70406131563,6.08840840714,5.839880111495972,244.66486320628528,5.829489432798142,9.754474069617939e-05,0.01930578946000061,0.016449307559999404,0.05595186938857921,0.32473109685744816,0.043686937883129495
SQuADDS_MultiTarget,16,chip_simple_dxm7p273_dy9p091__Lj12p0nH_Cj2p0fF__roL8p5mm__tee_fl160um_fc12_cg1p2um__rpg1p4um,4.72336710509,6.1048577147,5.895831980884552,244.34013210942783,5.873176370681271,5,chip_simple_dxm7p273_dy2p727__Lj12p0nH_Cj2p0fF__roL8p5mm__tee_fl160um_fc12_cg1p2um__rpg1p4um,4.71160179643,6.11112305572,5.860711649211884,247.21366970382263,5.902975749327858,0.00010702476076520574,0.011765308660000251,0.006265341020000648,0.03512033167266804,2.8735375943948043,0.02979937864658666
SQuADDS_MultiTarget,16,chip_simple_dxm7p273_dy9p091__Lj12p0nH_Cj2p0fF__roL8p5mm__tee_fl160um_fc12_cg1p2um__rpg1p4um,4.72336710509,6.1048577147,5.895831980884552,244.34013210942783,5.873176370681271,6,chip_simple_dxm5p455_dy8p182__Lj12p0nH_Cj2p0fF__roL8p5mm__tee_fl160um_fc12_cg1p2um__rpg1p4um,4.73624038147,6.10517374819,5.883827769510269,241.3915804124541,5.9183738212690695,0.00011192554261980176,0.012873276379999687,0.00031603349000075553,0.012004211374282647,2.9485516969737375,0.045197450587798116
SQuADDS_MultiTarget,16,chip_simple_dxm7p273_dy9p091__Lj12p0nH_Cj2p0fF__roL8p5mm__tee_fl160um_fc12_cg1p2um__rpg1p4um,4.72336710509,6.1048577147,5.895831980884552,244.34013210942783,5.873176370681271,7,chip_simple_dx3p636_dym10p000__Lj12p0nH_Cj2p0fF__roL8p5mm__tee_fl160um_fc12_cg1p2um__rpg1p4um,4.71703014209,6.07430842251,5.908099547199249,240.9557709371328,5.866915155687882,0.00012549930508591023,0.00633696300000075,0.03054929218999991,0.012267566314696943,3.38436117229503,0.006261214993389608
SQuADDS_MultiTarget,16,chip_simple_dxm7p273_dy9p091__Lj12p0nH_Cj2p0fF__roL8p5mm__tee_fl160um_fc12_cg1p2um__rpg1p4um,4.72336710509,6.1048577147,5.895831980884552,244.34013210942783,5.873176370681271,8,chip_simple_dx0p000_dy0p000__Lj12p0nH_Cj2p0fF__roL8p5mm__tee_fl160um_fc12_cg1p2um__rpg1p4um,4.73427745419,6.0988951142,5.960086310180664,242.41626861962845,5.922689635063685,0.0001322090311635943,0.01091034909999955,0.005962600499999304,0.06425432929611219,1.9238634897993734,0.04951326438241388
SQuADDS_MultiTarget,16,chip_simple_dxm7p273_dy9p091__Lj12p0nH_Cj2p0fF__roL8p5mm__tee_fl160um_fc12_cg1p2um__rpg1p4um,4.72336710509,6.1048577147,5.895831980884552,244.34013210942783,5.873176370681271,9,chip_simple_dxm2p727_dym1p818__Lj12p0nH_Cj2p0fF__roL8p5mm__tee_fl160um_fc12_cg1p2um__rpg1p4um,4.69622700406,6.06412595142,5.891033779554367,243.3652986695323,5.803625345471297,0.0001559396222828442,0.02714010103000053,0.04073176327999928,0.004798201330184604,0.9748334398955194,0.06955102520997425
SQuADDS_MultiTarget,16,chip_simple_dxm7p273_dy9p091__Lj12p0nH_Cj2p0fF__roL8p5mm__tee_fl160um_fc12_cg1p2um__rpg1p4um,4.72336710509,6.1048577147,5.895831980884552,244.34013210942783,5.873176370681271,10,chip_simple_dxm1p818_dy5p455__Lj12p0nH_Cj2p0fF__roL8p5mm__tee_fl160um_fc12_cg1p2um__rpg1p4um,4.73603070326,6.09721269024,5.885714801893234,240.218625475818,5.910505601584163,0.00017269035078042923,0.012663598169999624,0.007645024459999483,0.010117178991317921,4.12150663360984,0.0373292309028912
SQuADDS_MultiTarget,17,chip_simple_dxm6p364_dym10p000__Lj12p0nH_Cj2p0fF__roL8p5mm__tee_fl160um_fc12_cg1p2um__rpg1p4um,4.74671380996,6.03991593661,5.848658886358261,227.8865591340732,5.768117311750657,1,chip_simple_dxm7p273_dy10p000__Lj12p0nH_Cj2p0fF__roL8p5mm__tee_fl160um_fc12_cg1p2um__rpg1p4um,4.74112824339,6.0338985905,5.849102284322738,228.0004194267305,5.782595714641922,5.655145203948352e-06,0.005585566569999756,0.006017346110000155,0.0004433979644771213,0.11386029265730713,0.014478402891265674
SQuADDS_MultiTarget,17,chip_simple_dxm6p364_dym10p000__Lj12p0nH_Cj2p0fF__roL8p5mm__tee_fl160um_fc12_cg1p2um__rpg1p4um,4.74671380996,6.03991593661,5.848658886358261,227.8865591340732,5.768117311750657,2,chip_simple_dx3p636_dym4p545__Lj12p0nH_Cj2p0fF__roL8p5mm__tee_fl160um_fc12_cg1p2um__rpg1p4um,4.73608663371,6.03725752393,5.823189326255798,229.1116188550764,5.733624292767639,4.7017352635859926e-05,0.01062717624999987,0.0026584126799997776,0.025469560102463262,1.2250597210031913,0.034493018983017265
SQuADDS_MultiTarget,17,chip_simple_dxm6p364_dym10p000__Lj12p0nH_Cj2p0fF__roL8p5mm__tee_fl160um_fc12_cg1p2um__rpg1p4um,4.74671380996,6.03991593661,5.848658886358261,227.8865591340732,5.768117311750657,3,chip_simple_dxm0p909_dy3p636__Lj12p0nH_Cj2p0fF__roL8p5mm__tee_fl160um_fc12_cg1p2um__rpg1p4um,4.76708578143,6.05717494548,5.881207033082962,226.96865796527132,5.785083974701875,5.4507821734312124e-05,0.020371971469999473,0.01725900886999998,0.03254814672470108,0.9179011688018761,0.016966662951218403
SQuADDS_MultiTarget,17,chip_simple_dxm6p364_dym10p000__Lj12p0nH_Cj2p0fF__roL8p5mm__tee_fl160um_fc12_cg1p2um__rpg1p4um,4.74671380996,6.03991593661,5.848658886358261,227.8865591340732,5.768117311750657,4,chip_simple_dx0p909_dy0p909__Lj12p0nH_Cj2p0fF__roL8p5mm__tee_fl160um_fc12_cg1p2um__rpg1p4um,4.74629473326,6.04239971887,5.894084815874099,229.19790488610408,5.810269347557483,7.359738936987321e-05,0.00041907670000007613,0.0024837822599996784,0.04542592951583835,1.3113457520308884,0.04215203580682658
SQuADDS_MultiTarget,17,chip_simple_dxm6p364_dym10p000__Lj12p0nH_Cj2p0fF__roL8p5mm__tee_fl160um_fc12_cg1p2um__rpg1p4um,4.74671380996,6.03991593661,5.848658886358261,227.8865591340732,5.768117311750657,5,chip_simple_dx0p000_dym6p364__Lj12p0nH_Cj2p0fF__roL8p5mm__tee_fl160um_fc12_cg1p2um__rpg1p4um,4.74288579894,6.03308089793,5.782055475780487,226.2307596859305,5.794067523813237,0.00010328876356103693,0.0038280110200004103,0.006835038680000238,0.06660341057777419,1.6557994481426874,0.025950212062580746
SQuADDS_MultiTarget,17,chip_simple_dxm6p364_dym10p000__Lj12p0nH_Cj2p0fF__roL8p5mm__tee_fl160um_fc12_cg1p2um__rpg1p4um,4.74671380996,6.03991593661,5.848658886358261,227.8865591340732,5.768117311750657,6,chip_simple_dx8p182_dym7p273__Lj12p0nH_Cj2p0fF__roL8p5mm__tee_fl160um_fc12_cg1p2um__rpg1p4um,4.75453402814,6.05826619394,5.752804228256226,227.26530590646345,5.792570418204838,0.00015894915458618158,0.007820218180000005,0.01835025732999984,0.0958546581020352,0.621253227609742,0.02445310645418175
SQuADDS_MultiTarget,17,chip_simple_dxm6p364_dym10p000__Lj12p0nH_Cj2p0fF__roL8p5mm__tee_fl160um_fc12_cg1p2um__rpg1p4um,4.74671380996,6.03991593661,5.848658886358261,227.8865591340732,5.768117311750657,7,chip_simple_dx1p818_dy7p273__Lj12p0nH_Cj2p0fF__roL8p5mm__tee_fl160um_fc12_cg1p2um__rpg1p4um,4.70826655373,5.99263086685,5.863451439090729,228.39791043317305,5.715696208117421,0.0001739082642069976,0.03844725623000045,0.04728506976000002,0.014792552732467712,0.5113512990998572,0.052421103633235155
SQuADDS_MultiTarget,17,chip_simple_dxm6p364_dym10p000__Lj12p0nH_Cj2p0fF__roL8p5mm__tee_fl160um_fc12_cg1p2um__rpg1p4um,4.74671380996,6.03991593661,5.848658886358261,227.8865591340732,5.768117311750657,8,chip_simple_dx5p455_dy9p091__Lj12p0nH_Cj2p0fF__roL8p5mm__tee_fl160um_fc12_cg1p2um__rpg1p4um,4.73434437587,6.01886558958,5.922171247373581,228.427960579758,5.8379166125756985,0.0001739661939754698,0.01236943409000002,0.021050347030000083,0.07351236101531988,0.5414014456848122,0.06979930082504193
SQuADDS_MultiTarget,17,chip_simple_dxm6p364_dym10p000__Lj12p0nH_Cj2p0fF__roL8p5mm__tee_fl160um_fc12_cg1p2um__rpg1p4um,4.74671380996,6.03991593661,5.848658886358261,227.8865591340732,5.768117311750657,9,chip_simple_dx0p000_dym2p727__Lj12p0nH_Cj2p0fF__roL8p5mm__tee_fl160um_fc12_cg1p2um__rpg1p4um,4.72308106304,6.01925382396,5.781981496412277,228.09975736372985,5.690176383635383,0.00019320568840659638,0.023632746919999725,0.020662112650000175,0.06667738994598427,0.2131982296566548,0.07794092811527342
SQuADDS_MultiTarget,17,chip_simple_dxm6p364_dym10p000__Lj12p0nH_Cj2p0fF__roL8p5mm__tee_fl160um_fc12_cg1p2um__rpg1p4um,4.74671380996,6.03991593661,5.848658886358261,227.8865591340732,5.768117311750657,10,chip_simple_dx5p455_dy3p636__Lj12p0nH_Cj2p0fF__roL8p5mm__tee_fl160um_fc12_cg1p2um__rpg1p4um,4.7636678617,6.06553300361,5.938757620286942,230.3360185996995,5.748293753067317,0.00021307506064787652,0.016954051739999976,0.02561706699999977,0.09009873392868073,2.449459465626319,0.019823558683339293
SQuADDS_MultiTarget,18,chip_simple_dxm6p364_dym8p182__Lj12p0nH_Cj2p0fF__roL8p5mm__tee_fl160um_fc12_cg1p2um__rpg1p4um,4.66921934467,5.95957733907,6.531350151489257,244.2974230799728,5.682759542301245,1,chip_simple_dx9p091_dy9p091__Lj12p0nH_Cj2p0fF__roL8p5mm__tee_fl160um_fc12_cg1p2um__rpg1p4um,4.71043253304,6.00858502332,6.520098717010498,243.3943878228609,5.702711731566599,0.0001600110858482558,0.04121318836999954,0.04900768425000024,0.011251434478759315,0.9030352571118954,0.01995218926535447
SQuADDS_MultiTarget,18,chip_simple_dxm6p364_dym8p182__Lj12p0nH_Cj2p0fF__roL8p5mm__tee_fl160um_fc12_cg1p2um__rpg1p4um,4.66921934467,5.95957733907,6.531350151489257,244.2974230799728,5.682759542301245,2,chip_simple_dxm1p818_dym0p909__Lj12p0nH_Cj2p0fF__roL8p5mm__tee_fl160um_fc12_cg1p2um__rpg1p4um,4.70639430606,5.99506656694,6.5980849503116605,243.31746149783123,5.745323603133637,0.00021969995516044513,0.03717496138999987,0.035489227870000306,0.06673479882240319,0.9799615821415557,0.06256406083239252
SQuADDS_MultiTarget,18,chip_simple_dxm6p364_dym8p182__Lj12p0nH_Cj2p0fF__roL8p5mm__tee_fl160um_fc12_cg1p2um__rpg1p4um,4.66921934467,5.95957733907,6.531350151489257,244.2974230799728,5.682759542301245,3,chip_simple_dx4p545_dy8p182__Lj12p0nH_Cj2p0fF__roL8p5mm__tee_fl160um_fc12_cg1p2um__rpg1p4um,4.70036060337,6.01714554975,6.5398732121944425,247.5618554633448,5.735240697540928,0.0002705674246977222,0.031141258699999952,0.0575682106800004,0.00852306070518516,3.264432383372025,0.05248115523968355
SQuADDS_MultiTarget,18,chip_simple_dxm6p364_dym8p182__Lj12p0nH_Cj2p0fF__roL8p5mm__tee_fl160um_fc12_cg1p2um__rpg1p4um,4.66921934467,5.95957733907,6.531350151489257,244.2974230799728,5.682759542301245,4,chip_simple_dxm4p545_dy0p909__Lj12p0nH_Cj2p0fF__roL8p5mm__tee_fl160um_fc12_cg1p2um__rpg1p4um,4.66753639778,5.99187167802,6.510056455795287,249.924203814837,5.720749090470385,0.0003224019353373815,0.0016829468899999256,0.03229433894999989,0.021293695693969994,5.626780734864212,0.03798954816913991
SQuADDS_MultiTarget,18,chip_simple_dxm6p364_dym8p182__Lj12p0nH_Cj2p0fF__roL8p5mm__tee_fl160um_fc12_cg1p2um__rpg1p4um,4.66921934467,5.95957733907,6.531350151489257,244.2974230799728,5.682759542301245,5,chip_simple_dx1p818_dy1p818__Lj12p0nH_Cj2p0fF__roL8p5mm__tee_fl160um_fc12_cg1p2um__rpg1p4um,4.66629595995,5.92142073329,6.557780968717575,238.696006949125,5.62692425316149,0.0003607041649859041,0.0029233847199998664,0.03815660578000024,0.026430817228317416,5.601416130847781,0.055835289139754885
SQuADDS_MultiTarget,18,chip_simple_dxm6p364_dym8p182__Lj12p0nH_Cj2p0fF__roL8p5mm__tee_fl160um_fc12_cg1p2um__rpg1p4um,4.66921934467,5.95957733907,6.531350151489257,244.2974230799728,5.682759542301245,6,chip_simple_dxm3p636_dym3p636__Lj12p0nH_Cj2p0fF__roL8p5mm__tee_fl160um_fc12_cg1p2um__rpg1p4um,4.68717781389,5.97834346452,6.698308181764602,246.63062343353235,5.688222825454348,0.00039750023902642475,0.017958469219999884,0.018766125450000004,0.16695803027534506,2.333200353559562,0.005463283153103404
SQuADDS_MultiTarget,18,chip_simple_dxm6p364_dym8p182__Lj12p0nH_Cj2p0fF__roL8p5mm__tee_fl160um_fc12_cg1p2um__rpg1p4um,4.66921934467,5.95957733907,6.531350151489257,244.2974230799728,5.682759542301245,7,chip_simple_dx9p091_dy10p000__Lj12p0nH_Cj2p0fF__roL8p5mm__tee_fl160um_fc12_cg1p2um__rpg1p4um,4.69926836053,5.96788032666,6.480939449926376,237.9698333652788,5.70456835918075,0.0004159426392524596,0.03004901585999953,0.008302987589999589,0.050410701562880966,6.327589714694,0.02180881687950542
SQuADDS_MultiTarget,18,chip_simple_dxm6p364_dym8p182__Lj12p0nH_Cj2p0fF__roL8p5mm__tee_fl160um_fc12_cg1p2um__rpg1p4um,4.66921934467,5.95957733907,6.531350151489257,244.2974230799728,5.682759542301245,8,chip_simple_dxm5p455_dy5p455__Lj12p0nH_Cj2p0fF__roL8p5mm__tee_fl160um_fc12_cg1p2um__rpg1p4um,4.69664345676,6.00251231895,6.402382590307235,243.11298591036652,5.78257654231619,0.0004473660741776039,0.027424112090000285,0.04293497988000006,0.12896756118202202,1.1844371696062694,0.0998170000149452
SQuADDS_MultiTarget,18,chip_simple_dxm6p364_dym8p182__Lj12p0nH_Cj2p0fF__roL8p5mm__tee_fl160um_fc12_cg1p2um__rpg1p4um,4.66921934467,5.95957733907,6.531350151489257,244.2974230799728,5.682759542301245,9,chip_simple_dx9p091_dym0p909__Lj12p0nH_Cj2p0fF__roL8p5mm__tee_fl160um_fc12_cg1p2um__rpg1p4um,4.69833241253,5.9700084278,6.424561027713775,237.54943824235883,5.679426145956277,0.000557264862622202,0.029113067860000008,0.010431088729999871,0.10678912377548233,6.747984837613956,0.003333396344967987
SQuADDS_MultiTarget,18,chip_simple_dxm6p364_dym8p182__Lj12p0nH_Cj2p0fF__roL8p5mm__tee_fl160um_fc12_cg1p2um__rpg1p4um,4.66921934467,5.95957733907,6.531350151489257,244.2974230799728,5.682759542301245,10,chip_simple_dx2p727_dy9p091__Lj12p0nH_Cj2p0fF__roL8p5mm__tee_fl160um_fc12_cg1p2um__rpg1p4um,4.66405896257,5.9877620988,6.321251501457214,246.19094484973783,5.715712771067524,0.0005878202849975772,0.005160382099999694,0.02818475973000023,0.21009865003204364,1.8935217697650444,0.03295322876627971
SQuADDS_MultiTarget,19,chip_simple_dxm6p364_dy9p091__Lj12p0nH_Cj2p0fF__roL8p5mm__tee_fl160um_fc12_cg1p2um__rpg1p4um,4.74885472292,5.99133385186,5.729373200176239,217.19198862874947,5.68234360614363,1,chip_simple_dx7p273_dy8p182__Lj12p0nH_Cj2p0fF__roL8p5mm__tee_fl160um_fc12_cg1p2um__rpg1p4um,4.72840082103,5.97315210181,5.691267652456284,217.62866557447816,5.647951458913108,7.021516084905528e-05,0.020453901889999848,0.01818175005000011,0.03810554771995456,0.4366769457286921,0.03439214723052153
SQuADDS_MultiTarget,19,chip_simple_dxm6p364_dy9p091__Lj12p0nH_Cj2p0fF__roL8p5mm__tee_fl160um_fc12_cg1p2um__rpg1p4um,4.74885472292,5.99133385186,5.729373200176239,217.19198862874947,5.68234360614363,2,chip_simple_dxm6p364_dym7p273__Lj12p0nH_Cj2p0fF__roL8p5mm__tee_fl160um_fc12_cg1p2um__rpg1p4um,4.75005432934,6.01899043043,5.655702243776322,219.9240164763736,5.705344706711049,0.00019134854447093282,0.0011996064200001655,0.027656578569999368,0.07367095639991739,2.732027847624124,0.023001100567419108
SQuADDS_MultiTarget,19,chip_simple_dxm6p364_dy9p091__Lj12p0nH_Cj2p0fF__roL8p5mm__tee_fl160um_fc12_cg1p2um__rpg1p4um,4.74885472292,5.99133385186,5.729373200176239,217.19198862874947,5.68234360614363,3,chip_simple_dxm4p545_dy9p091__Lj12p0nH_Cj2p0fF__roL8p5mm__tee_fl160um_fc12_cg1p2um__rpg1p4um,4.73257191675,5.96883434545,5.846838404302597,219.15587205568883,5.667058133519072,0.0002805291838413578,0.016282806169999553,0.02249950640999998,0.11746520412635775,1.9638834269393612,0.015285472624557706
SQuADDS_MultiTarget,19,chip_simple_dxm6p364_dy9p091__Lj12p0nH_Cj2p0fF__roL8p5mm__tee_fl160um_fc12_cg1p2um__rpg1p4um,4.74885472292,5.99133385186,5.729373200176239,217.19198862874947,5.68234360614363,4,chip_simple_dx4p545_dy10p000__Lj12p0nH_Cj2p0fF__roL8p5mm__tee_fl160um_fc12_cg1p2um__rpg1p4um,4.77208572646,5.99587669765,5.687584656963348,212.41558975620657,5.693307476185639,0.00029478167831489187,0.023231003540000295,0.004542845789999639,0.04178854321289105,4.776398872542899,0.010963870042009383
SQuADDS_MultiTarget,19,chip_simple_dxm6p364_dy9p091__Lj12p0nH_Cj2p0fF__roL8p5mm__tee_fl160um_fc12_cg1p2um__rpg1p4um,4.74885472292,5.99133385186,5.729373200176239,217.19198862874947,5.68234360614363,5,chip_simple_dxm6p364_dym4p545__Lj12p0nH_Cj2p0fF__roL8p5mm__tee_fl160um_fc12_cg1p2um__rpg1p4um,4.77051294453,5.99784752226,5.875309934732437,216.5912114480181,5.743283944916589,0.0004077185240635374,0.021658221610000084,0.006513670399999505,0.14593673455619793,0.6007771807313702,0.06094033877295946
SQuADDS_MultiTarget,19,chip_simple_dxm6p364_dy9p091__Lj12p0nH_Cj2p0fF__roL8p5mm__tee_fl160um_fc12_cg1p2um__rpg1p4um,4.74885472292,5.99133385186,5.729373200176239,217.19198862874947,5.68234360614363,6,chip_simple_dx0p909_dym3p636__Lj12p0nH_Cj2p0fF__roL8p5mm__tee_fl160um_fc12_cg1p2um__rpg1p4um,4.74299007193,5.97185553704,5.585872956563949,212.43614000136665,5.67605929438614,0.0005661064596700618,0.005864650989999554,0.01947831482000062,0.14350024361228986,4.755848627382818,0.006284311757490002
SQuADDS_MultiTarget,19,chip_simple_dxm6p364_dy9p091__Lj12p0nH_Cj2p0fF__roL8p5mm__tee_fl160um_fc12_cg1p2um__rpg1p4um,4.74885472292,5.99133385186,5.729373200176239,217.19198862874947,5.68234360614363,7,chip_simple_dxm2p727_dym3p636__Lj12p0nH_Cj2p0fF__roL8p5mm__tee_fl160um_fc12_cg1p2um__rpg1p4um,4.76214497172,6.03479088527,5.587802219089507,218.7280150264405,5.793013457094686,0.0005803941615423161,0.013290248799999738,0.04345703340999929,0.1415709810867316,1.5360263976910176,0.11066985095105597
SQuADDS_MultiTarget,19,chip_simple_dxm6p364_dy9p091__Lj12p0nH_Cj2p0fF__roL8p5mm__tee_fl160um_fc12_cg1p2um__rpg1p4um,4.74885472292,5.99133385186,5.729373200176239,217.19198862874947,5.68234360614363,8,chip_simple_dxm4p545_dy1p818__Lj12p0nH_Cj2p0fF__roL8p5mm__tee_fl160um_fc12_cg1p2um__rpg1p4um,4.7912337707,6.04949503992,5.623098915470123,215.8825327452169,5.82735004160752,0.0006896869704321735,0.0423790477799999,0.0581611880599997,0.10627428470611555,1.3094558835325643,0.14500643546389025
SQuADDS_MultiTarget,19,chip_simple_dxm6p364_dy9p091__Lj12p0nH_Cj2p0fF__roL8p5mm__tee_fl160um_fc12_cg1p2um__rpg1p4um,4.74885472292,5.99133385186,5.729373200176239,217.19198862874947,5.68234360614363,9,chip_simple_dx0p000_dym1p818__Lj12p0nH_Cj2p0fF__roL8p5mm__tee_fl160um_fc12_cg1p2um__rpg1p4um,4.77800352664,6.03900127346,5.563499463333129,215.7146221661486,5.782618175352404,0.0006989057396841128,0.02914880372000006,0.047667421599999926,0.16587373684310958,1.4773664626008838,0.10027456920877409
SQuADDS_MultiTarget,19,chip_simple_dxm6p364_dy9p091__Lj12p0nH_Cj2p0fF__roL8p5mm__tee_fl160um_fc12_cg1p2um__rpg1p4um,4.74885472292,5.99133385186,5.729373200176239,217.19198862874947,5.68234360614363,10,chip_simple_dxm9p091_dym0p909__Lj12p0nH_Cj2p0fF__roL8p5mm__tee_fl160um_fc12_cg1p2um__rpg1p4um,4.70861223691,5.97190035235,5.828280176078796,224.2856497209385,5.726841959580289,0.000795365754081626,0.040242486010000356,0.01943349951000073,0.09890697590255737,7.0936610921890235,0.04449835343665942
SQuADDS_MultiTarget,20,chip_simple_dxm5p455_dym10p000__Lj12p0nH_Cj2p0fF__roL8p5mm__tee_fl160um_fc12_cg1p2um__rpg1p4um,4.72643217895,6.07311770522,5.415196464242935,228.4549508946408,5.824557550812046,1,chip_simple_dx6p364_dy7p273__Lj12p0nH_Cj2p0fF__roL8p5mm__tee_fl160um_fc12_cg1p2um__rpg1p4um,4.73212189971,6.07302882801,5.421970001947403,227.40830584937643,5.783914954042914,3.7071157729838066e-05,0.005689720760000405,8.887720999961601e-05,0.006773537704468424,1.0466450452643699,0.040642596769131956
SQuADDS_MultiTarget,20,chip_simple_dxm5p455_dym10p000__Lj12p0nH_Cj2p0fF__roL8p5mm__tee_fl160um_fc12_cg1p2um__rpg1p4um,4.72643217895,6.07311770522,5.415196464242935,228.4549508946408,5.824557550812046,2,chip_simple_dx9p091_dy1p818__Lj12p0nH_Cj2p0fF__roL8p5mm__tee_fl160um_fc12_cg1p2um__rpg1p4um,4.72332163382,6.08397777989,5.362149336601257,229.5526193491085,5.856220715335205,7.793007247984009e-05,0.003110545129999309,0.010860074670000053,0.05304712764167796,1.0976684544677084,0.03166316452315865
SQuADDS_MultiTarget,20,chip_simple_dxm5p455_dym10p000__Lj12p0nH_Cj2p0fF__roL8p5mm__tee_fl160um_fc12_cg1p2um__rpg1p4um,4.72643217895,6.07311770522,5.415196464242935,228.4549508946408,5.824557550812046,3,chip_simple_dx8p182_dy3p636__Lj12p0nH_Cj2p0fF__roL8p5mm__tee_fl160um_fc12_cg1p2um__rpg1p4um,4.74833115983,6.10316137397,5.395294238792419,228.2050160306239,5.868324301832488,8.152382229095904e-05,0.02189898088000053,0.030043668750000307,0.019902225450515232,0.24993486401689324,0.04376675102044203
SQuADDS_MultiTarget,20,chip_simple_dxm5p455_dym10p000__Lj12p0nH_Cj2p0fF__roL8p5mm__tee_fl160um_fc12_cg1p2um__rpg1p4um,4.72643217895,6.07311770522,5.415196464242935,228.4549508946408,5.824557550812046,4,chip_simple_dx7p273_dy0p000__Lj12p0nH_Cj2p0fF__roL8p5mm__tee_fl160um_fc12_cg1p2um__rpg1p4um,4.73285614666,6.06364786636,5.47772784601593,226.8629872413658,5.835642549018717,9.704007101020662e-05,0.006423967709999978,0.009469838859999413,0.06253138177299533,1.5919636532750019,0.011084998206670527
SQuADDS_MultiTarget,20,chip_simple_dxm5p455_dym10p000__Lj12p0nH_Cj2p0fF__roL8p5mm__tee_fl160um_fc12_cg1p2um__rpg1p4um,4.72643217895,6.07311770522,5.415196464242935,228.4549508946408,5.824557550812046,5,chip_simple_dxm7p273_dym8p182__Lj12p0nH_Cj2p0fF__roL8p5mm__tee_fl160um_fc12_cg1p2um__rpg1p4um,4.71799800041,6.08547036476,5.387219844787597,231.5296678046592,5.812898055695297,0.0001132393362378459,0.008434178539999948,0.01235265954000031,0.02797661945533747,3.0747169100183953,0.011659495116749241
SQuADDS_MultiTarget,20,chip_simple_dxm5p455_dym10p000__Lj12p0nH_Cj2p0fF__roL8p5mm__tee_fl160um_fc12_cg1p2um__rpg1p4um,4.72643217895,6.07311770522,5.415196464242935,228.4549508946408,5.824557550812046,6,chip_simple_dxm10p000_dym5p455__Lj12p0nH_Cj2p0fF__roL8p5mm__tee_fl160um_fc12_cg1p2um__rpg1p4um,4.74663028203,6.09244739086,5.497690521795272,229.06180088997965,5.833596212181217,0.00014915917459627258,0.02019810308000025,0.019329685640000704,0.08249405755233763,0.6068499953388482,0.00903866136917042
SQuADDS_MultiTarget,20,chip_simple_dxm5p455_dym10p000__Lj12p0nH_Cj2p0fF__roL8p5mm__tee_fl160um_fc12_cg1p2um__rpg1p4um,4.72643217895,6.07311770522,5.415196464242935,228.4549508946408,5.824557550812046,7,chip_simple_dxm4p545_dy7p273__Lj12p0nH_Cj2p0fF__roL8p5mm__tee_fl160um_fc12_cg1p2um__rpg1p4um,4.72503834706,6.09396858071,5.364709826208115,230.88388505499736,5.8866465937490124,0.00016867124579630506,0.0013938318899997526,0.020850875490000753,0.0504866380348199,2.4289341603565617,0.062089042936966266
SQuADDS_MultiTarget,20,chip_simple_dxm5p455_dym10p000__Lj12p0nH_Cj2p0fF__roL8p5mm__tee_fl160um_fc12_cg1p2um__rpg1p4um,4.72643217895,6.07311770522,5.415196464242935,228.4549508946408,5.824557550812046,8,chip_simple_dx0p909_dym1p818__Lj12p0nH_Cj2p0fF__roL8p5mm__tee_fl160um_fc12_cg1p2um__rpg1p4um,4.74382125763,6.0716485122,5.499687352653504,226.4433546572846,5.834878033029041,0.00017564997740802786,0.017389078679999947,0.0014691930199992598,0.08449088841056973,2.0115962373562013,0.010320482216994442
SQuADDS_MultiTarget,20,chip_simple_dxm5p455_dym10p000__Lj12p0nH_Cj2p0fF__roL8p5mm__tee_fl160um_fc12_cg1p2um__rpg1p4um,4.72643217895,6.07311770522,5.415196464242935,228.4549508946408,5.824557550812046,9,chip_simple_dxm8p182_dy7p273__Lj12p0nH_Cj2p0fF__roL8p5mm__tee_fl160um_fc12_cg1p2um__rpg1p4um,4.73980994773,6.11492139787,5.370422379964828,231.42365600136029,5.863101959116468,0.00019590155048433277,0.013377768780000743,0.04180369265000028,0.044774084278106585,2.968705106719483,0.038544408304422184
SQuADDS_MultiTarget,20,chip_simple_dxm5p455_dym10p000__Lj12p0nH_Cj2p0fF__roL8p5mm__tee_fl160um_fc12_cg1p2um__rpg1p4um,4.72643217895,6.07311770522,5.415196464242935,228.4549508946408,5.824557550812046,10,chip_simple_dxm0p909_dy2p727__Lj12p0nH_Cj2p0fF__roL8p5mm__tee_fl160um_fc12_cg1p2um__rpg1p4um,4.70779688919,6.02364360744,5.465226220020294,225.5217206888144,5.792823970341947,0.000221854005894238,0.01863528975999973,0.04947409777999923,0.05002975577735924,2.9332302058263906,0.031733580470099554
SQuADDS_MultiTarget,21,chip_simple_dxm5p455_dym7p273__Lj12p0nH_Cj2p0fF__roL8p5mm__tee_fl160um_fc12_cg1p2um__rpg1p4um,4.76562279632,6.24196953139,5.150254447881698,240.7444948936074,5.998838755030702,1,chip_simple_dx9p091_dym1p818__Lj12p0nH_Cj2p0fF__roL8p5mm__tee_fl160um_fc12_cg1p2um__rpg1p4um,4.74819591368,6.22592544422,5.092063777423858,240.3890325096089,6.030365991562808,9.870852317442204e-05,0.017426882639999697,0.016044087170000054,0.0581906704578401,0.3554623839984856,0.03152723653210554
SQuADDS_MultiTarget,21,chip_simple_dxm5p455_dym7p273__Lj12p0nH_Cj2p0fF__roL8p5mm__tee_fl160um_fc12_cg1p2um__rpg1p4um,4.76562279632,6.24196953139,5.150254447881698,240.7444948936074,5.998838755030702,2,chip_simple_dxm6p364_dy4p545__Lj12p0nH_Cj2p0fF__roL8p5mm__tee_fl160um_fc12_cg1p2um__rpg1p4um,4.74352808595,6.2301695732,5.073797546504975,241.488305000106,5.998964352979843,0.00014003277117454743,0.022094710369999326,0.011799958189999238,0.0764569013767229,0.7438101064986142,0.00012559794914057676
SQuADDS_MultiTarget,21,chip_simple_dxm5p455_dym7p273__Lj12p0nH_Cj2p0fF__roL8p5mm__tee_fl160um_fc12_cg1p2um__rpg1p4um,4.76562279632,6.24196953139,5.150254447881698,240.7444948936074,5.998838755030702,3,chip_simple_dx6p364_dym0p909__Lj12p0nH_Cj2p0fF__roL8p5mm__tee_fl160um_fc12_cg1p2um__rpg1p4um,4.76652297608,6.20853511611,5.17837090148735,236.1278148828435,6.028991125188209,0.00024013291211242514,0.0009001797600003414,0.03343441527999946,0.028116453605651515,4.6166800107639006,0.030152370157506603
SQuADDS_MultiTarget,21,chip_simple_dxm5p455_dym7p273__Lj12p0nH_Cj2p0fF__roL8p5mm__tee_fl160um_fc12_cg1p2um__rpg1p4um,4.76562279632,6.24196953139,5.150254447881698,240.7444948936074,5.998838755030702,4,chip_simple_dxm10p000_dy7p273__Lj12p0nH_Cj2p0fF__roL8p5mm__tee_fl160um_fc12_cg1p2um__rpg1p4um,4.75999951361,6.22178916275,5.0841642122612,237.2013025682522,6.078326997296887,0.00029027403936163096,0.005623282709999344,0.02018036863999928,0.0660902356204982,3.543192325355193,0.07948824226618534
SQuADDS_MultiTarget,21,chip_simple_dxm5p455_dym7p273__Lj12p0nH_Cj2p0fF__roL8p5mm__tee_fl160um_fc12_cg1p2um__rpg1p4um,4.76562279632,6.24196953139,5.150254447881698,240.7444948936074,5.998838755030702,5,chip_simple_dxm6p364_dym1p818__Lj12p0nH_Cj2p0fF__roL8p5mm__tee_fl160um_fc12_cg1p2um__rpg1p4um,4.73601951856,6.17855243564,5.233884300392151,238.90916206015703,6.012417870973948,0.00030526605872529036,0.029603277759999713,0.06341709574999932,0.08362985251045263,1.8353328334503658,0.013579115943246123
SQuADDS_MultiTarget,21,chip_simple_dxm5p455_dym7p273__Lj12p0nH_Cj2p0fF__roL8p5mm__tee_fl160um_fc12_cg1p2um__rpg1p4um,4.76562279632,6.24196953139,5.150254447881698,240.7444948936074,5.998838755030702,6,chip_simple_dxm8p182_dym6p364__Lj12p0nH_Cj2p0fF__roL8p5mm__tee_fl160um_fc12_cg1p2um__rpg1p4um,4.74965194892,6.20869132521,5.27103725569725,241.6389530940361,6.043633765216636,0.00034943034382148335,0.01597084739999932,0.03327820617999944,0.12078280781555151,0.8944582004287156,0.04479501018593357
SQuADDS_MultiTarget,21,chip_simple_dxm5p455_dym7p273__Lj12p0nH_Cj2p0fF__roL8p5mm__tee_fl160um_fc12_cg1p2um__rpg1p4um,4.76562279632,6.24196953139,5.150254447881698,240.7444948936074,5.998838755030702,7,chip_simple_dx9p091_dym10p000__Lj12p0nH_Cj2p0fF__roL8p5mm__tee_fl160um_fc12_cg1p2um__rpg1p4um,4.74124585961,6.17364141087,5.191116545270919,236.053231103742,5.957930684959158,0.00039057947872231933,0.02437693670999952,0.06832812051999948,0.040862097389220864,4.691263789865388,0.04090807007154407
SQuADDS_MultiTarget,21,chip_simple_dxm5p455_dym7p273__Lj12p0nH_Cj2p0fF__roL8p5mm__tee_fl160um_fc12_cg1p2um__rpg1p4um,4.76562279632,6.24196953139,5.150254447881698,240.7444948936074,5.998838755030702,8,chip_simple_dxm4p545_dym6p364__Lj12p0nH_Cj2p0fF__roL8p5mm__tee_fl160um_fc12_cg1p2um__rpg1p4um,4.74104877837,6.16936058387,5.221749590709687,236.1747219770442,5.96712878511157,0.00045238106363358,0.024574017950000027,0.07260894752000002,0.07149514282798908,4.56977291656321,0.031709969919131886
SQuADDS_MultiTarget,21,chip_simple_dxm5p455_dym7p273__Lj12p0nH_Cj2p0fF__roL8p5mm__tee_fl160um_fc12_cg1p2um__rpg1p4um,4.76562279632,6.24196953139,5.150254447881698,240.7444948936074,5.998838755030702,9,chip_simple_dxm9p091_dym1p818__Lj12p0nH_Cj2p0fF__roL8p5mm__tee_fl160um_fc12_cg1p2um__rpg1p4um,4.76442571482,6.22787098411,5.046186967498779,236.31743027914425,6.075829813333849,0.00046075026164762274,0.0011970814999999746,0.014098547279999707,0.10406748038291891,4.4270646144631485,0.07699105830314679
SQuADDS_MultiTarget,21,chip_simple_dxm5p455_dym7p273__Lj12p0nH_Cj2p0fF__roL8p5mm__tee_fl160um_fc12_cg1p2um__rpg1p4um,4.76562279632,6.24196953139,5.150254447881698,240.7444948936074,5.998838755030702,10,chip_simple_dxm1p818_dym2p727__Lj12p0nH_Cj2p0fF__roL8p5mm__tee_fl160um_fc12_cg1p2um__rpg1p4um,4.72848954954,6.17252809279,5.260969237106323,240.1187954409885,5.943850833343463,0.0004609263048804287,0.03713324677999985,0.0694414385999993,0.11071478922462497,0.6256994526189033,0.054987921687239094
SQuADDS_MultiTarget,22,chip_simple_dxm4p545_dym7p273__Lj12p0nH_Cj2p0fF__roL8p5mm__tee_fl160um_fc12_cg1p2um__rpg1p4um,4.7097511353,6.08178183472,5.842490033834457,242.45745720345244,5.865981699209207,1,chip_simple_dxm1p818_dym6p364__Lj12p0nH_Cj2p0fF__roL8p5mm__tee_fl160um_fc12_cg1p2um__rpg1p4um,4.70406131563,6.08840840714,5.839880111495972,244.66486320628528,5.829489432798142,6.354102089447064e-05,0.005689819670000595,0.0066265724200000875,0.0026099223384843384,2.2074060028328404,0.03649226641106473
SQuADDS_MultiTarget,22,chip_simple_dxm4p545_dym7p273__Lj12p0nH_Cj2p0fF__roL8p5mm__tee_fl160um_fc12_cg1p2um__rpg1p4um,4.7097511353,6.08178183472,5.842490033834457,242.45745720345244,5.865981699209207,2,chip_simple_dx3p636_dym10p000__Lj12p0nH_Cj2p0fF__roL8p5mm__tee_fl160um_fc12_cg1p2um__rpg1p4um,4.71703014209,6.07430842251,5.908099547199249,240.9557709371328,5.866915155687882,8.614495012236519e-05,0.007279006789999265,0.0074734122100004186,0.06560951336479182,1.5016862663196378,0.0009334564786751542
SQuADDS_MultiTarget,22,chip_simple_dxm4p545_dym7p273__Lj12p0nH_Cj2p0fF__roL8p5mm__tee_fl160um_fc12_cg1p2um__rpg1p4um,4.7097511353,6.08178183472,5.842490033834457,242.45745720345244,5.865981699209207,3,chip_simple_dxm2p727_dym1p818__Lj12p0nH_Cj2p0fF__roL8p5mm__tee_fl160um_fc12_cg1p2um__rpg1p4um,4.69622700406,6.06412595142,5.891033779554367,243.3652986695323,5.803625345471297,0.00011470129037427,0.013524131240000514,0.017655883299999786,0.04854374571991027,0.9078414660798728,0.06235635373790949
SQuADDS_MultiTarget,22,chip_simple_dxm4p545_dym7p273__Lj12p0nH_Cj2p0fF__roL8p5mm__tee_fl160um_fc12_cg1p2um__rpg1p4um,4.7097511353,6.08178183472,5.842490033834457,242.45745720345244,5.865981699209207,4,chip_simple_dxm5p455_dy8p182__Lj12p0nH_Cj2p0fF__roL8p5mm__tee_fl160um_fc12_cg1p2um__rpg1p4um,4.73624038147,6.10517374819,5.883827769510269,241.3915804124541,5.9183738212690695,0.00012100608071513668,0.026489246169999703,0.023391913470000247,0.041337735675812226,1.0658767909983453,0.05239212205986288
SQuADDS_MultiTarget,22,chip_simple_dxm4p545_dym7p273__Lj12p0nH_Cj2p0fF__roL8p5mm__tee_fl160um_fc12_cg1p2um__rpg1p4um,4.7097511353,6.08178183472,5.842490033834457,242.45745720345244,5.865981699209207,5,chip_simple_dxm1p818_dy5p455__Lj12p0nH_Cj2p0fF__roL8p5mm__tee_fl160um_fc12_cg1p2um__rpg1p4um,4.73603070326,6.09721269024,5.885714801893234,240.218625475818,5.910505601584163,0.00013637776109065667,0.02627956795999964,0.015430855520000009,0.04322476805877695,2.238831727634448,0.04452390237495596
SQuADDS_MultiTarget,22,chip_simple_dxm4p545_dym7p273__Lj12p0nH_Cj2p0fF__roL8p5mm__tee_fl160um_fc12_cg1p2um__rpg1p4um,4.7097511353,6.08178183472,5.842490033834457,242.45745720345244,5.865981699209207,6,chip_simple_dxm8p182_dym7p273__Lj12p0nH_Cj2p0fF__roL8p5mm__tee_fl160um_fc12_cg1p2um__rpg1p4um,4.68361704435,6.06830164317,5.770869057323456,244.12651063933208,5.830643442935724,0.00015268055096287418,0.0261340909500003,0.013480191550000242,0.07162097651100119,1.669053435879647,0.03533825627348275
SQuADDS_MultiTarget,22,chip_simple_dxm4p545_dym7p273__Lj12p0nH_Cj2p0fF__roL8p5mm__tee_fl160um_fc12_cg1p2um__rpg1p4um,4.7097511353,6.08178183472,5.842490033834457,242.45745720345244,5.865981699209207,7,chip_simple_dxm5p455_dym4p545__Lj12p0nH_Cj2p0fF__roL8p5mm__tee_fl160um_fc12_cg1p2um__rpg1p4um,4.71287290209,6.10521129892,5.888910904247283,246.5344439765854,5.876905965021521,0.00018995565344200556,0.003121766789999647,0.023429464199999472,0.04642087041282661,4.0769867731329725,0.010924265812314538
SQuADDS_MultiTarget,22,chip_simple_dxm4p545_dym7p273__Lj12p0nH_Cj2p0fF__roL8p5mm__tee_fl160um_fc12_cg1p2um__rpg1p4um,4.7097511353,6.08178183472,5.842490033834457,242.45745720345244,5.865981699209207,8,chip_simple_dxm7p273_dy0p000__Lj12p0nH_Cj2p0fF__roL8p5mm__tee_fl160um_fc12_cg1p2um__rpg1p4um,4.73251374973,6.12333432529,5.90339426124382,245.63052496269063,5.833142733315017,0.0002256787006640884,0.022762614429999495,0.04155249056999999,0.06090422740936319,3.1730677592381937,0.03283896589418944
SQuADDS_MultiTarget,22,chip_simple_dxm4p545_dym7p273__Lj12p0nH_Cj2p0fF__roL8p5mm__tee_fl160um_fc12_cg1p2um__rpg1p4um,4.7097511353,6.08178183472,5.842490033834457,242.45745720345244,5.865981699209207,9,chip_simple_dx1p818_dy4p545__Lj12p0nH_Cj2p0fF__roL8p5mm__tee_fl160um_fc12_cg1p2um__rpg1p4um,4.71625141136,6.09699178177,5.937363158708572,245.50271805823053,5.844152234649521,0.00022580425529983324,0.006500276059999699,0.015209947049999784,0.09487312487411526,3.0452608547780926,0.021829464559685263
SQuADDS_MultiTarget,22,chip_simple_dxm4p545_dym7p273__Lj12p0nH_Cj2p0fF__roL8p5mm__tee_fl160um_fc12_cg1p2um__rpg1p4um,4.7097511353,6.08178183472,5.842490033834457,242.45745720345244,5.865981699209207,10,chip_simple_dxm7p273_dy2p727__Lj12p0nH_Cj2p0fF__roL8p5mm__tee_fl160um_fc12_cg1p2um__rpg1p4um,4.71160179643,6.11112305572,5.860711649211884,247.21366970382263,5.902975749327858,0.00024058662557460854,0.0018506611299997644,0.02934122100000014,0.018221615377426836,4.7562125003701965,0.03699405011865142
SQuADDS_MultiTarget,23,chip_simple_dxm4p545_dym1p818__Lj12p0nH_Cj2p0fF__roL8p5mm__tee_fl160um_fc12_cg1p2um__rpg1p4um,4.74292533778,5.97835964817,6.083748388401031,222.98783488414,5.742140076411933,1,chip_simple_dx9p091_dy2p727__Lj12p0nH_Cj2p0fF__roL8p5mm__tee_fl160um_fc12_cg1p2um__rpg1p4um,4.73573589761,5.98065811264,6.137298337150574,225.8565206861277,5.714952670110322,0.00013514413130468982,0.0071894401700003385,0.002298464469999928,0.05354994874954233,2.8686858019877093,0.02718740630161065
SQuADDS_MultiTarget,23,chip_simple_dxm4p545_dym1p818__Lj12p0nH_Cj2p0fF__roL8p5mm__tee_fl160um_fc12_cg1p2um__rpg1p4um,4.74292533778,5.97835964817,6.083748388401031,222.98783488414,5.742140076411933,2,chip_simple_dx1p818_dym9p091__Lj12p0nH_Cj2p0fF__roL8p5mm__tee_fl160um_fc12_cg1p2um__rpg1p4um,4.73395858035,5.98672827489,5.994751743192673,224.6710358694394,5.7112226948008775,0.00015551595566981824,0.008966757429999639,0.008368626720000272,0.0889966452083586,1.6832009852994076,0.030917381611055283
SQuADDS_MultiTarget,23,chip_simple_dxm4p545_dym1p818__Lj12p0nH_Cj2p0fF__roL8p5mm__tee_fl160um_fc12_cg1p2um__rpg1p4um,4.74292533778,5.97835964817,6.083748388401031,222.98783488414,5.742140076411933,3,chip_simple_dx2p727_dy3p636__Lj12p0nH_Cj2p0fF__roL8p5mm__tee_fl160um_fc12_cg1p2um__rpg1p4um,4.74429494791,5.9687577148,6.039171265787124,220.3138057061849,5.653802310643351,0.00021974464981052493,0.0013696101300002539,0.009601933369999927,0.044577122613906894,2.6740291779551058,0.08833776576858199
SQuADDS_MultiTarget,23,chip_simple_dxm4p545_dym1p818__Lj12p0nH_Cj2p0fF__roL8p5mm__tee_fl160um_fc12_cg1p2um__rpg1p4um,4.74292533778,5.97835964817,6.083748388401031,222.98783488414,5.742140076411933,4,chip_simple_dxm5p455_dym8p182__Lj12p0nH_Cj2p0fF__roL8p5mm__tee_fl160um_fc12_cg1p2um__rpg1p4um,4.71323634559,5.96308581689,6.014703723955154,225.4138802593673,5.645748272445109,0.00031019207139358884,0.029688992189999652,0.015273831280000039,0.06904466444587687,2.4260453752272895,0.09639180396682345
SQuADDS_MultiTarget,23,chip_simple_dxm4p545_dym1p818__Lj12p0nH_Cj2p0fF__roL8p5mm__tee_fl160um_fc12_cg1p2um__rpg1p4um,4.74292533778,5.97835964817,6.083748388401031,222.98783488414,5.742140076411933,5,chip_simple_dxm4p545_dym10p000__Lj12p0nH_Cj2p0fF__roL8p5mm__tee_fl160um_fc12_cg1p2um__rpg1p4um,4.76556599406,6.03553476768,6.061428066526413,227.34392053119063,5.756743616673724,0.00031502480113465505,0.022640656280000115,0.057175119510000094,0.022320321874618188,4.356085647050634,0.014603540261791004
SQuADDS_MultiTarget,23,chip_simple_dxm4p545_dym1p818__Lj12p0nH_Cj2p0fF__roL8p5mm__tee_fl160um_fc12_cg1p2um__rpg1p4um,4.74292533778,5.97835964817,6.083748388401031,222.98783488414,5.742140076411933,6,chip_simple_dxm0p909_dy4p545__Lj12p0nH_Cj2p0fF__roL8p5mm__tee_fl160um_fc12_cg1p2um__rpg1p4um,4.7332354087,5.97981485633,6.195107574489593,227.38497188220632,5.728661585836097,0.000368936109061031,0.009689929080000326,0.001455208160000332,0.11135918608856166,4.3971369980663155,0.013478490575836055
SQuADDS_MultiTarget,23,chip_simple_dxm4p545_dym1p818__Lj12p0nH_Cj2p0fF__roL8p5mm__tee_fl160um_fc12_cg1p2um__rpg1p4um,4.74292533778,5.97835964817,6.083748388401031,222.98783488414,5.742140076411933,7,chip_simple_dxm4p545_dym9p091__Lj12p0nH_Cj2p0fF__roL8p5mm__tee_fl160um_fc12_cg1p2um__rpg1p4um,4.69773021733,5.95687180339,6.086008621444702,228.9567271397228,5.6533002689778415,0.0005817305814009638,0.04519512044999985,0.02148784477999932,0.00226023304367029,5.9688922555828015,0.08883980743409126
SQuADDS_MultiTarget,23,chip_simple_dxm4p545_dym1p818__Lj12p0nH_Cj2p0fF__roL8p5mm__tee_fl160um_fc12_cg1p2um__rpg1p4um,4.74292533778,5.97835964817,6.083748388401031,222.98783488414,5.742140076411933,8,chip_simple_dxm10p000_dy9p091__Lj12p0nH_Cj2p0fF__roL8p5mm__tee_fl160um_fc12_cg1p2um__rpg1p4um,4.73431310321,5.9588117706,5.945221753843307,219.04223037505847,5.629570893196313,0.0006219265615766703,0.008612234570000155,0.019547877569999983,0.1385266345577243,3.9456045090815337,0.11256918321562015
SQuADDS_MultiTarget,23,chip_simple_dxm4p545_dym1p818__Lj12p0nH_Cj2p0fF__roL8p5mm__tee_fl160um_fc12_cg1p2um__rpg1p4um,4.74292533778,5.97835964817,6.083748388401031,222.98783488414,5.742140076411933,9,chip_simple_dx3p636_dy10p000__Lj12p0nH_Cj2p0fF__roL8p5mm__tee_fl160um_fc12_cg1p2um__rpg1p4um,4.75276132751,6.0254162175,6.153329925121307,230.03465147640503,5.771482613463284,0.0006440545069390392,0.009835989729999994,0.047056569330000464,0.06958153672027567,7.046816592265031,0.02934253705135159
SQuADDS_MultiTarget,23,chip_simple_dxm4p545_dym1p818__Lj12p0nH_Cj2p0fF__roL8p5mm__tee_fl160um_fc12_cg1p2um__rpg1p4um,4.74292533778,5.97835964817,6.083748388401031,222.98783488414,5.742140076411933,10,chip_simple_dx1p818_dym1p818__Lj12p0nH_Cj2p0fF__roL8p5mm__tee_fl160um_fc12_cg1p2um__rpg1p4um,4.72149319155,6.00383369896,5.970341072605133,229.6082734110952,5.650635763318174,0.0007800296226209858,0.02143214623000045,0.025474050790000646,0.11340731579589836,6.620438526955212,0.0915043130937585
SQuADDS_MultiTarget,24,chip_simple_dxm4p545_dym0p909__Lj12p0nH_Cj2p0fF__roL8p5mm__tee_fl160um_fc12_cg1p2um__rpg1p4um,4.69458502276,6.15728792637,5.449536513744354,249.05568225684863,5.917296642686106,1,chip_simple_dxm6p364_dy10p000__Lj12p0nH_Cj2p0fF__roL8p5mm__tee_fl160um_fc12_cg1p2um__rpg1p4um,4.70012816843,6.17641107636,5.466408747419357,251.32112428887777,5.929765561427265,5.942279241668832e-05,0.005543145669999916,0.019123149989999533,0.016872233675003123,2.265442032029142,0.01246891874115974
SQuADDS_MultiTarget,24,chip_simple_dxm4p545_dym0p909__Lj12p0nH_Cj2p0fF__roL8p5mm__tee_fl160um_fc12_cg1p2um__rpg1p4um,4.69458502276,6.15728792637,5.449536513744354,249.05568225684863,5.917296642686106,2,chip_simple_dxm6p364_dy2p727__Lj12p0nH_Cj2p0fF__roL8p5mm__tee_fl160um_fc12_cg1p2um__rpg1p4um,4.69381999507,6.14208387603,5.425729793823242,246.2806752541244,5.919433779171552,7.7804700120193e-05,0.0007650276899999753,0.015204050340000386,0.023806719921111608,2.7750070027242373,0.0021371364854463337
SQuADDS_MultiTarget,24,chip_simple_dxm4p545_dym0p909__Lj12p0nH_Cj2p0fF__roL8p5mm__tee_fl160um_fc12_cg1p2um__rpg1p4um,4.69458502276,6.15728792637,5.449536513744354,249.05568225684863,5.917296642686106,3,chip_simple_dx0p000_dym10p000__Lj12p0nH_Cj2p0fF__roL8p5mm__tee_fl160um_fc12_cg1p2um__rpg1p4um,4.72617335759,6.18783165048,5.473578181682586,247.93824058661983,5.979999407972001,0.00014582237279220166,0.031588334829999454,0.030543724109999282,0.02404166793823226,1.1174416702288,0.0627027652858958
SQuADDS_MultiTarget,24,chip_simple_dxm4p545_dym0p909__Lj12p0nH_Cj2p0fF__roL8p5mm__tee_fl160um_fc12_cg1p2um__rpg1p4um,4.69458502276,6.15728792637,5.449536513744354,249.05568225684863,5.917296642686106,4,chip_simple_dxm0p909_dym0p909__Lj12p0nH_Cj2p0fF__roL8p5mm__tee_fl160um_fc12_cg1p2um__rpg1p4um,4.68632924459,6.17134248768,5.411161615444184,252.1794734270908,5.976285666069374,0.0001614440257750043,0.008255778169999672,0.014054561309999158,0.03837489830016949,3.1237911702421854,0.05898902338326817
SQuADDS_MultiTarget,24,chip_simple_dxm4p545_dym0p909__Lj12p0nH_Cj2p0fF__roL8p5mm__tee_fl160um_fc12_cg1p2um__rpg1p4um,4.69458502276,6.15728792637,5.449536513744354,249.05568225684863,5.917296642686106,5,chip_simple_dxm3p636_dym6p364__Lj12p0nH_Cj2p0fF__roL8p5mm__tee_fl160um_fc12_cg1p2um__rpg1p4um,4.69919145175,6.17226446551,5.555493060129165,252.9426854633619,5.946935337018482,0.0003302312739112964,0.004606428989999856,0.01497653913999919,0.10595654638481111,3.8870032065132705,0.029638694332376758
SQuADDS_MultiTarget,24,chip_simple_dxm4p545_dym0p909__Lj12p0nH_Cj2p0fF__roL8p5mm__tee_fl160um_fc12_cg1p2um__rpg1p4um,4.69458502276,6.15728792637,5.449536513744354,249.05568225684863,5.917296642686106,6,chip_simple_dx0p000_dy8p182__Lj12p0nH_Cj2p0fF__roL8p5mm__tee_fl160um_fc12_cg1p2um__rpg1p4um,4.66459917098,6.11256654579,5.540656121810913,250.4325233233085,5.83856908361424,0.00033712858157832414,0.02998585178000024,0.044721380580000414,0.09111960806655883,1.3768410664598605,0.0787275590718659
SQuADDS_MultiTarget,24,chip_simple_dxm4p545_dym0p909__Lj12p0nH_Cj2p0fF__roL8p5mm__tee_fl160um_fc12_cg1p2um__rpg1p4um,4.69458502276,6.15728792637,5.449536513744354,249.05568225684863,5.917296642686106,7,chip_simple_dxm0p909_dy9p091__Lj12p0nH_Cj2p0fF__roL8p5mm__tee_fl160um_fc12_cg1p2um__rpg1p4um,4.69371229441,6.15775711443,5.5688977525024415,252.0576475169164,5.970794629409332,0.0003534227317647765,0.0008727283500000738,0.0004691880599994036,0.11936123875808757,3.0019652600677773,0.05349798672322681
SQuADDS_MultiTarget,24,chip_simple_dxm4p545_dym0p909__Lj12p0nH_Cj2p0fF__roL8p5mm__tee_fl160um_fc12_cg1p2um__rpg1p4um,4.69458502276,6.15728792637,5.449536513744354,249.05568225684863,5.917296642686106,8,chip_simple_dx1p818_dy9p091__Lj12p0nH_Cj2p0fF__roL8p5mm__tee_fl160um_fc12_cg1p2um__rpg1p4um,4.69496856783,6.12283227216,5.541488399610519,245.5961565570783,5.835966686470624,0.00036460460547623364,0.00038354507000004645,0.0344556542100003,0.0919518858661652,3.4595256997703245,0.08132995621548123
SQuADDS_MultiTarget,24,chip_simple_dxm4p545_dym0p909__Lj12p0nH_Cj2p0fF__roL8p5mm__tee_fl160um_fc12_cg1p2um__rpg1p4um,4.69458502276,6.15728792637,5.449536513744354,249.05568225684863,5.917296642686106,9,chip_simple_dx10p000_dym8p182__Lj12p0nH_Cj2p0fF__roL8p5mm__tee_fl160um_fc12_cg1p2um__rpg1p4um,4.7278291272,6.203667918,5.357714031663894,247.43915307278945,5.999006200112647,0.0003652421726963484,0.03324410443999959,0.046379991629999395,0.09182248208045962,1.616529184059175,0.0817095574265414
SQuADDS_MultiTarget,24,chip_simple_dxm4p545_dym0p909__Lj12p0nH_Cj2p0fF__roL8p5mm__tee_fl160um_fc12_cg1p2um__rpg1p4um,4.69458502276,6.15728792637,5.449536513744354,249.05568225684863,5.917296642686106,10,chip_simple_dx1p818_dym3p636__Lj12p0nH_Cj2p0fF__roL8p5mm__tee_fl160um_fc12_cg1p2um__rpg1p4um,4.7002658343,6.11919403433,5.529006472345352,243.631041324958,5.866922254374302,0.00041950962546676365,0.005680811539999553,0.03809389204000002,0.07946995860099815,5.424640931890622,0.05037438831180374
SQuADDS_MultiTarget,25,chip_simple_dxm4p545_dy10p000__Lj12p0nH_Cj2p0fF__roL8p5mm__tee_fl160um_fc12_cg1p2um__rpg1p4um,4.70035054504,5.95896819038,5.994867300113678,227.0458030761218,5.61260875016549,1,chip_simple_dxm5p455_dym8p182__Lj12p0nH_Cj2p0fF__roL8p5mm__tee_fl160um_fc12_cg1p2um__rpg1p4um,4.71323634559,5.96308581689,6.014703723955154,225.4138802593673,5.645748272445109,5.672995705180863e-05,0.012885800550000326,0.004117626509999361,0.019836423841476325,1.6319228167545248,0.033139522279618916
SQuADDS_MultiTarget,25,chip_simple_dxm4p545_dy10p000__Lj12p0nH_Cj2p0fF__roL8p5mm__tee_fl160um_fc12_cg1p2um__rpg1p4um,4.70035054504,5.95896819038,5.994867300113678,227.0458030761218,5.61260875016549,2,chip_simple_dxm5p455_dy3p636__Lj12p0nH_Cj2p0fF__roL8p5mm__tee_fl160um_fc12_cg1p2um__rpg1p4um,4.6806586803,5.94773988714,5.929093812995911,228.0843136587244,5.632615521196046,9.810432971100719e-05,0.019691864740000398,0.011228303240000237,0.06577348711776665,1.0385105826025836,0.02000677103055537
SQuADDS_MultiTarget,25,chip_simple_dxm4p545_dy10p000__Lj12p0nH_Cj2p0fF__roL8p5mm__tee_fl160um_fc12_cg1p2um__rpg1p4um,4.70035054504,5.95896819038,5.994867300113678,227.0458030761218,5.61260875016549,3,chip_simple_dx1p818_dym1p818__Lj12p0nH_Cj2p0fF__roL8p5mm__tee_fl160um_fc12_cg1p2um__rpg1p4um,4.72149319155,6.00383369896,5.970341072605133,229.6082734110952,5.650635763318174,0.00017192951467953193,0.02114264650999953,0.044865508580000046,0.024526227508545162,2.5624703349733977,0.038027013152683864
SQuADDS_MultiTarget,25,chip_simple_dxm4p545_dy10p000__Lj12p0nH_Cj2p0fF__roL8p5mm__tee_fl160um_fc12_cg1p2um__rpg1p4um,4.70035054504,5.95896819038,5.994867300113678,227.0458030761218,5.61260875016549,4,chip_simple_dxm4p545_dym9p091__Lj12p0nH_Cj2p0fF__roL8p5mm__tee_fl160um_fc12_cg1p2um__rpg1p4um,4.69773021733,5.95687180339,6.086008621444702,228.9567271397228,5.6533002689778415,0.0001777034468963342,0.00262032770999987,0.002096386989999921,0.09114132133102348,1.9109240636009872,0.04069151881235111
SQuADDS_MultiTarget,25,chip_simple_dxm4p545_dy10p000__Lj12p0nH_Cj2p0fF__roL8p5mm__tee_fl160um_fc12_cg1p2um__rpg1p4um,4.70035054504,5.95896819038,5.994867300113678,227.0458030761218,5.61260875016549,5,chip_simple_dx1p818_dym9p091__Lj12p0nH_Cj2p0fF__roL8p5mm__tee_fl160um_fc12_cg1p2um__rpg1p4um,4.73395858035,5.98672827489,5.994751743192673,224.6710358694394,5.7112226948008775,0.00028187973251526846,0.03360803531000034,0.027760084509999672,0.00011555692100539972,2.3747672066824066,0.09861394463538709
SQuADDS_MultiTarget,25,chip_simple_dxm4p545_dy10p000__Lj12p0nH_Cj2p0fF__roL8p5mm__tee_fl160um_fc12_cg1p2um__rpg1p4um,4.70035054504,5.95896819038,5.994867300113678,227.0458030761218,5.61260875016549,6,chip_simple_dx9p091_dym6p364__Lj12p0nH_Cj2p0fF__roL8p5mm__tee_fl160um_fc12_cg1p2um__rpg1p4um,4.69330723701,5.96815675403,5.833106887407302,226.8800540792516,5.674148599783987,0.00042904568838838804,0.007043308030000084,0.009188563649999537,0.16176041270637587,0.1657489968702066,0.061539849618496234
SQuADDS_MultiTarget,25,chip_simple_dxm4p545_dy10p000__Lj12p0nH_Cj2p0fF__roL8p5mm__tee_fl160um_fc12_cg1p2um__rpg1p4um,4.70035054504,5.95896819038,5.994867300113678,227.0458030761218,5.61260875016549,7,chip_simple_dxm3p636_dy0p000__Lj12p0nH_Cj2p0fF__roL8p5mm__tee_fl160um_fc12_cg1p2um__rpg1p4um,4.70838073554,5.99696765617,5.903114487281799,229.85254512138803,5.729679412558419,0.0004546563423768015,0.008030190499999534,0.037999465789999576,0.09175281283187875,2.806742045266219,0.11707066239292896
SQuADDS_MultiTarget,25,chip_simple_dxm4p545_dy10p000__Lj12p0nH_Cj2p0fF__roL8p5mm__tee_fl160um_fc12_cg1p2um__rpg1p4um,4.70035054504,5.95896819038,5.994867300113678,227.0458030761218,5.61260875016549,8,chip_simple_dx1p818_dy7p273__Lj12p0nH_Cj2p0fF__roL8p5mm__tee_fl160um_fc12_cg1p2um__rpg1p4um,4.70826655373,5.99263086685,5.863451439090729,228.39791043317305,5.715696208117421,0.0004614300473122344,0.007916008689999643,0.03366267646999965,0.13141586102294944,1.3521073570512385,0.10308745795193097
SQuADDS_MultiTarget,25,chip_simple_dxm4p545_dy10p000__Lj12p0nH_Cj2p0fF__roL8p5mm__tee_fl160um_fc12_cg1p2um__rpg1p4um,4.70035054504,5.95896819038,5.994867300113678,227.0458030761218,5.61260875016549,9,chip_simple_dx0p000_dy3p636__Lj12p0nH_Cj2p0fF__roL8p5mm__tee_fl160um_fc12_cg1p2um__rpg1p4um,4.70597831203,5.97410979195,6.13302826451683,230.9917126460824,5.688203723513988,0.0005151866311326391,0.005627766990000005,0.015141601569999885,0.13816096440315206,3.945909569960577,0.07559497334849752
SQuADDS_MultiTarget,25,chip_simple_dxm4p545_dy10p000__Lj12p0nH_Cj2p0fF__roL8p5mm__tee_fl160um_fc12_cg1p2um__rpg1p4um,4.70035054504,5.95896819038,5.994867300113678,227.0458030761218,5.61260875016549,10,chip_simple_dx9p091_dy2p727__Lj12p0nH_Cj2p0fF__roL8p5mm__tee_fl160um_fc12_cg1p2um__rpg1p4um,4.73573589761,5.98065811264,6.137298337150574,225.8565206861277,5.714952670110322,0.0005321339013378771,0.03538535256999964,0.021689922259999328,0.14243103703689552,1.189282389994105,0.10234391994483172
SQuADDS_MultiTarget,26,chip_simple_dxm2p727_dym10p000__Lj12p0nH_Cj2p0fF__roL8p5mm__tee_fl160um_fc12_cg1p2um__rpg1p4um,4.75122729983,6.105353526,5.623504064191818,232.89882366879075,5.88978910347455,1,chip_simple_dx10p000_dy5p455__Lj12p0nH_Cj2p0fF__roL8p5mm__tee_fl160um_fc12_cg1p2um__rpg1p4um,4.77056794082,6.12645084226,5.640998436819077,232.61451725199908,5.931445691824671,5.9106525340346494e-05,0.019340640990000324,0.021097316259999666,0.017494372627258947,0.28430641679167934,0.041656588350121204
SQuADDS_MultiTarget,26,chip_simple_dxm2p727_dym10p000__Lj12p0nH_Cj2p0fF__roL8p5mm__tee_fl160um_fc12_cg1p2um__rpg1p4um,4.75122729983,6.105353526,5.623504064191818,232.89882366879075,5.88978910347455,2,chip_simple_dxm0p909_dym4p545__Lj12p0nH_Cj2p0fF__roL8p5mm__tee_fl160um_fc12_cg1p2um__rpg1p4um,4.73152601443,6.08098781521,5.6054915347919465,232.6416415790713,5.819711093719061,0.00010964450255602777,0.019701285400000046,0.024365710789999717,0.01801252939987119,0.2571820897194641,0.07007800975548939
SQuADDS_MultiTarget,26,chip_simple_dxm2p727_dym10p000__Lj12p0nH_Cj2p0fF__roL8p5mm__tee_fl160um_fc12_cg1p2um__rpg1p4um,4.75122729983,6.105353526,5.623504064191818,232.89882366879075,5.88978910347455,3,chip_simple_dxm5p455_dym5p455__Lj12p0nH_Cj2p0fF__roL8p5mm__tee_fl160um_fc12_cg1p2um__rpg1p4um,4.73470923401,6.08624842403,5.670676468399048,234.1906472022272,5.826739823305008,0.00012974161211435752,0.016518065819999705,0.01910510197000015,0.04717240420723012,1.2918235334364567,0.06304928016954214
SQuADDS_MultiTarget,26,chip_simple_dxm2p727_dym10p000__Lj12p0nH_Cj2p0fF__roL8p5mm__tee_fl160um_fc12_cg1p2um__rpg1p4um,4.75122729983,6.105353526,5.623504064191818,232.89882366879075,5.88978910347455,4,chip_simple_dx9p091_dym3p636__Lj12p0nH_Cj2p0fF__roL8p5mm__tee_fl160um_fc12_cg1p2um__rpg1p4um,4.74768350608,6.11192641656,5.676827084125518,235.79656019646745,5.912170509194911,0.00013129342851091443,0.003543793750000468,0.006572890560000211,0.0533230199337007,2.897736527676699,0.022381405720360625
SQuADDS_MultiTarget,26,chip_simple_dxm2p727_dym10p000__Lj12p0nH_Cj2p0fF__roL8p5mm__tee_fl160um_fc12_cg1p2um__rpg1p4um,4.75122729983,6.105353526,5.623504064191818,232.89882366879075,5.88978910347455,5,chip_simple_dxm2p727_dy1p818__Lj12p0nH_Cj2p0fF__roL8p5mm__tee_fl160um_fc12_cg1p2um__rpg1p4um,4.74603018436,6.11585771515,5.539317374271392,233.78375966019303,5.921034401913258,0.00013750476090172,0.00519711546999968,0.010504189149999732,0.08418668992042555,0.8849359914022727,0.031245298438707714
SQuADDS_MultiTarget,26,chip_simple_dxm2p727_dym10p000__Lj12p0nH_Cj2p0fF__roL8p5mm__tee_fl160um_fc12_cg1p2um__rpg1p4um,4.75122729983,6.105353526,5.623504064191818,232.89882366879075,5.88978910347455,6,chip_simple_dx5p455_dy10p000__Lj12p0nH_Cj2p0fF__roL8p5mm__tee_fl160um_fc12_cg1p2um__rpg1p4um,4.76274116066,6.11721103757,5.712053706623077,234.31572975750703,5.908680685836695,0.00015726854231452273,0.011513860830000056,0.011857511569999701,0.08854964243125973,1.4169060887162743,0.018891582362145165
SQuADDS_MultiTarget,26,chip_simple_dxm2p727_dym10p000__Lj12p0nH_Cj2p0fF__roL8p5mm__tee_fl160um_fc12_cg1p2um__rpg1p4um,4.75122729983,6.105353526,5.623504064191818,232.89882366879075,5.88978910347455,7,chip_simple_dx8p182_dy2p727__Lj12p0nH_Cj2p0fF__roL8p5mm__tee_fl160um_fc12_cg1p2um__rpg1p4um,4.74852684297,6.13036381413,5.567534519544601,236.22808127869936,5.910382801372927,0.00017491735173457348,0.002700456860000422,0.025010288129999836,0.055969544647216374,3.329257609908609,0.020593697898377172
SQuADDS_MultiTarget,26,chip_simple_dxm2p727_dym10p000__Lj12p0nH_Cj2p0fF__roL8p5mm__tee_fl160um_fc12_cg1p2um__rpg1p4um,4.75122729983,6.105353526,5.623504064191818,232.89882366879075,5.88978910347455,8,chip_simple_dxm6p364_dy5p455__Lj12p0nH_Cj2p0fF__roL8p5mm__tee_fl160um_fc12_cg1p2um__rpg1p4um,4.74714722938,6.10190388125,5.5239915411624905,230.99470980116783,5.886184494438364,0.00019123614499585547,0.004080070449999695,0.0034496447499998695,0.09951252302932723,1.9041138676229252,0.0036046090361860905
SQuADDS_MultiTarget,26,chip_simple_dxm2p727_dym10p000__Lj12p0nH_Cj2p0fF__roL8p5mm__tee_fl160um_fc12_cg1p2um__rpg1p4um,4.75122729983,6.105353526,5.623504064191818,232.89882366879075,5.88978910347455,9,chip_simple_dxm7p273_dy5p455__Lj12p0nH_Cj2p0fF__roL8p5mm__tee_fl160um_fc12_cg1p2um__rpg1p4um,4.75652798608,6.12426292642,5.515357702396392,232.49421244469767,5.917856707186027,0.00020861939500196007,0.00530068625000002,0.01890940042000011,0.10814636179542614,0.40461122409308814,0.02806760371147643
SQuADDS_MultiTarget,26,chip_simple_dxm2p727_dym10p000__Lj12p0nH_Cj2p0fF__roL8p5mm__tee_fl160um_fc12_cg1p2um__rpg1p4um,4.75122729983,6.105353526,5.623504064191818,232.89882366879075,5.88978910347455,10,chip_simple_dx1p818_dy10p000__Lj12p0nH_Cj2p0fF__roL8p5mm__tee_fl160um_fc12_cg1p2um__rpg1p4um,4.76456970698,6.12469469811,5.715602728620529,235.17172413097128,5.857749191271262,0.0002144491233644222,0.01334240714999968,0.01934117210999986,0.09209866442871117,2.27290046218053,0.03203991220328817
SQuADDS_MultiTarget,27,chip_simple_dxm2p727_dym9p091__Lj12p0nH_Cj2p0fF__roL8p5mm__tee_fl160um_fc12_cg1p2um__rpg1p4um,4.72015103762,6.02686116111,5.63770322990036,227.05641480493912,5.701718662415321,1,chip_simple_dx1p818_dym10p000__Lj12p0nH_Cj2p0fF__roL8p5mm__tee_fl160um_fc12_cg1p2um__rpg1p4um,4.71825339915,6.0249810499,5.668253818870544,227.73903094203945,5.741519544932768,4.382447501693957e-05,0.0018976384700000182,0.0018801112100002015,0.03055058897018359,0.6826161371003252,0.03980088251744629
SQuADDS_MultiTarget,27,chip_simple_dxm2p727_dym9p091__Lj12p0nH_Cj2p0fF__roL8p5mm__tee_fl160um_fc12_cg1p2um__rpg1p4um,4.72015103762,6.02686116111,5.63770322990036,227.05641480493912,5.701718662415321,2,chip_simple_dxm3p636_dy8p182__Lj12p0nH_Cj2p0fF__roL8p5mm__tee_fl160um_fc12_cg1p2um__rpg1p4um,4.73729832468,6.03809876203,5.615429738752365,224.8091277096963,5.742262433762976,9.874005988202719e-05,0.017147287060000238,0.01123760091999948,0.022273491147995372,2.247287095242825,0.040543771347654634
SQuADDS_MultiTarget,27,chip_simple_dxm2p727_dym9p091__Lj12p0nH_Cj2p0fF__roL8p5mm__tee_fl160um_fc12_cg1p2um__rpg1p4um,4.72015103762,6.02686116111,5.63770322990036,227.05641480493912,5.701718662415321,3,chip_simple_dxm0p909_dy7p273__Lj12p0nH_Cj2p0fF__roL8p5mm__tee_fl160um_fc12_cg1p2um__rpg1p4um,4.70613110667,5.99730794943,5.718138606563568,226.7890078045864,5.726349608257517,0.00014467110008465993,0.014019930949999981,0.02955321168000058,0.08043537666320777,0.26740700035273335,0.02463094584219583
SQuADDS_MultiTarget,27,chip_simple_dxm2p727_dym9p091__Lj12p0nH_Cj2p0fF__roL8p5mm__tee_fl160um_fc12_cg1p2um__rpg1p4um,4.72015103762,6.02686116111,5.63770322990036,227.05641480493912,5.701718662415321,4,chip_simple_dxm3p636_dym4p545__Lj12p0nH_Cj2p0fF__roL8p5mm__tee_fl160um_fc12_cg1p2um__rpg1p4um,4.74235488793,6.04534109441,5.723736058847427,227.1294815057925,5.7373862078713325,0.00016758579936221928,0.022203850310000384,0.018479933300000084,0.08603282894706688,0.07306670085338851,0.03566754545601114
SQuADDS_MultiTarget,27,chip_simple_dxm2p727_dym9p091__Lj12p0nH_Cj2p0fF__roL8p5mm__tee_fl160um_fc12_cg1p2um__rpg1p4um,4.72015103762,6.02686116111,5.63770322990036,227.05641480493912,5.701718662415321,5,chip_simple_dxm1p818_dy0p909__Lj12p0nH_Cj2p0fF__roL8p5mm__tee_fl160um_fc12_cg1p2um__rpg1p4um,4.73247725261,6.06032547334,5.647781850090027,230.0219004377902,5.758222245971617,0.0001736404345123287,0.012326214989999862,0.03346431222999957,0.010078620189666765,2.9654856328510846,0.05650358355629592
SQuADDS_MultiTarget,27,chip_simple_dxm2p727_dym9p091__Lj12p0nH_Cj2p0fF__roL8p5mm__tee_fl160um_fc12_cg1p2um__rpg1p4um,4.72015103762,6.02686116111,5.63770322990036,227.05641480493912,5.701718662415321,6,chip_simple_dxm5p455_dy7p273__Lj12p0nH_Cj2p0fF__roL8p5mm__tee_fl160um_fc12_cg1p2um__rpg1p4um,4.7550557353,6.0689882308,5.697021401802063,227.79860249670247,5.765618099955324,0.00022703623828935227,0.03490469768000004,0.04212706968999935,0.059318171901702854,0.7421876917633483,0.0638994375400026
SQuADDS_MultiTarget,27,chip_simple_dxm2p727_dym9p091__Lj12p0nH_Cj2p0fF__roL8p5mm__tee_fl160um_fc12_cg1p2um__rpg1p4um,4.72015103762,6.02686116111,5.63770322990036,227.05641480493912,5.701718662415321,7,chip_simple_dxm6p364_dym9p091__Lj12p0nH_Cj2p0fF__roL8p5mm__tee_fl160um_fc12_cg1p2um__rpg1p4um,4.71233913521,6.02901270922,5.663697428594589,229.5055713320909,5.813836152709171,0.0002650036641244451,0.007811902410000293,0.0021515481099996236,0.02599419869422892,2.4491565271517857,0.11211749029384954
SQuADDS_MultiTarget,27,chip_simple_dxm2p727_dym9p091__Lj12p0nH_Cj2p0fF__roL8p5mm__tee_fl160um_fc12_cg1p2um__rpg1p4um,4.72015103762,6.02686116111,5.63770322990036,227.05641480493912,5.701718662415321,8,chip_simple_dx0p000_dym2p727__Lj12p0nH_Cj2p0fF__roL8p5mm__tee_fl160um_fc12_cg1p2um__rpg1p4um,4.72308106304,6.01925382396,5.781981496412277,228.09975736372985,5.690176383635383,0.0003420518606455208,0.002930025420000426,0.007607337150000504,0.14427826651191644,1.0433425587907266,0.011542278779938187
SQuADDS_MultiTarget,27,chip_simple_dxm2p727_dym9p091__Lj12p0nH_Cj2p0fF__roL8p5mm__tee_fl160um_fc12_cg1p2um__rpg1p4um,4.72015103762,6.02686116111,5.63770322990036,227.05641480493912,5.701718662415321,9,chip_simple_dxm5p455_dy4p545__Lj12p0nH_Cj2p0fF__roL8p5mm__tee_fl160um_fc12_cg1p2um__rpg1p4um,4.73477972348,6.05163166502,5.542912740110397,226.10829519663807,5.807693664303362,0.0003492943035618324,0.01462868585999999,0.02477050391000013,0.09479048978996296,0.9481196083010559,0.10597500188804077
SQuADDS_MultiTarget,27,chip_simple_dxm2p727_dym9p091__Lj12p0nH_Cj2p0fF__roL8p5mm__tee_fl160um_fc12_cg1p2um__rpg1p4um,4.72015103762,6.02686116111,5.63770322990036,227.05641480493912,5.701718662415321,10,chip_simple_dx8p182_dym4p545__Lj12p0nH_Cj2p0fF__roL8p5mm__tee_fl160um_fc12_cg1p2um__rpg1p4um,4.71494974134,6.02611343627,5.731930271121978,229.83680963166307,5.802565180291682,0.000372294492191224,0.005201296280000101,0.0007477248400000747,0.09422704122161818,2.780394826723949,0.10084651787636023
SQuADDS_MultiTarget,28,chip_simple_dxm2p727_dym6p364__Lj12p0nH_Cj2p0fF__roL8p5mm__tee_fl160um_fc12_cg1p2um__rpg1p4um,4.60341040304,5.94990007975,6.526389731407165,257.4646182502716,5.655704714947341,1,chip_simple_dx1p818_dym4p545__Lj12p0nH_Cj2p0fF__roL8p5mm__tee_fl160um_fc12_cg1p2um__rpg1p4um,4.67611044409,6.03156277056,6.628282534339904,257.2605786746093,5.725714977797822,0.0006365888998613868,0.07270004105000005,0.08166269081,0.10189280293273928,0.20403957566230702,0.07001026285048084
SQuADDS_MultiTarget,28,chip_simple_dxm2p727_dym6p364__Lj12p0nH_Cj2p0fF__roL8p5mm__tee_fl160um_fc12_cg1p2um__rpg1p4um,4.60341040304,5.94990007975,6.526389731407165,257.4646182502716,5.655704714947341,2,chip_simple_dxm4p545_dy0p909__Lj12p0nH_Cj2p0fF__roL8p5mm__tee_fl160um_fc12_cg1p2um__rpg1p4um,4.66753639778,5.99187167802,6.510056455795287,249.924203814837,5.720749090470385,0.0007419431092800748,0.06412599474000036,0.041971598269999966,0.016333275611877696,7.540414435434599,0.06504437552304321
SQuADDS_MultiTarget,28,chip_simple_dxm2p727_dym6p364__Lj12p0nH_Cj2p0fF__roL8p5mm__tee_fl160um_fc12_cg1p2um__rpg1p4um,4.60341040304,5.94990007975,6.526389731407165,257.4646182502716,5.655704714947341,3,chip_simple_dxm3p636_dy9p091__Lj12p0nH_Cj2p0fF__roL8p5mm__tee_fl160um_fc12_cg1p2um__rpg1p4um,4.62084919539,5.95705478637,6.328790958219528,250.74156710024863,5.650228638303578,0.0008155423933498124,0.01743879235000012,0.007154706619999729,0.19759877318763674,6.723051150022968,0.00547607664376315
SQuADDS_MultiTarget,28,chip_simple_dxm2p727_dym6p364__Lj12p0nH_Cj2p0fF__roL8p5mm__tee_fl160um_fc12_cg1p2um__rpg1p4um,4.60341040304,5.94990007975,6.526389731407165,257.4646182502716,5.655704714947341,4,chip_simple_dx4p545_dy6p364__Lj12p0nH_Cj2p0fF__roL8p5mm__tee_fl160um_fc12_cg1p2um__rpg1p4um,4.68114499951,6.0318748635,6.469165927145004,253.01853558838943,5.78555994133082,0.000926092501476961,0.07773459647000003,0.08197478374999978,0.05722380426216134,4.446082661882173,0.12985522638347824
SQuADDS_MultiTarget,28,chip_simple_dxm2p727_dym6p364__Lj12p0nH_Cj2p0fF__roL8p5mm__tee_fl160um_fc12_cg1p2um__rpg1p4um,4.60341040304,5.94990007975,6.526389731407165,257.4646182502716,5.655704714947341,5,chip_simple_dx6p364_dy8p182__Lj12p0nH_Cj2p0fF__roL8p5mm__tee_fl160um_fc12_cg1p2um__rpg1p4um,4.68815638567,6.01539640302,6.651202537282943,252.1465005767916,5.735438248599257,0.0009556557779974761,0.08474598263000033,0.06549632326999966,0.12481280587577803,5.318117673480003,0.0797335336519156
SQuADDS_MultiTarget,28,chip_simple_dxm2p727_dym6p364__Lj12p0nH_Cj2p0fF__roL8p5mm__tee_fl160um_fc12_cg1p2um__rpg1p4um,4.60341040304,5.94990007975,6.526389731407165,257.4646182502716,5.655704714947341,6,chip_simple_dx3p636_dym6p364__Lj12p0nH_Cj2p0fF__roL8p5mm__tee_fl160um_fc12_cg1p2um__rpg1p4um,4.66828138852,6.04703662438,6.612629444187164,261.5727515261907,5.795748305248993,0.0009862816068824472,0.06487098547999981,0.09713654462999965,0.08623971277999853,4.108133275919101,0.14004359030165148
SQuADDS_MultiTarget,28,chip_simple_dxm2p727_dym6p364__Lj12p0nH_Cj2p0fF__roL8p5mm__tee_fl160um_fc12_cg1p2um__rpg1p4um,4.60341040304,5.94990007975,6.526389731407165,257.4646182502716,5.655704714947341,7,chip_simple_dxm10p000_dym1p818__Lj12p0nH_Cj2p0fF__roL8p5mm__tee_fl160um_fc12_cg1p2um__rpg1p4um,4.65858122614,6.01234045492,6.319054457366943,251.70355065904783,5.749348826520186,0.001145814031970848,0.0551708231000001,0.06244037517000045,0.20733527404022212,5.761067591223764,0.09364411157284458
SQuADDS_MultiTarget,28,chip_simple_dxm2p727_dym6p364__Lj12p0nH_Cj2p0fF__roL8p5mm__tee_fl160um_fc12_cg1p2um__rpg1p4um,4.60341040304,5.94990007975,6.526389731407165,257.4646182502716,5.655704714947341,8,chip_simple_dx7p273_dym4p545__Lj12p0nH_Cj2p0fF__roL8p5mm__tee_fl160um_fc12_cg1p2um__rpg1p4um,4.66062735172,6.05659827963,6.401618414894104,260.52038403940827,5.824373347039268,0.0011739498116617067,0.057216948679999824,0.10669819988000029,0.12477131651306106,3.0557657891366716,0.16866863209192662
SQuADDS_MultiTarget,28,chip_simple_dxm2p727_dym6p364__Lj12p0nH_Cj2p0fF__roL8p5mm__tee_fl160um_fc12_cg1p2um__rpg1p4um,4.60341040304,5.94990007975,6.526389731407165,257.4646182502716,5.655704714947341,9,chip_simple_dxm3p636_dym2p727__Lj12p0nH_Cj2p0fF__roL8p5mm__tee_fl160um_fc12_cg1p2um__rpg1p4um,4.67568933524,6.05467155576,6.318260186975479,255.19867414634712,5.7406067779067245,0.001216507520986879,0.07227893220000059,0.10477147600999981,0.20812954443168596,2.2659441039244825,0.08490206295938307
SQuADDS_MultiTarget,28,chip_simple_dxm2p727_dym6p364__Lj12p0nH_Cj2p0fF__roL8p5mm__tee_fl160um_fc12_cg1p2um__rpg1p4um,4.60341040304,5.94990007975,6.526389731407165,257.4646182502716,5.655704714947341,10,chip_simple_dxm2p727_dy7p273__Lj12p0nH_Cj2p0fF__roL8p5mm__tee_fl160um_fc12_cg1p2um__rpg1p4um,4.64565792942,5.94593779992,6.813675192602157,252.5467836425057,5.640825470466488,0.0012393921516629276,0.04224752638000062,0.003962279829999638,0.2872854611949922,4.917834607765911,0.014879244480852982
SQuADDS_MultiTarget,29,chip_simple_dxm2p727_dym4p545__Lj12p0nH_Cj2p0fF__roL8p5mm__tee_fl160um_fc12_cg1p2um__rpg1p4um,4.74980651086,6.09022137188,5.5267328888435365,228.6746087658278,5.875417349924537,1,chip_simple_dxm10p000_dym5p455__Lj12p0nH_Cj2p0fF__roL8p5mm__tee_fl160um_fc12_cg1p2um__rpg1p4um,4.74663028203,6.09244739086,5.497690521795272,229.06180088997965,5.833596212181217,4.1154019559166914e-05,0.0031762288300001273,0.0022260189800000774,0.02904236704826424,0.3871921241518521,0.04182113774332041
SQuADDS_MultiTarget,29,chip_simple_dxm2p727_dym4p545__Lj12p0nH_Cj2p0fF__roL8p5mm__tee_fl160um_fc12_cg1p2um__rpg1p4um,4.74980651086,6.09022137188,5.5267328888435365,228.6746087658278,5.875417349924537,2,chip_simple_dxm6p364_dy5p455__Lj12p0nH_Cj2p0fF__roL8p5mm__tee_fl160um_fc12_cg1p2um__rpg1p4um,4.74714722938,6.10190388125,5.5239915411624905,230.99470980116783,5.886184494438364,5.726454316176184e-05,0.00265928147999972,0.011682509369999927,0.002741347681046058,2.3201010353400306,0.010767144513827098
SQuADDS_MultiTarget,29,chip_simple_dxm2p727_dym4p545__Lj12p0nH_Cj2p0fF__roL8p5mm__tee_fl160um_fc12_cg1p2um__rpg1p4um,4.74980651086,6.09022137188,5.5267328888435365,228.6746087658278,5.875417349924537,3,chip_simple_dx3p636_dy2p727__Lj12p0nH_Cj2p0fF__roL8p5mm__tee_fl160um_fc12_cg1p2um__rpg1p4um,4.7695153084,6.10276815564,5.564971743753433,227.5127877530553,5.861853039357804,6.0968743109072455e-05,0.01970879753999988,0.012546783759999514,0.038238854909896425,1.1618210127724922,0.013564310566732907
SQuADDS_MultiTarget,29,chip_simple_dxm2p727_dym4p545__Lj12p0nH_Cj2p0fF__roL8p5mm__tee_fl160um_fc12_cg1p2um__rpg1p4um,4.74980651086,6.09022137188,5.5267328888435365,228.6746087658278,5.875417349924537,4,chip_simple_dxm5p455_dym3p636__Lj12p0nH_Cj2p0fF__roL8p5mm__tee_fl160um_fc12_cg1p2um__rpg1p4um,4.77861395761,6.11699498856,5.515590421457291,226.9690980462932,5.881045293305209,8.641395428221094e-05,0.028807446750000132,0.02677361667999989,0.011142467386245691,1.705510719534601,0.0056279433806718515
SQuADDS_MultiTarget,29,chip_simple_dxm2p727_dym4p545__Lj12p0nH_Cj2p0fF__roL8p5mm__tee_fl160um_fc12_cg1p2um__rpg1p4um,4.74980651086,6.09022137188,5.5267328888435365,228.6746087658278,5.875417349924537,5,chip_simple_dx0p909_dym1p818__Lj12p0nH_Cj2p0fF__roL8p5mm__tee_fl160um_fc12_cg1p2um__rpg1p4um,4.74382125763,6.0716485122,5.499687352653504,226.4433546572846,5.834878033029041,9.426814789685519e-05,0.005985253230000431,0.018572859679999887,0.027045536190032138,2.2312541085431974,0.04053931689549639
SQuADDS_MultiTarget,29,chip_simple_dxm2p727_dym4p545__Lj12p0nH_Cj2p0fF__roL8p5mm__tee_fl160um_fc12_cg1p2um__rpg1p4um,4.74980651086,6.09022137188,5.5267328888435365,228.6746087658278,5.875417349924537,6,chip_simple_dx8p182_dym0p909__Lj12p0nH_Cj2p0fF__roL8p5mm__tee_fl160um_fc12_cg1p2um__rpg1p4um,4.73453222964,6.07916206739,5.5368717016582485,230.278664506644,5.804701724358442,0.00011235436596821794,0.015274281219999963,0.01105930448999981,0.010138812814711962,1.604055740816193,0.07071562556609479
SQuADDS_MultiTarget,29,chip_simple_dxm2p727_dym4p545__Lj12p0nH_Cj2p0fF__roL8p5mm__tee_fl160um_fc12_cg1p2um__rpg1p4um,4.74980651086,6.09022137188,5.5267328888435365,228.6746087658278,5.875417349924537,7,chip_simple_dx7p273_dy0p000__Lj12p0nH_Cj2p0fF__roL8p5mm__tee_fl160um_fc12_cg1p2um__rpg1p4um,4.73285614666,6.06364786636,5.47772784601593,226.8629872413658,5.835642549018717,0.0001253802775297844,0.0169503642000004,0.02657350552000004,0.04900504282760654,1.811621524461998,0.03977480090582031
SQuADDS_MultiTarget,29,chip_simple_dxm2p727_dym4p545__Lj12p0nH_Cj2p0fF__roL8p5mm__tee_fl160um_fc12_cg1p2um__rpg1p4um,4.74980651086,6.09022137188,5.5267328888435365,228.6746087658278,5.875417349924537,8,chip_simple_dx7p273_dy7p273__Lj12p0nH_Cj2p0fF__roL8p5mm__tee_fl160um_fc12_cg1p2um__rpg1p4um,4.77632474172,6.11603268543,5.46948547539711,226.2400590105068,5.898415113466635,0.00016711191998834902,0.026518230859999825,0.025811313549999326,0.0572474134464267,2.434549755321001,0.02299776354209815
SQuADDS_MultiTarget,29,chip_simple_dxm2p727_dym4p545__Lj12p0nH_Cj2p0fF__roL8p5mm__tee_fl160um_fc12_cg1p2um__rpg1p4um,4.74980651086,6.09022137188,5.5267328888435365,228.6746087658278,5.875417349924537,9,chip_simple_dxm8p182_dy4p545__Lj12p0nH_Cj2p0fF__roL8p5mm__tee_fl160um_fc12_cg1p2um__rpg1p4um,4.72472338379,6.07232041902,5.541016860761642,231.3279258836254,5.809423706845696,0.00017026278523364437,0.025083127070000266,0.01790095285999982,0.01428397191810582,2.6533171177975987,0.06599364307884059
SQuADDS_MultiTarget,29,chip_simple_dxm2p727_dym4p545__Lj12p0nH_Cj2p0fF__roL8p5mm__tee_fl160um_fc12_cg1p2um__rpg1p4um,4.74980651086,6.09022137188,5.5267328888435365,228.6746087658278,5.875417349924537,10,chip_simple_dxm7p273_dym1p818__Lj12p0nH_Cj2p0fF__roL8p5mm__tee_fl160um_fc12_cg1p2um__rpg1p4um,4.76438654102,6.12161083912,5.439724164207458,228.93417802659692,5.912665026004023,0.00018065126842262645,0.014580030160000312,0.03138946723999947,0.08700872463607823,0.25956926076912623,0.037247676079486425
SQuADDS_MultiTarget,30,chip_simple_dxm2p727_dym0p909__Lj12p0nH_Cj2p0fF__roL8p5mm__tee_fl160um_fc12_cg1p2um__rpg1p4um,4.67072704929,6.033110391,6.3982936910362245,254.17679291960144,5.72023740726515,1,chip_simple_dx6p364_dym8p182__Lj12p0nH_Cj2p0fF__roL8p5mm__tee_fl160um_fc12_cg1p2um__rpg1p4um,4.68289685799,6.03950968128,6.342246218194961,251.4677802258079,5.7350158185845,0.0001064142461223339,0.012169808700000395,0.006399290280000081,0.056047472841263435,2.7090126937935395,0.01477841131935076
SQuADDS_MultiTarget,30,chip_simple_dxm2p727_dym0p909__Lj12p0nH_Cj2p0fF__roL8p5mm__tee_fl160um_fc12_cg1p2um__rpg1p4um,4.67072704929,6.033110391,6.3982936910362245,254.17679291960144,5.72023740726515,2,chip_simple_dxm3p636_dym2p727__Lj12p0nH_Cj2p0fF__roL8p5mm__tee_fl160um_fc12_cg1p2um__rpg1p4um,4.67568933524,6.05467155576,6.318260186975479,255.19867414634712,5.7406067779067245,0.00010655473676947655,0.004962285950000478,0.021561164759999585,0.08003350406074539,1.021881226745677,0.020369370641574847
SQuADDS_MultiTarget,30,chip_simple_dxm2p727_dym0p909__Lj12p0nH_Cj2p0fF__roL8p5mm__tee_fl160um_fc12_cg1p2um__rpg1p4um,4.67072704929,6.033110391,6.3982936910362245,254.17679291960144,5.72023740726515,3,chip_simple_dx4p545_dy6p364__Lj12p0nH_Cj2p0fF__roL8p5mm__tee_fl160um_fc12_cg1p2um__rpg1p4um,4.68114499951,6.0318748635,6.469165927145004,253.01853558838943,5.78555994133082,0.00014194976107575043,0.010417950219999916,0.001235527500000444,0.07087223610877924,1.1582573312120132,0.06532253406567001
SQuADDS_MultiTarget,30,chip_simple_dxm2p727_dym0p909__Lj12p0nH_Cj2p0fF__roL8p5mm__tee_fl160um_fc12_cg1p2um__rpg1p4um,4.67072704929,6.033110391,6.3982936910362245,254.17679291960144,5.72023740726515,4,chip_simple_dxm10p000_dym1p818__Lj12p0nH_Cj2p0fF__roL8p5mm__tee_fl160um_fc12_cg1p2um__rpg1p4um,4.65858122614,6.01234045492,6.319054457366943,251.70355065904783,5.749348826520186,0.00015559144949596216,0.012145823150000012,0.020769936079999773,0.07923923366928154,2.4732422605536044,0.029111419255036353
SQuADDS_MultiTarget,30,chip_simple_dxm2p727_dym0p909__Lj12p0nH_Cj2p0fF__roL8p5mm__tee_fl160um_fc12_cg1p2um__rpg1p4um,4.67072704929,6.033110391,6.3982936910362245,254.17679291960144,5.72023740726515,5,chip_simple_dx7p273_dym3p636__Lj12p0nH_Cj2p0fF__roL8p5mm__tee_fl160um_fc12_cg1p2um__rpg1p4um,4.65586186884,6.04211101025,6.308590197654723,257.18686837855205,5.818673028469142,0.0003288184719893901,0.014865180450000182,0.009000619250000064,0.08970349338150108,3.0100754589506096,0.09843562120399252
SQuADDS_MultiTarget,30,chip_simple_dxm2p727_dym0p909__Lj12p0nH_Cj2p0fF__roL8p5mm__tee_fl160um_fc12_cg1p2um__rpg1p4um,4.67072704929,6.033110391,6.3982936910362245,254.17679291960144,5.72023740726515,6,chip_simple_dxm4p545_dy0p909__Lj12p0nH_Cj2p0fF__roL8p5mm__tee_fl160um_fc12_cg1p2um__rpg1p4um,4.66753639778,5.99187167802,6.510056455795287,249.924203814837,5.720749090470385,0.0003397120156777771,0.0031906515099997534,0.04123871298000026,0.11176276475906288,4.252589104764439,0.0005116832052349807
SQuADDS_MultiTarget,30,chip_simple_dxm2p727_dym0p909__Lj12p0nH_Cj2p0fF__roL8p5mm__tee_fl160um_fc12_cg1p2um__rpg1p4um,4.67072704929,6.033110391,6.3982936910362245,254.17679291960144,5.72023740726515,7,chip_simple_dx10p000_dym3p636__Lj12p0nH_Cj2p0fF__roL8p5mm__tee_fl160um_fc12_cg1p2um__rpg1p4um,4.70070496194,6.04487004836,6.44764097164917,250.48907377671824,5.824760812131007,0.0003469264806269491,0.029977912649999716,0.011759657359999842,0.049347280612945355,3.6877191428831964,0.10452340486585765
SQuADDS_MultiTarget,30,chip_simple_dxm2p727_dym0p909__Lj12p0nH_Cj2p0fF__roL8p5mm__tee_fl160um_fc12_cg1p2um__rpg1p4um,4.67072704929,6.033110391,6.3982936910362245,254.17679291960144,5.72023740726515,8,chip_simple_dxm5p455_dy6p364__Lj12p0nH_Cj2p0fF__roL8p5mm__tee_fl160um_fc12_cg1p2um__rpg1p4um,4.7062138106,6.06522709251,6.311736516672134,250.0218379600024,5.815405762039038,0.0004495738780490247,0.0354867613100005,0.03211670150999968,0.08655717436409027,4.154954959599053,0.09516835477388863
SQuADDS_MultiTarget,30,chip_simple_dxm2p727_dym0p909__Lj12p0nH_Cj2p0fF__roL8p5mm__tee_fl160um_fc12_cg1p2um__rpg1p4um,4.67072704929,6.033110391,6.3982936910362245,254.17679291960144,5.72023740726515,9,chip_simple_dx1p818_dym0p909__Lj12p0nH_Cj2p0fF__roL8p5mm__tee_fl160um_fc12_cg1p2um__rpg1p4um,4.67045299221,6.02263130277,6.254178175308227,249.60885360509675,5.769639685358345,0.00045546809748186687,0.00027405707999950124,0.010479088230000322,0.1441155157279974,4.5679393145046845,0.049402278093195306
SQuADDS_MultiTarget,30,chip_simple_dxm2p727_dym0p909__Lj12p0nH_Cj2p0fF__roL8p5mm__tee_fl160um_fc12_cg1p2um__rpg1p4um,4.67072704929,6.033110391,6.3982936910362245,254.17679291960144,5.72023740726515,10,chip_simple_dx7p273_dym4p545__Lj12p0nH_Cj2p0fF__roL8p5mm__tee_fl160um_fc12_cg1p2um__rpg1p4um,4.66062735172,6.05659827963,6.401618414894104,260.52038403940827,5.824373347039268,0.0004971111626454358,0.010099697570000288,0.023487888630000064,0.003324723857879519,6.343591119806831,0.10413593977411839
SQuADDS_MultiTarget,31,chip_simple_dxm1p818_dym9p091__Lj12p0nH_Cj2p0fF__roL8p5mm__tee_fl160um_fc12_cg1p2um__rpg1p4um,4.74969784785,6.2030248277,5.352145627542496,242.6223832530139,6.0075688817595525,1,chip_simple_dxm8p182_dy2p727__Lj12p0nH_Cj2p0fF__roL8p5mm__tee_fl160um_fc12_cg1p2um__rpg1p4um,4.74905682439,6.19457611211,5.409443262643814,242.78883490510103,6.0021454172131445,5.982052224713699e-05,0.0006410234600000564,0.008448715590000155,0.05729763510131747,0.16645165208711887,0.005423464546407963
SQuADDS_MultiTarget,31,chip_simple_dxm1p818_dym9p091__Lj12p0nH_Cj2p0fF__roL8p5mm__tee_fl160um_fc12_cg1p2um__rpg1p4um,4.74969784785,6.2030248277,5.352145627542496,242.6223832530139,6.0075688817595525,2,chip_simple_dxm3p636_dy5p455__Lj12p0nH_Cj2p0fF__roL8p5mm__tee_fl160um_fc12_cg1p2um__rpg1p4um,4.73355235582,6.19906730127,5.355365528022766,245.4102411439443,6.010259557626816,7.82593769262756e-05,0.016145492030000597,0.0039575264299998025,0.003219900480269544,2.7878578909303826,0.002690675867263792
SQuADDS_MultiTarget,31,chip_simple_dxm1p818_dym9p091__Lj12p0nH_Cj2p0fF__roL8p5mm__tee_fl160um_fc12_cg1p2um__rpg1p4um,4.74969784785,6.2030248277,5.352145627542496,242.6223832530139,6.0075688817595525,3,chip_simple_dxm3p636_dy3p636__Lj12p0nH_Cj2p0fF__roL8p5mm__tee_fl160um_fc12_cg1p2um__rpg1p4um,4.72242714711,6.18673541231,5.336548379825592,245.26485810969444,5.972626156449373,0.00012033380433152181,0.02727070073999993,0.016289415390000173,0.015597247716904405,2.6424748566805363,0.034942725310179945
SQuADDS_MultiTarget,31,chip_simple_dxm1p818_dym9p091__Lj12p0nH_Cj2p0fF__roL8p5mm__tee_fl160um_fc12_cg1p2um__rpg1p4um,4.74969784785,6.2030248277,5.352145627542496,242.6223832530139,6.0075688817595525,4,chip_simple_dxm8p182_dym6p364__Lj12p0nH_Cj2p0fF__roL8p5mm__tee_fl160um_fc12_cg1p2um__rpg1p4um,4.74965194892,6.20869132521,5.27103725569725,241.6389530940361,6.043633765216636,0.00014189620408658384,4.5898929999843574e-05,0.005666497510000035,0.08110837184524655,0.9834301589777965,0.03606488345708314
SQuADDS_MultiTarget,31,chip_simple_dxm1p818_dym9p091__Lj12p0nH_Cj2p0fF__roL8p5mm__tee_fl160um_fc12_cg1p2um__rpg1p4um,4.74969784785,6.2030248277,5.352145627542496,242.6223832530139,6.0075688817595525,5,chip_simple_dx7p273_dy3p636__Lj12p0nH_Cj2p0fF__roL8p5mm__tee_fl160um_fc12_cg1p2um__rpg1p4um,4.74821889126,6.18095763125,5.310853707441329,238.5284024323724,5.986140819335255,0.0001912385608180101,0.0014789565900006352,0.022067196450000104,0.041291920101167,4.093980820641519,0.021428062424297067
SQuADDS_MultiTarget,31,chip_simple_dxm1p818_dym9p091__Lj12p0nH_Cj2p0fF__roL8p5mm__tee_fl160um_fc12_cg1p2um__rpg1p4um,4.74969784785,6.2030248277,5.352145627542496,242.6223832530139,6.0075688817595525,6,chip_simple_dx10p000_dym8p182__Lj12p0nH_Cj2p0fF__roL8p5mm__tee_fl160um_fc12_cg1p2um__rpg1p4um,4.7278291272,6.203667918,5.357714031663894,247.43915307278945,5.999006200112647,0.00021983649767327688,0.02186872065000056,0.0006430902999996491,0.0055684041213979185,4.816769819775544,0.008562681646905546
SQuADDS_MultiTarget,31,chip_simple_dxm1p818_dym9p091__Lj12p0nH_Cj2p0fF__roL8p5mm__tee_fl160um_fc12_cg1p2um__rpg1p4um,4.74969784785,6.2030248277,5.352145627542496,242.6223832530139,6.0075688817595525,7,chip_simple_dx0p000_dy1p818__Lj12p0nH_Cj2p0fF__roL8p5mm__tee_fl160um_fc12_cg1p2um__rpg1p4um,4.73893431681,6.15716579206,5.395158588809967,238.6641224689724,5.982980691110814,0.00023354249522497192,0.010763531040000274,0.04585903564000038,0.043012961267471006,3.9582607840414994,0.024588190648738184
SQuADDS_MultiTarget,31,chip_simple_dxm1p818_dym9p091__Lj12p0nH_Cj2p0fF__roL8p5mm__tee_fl160um_fc12_cg1p2um__rpg1p4um,4.74969784785,6.2030248277,5.352145627542496,242.6223832530139,6.0075688817595525,8,chip_simple_dxm2p727_dy0p909__Lj12p0nH_Cj2p0fF__roL8p5mm__tee_fl160um_fc12_cg1p2um__rpg1p4um,4.73845369417,6.16039546172,5.41090745403862,239.617009903282,5.951034616643697,0.0002341022114190746,0.011244153679999869,0.04262936597999989,0.058761826496123604,3.0053733497319115,0.056534265115855575
SQuADDS_MultiTarget,31,chip_simple_dxm1p818_dym9p091__Lj12p0nH_Cj2p0fF__roL8p5mm__tee_fl160um_fc12_cg1p2um__rpg1p4um,4.74969784785,6.2030248277,5.352145627542496,242.6223832530139,6.0075688817595525,9,chip_simple_dxm1p818_dym2p727__Lj12p0nH_Cj2p0fF__roL8p5mm__tee_fl160um_fc12_cg1p2um__rpg1p4um,4.72848954954,6.17252809279,5.260969237106323,240.1187954409885,5.943850833343463,0.0002986992910544721,0.021208298310000373,0.030496734909999823,0.0911763904361731,2.5035878120254154,0.06371804841608952
SQuADDS_MultiTarget,31,chip_simple_dxm1p818_dym9p091__Lj12p0nH_Cj2p0fF__roL8p5mm__tee_fl160um_fc12_cg1p2um__rpg1p4um,4.74969784785,6.2030248277,5.352145627542496,242.6223832530139,6.0075688817595525,10,chip_simple_dx9p091_dym2p727__Lj12p0nH_Cj2p0fF__roL8p5mm__tee_fl160um_fc12_cg1p2um__rpg1p4um,4.75421160279,6.18453840176,5.473107182682037,241.5748597938345,5.95940112810006,0.00030664115421427917,0.004513754939999615,0.01848642593999994,0.12096155513954088,1.0475234591794162,0.04816775365949244
SQuADDS_MultiTarget,32,chip_simple_dxm1p818_dy8p182__Lj12p0nH_Cj2p0fF__roL8p5mm__tee_fl160um_fc12_cg1p2um__rpg1p4um,4.68706864521,6.07511708902,5.952970358833313,248.5187126523267,5.817319914222084,1,chip_simple_dx7p273_dym0p909__Lj12p0nH_Cj2p0fF__roL8p5mm__tee_fl160um_fc12_cg1p2um__rpg1p4um,4.70073295522,6.09546452187,5.997347442768096,249.8225305417232,5.880204986381134,0.00011969246552244646,0.013664310010000236,0.020347432850000402,0.04437708393478346,1.3038178893964982,0.06288507215904993
SQuADDS_MultiTarget,32,chip_simple_dxm1p818_dy8p182__Lj12p0nH_Cj2p0fF__roL8p5mm__tee_fl160um_fc12_cg1p2um__rpg1p4um,4.68706864521,6.07511708902,5.952970358833313,248.5187126523267,5.817319914222084,2,chip_simple_dx1p818_dy4p545__Lj12p0nH_Cj2p0fF__roL8p5mm__tee_fl160um_fc12_cg1p2um__rpg1p4um,4.71625141136,6.09699178177,5.937363158708572,245.50271805823053,5.844152234649521,0.00013944516641848203,0.029182766149999928,0.02187469274999998,0.015607200124740928,3.0159945940961848,0.026832320427437217
SQuADDS_MultiTarget,32,chip_simple_dxm1p818_dy8p182__Lj12p0nH_Cj2p0fF__roL8p5mm__tee_fl160um_fc12_cg1p2um__rpg1p4um,4.68706864521,6.07511708902,5.952970358833313,248.5187126523267,5.817319914222084,3,chip_simple_dx8p182_dy10p000__Lj12p0nH_Cj2p0fF__roL8p5mm__tee_fl160um_fc12_cg1p2um__rpg1p4um,4.69432691439,6.09749818315,5.921394772914886,249.9961335217051,5.89790265333111,0.00014365033285917116,0.007258269180000276,0.02238109413,0.031575585918426796,1.477420869378392,0.08058273910902614
SQuADDS_MultiTarget,32,chip_simple_dxm1p818_dy8p182__Lj12p0nH_Cj2p0fF__roL8p5mm__tee_fl160um_fc12_cg1p2um__rpg1p4um,4.68706864521,6.07511708902,5.952970358833313,248.5187126523267,5.817319914222084,4,chip_simple_dxm9p091_dy3p636__Lj12p0nH_Cj2p0fF__roL8p5mm__tee_fl160um_fc12_cg1p2um__rpg1p4um,4.70131601707,6.06675184485,5.977826485769271,244.57965254380213,5.78091644854145,0.00016504654851408462,0.014247371859999802,0.008365244170000175,0.0248561269359584,3.939060108524586,0.03640346568063446
SQuADDS_MultiTarget,32,chip_simple_dxm1p818_dy8p182__Lj12p0nH_Cj2p0fF__roL8p5mm__tee_fl160um_fc12_cg1p2um__rpg1p4um,4.68706864521,6.07511708902,5.952970358833313,248.5187126523267,5.817319914222084,5,chip_simple_dx6p364_dym10p000__Lj12p0nH_Cj2p0fF__roL8p5mm__tee_fl160um_fc12_cg1p2um__rpg1p4um,4.71222287437,6.11776336869,5.892424395643234,248.8381761745651,5.8779333128535365,0.0001849104045247694,0.025154229159999986,0.04264627967000045,0.0605459631900791,0.3194635222383795,0.06061339863145232
SQuADDS_MultiTarget,32,chip_simple_dxm1p818_dy8p182__Lj12p0nH_Cj2p0fF__roL8p5mm__tee_fl160um_fc12_cg1p2um__rpg1p4um,4.68706864521,6.07511708902,5.952970358833313,248.5187126523267,5.817319914222084,6,chip_simple_dxm5p455_dym4p545__Lj12p0nH_Cj2p0fF__roL8p5mm__tee_fl160um_fc12_cg1p2um__rpg1p4um,4.71287290209,6.10521129892,5.888910904247283,246.5344439765854,5.876905965021521,0.00019708068642667478,0.025804256879999876,0.03009420989999967,0.06405945458602957,1.9842686757413048,0.05958605079943702
SQuADDS_MultiTarget,32,chip_simple_dxm1p818_dy8p182__Lj12p0nH_Cj2p0fF__roL8p5mm__tee_fl160um_fc12_cg1p2um__rpg1p4um,4.68706864521,6.07511708902,5.952970358833313,248.5187126523267,5.817319914222084,7,chip_simple_dx5p455_dy2p727__Lj12p0nH_Cj2p0fF__roL8p5mm__tee_fl160um_fc12_cg1p2um__rpg1p4um,4.68450192494,6.04838752866,6.060318185382843,246.72047979195173,5.809511348960735,0.00020932603528175895,0.0025667202699999336,0.026729560359999738,0.10734782654953001,1.7982328603749806,0.007808565261349543
SQuADDS_MultiTarget,32,chip_simple_dxm1p818_dy8p182__Lj12p0nH_Cj2p0fF__roL8p5mm__tee_fl160um_fc12_cg1p2um__rpg1p4um,4.68706864521,6.07511708902,5.952970358833313,248.5187126523267,5.817319914222084,8,chip_simple_dxm2p727_dym7p273__Lj12p0nH_Cj2p0fF__roL8p5mm__tee_fl160um_fc12_cg1p2um__rpg1p4um,4.7222040576,6.12237034652,5.983692367204666,249.3544121969452,5.891422873734137,0.00021679689449424032,0.03513541238999984,0.04725325750000042,0.030722008371353304,0.8356995446184783,0.07410295951205281
SQuADDS_MultiTarget,32,chip_simple_dxm1p818_dy8p182__Lj12p0nH_Cj2p0fF__roL8p5mm__tee_fl160um_fc12_cg1p2um__rpg1p4um,4.68706864521,6.07511708902,5.952970358833313,248.5187126523267,5.817319914222084,9,chip_simple_dxm7p273_dy0p000__Lj12p0nH_Cj2p0fF__roL8p5mm__tee_fl160um_fc12_cg1p2um__rpg1p4um,4.73251374973,6.12333432529,5.90339426124382,245.63052496269063,5.833142733315017,0.00026291034185825496,0.045445104519999724,0.048217236270000186,0.049576097589492996,2.8881876896360836,0.015822819092933038
SQuADDS_MultiTarget,32,chip_simple_dxm1p818_dy8p182__Lj12p0nH_Cj2p0fF__roL8p5mm__tee_fl160um_fc12_cg1p2um__rpg1p4um,4.68706864521,6.07511708902,5.952970358833313,248.5187126523267,5.817319914222084,10,chip_simple_dx6p364_dy9p091__Lj12p0nH_Cj2p0fF__roL8p5mm__tee_fl160um_fc12_cg1p2um__rpg1p4um,4.69570573869,6.09933720693,6.023506759710312,252.1584106638029,5.887771375415434,0.00027006894251719823,0.008637093479999969,0.024220117909999672,0.07053640087699886,3.6396980114761845,0.07045146119334955
SQuADDS_MultiTarget,33,chip_simple_dxm0p909_dym9p091__Lj12p0nH_Cj2p0fF__roL8p5mm__tee_fl160um_fc12_cg1p2um__rpg1p4um,4.79013705882,6.1195332543,5.13624333574295,216.91057737244603,5.892737425611814,1,chip_simple_dx0p000_dym7p273__Lj12p0nH_Cj2p0fF__roL8p5mm__tee_fl160um_fc12_cg1p2um__rpg1p4um,4.77705046101,6.10812065882,5.159243787857055,218.32852182588368,5.871090142169181,4.908201254854208e-05,0.0130865978100001,0.011412595480000398,0.023000452114104952,1.4179444534376557,0.02164728344263267
SQuADDS_MultiTarget,33,chip_simple_dxm0p909_dym9p091__Lj12p0nH_Cj2p0fF__roL8p5mm__tee_fl160um_fc12_cg1p2um__rpg1p4um,4.79013705882,6.1195332543,5.13624333574295,216.91057737244603,5.892737425611814,2,chip_simple_dx8p182_dym8p182__Lj12p0nH_Cj2p0fF__roL8p5mm__tee_fl160um_fc12_cg1p2um__rpg1p4um,4.81055394873,6.12847147153,5.122406896465301,214.0774671686353,5.920639094996056,0.0001204359672119233,0.020416889909999902,0.008938217229999879,0.013836439277649326,2.833110203810719,0.02790166938424221
SQuADDS_MultiTarget,33,chip_simple_dxm0p909_dym9p091__Lj12p0nH_Cj2p0fF__roL8p5mm__tee_fl160um_fc12_cg1p2um__rpg1p4um,4.79013705882,6.1195332543,5.13624333574295,216.91057737244603,5.892737425611814,3,chip_simple_dx0p000_dym4p545__Lj12p0nH_Cj2p0fF__roL8p5mm__tee_fl160um_fc12_cg1p2um__rpg1p4um,4.79428247445,6.13515444283,5.179095958950042,219.54335034771063,5.916681344787001,0.0001239852398249301,0.004145415630000038,0.015621188529999941,0.042852623207092044,2.6327729752646007,0.023943919175187567
SQuADDS_MultiTarget,33,chip_simple_dxm0p909_dym9p091__Lj12p0nH_Cj2p0fF__roL8p5mm__tee_fl160um_fc12_cg1p2um__rpg1p4um,4.79013705882,6.1195332543,5.13624333574295,216.91057737244603,5.892737425611814,4,chip_simple_dxm8p182_dy0p909__Lj12p0nH_Cj2p0fF__roL8p5mm__tee_fl160um_fc12_cg1p2um__rpg1p4um,4.76742082005,6.11458174447,5.12260535996437,220.3762532399909,5.88426980822268,0.0001553409351310146,0.022716238770000174,0.004951509830000589,0.013637975778579836,3.46567586754486,0.008467617389134041
SQuADDS_MultiTarget,33,chip_simple_dxm0p909_dym9p091__Lj12p0nH_Cj2p0fF__roL8p5mm__tee_fl160um_fc12_cg1p2um__rpg1p4um,4.79013705882,6.1195332543,5.13624333574295,216.91057737244603,5.892737425611814,5,chip_simple_dxm10p000_dym0p909__Lj12p0nH_Cj2p0fF__roL8p5mm__tee_fl160um_fc12_cg1p2um__rpg1p4um,4.78631013217,6.11749499502,5.0396452458877565,215.32562253250407,5.829430491241084,0.000262007698168088,0.003826926650000395,0.002038259279999899,0.09659808985519369,1.5849548399419575,0.06330693437072998
SQuADDS_MultiTarget,33,chip_simple_dxm0p909_dym9p091__Lj12p0nH_Cj2p0fF__roL8p5mm__tee_fl160um_fc12_cg1p2um__rpg1p4um,4.79013705882,6.1195332543,5.13624333574295,216.91057737244603,5.892737425611814,6,chip_simple_dx9p091_dy6p364__Lj12p0nH_Cj2p0fF__roL8p5mm__tee_fl160um_fc12_cg1p2um__rpg1p4um,4.80886740306,6.13457594718,5.043484102472305,213.644745352194,5.8856847017557525,0.00029846883119172664,0.018730344239999752,0.01504269287999982,0.0927592332706455,3.26583202025202,0.007052723856061149
SQuADDS_MultiTarget,33,chip_simple_dxm0p909_dym9p091__Lj12p0nH_Cj2p0fF__roL8p5mm__tee_fl160um_fc12_cg1p2um__rpg1p4um,4.79013705882,6.1195332543,5.13624333574295,216.91057737244603,5.892737425611814,7,chip_simple_dx10p000_dym5p455__Lj12p0nH_Cj2p0fF__roL8p5mm__tee_fl160um_fc12_cg1p2um__rpg1p4um,4.78348404036,6.07595430882,5.212648472454071,213.32573538357212,5.832765407268815,0.0003516411144655492,0.006653018459999771,0.043578945480000186,0.07640513671112092,3.5848419888739045,0.05997201834299837
SQuADDS_MultiTarget,33,chip_simple_dxm0p909_dym9p091__Lj12p0nH_Cj2p0fF__roL8p5mm__tee_fl160um_fc12_cg1p2um__rpg1p4um,4.79013705882,6.1195332543,5.13624333574295,216.91057737244603,5.892737425611814,8,chip_simple_dx10p000_dy1p818__Lj12p0nH_Cj2p0fF__roL8p5mm__tee_fl160um_fc12_cg1p2um__rpg1p4um,4.76477303538,6.13057821814,5.073033471744537,222.2726228692767,5.928541359590122,0.0004310213078207718,0.025364023439999883,0.011044963839999866,0.06320986399841289,5.36204549683066,0.0358039339783085
SQuADDS_MultiTarget,33,chip_simple_dxm0p909_dym9p091__Lj12p0nH_Cj2p0fF__roL8p5mm__tee_fl160um_fc12_cg1p2um__rpg1p4um,4.79013705882,6.1195332543,5.13624333574295,216.91057737244603,5.892737425611814,9,chip_simple_dxm10p000_dy10p000__Lj12p0nH_Cj2p0fF__roL8p5mm__tee_fl160um_fc12_cg1p2um__rpg1p4um,4.76420948131,6.07980929074,5.262032916395187,218.6923729557343,5.806839983012462,0.0005113094712153419,0.025927577510000077,0.039723963560000186,0.12578958065223667,1.7817955832882717,0.08589744259935195
SQuADDS_MultiTarget,33,chip_simple_dxm0p909_dym9p091__Lj12p0nH_Cj2p0fF__roL8p5mm__tee_fl160um_fc12_cg1p2um__rpg1p4um,4.79013705882,6.1195332543,5.13624333574295,216.91057737244603,5.892737425611814,10,chip_simple_dxm6p364_dy6p364__Lj12p0nH_Cj2p0fF__roL8p5mm__tee_fl160um_fc12_cg1p2um__rpg1p4um,4.77968562303,6.13817726431,4.976445117803573,218.3155079469365,5.901178274814836,0.000520018973249913,0.010451435790000296,0.018644010010000045,0.1597982179393771,1.4049305744904643,0.008440849203021905
SQuADDS_MultiTarget,34,chip_simple_dxm0p909_dy0p909__Lj12p0nH_Cj2p0fF__roL8p5mm__tee_fl160um_fc12_cg1p2um__rpg1p4um,4.70544106074,5.99746757962,5.927770181566238,231.070657809695,5.70049614019032,1,chip_simple_dxm3p636_dy0p000__Lj12p0nH_Cj2p0fF__roL8p5mm__tee_fl160um_fc12_cg1p2um__rpg1p4um,4.70838073554,5.99696765617,5.903114487281799,229.85254512138803,5.729679412558419,3.604652245048074e-05,0.002939674799999459,0.0004999234500004945,0.024655694284438923,1.2181126883069737,0.029183272368099367
SQuADDS_MultiTarget,34,chip_simple_dxm0p909_dy0p909__Lj12p0nH_Cj2p0fF__roL8p5mm__tee_fl160um_fc12_cg1p2um__rpg1p4um,4.70544106074,5.99746757962,5.927770181566238,231.070657809695,5.70049614019032,2,chip_simple_dx1p818_dym1p818__Lj12p0nH_Cj2p0fF__roL8p5mm__tee_fl160um_fc12_cg1p2um__rpg1p4um,4.72149319155,6.00383369896,5.970341072605133,229.6082734110952,5.650635763318174,9.683063199740788e-05,0.016052130809999454,0.006366119339999976,0.042570891038894665,1.462384398599795,0.04986037687214573
SQuADDS_MultiTarget,34,chip_simple_dxm0p909_dy0p909__Lj12p0nH_Cj2p0fF__roL8p5mm__tee_fl160um_fc12_cg1p2um__rpg1p4um,4.70544106074,5.99746757962,5.927770181566238,231.070657809695,5.70049614019032,3,chip_simple_dx5p455_dym5p455__Lj12p0nH_Cj2p0fF__roL8p5mm__tee_fl160um_fc12_cg1p2um__rpg1p4um,4.709863899,5.99683327993,5.929605029994964,230.04974901021689,5.782561504070822,0.00011432766903392771,0.004422838260000006,0.000634299690000617,0.0018348484287260547,1.0209087994781214,0.08206536388050178
SQuADDS_MultiTarget,34,chip_simple_dxm0p909_dy0p909__Lj12p0nH_Cj2p0fF__roL8p5mm__tee_fl160um_fc12_cg1p2um__rpg1p4um,4.70544106074,5.99746757962,5.927770181566238,231.070657809695,5.70049614019032,4,chip_simple_dx1p818_dy7p273__Lj12p0nH_Cj2p0fF__roL8p5mm__tee_fl160um_fc12_cg1p2um__rpg1p4um,4.70826655373,5.99263086685,5.863451439090729,228.39791043317305,5.715696208117421,0.00013032701789408274,0.0028254929899995673,0.0048367127700004175,0.06431874247550962,2.6727473765219543,0.01520006792710138
SQuADDS_MultiTarget,34,chip_simple_dxm0p909_dy0p909__Lj12p0nH_Cj2p0fF__roL8p5mm__tee_fl160um_fc12_cg1p2um__rpg1p4um,4.70544106074,5.99746757962,5.927770181566238,231.070657809695,5.70049614019032,5,chip_simple_dx0p909_dym8p182__Lj12p0nH_Cj2p0fF__roL8p5mm__tee_fl160um_fc12_cg1p2um__rpg1p4um,4.70055739372,6.00934439173,5.9578544504756925,234.711210840026,5.695445771960415,0.0001423821635427752,0.004883667020000537,0.01187681210999969,0.03008426890945426,3.640553030331006,0.005050368229905011
SQuADDS_MultiTarget,34,chip_simple_dxm0p909_dy0p909__Lj12p0nH_Cj2p0fF__roL8p5mm__tee_fl160um_fc12_cg1p2um__rpg1p4um,4.70544106074,5.99746757962,5.927770181566238,231.070657809695,5.70049614019032,6,chip_simple_dxm5p455_dy3p636__Lj12p0nH_Cj2p0fF__roL8p5mm__tee_fl160um_fc12_cg1p2um__rpg1p4um,4.6806586803,5.94773988714,5.929093812995911,228.0843136587244,5.632615521196046,0.0002509242319449271,0.024782380440000473,0.04972769248000031,0.0013236314296731777,2.9863441509706092,0.06788061899427422
SQuADDS_MultiTarget,34,chip_simple_dxm0p909_dy0p909__Lj12p0nH_Cj2p0fF__roL8p5mm__tee_fl160um_fc12_cg1p2um__rpg1p4um,4.70544106074,5.99746757962,5.927770181566238,231.070657809695,5.70049614019032,7,chip_simple_dx3p636_dym4p545__Lj12p0nH_Cj2p0fF__roL8p5mm__tee_fl160um_fc12_cg1p2um__rpg1p4um,4.73608663371,6.03725752393,5.823189326255798,229.1116188550764,5.733624292767639,0.00029488746093975443,0.030645572970000146,0.039789944309999825,0.10458085531044059,1.9590389546186202,0.03312815257731927
SQuADDS_MultiTarget,34,chip_simple_dxm0p909_dy0p909__Lj12p0nH_Cj2p0fF__roL8p5mm__tee_fl160um_fc12_cg1p2um__rpg1p4um,4.70544106074,5.99746757962,5.927770181566238,231.070657809695,5.70049614019032,8,chip_simple_dxm8p182_dym0p909__Lj12p0nH_Cj2p0fF__roL8p5mm__tee_fl160um_fc12_cg1p2um__rpg1p4um,4.67698283085,5.97183120678,6.022471806894302,234.65949821455385,5.724825509126052,0.000312183492748627,0.02845822989000002,0.0256363728400002,0.0947016253280637,3.5888404048588427,0.024329368935731566
SQuADDS_MultiTarget,34,chip_simple_dxm0p909_dy0p909__Lj12p0nH_Cj2p0fF__roL8p5mm__tee_fl160um_fc12_cg1p2um__rpg1p4um,4.70544106074,5.99746757962,5.927770181566238,231.070657809695,5.70049614019032,9,chip_simple_dx5p455_dy3p636__Lj12p0nH_Cj2p0fF__roL8p5mm__tee_fl160um_fc12_cg1p2um__rpg1p4um,4.7636678617,6.06553300361,5.938757620286942,230.3360185996995,5.748293753067317,0.00032384942503503383,0.05822680095999999,0.06806542398999937,0.010987438720703402,0.7346392099954926,0.04779761287699724
SQuADDS_MultiTarget,34,chip_simple_dxm0p909_dy0p909__Lj12p0nH_Cj2p0fF__roL8p5mm__tee_fl160um_fc12_cg1p2um__rpg1p4um,4.70544106074,5.99746757962,5.927770181566238,231.070657809695,5.70049614019032,10,chip_simple_dx9p091_dym6p364__Lj12p0nH_Cj2p0fF__roL8p5mm__tee_fl160um_fc12_cg1p2um__rpg1p4um,4.69330723701,5.96815675403,5.833106887407302,226.8800540792516,5.674148599783987,0.0003331773656331507,0.01213382373000016,0.029310825590000533,0.09466329415893604,4.190603730443399,0.02634754040633336
SQuADDS_MultiTarget,35,chip_simple_dxm0p909_dy5p455__Lj12p0nH_Cj2p0fF__roL8p5mm__tee_fl160um_fc12_cg1p2um__rpg1p4um,4.72272816644,6.03503005138,6.337249859149932,241.7065879254781,5.820442264738436,1,chip_simple_dxm7p273_dy6p364__Lj12p0nH_Cj2p0fF__roL8p5mm__tee_fl160um_fc12_cg1p2um__rpg1p4um,4.72123017621,6.04785216083,6.333465595045089,244.1985025363444,5.848505024648974,6.956052366176356e-05,0.001497990229999857,0.012822109450000063,0.003784264104843338,2.491914610866303,0.028062759910537416
SQuADDS_MultiTarget,35,chip_simple_dxm0p909_dy5p455__Lj12p0nH_Cj2p0fF__roL8p5mm__tee_fl160um_fc12_cg1p2um__rpg1p4um,4.72272816644,6.03503005138,6.337249859149932,241.7065879254781,5.820442264738436,2,chip_simple_dx5p455_dym8p182__Lj12p0nH_Cj2p0fF__roL8p5mm__tee_fl160um_fc12_cg1p2um__rpg1p4um,4.72112014614,6.01414813913,6.374000339464187,239.1567683741239,5.777326992270697,0.00011198239264132993,0.001608020299999957,0.020881912250000134,0.03675048031425465,2.549819551354176,0.043115272467739274
SQuADDS_MultiTarget,35,chip_simple_dxm0p909_dy5p455__Lj12p0nH_Cj2p0fF__roL8p5mm__tee_fl160um_fc12_cg1p2um__rpg1p4um,4.72272816644,6.03503005138,6.337249859149932,241.7065879254781,5.820442264738436,3,chip_simple_dxm5p455_dy5p455__Lj12p0nH_Cj2p0fF__roL8p5mm__tee_fl160um_fc12_cg1p2um__rpg1p4um,4.69664345676,6.00251231895,6.402382590307235,243.11298591036652,5.78257654231619,0.0001504443933507083,0.026084709679999207,0.03251773242999967,0.06513273115730289,1.4063979848884287,0.037865722422246506
SQuADDS_MultiTarget,35,chip_simple_dxm0p909_dy5p455__Lj12p0nH_Cj2p0fF__roL8p5mm__tee_fl160um_fc12_cg1p2um__rpg1p4um,4.72272816644,6.03503005138,6.337249859149932,241.7065879254781,5.820442264738436,4,chip_simple_dxm8p182_dy8p182__Lj12p0nH_Cj2p0fF__roL8p5mm__tee_fl160um_fc12_cg1p2um__rpg1p4um,4.69817066512,6.00885580001,6.295239226005554,241.8291948786944,5.700576278405732,0.00028000575785137204,0.024557501319999453,0.026174251369999624,0.04201063314437814,0.12260695321631943,0.11986598633270429
SQuADDS_MultiTarget,35,chip_simple_dxm0p909_dy5p455__Lj12p0nH_Cj2p0fF__roL8p5mm__tee_fl160um_fc12_cg1p2um__rpg1p4um,4.72272816644,6.03503005138,6.337249859149932,241.7065879254781,5.820442264738436,5,chip_simple_dx6p364_dym4p545__Lj12p0nH_Cj2p0fF__roL8p5mm__tee_fl160um_fc12_cg1p2um__rpg1p4um,4.70542995999,5.98920452189,6.345821467342376,237.78954520480733,5.738142979039027,0.0003032671464491217,0.017298206449999576,0.04582552949000007,0.008571608192443847,3.9170427206707643,0.08229928569940981
SQuADDS_MultiTarget,35,chip_simple_dxm0p909_dy5p455__Lj12p0nH_Cj2p0fF__roL8p5mm__tee_fl160um_fc12_cg1p2um__rpg1p4um,4.72272816644,6.03503005138,6.337249859149932,241.7065879254781,5.820442264738436,6,chip_simple_dx5p455_dy8p182__Lj12p0nH_Cj2p0fF__roL8p5mm__tee_fl160um_fc12_cg1p2um__rpg1p4um,4.74855405086,6.03321750387,6.352321427940368,236.0766933371285,5.795288526783467,0.00031342498142979553,0.025825884420000556,0.0018125475099992627,0.015071568790435919,5.6298945883496,0.025153737954969557
SQuADDS_MultiTarget,35,chip_simple_dxm0p909_dy5p455__Lj12p0nH_Cj2p0fF__roL8p5mm__tee_fl160um_fc12_cg1p2um__rpg1p4um,4.72272816644,6.03503005138,6.337249859149932,241.7065879254781,5.820442264738436,7,chip_simple_dx0p000_dym0p909__Lj12p0nH_Cj2p0fF__roL8p5mm__tee_fl160um_fc12_cg1p2um__rpg1p4um,4.70544472234,6.05296552521,6.243624574357987,246.6853389858112,5.843999870541234,0.00035169389738942333,0.01728344409999938,0.017935473830000603,0.09362528479194587,4.97875106033311,0.023557605802797532
SQuADDS_MultiTarget,35,chip_simple_dxm0p909_dy5p455__Lj12p0nH_Cj2p0fF__roL8p5mm__tee_fl160um_fc12_cg1p2um__rpg1p4um,4.72272816644,6.03503005138,6.337249859149932,241.7065879254781,5.820442264738436,8,chip_simple_dx6p364_dy0p000__Lj12p0nH_Cj2p0fF__roL8p5mm__tee_fl160um_fc12_cg1p2um__rpg1p4um,4.72795173232,6.02599393944,6.214404765487671,236.6306190453716,5.800547756468861,0.00041769950478642994,0.0052235658800006135,0.009036111939999536,0.12284509366226182,5.075968880106501,0.019894508269575617
SQuADDS_MultiTarget,35,chip_simple_dxm0p909_dy5p455__Lj12p0nH_Cj2p0fF__roL8p5mm__tee_fl160um_fc12_cg1p2um__rpg1p4um,4.72272816644,6.03503005138,6.337249859149932,241.7065879254781,5.820442264738436,9,chip_simple_dxm4p545_dym8p182__Lj12p0nH_Cj2p0fF__roL8p5mm__tee_fl160um_fc12_cg1p2um__rpg1p4um,4.70192752994,6.05323396604,6.2145116127338405,246.8898807551624,5.839847717118128,0.0004515443137059701,0.020800636499999747,0.01820391465999993,0.12273824641609199,5.183292829684319,0.019405452379691823
SQuADDS_MultiTarget,35,chip_simple_dxm0p909_dy5p455__Lj12p0nH_Cj2p0fF__roL8p5mm__tee_fl160um_fc12_cg1p2um__rpg1p4um,4.72272816644,6.03503005138,6.337249859149932,241.7065879254781,5.820442264738436,10,chip_simple_dx2p727_dy9p091__Lj12p0nH_Cj2p0fF__roL8p5mm__tee_fl160um_fc12_cg1p2um__rpg1p4um,4.66405896257,5.9877620988,6.321251501457214,246.19094484973783,5.715712771067524,0.0005528412858914319,0.05866920386999919,0.047267952579999495,0.015998357692718734,4.4843569242597425,0.104729493670912
SQuADDS_MultiTarget,36,chip_simple_dx0p000_dym5p455__Lj12p0nH_Cj2p0fF__roL8p5mm__tee_fl160um_fc12_cg1p2um__rpg1p4um,4.72839728936,5.92461245195,5.86921667430687,213.1829395597018,5.58090723401915,1,chip_simple_dxm10p000_dy9p091__Lj12p0nH_Cj2p0fF__roL8p5mm__tee_fl160um_fc12_cg1p2um__rpg1p4um,4.73431310321,5.9588117706,5.945221753843307,219.04223037505847,5.629570893196313,0.0005344579833713404,0.005915813849999729,0.03419931864999981,0.07600507953643731,5.8592908153566725,0.04866365917716298
SQuADDS_MultiTarget,36,chip_simple_dx0p000_dym5p455__Lj12p0nH_Cj2p0fF__roL8p5mm__tee_fl160um_fc12_cg1p2um__rpg1p4um,4.72839728936,5.92461245195,5.86921667430687,213.1829395597018,5.58090723401915,2,chip_simple_dxm4p545_dy9p091__Lj12p0nH_Cj2p0fF__roL8p5mm__tee_fl160um_fc12_cg1p2um__rpg1p4um,4.73257191675,5.96883434545,5.846838404302597,219.15587205568883,5.667058133519072,0.000575407811916189,0.004174627390000296,0.0442218935000005,0.02237827000427295,5.972932495987038,0.0861508994999225
SQuADDS_MultiTarget,36,chip_simple_dx0p000_dym5p455__Lj12p0nH_Cj2p0fF__roL8p5mm__tee_fl160um_fc12_cg1p2um__rpg1p4um,4.72839728936,5.92461245195,5.86921667430687,213.1829395597018,5.58090723401915,3,chip_simple_dxm6p364_dym4p545__Lj12p0nH_Cj2p0fF__roL8p5mm__tee_fl160um_fc12_cg1p2um__rpg1p4um,4.77051294453,5.99784752226,5.875309934732437,216.5912114480181,5.743283944916589,0.0007837325341096242,0.04211565516999993,0.07323507030999998,0.006093260425567237,3.408271888316307,0.16237671089743966
SQuADDS_MultiTarget,36,chip_simple_dx0p000_dym5p455__Lj12p0nH_Cj2p0fF__roL8p5mm__tee_fl160um_fc12_cg1p2um__rpg1p4um,4.72839728936,5.92461245195,5.86921667430687,213.1829395597018,5.58090723401915,4,chip_simple_dx7p273_dy8p182__Lj12p0nH_Cj2p0fF__roL8p5mm__tee_fl160um_fc12_cg1p2um__rpg1p4um,4.72840082103,5.97315210181,5.691267652456284,217.62866557447816,5.647951458913108,0.0008163487564562185,3.531670000000986e-06,0.04853964986000037,0.17794902185058525,4.445726014776369,0.06704422489395867
SQuADDS_MultiTarget,36,chip_simple_dx0p000_dym5p455__Lj12p0nH_Cj2p0fF__roL8p5mm__tee_fl160um_fc12_cg1p2um__rpg1p4um,4.72839728936,5.92461245195,5.86921667430687,213.1829395597018,5.58090723401915,5,chip_simple_dx4p545_dy10p000__Lj12p0nH_Cj2p0fF__roL8p5mm__tee_fl160um_fc12_cg1p2um__rpg1p4um,4.77208572646,5.99587669765,5.687584656963348,212.41558975620657,5.693307476185639,0.0009181902333581476,0.043688437100000144,0.07126424570000012,0.18163201734352175,0.7673498034952217,0.11240024216648958
SQuADDS_MultiTarget,36,chip_simple_dx0p000_dym5p455__Lj12p0nH_Cj2p0fF__roL8p5mm__tee_fl160um_fc12_cg1p2um__rpg1p4um,4.72839728936,5.92461245195,5.86921667430687,213.1829395597018,5.58090723401915,6,chip_simple_dx2p727_dy3p636__Lj12p0nH_Cj2p0fF__roL8p5mm__tee_fl160um_fc12_cg1p2um__rpg1p4um,4.74429494791,5.9687577148,6.039171265787124,220.3138057061849,5.653802310643351,0.0011308129683784227,0.015897658550000138,0.04414526284999987,0.1699545914802547,7.1308661464831005,0.07289507662420114
SQuADDS_MultiTarget,36,chip_simple_dx0p000_dym5p455__Lj12p0nH_Cj2p0fF__roL8p5mm__tee_fl160um_fc12_cg1p2um__rpg1p4um,4.72839728936,5.92461245195,5.86921667430687,213.1829395597018,5.58090723401915,7,chip_simple_dx0p909_dym3p636__Lj12p0nH_Cj2p0fF__roL8p5mm__tee_fl160um_fc12_cg1p2um__rpg1p4um,4.74299007193,5.97185553704,5.585872956563949,212.43614000136665,5.67605929438614,0.0013898873541366692,0.014592782570000296,0.04724308508999986,0.28334371774292055,0.746799558335141,0.0951520603669902
SQuADDS_MultiTarget,36,chip_simple_dx0p000_dym5p455__Lj12p0nH_Cj2p0fF__roL8p5mm__tee_fl160um_fc12_cg1p2um__rpg1p4um,4.72839728936,5.92461245195,5.86921667430687,213.1829395597018,5.58090723401915,8,chip_simple_dxm6p364_dym7p273__Lj12p0nH_Cj2p0fF__roL8p5mm__tee_fl160um_fc12_cg1p2um__rpg1p4um,4.75005432934,6.01899043043,5.655702243776322,219.9240164763736,5.705344706711049,0.0016849666484248004,0.021657039980000015,0.09437797847999985,0.21351443053054808,6.741076916671801,0.12443747269189931
SQuADDS_MultiTarget,36,chip_simple_dx0p000_dym5p455__Lj12p0nH_Cj2p0fF__roL8p5mm__tee_fl160um_fc12_cg1p2um__rpg1p4um,4.72839728936,5.92461245195,5.86921667430687,213.1829395597018,5.58090723401915,9,chip_simple_dxm9p091_dym0p909__Lj12p0nH_Cj2p0fF__roL8p5mm__tee_fl160um_fc12_cg1p2um__rpg1p4um,4.70861223691,5.97190035235,5.828280176078796,224.2856497209385,5.726841959580289,0.0018036193556708767,0.019785052450000506,0.04728790039999975,0.040936498228073326,11.1027101612367,0.14593472556113962
SQuADDS_MultiTarget,36,chip_simple_dx0p000_dym5p455__Lj12p0nH_Cj2p0fF__roL8p5mm__tee_fl160um_fc12_cg1p2um__rpg1p4um,4.72839728936,5.92461245195,5.86921667430687,213.1829395597018,5.58090723401915,10,chip_simple_dx1p818_dym9p091__Lj12p0nH_Cj2p0fF__roL8p5mm__tee_fl160um_fc12_cg1p2um__rpg1p4um,4.73395858035,5.98672827489,5.994751743192673,224.6710358694394,5.7112226948008775,0.002064642762005783,0.005561290990000245,0.062115822940000065,0.12553506888580301,11.488096309737614,0.13031546078172784
SQuADDS_MultiTarget,37,chip_simple_dx0p000_dym3p636__Lj12p0nH_Cj2p0fF__roL8p5mm__tee_fl160um_fc12_cg1p2um__rpg1p4um,4.72612336149,6.18704295133,5.69404318081665,252.795946074152,6.004656007623384,1,chip_simple_dx2p727_dy2p727__Lj12p0nH_Cj2p0fF__roL8p5mm__tee_fl160um_fc12_cg1p2um__rpg1p4um,4.73128014823,6.18706920741,5.709969924663543,252.0300867867861,5.997949180219245,1.0315299823668887e-05,0.0051567867399997525,2.6256080000841564e-05,0.015926743846892855,0.7658592873659131,0.006706827404139304
SQuADDS_MultiTarget,37,chip_simple_dx0p000_dym3p636__Lj12p0nH_Cj2p0fF__roL8p5mm__tee_fl160um_fc12_cg1p2um__rpg1p4um,4.72612336149,6.18704295133,5.69404318081665,252.795946074152,6.004656007623384,2,chip_simple_dxm8p182_dym4p545__Lj12p0nH_Cj2p0fF__roL8p5mm__tee_fl160um_fc12_cg1p2um__rpg1p4um,4.73043071526,6.17100144044,5.767042214794159,250.8990176723497,5.986730956844874,0.00012234152706085385,0.0043073537699998,0.016041510889999167,0.07299903397750906,1.8969284018023131,0.017925050778510254
SQuADDS_MultiTarget,37,chip_simple_dx0p000_dym3p636__Lj12p0nH_Cj2p0fF__roL8p5mm__tee_fl160um_fc12_cg1p2um__rpg1p4um,4.72612336149,6.18704295133,5.69404318081665,252.795946074152,6.004656007623384,3,chip_simple_dxm2p727_dy0p000__Lj12p0nH_Cj2p0fF__roL8p5mm__tee_fl160um_fc12_cg1p2um__rpg1p4um,4.70946736854,6.17220265584,5.747707520002365,255.1766850154424,5.971067509373771,0.0001225764275185827,0.016655992949999643,0.014840295489999988,0.05366433918571456,2.3807389412903888,0.033588498249613075
SQuADDS_MultiTarget,37,chip_simple_dx0p000_dym3p636__Lj12p0nH_Cj2p0fF__roL8p5mm__tee_fl160um_fc12_cg1p2um__rpg1p4um,4.72612336149,6.18704295133,5.69404318081665,252.795946074152,6.004656007623384,4,chip_simple_dxm7p273_dym5p455__Lj12p0nH_Cj2p0fF__roL8p5mm__tee_fl160um_fc12_cg1p2um__rpg1p4um,4.73184455751,6.20479563684,5.572578645385742,251.6877216406616,6.007676605765333,0.000246958316064192,0.0057211960199996525,0.017752685510000532,0.12146453543090807,1.108224433490392,0.0030205981419486605
SQuADDS_MultiTarget,37,chip_simple_dx0p000_dym3p636__Lj12p0nH_Cj2p0fF__roL8p5mm__tee_fl160um_fc12_cg1p2um__rpg1p4um,4.72612336149,6.18704295133,5.69404318081665,252.795946074152,6.004656007623384,5,chip_simple_dxm2p727_dy3p636__Lj12p0nH_Cj2p0fF__roL8p5mm__tee_fl160um_fc12_cg1p2um__rpg1p4um,4.72771327144,6.17379279793,5.623312453847885,248.72072138405872,5.943747599398507,0.0002632337963543878,0.001589909949999857,0.013250153399999576,0.07073072696876537,4.075224690093279,0.06090840822487742
SQuADDS_MultiTarget,37,chip_simple_dx0p000_dym3p636__Lj12p0nH_Cj2p0fF__roL8p5mm__tee_fl160um_fc12_cg1p2um__rpg1p4um,4.72612336149,6.18704295133,5.69404318081665,252.795946074152,6.004656007623384,6,chip_simple_dxm3p636_dy4p545__Lj12p0nH_Cj2p0fF__roL8p5mm__tee_fl160um_fc12_cg1p2um__rpg1p4um,4.71363061095,6.14572418614,5.668436658781052,248.2621666113731,5.949051840746841,0.00026539772908261715,0.012492750539999875,0.04131876518999977,0.025606522035598545,4.533779462778909,0.05560416687654346
SQuADDS_MultiTarget,37,chip_simple_dx0p000_dym3p636__Lj12p0nH_Cj2p0fF__roL8p5mm__tee_fl160um_fc12_cg1p2um__rpg1p4um,4.72612336149,6.18704295133,5.69404318081665,252.795946074152,6.004656007623384,7,chip_simple_dx2p727_dy4p545__Lj12p0nH_Cj2p0fF__roL8p5mm__tee_fl160um_fc12_cg1p2um__rpg1p4um,4.72661637865,6.17653112846,5.815809796421051,253.68702655650372,5.959841194906359,0.00026561795798597776,0.0004930171600001643,0.010511822869999854,0.12176661560440039,0.8910804823517253,0.04481481271702492
SQuADDS_MultiTarget,37,chip_simple_dx0p000_dym3p636__Lj12p0nH_Cj2p0fF__roL8p5mm__tee_fl160um_fc12_cg1p2um__rpg1p4um,4.72612336149,6.18704295133,5.69404318081665,252.795946074152,6.004656007623384,8,chip_simple_dxm9p091_dy4p545__Lj12p0nH_Cj2p0fF__roL8p5mm__tee_fl160um_fc12_cg1p2um__rpg1p4um,4.70020646758,6.16959521458,5.58720127576828,253.10207266424865,5.941758744245985,0.0002696577504934835,0.02591689390999985,0.017447736749999443,0.10684190504837066,0.3061265900966532,0.06289726337739943
SQuADDS_MultiTarget,37,chip_simple_dx0p000_dym3p636__Lj12p0nH_Cj2p0fF__roL8p5mm__tee_fl160um_fc12_cg1p2um__rpg1p4um,4.72612336149,6.18704295133,5.69404318081665,252.795946074152,6.004656007623384,9,chip_simple_dx7p273_dym10p000__Lj12p0nH_Cj2p0fF__roL8p5mm__tee_fl160um_fc12_cg1p2um__rpg1p4um,4.71410593197,6.1449710615,5.722861017044068,249.15509170209992,5.909600201967471,0.0002945265271651666,0.012017429520000178,0.042071889829999876,0.02881783622741807,3.6408543720520754,0.09505580565591298
SQuADDS_MultiTarget,37,chip_simple_dx0p000_dym3p636__Lj12p0nH_Cj2p0fF__roL8p5mm__tee_fl160um_fc12_cg1p2um__rpg1p4um,4.72612336149,6.18704295133,5.69404318081665,252.795946074152,6.004656007623384,10,chip_simple_dxm0p909_dy9p091__Lj12p0nH_Cj2p0fF__roL8p5mm__tee_fl160um_fc12_cg1p2um__rpg1p4um,4.69371229441,6.15775711443,5.5688977525024415,252.0576475169164,5.970794629409332,0.0003311233342134131,0.03241106707999997,0.02928583689999975,0.12514542831420883,0.7382985572355949,0.033861378214051996
SQuADDS_MultiTarget,38,chip_simple_dx0p000_dy7p273__Lj12p0nH_Cj2p0fF__roL8p5mm__tee_fl160um_fc12_cg1p2um__rpg1p4um,4.60121050011,6.17360640727,6.32578533212471,293.2158087846097,5.983718913317313,1,chip_simple_dx10p000_dym2p727__Lj12p0nH_Cj2p0fF__roL8p5mm__tee_fl160um_fc12_cg1p2um__rpg1p4um,4.65444657204,6.15198201158,6.55648122142601,282.16818861633897,5.938804420909544,0.0015490985151951824,0.053236071930000683,0.021624395689999965,0.23069588930130003,11.047620168270726,0.044914492407769124
SQuADDS_MultiTarget,38,chip_simple_dx0p000_dy7p273__Lj12p0nH_Cj2p0fF__roL8p5mm__tee_fl160um_fc12_cg1p2um__rpg1p4um,4.60121050011,6.17360640727,6.32578533212471,293.2158087846097,5.983718913317313,2,chip_simple_dxm3p636_dym8p182__Lj12p0nH_Cj2p0fF__roL8p5mm__tee_fl160um_fc12_cg1p2um__rpg1p4um,4.67477993862,6.16530840037,6.238829511974334,272.6481468594707,5.96410442198707,0.0028174815983838426,0.07356943851000075,0.008298006900000487,0.08695582015037573,20.567661925138964,0.019614491330242956
SQuADDS_MultiTarget,38,chip_simple_dx0p000_dy7p273__Lj12p0nH_Cj2p0fF__roL8p5mm__tee_fl160um_fc12_cg1p2um__rpg1p4um,4.60121050011,6.17360640727,6.32578533212471,293.2158087846097,5.983718913317313,3,chip_simple_dx4p545_dym6p364__Lj12p0nH_Cj2p0fF__roL8p5mm__tee_fl160um_fc12_cg1p2um__rpg1p4um,4.61231478285,6.1335076061,6.798953771820068,294.2549832930316,5.929705086318325,0.002892549961025182,0.011104282740000748,0.04009880117000009,0.4731684396953586,1.0391745084219224,0.054013826998987824
SQuADDS_MultiTarget,38,chip_simple_dx0p000_dy7p273__Lj12p0nH_Cj2p0fF__roL8p5mm__tee_fl160um_fc12_cg1p2um__rpg1p4um,4.60121050011,6.17360640727,6.32578533212471,293.2158087846097,5.983718913317313,4,chip_simple_dx7p273_dy6p364__Lj12p0nH_Cj2p0fF__roL8p5mm__tee_fl160um_fc12_cg1p2um__rpg1p4um,4.64195686026,6.15054121396,6.064661784154891,273.66878744595965,5.93995769375592,0.0031931730463549256,0.040746360149999994,0.0230651933099999,0.2611235479698184,19.54702133865004,0.043761219561393006
SQuADDS_MultiTarget,38,chip_simple_dx0p000_dy7p273__Lj12p0nH_Cj2p0fF__roL8p5mm__tee_fl160um_fc12_cg1p2um__rpg1p4um,4.60121050011,6.17360640727,6.32578533212471,293.2158087846097,5.983718913317313,5,chip_simple_dx4p545_dy3p636__Lj12p0nH_Cj2p0fF__roL8p5mm__tee_fl160um_fc12_cg1p2um__rpg1p4um,4.6391490467,6.1400873545,6.087010506978988,273.04723708403606,5.896341322884301,0.003282095031989986,0.0379385465900004,0.03351905277,0.2387748251457218,20.168571700573636,0.08737759043301185
SQuADDS_MultiTarget,38,chip_simple_dx0p000_dy7p273__Lj12p0nH_Cj2p0fF__roL8p5mm__tee_fl160um_fc12_cg1p2um__rpg1p4um,4.60121050011,6.17360640727,6.32578533212471,293.2158087846097,5.983718913317313,6,chip_simple_dx2p727_dy10p000__Lj12p0nH_Cj2p0fF__roL8p5mm__tee_fl160um_fc12_cg1p2um__rpg1p4um,4.65896495843,6.23455703196,5.910671091032028,280.3326352659665,6.066617974357407,0.0034694056963226597,0.0577544583200007,0.060950624689999344,0.4151142410926818,12.883173518643218,0.08289906104009415
SQuADDS_MultiTarget,38,chip_simple_dx0p000_dy7p273__Lj12p0nH_Cj2p0fF__roL8p5mm__tee_fl160um_fc12_cg1p2um__rpg1p4um,4.60121050011,6.17360640727,6.32578533212471,293.2158087846097,5.983718913317313,7,chip_simple_dxm9p091_dy2p727__Lj12p0nH_Cj2p0fF__roL8p5mm__tee_fl160um_fc12_cg1p2um__rpg1p4um,4.68785660116,6.14920505102,6.378877137207031,269.97376724564526,5.9601401255266735,0.0035547677345299784,0.08664610105000037,0.024401356250000283,0.05309180508232103,23.24204153896443,0.023578787790639488
SQuADDS_MultiTarget,38,chip_simple_dx0p000_dy7p273__Lj12p0nH_Cj2p0fF__roL8p5mm__tee_fl160um_fc12_cg1p2um__rpg1p4um,4.60121050011,6.17360640727,6.32578533212471,293.2158087846097,5.983718913317313,8,chip_simple_dx2p727_dym0p909__Lj12p0nH_Cj2p0fF__roL8p5mm__tee_fl160um_fc12_cg1p2um__rpg1p4um,4.66661421666,6.17255406828,6.023148980243683,270.8126186858037,5.967388615030237,0.004269089736858545,0.06540371655000055,0.0010523389900001234,0.3026363518810271,22.403190098805965,0.016330298287075884
SQuADDS_MultiTarget,38,chip_simple_dx0p000_dy7p273__Lj12p0nH_Cj2p0fF__roL8p5mm__tee_fl160um_fc12_cg1p2um__rpg1p4um,4.60121050011,6.17360640727,6.32578533212471,293.2158087846097,5.983718913317313,9,chip_simple_dx6p364_dy4p545__Lj12p0nH_Cj2p0fF__roL8p5mm__tee_fl160um_fc12_cg1p2um__rpg1p4um,4.69228317141,6.1818937723,6.127078645599365,269.0377447147971,5.989088593117621,0.004287019712279429,0.09107267130000007,0.008287365029999272,0.19870668652534462,24.178064069812592,0.005369679800308447
SQuADDS_MultiTarget,38,chip_simple_dx0p000_dy7p273__Lj12p0nH_Cj2p0fF__roL8p5mm__tee_fl160um_fc12_cg1p2um__rpg1p4um,4.60121050011,6.17360640727,6.32578533212471,293.2158087846097,5.983718913317313,10,chip_simple_dx6p364_dym7p273__Lj12p0nH_Cj2p0fF__roL8p5mm__tee_fl160um_fc12_cg1p2um__rpg1p4um,4.70011382488,6.16593969503,6.256451718360901,267.4374483181419,6.00177346918992,0.00439280942767944,0.09890332477000019,0.007666712240000706,0.06933361376380898,25.778360466467802,0.018054555872606848
SQuADDS_MultiTarget,39,chip_simple_dx0p000_dy9p091__Lj12p0nH_Cj2p0fF__roL8p5mm__tee_fl160um_fc12_cg1p2um__rpg1p4um,4.69248631541,6.18716502488,5.242757017772674,249.32244368071773,5.952568618706093,1,chip_simple_dxm10p000_dym6p364__Lj12p0nH_Cj2p0fF__roL8p5mm__tee_fl160um_fc12_cg1p2um__rpg1p4um,4.72003215394,6.21311585123,5.277381808307648,248.5653481614014,5.993540423418498,0.0001021585352865309,0.027545838530000033,0.02595082635000079,0.03462479053497347,0.7570955193163229,0.040971804712405024
SQuADDS_MultiTarget,39,chip_simple_dx0p000_dy9p091__Lj12p0nH_Cj2p0fF__roL8p5mm__tee_fl160um_fc12_cg1p2um__rpg1p4um,4.69248631541,6.18716502488,5.242757017772674,249.32244368071773,5.952568618706093,2,chip_simple_dxm3p636_dy3p636__Lj12p0nH_Cj2p0fF__roL8p5mm__tee_fl160um_fc12_cg1p2um__rpg1p4um,4.72242714711,6.18673541231,5.336548379825592,245.26485810969444,5.972626156449373,0.0003388432990560475,0.02994083170000028,0.0004296125699996267,0.09379136205291783,4.0575855710232815,0.020057537743279674
SQuADDS_MultiTarget,39,chip_simple_dx0p000_dy9p091__Lj12p0nH_Cj2p0fF__roL8p5mm__tee_fl160um_fc12_cg1p2um__rpg1p4um,4.69248631541,6.18716502488,5.242757017772674,249.32244368071773,5.952568618706093,3,chip_simple_dx10p000_dym8p182__Lj12p0nH_Cj2p0fF__roL8p5mm__tee_fl160um_fc12_cg1p2um__rpg1p4um,4.7278291272,6.203667918,5.357714031663894,247.43915307278945,5.999006200112647,0.000363193610672499,0.03534281178999965,0.016502893120000195,0.11495701389122015,1.8832906079282736,0.046437581406554074
SQuADDS_MultiTarget,39,chip_simple_dx0p000_dy9p091__Lj12p0nH_Cj2p0fF__roL8p5mm__tee_fl160um_fc12_cg1p2um__rpg1p4um,4.69248631541,6.18716502488,5.242757017772674,249.32244368071773,5.952568618706093,4,chip_simple_dxm3p636_dy5p455__Lj12p0nH_Cj2p0fF__roL8p5mm__tee_fl160um_fc12_cg1p2um__rpg1p4um,4.73355235582,6.19906730127,5.355365528022766,245.4102411439443,6.010259557626816,0.00048103368539175346,0.041066040409999616,0.011902276390000743,0.11260851025009178,3.912202536773435,0.05769093892072341
SQuADDS_MultiTarget,39,chip_simple_dx0p000_dy9p091__Lj12p0nH_Cj2p0fF__roL8p5mm__tee_fl160um_fc12_cg1p2um__rpg1p4um,4.69248631541,6.18716502488,5.242757017772674,249.32244368071773,5.952568618706093,5,chip_simple_dxm0p909_dym0p909__Lj12p0nH_Cj2p0fF__roL8p5mm__tee_fl160um_fc12_cg1p2um__rpg1p4um,4.68632924459,6.17134248768,5.411161615444184,252.1794734270908,5.976285666069374,0.0005977469092701018,0.0061570708199996105,0.015822537200000042,0.16840459767151028,2.8570297463730867,0.02371704736328084
SQuADDS_MultiTarget,39,chip_simple_dx0p000_dy9p091__Lj12p0nH_Cj2p0fF__roL8p5mm__tee_fl160um_fc12_cg1p2um__rpg1p4um,4.69248631541,6.18716502488,5.242757017772674,249.32244368071773,5.952568618706093,6,chip_simple_dxm4p545_dym2p727__Lj12p0nH_Cj2p0fF__roL8p5mm__tee_fl160um_fc12_cg1p2um__rpg1p4um,4.75133436782,6.26297506595,5.207407996995926,248.15573910645995,6.105858265342065,0.000672663364361665,0.05884805241000013,0.07581004107000044,0.0353490207767484,1.1667045742577784,0.15328964663597233
SQuADDS_MultiTarget,39,chip_simple_dx0p000_dy9p091__Lj12p0nH_Cj2p0fF__roL8p5mm__tee_fl160um_fc12_cg1p2um__rpg1p4um,4.69248631541,6.18716502488,5.242757017772674,249.32244368071773,5.952568618706093,7,chip_simple_dxm6p364_dy2p727__Lj12p0nH_Cj2p0fF__roL8p5mm__tee_fl160um_fc12_cg1p2um__rpg1p4um,4.69381999507,6.14208387603,5.425729793823242,246.2806752541244,5.919433779171552,0.0007520932558421252,0.0013336796600000866,0.045081148849999586,0.18297277605056816,3.041768426593336,0.033134839534540994
SQuADDS_MultiTarget,39,chip_simple_dx0p000_dy9p091__Lj12p0nH_Cj2p0fF__roL8p5mm__tee_fl160um_fc12_cg1p2um__rpg1p4um,4.69248631541,6.18716502488,5.242757017772674,249.32244368071773,5.952568618706093,8,chip_simple_dxm1p818_dym2p727__Lj12p0nH_Cj2p0fF__roL8p5mm__tee_fl160um_fc12_cg1p2um__rpg1p4um,4.72848954954,6.17252809279,5.260969237106323,240.1187954409885,5.943850833343463,0.000752915552876351,0.03600323412999984,0.014636932089999277,0.018212219333649138,9.203648239729233,0.008717785362629904
SQuADDS_MultiTarget,39,chip_simple_dx0p000_dy9p091__Lj12p0nH_Cj2p0fF__roL8p5mm__tee_fl160um_fc12_cg1p2um__rpg1p4um,4.69248631541,6.18716502488,5.242757017772674,249.32244368071773,5.952568618706093,9,chip_simple_dxm8p182_dym6p364__Lj12p0nH_Cj2p0fF__roL8p5mm__tee_fl160um_fc12_cg1p2um__rpg1p4um,4.74965194892,6.20869132521,5.27103725569725,241.6389530940361,6.043633765216636,0.0007669436300522034,0.05716563351000037,0.02152630033000058,0.02828023792457568,7.683490586681614,0.09106514651054276
SQuADDS_MultiTarget,39,chip_simple_dx0p000_dy9p091__Lj12p0nH_Cj2p0fF__roL8p5mm__tee_fl160um_fc12_cg1p2um__rpg1p4um,4.69248631541,6.18716502488,5.242757017772674,249.32244368071773,5.952568618706093,10,chip_simple_dx6p364_dym2p727__Lj12p0nH_Cj2p0fF__roL8p5mm__tee_fl160um_fc12_cg1p2um__rpg1p4um,4.76718290826,6.25857915519,5.287194409502029,246.1533054816762,6.109333508441698,0.0008501078143010534,0.07469659284999963,0.07141413030999999,0.044437391729355014,3.1691381990415266,0.1567648897356051
SQuADDS_MultiTarget,40,chip_simple_dx0p909_dym10p000__Lj12p0nH_Cj2p0fF__roL8p5mm__tee_fl160um_fc12_cg1p2um__rpg1p4um,4.75971213917,6.07465492096,5.310514949054718,219.69317393009035,5.782856387995313,1,chip_simple_dxm10p000_dy10p000__Lj12p0nH_Cj2p0fF__roL8p5mm__tee_fl160um_fc12_cg1p2um__rpg1p4um,4.76420948131,6.07980929074,5.262032916395187,218.6923729557343,5.806839983012462,6.226245698781233e-05,0.004497342139999638,0.005154369780000501,0.048482032659530994,1.0008009743560535,0.02398359501714875
SQuADDS_MultiTarget,40,chip_simple_dx0p909_dym10p000__Lj12p0nH_Cj2p0fF__roL8p5mm__tee_fl160um_fc12_cg1p2um__rpg1p4um,4.75971213917,6.07465492096,5.310514949054718,219.69317393009035,5.782856387995313,2,chip_simple_dxm0p909_dy8p182__Lj12p0nH_Cj2p0fF__roL8p5mm__tee_fl160um_fc12_cg1p2um__rpg1p4um,4.76253327326,6.09281262101,5.302599734979629,221.8855650743731,5.804085218059851,6.692837221152392e-05,0.0028211340899995108,0.018157700050000614,0.007915214075088883,2.1923911442827375,0.021228830064537796
SQuADDS_MultiTarget,40,chip_simple_dx0p909_dym10p000__Lj12p0nH_Cj2p0fF__roL8p5mm__tee_fl160um_fc12_cg1p2um__rpg1p4um,4.75971213917,6.07465492096,5.310514949054718,219.69317393009035,5.782856387995313,3,chip_simple_dxm7p273_dy4p545__Lj12p0nH_Cj2p0fF__roL8p5mm__tee_fl160um_fc12_cg1p2um__rpg1p4um,4.74478453553,6.05547649219,5.373042161886215,221.0804417671074,5.791354520716529,0.00011013631544967412,0.014927603640000342,0.0191784287699992,0.06252721283149754,1.387267837017049,0.00849813272121569
SQuADDS_MultiTarget,40,chip_simple_dx0p909_dym10p000__Lj12p0nH_Cj2p0fF__roL8p5mm__tee_fl160um_fc12_cg1p2um__rpg1p4um,4.75971213917,6.07465492096,5.310514949054718,219.69317393009035,5.782856387995313,4,chip_simple_dx6p364_dym5p455__Lj12p0nH_Cj2p0fF__roL8p5mm__tee_fl160um_fc12_cg1p2um__rpg1p4um,4.75078715707,6.03628209085,5.3055558983383175,215.55523015902745,5.731041446609096,0.00026137716141699644,0.008924982099999923,0.038372830109999256,0.004959050716400348,4.137943771062908,0.05181494138621723
SQuADDS_MultiTarget,40,chip_simple_dx0p909_dym10p000__Lj12p0nH_Cj2p0fF__roL8p5mm__tee_fl160um_fc12_cg1p2um__rpg1p4um,4.75971213917,6.07465492096,5.310514949054718,219.69317393009035,5.782856387995313,5,chip_simple_dx3p636_dym9p091__Lj12p0nH_Cj2p0fF__roL8p5mm__tee_fl160um_fc12_cg1p2um__rpg1p4um,4.74762783623,6.02799146582,5.311174287874222,214.95375549931185,5.736266000675814,0.00033061121762576433,0.012084302939999958,0.04666345514000003,0.000659338819503752,4.7394184307785,0.04659038731949927
SQuADDS_MultiTarget,40,chip_simple_dx0p909_dym10p000__Lj12p0nH_Cj2p0fF__roL8p5mm__tee_fl160um_fc12_cg1p2um__rpg1p4um,4.75971213917,6.07465492096,5.310514949054718,219.69317393009035,5.782856387995313,6,chip_simple_dxm3p636_dy7p273__Lj12p0nH_Cj2p0fF__roL8p5mm__tee_fl160um_fc12_cg1p2um__rpg1p4um,4.76722458533,6.10494676733,5.339898099292755,223.6664187713043,5.941831126782195,0.0005840748886143931,0.007512446159999797,0.03029184637000082,0.02938315023803728,3.9732448412139547,0.15897473878688206
SQuADDS_MultiTarget,40,chip_simple_dx0p909_dym10p000__Lj12p0nH_Cj2p0fF__roL8p5mm__tee_fl160um_fc12_cg1p2um__rpg1p4um,4.75971213917,6.07465492096,5.310514949054718,219.69317393009035,5.782856387995313,7,chip_simple_dx0p000_dym7p273__Lj12p0nH_Cj2p0fF__roL8p5mm__tee_fl160um_fc12_cg1p2um__rpg1p4um,4.77705046101,6.10812065882,5.159243787857055,218.32852182588368,5.871090142169181,0.0005850157287908987,0.017338321839999615,0.03346573786000029,0.1512711611976627,1.3646521042066695,0.08823375417386803
SQuADDS_MultiTarget,40,chip_simple_dx0p909_dym10p000__Lj12p0nH_Cj2p0fF__roL8p5mm__tee_fl160um_fc12_cg1p2um__rpg1p4um,4.75971213917,6.07465492096,5.310514949054718,219.69317393009035,5.782856387995313,8,chip_simple_dx5p455_dym0p909__Lj12p0nH_Cj2p0fF__roL8p5mm__tee_fl160um_fc12_cg1p2um__rpg1p4um,4.7930652742,6.12875251186,5.394133037059784,223.2748147250602,5.91572486547393,0.0006492222703789464,0.03335313502999959,0.05409759090000055,0.08361808800506587,3.581640794969843,0.13286847747861685
SQuADDS_MultiTarget,40,chip_simple_dx0p909_dym10p000__Lj12p0nH_Cj2p0fF__roL8p5mm__tee_fl160um_fc12_cg1p2um__rpg1p4um,4.75971213917,6.07465492096,5.310514949054718,219.69317393009035,5.782856387995313,9,chip_simple_dx10p000_dym5p455__Lj12p0nH_Cj2p0fF__roL8p5mm__tee_fl160um_fc12_cg1p2um__rpg1p4um,4.78348404036,6.07595430882,5.212648472454071,213.32573538357212,5.832765407268815,0.0006520597430125507,0.023771901189999944,0.0012993878600005004,0.09786647660064673,6.36743854651823,0.04990901927350233
SQuADDS_MultiTarget,40,chip_simple_dx0p909_dym10p000__Lj12p0nH_Cj2p0fF__roL8p5mm__tee_fl160um_fc12_cg1p2um__rpg1p4um,4.75971213917,6.07465492096,5.310514949054718,219.69317393009035,5.782856387995313,10,chip_simple_dx3p636_dym2p727__Lj12p0nH_Cj2p0fF__roL8p5mm__tee_fl160um_fc12_cg1p2um__rpg1p4um,4.78139468148,6.06132052905,5.243374503707885,212.1371321798882,5.765522293104982,0.0007014449055477376,0.021682542309999775,0.013334391909999965,0.0671404453468325,7.556041750202155,0.01733409489033111
SQuADDS_MultiTarget,41,chip_simple_dx0p909_dym0p909__Lj12p0nH_Cj2p0fF__roL8p5mm__tee_fl160um_fc12_cg1p2um__rpg1p4um,4.73041475635,6.13915705239,5.531350560152053,240.65162948709263,5.907224899753467,1,chip_simple_dxm9p091_dy10p000__Lj12p0nH_Cj2p0fF__roL8p5mm__tee_fl160um_fc12_cg1p2um__rpg1p4um,4.7252089608,6.13650588385,5.541704983503341,241.53134360669733,5.967068128664825,6.114486943662206e-05,0.005205795550000225,0.002651168539999915,0.010354423351287778,0.8797141196046994,0.05984322891135818
SQuADDS_MultiTarget,41,chip_simple_dx0p909_dym0p909__Lj12p0nH_Cj2p0fF__roL8p5mm__tee_fl160um_fc12_cg1p2um__rpg1p4um,4.73041475635,6.13915705239,5.531350560152053,240.65162948709263,5.907224899753467,2,chip_simple_dx2p727_dym3p636__Lj12p0nH_Cj2p0fF__roL8p5mm__tee_fl160um_fc12_cg1p2um__rpg1p4um,4.72851008449,6.15393913849,5.502300477457046,242.70006914810185,5.946585208298799,7.817685374138547e-05,0.0019046718600002066,0.014782086100000313,0.029050082695007085,2.048439661009212,0.03936030854533268
SQuADDS_MultiTarget,41,chip_simple_dx0p909_dym0p909__Lj12p0nH_Cj2p0fF__roL8p5mm__tee_fl160um_fc12_cg1p2um__rpg1p4um,4.73041475635,6.13915705239,5.531350560152053,240.65162948709263,5.907224899753467,3,chip_simple_dx2p727_dy0p909__Lj12p0nH_Cj2p0fF__roL8p5mm__tee_fl160um_fc12_cg1p2um__rpg1p4um,4.74298606075,6.14557563555,5.577913346075058,240.00739016593903,5.859609361630187,7.965647914469755e-05,0.012571304399999761,0.006418583160000324,0.04656278592300467,0.6442393211536057,0.04761553812327968
SQuADDS_MultiTarget,41,chip_simple_dx0p909_dym0p909__Lj12p0nH_Cj2p0fF__roL8p5mm__tee_fl160um_fc12_cg1p2um__rpg1p4um,4.73041475635,6.13915705239,5.531350560152053,240.65162948709263,5.907224899753467,4,chip_simple_dx3p636_dy1p818__Lj12p0nH_Cj2p0fF__roL8p5mm__tee_fl160um_fc12_cg1p2um__rpg1p4um,4.70410383857,6.10458585083,5.567014398902892,241.3514256786174,5.861681512957739,0.00011738177642699936,0.026310917780000054,0.03457120155999949,0.035663838750839005,0.6997961915247686,0.045543386795727336
SQuADDS_MultiTarget,41,chip_simple_dx0p909_dym0p909__Lj12p0nH_Cj2p0fF__roL8p5mm__tee_fl160um_fc12_cg1p2um__rpg1p4um,4.73041475635,6.13915705239,5.531350560152053,240.65162948709263,5.907224899753467,5,chip_simple_dxm10p000_dy6p364__Lj12p0nH_Cj2p0fF__roL8p5mm__tee_fl160um_fc12_cg1p2um__rpg1p4um,4.72047666907,6.13292859683,5.448801997238159,239.8053726208776,5.897409581121149,0.00012436578018446264,0.009938087280000119,0.006228455559999624,0.08254856291389423,0.8462568662150431,0.009815318632317549
SQuADDS_MultiTarget,41,chip_simple_dx0p909_dym0p909__Lj12p0nH_Cj2p0fF__roL8p5mm__tee_fl160um_fc12_cg1p2um__rpg1p4um,4.73041475635,6.13915705239,5.531350560152053,240.65162948709263,5.907224899753467,6,chip_simple_dxm5p455_dym2p727__Lj12p0nH_Cj2p0fF__roL8p5mm__tee_fl160um_fc12_cg1p2um__rpg1p4um,4.74191288272,6.16037786476,5.586993185428619,242.8607467730461,5.939829633011445,0.00012581928758677327,0.01149812637000025,0.021220812370000175,0.05564262527656538,2.209117285953454,0.03260473325797797
SQuADDS_MultiTarget,41,chip_simple_dx0p909_dym0p909__Lj12p0nH_Cj2p0fF__roL8p5mm__tee_fl160um_fc12_cg1p2um__rpg1p4um,4.73041475635,6.13915705239,5.531350560152053,240.65162948709263,5.907224899753467,7,chip_simple_dx1p818_dym3p636__Lj12p0nH_Cj2p0fF__roL8p5mm__tee_fl160um_fc12_cg1p2um__rpg1p4um,4.7002658343,6.11919403433,5.529006472345352,243.631041324958,5.866922254374302,0.0001511977690660119,0.030148922050000415,0.01996301805999945,0.002344087806701367,2.9794118378653707,0.040302645379164836
SQuADDS_MultiTarget,41,chip_simple_dx0p909_dym0p909__Lj12p0nH_Cj2p0fF__roL8p5mm__tee_fl160um_fc12_cg1p2um__rpg1p4um,4.73041475635,6.13915705239,5.531350560152053,240.65162948709263,5.907224899753467,8,chip_simple_dxm4p545_dy5p455__Lj12p0nH_Cj2p0fF__roL8p5mm__tee_fl160um_fc12_cg1p2um__rpg1p4um,4.71582269895,6.12400360673,5.595842418161392,242.67790535088983,5.858169998149668,0.00015350608970842247,0.014592057399999803,0.015153445660000209,0.06449185800933854,2.0262758637971956,0.04905490160379866
SQuADDS_MultiTarget,41,chip_simple_dx0p909_dym0p909__Lj12p0nH_Cj2p0fF__roL8p5mm__tee_fl160um_fc12_cg1p2um__rpg1p4um,4.73041475635,6.13915705239,5.531350560152053,240.65162948709263,5.907224899753467,9,chip_simple_dx9p091_dym2p727__Lj12p0nH_Cj2p0fF__roL8p5mm__tee_fl160um_fc12_cg1p2um__rpg1p4um,4.75421160279,6.18453840176,5.473107182682037,241.5748597938345,5.95940112810006,0.00018175387870433078,0.023796846439999797,0.04538134937000038,0.05824337747001618,0.923230306741857,0.05217622834659341
SQuADDS_MultiTarget,41,chip_simple_dx0p909_dym0p909__Lj12p0nH_Cj2p0fF__roL8p5mm__tee_fl160um_fc12_cg1p2um__rpg1p4um,4.73041475635,6.13915705239,5.531350560152053,240.65162948709263,5.907224899753467,10,chip_simple_dx0p909_dym9p091__Lj12p0nH_Cj2p0fF__roL8p5mm__tee_fl160um_fc12_cg1p2um__rpg1p4um,4.73292662921,6.13968220021,5.629279759424209,242.34971323214788,5.904117804172508,0.0001820452744248917,0.002511872859999542,0.000525147820000349,0.09792919927215582,1.6980837450552428,0.00310709558095823
SQuADDS_MultiTarget,42,chip_simple_dx0p909_dy1p818__Lj12p0nH_Cj2p0fF__roL8p5mm__tee_fl160um_fc12_cg1p2um__rpg1p4um,4.72805541503,5.96254016051,6.395456623533248,229.17457992820783,5.710812142211281,1,chip_simple_dx3p636_dy0p000__Lj12p0nH_Cj2p0fF__roL8p5mm__tee_fl160um_fc12_cg1p2um__rpg1p4um,4.70882035794,5.9422654803,6.4021899407176965,229.9937839696689,5.689626408771035,4.193744629152138e-05,0.019235057090000396,0.020274680210000007,0.00673331718444814,0.8192040414610631,0.021185733440245436
SQuADDS_MultiTarget,42,chip_simple_dx0p909_dy1p818__Lj12p0nH_Cj2p0fF__roL8p5mm__tee_fl160um_fc12_cg1p2um__rpg1p4um,4.72805541503,5.96254016051,6.395456623533248,229.17457992820783,5.710812142211281,2,chip_simple_dxm6p364_dy7p273__Lj12p0nH_Cj2p0fF__roL8p5mm__tee_fl160um_fc12_cg1p2um__rpg1p4um,4.74220530909,5.96110218154,6.471195480819702,227.23819529883824,5.728633425549979,0.00011970355872322199,0.014149894060000001,0.0014379789699994205,0.07573885728645369,1.9363846293695985,0.017821283338697924
SQuADDS_MultiTarget,42,chip_simple_dx0p909_dy1p818__Lj12p0nH_Cj2p0fF__roL8p5mm__tee_fl160um_fc12_cg1p2um__rpg1p4um,4.72805541503,5.96254016051,6.395456623533248,229.17457992820783,5.710812142211281,3,chip_simple_dxm0p909_dym3p636__Lj12p0nH_Cj2p0fF__roL8p5mm__tee_fl160um_fc12_cg1p2um__rpg1p4um,4.69601117989,5.93903014075,6.353685933414459,231.5134236977928,5.684249526032748,0.00014570337299678936,0.03204423513999988,0.02351001975999978,0.04177069011878931,2.338843769584969,0.026562616178532394
SQuADDS_MultiTarget,42,chip_simple_dx0p909_dy1p818__Lj12p0nH_Cj2p0fF__roL8p5mm__tee_fl160um_fc12_cg1p2um__rpg1p4um,4.72805541503,5.96254016051,6.395456623533248,229.17457992820783,5.710812142211281,4,chip_simple_dx4p545_dy0p000__Lj12p0nH_Cj2p0fF__roL8p5mm__tee_fl160um_fc12_cg1p2um__rpg1p4um,4.7350581972,5.93645736802,6.4650667580204,224.52510583681948,5.625215131929476,0.000398692157394239,0.007002782169999833,0.026082792489999562,0.06961013448715203,4.649474091388356,0.08559701028180466
SQuADDS_MultiTarget,42,chip_simple_dx0p909_dy1p818__Lj12p0nH_Cj2p0fF__roL8p5mm__tee_fl160um_fc12_cg1p2um__rpg1p4um,4.72805541503,5.96254016051,6.395456623533248,229.17457992820783,5.710812142211281,5,chip_simple_dx3p636_dy4p545__Lj12p0nH_Cj2p0fF__roL8p5mm__tee_fl160um_fc12_cg1p2um__rpg1p4um,4.76686960241,6.03406234879,6.336961414855956,231.9630982052728,5.803810222877011,0.0004597268103334849,0.038814187379999865,0.07152218828000034,0.058495208677292077,2.788518277064952,0.09299808066573068
SQuADDS_MultiTarget,42,chip_simple_dx0p909_dy1p818__Lj12p0nH_Cj2p0fF__roL8p5mm__tee_fl160um_fc12_cg1p2um__rpg1p4um,4.72805541503,5.96254016051,6.395456623533248,229.17457992820783,5.710812142211281,6,chip_simple_dxm10p000_dy5p455__Lj12p0nH_Cj2p0fF__roL8p5mm__tee_fl160um_fc12_cg1p2um__rpg1p4um,4.68450586588,5.93930419909,6.332968150115967,233.56816593343532,5.606035397677945,0.0004998387664172713,0.043549549149999756,0.023235961419999285,0.062488473417281476,4.39358600522749,0.10477674453333563
SQuADDS_MultiTarget,42,chip_simple_dx0p909_dy1p818__Lj12p0nH_Cj2p0fF__roL8p5mm__tee_fl160um_fc12_cg1p2um__rpg1p4um,4.72805541503,5.96254016051,6.395456623533248,229.17457992820783,5.710812142211281,7,chip_simple_dxm1p818_dym10p000__Lj12p0nH_Cj2p0fF__roL8p5mm__tee_fl160um_fc12_cg1p2um__rpg1p4um,4.72213098232,5.99382514578,6.216597866516113,232.5260761215951,5.710682925319376,0.0005270977704370877,0.00592443270999965,0.03128498527000012,0.17885875701713516,3.351496193387277,0.0001292168919047043
SQuADDS_MultiTarget,42,chip_simple_dx0p909_dy1p818__Lj12p0nH_Cj2p0fF__roL8p5mm__tee_fl160um_fc12_cg1p2um__rpg1p4um,4.72805541503,5.96254016051,6.395456623533248,229.17457992820783,5.710812142211281,8,chip_simple_dxm0p909_dy4p545__Lj12p0nH_Cj2p0fF__roL8p5mm__tee_fl160um_fc12_cg1p2um__rpg1p4um,4.7332354087,5.97981485633,6.195107574489593,227.38497188220632,5.728661585836097,0.0005356518336539721,0.005179993669999661,0.017274695820000296,0.20034904904365547,1.7896080460015185,0.017849443624815997
SQuADDS_MultiTarget,42,chip_simple_dx0p909_dy1p818__Lj12p0nH_Cj2p0fF__roL8p5mm__tee_fl160um_fc12_cg1p2um__rpg1p4um,4.72805541503,5.96254016051,6.395456623533248,229.17457992820783,5.710812142211281,9,chip_simple_dx2p727_dy0p000__Lj12p0nH_Cj2p0fF__roL8p5mm__tee_fl160um_fc12_cg1p2um__rpg1p4um,4.76620966397,6.02515822259,6.254953544332504,229.04963471324572,5.809278275147736,0.0005655268250857708,0.038154248939999746,0.06261806208000031,0.14050307920074445,0.12494521496211064,0.0984661329364549
SQuADDS_MultiTarget,42,chip_simple_dx0p909_dy1p818__Lj12p0nH_Cj2p0fF__roL8p5mm__tee_fl160um_fc12_cg1p2um__rpg1p4um,4.72805541503,5.96254016051,6.395456623533248,229.17457992820783,5.710812142211281,10,chip_simple_dx8p182_dym9p091__Lj12p0nH_Cj2p0fF__roL8p5mm__tee_fl160um_fc12_cg1p2um__rpg1p4um,4.69794764375,5.92675568612,6.2352093673686975,226.629875520666,5.613791258445734,0.000596440558904205,0.030107771279999973,0.035784474389999765,0.16024725616455093,2.5447044075418432,0.09702088376554663
SQuADDS_MultiTarget,43,chip_simple_dx0p909_dy8p182__Lj12p0nH_Cj2p0fF__roL8p5mm__tee_fl160um_fc12_cg1p2um__rpg1p4um,4.68790432134,6.07605330218,6.1550839484939575,252.6847248926069,5.829326184395551,1,chip_simple_dxm8p182_dy5p455__Lj12p0nH_Cj2p0fF__roL8p5mm__tee_fl160um_fc12_cg1p2um__rpg1p4um,4.70090830216,6.08954676117,6.185020620603561,252.7010445145384,5.852490302512357,3.235179419580911e-05,0.013003980820000649,0.013493458990000207,0.029936672109603712,0.01631962193150116,0.023164118116805632
SQuADDS_MultiTarget,43,chip_simple_dx0p909_dy8p182__Lj12p0nH_Cj2p0fF__roL8p5mm__tee_fl160um_fc12_cg1p2um__rpg1p4um,4.68790432134,6.07605330218,6.1550839484939575,252.6847248926069,5.829326184395551,2,chip_simple_dx1p818_dy0p000__Lj12p0nH_Cj2p0fF__roL8p5mm__tee_fl160um_fc12_cg1p2um__rpg1p4um,4.68111378467,6.07792819925,6.160216600387573,254.68171473649764,5.840109825142222,3.548158231397986e-05,0.006790536669999625,0.0018748970699995482,0.0051326518936152254,1.9969898438907308,0.01078364074667082
SQuADDS_MultiTarget,43,chip_simple_dx0p909_dy8p182__Lj12p0nH_Cj2p0fF__roL8p5mm__tee_fl160um_fc12_cg1p2um__rpg1p4um,4.68790432134,6.07605330218,6.1550839484939575,252.6847248926069,5.829326184395551,3,chip_simple_dx0p909_dy2p727__Lj12p0nH_Cj2p0fF__roL8p5mm__tee_fl160um_fc12_cg1p2um__rpg1p4um,4.68950459777,6.08766133854,6.096332340703964,253.08284499290465,5.866286461039824,7.066350060716501e-05,0.0016002764300004912,0.011608036360000185,0.05875160778999344,0.3981201002977457,0.03696027664427248
SQuADDS_MultiTarget,43,chip_simple_dx0p909_dy8p182__Lj12p0nH_Cj2p0fF__roL8p5mm__tee_fl160um_fc12_cg1p2um__rpg1p4um,4.68790432134,6.07605330218,6.1550839484939575,252.6847248926069,5.829326184395551,4,chip_simple_dx8p182_dym1p818__Lj12p0nH_Cj2p0fF__roL8p5mm__tee_fl160um_fc12_cg1p2um__rpg1p4um,4.68525295522,6.09379748036,6.095650871637344,255.11644504269023,5.8822544461123405,0.00014299307712461293,0.0026513661199993876,0.01774417818000007,0.05943307685661381,2.431720150083322,0.052928261716789216
SQuADDS_MultiTarget,43,chip_simple_dx0p909_dy8p182__Lj12p0nH_Cj2p0fF__roL8p5mm__tee_fl160um_fc12_cg1p2um__rpg1p4um,4.68790432134,6.07605330218,6.1550839484939575,252.6847248926069,5.829326184395551,5,chip_simple_dx10p000_dym1p818__Lj12p0nH_Cj2p0fF__roL8p5mm__tee_fl160um_fc12_cg1p2um__rpg1p4um,4.69464793401,6.11019400861,6.101083616342544,255.8484712973412,5.818187065933997,0.00015233415114533869,0.006743612670000232,0.03414070642999967,0.05400033215141331,3.1637464047342974,0.011139118461554354
SQuADDS_MultiTarget,43,chip_simple_dx0p909_dy8p182__Lj12p0nH_Cj2p0fF__roL8p5mm__tee_fl160um_fc12_cg1p2um__rpg1p4um,4.68790432134,6.07605330218,6.1550839484939575,252.6847248926069,5.829326184395551,6,chip_simple_dx10p000_dy7p273__Lj12p0nH_Cj2p0fF__roL8p5mm__tee_fl160um_fc12_cg1p2um__rpg1p4um,4.66101955519,6.03694119202,6.148507254526138,251.85392058988865,5.756378365268905,0.00015860079869862276,0.02688476614999935,0.03911211016000049,0.006576693967819125,0.8308043027182634,0.07294781912664661
SQuADDS_MultiTarget,43,chip_simple_dx0p909_dy8p182__Lj12p0nH_Cj2p0fF__roL8p5mm__tee_fl160um_fc12_cg1p2um__rpg1p4um,4.68790432134,6.07605330218,6.1550839484939575,252.6847248926069,5.829326184395551,7,chip_simple_dx3p636_dym7p273__Lj12p0nH_Cj2p0fF__roL8p5mm__tee_fl160um_fc12_cg1p2um__rpg1p4um,4.71844087505,6.09326872435,6.172192269672394,249.2646758562308,5.887827549157398,0.0001962752502173217,0.03053655371000019,0.017215422169999606,0.017108321178436192,3.420049036376099,0.058501364761847086
SQuADDS_MultiTarget,43,chip_simple_dx0p909_dy8p182__Lj12p0nH_Cj2p0fF__roL8p5mm__tee_fl160um_fc12_cg1p2um__rpg1p4um,4.68790432134,6.07605330218,6.1550839484939575,252.6847248926069,5.829326184395551,8,chip_simple_dx2p727_dy6p364__Lj12p0nH_Cj2p0fF__roL8p5mm__tee_fl160um_fc12_cg1p2um__rpg1p4um,4.71827326294,6.10422533124,6.110669951080322,249.8252160711548,5.885426209420992,0.00019983825982514792,0.03036894160000081,0.02817202906000027,0.04441399741363572,2.8595088214520956,0.05610002502544109
SQuADDS_MultiTarget,43,chip_simple_dx0p909_dy8p182__Lj12p0nH_Cj2p0fF__roL8p5mm__tee_fl160um_fc12_cg1p2um__rpg1p4um,4.68790432134,6.07605330218,6.1550839484939575,252.6847248926069,5.829326184395551,9,chip_simple_dxm10p000_dy0p909__Lj12p0nH_Cj2p0fF__roL8p5mm__tee_fl160um_fc12_cg1p2um__rpg1p4um,4.70703508171,6.1027913224,6.054301022790908,250.9771558944962,5.873941688086905,0.0002221935999966257,0.019130760370000388,0.026738020219999825,0.10078292570304903,1.7075689981107018,0.04461550369135381
SQuADDS_MultiTarget,43,chip_simple_dx0p909_dy8p182__Lj12p0nH_Cj2p0fF__roL8p5mm__tee_fl160um_fc12_cg1p2um__rpg1p4um,4.68790432134,6.07605330218,6.1550839484939575,252.6847248926069,5.829326184395551,10,chip_simple_dx6p364_dy9p091__Lj12p0nH_Cj2p0fF__roL8p5mm__tee_fl160um_fc12_cg1p2um__rpg1p4um,4.69570573869,6.09933720693,6.023506759710312,252.1584106638029,5.887771375415434,0.000298372344335619,0.007801417350000506,0.02328390474999953,0.13157718878364566,0.5263142288040115,0.058445191019882436
SQuADDS_MultiTarget,44,chip_simple_dx1p818_dym7p273__Lj12p0nH_Cj2p0fF__roL8p5mm__tee_fl160um_fc12_cg1p2um__rpg1p4um,4.74666112839,6.08358454415,5.664541106372833,231.1803356314868,5.849984420391888,1,chip_simple_dx0p909_dym7p273__Lj12p0nH_Cj2p0fF__roL8p5mm__tee_fl160um_fc12_cg1p2um__rpg1p4um,4.7614879753,6.08901350731,5.709311675077438,229.9700636116568,5.849530220387646,5.549394530733871e-05,0.014826846909999247,0.005428963159999967,0.04477056870460494,1.2102720198300005,0.00045420000424201135
SQuADDS_MultiTarget,44,chip_simple_dx1p818_dym7p273__Lj12p0nH_Cj2p0fF__roL8p5mm__tee_fl160um_fc12_cg1p2um__rpg1p4um,4.74666112839,6.08358454415,5.664541106372833,231.1803356314868,5.849984420391888,2,chip_simple_dxm0p909_dym4p545__Lj12p0nH_Cj2p0fF__roL8p5mm__tee_fl160um_fc12_cg1p2um__rpg1p4um,4.73152601443,6.08098781521,5.6054915347919465,232.6416415790713,5.819711093719061,9.805148027192023e-05,0.015135113960000446,0.0025967289399995153,0.05904957158088653,1.461305947584492,0.030273326672826784
SQuADDS_MultiTarget,44,chip_simple_dx1p818_dym7p273__Lj12p0nH_Cj2p0fF__roL8p5mm__tee_fl160um_fc12_cg1p2um__rpg1p4um,4.74666112839,6.08358454415,5.664541106372833,231.1803356314868,5.849984420391888,3,chip_simple_dxm5p455_dym5p455__Lj12p0nH_Cj2p0fF__roL8p5mm__tee_fl160um_fc12_cg1p2um__rpg1p4um,4.73470923401,6.08624842403,5.670676468399048,234.1906472022272,5.826739823305008,9.979211297830249e-05,0.011951894380000105,0.002663879880000053,0.006135362026214786,3.010311570740413,0.023244597086879537
SQuADDS_MultiTarget,44,chip_simple_dx1p818_dym7p273__Lj12p0nH_Cj2p0fF__roL8p5mm__tee_fl160um_fc12_cg1p2um__rpg1p4um,4.74666112839,6.08358454415,5.664541106372833,231.1803356314868,5.849984420391888,4,chip_simple_dx6p364_dy2p727__Lj12p0nH_Cj2p0fF__roL8p5mm__tee_fl160um_fc12_cg1p2um__rpg1p4um,4.75293196551,6.07708289994,5.740933858938217,230.41754424422072,5.810778700049102,0.0001217262843016162,0.0062708371199997615,0.0065016442100001015,0.07639275256538358,0.762791387266077,0.039205720342785355
SQuADDS_MultiTarget,44,chip_simple_dx1p818_dym7p273__Lj12p0nH_Cj2p0fF__roL8p5mm__tee_fl160um_fc12_cg1p2um__rpg1p4um,4.74666112839,6.08358454415,5.664541106372833,231.1803356314868,5.849984420391888,5,chip_simple_dx7p273_dym2p727__Lj12p0nH_Cj2p0fF__roL8p5mm__tee_fl160um_fc12_cg1p2um__rpg1p4um,4.75484668771,6.06921513477,5.718313435150146,228.27848180607165,5.844076080583877,0.00013290009528280918,0.008185559319999314,0.014369409379999531,0.053772328777313305,2.901853825415145,0.005908339808010865
SQuADDS_MultiTarget,44,chip_simple_dx1p818_dym7p273__Lj12p0nH_Cj2p0fF__roL8p5mm__tee_fl160um_fc12_cg1p2um__rpg1p4um,4.74666112839,6.08358454415,5.664541106372833,231.1803356314868,5.849984420391888,6,chip_simple_dx5p455_dym9p091__Lj12p0nH_Cj2p0fF__roL8p5mm__tee_fl160um_fc12_cg1p2um__rpg1p4um,4.74946000079,6.06973702281,5.756615043542862,230.21871320620863,5.823921246974269,0.00015620808563403013,0.0027988723999996523,0.01384752133999978,0.09207393717002876,0.9616224252781649,0.026063173417618657
SQuADDS_MultiTarget,44,chip_simple_dx1p818_dym7p273__Lj12p0nH_Cj2p0fF__roL8p5mm__tee_fl160um_fc12_cg1p2um__rpg1p4um,4.74666112839,6.08358454415,5.664541106372833,231.1803356314868,5.849984420391888,7,chip_simple_dxm1p818_dy0p909__Lj12p0nH_Cj2p0fF__roL8p5mm__tee_fl160um_fc12_cg1p2um__rpg1p4um,4.73247725261,6.06032547334,5.647781850090027,230.0219004377902,5.758222245971617,0.00016350152489026057,0.014183875780000577,0.023259070810000004,0.016759256282806057,1.1584351936965902,0.09176217442027035
SQuADDS_MultiTarget,44,chip_simple_dx1p818_dym7p273__Lj12p0nH_Cj2p0fF__roL8p5mm__tee_fl160um_fc12_cg1p2um__rpg1p4um,4.74666112839,6.08358454415,5.664541106372833,231.1803356314868,5.849984420391888,8,chip_simple_dxm6p364_dym9p091__Lj12p0nH_Cj2p0fF__roL8p5mm__tee_fl160um_fc12_cg1p2um__rpg1p4um,4.71233913521,6.02901270922,5.663697428594589,229.5055713320909,5.813836152709171,0.00017809411341941154,0.03432199318000073,0.05457183492999995,0.0008436777782439009,1.6747642993958891,0.03614826768271673
SQuADDS_MultiTarget,44,chip_simple_dx1p818_dym7p273__Lj12p0nH_Cj2p0fF__roL8p5mm__tee_fl160um_fc12_cg1p2um__rpg1p4um,4.74666112839,6.08358454415,5.664541106372833,231.1803356314868,5.849984420391888,9,chip_simple_dx6p364_dy10p000__Lj12p0nH_Cj2p0fF__roL8p5mm__tee_fl160um_fc12_cg1p2um__rpg1p4um,4.76637826198,6.09129636663,5.637318817792893,227.8240871059492,5.906826600514835,0.0001830002731876649,0.01971713358999949,0.00771182248000013,0.027222288579940468,3.356248525537609,0.05684218012294728
SQuADDS_MultiTarget,44,chip_simple_dx1p818_dym7p273__Lj12p0nH_Cj2p0fF__roL8p5mm__tee_fl160um_fc12_cg1p2um__rpg1p4um,4.74666112839,6.08358454415,5.664541106372833,231.1803356314868,5.849984420391888,10,chip_simple_dx10p000_dy5p455__Lj12p0nH_Cj2p0fF__roL8p5mm__tee_fl160um_fc12_cg1p2um__rpg1p4um,4.77056794082,6.12645084226,5.640998436819077,232.61451725199908,5.931445691824671,0.00019984946813888404,0.023906812429999924,0.04286629810999987,0.02354266955375639,1.4341816205122768,0.08146127143278381
SQuADDS_MultiTarget,45,chip_simple_dx1p818_dy3p636__Lj12p0nH_Cj2p0fF__roL8p5mm__tee_fl160um_fc12_cg1p2um__rpg1p4um,4.7147704111,6.16119909555,5.562345516431808,248.05193508888928,5.9861451046852325,1,chip_simple_dxm2p727_dy3p636__Lj12p0nH_Cj2p0fF__roL8p5mm__tee_fl160um_fc12_cg1p2um__rpg1p4um,4.72771327144,6.17379279793,5.623312453847885,248.72072138405872,5.943747599398507,0.00010049828042279707,0.012942860339999918,0.012593702380000238,0.06096693741607684,0.6687862951694399,0.04239750528672559
SQuADDS_MultiTarget,45,chip_simple_dx1p818_dy3p636__Lj12p0nH_Cj2p0fF__roL8p5mm__tee_fl160um_fc12_cg1p2um__rpg1p4um,4.7147704111,6.16119909555,5.562345516431808,248.05193508888928,5.9861451046852325,2,chip_simple_dx0p000_dym10p000__Lj12p0nH_Cj2p0fF__roL8p5mm__tee_fl160um_fc12_cg1p2um__rpg1p4um,4.72617335759,6.18783165048,5.473578181682586,247.93824058661983,5.979999407972001,0.00015250527201503576,0.011402946489999621,0.02663255492999994,0.08876733474922194,0.11369450226945332,0.006145696713231175
SQuADDS_MultiTarget,45,chip_simple_dx1p818_dy3p636__Lj12p0nH_Cj2p0fF__roL8p5mm__tee_fl160um_fc12_cg1p2um__rpg1p4um,4.7147704111,6.16119909555,5.562345516431808,248.05193508888928,5.9861451046852325,3,chip_simple_dxm0p909_dy9p091__Lj12p0nH_Cj2p0fF__roL8p5mm__tee_fl160um_fc12_cg1p2um__rpg1p4um,4.69371229441,6.15775711443,5.5688977525024415,252.0576475169164,5.970794629409332,0.0001546326563531965,0.021058116689999906,0.0034419811199999373,0.006552236070633377,4.005712428027124,0.015350475275900166
SQuADDS_MultiTarget,45,chip_simple_dx1p818_dy3p636__Lj12p0nH_Cj2p0fF__roL8p5mm__tee_fl160um_fc12_cg1p2um__rpg1p4um,4.7147704111,6.16119909555,5.562345516431808,248.05193508888928,5.9861451046852325,4,chip_simple_dxm7p273_dym5p455__Lj12p0nH_Cj2p0fF__roL8p5mm__tee_fl160um_fc12_cg1p2um__rpg1p4um,4.73184455751,6.20479563684,5.572578645385742,251.6877216406616,6.007676605765333,0.00017876437906139234,0.017074146409999713,0.043596541290000346,0.010233128953934134,3.635786551772327,0.02153150108010049
SQuADDS_MultiTarget,45,chip_simple_dx1p818_dy3p636__Lj12p0nH_Cj2p0fF__roL8p5mm__tee_fl160um_fc12_cg1p2um__rpg1p4um,4.7147704111,6.16119909555,5.562345516431808,248.05193508888928,5.9861451046852325,5,chip_simple_dx9p091_dym4p545__Lj12p0nH_Cj2p0fF__roL8p5mm__tee_fl160um_fc12_cg1p2um__rpg1p4um,4.74298968952,6.21595359683,5.546431172784805,250.5823135991841,6.029204485292758,0.0001967962815619635,0.028219278419999938,0.05475450128000059,0.015914343647002838,2.5303785102948098,0.043059380607525455
SQuADDS_MultiTarget,45,chip_simple_dx1p818_dy3p636__Lj12p0nH_Cj2p0fF__roL8p5mm__tee_fl160um_fc12_cg1p2um__rpg1p4um,4.7147704111,6.16119909555,5.562345516431808,248.05193508888928,5.9861451046852325,6,chip_simple_dxm3p636_dy4p545__Lj12p0nH_Cj2p0fF__roL8p5mm__tee_fl160um_fc12_cg1p2um__rpg1p4um,4.71363061095,6.14572418614,5.668436658781052,248.2621666113731,5.949051840746841,0.00020781598722246938,0.0011398001499998145,0.01547490940999996,0.10609114234924366,0.21023152248380939,0.03709326393839163
SQuADDS_MultiTarget,45,chip_simple_dx1p818_dy3p636__Lj12p0nH_Cj2p0fF__roL8p5mm__tee_fl160um_fc12_cg1p2um__rpg1p4um,4.7147704111,6.16119909555,5.562345516431808,248.05193508888928,5.9861451046852325,7,chip_simple_dxm9p091_dy8p182__Lj12p0nH_Cj2p0fF__roL8p5mm__tee_fl160um_fc12_cg1p2um__rpg1p4um,4.73445099138,6.15478155079,5.603587422172546,243.7500148862952,5.951852940269059,0.00021279156147755555,0.019680580280000193,0.0064175447599996716,0.04124190574073783,4.30192020259409,0.034292164416173776
SQuADDS_MultiTarget,45,chip_simple_dx1p818_dy3p636__Lj12p0nH_Cj2p0fF__roL8p5mm__tee_fl160um_fc12_cg1p2um__rpg1p4um,4.7147704111,6.16119909555,5.562345516431808,248.05193508888928,5.9861451046852325,8,chip_simple_dxm3p636_dym6p364__Lj12p0nH_Cj2p0fF__roL8p5mm__tee_fl160um_fc12_cg1p2um__rpg1p4um,4.69919145175,6.17226446551,5.555493060129165,252.9426854633619,5.946935337018482,0.00023072742136491227,0.015578959349999977,0.011065369959999849,0.006852456302643084,4.890750374472617,0.03920976766675022
SQuADDS_MultiTarget,45,chip_simple_dx1p818_dy3p636__Lj12p0nH_Cj2p0fF__roL8p5mm__tee_fl160um_fc12_cg1p2um__rpg1p4um,4.7147704111,6.16119909555,5.562345516431808,248.05193508888928,5.9861451046852325,9,chip_simple_dxm9p091_dy4p545__Lj12p0nH_Cj2p0fF__roL8p5mm__tee_fl160um_fc12_cg1p2um__rpg1p4um,4.70020646758,6.16959521458,5.58720127576828,253.10207266424865,5.941758744245985,0.00025612147947201455,0.014563943519999789,0.00839611903000037,0.02485575933647155,5.050137575359372,0.044386360439247596
SQuADDS_MultiTarget,45,chip_simple_dx1p818_dy3p636__Lj12p0nH_Cj2p0fF__roL8p5mm__tee_fl160um_fc12_cg1p2um__rpg1p4um,4.7147704111,6.16119909555,5.562345516431808,248.05193508888928,5.9861451046852325,10,chip_simple_dxm5p455_dym2p727__Lj12p0nH_Cj2p0fF__roL8p5mm__tee_fl160um_fc12_cg1p2um__rpg1p4um,4.74191288272,6.16037786476,5.586993185428619,242.8607467730461,5.939829633011445,0.00029189574429126563,0.027142471620000386,0.0008212307899997384,0.0246476689968107,5.191188315843192,0.04631547167378791
SQuADDS_MultiTarget,46,chip_simple_dx1p818_dy5p455__Lj12p0nH_Cj2p0fF__roL8p5mm__tee_fl160um_fc12_cg1p2um__rpg1p4um,4.76504494824,6.06753025245,5.516957339994431,221.8716816785297,5.805015849622223,1,chip_simple_dx2p727_dym8p182__Lj12p0nH_Cj2p0fF__roL8p5mm__tee_fl160um_fc12_cg1p2um__rpg1p4um,4.76605487334,6.062936783,5.504983878475189,220.70248592051564,5.824211585305177,2.2325293443675236e-05,0.0010099250999999754,0.004593469450000498,0.011973461519242612,1.1691957580140695,0.01919573568295352
SQuADDS_MultiTarget,46,chip_simple_dx1p818_dy5p455__Lj12p0nH_Cj2p0fF__roL8p5mm__tee_fl160um_fc12_cg1p2um__rpg1p4um,4.76504494824,6.06753025245,5.516957339994431,221.8716816785297,5.805015849622223,2,chip_simple_dx7p273_dy4p545__Lj12p0nH_Cj2p0fF__roL8p5mm__tee_fl160um_fc12_cg1p2um__rpg1p4um,4.76463364249,6.06778348676,5.540035029947281,222.43563515503288,5.83218068473875,2.2937578757018812e-05,0.000411305750000146,0.00025323430999968366,0.023077689952849312,0.5639534765031726,0.02716483511652701
SQuADDS_MultiTarget,46,chip_simple_dx1p818_dy5p455__Lj12p0nH_Cj2p0fF__roL8p5mm__tee_fl160um_fc12_cg1p2um__rpg1p4um,4.76504494824,6.06753025245,5.516957339994431,221.8716816785297,5.805015849622223,3,chip_simple_dxm6p364_dym2p727__Lj12p0nH_Cj2p0fF__roL8p5mm__tee_fl160um_fc12_cg1p2um__rpg1p4um,4.78643161529,6.07447748154,5.571383293457031,219.776855663418,5.804018163338089,0.00011470326887420658,0.021386667049999808,0.006947229089999674,0.05442595346259971,2.094826015111721,0.0009976862841343248
SQuADDS_MultiTarget,46,chip_simple_dx1p818_dy5p455__Lj12p0nH_Cj2p0fF__roL8p5mm__tee_fl160um_fc12_cg1p2um__rpg1p4um,4.76504494824,6.06753025245,5.516957339994431,221.8716816785297,5.805015849622223,4,chip_simple_dxm6p364_dym0p909__Lj12p0nH_Cj2p0fF__roL8p5mm__tee_fl160um_fc12_cg1p2um__rpg1p4um,4.77570732404,6.08443212228,5.519260666910172,222.3516389432408,5.895879300078792,0.00013769514778586153,0.010662375799999957,0.01690186982999986,0.0023033269157402003,0.47995726471108924,0.09086345045656863
SQuADDS_MultiTarget,46,chip_simple_dx1p818_dy5p455__Lj12p0nH_Cj2p0fF__roL8p5mm__tee_fl160um_fc12_cg1p2um__rpg1p4um,4.76504494824,6.06753025245,5.516957339994431,221.8716816785297,5.805015849622223,5,chip_simple_dx4p545_dy5p455__Lj12p0nH_Cj2p0fF__roL8p5mm__tee_fl160um_fc12_cg1p2um__rpg1p4um,4.79418626685,6.08500156739,5.524672909627914,218.89374055263784,5.839393681887264,0.0001542797959986593,0.0291413186099998,0.01747131493999987,0.007715569633482744,2.977941125891874,0.034377832265040986
SQuADDS_MultiTarget,46,chip_simple_dx1p818_dy5p455__Lj12p0nH_Cj2p0fF__roL8p5mm__tee_fl160um_fc12_cg1p2um__rpg1p4um,4.76504494824,6.06753025245,5.516957339994431,221.8716816785297,5.805015849622223,6,chip_simple_dxm8p182_dym2p727__Lj12p0nH_Cj2p0fF__roL8p5mm__tee_fl160um_fc12_cg1p2um__rpg1p4um,4.74763898771,6.06492901197,5.550595968381882,225.6424239894449,5.805846601859689,0.00017654347109190003,0.017405960529999653,0.002601240479999767,0.03363862838745035,3.770742310915182,0.0008307522374657594
SQuADDS_MultiTarget,46,chip_simple_dx1p818_dy5p455__Lj12p0nH_Cj2p0fF__roL8p5mm__tee_fl160um_fc12_cg1p2um__rpg1p4um,4.76504494824,6.06753025245,5.516957339994431,221.8716816785297,5.805015849622223,7,chip_simple_dxm2p727_dym3p636__Lj12p0nH_Cj2p0fF__roL8p5mm__tee_fl160um_fc12_cg1p2um__rpg1p4um,4.76214497172,6.03479088527,5.587802219089507,218.7280150264405,5.793013457094686,0.0002144504356598765,0.0028999765200001804,0.03273936718000048,0.07084487909507597,3.143666652089223,0.012002392527537431
SQuADDS_MultiTarget,46,chip_simple_dx1p818_dy5p455__Lj12p0nH_Cj2p0fF__roL8p5mm__tee_fl160um_fc12_cg1p2um__rpg1p4um,4.76504494824,6.06753025245,5.516957339994431,221.8716816785297,5.805015849622223,8,chip_simple_dxm5p455_dy4p545__Lj12p0nH_Cj2p0fF__roL8p5mm__tee_fl160um_fc12_cg1p2um__rpg1p4um,4.73477972348,6.05163166502,5.542912740110397,226.10829519663807,5.807693664303362,0.00024068805102756165,0.03026522475999993,0.015898587429999722,0.025955400115965865,4.236613518108356,0.0026778146811388126
SQuADDS_MultiTarget,46,chip_simple_dx1p818_dy5p455__Lj12p0nH_Cj2p0fF__roL8p5mm__tee_fl160um_fc12_cg1p2um__rpg1p4um,4.76504494824,6.06753025245,5.516957339994431,221.8716816785297,5.805015849622223,9,chip_simple_dx4p545_dy4p545__Lj12p0nH_Cj2p0fF__roL8p5mm__tee_fl160um_fc12_cg1p2um__rpg1p4um,4.767233335,6.07149627011,5.60287805475235,223.77900158270697,5.880806234872567,0.00024409153499330968,0.002188386760000327,0.003966017659999821,0.0859207147579184,1.9073199041772568,0.0757903852503441
SQuADDS_MultiTarget,46,chip_simple_dx1p818_dy5p455__Lj12p0nH_Cj2p0fF__roL8p5mm__tee_fl160um_fc12_cg1p2um__rpg1p4um,4.76504494824,6.06753025245,5.516957339994431,221.8716816785297,5.805015849622223,10,chip_simple_dx0p909_dym1p818__Lj12p0nH_Cj2p0fF__roL8p5mm__tee_fl160um_fc12_cg1p2um__rpg1p4um,4.74382125763,6.0716485122,5.499687352653504,226.4433546572846,5.834878033029041,0.0002507137477473184,0.02122369061000029,0.004118259750000242,0.017269987340926996,4.57167297875489,0.029862183406817344
SQuADDS_MultiTarget,47,chip_simple_dx2p727_dym10p000__Lj12p0nH_Cj2p0fF__roL8p5mm__tee_fl160um_fc12_cg1p2um__rpg1p4um,4.74229331487,6.15078958492,5.620493009893417,241.95026076677843,5.9601362593327005,1,chip_simple_dxm5p455_dym2p727__Lj12p0nH_Cj2p0fF__roL8p5mm__tee_fl160um_fc12_cg1p2um__rpg1p4um,4.74191288272,6.16037786476,5.586993185428619,242.8607467730461,5.939829633011445,3.30836827243129e-05,0.00038043215000005404,0.009588279839999991,0.0334998244647986,0.9104860062676607,0.020306626321255905
SQuADDS_MultiTarget,47,chip_simple_dx2p727_dym10p000__Lj12p0nH_Cj2p0fF__roL8p5mm__tee_fl160um_fc12_cg1p2um__rpg1p4um,4.74229331487,6.15078958492,5.620493009893417,241.95026076677843,5.9601362593327005,2,chip_simple_dxm9p091_dy8p182__Lj12p0nH_Cj2p0fF__roL8p5mm__tee_fl160um_fc12_cg1p2um__rpg1p4um,4.73445099138,6.15478155079,5.603587422172546,243.7500148862952,5.951852940269059,3.6311129267736284e-05,0.007842323490000247,0.003991965870000058,0.016905587720871473,1.7997541195167628,0.00828331906364177
SQuADDS_MultiTarget,47,chip_simple_dx2p727_dym10p000__Lj12p0nH_Cj2p0fF__roL8p5mm__tee_fl160um_fc12_cg1p2um__rpg1p4um,4.74229331487,6.15078958492,5.620493009893417,241.95026076677843,5.9601362593327005,3,chip_simple_dx0p909_dym9p091__Lj12p0nH_Cj2p0fF__roL8p5mm__tee_fl160um_fc12_cg1p2um__rpg1p4um,4.73292662921,6.13968220021,5.629279759424209,242.34971323214788,5.904117804172508,5.3916358661226034e-05,0.009366685660000762,0.011107384709999835,0.008786749530791838,0.3994524653694498,0.056018455160192104
SQuADDS_MultiTarget,47,chip_simple_dx2p727_dym10p000__Lj12p0nH_Cj2p0fF__roL8p5mm__tee_fl160um_fc12_cg1p2um__rpg1p4um,4.74229331487,6.15078958492,5.620493009893417,241.95026076677843,5.9601362593327005,4,chip_simple_dxm9p091_dy10p000__Lj12p0nH_Cj2p0fF__roL8p5mm__tee_fl160um_fc12_cg1p2um__rpg1p4um,4.7252089608,6.13650588385,5.541704983503341,241.53134360669733,5.967068128664825,0.00011879852750557699,0.01708435407000053,0.014283701070000099,0.0787880263900762,0.4189171600810937,0.0069318693321243074
SQuADDS_MultiTarget,47,chip_simple_dx2p727_dym10p000__Lj12p0nH_Cj2p0fF__roL8p5mm__tee_fl160um_fc12_cg1p2um__rpg1p4um,4.74229331487,6.15078958492,5.620493009893417,241.95026076677843,5.9601362593327005,5,chip_simple_dx2p727_dy8p182__Lj12p0nH_Cj2p0fF__roL8p5mm__tee_fl160um_fc12_cg1p2um__rpg1p4um,4.72577115301,6.11702248151,5.67343218500328,241.13444090201696,5.90532555190526,0.00013460532154426522,0.016522161860000217,0.03376710340999978,0.0529391751098629,0.8158198647614654,0.054810707427440875
SQuADDS_MultiTarget,47,chip_simple_dx2p727_dym10p000__Lj12p0nH_Cj2p0fF__roL8p5mm__tee_fl160um_fc12_cg1p2um__rpg1p4um,4.74229331487,6.15078958492,5.620493009893417,241.95026076677843,5.9601362593327005,6,chip_simple_dxm8p182_dy1p818__Lj12p0nH_Cj2p0fF__roL8p5mm__tee_fl160um_fc12_cg1p2um__rpg1p4um,4.71664457901,6.13034053841,5.655800553245544,244.77506405259857,5.930245532265892,0.0001407665051808873,0.025648735860000826,0.020449046510000457,0.03530754335212638,2.8248032858201384,0.02989072706680851
SQuADDS_MultiTarget,47,chip_simple_dx2p727_dym10p000__Lj12p0nH_Cj2p0fF__roL8p5mm__tee_fl160um_fc12_cg1p2um__rpg1p4um,4.74229331487,6.15078958492,5.620493009893417,241.95026076677843,5.9601362593327005,7,chip_simple_dx8p182_dy9p091__Lj12p0nH_Cj2p0fF__roL8p5mm__tee_fl160um_fc12_cg1p2um__rpg1p4um,4.72158254912,6.12778684598,5.69784814260292,244.34494700729925,5.923186679041649,0.00019596594111663868,0.020710765750000526,0.023002738939999823,0.07735513270950278,2.3946862405208265,0.036949580291051554
SQuADDS_MultiTarget,47,chip_simple_dx2p727_dym10p000__Lj12p0nH_Cj2p0fF__roL8p5mm__tee_fl160um_fc12_cg1p2um__rpg1p4um,4.74229331487,6.15078958492,5.620493009893417,241.95026076677843,5.9601362593327005,8,chip_simple_dx2p727_dy0p909__Lj12p0nH_Cj2p0fF__roL8p5mm__tee_fl160um_fc12_cg1p2um__rpg1p4um,4.74298606075,6.14557563555,5.577913346075058,240.00739016593903,5.859609361630187,0.0002039171233758052,0.0006927458799994568,0.00521394936999986,0.042579663818359315,1.9428706008393988,0.10052689770251355
SQuADDS_MultiTarget,47,chip_simple_dx2p727_dym10p000__Lj12p0nH_Cj2p0fF__roL8p5mm__tee_fl160um_fc12_cg1p2um__rpg1p4um,4.74229331487,6.15078958492,5.620493009893417,241.95026076677843,5.9601362593327005,9,chip_simple_dxm4p545_dy5p455__Lj12p0nH_Cj2p0fF__roL8p5mm__tee_fl160um_fc12_cg1p2um__rpg1p4um,4.71582269895,6.12400360673,5.595842418161392,242.67790535088983,5.858169998149668,0.00021060432786197878,0.026470615920000107,0.026785978190000392,0.02465059173202544,0.7276445841114025,0.10196626118303254
SQuADDS_MultiTarget,47,chip_simple_dx2p727_dym10p000__Lj12p0nH_Cj2p0fF__roL8p5mm__tee_fl160um_fc12_cg1p2um__rpg1p4um,4.74229331487,6.15078958492,5.620493009893417,241.95026076677843,5.9601362593327005,10,chip_simple_dx2p727_dym3p636__Lj12p0nH_Cj2p0fF__roL8p5mm__tee_fl160um_fc12_cg1p2um__rpg1p4um,4.72851008449,6.15393913849,5.502300477457046,242.70006914810185,5.946585208298799,0.00023720263429341122,0.01378323038000051,0.00314955357000013,0.11819253243637107,0.7498083813234189,0.013551051033901196
SQuADDS_MultiTarget,48,chip_simple_dx3p636_dym5p455__Lj12p0nH_Cj2p0fF__roL8p5mm__tee_fl160um_fc12_cg1p2um__rpg1p4um,4.63197173575,6.19329916872,6.540510196891784,294.34437514212726,6.010793791569966,1,chip_simple_dx4p545_dym6p364__Lj12p0nH_Cj2p0fF__roL8p5mm__tee_fl160um_fc12_cg1p2um__rpg1p4um,4.61231478285,6.1335076061,6.798953771820068,294.2549832930316,5.929705086318325,0.0009829461220182037,0.019656952899999247,0.05979156262000007,0.2584435749282843,0.08939184909564801,0.08108870525164047
SQuADDS_MultiTarget,48,chip_simple_dx3p636_dym5p455__Lj12p0nH_Cj2p0fF__roL8p5mm__tee_fl160um_fc12_cg1p2um__rpg1p4um,4.63197173575,6.19329916872,6.540510196891784,294.34437514212726,6.010793791569966,2,chip_simple_dx10p000_dym2p727__Lj12p0nH_Cj2p0fF__roL8p5mm__tee_fl160um_fc12_cg1p2um__rpg1p4um,4.65444657204,6.15198201158,6.55648122142601,282.16818861633897,5.938804420909544,0.0009983709498160628,0.022474836290000688,0.04131715713999995,0.01597102453422572,12.176186525788296,0.07198937066042177
SQuADDS_MultiTarget,48,chip_simple_dx3p636_dym5p455__Lj12p0nH_Cj2p0fF__roL8p5mm__tee_fl160um_fc12_cg1p2um__rpg1p4um,4.63197173575,6.19329916872,6.540510196891784,294.34437514212726,6.010793791569966,3,fig5_cg2p0um_rpg1p0um__Lj12p0nH_Cj0p0fF__roL8p5mm__tee_fl160um_fc12,4.67537317002,6.28144982257,6.80016774546051,305.861011614189,6.2286045622900525,0.0025004054066613815,0.04340143427000065,0.08815065384999965,0.25965754856872625,11.516636472061748,0.21781077072008692
SQuADDS_MultiTarget,48,chip_simple_dx3p636_dym5p455__Lj12p0nH_Cj2p0fF__roL8p5mm__tee_fl160um_fc12_cg1p2um__rpg1p4um,4.63197173575,6.19329916872,6.540510196891784,294.34437514212726,6.010793791569966,4,chip_simple_dxm3p636_dym8p182__Lj12p0nH_Cj2p0fF__roL8p5mm__tee_fl160um_fc12_cg1p2um__rpg1p4um,4.67477993862,6.16530840037,6.238829511974334,272.6481468594707,5.96410442198707,0.003916370014270936,0.042808202870000756,0.027990768350000472,0.30168068491745004,21.696228282656534,0.0466893695828956
SQuADDS_MultiTarget,48,chip_simple_dx3p636_dym5p455__Lj12p0nH_Cj2p0fF__roL8p5mm__tee_fl160um_fc12_cg1p2um__rpg1p4um,4.63197173575,6.19329916872,6.540510196891784,294.34437514212726,6.010793791569966,5,chip_simple_dxm9p091_dy2p727__Lj12p0nH_Cj2p0fF__roL8p5mm__tee_fl160um_fc12_cg1p2um__rpg1p4um,4.68785660116,6.14920505102,6.378877137207031,269.97376724564526,5.9601401255266735,0.003964727705669029,0.05588486541000037,0.04409411770000027,0.16163305968475328,24.370607896482,0.050653666043292134
SQuADDS_MultiTarget,48,chip_simple_dx3p636_dym5p455__Lj12p0nH_Cj2p0fF__roL8p5mm__tee_fl160um_fc12_cg1p2um__rpg1p4um,4.63197173575,6.19329916872,6.540510196891784,294.34437514212726,6.010793791569966,6,chip_simple_dxm8p182_dym3p636__Lj12p0nH_Cj2p0fF__roL8p5mm__tee_fl160um_fc12_cg1p2um__rpg1p4um,4.62081617264,6.04082312115,6.552176032234192,270.0441205602928,5.824573659816503,0.004501269119811846,0.011155563109999989,0.15247604757000044,0.011665835342408393,24.30025458183445,0.18622013175346286
SQuADDS_MultiTarget,48,chip_simple_dx3p636_dym5p455__Lj12p0nH_Cj2p0fF__roL8p5mm__tee_fl160um_fc12_cg1p2um__rpg1p4um,4.63197173575,6.19329916872,6.540510196891784,294.34437514212726,6.010793791569966,7,chip_simple_dx3p636_dy3p636__Lj12p0nH_Cj2p0fF__roL8p5mm__tee_fl160um_fc12_cg1p2um__rpg1p4um,4.64027560624,6.0453856762,6.692517402437209,269.36381961114404,5.806133906462158,0.005024658723166002,0.008303870490000698,0.14791349252000074,0.15200720554542535,24.980555530983224,0.20465988510780786
SQuADDS_MultiTarget,48,chip_simple_dx3p636_dym5p455__Lj12p0nH_Cj2p0fF__roL8p5mm__tee_fl160um_fc12_cg1p2um__rpg1p4um,4.63197173575,6.19329916872,6.540510196891784,294.34437514212726,6.010793791569966,8,chip_simple_dx7p273_dy6p364__Lj12p0nH_Cj2p0fF__roL8p5mm__tee_fl160um_fc12_cg1p2um__rpg1p4um,4.64195686026,6.15054121396,6.064661784154891,273.66878744595965,5.93995769375592,0.005235354598090541,0.009985124509999999,0.04275795475999988,0.4758484127368927,20.67558769616761,0.07083609781404565
SQuADDS_MultiTarget,48,chip_simple_dx3p636_dym5p455__Lj12p0nH_Cj2p0fF__roL8p5mm__tee_fl160um_fc12_cg1p2um__rpg1p4um,4.63197173575,6.19329916872,6.540510196891784,294.34437514212726,6.010793791569966,9,chip_simple_dx4p545_dym2p727__Lj12p0nH_Cj2p0fF__roL8p5mm__tee_fl160um_fc12_cg1p2um__rpg1p4um,4.61269243006,6.02903831277,6.513506029554367,269.0501313175289,5.767352914265127,0.005241774690927937,0.019279305689999582,0.16426085595000028,0.027004167337416618,25.294243824598368,0.2434408773048382
SQuADDS_MultiTarget,48,chip_simple_dx3p636_dym5p455__Lj12p0nH_Cj2p0fF__roL8p5mm__tee_fl160um_fc12_cg1p2um__rpg1p4um,4.63197173575,6.19329916872,6.540510196891784,294.34437514212726,6.010793791569966,10,chip_simple_dx4p545_dy3p636__Lj12p0nH_Cj2p0fF__roL8p5mm__tee_fl160um_fc12_cg1p2um__rpg1p4um,4.6391490467,6.1400873545,6.087010506978988,273.04723708403606,5.896341322884301,0.005278903149059889,0.007177310950000404,0.05321181421999999,0.4534996899127961,21.297138058091207,0.1144524686856645
SQuADDS_MultiTarget,49,chip_simple_dx4p545_dym9p091__Lj12p0nH_Cj2p0fF__roL8p5mm__tee_fl160um_fc12_cg1p2um__rpg1p4um,4.69845603184,6.03996782339,6.099931291072846,243.1226746857453,5.71065108426744,1,chip_simple_dxm8p182_dy0p000__Lj12p0nH_Cj2p0fF__roL8p5mm__tee_fl160um_fc12_cg1p2um__rpg1p4um,4.71825133181,6.07367777131,6.017017910228729,242.8397923358069,5.766522456286912,0.00018981543751412708,0.01979529997000018,0.03370994792000026,0.0829133808441167,0.28288234993840433,0.05587137201947279
SQuADDS_MultiTarget,49,chip_simple_dx4p545_dym9p091__Lj12p0nH_Cj2p0fF__roL8p5mm__tee_fl160um_fc12_cg1p2um__rpg1p4um,4.69845603184,6.03996782339,6.099931291072846,243.1226746857453,5.71065108426744,2,chip_simple_dxm6p364_dy0p909__Lj12p0nH_Cj2p0fF__roL8p5mm__tee_fl160um_fc12_cg1p2um__rpg1p4um,4.69107050135,6.04188144188,5.995209583665847,242.9076041180208,5.775200553792946,0.0002142100928713435,0.007385530490000569,0.0019136184900006015,0.10472170740699838,0.21507056772449573,0.064549469525506
SQuADDS_MultiTarget,49,chip_simple_dx4p545_dym9p091__Lj12p0nH_Cj2p0fF__roL8p5mm__tee_fl160um_fc12_cg1p2um__rpg1p4um,4.69845603184,6.03996782339,6.099931291072846,243.1226746857453,5.71065108426744,3,chip_simple_dx7p273_dym9p091__Lj12p0nH_Cj2p0fF__roL8p5mm__tee_fl160um_fc12_cg1p2um__rpg1p4um,4.6928216438,6.0417170803,6.165310552288055,246.04724963381204,5.790205003998438,0.0002283446230680519,0.005634388039999827,0.0017492569100001631,0.06537926121520954,2.9245749480667484,0.07955391973099868
SQuADDS_MultiTarget,49,chip_simple_dx4p545_dym9p091__Lj12p0nH_Cj2p0fF__roL8p5mm__tee_fl160um_fc12_cg1p2um__rpg1p4um,4.69845603184,6.03996782339,6.099931291072846,243.1226746857453,5.71065108426744,4,chip_simple_dxm5p455_dy2p727__Lj12p0nH_Cj2p0fF__roL8p5mm__tee_fl160um_fc12_cg1p2um__rpg1p4um,4.71638631695,6.04240059633,6.065049773584366,238.98986735764416,5.770011812343904,0.0002295812666077232,0.017930285110000277,0.0024327729400006604,0.03488151748848001,4.132807328101137,0.05936072807646475
SQuADDS_MultiTarget,49,chip_simple_dx4p545_dym9p091__Lj12p0nH_Cj2p0fF__roL8p5mm__tee_fl160um_fc12_cg1p2um__rpg1p4um,4.69845603184,6.03996782339,6.099931291072846,243.1226746857453,5.71065108426744,5,chip_simple_dxm2p000_dym2p000__Lj12p0nH_Cj2p0fF__roL8p5mm__tee_fl160um_fc12_cg1p2um__rpg1p4um,4.66750846399,5.99576429238,6.200288068849563,244.5650742862331,5.692685446377873,0.0002548295905035017,0.03094756785000019,0.04420353100999996,0.10035677777671737,1.4423996004878177,0.01796563788956629
SQuADDS_MultiTarget,49,chip_simple_dx4p545_dym9p091__Lj12p0nH_Cj2p0fF__roL8p5mm__tee_fl160um_fc12_cg1p2um__rpg1p4um,4.69845603184,6.03996782339,6.099931291072846,243.1226746857453,5.71065108426744,6,chip_simple_dxm2p000_dym2p000__Lj12p0nH_Cj2p0fF__roL8p5mm__tee_fl160um_fc12_cg1p2um__rpg1p4um,4.66750846399,5.99576429238,6.200288068849563,244.5650742862331,5.69268544637786,0.00025482959050350903,0.03094756785000019,0.04420353100999996,0.10035677777671737,1.4423996004878177,0.01796563788957961
SQuADDS_MultiTarget,49,chip_simple_dx4p545_dym9p091__Lj12p0nH_Cj2p0fF__roL8p5mm__tee_fl160um_fc12_cg1p2um__rpg1p4um,4.69845603184,6.03996782339,6.099931291072846,243.1226746857453,5.71065108426744,7,chip_simple_dx7p273_dym5p455__Lj12p0nH_Cj2p0fF__roL8p5mm__tee_fl160um_fc12_cg1p2um__rpg1p4um,4.68956975271,6.00915982967,6.033120924316406,238.5769642035002,5.707892283474967,0.00026448341933272564,0.008886279130000396,0.03080799371999987,0.0668103667564397,4.5457104822450844,0.002758800792472371
SQuADDS_MultiTarget,49,chip_simple_dx4p545_dym9p091__Lj12p0nH_Cj2p0fF__roL8p5mm__tee_fl160um_fc12_cg1p2um__rpg1p4um,4.69845603184,6.03996782339,6.099931291072846,243.1226746857453,5.71065108426744,8,chip_simple_dxm4p545_dym3p636__Lj12p0nH_Cj2p0fF__roL8p5mm__tee_fl160um_fc12_cg1p2um__rpg1p4um,4.67304431925,6.03199474143,6.125895672599793,247.8916504390452,5.756437524837708,0.0002645797157410114,0.025411712590000413,0.007973081959999462,0.025964381526947022,4.768975753299912,0.045786440570268816
SQuADDS_MultiTarget,49,chip_simple_dx4p545_dym9p091__Lj12p0nH_Cj2p0fF__roL8p5mm__tee_fl160um_fc12_cg1p2um__rpg1p4um,4.69845603184,6.03996782339,6.099931291072846,243.1226746857453,5.71065108426744,9,chip_simple_dx5p455_dy2p727__Lj12p0nH_Cj2p0fF__roL8p5mm__tee_fl160um_fc12_cg1p2um__rpg1p4um,4.68450192494,6.04838752866,6.060318185382843,246.72047979195173,5.809511348960735,0.00029118994783162267,0.013954106899999985,0.008419705270000577,0.03961310569000265,3.5978051062064367,0.09886026469329501
SQuADDS_MultiTarget,49,chip_simple_dx4p545_dym9p091__Lj12p0nH_Cj2p0fF__roL8p5mm__tee_fl160um_fc12_cg1p2um__rpg1p4um,4.69845603184,6.03996782339,6.099931291072846,243.1226746857453,5.71065108426744,10,chip_simple_dxm3p636_dy0p909__Lj12p0nH_Cj2p0fF__roL8p5mm__tee_fl160um_fc12_cg1p2um__rpg1p4um,4.67370270888,6.01212956717,5.972365206701278,241.2318799818838,5.710985206034561,0.0002979131477503555,0.024753322960000546,0.027838256219999913,0.12756608437156736,1.890794703861502,0.00033412176712133146
SQuADDS_MultiTarget,50,chip_simple_dx4p545_dym4p545__Lj12p0nH_Cj2p0fF__roL8p5mm__tee_fl160um_fc12_cg1p2um__rpg1p4um,4.67643617071,6.11785108748,6.043482551631927,259.952537892804,5.857168214888497,1,chip_simple_dx2p727_dym4p545__Lj12p0nH_Cj2p0fF__roL8p5mm__tee_fl160um_fc12_cg1p2um__rpg1p4um,4.67903296313,6.11573618128,6.044701898437499,259.02103527572217,5.889612598595296,2.2210137259814913e-05,0.0025967924200003267,0.0021149062000000995,0.0012193468055725631,0.9315026170818328,0.032444383706798696
SQuADDS_MultiTarget,50,chip_simple_dx4p545_dym4p545__Lj12p0nH_Cj2p0fF__roL8p5mm__tee_fl160um_fc12_cg1p2um__rpg1p4um,4.67643617071,6.11785108748,6.043482551631927,259.952537892804,5.857168214888497,2,chip_simple_dxm8p182_dym1p818__Lj12p0nH_Cj2p0fF__roL8p5mm__tee_fl160um_fc12_cg1p2um__rpg1p4um,4.6768035342,6.11785091516,6.0153143460884095,259.1949206835079,5.894894638109007,3.5858948084699095e-05,0.0003673634900005496,1.7232000004696602e-07,0.02816820554351729,0.757617209296086,0.03772642322051034
SQuADDS_MultiTarget,50,chip_simple_dx4p545_dym4p545__Lj12p0nH_Cj2p0fF__roL8p5mm__tee_fl160um_fc12_cg1p2um__rpg1p4um,4.67643617071,6.11785108748,6.043482551631927,259.952537892804,5.857168214888497,3,chip_simple_dxm5p455_dym6p364__Lj12p0nH_Cj2p0fF__roL8p5mm__tee_fl160um_fc12_cg1p2um__rpg1p4um,4.67880445973,6.13114230017,6.073318766338348,262.3201681940904,5.871519874338315,6.164210648130698e-05,0.0023682890200005247,0.013291212689999554,0.02983621470642106,2.367630301286397,0.014351659449817866
SQuADDS_MultiTarget,50,chip_simple_dx4p545_dym4p545__Lj12p0nH_Cj2p0fF__roL8p5mm__tee_fl160um_fc12_cg1p2um__rpg1p4um,4.67643617071,6.11785108748,6.043482551631927,259.952537892804,5.857168214888497,4,chip_simple_dxm2p727_dy2p727__Lj12p0nH_Cj2p0fF__roL8p5mm__tee_fl160um_fc12_cg1p2um__rpg1p4um,4.69292169855,6.12459458775,6.071658140985488,258.0113497070096,5.889099829288583,6.725222193354545e-05,0.016485527840000458,0.006743500269999814,0.02817558935356157,1.9411881857944309,0.031931614400086517
SQuADDS_MultiTarget,50,chip_simple_dx4p545_dym4p545__Lj12p0nH_Cj2p0fF__roL8p5mm__tee_fl160um_fc12_cg1p2um__rpg1p4um,4.67643617071,6.11785108748,6.043482551631927,259.952537892804,5.857168214888497,5,chip_simple_dxm10p000_dy4p545__Lj12p0nH_Cj2p0fF__roL8p5mm__tee_fl160um_fc12_cg1p2um__rpg1p4um,4.6696821001,6.13115899928,6.015155077039719,263.1000057078415,5.898867515034506,0.00011644571214974225,0.006754070609999552,0.013307911800000127,0.02832747459220819,3.147467815037487,0.041699300146008866
SQuADDS_MultiTarget,50,chip_simple_dx4p545_dym4p545__Lj12p0nH_Cj2p0fF__roL8p5mm__tee_fl160um_fc12_cg1p2um__rpg1p4um,4.67643617071,6.11785108748,6.043482551631927,259.952537892804,5.857168214888497,6,chip_simple_dxm6p364_dy0p000__Lj12p0nH_Cj2p0fF__roL8p5mm__tee_fl160um_fc12_cg1p2um__rpg1p4um,4.6715110421,6.11602371104,5.946437598886489,258.5796032420524,5.886712731567605,0.00015679348229655872,0.004925128610000051,0.0018273764399996395,0.09704495274543756,1.3729346507515743,0.029544516679107957
SQuADDS_MultiTarget,50,chip_simple_dx4p545_dym4p545__Lj12p0nH_Cj2p0fF__roL8p5mm__tee_fl160um_fc12_cg1p2um__rpg1p4um,4.67643617071,6.11785108748,6.043482551631927,259.952537892804,5.857168214888497,7,chip_simple_dx8p182_dy8p182__Lj12p0nH_Cj2p0fF__roL8p5mm__tee_fl160um_fc12_cg1p2um__rpg1p4um,4.69745140842,6.12940857106,6.00176041119194,256.33160974703685,5.915191680844501,0.0001936734248769552,0.021015237710000356,0.011557483579999861,0.04172214043998679,3.6209281457671523,0.05802346595600394
SQuADDS_MultiTarget,50,chip_simple_dx4p545_dym4p545__Lj12p0nH_Cj2p0fF__roL8p5mm__tee_fl160um_fc12_cg1p2um__rpg1p4um,4.67643617071,6.11785108748,6.043482551631927,259.952537892804,5.857168214888497,8,chip_simple_dx10p000_dym1p818__Lj12p0nH_Cj2p0fF__roL8p5mm__tee_fl160um_fc12_cg1p2um__rpg1p4um,4.69464793401,6.11019400861,6.101083616342544,255.8484712973412,5.818187065933997,0.0002089265913975681,0.018211763300000072,0.007657078870000333,0.05760106471061732,4.104066595462797,0.0389811489545
SQuADDS_MultiTarget,50,chip_simple_dx4p545_dym4p545__Lj12p0nH_Cj2p0fF__roL8p5mm__tee_fl160um_fc12_cg1p2um__rpg1p4um,4.67643617071,6.11785108748,6.043482551631927,259.952537892804,5.857168214888497,9,chip_simple_dx8p182_dym1p818__Lj12p0nH_Cj2p0fF__roL8p5mm__tee_fl160um_fc12_cg1p2um__rpg1p4um,4.68525295522,6.09379748036,6.095650871637344,255.11644504269023,5.8822544461123405,0.0002384918846644378,0.008816784510000453,0.02405360711999993,0.052168320005416824,4.836092850113772,0.02508623122384357
SQuADDS_MultiTarget,50,chip_simple_dx4p545_dym4p545__Lj12p0nH_Cj2p0fF__roL8p5mm__tee_fl160um_fc12_cg1p2um__rpg1p4um,4.67643617071,6.11785108748,6.043482551631927,259.952537892804,5.857168214888497,10,chip_simple_dx3p636_dy7p273__Lj12p0nH_Cj2p0fF__roL8p5mm__tee_fl160um_fc12_cg1p2um__rpg1p4um,4.64301310099,6.06890912074,6.122459167245864,260.94499649016126,5.802140772643392,0.0002518862635576491,0.03342306971999953,0.048941966740000176,0.07897661561393754,0.9924585973572562,0.05502744224510536
SQuADDS_MultiTarget,51,chip_simple_dx4p545_dym3p636__Lj12p0nH_Cj2p0fF__roL8p5mm__tee_fl160um_fc12_cg1p2um__rpg1p4um,4.75526161807,6.06820241703,5.393554075391769,221.40091609806976,5.765231944176255,1,chip_simple_dxm7p273_dy4p545__Lj12p0nH_Cj2p0fF__roL8p5mm__tee_fl160um_fc12_cg1p2um__rpg1p4um,4.74478453553,6.05547649219,5.373042161886215,221.0804417671074,5.791354520716529,2.7796787867324833e-05,0.010477082539999572,0.012725924839999792,0.020511913505553814,0.3204743309623552,0.02612257654027328
SQuADDS_MultiTarget,51,chip_simple_dx4p545_dym3p636__Lj12p0nH_Cj2p0fF__roL8p5mm__tee_fl160um_fc12_cg1p2um__rpg1p4um,4.75526161807,6.06820241703,5.393554075391769,221.40091609806976,5.765231944176255,2,chip_simple_dxm0p909_dy8p182__Lj12p0nH_Cj2p0fF__roL8p5mm__tee_fl160um_fc12_cg1p2um__rpg1p4um,4.76253327326,6.09281262101,5.302599734979629,221.8855650743731,5.804085218059851,0.00018608009902612913,0.007271655190000281,0.024610203980000023,0.09095434041214023,0.48464897630333326,0.038853273883595385
SQuADDS_MultiTarget,51,chip_simple_dx4p545_dym3p636__Lj12p0nH_Cj2p0fF__roL8p5mm__tee_fl160um_fc12_cg1p2um__rpg1p4um,4.75526161807,6.06820241703,5.393554075391769,221.40091609806976,5.765231944176255,3,chip_simple_dx2p727_dym8p182__Lj12p0nH_Cj2p0fF__roL8p5mm__tee_fl160um_fc12_cg1p2um__rpg1p4um,4.76605487334,6.062936783,5.504983878475189,220.70248592051564,5.824211585305177,0.00027662314206237644,0.010793255270000301,0.005265634030000577,0.11142980308341954,0.6984301775541155,0.0589796411289214
SQuADDS_MultiTarget,51,chip_simple_dx4p545_dym3p636__Lj12p0nH_Cj2p0fF__roL8p5mm__tee_fl160um_fc12_cg1p2um__rpg1p4um,4.75526161807,6.06820241703,5.393554075391769,221.40091609806976,5.765231944176255,4,chip_simple_dxm10p000_dy10p000__Lj12p0nH_Cj2p0fF__roL8p5mm__tee_fl160um_fc12_cg1p2um__rpg1p4um,4.76420948131,6.07980929074,5.262032916395187,218.6923729557343,5.806839983012462,0.000405384601213102,0.008947863240000409,0.01160687370999991,0.13152115899658234,2.708543142335458,0.04160803883620634
SQuADDS_MultiTarget,51,chip_simple_dx4p545_dym3p636__Lj12p0nH_Cj2p0fF__roL8p5mm__tee_fl160um_fc12_cg1p2um__rpg1p4um,4.75526161807,6.06820241703,5.393554075391769,221.40091609806976,5.765231944176255,5,chip_simple_dx6p364_dy7p273__Lj12p0nH_Cj2p0fF__roL8p5mm__tee_fl160um_fc12_cg1p2um__rpg1p4um,4.73212189971,6.07302882801,5.421970001947403,227.40830584937643,5.783914954042914,0.00041155559466890827,0.023139718359999506,0.004826410979999807,0.028415926555633853,6.007389751306675,0.01868300986665883
SQuADDS_MultiTarget,51,chip_simple_dx4p545_dym3p636__Lj12p0nH_Cj2p0fF__roL8p5mm__tee_fl160um_fc12_cg1p2um__rpg1p4um,4.75526161807,6.06820241703,5.393554075391769,221.40091609806976,5.765231944176255,6,chip_simple_dxm0p909_dy2p727__Lj12p0nH_Cj2p0fF__roL8p5mm__tee_fl160um_fc12_cg1p2um__rpg1p4um,4.70779688919,6.02364360744,5.465226220020294,225.5217206888144,5.792823970341947,0.0004265057070975684,0.04746472887999964,0.044558809589999804,0.07167214462852467,4.120804590744655,0.02759202616569123
SQuADDS_MultiTarget,51,chip_simple_dx4p545_dym3p636__Lj12p0nH_Cj2p0fF__roL8p5mm__tee_fl160um_fc12_cg1p2um__rpg1p4um,4.75526161807,6.06820241703,5.393554075391769,221.40091609806976,5.765231944176255,7,chip_simple_dx7p273_dy4p545__Lj12p0nH_Cj2p0fF__roL8p5mm__tee_fl160um_fc12_cg1p2um__rpg1p4um,4.76463364249,6.06778348676,5.540035029947281,222.43563515503288,5.83218068473875,0.0004510276469310347,0.00937202442000018,0.00041893027000039496,0.14648095455551147,1.0347190569631266,0.06694874056249489
SQuADDS_MultiTarget,51,chip_simple_dx4p545_dym3p636__Lj12p0nH_Cj2p0fF__roL8p5mm__tee_fl160um_fc12_cg1p2um__rpg1p4um,4.75526161807,6.06820241703,5.393554075391769,221.40091609806976,5.765231944176255,8,chip_simple_dx4p545_dy5p455__Lj12p0nH_Cj2p0fF__roL8p5mm__tee_fl160um_fc12_cg1p2um__rpg1p4um,4.79418626685,6.08500156739,5.524672909627914,218.89374055263784,5.839393681887264,0.0005170173544261754,0.038924648780000126,0.016799150359999793,0.1311188342361449,2.5071755454319202,0.07416173771100887
SQuADDS_MultiTarget,51,chip_simple_dx4p545_dym3p636__Lj12p0nH_Cj2p0fF__roL8p5mm__tee_fl160um_fc12_cg1p2um__rpg1p4um,4.75526161807,6.06820241703,5.393554075391769,221.40091609806976,5.765231944176255,9,chip_simple_dx7p273_dy0p000__Lj12p0nH_Cj2p0fF__roL8p5mm__tee_fl160um_fc12_cg1p2um__rpg1p4um,4.73285614666,6.06364786636,5.47772784601593,226.8629872413658,5.835642549018717,0.0005234380575709754,0.022405471409999933,0.0045545506699999905,0.08417377062416076,5.462071143296043,0.07041060484246131
SQuADDS_MultiTarget,51,chip_simple_dx4p545_dym3p636__Lj12p0nH_Cj2p0fF__roL8p5mm__tee_fl160um_fc12_cg1p2um__rpg1p4um,4.75526161807,6.06820241703,5.393554075391769,221.40091609806976,5.765231944176255,10,chip_simple_dx6p364_dym5p455__Lj12p0nH_Cj2p0fF__roL8p5mm__tee_fl160um_fc12_cg1p2um__rpg1p4um,4.75078715707,6.03628209085,5.3055558983383175,215.55523015902745,5.731041446609096,0.0005278013068420532,0.0044744609999991525,0.03192032617999985,0.0879981770534517,5.845685939042312,0.03419049756715964
SQuADDS_MultiTarget,52,chip_simple_dx5p455_dym7p273__Lj12p0nH_Cj2p0fF__roL8p5mm__tee_fl160um_fc12_cg1p2um__rpg1p4um,4.77651693144,6.01267430814,5.288875754322052,206.53408976781333,5.687153108335405,1,chip_simple_dxm6p364_dy8p182__Lj12p0nH_Cj2p0fF__roL8p5mm__tee_fl160um_fc12_cg1p2um__rpg1p4um,4.77321503886,6.00455267316,5.383789241537094,207.73583489892687,5.742832726047686,0.00022818393651040755,0.003301892579999688,0.00812163498000018,0.09491348721504167,1.2017451311135403,0.055679617712280915
SQuADDS_MultiTarget,52,chip_simple_dx5p455_dym7p273__Lj12p0nH_Cj2p0fF__roL8p5mm__tee_fl160um_fc12_cg1p2um__rpg1p4um,4.77651693144,6.01267430814,5.288875754322052,206.53408976781333,5.687153108335405,2,chip_simple_dx5p455_dy5p455__Lj12p0nH_Cj2p0fF__roL8p5mm__tee_fl160um_fc12_cg1p2um__rpg1p4um,4.79166371185,6.05484777073,5.335296250137329,211.0122938310696,5.777759592215692,0.0004597505181035599,0.015146780410000282,0.0421734625900001,0.046420495815277185,4.478204063256271,0.09060648388028714
SQuADDS_MultiTarget,52,chip_simple_dx5p455_dym7p273__Lj12p0nH_Cj2p0fF__roL8p5mm__tee_fl160um_fc12_cg1p2um__rpg1p4um,4.77651693144,6.01267430814,5.288875754322052,206.53408976781333,5.687153108335405,3,chip_simple_dx3p636_dym2p727__Lj12p0nH_Cj2p0fF__roL8p5mm__tee_fl160um_fc12_cg1p2um__rpg1p4um,4.78139468148,6.06132052905,5.243374503707885,212.1371321798882,5.765522293104982,0.0005664416670346806,0.00487775004000035,0.04864622090999937,0.045501250614166544,5.6030424120748705,0.07836918476957688
SQuADDS_MultiTarget,52,chip_simple_dx5p455_dym7p273__Lj12p0nH_Cj2p0fF__roL8p5mm__tee_fl160um_fc12_cg1p2um__rpg1p4um,4.77651693144,6.01267430814,5.288875754322052,206.53408976781333,5.687153108335405,4,chip_simple_dxm4p545_dym5p455__Lj12p0nH_Cj2p0fF__roL8p5mm__tee_fl160um_fc12_cg1p2um__rpg1p4um,4.74780934755,6.01171066353,5.136955881889343,208.8049312132329,5.762839564068083,0.0005976943177603927,0.028707583890000166,0.0009636446100005358,0.15191987243270866,2.2708414454195633,0.0756864557326784
SQuADDS_MultiTarget,52,chip_simple_dx5p455_dym7p273__Lj12p0nH_Cj2p0fF__roL8p5mm__tee_fl160um_fc12_cg1p2um__rpg1p4um,4.77651693144,6.01267430814,5.288875754322052,206.53408976781333,5.687153108335405,5,chip_simple_dx0p909_dy4p545__Lj12p0nH_Cj2p0fF__roL8p5mm__tee_fl160um_fc12_cg1p2um__rpg1p4um,4.76476123819,6.01779585812,5.4063290720748896,211.87633532782385,5.7317404606293385,0.0006186340990050833,0.011755693249999588,0.00512154998000014,0.11745331775283763,5.342245560010525,0.04458735229393351
SQuADDS_MultiTarget,52,chip_simple_dx5p455_dym7p273__Lj12p0nH_Cj2p0fF__roL8p5mm__tee_fl160um_fc12_cg1p2um__rpg1p4um,4.77651693144,6.01267430814,5.288875754322052,206.53408976781333,5.687153108335405,6,chip_simple_dxm9p091_dy9p091__Lj12p0nH_Cj2p0fF__roL8p5mm__tee_fl160um_fc12_cg1p2um__rpg1p4um,4.75085202436,6.00137867716,5.41655916849327,212.3126314781783,5.701547260512729,0.0007184201178071613,0.025664907079999466,0.011295630980000304,0.12768341417121842,5.778541710364976,0.014394152177324315
SQuADDS_MultiTarget,52,chip_simple_dx5p455_dym7p273__Lj12p0nH_Cj2p0fF__roL8p5mm__tee_fl160um_fc12_cg1p2um__rpg1p4um,4.77651693144,6.01267430814,5.288875754322052,206.53408976781333,5.687153108335405,7,chip_simple_dxm10p000_dym3p636__Lj12p0nH_Cj2p0fF__roL8p5mm__tee_fl160um_fc12_cg1p2um__rpg1p4um,4.77990037302,6.04333626236,5.1115355472545625,206.9079404411617,5.789534002440126,0.0007523409805070105,0.003383441580000479,0.030661954220000176,0.17734020706748943,0.37385067334838595,0.10238089410472107
SQuADDS_MultiTarget,52,chip_simple_dx5p455_dym7p273__Lj12p0nH_Cj2p0fF__roL8p5mm__tee_fl160um_fc12_cg1p2um__rpg1p4um,4.77651693144,6.01267430814,5.288875754322052,206.53408976781333,5.687153108335405,8,chip_simple_dx3p636_dym9p091__Lj12p0nH_Cj2p0fF__roL8p5mm__tee_fl160um_fc12_cg1p2um__rpg1p4um,4.74762783623,6.02799146582,5.311174287874222,214.95375549931185,5.736266000675814,0.0009201983178850911,0.028889095209999383,0.015317157679999305,0.022298533552169708,8.419665731498526,0.04911289234040872
SQuADDS_MultiTarget,52,chip_simple_dx5p455_dym7p273__Lj12p0nH_Cj2p0fF__roL8p5mm__tee_fl160um_fc12_cg1p2um__rpg1p4um,4.77651693144,6.01267430814,5.288875754322052,206.53408976781333,5.687153108335405,9,chip_simple_dx6p364_dym5p455__Lj12p0nH_Cj2p0fF__roL8p5mm__tee_fl160um_fc12_cg1p2um__rpg1p4um,4.75078715707,6.03628209085,5.3055558983383175,215.55523015902745,5.731041446609096,0.001033097396733166,0.025729774369999348,0.02360778271000008,0.016680144016265608,9.021140391214118,0.04388833827369076
SQuADDS_MultiTarget,52,chip_simple_dx5p455_dym7p273__Lj12p0nH_Cj2p0fF__roL8p5mm__tee_fl160um_fc12_cg1p2um__rpg1p4um,4.77651693144,6.01267430814,5.288875754322052,206.53408976781333,5.687153108335405,10,chip_simple_dx10p000_dym5p455__Lj12p0nH_Cj2p0fF__roL8p5mm__tee_fl160um_fc12_cg1p2um__rpg1p4um,4.78348404036,6.07595430882,5.212648472454071,213.32573538357212,5.832765407268815,0.0010852057478388862,0.00696710892000052,0.06328000067999984,0.07622728186798078,6.791645615758796,0.14561229893341032
SQuADDS_MultiTarget,53,chip_simple_dx5p455_dym1p818__Lj12p0nH_Cj2p0fF__roL8p5mm__tee_fl160um_fc12_cg1p2um__rpg1p4um,4.68773821557,6.16915297771,5.944327746189117,263.86610641901024,6.004178125569785,1,chip_simple_dxm9p091_dym10p000__Lj12p0nH_Cj2p0fF__roL8p5mm__tee_fl160um_fc12_cg1p2um__rpg1p4um,4.71107489741,6.18535581306,5.952367972948074,261.5686595159561,6.018524976031365,7.335529779978291e-05,0.02333668184000004,0.016202835350000555,0.00804022675895677,2.2974469030541513,0.014346850461580019
SQuADDS_MultiTarget,53,chip_simple_dx5p455_dym1p818__Lj12p0nH_Cj2p0fF__roL8p5mm__tee_fl160um_fc12_cg1p2um__rpg1p4um,4.68773821557,6.16915297771,5.944327746189117,263.86610641901024,6.004178125569785,2,chip_simple_dxm9p091_dym3p636__Lj12p0nH_Cj2p0fF__roL8p5mm__tee_fl160um_fc12_cg1p2um__rpg1p4um,4.69849918476,6.1890369169,5.88604940322876,263.4189569943742,6.029108285903374,7.377352562203505e-05,0.01076096919000058,0.019883939190000532,0.0582783429603575,0.4471494246360521,0.024930160333588525
SQuADDS_MultiTarget,53,chip_simple_dx5p455_dym1p818__Lj12p0nH_Cj2p0fF__roL8p5mm__tee_fl160um_fc12_cg1p2um__rpg1p4um,4.68773821557,6.16915297771,5.944327746189117,263.86610641901024,6.004178125569785,3,chip_simple_dxm0p909_dym1p818__Lj12p0nH_Cj2p0fF__roL8p5mm__tee_fl160um_fc12_cg1p2um__rpg1p4um,4.672625604,6.15896625974,5.890477626493453,264.17818518642616,5.957573698522844,8.49770081047529e-05,0.015112611569999324,0.010186717969999926,0.05385011969566378,0.312078767415926,0.04660442704694123
SQuADDS_MultiTarget,53,chip_simple_dx5p455_dym1p818__Lj12p0nH_Cj2p0fF__roL8p5mm__tee_fl160um_fc12_cg1p2um__rpg1p4um,4.68773821557,6.16915297771,5.944327746189117,263.86610641901024,6.004178125569785,4,chip_simple_dxm9p091_dym6p364__Lj12p0nH_Cj2p0fF__roL8p5mm__tee_fl160um_fc12_cg1p2um__rpg1p4um,4.66020332147,6.12956510902,5.931523023582458,263.0344249512455,5.964119118926944,0.0001052245954941395,0.02753489409999954,0.03958786868999997,0.012804722606658991,0.8316814677647244,0.04005900664284123
SQuADDS_MultiTarget,53,chip_simple_dx5p455_dym1p818__Lj12p0nH_Cj2p0fF__roL8p5mm__tee_fl160um_fc12_cg1p2um__rpg1p4um,4.68773821557,6.16915297771,5.944327746189117,263.86610641901024,6.004178125569785,5,chip_simple_dxm9p091_dy0p000__Lj12p0nH_Cj2p0fF__roL8p5mm__tee_fl160um_fc12_cg1p2um__rpg1p4um,4.69617520443,6.17219540693,6.037215105722427,264.57182310360275,5.958986631720915,0.0001574737907044943,0.00843698886000066,0.003042429220000642,0.09288735953330995,0.7057166845925167,0.04519149384887022
SQuADDS_MultiTarget,53,chip_simple_dx5p455_dym1p818__Lj12p0nH_Cj2p0fF__roL8p5mm__tee_fl160um_fc12_cg1p2um__rpg1p4um,4.68773821557,6.16915297771,5.944327746189117,263.86610641901024,6.004178125569785,6,chip_simple_dx4p545_dym7p273__Lj12p0nH_Cj2p0fF__roL8p5mm__tee_fl160um_fc12_cg1p2um__rpg1p4um,4.70975884229,6.16440380235,5.946511625797272,258.2466833663227,5.972072223380172,0.00026379351045890465,0.022020626720000713,0.004749175359999747,0.002183879608154804,5.619423052687523,0.03210590218961329
SQuADDS_MultiTarget,53,chip_simple_dx5p455_dym1p818__Lj12p0nH_Cj2p0fF__roL8p5mm__tee_fl160um_fc12_cg1p2um__rpg1p4um,4.68773821557,6.16915297771,5.944327746189117,263.86610641901024,6.004178125569785,7,chip_simple_dxm10p000_dy4p545__Lj12p0nH_Cj2p0fF__roL8p5mm__tee_fl160um_fc12_cg1p2um__rpg1p4um,4.6696821001,6.13115899928,6.015155077039719,263.1000057078415,5.898867515034506,0.0002817835048618798,0.018056115469999412,0.03799397842999941,0.07082733085060156,0.7661007111687468,0.10531061053527946
SQuADDS_MultiTarget,53,chip_simple_dx5p455_dym1p818__Lj12p0nH_Cj2p0fF__roL8p5mm__tee_fl160um_fc12_cg1p2um__rpg1p4um,4.68773821557,6.16915297771,5.944327746189117,263.86610641901024,6.004178125569785,8,chip_simple_dxm6p364_dy3p636__Lj12p0nH_Cj2p0fF__roL8p5mm__tee_fl160um_fc12_cg1p2um__rpg1p4um,4.70606182979,6.1671545843,5.89281384662056,258.3575285965225,5.954585492025992,0.00030495777878498904,0.018323614220000728,0.0019983934099991885,0.05151389956855734,5.508577822487723,0.04959263354379306
SQuADDS_MultiTarget,53,chip_simple_dx5p455_dym1p818__Lj12p0nH_Cj2p0fF__roL8p5mm__tee_fl160um_fc12_cg1p2um__rpg1p4um,4.68773821557,6.16915297771,5.944327746189117,263.86610641901024,6.004178125569785,9,chip_simple_dx0p909_dy3p636__Lj12p0nH_Cj2p0fF__roL8p5mm__tee_fl160um_fc12_cg1p2um__rpg1p4um,4.6631226493,6.11903436188,5.896621238670349,259.81911482762723,5.882535903816615,0.00044862065642157546,0.02461556626999961,0.05011861582999977,0.04770650751876815,4.046991591383005,0.12164222175317008
SQuADDS_MultiTarget,53,chip_simple_dx5p455_dym1p818__Lj12p0nH_Cj2p0fF__roL8p5mm__tee_fl160um_fc12_cg1p2um__rpg1p4um,4.68773821557,6.16915297771,5.944327746189117,263.86610641901024,6.004178125569785,10,chip_simple_dxm8p182_dym1p818__Lj12p0nH_Cj2p0fF__roL8p5mm__tee_fl160um_fc12_cg1p2um__rpg1p4um,4.6768035342,6.11785091516,6.0153143460884095,259.1949206835079,5.894894638109007,0.000468238103045245,0.01093468136999931,0.05130206254999958,0.07098659989929246,4.67118573550232,0.10928348746077798
SQuADDS_MultiTarget,54,chip_simple_dx5p455_dy0p000__Lj12p0nH_Cj2p0fF__roL8p5mm__tee_fl160um_fc12_cg1p2um__rpg1p4um,4.79890317521,6.10186659077,5.400852404905319,218.1340294431616,5.86911477125879,1,chip_simple_dx3p636_dy5p455__Lj12p0nH_Cj2p0fF__roL8p5mm__tee_fl160um_fc12_cg1p2um__rpg1p4um,4.80652602058,6.08918636259,5.510822755336761,216.8797583809785,5.847523096105645,0.00023743864276581862,0.007622845369999354,0.012680228180000697,0.10997035043144265,1.2542710621831077,0.021591675153144863
SQuADDS_MultiTarget,54,chip_simple_dx5p455_dy0p000__Lj12p0nH_Cj2p0fF__roL8p5mm__tee_fl160um_fc12_cg1p2um__rpg1p4um,4.79890317521,6.10186659077,5.400852404905319,218.1340294431616,5.86911477125879,2,chip_simple_dx4p545_dy5p455__Lj12p0nH_Cj2p0fF__roL8p5mm__tee_fl160um_fc12_cg1p2um__rpg1p4um,4.79418626685,6.08500156739,5.524672909627914,218.89374055263784,5.839393681887264,0.00029029526152723074,0.0047169083600007156,0.016865023380000288,0.12382050472259554,0.7597111094762283,0.029721089371525622
SQuADDS_MultiTarget,54,chip_simple_dx5p455_dy0p000__Lj12p0nH_Cj2p0fF__roL8p5mm__tee_fl160um_fc12_cg1p2um__rpg1p4um,4.79890317521,6.10186659077,5.400852404905319,218.1340294431616,5.86911477125879,3,chip_simple_dx5p455_dym0p909__Lj12p0nH_Cj2p0fF__roL8p5mm__tee_fl160um_fc12_cg1p2um__rpg1p4um,4.7930652742,6.12875251186,5.394133037059784,223.2748147250602,5.91572486547393,0.00033090662614014836,0.005837901010000479,0.026885921089999876,0.0067193678455348405,5.140785281898587,0.04661009421513995
SQuADDS_MultiTarget,54,chip_simple_dx5p455_dy0p000__Lj12p0nH_Cj2p0fF__roL8p5mm__tee_fl160um_fc12_cg1p2um__rpg1p4um,4.79890317521,6.10186659077,5.400852404905319,218.1340294431616,5.86911477125879,4,chip_simple_dx2p727_dym8p182__Lj12p0nH_Cj2p0fF__roL8p5mm__tee_fl160um_fc12_cg1p2um__rpg1p4um,4.76605487334,6.062936783,5.504983878475189,220.70248592051564,5.824211585305177,0.0003720162221338179,0.03284830187000054,0.03892980777000066,0.10413147356987018,2.568456477354033,0.04490318595361309
SQuADDS_MultiTarget,54,chip_simple_dx5p455_dy0p000__Lj12p0nH_Cj2p0fF__roL8p5mm__tee_fl160um_fc12_cg1p2um__rpg1p4um,4.79890317521,6.10186659077,5.400852404905319,218.1340294431616,5.86911477125879,5,chip_simple_dxm7p273_dy4p545__Lj12p0nH_Cj2p0fF__roL8p5mm__tee_fl160um_fc12_cg1p2um__rpg1p4um,4.74478453553,6.05547649219,5.373042161886215,221.0804417671074,5.791354520716529,0.0003772273086360421,0.05411863968000041,0.04639009857999987,0.027810243019103176,2.9464123239457933,0.07776025054226121
SQuADDS_MultiTarget,54,chip_simple_dx5p455_dy0p000__Lj12p0nH_Cj2p0fF__roL8p5mm__tee_fl160um_fc12_cg1p2um__rpg1p4um,4.79890317521,6.10186659077,5.400852404905319,218.1340294431616,5.86911477125879,6,chip_simple_dxm0p909_dy8p182__Lj12p0nH_Cj2p0fF__roL8p5mm__tee_fl160um_fc12_cg1p2um__rpg1p4um,4.76253327326,6.09281262101,5.302599734979629,221.8855650743731,5.804085218059851,0.0004343890580942965,0.03636990195000056,0.009053969760000058,0.0982526699256896,3.751535631211482,0.0650295531989391
SQuADDS_MultiTarget,54,chip_simple_dx5p455_dy0p000__Lj12p0nH_Cj2p0fF__roL8p5mm__tee_fl160um_fc12_cg1p2um__rpg1p4um,4.79890317521,6.10186659077,5.400852404905319,218.1340294431616,5.86911477125879,7,chip_simple_dxm10p000_dy10p000__Lj12p0nH_Cj2p0fF__roL8p5mm__tee_fl160um_fc12_cg1p2um__rpg1p4um,4.76420948131,6.07980929074,5.262032916395187,218.6923729557343,5.806839983012462,0.0004552297188451228,0.03469369390000043,0.02205730003000017,0.1388194885101317,0.5583435125726908,0.06227478824632815
SQuADDS_MultiTarget,54,chip_simple_dx5p455_dy0p000__Lj12p0nH_Cj2p0fF__roL8p5mm__tee_fl160um_fc12_cg1p2um__rpg1p4um,4.79890317521,6.10186659077,5.400852404905319,218.1340294431616,5.86911477125879,8,chip_simple_dxm6p364_dym0p909__Lj12p0nH_Cj2p0fF__roL8p5mm__tee_fl160um_fc12_cg1p2um__rpg1p4um,4.77570732404,6.08443212228,5.519260666910172,222.3516389432408,5.895879300078792,0.00046917592147393384,0.02319585117000056,0.0174344684900003,0.118408262004853,4.217609500079192,0.02676452882000202
SQuADDS_MultiTarget,54,chip_simple_dx5p455_dy0p000__Lj12p0nH_Cj2p0fF__roL8p5mm__tee_fl160um_fc12_cg1p2um__rpg1p4um,4.79890317521,6.10186659077,5.400852404905319,218.1340294431616,5.86911477125879,9,chip_simple_dxm3p636_dy7p273__Lj12p0nH_Cj2p0fF__roL8p5mm__tee_fl160um_fc12_cg1p2um__rpg1p4um,4.76722458533,6.10494676733,5.339898099292755,223.6664187713043,5.941831126782195,0.0005058943564929638,0.031678589880000274,0.0030801765600001474,0.06095430561256343,5.532389328142699,0.07271635552340516
SQuADDS_MultiTarget,54,chip_simple_dx5p455_dy0p000__Lj12p0nH_Cj2p0fF__roL8p5mm__tee_fl160um_fc12_cg1p2um__rpg1p4um,4.79890317521,6.10186659077,5.400852404905319,218.1340294431616,5.86911477125879,10,chip_simple_dxm3p636_dym1p818__Lj12p0nH_Cj2p0fF__roL8p5mm__tee_fl160um_fc12_cg1p2um__rpg1p4um,4.81299464426,6.12418049997,5.540620308588028,221.6574218646432,5.908503587535207,0.0005098234678650688,0.014091469049999361,0.022313909199999316,0.13976790368270908,3.5233924214815886,0.03938881627641688
SQuADDS_MultiTarget,55,chip_simple_dx5p455_dy4p545__Lj12p0nH_Cj2p0fF__roL8p5mm__tee_fl160um_fc12_cg1p2um__rpg1p4um,4.76042805272,6.00426702014,5.580280214124679,214.12067118012288,5.701672548172258,1,chip_simple_dx0p909_dym3p636__Lj12p0nH_Cj2p0fF__roL8p5mm__tee_fl160um_fc12_cg1p2um__rpg1p4um,4.74299007193,5.97185553704,5.585872956563949,212.43614000136665,5.67605929438614,8.409638161116589e-05,0.017437980789999585,0.03241148310000064,0.005592742439270104,1.684531178756231,0.02561325378611823
SQuADDS_MultiTarget,55,chip_simple_dx5p455_dy4p545__Lj12p0nH_Cj2p0fF__roL8p5mm__tee_fl160um_fc12_cg1p2um__rpg1p4um,4.76042805272,6.00426702014,5.580280214124679,214.12067118012288,5.701672548172258,2,chip_simple_dx7p273_dy9p091__Lj12p0nH_Cj2p0fF__roL8p5mm__tee_fl160um_fc12_cg1p2um__rpg1p4um,4.77325080353,6.03297215026,5.541249745204925,215.22790751327605,5.779259447895125,0.00016052740994351966,0.012822750809999839,0.028705130119999644,0.039030468919754036,1.1072363331531676,0.07758689972286703
SQuADDS_MultiTarget,55,chip_simple_dx5p455_dy4p545__Lj12p0nH_Cj2p0fF__roL8p5mm__tee_fl160um_fc12_cg1p2um__rpg1p4um,4.76042805272,6.00426702014,5.580280214124679,214.12067118012288,5.701672548172258,3,chip_simple_dx0p000_dym1p818__Lj12p0nH_Cj2p0fF__roL8p5mm__tee_fl160um_fc12_cg1p2um__rpg1p4um,4.77800352664,6.03900127346,5.563499463333129,215.7146221661486,5.782618175352404,0.00018010041227446501,0.01757547392000003,0.03473425331999991,0.016780750791549615,1.5939509860257033,0.08094562718014586
SQuADDS_MultiTarget,55,chip_simple_dx5p455_dy4p545__Lj12p0nH_Cj2p0fF__roL8p5mm__tee_fl160um_fc12_cg1p2um__rpg1p4um,4.76042805272,6.00426702014,5.580280214124679,214.12067118012288,5.701672548172258,4,chip_simple_dx4p545_dy10p000__Lj12p0nH_Cj2p0fF__roL8p5mm__tee_fl160um_fc12_cg1p2um__rpg1p4um,4.77208572646,5.99587669765,5.687584656963348,212.41558975620657,5.693307476185639,0.00022561349789982835,0.011657673740000263,0.00839032249000038,0.10730444283866891,1.7050814239163117,0.008365071986618844
SQuADDS_MultiTarget,55,chip_simple_dx5p455_dy4p545__Lj12p0nH_Cj2p0fF__roL8p5mm__tee_fl160um_fc12_cg1p2um__rpg1p4um,4.76042805272,6.00426702014,5.580280214124679,214.12067118012288,5.701672548172258,5,chip_simple_dxm2p727_dym3p636__Lj12p0nH_Cj2p0fF__roL8p5mm__tee_fl160um_fc12_cg1p2um__rpg1p4um,4.76214497172,6.03479088527,5.587802219089507,218.7280150264405,5.793013457094686,0.0003867046964480539,0.0017169189999997059,0.030523865129999272,0.007522004964828355,4.607343846317605,0.09134090892242774
SQuADDS_MultiTarget,55,chip_simple_dx5p455_dy4p545__Lj12p0nH_Cj2p0fF__roL8p5mm__tee_fl160um_fc12_cg1p2um__rpg1p4um,4.76042805272,6.00426702014,5.580280214124679,214.12067118012288,5.701672548172258,6,chip_simple_dxm4p545_dy1p818__Lj12p0nH_Cj2p0fF__roL8p5mm__tee_fl160um_fc12_cg1p2um__rpg1p4um,4.7912337707,6.04949503992,5.623098915470123,215.8825327452169,5.82735004160752,0.0004048389823025881,0.03080571797999987,0.045228019779999684,0.04281870134544441,1.7618615650940228,0.12567749343526202
SQuADDS_MultiTarget,55,chip_simple_dx5p455_dy4p545__Lj12p0nH_Cj2p0fF__roL8p5mm__tee_fl160um_fc12_cg1p2um__rpg1p4um,4.76042805272,6.00426702014,5.580280214124679,214.12067118012288,5.701672548172258,7,chip_simple_dx7p273_dy8p182__Lj12p0nH_Cj2p0fF__roL8p5mm__tee_fl160um_fc12_cg1p2um__rpg1p4um,4.72840082103,5.97315210181,5.691267652456284,217.62866557447816,5.647951458913108,0.000448500988469576,0.03202723168999988,0.03111491833000013,0.1109874383316054,3.507994394355279,0.05372108925914976
SQuADDS_MultiTarget,55,chip_simple_dx5p455_dy4p545__Lj12p0nH_Cj2p0fF__roL8p5mm__tee_fl160um_fc12_cg1p2um__rpg1p4um,4.76042805272,6.00426702014,5.580280214124679,214.12067118012288,5.701672548172258,8,chip_simple_dxm6p364_dym7p273__Lj12p0nH_Cj2p0fF__roL8p5mm__tee_fl160um_fc12_cg1p2um__rpg1p4um,4.75005432934,6.01899043043,5.655702243776322,219.9240164763736,5.705344706711049,0.00046959826984691277,0.010373723379999866,0.01472341028999935,0.07542202965164257,5.803345296250711,0.0036721585387908817
SQuADDS_MultiTarget,55,chip_simple_dx5p455_dy4p545__Lj12p0nH_Cj2p0fF__roL8p5mm__tee_fl160um_fc12_cg1p2um__rpg1p4um,4.76042805272,6.00426702014,5.580280214124679,214.12067118012288,5.701672548172258,9,chip_simple_dxm9p091_dy9p091__Lj12p0nH_Cj2p0fF__roL8p5mm__tee_fl160um_fc12_cg1p2um__rpg1p4um,4.75085202436,6.00137867716,5.41655916849327,212.3126314781783,5.701547260512729,0.00047032369082402237,0.009576028359999711,0.0028883429800004023,0.16372104563140866,1.8080397019445797,0.0001252876595287944
SQuADDS_MultiTarget,55,chip_simple_dx5p455_dy4p545__Lj12p0nH_Cj2p0fF__roL8p5mm__tee_fl160um_fc12_cg1p2um__rpg1p4um,4.76042805272,6.00426702014,5.580280214124679,214.12067118012288,5.701672548172258,10,chip_simple_dx0p909_dy4p545__Lj12p0nH_Cj2p0fF__roL8p5mm__tee_fl160um_fc12_cg1p2um__rpg1p4um,4.76476123819,6.01779585812,5.4063290720748896,211.87633532782385,5.7317404606293385,0.000560604489131746,0.004333185470000167,0.013528837980000041,0.17395114204978945,2.244335852299031,0.030067912457080403
SQuADDS_MultiTarget,56,chip_simple_dx6p364_dym6p364__Lj12p0nH_Cj2p0fF__roL8p5mm__tee_fl160um_fc12_cg1p2um__rpg1p4um,4.73299182388,6.11956228785,5.757296814630508,241.81304695721613,5.924140203230228,1,chip_simple_dx10p000_dym4p545__Lj12p0nH_Cj2p0fF__roL8p5mm__tee_fl160um_fc12_cg1p2um__rpg1p4um,4.72887741733,6.11605763171,5.721568623006821,241.3895574816467,5.882844555175796,4.616833092771648e-05,0.0041144065500002824,0.003504656139999618,0.035728191623687344,0.4234894755694256,0.04129564805443131
SQuADDS_MultiTarget,56,chip_simple_dx6p364_dym6p364__Lj12p0nH_Cj2p0fF__roL8p5mm__tee_fl160um_fc12_cg1p2um__rpg1p4um,4.73299182388,6.11956228785,5.757296814630508,241.81304695721613,5.924140203230228,2,chip_simple_dxm7p273_dym4p545__Lj12p0nH_Cj2p0fF__roL8p5mm__tee_fl160um_fc12_cg1p2um__rpg1p4um,4.76380015433,6.14550226789,5.776891046072006,239.9698081278679,5.934439901039121,9.669325628589248e-05,0.0308083304500002,0.02593998004000042,0.019594231441497634,1.8432388293482234,0.010299697808893171
SQuADDS_MultiTarget,56,chip_simple_dx6p364_dym6p364__Lj12p0nH_Cj2p0fF__roL8p5mm__tee_fl160um_fc12_cg1p2um__rpg1p4um,4.73299182388,6.11956228785,5.757296814630508,241.81304695721613,5.924140203230228,3,chip_simple_dx8p182_dy9p091__Lj12p0nH_Cj2p0fF__roL8p5mm__tee_fl160um_fc12_cg1p2um__rpg1p4um,4.72158254912,6.12778684598,5.69784814260292,244.34494700729925,5.923186679041649,0.00011575671252400024,0.011409274760000088,0.008224558130000226,0.05944867202758797,2.5319000500831237,0.0009535241885787471
SQuADDS_MultiTarget,56,chip_simple_dx6p364_dym6p364__Lj12p0nH_Cj2p0fF__roL8p5mm__tee_fl160um_fc12_cg1p2um__rpg1p4um,4.73299182388,6.11956228785,5.757296814630508,241.81304695721613,5.924140203230228,4,chip_simple_dx2p727_dy8p182__Lj12p0nH_Cj2p0fF__roL8p5mm__tee_fl160um_fc12_cg1p2um__rpg1p4um,4.72577115301,6.11702248151,5.67343218500328,241.13444090201696,5.90532555190526,0.00011757461653569198,0.007220670869999779,0.0025398063399997284,0.08386462962722785,0.6786060551991682,0.018814651324968068
SQuADDS_MultiTarget,56,chip_simple_dx6p364_dym6p364__Lj12p0nH_Cj2p0fF__roL8p5mm__tee_fl160um_fc12_cg1p2um__rpg1p4um,4.73299182388,6.11956228785,5.757296814630508,241.81304695721613,5.924140203230228,5,chip_simple_dxm0p909_dym2p727__Lj12p0nH_Cj2p0fF__roL8p5mm__tee_fl160um_fc12_cg1p2um__rpg1p4um,4.71688507337,6.1251687863,5.703840147447586,245.03748437158407,5.9299268561119325,0.00014490666179599313,0.016106750509999657,0.0056064984499997195,0.05345666718292197,3.224437414367941,0.005786652881704768
SQuADDS_MultiTarget,56,chip_simple_dx6p364_dym6p364__Lj12p0nH_Cj2p0fF__roL8p5mm__tee_fl160um_fc12_cg1p2um__rpg1p4um,4.73299182388,6.11956228785,5.757296814630508,241.81304695721613,5.924140203230228,6,chip_simple_dxm10p000_dym2p727__Lj12p0nH_Cj2p0fF__roL8p5mm__tee_fl160um_fc12_cg1p2um__rpg1p4um,4.69648610827,6.09443998851,5.715832865936279,244.495662496188,5.876106178755235,0.00019668523250035693,0.03650571560999971,0.02512229934000043,0.0414639486942292,2.6826155389718735,0.04803402447499305
SQuADDS_MultiTarget,56,chip_simple_dx6p364_dym6p364__Lj12p0nH_Cj2p0fF__roL8p5mm__tee_fl160um_fc12_cg1p2um__rpg1p4um,4.73299182388,6.11956228785,5.757296814630508,241.81304695721613,5.924140203230228,7,chip_simple_dx9p091_dym7p273__Lj12p0nH_Cj2p0fF__roL8p5mm__tee_fl160um_fc12_cg1p2um__rpg1p4um,4.72050597097,6.13312512239,5.72029589563942,245.89801240972525,5.881474199794399,0.00020114588458954665,0.012485852910000261,0.013562834540000068,0.03700091899108848,4.084965452509124,0.04266600343582905
SQuADDS_MultiTarget,56,chip_simple_dx6p364_dym6p364__Lj12p0nH_Cj2p0fF__roL8p5mm__tee_fl160um_fc12_cg1p2um__rpg1p4um,4.73299182388,6.11956228785,5.757296814630508,241.81304695721613,5.924140203230228,8,chip_simple_dx9p091_dym9p091__Lj12p0nH_Cj2p0fF__roL8p5mm__tee_fl160um_fc12_cg1p2um__rpg1p4um,4.71934786872,6.08163378867,5.753670983188629,238.5232525782091,5.841539739032603,0.0002366705560006316,0.013643955160000054,0.03792849918000041,0.0036258314418793347,3.28979437900702,0.08260046419762457
SQuADDS_MultiTarget,56,chip_simple_dx6p364_dym6p364__Lj12p0nH_Cj2p0fF__roL8p5mm__tee_fl160um_fc12_cg1p2um__rpg1p4um,4.73299182388,6.11956228785,5.757296814630508,241.81304695721613,5.924140203230228,9,chip_simple_dx1p818_dy8p182__Lj12p0nH_Cj2p0fF__roL8p5mm__tee_fl160um_fc12_cg1p2um__rpg1p4um,4.72017945709,6.08731558494,5.7091661056575775,238.19641006055008,5.858573926089484,0.00024313181807948973,0.01281236678999953,0.0322467029100002,0.04813070897293059,3.6166368966660514,0.0655662771407437
SQuADDS_MultiTarget,56,chip_simple_dx6p364_dym6p364__Lj12p0nH_Cj2p0fF__roL8p5mm__tee_fl160um_fc12_cg1p2um__rpg1p4um,4.73299182388,6.11956228785,5.757296814630508,241.81304695721613,5.924140203230228,10,chip_simple_dxm2p727_dy4p545__Lj12p0nH_Cj2p0fF__roL8p5mm__tee_fl160um_fc12_cg1p2um__rpg1p4um,4.75153648539,6.12686754084,5.701167658432007,237.858845654832,5.866682937277906,0.00024503344005833994,0.018544661510000005,0.007305252990000177,0.05612915619850156,3.9542013023841207,0.05745726595232181
SQuADDS_MultiTarget,57,chip_simple_dx7p273_dym1p818__Lj12p0nH_Cj2p0fF__roL8p5mm__tee_fl160um_fc12_cg1p2um__rpg1p4um,4.70663811853,6.16647237057,5.836125591398239,256.85236511832613,5.902282472045732,1,chip_simple_dx5p455_dym6p364__Lj12p0nH_Cj2p0fF__roL8p5mm__tee_fl160um_fc12_cg1p2um__rpg1p4um,4.70113956644,6.15024864164,5.847728067014694,255.68062975343904,5.934076612123183,3.517694991227914e-05,0.00549855208999972,0.016223728930000014,0.011602475616455443,1.1717353648870983,0.031794140077451516
SQuADDS_MultiTarget,57,chip_simple_dx7p273_dym1p818__Lj12p0nH_Cj2p0fF__roL8p5mm__tee_fl160um_fc12_cg1p2um__rpg1p4um,4.70663811853,6.16647237057,5.836125591398239,256.85236511832613,5.902282472045732,2,chip_simple_dxm6p364_dy3p636__Lj12p0nH_Cj2p0fF__roL8p5mm__tee_fl160um_fc12_cg1p2um__rpg1p4um,4.70606182979,6.1671545843,5.89281384662056,258.3575285965225,5.954585492025992,0.00010363469383286385,0.0005762887399995975,0.000682213730000214,0.056688255222320905,1.5051634781963799,0.052303019980260324
SQuADDS_MultiTarget,57,chip_simple_dx7p273_dym1p818__Lj12p0nH_Cj2p0fF__roL8p5mm__tee_fl160um_fc12_cg1p2um__rpg1p4um,4.70663811853,6.16647237057,5.836125591398239,256.85236511832613,5.902282472045732,3,chip_simple_dx10p000_dy2p727__Lj12p0nH_Cj2p0fF__roL8p5mm__tee_fl160um_fc12_cg1p2um__rpg1p4um,4.73462079534,6.18985040369,5.828325863840103,254.44098843935748,5.937285281374463,0.0001122669562900521,0.027982676809999774,0.023378033120000197,0.007799727558135849,2.411376678968651,0.035002809328731566
SQuADDS_MultiTarget,57,chip_simple_dx7p273_dym1p818__Lj12p0nH_Cj2p0fF__roL8p5mm__tee_fl160um_fc12_cg1p2um__rpg1p4um,4.70663811853,6.16647237057,5.836125591398239,256.85236511832613,5.902282472045732,4,chip_simple_dx2p727_dy4p545__Lj12p0nH_Cj2p0fF__roL8p5mm__tee_fl160um_fc12_cg1p2um__rpg1p4um,4.72661637865,6.17653112846,5.815809796421051,253.68702655650372,5.959841194906359,0.0001502225165192699,0.019978260120000257,0.010058757889999548,0.020315794977188162,3.1653385618224092,0.057558722860627576
SQuADDS_MultiTarget,57,chip_simple_dx7p273_dym1p818__Lj12p0nH_Cj2p0fF__roL8p5mm__tee_fl160um_fc12_cg1p2um__rpg1p4um,4.70663811853,6.16647237057,5.836125591398239,256.85236511832613,5.902282472045732,5,chip_simple_dx7p273_dy10p000__Lj12p0nH_Cj2p0fF__roL8p5mm__tee_fl160um_fc12_cg1p2um__rpg1p4um,4.70805055796,6.13632743544,5.907291461717605,253.14031044935945,5.903929399723399,0.00020280529301513976,0.0014124394300001342,0.03014493513000005,0.0711658703193665,3.7120546689666867,0.0016469276776671649
SQuADDS_MultiTarget,57,chip_simple_dx7p273_dym1p818__Lj12p0nH_Cj2p0fF__roL8p5mm__tee_fl160um_fc12_cg1p2um__rpg1p4um,4.70663811853,6.16647237057,5.836125591398239,256.85236511832613,5.902282472045732,6,chip_simple_dxm4p545_dy6p364__Lj12p0nH_Cj2p0fF__roL8p5mm__tee_fl160um_fc12_cg1p2um__rpg1p4um,4.70948631508,6.14137986712,5.8266296945228575,251.89687397293608,5.901594385955966,0.00020436776759280722,0.002848196550000459,0.025092503449999803,0.009495896875381327,4.955491145390056,0.0006880860897657826
SQuADDS_MultiTarget,57,chip_simple_dx7p273_dym1p818__Lj12p0nH_Cj2p0fF__roL8p5mm__tee_fl160um_fc12_cg1p2um__rpg1p4um,4.70663811853,6.16647237057,5.836125591398239,256.85236511832613,5.902282472045732,7,chip_simple_dxm2p727_dy0p000__Lj12p0nH_Cj2p0fF__roL8p5mm__tee_fl160um_fc12_cg1p2um__rpg1p4um,4.70946736854,6.17220265584,5.747707520002365,255.1766850154424,5.971067509373771,0.00020517631941892168,0.0028292500100004503,0.005730285269999413,0.08841807139587399,1.6756801028837458,0.06878503732803942
SQuADDS_MultiTarget,57,chip_simple_dx7p273_dym1p818__Lj12p0nH_Cj2p0fF__roL8p5mm__tee_fl160um_fc12_cg1p2um__rpg1p4um,4.70663811853,6.16647237057,5.836125591398239,256.85236511832613,5.902282472045732,8,chip_simple_dx4p545_dym7p273__Lj12p0nH_Cj2p0fF__roL8p5mm__tee_fl160um_fc12_cg1p2um__rpg1p4um,4.70975884229,6.16440380235,5.946511625797272,258.2466833663227,5.972072223380172,0.0002640669215651872,0.003120723760000388,0.002068568220000344,0.11038603439903305,1.3943182479965799,0.0697897513344401
SQuADDS_MultiTarget,57,chip_simple_dx7p273_dym1p818__Lj12p0nH_Cj2p0fF__roL8p5mm__tee_fl160um_fc12_cg1p2um__rpg1p4um,4.70663811853,6.16647237057,5.836125591398239,256.85236511832613,5.902282472045732,9,chip_simple_dx0p909_dy3p636__Lj12p0nH_Cj2p0fF__roL8p5mm__tee_fl160um_fc12_cg1p2um__rpg1p4um,4.6631226493,6.11903436188,5.896621238670349,259.81911482762723,5.882535903816615,0.0002706873398788491,0.04351546922999994,0.047438008690000366,0.0604956472721101,2.966749709301098,0.01974656822911669
SQuADDS_MultiTarget,57,chip_simple_dx7p273_dym1p818__Lj12p0nH_Cj2p0fF__roL8p5mm__tee_fl160um_fc12_cg1p2um__rpg1p4um,4.70663811853,6.16647237057,5.836125591398239,256.85236511832613,5.902282472045732,10,chip_simple_dxm3p636_dym0p909__Lj12p0nH_Cj2p0fF__roL8p5mm__tee_fl160um_fc12_cg1p2um__rpg1p4um,4.65506711635,6.11685204232,5.844073087778091,260.04582883155393,5.873141705336975,0.0002752142775555811,0.051571002180000214,0.04962032825000051,0.007947496379852481,3.1934637132278,0.02914076670875687
SQuADDS_MultiTarget,58,chip_simple_dx8p182_dym6p364__Lj12p0nH_Cj2p0fF__roL8p5mm__tee_fl160um_fc12_cg1p2um__rpg1p4um,4.74033005446,6.12730674018,5.791866146835327,242.2763131992824,5.874957661976247,1,chip_simple_dx10p000_dym4p545__Lj12p0nH_Cj2p0fF__roL8p5mm__tee_fl160um_fc12_cg1p2um__rpg1p4um,4.72887741733,6.11605763171,5.721568623006821,241.3895574816467,5.882844555175796,9.046367422255343e-05,0.011452637130000554,0.011249108469999491,0.07029752382850596,0.8867557176357082,0.00788689319954905
SQuADDS_MultiTarget,58,chip_simple_dx8p182_dym6p364__Lj12p0nH_Cj2p0fF__roL8p5mm__tee_fl160um_fc12_cg1p2um__rpg1p4um,4.74033005446,6.12730674018,5.791866146835327,242.2763131992824,5.874957661976247,2,chip_simple_dxm7p273_dym4p545__Lj12p0nH_Cj2p0fF__roL8p5mm__tee_fl160um_fc12_cg1p2um__rpg1p4um,4.76380015433,6.14550226789,5.776891046072006,239.9698081278679,5.934439901039121,0.00013324625938641887,0.023470099869999927,0.018195527710000547,0.014975100763320981,2.306505071414506,0.05948223906287353
SQuADDS_MultiTarget,58,chip_simple_dx8p182_dym6p364__Lj12p0nH_Cj2p0fF__roL8p5mm__tee_fl160um_fc12_cg1p2um__rpg1p4um,4.74033005446,6.12730674018,5.791866146835327,242.2763131992824,5.874957661976247,3,chip_simple_dxm5p455_dy8p182__Lj12p0nH_Cj2p0fF__roL8p5mm__tee_fl160um_fc12_cg1p2um__rpg1p4um,4.73624038147,6.10517374819,5.883827769510269,241.3915804124541,5.9183738212690695,0.00017381718364530135,0.004089672990000182,0.022132991989999518,0.09196162267494223,0.884732786828323,0.043416159292822165
SQuADDS_MultiTarget,58,chip_simple_dx8p182_dym6p364__Lj12p0nH_Cj2p0fF__roL8p5mm__tee_fl160um_fc12_cg1p2um__rpg1p4um,4.74033005446,6.12730674018,5.791866146835327,242.2763131992824,5.874957661976247,4,chip_simple_dx9p091_dym7p273__Lj12p0nH_Cj2p0fF__roL8p5mm__tee_fl160um_fc12_cg1p2um__rpg1p4um,4.72050597097,6.13312512239,5.72029589563942,245.89801240972525,5.881474199794399,0.00020708489354776812,0.019824083490000532,0.005818382210000195,0.0715702511959071,3.6216992104428414,0.006516537818151313
SQuADDS_MultiTarget,58,chip_simple_dx8p182_dym6p364__Lj12p0nH_Cj2p0fF__roL8p5mm__tee_fl160um_fc12_cg1p2um__rpg1p4um,4.74033005446,6.12730674018,5.791866146835327,242.2763131992824,5.874957661976247,5,chip_simple_dxm1p818_dy5p455__Lj12p0nH_Cj2p0fF__roL8p5mm__tee_fl160um_fc12_cg1p2um__rpg1p4um,4.73603070326,6.09721269024,5.885714801893234,240.218625475818,5.910505601584163,0.0002105947951361279,0.004299351200000245,0.030094049939999756,0.09384865505790696,2.0576877234644257,0.03554793960791525
SQuADDS_MultiTarget,58,chip_simple_dx8p182_dym6p364__Lj12p0nH_Cj2p0fF__roL8p5mm__tee_fl160um_fc12_cg1p2um__rpg1p4um,4.74033005446,6.12730674018,5.791866146835327,242.2763131992824,5.874957661976247,6,chip_simple_dxm1p818_dym6p364__Lj12p0nH_Cj2p0fF__roL8p5mm__tee_fl160um_fc12_cg1p2um__rpg1p4um,4.70406131563,6.08840840714,5.839880111495972,244.66486320628528,5.829489432798142,0.00021174857750086792,0.03626873883000048,0.03889833303999968,0.04801396466064567,2.3885500070028627,0.045468229178105446
SQuADDS_MultiTarget,58,chip_simple_dx8p182_dym6p364__Lj12p0nH_Cj2p0fF__roL8p5mm__tee_fl160um_fc12_cg1p2um__rpg1p4um,4.74033005446,6.12730674018,5.791866146835327,242.2763131992824,5.874957661976247,7,chip_simple_dx8p182_dy9p091__Lj12p0nH_Cj2p0fF__roL8p5mm__tee_fl160um_fc12_cg1p2um__rpg1p4um,4.72158254912,6.12778684598,5.69784814260292,244.34494700729925,5.923186679041649,0.00021754608153686439,0.01874750534000036,0.0004801058000003522,0.09401800423240658,2.068633808016841,0.048229017065401614
SQuADDS_MultiTarget,58,chip_simple_dx8p182_dym6p364__Lj12p0nH_Cj2p0fF__roL8p5mm__tee_fl160um_fc12_cg1p2um__rpg1p4um,4.74033005446,6.12730674018,5.791866146835327,242.2763131992824,5.874957661976247,8,chip_simple_dx9p091_dym9p091__Lj12p0nH_Cj2p0fF__roL8p5mm__tee_fl160um_fc12_cg1p2um__rpg1p4um,4.71934786872,6.08163378867,5.753670983188629,238.5232525782091,5.841539739032603,0.00023305956701338956,0.020982185740000325,0.04567295151000028,0.03819516364669795,3.7530606210733026,0.03341792294364421
SQuADDS_MultiTarget,58,chip_simple_dx8p182_dym6p364__Lj12p0nH_Cj2p0fF__roL8p5mm__tee_fl160um_fc12_cg1p2um__rpg1p4um,4.74033005446,6.12730674018,5.791866146835327,242.2763131992824,5.874957661976247,9,chip_simple_dxm10p000_dym2p727__Lj12p0nH_Cj2p0fF__roL8p5mm__tee_fl160um_fc12_cg1p2um__rpg1p4um,4.69648610827,6.09443998851,5.715832865936279,244.495662496188,5.876106178755235,0.00024246127338449372,0.04384394618999998,0.032866751670000305,0.07603328089904782,2.219349296905591,0.0011485167789873074
SQuADDS_MultiTarget,58,chip_simple_dx8p182_dym6p364__Lj12p0nH_Cj2p0fF__roL8p5mm__tee_fl160um_fc12_cg1p2um__rpg1p4um,4.74033005446,6.12730674018,5.791866146835327,242.2763131992824,5.874957661976247,10,chip_simple_dx2p727_dy8p182__Lj12p0nH_Cj2p0fF__roL8p5mm__tee_fl160um_fc12_cg1p2um__rpg1p4um,4.72577115301,6.11702248151,5.67343218500328,241.13444090201696,5.90532555190526,0.00024578305415019715,0.01455890145000005,0.010284258669999602,0.11843396183204646,1.1418722972654507,0.030367889929012293
SQuADDS_MultiTarget,59,chip_simple_dx8p182_dy0p909__Lj12p0nH_Cj2p0fF__roL8p5mm__tee_fl160um_fc12_cg1p2um__rpg1p4um,4.75057675295,6.09441747765,5.722410437381744,233.314149120694,5.853407541855238,1,chip_simple_dx2p727_dy5p455__Lj12p0nH_Cj2p0fF__roL8p5mm__tee_fl160um_fc12_cg1p2um__rpg1p4um,4.74208651799,6.09436211613,5.726268231283187,235.1566146380877,5.880473450765719,4.529265687415055e-05,0.00849023496000001,5.5361520000296593e-05,0.0038577939014432516,1.8424655173936912,0.02706590891048144
SQuADDS_MultiTarget,59,chip_simple_dx8p182_dy0p909__Lj12p0nH_Cj2p0fF__roL8p5mm__tee_fl160um_fc12_cg1p2um__rpg1p4um,4.75057675295,6.09441747765,5.722410437381744,233.314149120694,5.853407541855238,2,chip_simple_dx1p818_dy10p000__Lj12p0nH_Cj2p0fF__roL8p5mm__tee_fl160um_fc12_cg1p2um__rpg1p4um,4.76456970698,6.12469469811,5.715602728620529,235.17172413097128,5.857749191271262,6.603438854480307e-05,0.013992954029999893,0.030277220459999477,0.006807708761215281,1.8575750102772872,0.004341649416024218
SQuADDS_MultiTarget,59,chip_simple_dx8p182_dy0p909__Lj12p0nH_Cj2p0fF__roL8p5mm__tee_fl160um_fc12_cg1p2um__rpg1p4um,4.75057675295,6.09441747765,5.722410437381744,233.314149120694,5.853407541855238,3,chip_simple_dxm5p455_dym5p455__Lj12p0nH_Cj2p0fF__roL8p5mm__tee_fl160um_fc12_cg1p2um__rpg1p4um,4.73470923401,6.08624842403,5.670676468399048,234.1906472022272,5.826739823305008,7.125404447752318e-05,0.015867518939999492,0.008169053620000533,0.05173396898269633,0.8764980815332137,0.026667718550229758
SQuADDS_MultiTarget,59,chip_simple_dx8p182_dy0p909__Lj12p0nH_Cj2p0fF__roL8p5mm__tee_fl160um_fc12_cg1p2um__rpg1p4um,4.75057675295,6.09441747765,5.722410437381744,233.314149120694,5.853407541855238,4,chip_simple_dx5p455_dy10p000__Lj12p0nH_Cj2p0fF__roL8p5mm__tee_fl160um_fc12_cg1p2um__rpg1p4um,4.76274116066,6.11721103757,5.712053706623077,234.31572975750703,5.908680685836695,7.59811115063349e-05,0.012164407710000269,0.022793559919999318,0.010356730758666721,1.0015806368130313,0.05527314398145755
SQuADDS_MultiTarget,59,chip_simple_dx8p182_dy0p909__Lj12p0nH_Cj2p0fF__roL8p5mm__tee_fl160um_fc12_cg1p2um__rpg1p4um,4.75057675295,6.09441747765,5.722410437381744,233.314149120694,5.853407541855238,5,chip_simple_dx0p909_dym7p273__Lj12p0nH_Cj2p0fF__roL8p5mm__tee_fl160um_fc12_cg1p2um__rpg1p4um,4.7614879753,6.08901350731,5.709311675077438,229.9700636116568,5.849530220387646,0.00011161791649602906,0.01091122234999986,0.005403970340000619,0.013098762304306177,3.3440855090371997,0.003877321467592232
SQuADDS_MultiTarget,59,chip_simple_dx8p182_dy0p909__Lj12p0nH_Cj2p0fF__roL8p5mm__tee_fl160um_fc12_cg1p2um__rpg1p4um,4.75057675295,6.09441747765,5.722410437381744,233.314149120694,5.853407541855238,6,chip_simple_dx6p364_dy2p727__Lj12p0nH_Cj2p0fF__roL8p5mm__tee_fl160um_fc12_cg1p2um__rpg1p4um,4.75293196551,6.07708289994,5.740933858938217,230.41754424422072,5.810778700049102,0.00011716089414206667,0.002355212560000375,0.017334577710000687,0.018523421556472464,2.896604876473276,0.042628841806135576
SQuADDS_MultiTarget,59,chip_simple_dx8p182_dy0p909__Lj12p0nH_Cj2p0fF__roL8p5mm__tee_fl160um_fc12_cg1p2um__rpg1p4um,4.75057675295,6.09441747765,5.722410437381744,233.314149120694,5.853407541855238,7,chip_simple_dx5p455_dym9p091__Lj12p0nH_Cj2p0fF__roL8p5mm__tee_fl160um_fc12_cg1p2um__rpg1p4um,4.74946000079,6.06973702281,5.756615043542862,230.21871320620863,5.823921246974269,0.00013501717318845685,0.0011167521599997343,0.024680454840000365,0.034204606161117646,3.095435914485364,0.029486294880968877
SQuADDS_MultiTarget,59,chip_simple_dx8p182_dy0p909__Lj12p0nH_Cj2p0fF__roL8p5mm__tee_fl160um_fc12_cg1p2um__rpg1p4um,4.75057675295,6.09441747765,5.722410437381744,233.314149120694,5.853407541855238,8,chip_simple_dxm2p727_dy9p091__Lj12p0nH_Cj2p0fF__roL8p5mm__tee_fl160um_fc12_cg1p2um__rpg1p4um,4.72354496119,6.06782180308,5.766568409368515,235.52036104141203,5.815573617333097,0.0001467926017295557,0.027031791759999813,0.026595674570000227,0.044157971986770406,2.206211920718033,0.03783392452214063
SQuADDS_MultiTarget,59,chip_simple_dx8p182_dy0p909__Lj12p0nH_Cj2p0fF__roL8p5mm__tee_fl160um_fc12_cg1p2um__rpg1p4um,4.75057675295,6.09441747765,5.722410437381744,233.314149120694,5.853407541855238,9,chip_simple_dx9p091_dym3p636__Lj12p0nH_Cj2p0fF__roL8p5mm__tee_fl160um_fc12_cg1p2um__rpg1p4um,4.74768350608,6.11192641656,5.676827084125518,235.79656019646745,5.912170509194911,0.0001473456743389342,0.0028932468700002545,0.017508938909999827,0.045583353256225756,2.482411075773456,0.05876296733967301
SQuADDS_MultiTarget,59,chip_simple_dx8p182_dy0p909__Lj12p0nH_Cj2p0fF__roL8p5mm__tee_fl160um_fc12_cg1p2um__rpg1p4um,4.75057675295,6.09441747765,5.722410437381744,233.314149120694,5.853407541855238,10,chip_simple_dxm2p727_dy4p545__Lj12p0nH_Cj2p0fF__roL8p5mm__tee_fl160um_fc12_cg1p2um__rpg1p4um,4.75153648539,6.12686754084,5.701167658432007,237.858845654832,5.866682937277906,0.0002275670434277663,0.0009597324400001384,0.03245006318999977,0.021242778949737584,4.544696534138012,0.01327539542266809
SQuADDS_MultiTarget,60,chip_simple_dx9p091_dym8p182__Lj12p0nH_Cj2p0fF__roL8p5mm__tee_fl160um_fc12_cg1p2um__rpg1p4um,4.73933459996,6.01297642346,4.979622645933151,207.4128246574417,5.665277094733514,1,chip_simple_dxm4p545_dym5p455__Lj12p0nH_Cj2p0fF__roL8p5mm__tee_fl160um_fc12_cg1p2um__rpg1p4um,4.74780934755,6.01171066353,5.136955881889343,208.8049312132329,5.762839564068083,0.0006731845015150591,0.008474747589999332,0.0012657599299998878,0.15733323595619186,1.3921065557912016,0.09756246933456936
SQuADDS_MultiTarget,60,chip_simple_dx9p091_dym8p182__Lj12p0nH_Cj2p0fF__roL8p5mm__tee_fl160um_fc12_cg1p2um__rpg1p4um,4.73933459996,6.01297642346,4.979622645933151,207.4128246574417,5.665277094733514,2,chip_simple_dxm10p000_dym3p636__Lj12p0nH_Cj2p0fF__roL8p5mm__tee_fl160um_fc12_cg1p2um__rpg1p4um,4.77990037302,6.04333626236,5.1115355472545625,206.9079404411617,5.789534002440126,0.0006931227514537063,0.04056577305999998,0.030359838900000824,0.1319129013214111,0.5048842162799758,0.12425690770661202
SQuADDS_MultiTarget,60,chip_simple_dx9p091_dym8p182__Lj12p0nH_Cj2p0fF__roL8p5mm__tee_fl160um_fc12_cg1p2um__rpg1p4um,4.73933459996,6.01297642346,4.979622645933151,207.4128246574417,5.665277094733514,3,chip_simple_dxm9p091_dy5p455__Lj12p0nH_Cj2p0fF__roL8p5mm__tee_fl160um_fc12_cg1p2um__rpg1p4um,4.78169743721,6.10774822215,4.959060187129974,213.03713969424035,5.8520251844503886,0.0012477927225195895,0.042362837249999785,0.09477179869000008,0.02056245880317764,5.624315036798663,0.1867480897168745
SQuADDS_MultiTarget,60,chip_simple_dx9p091_dym8p182__Lj12p0nH_Cj2p0fF__roL8p5mm__tee_fl160um_fc12_cg1p2um__rpg1p4um,4.73933459996,6.01297642346,4.979622645933151,207.4128246574417,5.665277094733514,4,chip_simple_dxm8p182_dym10p000__Lj12p0nH_Cj2p0fF__roL8p5mm__tee_fl160um_fc12_cg1p2um__rpg1p4um,4.78025389039,6.09076123044,4.817649636772155,207.67545271807887,5.847096382639144,0.0012866999812915032,0.040919290429999755,0.07778480698000045,0.1619730091609961,0.2626280606371836,0.18181928790562996
SQuADDS_MultiTarget,60,chip_simple_dx9p091_dym8p182__Lj12p0nH_Cj2p0fF__roL8p5mm__tee_fl160um_fc12_cg1p2um__rpg1p4um,4.73933459996,6.01297642346,4.979622645933151,207.4128246574417,5.665277094733514,5,chip_simple_dxm1p818_dym7p273__Lj12p0nH_Cj2p0fF__roL8p5mm__tee_fl160um_fc12_cg1p2um__rpg1p4um,4.72966798924,6.05250642258,5.009293360359192,215.8384701913219,5.825431465095559,0.001289809312190129,0.00966661072000008,0.03952999911999999,0.029670714426040412,8.425645533880214,0.16015437036204538
SQuADDS_MultiTarget,60,chip_simple_dx9p091_dym8p182__Lj12p0nH_Cj2p0fF__roL8p5mm__tee_fl160um_fc12_cg1p2um__rpg1p4um,4.73933459996,6.01297642346,4.979622645933151,207.4128246574417,5.665277094733514,6,chip_simple_dx2p727_dym5p455__Lj12p0nH_Cj2p0fF__roL8p5mm__tee_fl160um_fc12_cg1p2um__rpg1p4um,4.81291050374,6.08882773612,5.129732102048874,207.83881760065367,5.852353811754291,0.0014018151787639726,0.07357590378000012,0.07585131266000023,0.15010945611572257,0.42599294321198045,0.18707671702077722
SQuADDS_MultiTarget,60,chip_simple_dx9p091_dym8p182__Lj12p0nH_Cj2p0fF__roL8p5mm__tee_fl160um_fc12_cg1p2um__rpg1p4um,4.73933459996,6.01297642346,4.979622645933151,207.4128246574417,5.665277094733514,7,chip_simple_dxm10p000_dym0p909__Lj12p0nH_Cj2p0fF__roL8p5mm__tee_fl160um_fc12_cg1p2um__rpg1p4um,4.78631013217,6.11749499502,5.0396452458877565,215.32562253250407,5.829430491241084,0.0016205260607701198,0.04697553220999939,0.10451857156000077,0.06002259995460513,7.912797875062381,0.16415339650756966
SQuADDS_MultiTarget,60,chip_simple_dx9p091_dym8p182__Lj12p0nH_Cj2p0fF__roL8p5mm__tee_fl160um_fc12_cg1p2um__rpg1p4um,4.73933459996,6.01297642346,4.979622645933151,207.4128246574417,5.665277094733514,8,chip_simple_dx9p091_dy6p364__Lj12p0nH_Cj2p0fF__roL8p5mm__tee_fl160um_fc12_cg1p2um__rpg1p4um,4.80886740306,6.13457594718,5.043484102472305,213.644745352194,5.8856847017557525,0.0019146289537471895,0.06953280309999954,0.12159952372000049,0.06386145653915332,6.2319206947523185,0.2204076070222385
SQuADDS_MultiTarget,60,chip_simple_dx9p091_dym8p182__Lj12p0nH_Cj2p0fF__roL8p5mm__tee_fl160um_fc12_cg1p2um__rpg1p4um,4.73933459996,6.01297642346,4.979622645933151,207.4128246574417,5.665277094733514,9,chip_simple_dx3p636_dym2p727__Lj12p0nH_Cj2p0fF__roL8p5mm__tee_fl160um_fc12_cg1p2um__rpg1p4um,4.78139468148,6.06132052905,5.243374503707885,212.1371321798882,5.765522293104982,0.0019620656347228344,0.04206008151999985,0.04834410559000002,0.263751857774734,4.724307522446509,0.10024519837146784
SQuADDS_MultiTarget,60,chip_simple_dx9p091_dym8p182__Lj12p0nH_Cj2p0fF__roL8p5mm__tee_fl160um_fc12_cg1p2um__rpg1p4um,4.73933459996,6.01297642346,4.979622645933151,207.4128246574417,5.665277094733514,10,chip_simple_dx10p000_dym5p455__Lj12p0nH_Cj2p0fF__roL8p5mm__tee_fl160um_fc12_cg1p2um__rpg1p4um,4.78348404036,6.07595430882,5.212648472454071,213.32573538357212,5.832765407268815,0.0021347704882363748,0.04414944040000002,0.06297788536000049,0.23302582652091974,5.912910726130434,0.16748831253530128
SQuADDS_MultiTarget,61,chip_simple_dx9p091_dy4p545__Lj12p0nH_Cj2p0fF__roL8p5mm__tee_fl160um_fc12_cg1p2um__rpg1p4um,4.68769054045,6.11988182644,6.106558018573761,259.16147921563146,5.906583897822457,1,chip_simple_dxm2p727_dy2p727__Lj12p0nH_Cj2p0fF__roL8p5mm__tee_fl160um_fc12_cg1p2um__rpg1p4um,4.69292169855,6.12459458775,6.071658140985488,258.0113497070096,5.889099829288583,3.239829205867591e-05,0.005231158099999966,0.004712761309999536,0.03489987758827251,1.1501295086218875,0.017484068533873298
SQuADDS_MultiTarget,61,chip_simple_dx9p091_dy4p545__Lj12p0nH_Cj2p0fF__roL8p5mm__tee_fl160um_fc12_cg1p2um__rpg1p4um,4.68769054045,6.11988182644,6.106558018573761,259.16147921563146,5.906583897822457,2,chip_simple_dx2p727_dym4p545__Lj12p0nH_Cj2p0fF__roL8p5mm__tee_fl160um_fc12_cg1p2um__rpg1p4um,4.67903296313,6.11573618128,6.044701898437499,259.02103527572217,5.889612598595296,5.944750070535639e-05,0.008657577320000165,0.004145645160000377,0.061856120136261517,0.14044393990928938,0.01697129922716112
SQuADDS_MultiTarget,61,chip_simple_dx9p091_dy4p545__Lj12p0nH_Cj2p0fF__roL8p5mm__tee_fl160um_fc12_cg1p2um__rpg1p4um,4.68769054045,6.11988182644,6.106558018573761,259.16147921563146,5.906583897822457,3,chip_simple_dxm5p455_dym6p364__Lj12p0nH_Cj2p0fF__roL8p5mm__tee_fl160um_fc12_cg1p2um__rpg1p4um,4.67880445973,6.13114230017,6.073318766338348,262.3201681940904,5.871519874338315,0.00011368878717777335,0.008886080719999967,0.011260473729999276,0.03323925223541302,3.1586889784589403,0.03506402348414195
SQuADDS_MultiTarget,61,chip_simple_dx9p091_dy4p545__Lj12p0nH_Cj2p0fF__roL8p5mm__tee_fl160um_fc12_cg1p2um__rpg1p4um,4.68769054045,6.11988182644,6.106558018573761,259.16147921563146,5.906583897822457,4,chip_simple_dxm8p182_dym1p818__Lj12p0nH_Cj2p0fF__roL8p5mm__tee_fl160um_fc12_cg1p2um__rpg1p4um,4.6768035342,6.11785091516,6.0153143460884095,259.1949206835079,5.894894638109007,0.0001191009854803627,0.010887006249999942,0.002030911280000325,0.09124367248535137,0.03344146787645741,0.011689259713449474
SQuADDS_MultiTarget,61,chip_simple_dx9p091_dy4p545__Lj12p0nH_Cj2p0fF__roL8p5mm__tee_fl160um_fc12_cg1p2um__rpg1p4um,4.68769054045,6.11988182644,6.106558018573761,259.16147921563146,5.906583897822457,5,chip_simple_dxm1p818_dy4p545__Lj12p0nH_Cj2p0fF__roL8p5mm__tee_fl160um_fc12_cg1p2um__rpg1p4um,4.68668729165,6.13606112963,6.136175126768112,262.7664710804651,5.930337346209187,0.00012362994393022277,0.0010032488000000228,0.016179303189999494,0.02961710819435126,3.6049918648336643,0.023753448386730547
SQuADDS_MultiTarget,61,chip_simple_dx9p091_dy4p545__Lj12p0nH_Cj2p0fF__roL8p5mm__tee_fl160um_fc12_cg1p2um__rpg1p4um,4.68769054045,6.11988182644,6.106558018573761,259.16147921563146,5.906583897822457,6,chip_simple_dxm0p909_dy0p000__Lj12p0nH_Cj2p0fF__roL8p5mm__tee_fl160um_fc12_cg1p2um__rpg1p4um,4.69626954521,6.14735410107,6.1351076983375545,262.49424737044404,5.930132502605975,0.000125064437627964,0.00857900475999962,0.027472274630000015,0.028549679763793634,3.332768154812584,0.02354860478351828
SQuADDS_MultiTarget,61,chip_simple_dx9p091_dy4p545__Lj12p0nH_Cj2p0fF__roL8p5mm__tee_fl160um_fc12_cg1p2um__rpg1p4um,4.68769054045,6.11988182644,6.106558018573761,259.16147921563146,5.906583897822457,7,chip_simple_dxm7p273_dym2p727__Lj12p0nH_Cj2p0fF__roL8p5mm__tee_fl160um_fc12_cg1p2um__rpg1p4um,4.70851926397,6.13738147014,6.056580542360305,256.39439544466705,5.950520179334925,0.00014607583436058514,0.020828723520000203,0.0174996436999999,0.049977476213455496,2.7670837709644047,0.04393628151246798
SQuADDS_MultiTarget,61,chip_simple_dx9p091_dy4p545__Lj12p0nH_Cj2p0fF__roL8p5mm__tee_fl160um_fc12_cg1p2um__rpg1p4um,4.68769054045,6.11988182644,6.106558018573761,259.16147921563146,5.906583897822457,8,chip_simple_dxm4p545_dy2p727__Lj12p0nH_Cj2p0fF__roL8p5mm__tee_fl160um_fc12_cg1p2um__rpg1p4um,4.72053982598,6.13986277241,6.137880284189224,256.0182577176675,5.892363472706823,0.00014936798464937977,0.032849285530000216,0.019980945969999553,0.03132226561546325,3.143221497963964,0.01422042511563415
SQuADDS_MultiTarget,61,chip_simple_dx9p091_dy4p545__Lj12p0nH_Cj2p0fF__roL8p5mm__tee_fl160um_fc12_cg1p2um__rpg1p4um,4.68769054045,6.11988182644,6.106558018573761,259.16147921563146,5.906583897822457,9,chip_simple_dx8p182_dym1p818__Lj12p0nH_Cj2p0fF__roL8p5mm__tee_fl160um_fc12_cg1p2um__rpg1p4um,4.68525295522,6.09379748036,6.095650871637344,255.11644504269023,5.8822544461123405,0.00015032273900655342,0.002437585230000039,0.02608434608000021,0.010907146936417256,4.045034172941229,0.024329451710116246
SQuADDS_MultiTarget,61,chip_simple_dx9p091_dy4p545__Lj12p0nH_Cj2p0fF__roL8p5mm__tee_fl160um_fc12_cg1p2um__rpg1p4um,4.68769054045,6.11988182644,6.106558018573761,259.16147921563146,5.906583897822457,10,chip_simple_dx10p000_dym1p818__Lj12p0nH_Cj2p0fF__roL8p5mm__tee_fl160um_fc12_cg1p2um__rpg1p4um,4.69464793401,6.11019400861,6.101083616342544,255.8484712973412,5.818187065933997,0.00019880811671005462,0.006957393559999581,0.009687817830000611,0.005474402231216757,3.3130079182902534,0.08839683188845981
SQuADDS_MultiTarget,62,chip_simple_dx10p000_dym10p000__Lj12p0nH_Cj2p0fF__roL8p5mm__tee_fl160um_fc12_cg1p2um__rpg1p4um,4.71844531011,6.15809605656,5.707450486171722,250.04335074310168,5.943757997746209,1,chip_simple_dx7p273_dym10p000__Lj12p0nH_Cj2p0fF__roL8p5mm__tee_fl160um_fc12_cg1p2um__rpg1p4um,4.71410593197,6.1449710615,5.722861017044068,249.15509170209992,5.909600201967471,3.1856484905189286e-05,0.004339378140000072,0.013124995060000089,0.015410530872346229,0.8882590410017599,0.034157795778737565
SQuADDS_MultiTarget,62,chip_simple_dx10p000_dym10p000__Lj12p0nH_Cj2p0fF__roL8p5mm__tee_fl160um_fc12_cg1p2um__rpg1p4um,4.71844531011,6.15809605656,5.707450486171722,250.04335074310168,5.943757997746209,2,chip_simple_dxm3p636_dy4p545__Lj12p0nH_Cj2p0fF__roL8p5mm__tee_fl160um_fc12_cg1p2um__rpg1p4um,4.71363061095,6.14572418614,5.668436658781052,248.2621666113731,5.949051840746841,5.4208920390314676e-05,0.004814699159999769,0.012371870419999986,0.039013827390670386,1.781184131728594,0.005293843000631959
SQuADDS_MultiTarget,62,chip_simple_dx10p000_dym10p000__Lj12p0nH_Cj2p0fF__roL8p5mm__tee_fl160um_fc12_cg1p2um__rpg1p4um,4.71844531011,6.15809605656,5.707450486171722,250.04335074310168,5.943757997746209,3,chip_simple_dx1p818_dym6p364__Lj12p0nH_Cj2p0fF__roL8p5mm__tee_fl160um_fc12_cg1p2um__rpg1p4um,4.69578457731,6.12169403881,5.701926778303146,248.8868694113445,5.9202374263109245,7.700152094926925e-05,0.022660732799999472,0.036402017749999516,0.005523707868576366,1.1564813317571918,0.02352057143528441
SQuADDS_MultiTarget,62,chip_simple_dx10p000_dym10p000__Lj12p0nH_Cj2p0fF__roL8p5mm__tee_fl160um_fc12_cg1p2um__rpg1p4um,4.71844531011,6.15809605656,5.707450486171722,250.04335074310168,5.943757997746209,4,chip_simple_dxm8p182_dym4p545__Lj12p0nH_Cj2p0fF__roL8p5mm__tee_fl160um_fc12_cg1p2um__rpg1p4um,4.73043071526,6.17100144044,5.767042214794159,250.8990176723497,5.986730956844874,9.734298325301753e-05,0.011985405149999906,0.01290538388000062,0.05959172862243722,0.8556669292480024,0.042972959098665164
SQuADDS_MultiTarget,62,chip_simple_dx10p000_dym10p000__Lj12p0nH_Cj2p0fF__roL8p5mm__tee_fl160um_fc12_cg1p2um__rpg1p4um,4.71844531011,6.15809605656,5.707450486171722,250.04335074310168,5.943757997746209,5,chip_simple_dx2p727_dy2p727__Lj12p0nH_Cj2p0fF__roL8p5mm__tee_fl160um_fc12_cg1p2um__rpg1p4um,4.73128014823,6.18706920741,5.709969924663543,252.0300867867861,5.997949180219245,0.00010276140210591992,0.012834838119999858,0.02897315085000063,0.0025194384918210133,1.9867360436844024,0.054191182473036115
SQuADDS_MultiTarget,62,chip_simple_dx10p000_dym10p000__Lj12p0nH_Cj2p0fF__roL8p5mm__tee_fl160um_fc12_cg1p2um__rpg1p4um,4.71844531011,6.15809605656,5.707450486171722,250.04335074310168,5.943757997746209,6,chip_simple_dx10p000_dy0p000__Lj12p0nH_Cj2p0fF__roL8p5mm__tee_fl160um_fc12_cg1p2um__rpg1p4um,4.71208036912,6.12933282299,5.748897754478454,247.69335881399888,5.914392877730971,0.00010637268870290103,0.0063649409900001785,0.028763233569999436,0.04144726830673218,2.3499919291027993,0.029365120015238055
SQuADDS_MultiTarget,62,chip_simple_dx10p000_dym10p000__Lj12p0nH_Cj2p0fF__roL8p5mm__tee_fl160um_fc12_cg1p2um__rpg1p4um,4.71844531011,6.15809605656,5.707450486171722,250.04335074310168,5.943757997746209,7,chip_simple_dxm1p818_dy0p000__Lj12p0nH_Cj2p0fF__roL8p5mm__tee_fl160um_fc12_cg1p2um__rpg1p4um,4.72085109882,6.13674306549,5.771197805171966,247.53443243124363,5.9292022682777255,0.00012799663395985717,0.0024057887099999675,0.02135299106999966,0.06374731900024422,2.5089183118580536,0.014555729468483491
SQuADDS_MultiTarget,62,chip_simple_dx10p000_dym10p000__Lj12p0nH_Cj2p0fF__roL8p5mm__tee_fl160um_fc12_cg1p2um__rpg1p4um,4.71844531011,6.15809605656,5.707450486171722,250.04335074310168,5.943757997746209,8,chip_simple_dxm2p727_dy3p636__Lj12p0nH_Cj2p0fF__roL8p5mm__tee_fl160um_fc12_cg1p2um__rpg1p4um,4.72771327144,6.17379279793,5.623312453847885,248.72072138405872,5.943747599398507,0.00013300538406886184,0.009267961329999963,0.01569674137000021,0.08413803232383721,1.3226293590429634,1.0398347702000876e-05
SQuADDS_MultiTarget,62,chip_simple_dx10p000_dym10p000__Lj12p0nH_Cj2p0fF__roL8p5mm__tee_fl160um_fc12_cg1p2um__rpg1p4um,4.71844531011,6.15809605656,5.707450486171722,250.04335074310168,5.943757997746209,9,chip_simple_dx0p909_dym2p727__Lj12p0nH_Cj2p0fF__roL8p5mm__tee_fl160um_fc12_cg1p2um__rpg1p4um,4.73288476866,6.15144010433,5.802761653125763,248.0066040101604,5.946582947290083,0.00018325675520581276,0.014439458550000062,0.0066559522300000395,0.09531116695404052,2.036746732941282,0.0028249495438741334
SQuADDS_MultiTarget,62,chip_simple_dx10p000_dym10p000__Lj12p0nH_Cj2p0fF__roL8p5mm__tee_fl160um_fc12_cg1p2um__rpg1p4um,4.71844531011,6.15809605656,5.707450486171722,250.04335074310168,5.943757997746209,10,chip_simple_dx5p455_dy6p364__Lj12p0nH_Cj2p0fF__roL8p5mm__tee_fl160um_fc12_cg1p2um__rpg1p4um,4.69287787871,6.10805951866,5.762084338729858,248.49446089822925,5.901551024983598,0.00018559580869658896,0.02556743139999984,0.05003653789999962,0.05463385255813602,1.5488898448724342,0.042206972762611095
SQuADDS_MultiTarget,63,fig5_cg0p5um_rpg2p0um__Lj12p0nH_Cj0p0fF__roL8p5mm__tee_fl160um_fc12,4.85287016324,5.21716045759,15.140575747583387,120.11707109236671,4.734598279457381,1,fig5_cg0p5um_rpg3p0um__Lj12p0nH_Cj0p0fF__roL8p5mm__tee_fl160um_fc12,4.85228059761,5.17367615258,14.724469331972122,107.0517381501744,4.685228495113829,0.006417141236019774,0.0005895656300003438,0.04348430501000067,0.4161064156112655,13.065332942192313,0.04936978434355144
SQuADDS_MultiTarget,63,fig5_cg0p5um_rpg2p0um__Lj12p0nH_Cj0p0fF__roL8p5mm__tee_fl160um_fc12,4.85287016324,5.21716045759,15.140575747583387,120.11707109236671,4.734598279457381,2,fig5_cg0p5um_rpg1p5um__Lj12p0nH_Cj0p0fF__roL8p5mm__tee_fl160um_fc12,4.79374824014,5.11789735856,18.8786309748764,123.35933929082648,4.718805625509781,0.03135759512760569,0.059121923100000195,0.09926309903000075,3.738055227293014,3.2422681984597688,0.015792653947599433
SQuADDS_MultiTarget,63,fig5_cg0p5um_rpg2p0um__Lj12p0nH_Cj0p0fF__roL8p5mm__tee_fl160um_fc12,4.85287016324,5.21716045759,15.140575747583387,120.11707109236671,4.734598279457381,3,fig5_cg0p5um_rpg4p5um__Lj12p0nH_Cj0p0fF__roL8p5mm__tee_fl160um_fc12,4.91536795129,5.15896681443,15.940627231472014,88.96160903755928,4.628479910333719,0.0355754729246284,0.06249778804999995,0.058193643160000086,0.8000514838886268,31.15546205480743,0.1061183691236618
SQuADDS_MultiTarget,63,fig5_cg0p5um_rpg2p0um__Lj12p0nH_Cj0p0fF__roL8p5mm__tee_fl160um_fc12,4.85287016324,5.21716045759,15.140575747583387,120.11707109236671,4.734598279457381,4,fig5_cg0p5um_rpg4p0um__Lj12p0nH_Cj0p0fF__roL8p5mm__tee_fl160um_fc12,4.93444795175,5.31580660647,11.014610311313628,104.66300593655608,4.723900019540444,0.046050114338697594,0.08157778850999975,0.09864614887999945,4.125965436269759,15.454065155810639,0.010698259916936514
SQuADDS_MultiTarget,63,fig5_cg0p5um_rpg2p0um__Lj12p0nH_Cj0p0fF__roL8p5mm__tee_fl160um_fc12,4.85287016324,5.21716045759,15.140575747583387,120.11707109236671,4.734598279457381,5,fig5_cg0p5um_rpg5p0um__Lj12p0nH_Cj0p0fF__roL8p5mm__tee_fl160um_fc12,4.98323158095,5.19678849863,14.45415507852745,76.08639123510137,4.620459238685448,0.06923998277901094,0.13036141770999965,0.020371958960000214,0.6864206690559378,44.03067985726534,0.11413904077193315
SQuADDS_MultiTarget,63,fig5_cg0p5um_rpg2p0um__Lj12p0nH_Cj0p0fF__roL8p5mm__tee_fl160um_fc12,4.85287016324,5.21716045759,15.140575747583387,120.11707109236671,4.734598279457381,6,fig5_cg0p5um_rpg1p0um__Lj12p0nH_Cj0p0fF__roL8p5mm__tee_fl160um_fc12,4.67332763234,5.16611622725,17.142235439027786,169.6815537049959,4.775652263368383,0.09537492576088376,0.17954253090000005,0.051044230340000496,2.0016596914443987,49.56448261262919,0.041053983911002234
SQuADDS_MultiTarget,63,fig5_cg0p5um_rpg2p0um__Lj12p0nH_Cj0p0fF__roL8p5mm__tee_fl160um_fc12,4.85287016324,5.21716045759,15.140575747583387,120.11707109236671,4.734598279457381,7,fig5_cg1p0um_rpg3p5um__Lj12p0nH_Cj0p0fF__roL8p5mm__tee_fl160um_fc12,4.93012574905,5.64408869323,6.575776153987884,136.7596168514535,5.1303535459575125,0.18004160179573134,0.0772555858099997,0.42692823563999927,8.564799593595502,16.642545759086786,0.3957552665001316
SQuADDS_MultiTarget,63,fig5_cg0p5um_rpg2p0um__Lj12p0nH_Cj0p0fF__roL8p5mm__tee_fl160um_fc12,4.85287016324,5.21716045759,15.140575747583387,120.11707109236671,4.734598279457381,8,fig5_cg0p5um_rpg0p5um__Lj12p0nH_Cj0p0fF__roL8p5mm__tee_fl160um_fc12,4.47431097986,4.90444674183,23.3718856869278,184.7937715709197,4.550708788499706,0.30317736169947374,0.37855918338000016,0.3127137157600002,8.231309939344413,64.67670047855297,0.18388949095767515
SQuADDS_MultiTarget,63,fig5_cg0p5um_rpg2p0um__Lj12p0nH_Cj0p0fF__roL8p5mm__tee_fl160um_fc12,4.85287016324,5.21716045759,15.140575747583387,120.11707109236671,4.734598279457381,9,fig5_cg0p5um_rpg0p5um__Lj12p0nH_Cj2p0fF__roL8p5mm__tee_fl160um_fc12,4.44465026675,4.80732283499,25.013992153053284,166.80161753124978,4.376474376069207,0.30426337441680623,0.40821989649000034,0.40983762260000045,9.873416405469897,46.68454643888306,0.358123903388174
SQuADDS_MultiTarget,63,fig5_cg0p5um_rpg2p0um__Lj12p0nH_Cj0p0fF__roL8p5mm__tee_fl160um_fc12,4.85287016324,5.21716045759,15.140575747583387,120.11707109236671,4.734598279457381,10,fig5_cg1p0um_rpg5p0um__Lj12p0nH_Cj0p0fF__roL8p5mm__tee_fl160um_fc12,5.002819954,6.02791749619,4.5428961180763245,154.53491753319466,5.492192335970341,0.32392445688726634,0.14994979075999915,0.8107570385999994,10.597679629507063,34.417846440827944,0.7575940565129597
SQuADDS_MultiTarget,64,fig5_cg0p5um_rpg2p5um__Lj12p0nH_Cj0p0fF__roL8p5mm__tee_fl160um_fc12,4.86085203755,5.13967848351,17.965380264259338,105.70737983803429,4.613459377882024,1,fig5_cg0p5um_rpg1p5um__Lj12p0nH_Cj0p0fF__roL8p5mm__tee_fl160um_fc12,4.79374824014,5.11789735856,18.8786309748764,123.35933929082648,4.718805625509781,0.015703934704390524,0.06710379740999972,0.021781124950000397,0.9132507106170635,17.651959452792198,0.10534624762775735
SQuADDS_MultiTarget,64,fig5_cg0p5um_rpg2p5um__Lj12p0nH_Cj0p0fF__roL8p5mm__tee_fl160um_fc12,4.86085203755,5.13967848351,17.965380264259338,105.70737983803429,4.613459377882024,2,fig5_cg0p5um_rpg3p0um__Lj12p0nH_Cj0p0fF__roL8p5mm__tee_fl160um_fc12,4.85228059761,5.17367615258,14.724469331972122,107.0517381501744,4.685228495113829,0.01652037799817395,0.00857143993999987,0.03399766906999968,3.240910932287216,1.3443583121401161,0.07176911723180535
SQuADDS_MultiTarget,64,fig5_cg0p5um_rpg2p5um__Lj12p0nH_Cj0p0fF__roL8p5mm__tee_fl160um_fc12,4.86085203755,5.13967848351,17.965380264259338,105.70737983803429,4.613459377882024,3,fig5_cg0p5um_rpg4p5um__Lj12p0nH_Cj0p0fF__roL8p5mm__tee_fl160um_fc12,4.91536795129,5.15896681443,15.940627231472014,88.96160903755928,4.628479910333719,0.019044015076239672,0.05451591374000042,0.019288330920000263,2.0247530327873235,16.745770800475,0.01502053245169499
SQuADDS_MultiTarget,64,fig5_cg0p5um_rpg2p5um__Lj12p0nH_Cj0p0fF__roL8p5mm__tee_fl160um_fc12,4.86085203755,5.13967848351,17.965380264259338,105.70737983803429,4.613459377882024,4,fig5_cg0p5um_rpg5p0um__Lj12p0nH_Cj0p0fF__roL8p5mm__tee_fl160um_fc12,4.98323158095,5.19678849863,14.45415507852745,76.08639123510137,4.620459238685448,0.059118390390669566,0.12237954340000012,0.057110015120000135,3.511225185731888,29.62098860293291,0.00699986080342363
SQuADDS_MultiTarget,64,fig5_cg0p5um_rpg2p5um__Lj12p0nH_Cj0p0fF__roL8p5mm__tee_fl160um_fc12,4.86085203755,5.13967848351,17.965380264259338,105.70737983803429,4.613459377882024,5,fig5_cg0p5um_rpg4p0um__Lj12p0nH_Cj0p0fF__roL8p5mm__tee_fl160um_fc12,4.93444795175,5.31580660647,11.014610311313628,104.66300593655608,4.723900019540444,0.07658392877494526,0.07359591420000022,0.1761281229599998,6.950769952945709,1.0443739014782096,0.11044064165842027
SQuADDS_MultiTarget,64,fig5_cg0p5um_rpg2p5um__Lj12p0nH_Cj0p0fF__roL8p5mm__tee_fl160um_fc12,4.86085203755,5.13967848351,17.965380264259338,105.70737983803429,4.613459377882024,6,fig5_cg0p5um_rpg1p0um__Lj12p0nH_Cj0p0fF__roL8p5mm__tee_fl160um_fc12,4.67332763234,5.16611622725,17.142235439027786,169.6815537049959,4.775652263368383,0.1863163179559379,0.18752440520999958,0.026437743739999853,0.8231448252315516,63.97417386696162,0.16219288548635902
SQuADDS_MultiTarget,64,fig5_cg0p5um_rpg2p5um__Lj12p0nH_Cj0p0fF__roL8p5mm__tee_fl160um_fc12,4.86085203755,5.13967848351,17.965380264259338,105.70737983803429,4.613459377882024,7,fig5_cg0p5um_rpg0p5um__Lj12p0nH_Cj2p0fF__roL8p5mm__tee_fl160um_fc12,4.44465026675,4.80732283499,25.013992153053284,166.80161753124978,4.376474376069207,0.2568158630308463,0.41620177079999987,0.3323556485200001,7.048611888793946,61.09423769321549,0.23698500181281723
SQuADDS_MultiTarget,64,fig5_cg0p5um_rpg2p5um__Lj12p0nH_Cj0p0fF__roL8p5mm__tee_fl160um_fc12,4.86085203755,5.13967848351,17.965380264259338,105.70737983803429,4.613459377882024,8,fig5_cg1p0um_rpg3p5um__Lj12p0nH_Cj0p0fF__roL8p5mm__tee_fl160um_fc12,4.93012574905,5.64408869323,6.575776153987884,136.7596168514535,5.1303535459575125,0.26021986374867984,0.06927371150000017,0.5044102097199996,11.389604110271453,31.052237013419216,0.5168941680754884
SQuADDS_MultiTarget,64,fig5_cg0p5um_rpg2p5um__Lj12p0nH_Cj0p0fF__roL8p5mm__tee_fl160um_fc12,4.86085203755,5.13967848351,17.965380264259338,105.70737983803429,4.613459377882024,9,fig5_cg0p5um_rpg0p5um__Lj12p0nH_Cj0p0fF__roL8p5mm__tee_fl160um_fc12,4.47431097986,4.90444674183,23.3718856869278,184.7937715709197,4.550708788499706,0.33366755979344465,0.3865410576899997,0.23523174167999983,5.406505422668463,79.0863917328854,0.06275058938231837
SQuADDS_MultiTarget,64,fig5_cg0p5um_rpg2p5um__Lj12p0nH_Cj0p0fF__roL8p5mm__tee_fl160um_fc12,4.86085203755,5.13967848351,17.965380264259338,105.70737983803429,4.613459377882024,10,fig5_cg1p0um_rpg5p0um__Lj12p0nH_Cj0p0fF__roL8p5mm__tee_fl160um_fc12,5.002819954,6.02791749619,4.5428961180763245,154.53491753319466,5.492192335970341,0.43464296247657946,0.14196791644999962,0.8882390126799997,13.422484146183013,48.82753769516037,0.8787329580883165
SQuADDS_MultiTarget,65,fig5_cg0p5um_rpg3p5um__Lj12p0nH_Cj0p0fF__roL8p5mm__tee_fl160um_fc12,4.95220581627,5.47066739424,9.085998195718766,122.01967618339854,4.939635258326992,1,fig5_cg0p5um_rpg4p0um__Lj12p0nH_Cj0p0fF__roL8p5mm__tee_fl160um_fc12,4.93444795175,5.31580660647,11.014610311313628,104.66300593655608,4.723900019540444,0.034412270772369455,0.017757864520000055,0.15486078777000056,1.9286121155948628,17.35667024684247,0.21573523878654743
SQuADDS_MultiTarget,65,fig5_cg0p5um_rpg3p5um__Lj12p0nH_Cj0p0fF__roL8p5mm__tee_fl160um_fc12,4.95220581627,5.47066739424,9.085998195718766,122.01967618339854,4.939635258326992,2,fig5_cg1p0um_rpg3p5um__Lj12p0nH_Cj0p0fF__roL8p5mm__tee_fl160um_fc12,4.93012574905,5.64408869323,6.575776153987884,136.7596168514535,5.1303535459575125,0.047229994391559095,0.02208006722000011,0.17342129898999925,2.5102220417308816,14.739940668054956,0.19071828763052068
SQuADDS_MultiTarget,65,fig5_cg0p5um_rpg3p5um__Lj12p0nH_Cj0p0fF__roL8p5mm__tee_fl160um_fc12,4.95220581627,5.47066739424,9.085998195718766,122.01967618339854,4.939635258326992,3,fig5_cg1p0um_rpg5p0um__Lj12p0nH_Cj0p0fF__roL8p5mm__tee_fl160um_fc12,5.002819954,6.02791749619,4.5428961180763245,154.53491753319466,5.492192335970341,0.1772469930655216,0.05061413772999934,0.5572501019499994,4.543102077642441,32.51524134979611,0.5525570776433488
SQuADDS_MultiTarget,65,fig5_cg0p5um_rpg3p5um__Lj12p0nH_Cj0p0fF__roL8p5mm__tee_fl160um_fc12,4.95220581627,5.47066739424,9.085998195718766,122.01967618339854,4.939635258326992,4,fig5_cg1p0um_rpg4p5um__Lj12p0nH_Cj0p0fF__roL8p5mm__tee_fl160um_fc12,4.92669215481,5.97329068938,5.158221075239181,170.16755028324246,5.4665157689459365,0.1854442859486187,0.02551366146000067,0.5026232951399994,3.9277771204795844,48.14787409984392,0.5268805106189447
SQuADDS_MultiTarget,65,fig5_cg0p5um_rpg3p5um__Lj12p0nH_Cj0p0fF__roL8p5mm__tee_fl160um_fc12,4.95220581627,5.47066739424,9.085998195718766,122.01967618339854,4.939635258326992,5,fig5_cg0p5um_rpg3p0um__Lj12p0nH_Cj0p0fF__roL8p5mm__tee_fl160um_fc12,4.85228059761,5.17367615258,14.724469331972122,107.0517381501744,4.685228495113829,0.20475609774209258,0.09992521866000015,0.2969912416600007,5.638471136253356,14.967938033224144,0.25440676321316236
SQuADDS_MultiTarget,65,fig5_cg0p5um_rpg3p5um__Lj12p0nH_Cj0p0fF__roL8p5mm__tee_fl160um_fc12,4.95220581627,5.47066739424,9.085998195718766,122.01967618339854,4.939635258326992,6,fig5_cg1p0um_rpg3p0um__Lj12p0nH_Cj0p0fF__roL8p5mm__tee_fl160um_fc12,4.97020205129,6.08547213388,4.887907087696076,174.11503645167113,5.736747686378181,0.22354334360770342,0.01799623502000003,0.6148047396399994,4.198091108022689,52.095360268272586,0.7971124280511894
SQuADDS_MultiTarget,65,fig5_cg0p5um_rpg3p5um__Lj12p0nH_Cj0p0fF__roL8p5mm__tee_fl160um_fc12,4.95220581627,5.47066739424,9.085998195718766,122.01967618339854,4.939635258326992,7,fig5_cg0p5um_rpg5p0um__Lj12p0nH_Cj0p0fF__roL8p5mm__tee_fl160um_fc12,4.98323158095,5.19678849863,14.45415507852745,76.08639123510137,4.620459238685448,0.25001930529318456,0.031025764679999845,0.27387889561000023,5.368156882808684,45.93328494829717,0.3191760196415441
SQuADDS_MultiTarget,65,fig5_cg0p5um_rpg3p5um__Lj12p0nH_Cj0p0fF__roL8p5mm__tee_fl160um_fc12,4.95220581627,5.47066739424,9.085998195718766,122.01967618339854,4.939635258326992,8,chip_simple_dx9p091_dy0p000__Lj12p0nH_Cj2p0fF__roL8p5mm__tee_fl160um_fc12_cg1p2um__rpg1p4um,4.76124240378,5.85151588254,6.177502768482208,199.56867499694044,5.536085214131183,0.2668165587176852,0.19096341249000037,0.38084848829999984,2.9084954272365575,77.5489988135419,0.5964499558041911
SQuADDS_MultiTarget,65,fig5_cg0p5um_rpg3p5um__Lj12p0nH_Cj0p0fF__roL8p5mm__tee_fl160um_fc12,4.95220581627,5.47066739424,9.085998195718766,122.01967618339854,4.939635258326992,9,fig5_cg1p5um_rpg5p0um__Lj12p0nH_Cj0p0fF__roL8p5mm__tee_fl160um_fc12,5.04323507232,6.28021289796,3.42494801615715,157.85689600124496,5.786188574995053,0.27414815579950524,0.09102925604999967,0.8095455037199999,5.661050179561616,35.83721981784642,0.8465533166680608
SQuADDS_MultiTarget,65,fig5_cg0p5um_rpg3p5um__Lj12p0nH_Cj0p0fF__roL8p5mm__tee_fl160um_fc12,4.95220581627,5.47066739424,9.085998195718766,122.01967618339854,4.939635258326992,10,fig5_cg1p0um_rpg2p5um__Lj12p0nH_Cj0p0fF__roL8p5mm__tee_fl160um_fc12,4.8761770008,5.99407925784,6.270368555709839,201.3919971854669,5.6148078415071,0.27831307604233213,0.07602881546999996,0.5234118635999998,2.8156296400089262,79.37232100206835,0.6751725831801085
SQuADDS_MultiTarget,66,fig5_cg1p0um_rpg1p0um__Lj12p0nH_Cj0p0fF__roL8p5mm__tee_fl160um_fc12,4.67320004812,5.91640960993,8.50689958678627,269.90737452966613,5.733069631974926,1,chip_simple_dxm5p455_dy0p000__Lj12p0nH_Cj2p0fF__roL8p5mm__tee_fl160um_fc12_cg1p2um__rpg1p4um,4.65565922761,5.90826363148,7.568158031253814,256.87142805930426,5.620050825837231,0.007465265019396396,0.017540820509999833,0.00814597844999998,0.9387415555324559,13.035946470361864,0.11301880613769555
SQuADDS_MultiTarget,66,fig5_cg1p0um_rpg1p0um__Lj12p0nH_Cj0p0fF__roL8p5mm__tee_fl160um_fc12,4.67320004812,5.91640960993,8.50689958678627,269.90737452966613,5.733069631974926,2,chip_simple_dx5p455_dy7p273__Lj12p0nH_Cj2p0fF__roL8p5mm__tee_fl160um_fc12_cg1p2um__rpg1p4um,4.63016259455,5.90653520192,7.5051360739383695,261.5882571358774,5.619886396297611,0.007691061526133531,0.04303745357000022,0.009874408009999947,1.0017635128479006,8.319117393788702,0.11318323567731525
SQuADDS_MultiTarget,66,fig5_cg1p0um_rpg1p0um__Lj12p0nH_Cj0p0fF__roL8p5mm__tee_fl160um_fc12,4.67320004812,5.91640960993,8.50689958678627,269.90737452966613,5.733069631974926,3,chip_simple_dx0p909_dy9p091__Lj12p0nH_Cj2p0fF__roL8p5mm__tee_fl160um_fc12_cg1p2um__rpg1p4um,4.64262010646,6.01719400783,7.119226298389434,272.16782032574594,5.7859474059590505,0.013715206363728756,0.03057994166000011,0.10078439790000004,1.3876732883968357,2.2604457960798072,0.05287777398412441
SQuADDS_MultiTarget,66,fig5_cg1p0um_rpg1p0um__Lj12p0nH_Cj0p0fF__roL8p5mm__tee_fl160um_fc12,4.67320004812,5.91640960993,8.50689958678627,269.90737452966613,5.733069631974926,4,chip_simple_dx6p364_dym9p091__Lj12p0nH_Cj2p0fF__roL8p5mm__tee_fl160um_fc12_cg1p2um__rpg1p4um,4.61408891639,5.8348431258,7.157018945320129,245.81994975321848,5.524957872223877,0.017580879774055938,0.05911113172999993,0.08156648412999967,1.3498806414661413,24.087424776447648,0.20811175975104934
SQuADDS_MultiTarget,66,fig5_cg1p0um_rpg1p0um__Lj12p0nH_Cj0p0fF__roL8p5mm__tee_fl160um_fc12,4.67320004812,5.91640960993,8.50689958678627,269.90737452966613,5.733069631974926,5,chip_simple_dxm6p364_dy1p818__Lj12p0nH_Cj2p0fF__roL8p5mm__tee_fl160um_fc12_cg1p2um__rpg1p4um,4.6653952178,5.89233877471,7.111206174053192,243.65760514397687,5.596123213023553,0.01849271455471144,0.007804830319999567,0.024070835219999864,1.3956934127330776,26.249769385689262,0.13694641895137316
SQuADDS_MultiTarget,66,fig5_cg1p0um_rpg1p0um__Lj12p0nH_Cj0p0fF__roL8p5mm__tee_fl160um_fc12,4.67320004812,5.91640960993,8.50689958678627,269.90737452966613,5.733069631974926,6,chip_simple_dx6p364_dy0p909__Lj12p0nH_Cj2p0fF__roL8p5mm__tee_fl160um_fc12_cg1p2um__rpg1p4um,4.68262955673,6.0029649786,6.869708579084396,255.2757678450623,5.813396079707513,0.020304967606793643,0.009429508610000248,0.08655536867000002,1.6371910077018743,14.631606684603838,0.08032644773258646
SQuADDS_MultiTarget,66,fig5_cg1p0um_rpg1p0um__Lj12p0nH_Cj0p0fF__roL8p5mm__tee_fl160um_fc12,4.67320004812,5.91640960993,8.50689958678627,269.90737452966613,5.733069631974926,7,chip_simple_dxm2p727_dy7p273__Lj12p0nH_Cj2p0fF__roL8p5mm__tee_fl160um_fc12_cg1p2um__rpg1p4um,4.64565792942,5.94593779992,6.813675192602157,252.5467836425057,5.640825470466488,0.022066372510700906,0.027542118699999563,0.02952818999000062,1.6932243941841127,17.36059088716044,0.09224416150843773
SQuADDS_MultiTarget,66,fig5_cg1p0um_rpg1p0um__Lj12p0nH_Cj0p0fF__roL8p5mm__tee_fl160um_fc12,4.67320004812,5.91640960993,8.50689958678627,269.90737452966613,5.733069631974926,8,chip_simple_dx4p545_dy0p909__Lj12p0nH_Cj2p0fF__roL8p5mm__tee_fl160um_fc12_cg1p2um__rpg1p4um,4.64954724763,5.93861749966,6.834223768831253,250.81131158321867,5.575584422923479,0.022250658479780316,0.023652800489999848,0.02220788973000065,1.6726758179550174,19.09606294644746,0.1574852090514467
SQuADDS_MultiTarget,66,fig5_cg1p0um_rpg1p0um__Lj12p0nH_Cj0p0fF__roL8p5mm__tee_fl160um_fc12,4.67320004812,5.91640960993,8.50689958678627,269.90737452966613,5.733069631974926,9,fig5_cg1p0um_rpg0p5um__Lj12p0nH_Cj0p0fF__roL8p5mm__tee_fl160um_fc12,4.54202192391,5.9187518934,9.338552303901672,320.1328277671616,5.801737822485728,0.02295218150803813,0.13117812420999986,0.002342283469999984,0.8316527171154018,50.22545323749546,0.06866819051080153
SQuADDS_MultiTarget,66,fig5_cg1p0um_rpg1p0um__Lj12p0nH_Cj0p0fF__roL8p5mm__tee_fl160um_fc12,4.67320004812,5.91640960993,8.50689958678627,269.90737452966613,5.733069631974926,10,chip_simple_dx3p636_dy3p636__Lj12p0nH_Cj2p0fF__roL8p5mm__tee_fl160um_fc12_cg1p2um__rpg1p4um,4.64027560624,6.0453856762,6.692517402437209,269.36381961114404,5.806133906462158,0.023353049546263525,0.032924441879999655,0.1289760662699999,1.8143821843490606,0.5435549185220907,0.07306427448723163
SQuADDS_MultiTarget,67,fig5_cg1p0um_rpg2p0um__Lj12p0nH_Cj0p0fF__roL8p5mm__tee_fl160um_fc12,4.88546910013,6.04518785501,6.151556719615936,205.9447691587804,5.705487976132026,1,fig5_cg1p0um_rpg2p5um__Lj12p0nH_Cj0p0fF__roL8p5mm__tee_fl160um_fc12,4.8761770008,5.99407925784,6.270368555709839,201.3919971854669,5.6148078415071,0.0006322683093434231,0.009292099329999637,0.051108597169999825,0.11881183609390344,4.552771973313497,0.0906801346249253
SQuADDS_MultiTarget,67,fig5_cg1p0um_rpg2p0um__Lj12p0nH_Cj0p0fF__roL8p5mm__tee_fl160um_fc12,4.88546910013,6.04518785501,6.151556719615936,205.9447691587804,5.705487976132026,2,chip_simple_dx9p091_dy0p000__Lj12p0nH_Cj2p0fF__roL8p5mm__tee_fl160um_fc12_cg1p2um__rpg1p4um,4.76124240378,5.85151588254,6.177502768482208,199.56867499694044,5.536085214131183,0.002601912201939067,0.12422669635000005,0.1936719724699998,0.025946048866272164,6.376094161839944,0.1694027620008427
SQuADDS_MultiTarget,67,fig5_cg1p0um_rpg2p0um__Lj12p0nH_Cj0p0fF__roL8p5mm__tee_fl160um_fc12,4.88546910013,6.04518785501,6.151556719615936,205.9447691587804,5.705487976132026,3,chip_simple_dxm6p364_dym4p545__Lj12p0nH_Cj2p0fF__roL8p5mm__tee_fl160um_fc12_cg1p2um__rpg1p4um,4.77051294453,5.99784752226,5.875309934732437,216.5912114480181,5.743283944916589,0.0029814681798824524,0.11495615559999983,0.04734033275000016,0.2762467848834991,10.646442289237712,0.037795968784563705
SQuADDS_MultiTarget,67,fig5_cg1p0um_rpg2p0um__Lj12p0nH_Cj0p0fF__roL8p5mm__tee_fl160um_fc12,4.88546910013,6.04518785501,6.151556719615936,205.9447691587804,5.705487976132026,4,chip_simple_dx7p273_dym7p273__Lj12p0nH_Cj2p0fF__roL8p5mm__tee_fl160um_fc12_cg1p2um__rpg1p4um,4.80834531761,6.06143102986,5.869294067358017,219.01499856665555,5.8432544354458384,0.003614542285243761,0.07712378252000018,0.016243174849999598,0.282262652257919,13.07022940787516,0.13776645931381282
SQuADDS_MultiTarget,67,fig5_cg1p0um_rpg2p0um__Lj12p0nH_Cj0p0fF__roL8p5mm__tee_fl160um_fc12,4.88546910013,6.04518785501,6.151556719615936,205.9447691587804,5.705487976132026,5,chip_simple_dx2p727_dy3p636__Lj12p0nH_Cj2p0fF__roL8p5mm__tee_fl160um_fc12_cg1p2um__rpg1p4um,4.74429494791,5.9687577148,6.039171265787124,220.3138057061849,5.653802310643351,0.003636806962370726,0.14117415221999963,0.07643014021000027,0.1123854538288116,14.369036547404505,0.051685665488674815
SQuADDS_MultiTarget,67,fig5_cg1p0um_rpg2p0um__Lj12p0nH_Cj0p0fF__roL8p5mm__tee_fl160um_fc12,4.88546910013,6.04518785501,6.151556719615936,205.9447691587804,5.705487976132026,6,chip_simple_dxm10p000_dy9p091__Lj12p0nH_Cj2p0fF__roL8p5mm__tee_fl160um_fc12_cg1p2um__rpg1p4um,4.73431310321,5.9588117706,5.945221753843307,219.04223037505847,5.629570893196313,0.0038347778248094253,0.15115599692000004,0.08637608441000033,0.206334965772629,13.097461216278077,0.07591708293571298
SQuADDS_MultiTarget,67,fig5_cg1p0um_rpg2p0um__Lj12p0nH_Cj0p0fF__roL8p5mm__tee_fl160um_fc12,4.88546910013,6.04518785501,6.151556719615936,205.9447691587804,5.705487976132026,7,chip_simple_dx4p545_dy10p000__Lj12p0nH_Cj2p0fF__roL8p5mm__tee_fl160um_fc12_cg1p2um__rpg1p4um,4.77208572646,5.99587669765,5.687584656963348,212.41558975620657,5.693307476185639,0.003945409020692643,0.11338337366999962,0.049311157360000024,0.46397206265258806,6.470820597426183,0.01218049994638637
SQuADDS_MultiTarget,67,fig5_cg1p0um_rpg2p0um__Lj12p0nH_Cj0p0fF__roL8p5mm__tee_fl160um_fc12,4.88546910013,6.04518785501,6.151556719615936,205.9447691587804,5.705487976132026,8,chip_simple_dxm4p545_dy9p091__Lj12p0nH_Cj2p0fF__roL8p5mm__tee_fl160um_fc12_cg1p2um__rpg1p4um,4.73257191675,5.96883434545,5.846838404302597,219.15587205568883,5.667058133519072,0.004446069933073508,0.15289718337999947,0.07635350955999964,0.30471831531333926,13.211102896908443,0.03842984261295346
SQuADDS_MultiTarget,67,fig5_cg1p0um_rpg2p0um__Lj12p0nH_Cj0p0fF__roL8p5mm__tee_fl160um_fc12,4.88546910013,6.04518785501,6.151556719615936,205.9447691587804,5.705487976132026,9,chip_simple_dxm4p545_dy1p818__Lj12p0nH_Cj2p0fF__roL8p5mm__tee_fl160um_fc12_cg1p2um__rpg1p4um,4.7912337707,6.04949503992,5.623098915470123,215.8825327452169,5.82735004160752,0.005454866903369743,0.09423532943000001,0.004307184910000039,0.5284578041458126,9.937763586436517,0.1218620654754945
SQuADDS_MultiTarget,67,fig5_cg1p0um_rpg2p0um__Lj12p0nH_Cj0p0fF__roL8p5mm__tee_fl160um_fc12,4.88546910013,6.04518785501,6.151556719615936,205.9447691587804,5.705487976132026,10,chip_simple_dx1p818_dym9p091__Lj12p0nH_Cj2p0fF__roL8p5mm__tee_fl160um_fc12_cg1p2um__rpg1p4um,4.73395858035,5.98672827489,5.994751743192673,224.6710358694394,5.7112226948008775,0.005514677794577821,0.15151051977999952,0.058459580120000076,0.1568049764232633,18.72626671065902,0.00573471866885189
SQuADDS_MultiTarget,68,fig5_cg1p0um_rpg4p0um__Lj12p0nH_Cj0p0fF__roL8p5mm__tee_fl160um_fc12,4.95117759309,6.03382781382,4.543285076444626,163.8602966996751,5.582606418234732,1,fig5_cg1p0um_rpg5p0um__Lj12p0nH_Cj0p0fF__roL8p5mm__tee_fl160um_fc12,5.002819954,6.02791749619,4.5428961180763245,154.53491753319466,5.492192335970341,0.001860309845885574,0.05164236090999985,0.0059103176300006055,0.00038895836830121766,9.325379166480445,0.09041408226439174
SQuADDS_MultiTarget,68,fig5_cg1p0um_rpg4p0um__Lj12p0nH_Cj0p0fF__roL8p5mm__tee_fl160um_fc12,4.95117759309,6.03382781382,4.543285076444626,163.8602966996751,5.582606418234732,2,fig5_cg1p0um_rpg3p0um__Lj12p0nH_Cj0p0fF__roL8p5mm__tee_fl160um_fc12,4.97020205129,6.08547213388,4.887907087696076,174.11503645167113,5.736747686378181,0.005304314997006333,0.019024458200000538,0.051644320059999416,0.34462201125145064,10.254739751996027,0.15414126814344886
SQuADDS_MultiTarget,68,fig5_cg1p0um_rpg4p0um__Lj12p0nH_Cj0p0fF__roL8p5mm__tee_fl160um_fc12,4.95117759309,6.03382781382,4.543285076444626,163.8602966996751,5.582606418234732,3,fig5_cg1p5um_rpg3p0um__Lj12p0nH_Cj0p0fF__roL8p5mm__tee_fl160um_fc12,4.93361547524,6.17501216383,4.052527205030441,175.89357788253568,5.703326979965164,0.009324307684447027,0.017562117849999836,0.14118435000999963,0.4907578714141847,12.033281182860577,0.12072056173043144
SQuADDS_MultiTarget,68,fig5_cg1p0um_rpg4p0um__Lj12p0nH_Cj0p0fF__roL8p5mm__tee_fl160um_fc12,4.95117759309,6.03382781382,4.543285076444626,163.8602966996751,5.582606418234732,4,fig5_cg1p0um_rpg4p5um__Lj12p0nH_Cj0p0fF__roL8p5mm__tee_fl160um_fc12,4.92669215481,5.97329068938,5.158221075239181,170.16755028324246,5.4665157689459365,0.010242019573554665,0.02448543828000016,0.06053712444000059,0.6149359987945555,6.307253583567359,0.11609064928879587
SQuADDS_MultiTarget,68,fig5_cg1p0um_rpg4p0um__Lj12p0nH_Cj0p0fF__roL8p5mm__tee_fl160um_fc12,4.95117759309,6.03382781382,4.543285076444626,163.8602966996751,5.582606418234732,5,fig5_cg1p5um_rpg3p5um__Lj12p0nH_Cj0p0fF__roL8p5mm__tee_fl160um_fc12,4.91739512178,6.2089293665,4.491181793327331,192.69828834759227,5.78727831204173,0.017113014805450234,0.03378247130999945,0.17510155267999927,0.05210328311729473,28.837991647917164,0.20467189380699757
SQuADDS_MultiTarget,68,fig5_cg1p0um_rpg4p0um__Lj12p0nH_Cj0p0fF__roL8p5mm__tee_fl160um_fc12,4.95117759309,6.03382781382,4.543285076444626,163.8602966996751,5.582606418234732,6,fig5_cg2p0um_rpg3p0um__Lj12p0nH_Cj0p0fF__roL8p5mm__tee_fl160um_fc12,4.90691227134,6.26460466713,4.076762608140945,192.584502898011,5.878506475506168,0.023583987421633066,0.04426532174999931,0.23077685331000009,0.4665224683036806,28.724206198335906,0.2959000572714352
SQuADDS_MultiTarget,68,fig5_cg1p0um_rpg4p0um__Lj12p0nH_Cj0p0fF__roL8p5mm__tee_fl160um_fc12,4.95117759309,6.03382781382,4.543285076444626,163.8602966996751,5.582606418234732,7,fig5_cg1p5um_rpg4p5um__Lj12p0nH_Cj0p0fF__roL8p5mm__tee_fl160um_fc12,4.976402692,6.33017472215,3.799471869277954,182.9036327769298,5.865943595048655,0.023880947651908534,0.02522509891000002,0.29634690832999944,0.7438132071666717,19.043336077254708,0.283337176813923
SQuADDS_MultiTarget,68,fig5_cg1p0um_rpg4p0um__Lj12p0nH_Cj0p0fF__roL8p5mm__tee_fl160um_fc12,4.95117759309,6.03382781382,4.543285076444626,163.8602966996751,5.582606418234732,8,fig5_cg1p5um_rpg2p5um__Lj12p0nH_Cj0p0fF__roL8p5mm__tee_fl160um_fc12,4.93882770809,6.20515259596,4.85777295016098,196.1018444801448,5.919324796967785,0.024384884534136723,0.012349884999999894,0.17132478213999924,0.3144878737163541,32.24154778046969,0.3367183787330523
SQuADDS_MultiTarget,68,fig5_cg1p0um_rpg4p0um__Lj12p0nH_Cj0p0fF__roL8p5mm__tee_fl160um_fc12,4.95117759309,6.03382781382,4.543285076444626,163.8602966996751,5.582606418234732,9,fig5_cg1p5um_rpg4p0um__Lj12p0nH_Cj0p0fF__roL8p5mm__tee_fl160um_fc12,4.87824436992,6.24826740965,4.101225070188522,195.7599725835552,5.814198941096933,0.026023528906245066,0.07293322316999973,0.21443959583000005,0.44206000625610375,31.899675883880093,0.23159252286220067
SQuADDS_MultiTarget,68,fig5_cg1p0um_rpg4p0um__Lj12p0nH_Cj0p0fF__roL8p5mm__tee_fl160um_fc12,4.95117759309,6.03382781382,4.543285076444626,163.8602966996751,5.582606418234732,10,chip_simple_dxm1p818_dy2p727__Lj12p0nH_Cj2p0fF__roL8p5mm__tee_fl160um_fc12_cg1p2um__rpg1p4um,4.83311972934,6.1178439336,4.724510482942581,199.83230045887737,5.831240867189456,0.026646156320239017,0.11805786374999983,0.08401611977999934,0.18122540649795482,35.972003759202266,0.2486344489547232
SQuADDS_MultiTarget,69,fig5_cg1p5um_rpg1p5um__Lj12p0nH_Cj0p0fF__roL8p5mm__tee_fl160um_fc12,4.70205725312,6.11538531342,6.239270386688232,258.23019357418474,5.882120056560826,1,chip_simple_dxm5p455_dym0p909__Lj12p0nH_Cj2p0fF__roL8p5mm__tee_fl160um_fc12_cg1p2um__rpg1p4um,4.66763587514,6.08883806006,6.21373459135437,260.5856028778693,5.875563466003383,0.0001230305340391348,0.034421377979999335,0.02654725336000041,0.02553579533386241,2.355409303684553,0.006556590557442732
SQuADDS_MultiTarget,69,fig5_cg1p5um_rpg1p5um__Lj12p0nH_Cj0p0fF__roL8p5mm__tee_fl160um_fc12,4.70205725312,6.11538531342,6.239270386688232,258.23019357418474,5.882120056560826,2,chip_simple_dxm4p545_dy2p727__Lj12p0nH_Cj2p0fF__roL8p5mm__tee_fl160um_fc12_cg1p2um__rpg1p4um,4.72053982598,6.13986277241,6.137880284189224,256.0182577176675,5.892363472706823,0.00020171029146661318,0.01848257286000088,0.024477458989999867,0.10139010249900782,2.2119358565172433,0.010243416145996775
SQuADDS_MultiTarget,69,fig5_cg1p5um_rpg1p5um__Lj12p0nH_Cj0p0fF__roL8p5mm__tee_fl160um_fc12,4.70205725312,6.11538531342,6.239270386688232,258.23019357418474,5.882120056560826,3,chip_simple_dx1p818_dy0p000__Lj12p0nH_Cj2p0fF__roL8p5mm__tee_fl160um_fc12_cg1p2um__rpg1p4um,4.68111378467,6.07792819925,6.160216600387573,254.68171473649764,5.840109825142222,0.00025754354785046947,0.020943468449999614,0.037457114170000416,0.07905378630065929,3.5484788376870995,0.042010231418603716
SQuADDS_MultiTarget,69,fig5_cg1p5um_rpg1p5um__Lj12p0nH_Cj0p0fF__roL8p5mm__tee_fl160um_fc12,4.70205725312,6.11538531342,6.239270386688232,258.23019357418474,5.882120056560826,4,chip_simple_dxm8p182_dy5p455__Lj12p0nH_Cj2p0fF__roL8p5mm__tee_fl160um_fc12_cg1p2um__rpg1p4um,4.70090830216,6.08954676117,6.185020620603561,252.7010445145384,5.852490302512357,0.00029762989843742433,0.0011489509599993397,0.025838552249999758,0.0542497660846708,5.529149059646329,0.029629754048468904
SQuADDS_MultiTarget,69,fig5_cg1p5um_rpg1p5um__Lj12p0nH_Cj0p0fF__roL8p5mm__tee_fl160um_fc12,4.70205725312,6.11538531342,6.239270386688232,258.23019357418474,5.882120056560826,5,chip_simple_dxm0p909_dy0p000__Lj12p0nH_Cj2p0fF__roL8p5mm__tee_fl160um_fc12_cg1p2um__rpg1p4um,4.69626954521,6.14735410107,6.1351076983375545,262.49424737044404,5.930132502605975,0.0003378450393629588,0.0057877079099997175,0.03196878765000033,0.10416268835067743,4.264053796259304,0.048012446045149204
SQuADDS_MultiTarget,69,fig5_cg1p5um_rpg1p5um__Lj12p0nH_Cj0p0fF__roL8p5mm__tee_fl160um_fc12,4.70205725312,6.11538531342,6.239270386688232,258.23019357418474,5.882120056560826,6,chip_simple_dxm1p818_dy4p545__Lj12p0nH_Cj2p0fF__roL8p5mm__tee_fl160um_fc12_cg1p2um__rpg1p4um,4.68668729165,6.13606112963,6.136175126768112,262.7664710804651,5.930337346209187,0.00034652427820235765,0.01536996146999936,0.02067581620999981,0.10309525992011981,4.536277506280385,0.04821728964836147
SQuADDS_MultiTarget,69,fig5_cg1p5um_rpg1p5um__Lj12p0nH_Cj0p0fF__roL8p5mm__tee_fl160um_fc12,4.70205725312,6.11538531342,6.239270386688232,258.23019357418474,5.882120056560826,7,chip_simple_dx10p000_dym1p818__Lj12p0nH_Cj2p0fF__roL8p5mm__tee_fl160um_fc12_cg1p2um__rpg1p4um,4.69464793401,6.11019400861,6.101083616342544,255.8484712973412,5.818187065933997,0.0003500706932682374,0.007409319109999757,0.005191304810000297,0.13818677034568783,2.381722276843533,0.06393299062682889
SQuADDS_MultiTarget,69,fig5_cg1p5um_rpg1p5um__Lj12p0nH_Cj0p0fF__roL8p5mm__tee_fl160um_fc12,4.70205725312,6.11538531342,6.239270386688232,258.23019357418474,5.882120056560826,8,chip_simple_dx8p182_dym1p818__Lj12p0nH_Cj2p0fF__roL8p5mm__tee_fl160um_fc12_cg1p2um__rpg1p4um,4.68525295522,6.09379748036,6.095650871637344,255.11644504269023,5.8822544461123405,0.0003628609165136881,0.016804297899999376,0.021587833059999895,0.14361951505088832,3.113748531494508,0.0001343895515146798
SQuADDS_MultiTarget,69,fig5_cg1p5um_rpg1p5um__Lj12p0nH_Cj0p0fF__roL8p5mm__tee_fl160um_fc12,4.70205725312,6.11538531342,6.239270386688232,258.23019357418474,5.882120056560826,9,chip_simple_dxm2p727_dy2p727__Lj12p0nH_Cj2p0fF__roL8p5mm__tee_fl160um_fc12_cg1p2um__rpg1p4um,4.69292169855,6.12459458775,6.071658140985488,258.0113497070096,5.889099829288583,0.00036794506033298194,0.009135554569999371,0.00920927432999985,0.16761224570274358,0.2188438671751669,0.006979772727757627
SQuADDS_MultiTarget,69,fig5_cg1p5um_rpg1p5um__Lj12p0nH_Cj0p0fF__roL8p5mm__tee_fl160um_fc12,4.70205725312,6.11538531342,6.239270386688232,258.23019357418474,5.882120056560826,10,chip_simple_dx7p273_dym3p636__Lj12p0nH_Cj2p0fF__roL8p5mm__tee_fl160um_fc12_cg1p2um__rpg1p4um,4.65586186884,6.04211101025,6.308590197654723,257.18686837855205,5.818673028469142,0.00036814244048250714,0.04619538427999981,0.07327430316999983,0.06931981096649142,1.0433251956326899,0.06344702809168368
SQuADDS_MultiTarget,70,fig5_cg2p5um_rpg1p5um__Lj12p0nH_Cj0p0fF__roL8p5mm__tee_fl160um_fc12,4.80241603649,6.29023464501,4.767015867277145,231.6400696953025,6.131116456786552,1,fig5_cg3p0um_rpg1p5um__Lj12p0nH_Cj0p0fF__roL8p5mm__tee_fl160um_fc12,4.80934135586,6.34266483957,4.7338018228397365,237.2002446708589,6.176728175579623,0.00041158391702684794,0.006925319369999627,0.05243019456000031,0.033214044437408496,5.560174975556407,0.045611718793070466
SQuADDS_MultiTarget,70,fig5_cg2p5um_rpg1p5um__Lj12p0nH_Cj0p0fF__roL8p5mm__tee_fl160um_fc12,4.80241603649,6.29023464501,4.767015867277145,231.6400696953025,6.131116456786552,2,fig5_cg2p5um_rpg2p5um__Lj12p0nH_Cj0p0fF__roL8p5mm__tee_fl160um_fc12,4.86782605146,6.40620544852,4.850844314466476,237.9905673388129,6.17514285459043,0.0010816215321940556,0.06541001496999943,0.11597080350999978,0.08382844718933136,6.350497643510408,0.044026397803877515
SQuADDS_MultiTarget,70,fig5_cg2p5um_rpg1p5um__Lj12p0nH_Cj0p0fF__roL8p5mm__tee_fl160um_fc12,4.80241603649,6.29023464501,4.767015867277145,231.6400696953025,6.131116456786552,3,fig5_cg5p0um_rpg2p5um__Lj12p0nH_Cj0p0fF__roL8p5mm__tee_fl160um_fc12,4.81774089875,6.23547817573,4.9252252214355465,224.50085102947097,5.919781007367641,0.001705705886884085,0.01532486225999996,0.05475646928,0.15820935415840154,7.139218665831521,0.21133544941891103
SQuADDS_MultiTarget,70,fig5_cg2p5um_rpg1p5um__Lj12p0nH_Cj0p0fF__roL8p5mm__tee_fl160um_fc12,4.80241603649,6.29023464501,4.767015867277145,231.6400696953025,6.131116456786552,4,chip_simple_dxm8p182_dym8p182__Lj12p0nH_Cj2p0fF__roL8p5mm__tee_fl160um_fc12_cg1p2um__rpg1p4um,4.78518514078,6.20385883832,4.999329228549957,227.600919745363,5.989457926068278,0.001807855566193159,0.017230895710000027,0.08637580668999956,0.2323133612728121,4.039149949939485,0.14165853071827428
SQuADDS_MultiTarget,70,fig5_cg2p5um_rpg1p5um__Lj12p0nH_Cj0p0fF__roL8p5mm__tee_fl160um_fc12,4.80241603649,6.29023464501,4.767015867277145,231.6400696953025,6.131116456786552,5,chip_simple_dx0p909_dym6p364__Lj12p0nH_Cj2p0fF__roL8p5mm__tee_fl160um_fc12_cg1p2um__rpg1p4um,4.73510361269,6.23672959736,4.948697823696136,241.1308794035408,6.055025464850598,0.0019114588008410536,0.06731242380000069,0.05350504764999986,0.18168195641899132,9.490809708238316,0.07609099193595448
SQuADDS_MultiTarget,70,fig5_cg2p5um_rpg1p5um__Lj12p0nH_Cj0p0fF__roL8p5mm__tee_fl160um_fc12,4.80241603649,6.29023464501,4.767015867277145,231.6400696953025,6.131116456786552,6,chip_simple_dxm9p091_dym1p818__Lj12p0nH_Cj2p0fF__roL8p5mm__tee_fl160um_fc12_cg1p2um__rpg1p4um,4.76442571482,6.22787098411,5.046186967498779,236.31743027914425,6.075829813333849,0.0021202124326876173,0.037990321670000604,0.062363660900000006,0.2791711002216344,4.677360583841761,0.05528664345270329
SQuADDS_MultiTarget,70,fig5_cg2p5um_rpg1p5um__Lj12p0nH_Cj0p0fF__roL8p5mm__tee_fl160um_fc12,4.80241603649,6.29023464501,4.767015867277145,231.6400696953025,6.131116456786552,7,chip_simple_dx7p273_dy5p455__Lj12p0nH_Cj2p0fF__roL8p5mm__tee_fl160um_fc12_cg1p2um__rpg1p4um,4.7485203046,6.15888690142,4.987842560365677,227.68960044213736,5.93785950448502,0.0022771255946461766,0.053895731889999965,0.13134774359000012,0.2208266930885321,3.9504692531651244,0.19325695230153173
SQuADDS_MultiTarget,70,fig5_cg2p5um_rpg1p5um__Lj12p0nH_Cj0p0fF__roL8p5mm__tee_fl160um_fc12,4.80241603649,6.29023464501,4.767015867277145,231.6400696953025,6.131116456786552,8,fig5_cg2p5um_rpg2p0um__Lj12p0nH_Cj0p0fF__roL8p5mm__tee_fl160um_fc12,4.82985966256,6.3640851834,4.45615377314949,229.1245415394613,6.124821045393385,0.002356228884655009,0.027443626069999283,0.07385053839000033,0.3108620941276552,2.5155281558411957,0.0062954113931672495
SQuADDS_MultiTarget,70,fig5_cg2p5um_rpg1p5um__Lj12p0nH_Cj0p0fF__roL8p5mm__tee_fl160um_fc12,4.80241603649,6.29023464501,4.767015867277145,231.6400696953025,6.131116456786552,9,chip_simple_dxm10p000_dy7p273__Lj12p0nH_Cj2p0fF__roL8p5mm__tee_fl160um_fc12_cg1p2um__rpg1p4um,4.75999951361,6.22178916275,5.0841642122612,237.2013025682522,6.078326997296887,0.0027347753294790222,0.042416522879999974,0.06844548225999958,0.3171483449840551,5.5612328729497165,0.052789459489664736
SQuADDS_MultiTarget,70,fig5_cg2p5um_rpg1p5um__Lj12p0nH_Cj0p0fF__roL8p5mm__tee_fl160um_fc12,4.80241603649,6.29023464501,4.767015867277145,231.6400696953025,6.131116456786552,10,fig5_cg2p0um_rpg2p5um__Lj12p0nH_Cj0p0fF__roL8p5mm__tee_fl160um_fc12,4.88081947033,6.29200362079,4.710222612869263,215.78136757047287,6.007573423867593,0.002884165691419739,0.07840343383999926,0.001768975780000126,0.05679325440788219,15.85870212482962,0.12354303291895885
SQuADDS_MultiTarget,71,fig5_cg3p0um_rpg0p5um__Lj12p0nH_Cj0p0fF__roL8p5mm__tee_fl160um_fc12,4.47188676231,6.35862255887,6.674660419145583,369.2900233258177,6.365138339891879,1,fig5_cg4p0um_rpg0p5um__Lj12p0nH_Cj0p0fF__roL8p5mm__tee_fl160um_fc12,4.52155001594,6.39443554908,6.552557450353622,359.2700242399351,6.454069012219757,0.0007880889882768994,0.04966325363000035,0.03581299021000017,0.12210296879196125,10.019999085882603,0.08893067232787821
SQuADDS_MultiTarget,71,fig5_cg3p0um_rpg0p5um__Lj12p0nH_Cj0p0fF__roL8p5mm__tee_fl160um_fc12,4.47188676231,6.35862255887,6.674660419145583,369.2900233258177,6.365138339891879,2,fig5_cg2p5um_rpg0p5um__Lj12p0nH_Cj0p0fF__roL8p5mm__tee_fl160um_fc12,4.54592211662,6.38743350129,6.768334062421799,357.27924141069707,6.438170117514996,0.0009878296158692976,0.0740353543100003,0.028810942420000707,0.0936736432762153,12.010781915120617,0.0730317776231173
SQuADDS_MultiTarget,71,fig5_cg3p0um_rpg0p5um__Lj12p0nH_Cj0p0fF__roL8p5mm__tee_fl160um_fc12,4.47188676231,6.35862255887,6.674660419145583,369.2900233258177,6.365138339891879,3,fig5_cg4p5um_rpg0p5um__Lj12p0nH_Cj0p0fF__roL8p5mm__tee_fl160um_fc12,4.51249644149,6.35090511355,6.372151983530045,348.6053033569676,6.370880057120116,0.0026800639205443225,0.040609679180000136,0.00771744531999996,0.30250843561553875,20.68471996885006,0.005741717228237242
SQuADDS_MultiTarget,71,fig5_cg3p0um_rpg0p5um__Lj12p0nH_Cj0p0fF__roL8p5mm__tee_fl160um_fc12,4.47188676231,6.35862255887,6.674660419145583,369.2900233258177,6.365138339891879,4,fig5_cg3p5um_rpg0p5um__Lj12p0nH_Cj0p0fF__roL8p5mm__tee_fl160um_fc12,4.48458805947,6.33290774525,6.273954957790375,350.28792536348936,6.333902670879128,0.0031623406552603894,0.012701297160000458,0.02571481361999961,0.40070546135520857,19.00209796232832,0.031235669012750655
SQuADDS_MultiTarget,71,fig5_cg3p0um_rpg0p5um__Lj12p0nH_Cj0p0fF__roL8p5mm__tee_fl160um_fc12,4.47188676231,6.35862255887,6.674660419145583,369.2900233258177,6.365138339891879,5,fig5_cg2p0um_rpg0p5um__Lj12p0nH_Cj0p0fF__roL8p5mm__tee_fl160um_fc12,4.56457478395,6.29107307619,7.123120399354934,343.529891336186,6.286368287736043,0.005309109478748014,0.09268802164000078,0.0675494826799996,0.44845998020935074,25.760131989631702,0.07877005215583566
SQuADDS_MultiTarget,71,fig5_cg3p0um_rpg0p5um__Lj12p0nH_Cj0p0fF__roL8p5mm__tee_fl160um_fc12,4.47188676231,6.35862255887,6.674660419145583,369.2900233258177,6.365138339891879,6,fig5_cg3p0um_rpg1p0um__Lj12p0nH_Cj0p0fF__roL8p5mm__tee_fl160um_fc12,4.5918495592,6.3683346429,6.310808488025665,329.7787087605889,6.339102179225892,0.00793984736080182,0.11996279689000033,0.009712084030000234,0.3638519311199184,39.51131456522876,0.026036160665986685
SQuADDS_MultiTarget,71,fig5_cg3p0um_rpg0p5um__Lj12p0nH_Cj0p0fF__roL8p5mm__tee_fl160um_fc12,4.47188676231,6.35862255887,6.674660419145583,369.2900233258177,6.365138339891879,7,fig5_cg5p0um_rpg0p5um__Lj12p0nH_Cj0p0fF__roL8p5mm__tee_fl160um_fc12,4.54852290045,6.34578466778,6.117417553102493,331.8522825685193,6.365348751829195,0.00892145772945108,0.07663613814000048,0.012837891089999331,0.5572428660430901,37.4377407572984,0.0002104119373163016
SQuADDS_MultiTarget,71,fig5_cg3p0um_rpg0p5um__Lj12p0nH_Cj0p0fF__roL8p5mm__tee_fl160um_fc12,4.47188676231,6.35862255887,6.674660419145583,369.2900233258177,6.365138339891879,8,fig5_cg2p0um_rpg1p0um__Lj12p0nH_Cj0p0fF__roL8p5mm__tee_fl160um_fc12,4.67537317002,6.28144982257,6.80016774546051,305.861011614189,6.2286045622900525,0.017375345513560455,0.2034864077100007,0.07717273629999966,0.1255073263149269,63.429011711628675,0.1365337776018265
SQuADDS_MultiTarget,71,fig5_cg3p0um_rpg0p5um__Lj12p0nH_Cj0p0fF__roL8p5mm__tee_fl160um_fc12,4.47188676231,6.35862255887,6.674660419145583,369.2900233258177,6.365138339891879,9,fig5_cg1p5um_rpg0p5um__Lj12p0nH_Cj0p0fF__roL8p5mm__tee_fl160um_fc12,4.58877032672,6.22033143163,7.875931111408233,340.7758897032887,6.21478508076179,0.02061156889534757,0.11688356441000014,0.1382911272399996,1.20127069226265,28.51413362252896,0.1503532591300889
SQuADDS_MultiTarget,71,fig5_cg3p0um_rpg0p5um__Lj12p0nH_Cj0p0fF__roL8p5mm__tee_fl160um_fc12,4.47188676231,6.35862255887,6.674660419145583,369.2900233258177,6.365138339891879,10,fig5_cg3p5um_rpg1p0um__Lj12p0nH_Cj0p0fF__roL8p5mm__tee_fl160um_fc12,4.65151549232,6.42206990109,5.782993409578324,310.4906595751157,6.336782825594393,0.023322054736062185,0.17962873001000013,0.06344734222000081,0.891667009567259,58.79936375070196,0.02835551429748584
SQuADDS_MultiTarget,72,fig5_cg3p0um_rpg3p5um__Lj12p0nH_Cj0p0fF__roL8p5mm__tee_fl160um_fc12,4.92829096791,6.45957340168,3.572039231496811,200.6949020597348,6.130580680249026,1,fig5_cg4p0um_rpg4p5um__Lj12p0nH_Cj0p0fF__roL8p5mm__tee_fl160um_fc12,4.92435526103,6.48519909443,3.5933491122837067,205.0387458671971,6.080993342285782,0.0003011144272719071,0.003935706880000112,0.025625692750000262,0.021309880786895885,4.343843807462292,0.04958733796324388
SQuADDS_MultiTarget,72,fig5_cg3p0um_rpg3p5um__Lj12p0nH_Cj0p0fF__roL8p5mm__tee_fl160um_fc12,4.92829096791,6.45957340168,3.572039231496811,200.6949020597348,6.130580680249026,2,fig5_cg2p5um_rpg3p5um__Lj12p0nH_Cj0p0fF__roL8p5mm__tee_fl160um_fc12,4.90933450729,6.40357690957,3.7329917837715145,201.2880257934344,6.003674917928219,0.0013237211434403914,0.018956460620000115,0.05599649211000024,0.16095255227470373,0.5931237336995991,0.1269057623208072
SQuADDS_MultiTarget,72,fig5_cg3p0um_rpg3p5um__Lj12p0nH_Cj0p0fF__roL8p5mm__tee_fl160um_fc12,4.92829096791,6.45957340168,3.572039231496811,200.6949020597348,6.130580680249026,3,fig5_cg3p0um_rpg4p0um__Lj12p0nH_Cj0p0fF__roL8p5mm__tee_fl160um_fc12,4.940704631,6.42408762791,3.4702477960357663,191.51572092370972,6.040377137923779,0.001596737907642387,0.012413663090000249,0.035485773770000506,0.10179143546104452,9.179181136025079,0.09020354232524674
SQuADDS_MultiTarget,72,fig5_cg3p0um_rpg3p5um__Lj12p0nH_Cj0p0fF__roL8p5mm__tee_fl160um_fc12,4.92829096791,6.45957340168,3.572039231496811,200.6949020597348,6.130580680249026,4,fig5_cg3p5um_rpg4p5um__Lj12p0nH_Cj0p0fF__roL8p5mm__tee_fl160um_fc12,4.93974901061,6.38397286003,3.69327575235939,192.8740906594917,5.933832041481957,0.0019926149071674668,0.01145804270000017,0.07560054165000007,0.12123652086257941,7.8208114002430875,0.19674863876706894
SQuADDS_MultiTarget,72,fig5_cg3p0um_rpg3p5um__Lj12p0nH_Cj0p0fF__roL8p5mm__tee_fl160um_fc12,4.92829096791,6.45957340168,3.572039231496811,200.6949020597348,6.130580680249026,5,fig5_cg2p0um_rpg4p0um__Lj12p0nH_Cj0p0fF__roL8p5mm__tee_fl160um_fc12,4.9386279194,6.36953775963,3.746125830854416,192.53030771266367,5.985478910669201,0.0024938676587694534,0.010336951490000246,0.09003564205000014,0.1740865993576053,8.16459434707113,0.14510176957982512
SQuADDS_MultiTarget,72,fig5_cg3p0um_rpg3p5um__Lj12p0nH_Cj0p0fF__roL8p5mm__tee_fl160um_fc12,4.92829096791,6.45957340168,3.572039231496811,200.6949020597348,6.130580680249026,6,fig5_cg3p5um_rpg4p0um__Lj12p0nH_Cj0p0fF__roL8p5mm__tee_fl160um_fc12,4.9416939411,6.51548606738,3.315546014060974,197.788389720846,6.147249764815354,0.002768921094414623,0.013402973189999834,0.0559126657000002,0.25649321743583675,2.9065123388888026,0.01666908456632754
SQuADDS_MultiTarget,72,fig5_cg3p0um_rpg3p5um__Lj12p0nH_Cj0p0fF__roL8p5mm__tee_fl160um_fc12,4.92829096791,6.45957340168,3.572039231496811,200.6949020597348,6.130580680249026,7,fig5_cg5p0um_rpg4p0um__Lj12p0nH_Cj0p0fF__roL8p5mm__tee_fl160um_fc12,4.88774415429,6.45896799938,3.299699922574997,199.0926748998529,6.073027040692848,0.003050051421077957,0.04054681361999979,0.0006054022999997244,0.272339308921814,1.6022271598818918,0.057553639556178204
SQuADDS_MultiTarget,72,fig5_cg3p0um_rpg3p5um__Lj12p0nH_Cj0p0fF__roL8p5mm__tee_fl160um_fc12,4.92829096791,6.45957340168,3.572039231496811,200.6949020597348,6.130580680249026,8,fig5_cg4p5um_rpg3p5um__Lj12p0nH_Cj0p0fF__roL8p5mm__tee_fl160um_fc12,4.88861160423,6.4734435094,3.773440051719665,214.72133803964505,6.083690932056749,0.004130443156536601,0.03967936367999947,0.013870107719999858,0.2014008202228541,14.026435979910246,0.0468897481922772
SQuADDS_MultiTarget,72,fig5_cg3p0um_rpg3p5um__Lj12p0nH_Cj0p0fF__roL8p5mm__tee_fl160um_fc12,4.92829096791,6.45957340168,3.572039231496811,200.6949020597348,6.130580680249026,9,fig5_cg5p0um_rpg3p5um__Lj12p0nH_Cj0p0fF__roL8p5mm__tee_fl160um_fc12,4.8449296474,6.49114766601,3.579725257246017,218.56513466245417,6.134914389553229,0.004276789286362204,0.08336132050999989,0.03157426432999966,0.007686025749206404,17.87023260271937,0.0043337093042028485
SQuADDS_MultiTarget,72,fig5_cg3p0um_rpg3p5um__Lj12p0nH_Cj0p0fF__roL8p5mm__tee_fl160um_fc12,4.92829096791,6.45957340168,3.572039231496811,200.6949020597348,6.130580680249026,10,fig5_cg3p5um_rpg3p5um__Lj12p0nH_Cj0p0fF__roL8p5mm__tee_fl160um_fc12,4.88834773081,6.55440012204,3.58235393236351,219.15970791952185,6.190036689460878,0.004564790841208708,0.03994323710000014,0.0948267203599995,0.010314700866699056,18.46480585978705,0.05945600921185168
SQuADDS_MultiTarget,73,fig5_cg4p0um_rpg1p0um__Lj12p0nH_Cj0p0fF__roL8p5mm__tee_fl160um_fc12,4.65945895488,6.36376571745,5.935812954275131,303.21066175889354,6.3354729376276495,1,fig5_cg3p5um_rpg1p0um__Lj12p0nH_Cj0p0fF__roL8p5mm__tee_fl160um_fc12,4.65151549232,6.42206990109,5.782993409578324,310.4906595751157,6.336782825594393,0.0007065124074667146,0.007943462560000114,0.05830418364000067,0.1528195446968068,7.279997816222192,0.0013098879667436947
SQuADDS_MultiTarget,73,fig5_cg4p0um_rpg1p0um__Lj12p0nH_Cj0p0fF__roL8p5mm__tee_fl160um_fc12,4.65945895488,6.36376571745,5.935812954275131,303.21066175889354,6.3354729376276495,2,fig5_cg4p5um_rpg1p0um__Lj12p0nH_Cj0p0fF__roL8p5mm__tee_fl160um_fc12,4.66547453942,6.44365646453,5.568490972890854,305.09213979648246,6.526420054379522,0.002547424451685096,0.006015584540000063,0.07989074708000032,0.3673219813842774,1.88147803758892,0.1909471167518726
SQuADDS_MultiTarget,73,fig5_cg4p0um_rpg1p0um__Lj12p0nH_Cj0p0fF__roL8p5mm__tee_fl160um_fc12,4.65945895488,6.36376571745,5.935812954275131,303.21066175889354,6.3354729376276495,3,chip_simple_dx2p727_dy10p000__Lj12p0nH_Cj2p0fF__roL8p5mm__tee_fl160um_fc12_cg1p2um__rpg1p4um,4.65896495843,6.23455703196,5.910671091032028,280.3326352659665,6.066617974357407,0.004168198049262238,0.0004939964499994787,0.12920868549000009,0.025141863243103302,22.878026492927063,0.2688549632702424
SQuADDS_MultiTarget,73,fig5_cg4p0um_rpg1p0um__Lj12p0nH_Cj0p0fF__roL8p5mm__tee_fl160um_fc12,4.65945895488,6.36376571745,5.935812954275131,303.21066175889354,6.3354729376276495,4,fig5_cg5p0um_rpg1p0um__Lj12p0nH_Cj0p0fF__roL8p5mm__tee_fl160um_fc12,4.67009412056,6.40368347107,5.386180753400803,292.5653068578806,6.313414733179575,0.004953934578111635,0.010635165680000114,0.03991775362000016,0.5496322008743286,10.645354901012922,0.022058204448074825
SQuADDS_MultiTarget,73,fig5_cg4p0um_rpg1p0um__Lj12p0nH_Cj0p0fF__roL8p5mm__tee_fl160um_fc12,4.65945895488,6.36376571745,5.935812954275131,303.21066175889354,6.3354729376276495,5,fig5_cg5p0um_rpg0p5um__Lj12p0nH_Cj0p0fF__roL8p5mm__tee_fl160um_fc12,4.54852290045,6.34578466778,6.117417553102493,331.8522825685193,6.365348751829195,0.005515431534803889,0.11093605442999976,0.01798104966999947,0.18160459882736202,28.64162080962575,0.029875814201545836
SQuADDS_MultiTarget,73,fig5_cg4p0um_rpg1p0um__Lj12p0nH_Cj0p0fF__roL8p5mm__tee_fl160um_fc12,4.65945895488,6.36376571745,5.935812954275131,303.21066175889354,6.3354729376276495,6,fig5_cg3p0um_rpg1p0um__Lj12p0nH_Cj0p0fF__roL8p5mm__tee_fl160um_fc12,4.5918495592,6.3683346429,6.310808488025665,329.7787087605889,6.339102179225892,0.006045612648643311,0.0676093956799999,0.004568925450000094,0.37499553375053374,26.56804700169539,0.0036292415982428494
SQuADDS_MultiTarget,73,fig5_cg4p0um_rpg1p0um__Lj12p0nH_Cj0p0fF__roL8p5mm__tee_fl160um_fc12,4.65945895488,6.36376571745,5.935812954275131,303.21066175889354,6.3354729376276495,7,chip_simple_dx0p000_dy6p364__Lj12p0nH_Cj2p0fF__roL8p5mm__tee_fl160um_fc12_cg1p2um__rpg1p4um,4.68684275544,6.22626285193,5.869558168603897,271.87390077175473,6.055488773398548,0.006880807691188442,0.027383800560000005,0.13750286552000013,0.06625478567123455,31.336760987138803,0.2799841642291012
SQuADDS_MultiTarget,73,fig5_cg4p0um_rpg1p0um__Lj12p0nH_Cj0p0fF__roL8p5mm__tee_fl160um_fc12,4.65945895488,6.36376571745,5.935812954275131,303.21066175889354,6.3354729376276495,8,chip_simple_dx10p000_dy4p545__Lj12p0nH_Cj2p0fF__roL8p5mm__tee_fl160um_fc12_cg1p2um__rpg1p4um,4.69438852903,6.23711654308,5.793405339859008,270.04668404490945,6.066853802259337,0.007620466351554921,0.03492957415000042,0.12664917436999978,0.14240761441612282,33.16397771398408,0.2686191353683123
SQuADDS_MultiTarget,73,fig5_cg4p0um_rpg1p0um__Lj12p0nH_Cj0p0fF__roL8p5mm__tee_fl160um_fc12,4.65945895488,6.36376571745,5.935812954275131,303.21066175889354,6.3354729376276495,9,chip_simple_dx7p273_dy6p364__Lj12p0nH_Cj2p0fF__roL8p5mm__tee_fl160um_fc12_cg1p2um__rpg1p4um,4.64195686026,6.15054121396,6.064661784154891,273.66878744595965,5.93995769375592,0.008067352597896423,0.017502094620000186,0.21322450348999933,0.1288488298797601,29.541874312933885,0.39551524387172954
SQuADDS_MultiTarget,73,fig5_cg4p0um_rpg1p0um__Lj12p0nH_Cj0p0fF__roL8p5mm__tee_fl160um_fc12,4.65945895488,6.36376571745,5.935812954275131,303.21066175889354,6.3354729376276495,10,chip_simple_dx2p727_dym0p909__Lj12p0nH_Cj2p0fF__roL8p5mm__tee_fl160um_fc12_cg1p2um__rpg1p4um,4.66661421666,6.17255406828,6.023148980243683,270.8126186858037,5.967388615030237,0.008409618137570005,0.007155261780000366,0.19121164916999955,0.08733602596855139,32.39804307308981,0.3680843225974124
SQuADDS_MultiTarget,74,fig5_cg4p0um_rpg3p0um__Lj12p0nH_Cj0p0fF__roL8p5mm__tee_fl160um_fc12,4.87667302103,6.48726366025,3.8455599045352935,220.61578723885552,6.219368413627765,1,fig5_cg4p5um_rpg3p0um__Lj12p0nH_Cj0p0fF__roL8p5mm__tee_fl160um_fc12,4.83995157357,6.4987501229,3.8456828279762254,228.4924012088084,6.243127364960313,0.0007044806066822334,0.03672144746000061,0.011486462649999751,0.0001229234409318991,7.876613969952871,0.023758951332547795
SQuADDS_MultiTarget,74,fig5_cg4p0um_rpg3p0um__Lj12p0nH_Cj0p0fF__roL8p5mm__tee_fl160um_fc12,4.87667302103,6.48726366025,3.8455599045352935,220.61578723885552,6.219368413627765,2,fig5_cg4p5um_rpg3p5um__Lj12p0nH_Cj0p0fF__roL8p5mm__tee_fl160um_fc12,4.88861160423,6.4734435094,3.773440051719665,214.72133803964505,6.083690932056749,0.000781273112985135,0.011938583200000075,0.01382015084999999,0.0721198528156286,5.89444919921047,0.13567748157101622
SQuADDS_MultiTarget,74,fig5_cg4p0um_rpg3p0um__Lj12p0nH_Cj0p0fF__roL8p5mm__tee_fl160um_fc12,4.87667302103,6.48726366025,3.8455599045352935,220.61578723885552,6.219368413627765,3,fig5_cg3p5um_rpg3p5um__Lj12p0nH_Cj0p0fF__roL8p5mm__tee_fl160um_fc12,4.88834773081,6.55440012204,3.58235393236351,219.15970791952185,6.190036689460878,0.0024880328707313003,0.011674709779999404,0.06713646178999966,0.26320597217178365,1.4560793193336679,0.02933172416688734
SQuADDS_MultiTarget,74,fig5_cg4p0um_rpg3p0um__Lj12p0nH_Cj0p0fF__roL8p5mm__tee_fl160um_fc12,4.87667302103,6.48726366025,3.8455599045352935,220.61578723885552,6.219368413627765,4,fig5_cg5p0um_rpg3p5um__Lj12p0nH_Cj0p0fF__roL8p5mm__tee_fl160um_fc12,4.8449296474,6.49114766601,3.579725257246017,218.56513466245417,6.134914389553229,0.002567443811281263,0.03174337363000035,0.003884005759999809,0.2658346472892763,2.0506525764013475,0.08445402407453617
SQuADDS_MultiTarget,74,fig5_cg4p0um_rpg3p0um__Lj12p0nH_Cj0p0fF__roL8p5mm__tee_fl160um_fc12,4.87667302103,6.48726366025,3.8455599045352935,220.61578723885552,6.219368413627765,5,fig5_cg2p5um_rpg3p0um__Lj12p0nH_Cj0p0fF__roL8p5mm__tee_fl160um_fc12,4.8216114018,6.30639910885,4.078658870691299,212.78053759295764,5.96985922957307,0.004177269584916437,0.05506161922999997,0.18086455140000002,0.2330989661560059,7.835249645897875,0.2495091840546948
SQuADDS_MultiTarget,74,fig5_cg4p0um_rpg3p0um__Lj12p0nH_Cj0p0fF__roL8p5mm__tee_fl160um_fc12,4.87667302103,6.48726366025,3.8455599045352935,220.61578723885552,6.219368413627765,6,fig5_cg4p0um_rpg4p5um__Lj12p0nH_Cj0p0fF__roL8p5mm__tee_fl160um_fc12,4.92435526103,6.48519909443,3.5933491122837067,205.0387458671971,6.080993342285782,0.004986586500793195,0.04768223999999943,0.0020645658199995864,0.2522107922515868,15.577041371658424,0.1383750713419829
SQuADDS_MultiTarget,74,fig5_cg4p0um_rpg3p0um__Lj12p0nH_Cj0p0fF__roL8p5mm__tee_fl160um_fc12,4.87667302103,6.48726366025,3.8455599045352935,220.61578723885552,6.219368413627765,7,fig5_cg2p5um_rpg3p5um__Lj12p0nH_Cj0p0fF__roL8p5mm__tee_fl160um_fc12,4.90933450729,6.40357690957,3.7329917837715145,201.2880257934344,6.003674917928219,0.0050786880070028025,0.03266148625999943,0.08368675068000009,0.11256812076377898,19.327761445421118,0.2156934956995462
SQuADDS_MultiTarget,74,fig5_cg4p0um_rpg3p0um__Lj12p0nH_Cj0p0fF__roL8p5mm__tee_fl160um_fc12,4.87667302103,6.48726366025,3.8455599045352935,220.61578723885552,6.219368413627765,8,fig5_cg4p5um_rpg2p5um__Lj12p0nH_Cj0p0fF__roL8p5mm__tee_fl160um_fc12,4.8208314661,6.41561937046,4.202300157867431,231.21565590524023,6.118632919744756,0.005841341648278675,0.05584155493000065,0.07164428979000004,0.35674025333213777,10.599868666384708,0.1007354938830094
SQuADDS_MultiTarget,74,fig5_cg4p0um_rpg3p0um__Lj12p0nH_Cj0p0fF__roL8p5mm__tee_fl160um_fc12,4.87667302103,6.48726366025,3.8455599045352935,220.61578723885552,6.219368413627765,9,fig5_cg4p5um_rpg2p0um__Lj12p0nH_Cj0p0fF__roL8p5mm__tee_fl160um_fc12,4.76152326688,6.26061677056,4.183778731437683,220.21744270871204,6.0120493220772,0.006203017447539267,0.11514975414999995,0.22664688968999958,0.3382188269023896,0.3983445301434756,0.20731909155056538
SQuADDS_MultiTarget,74,fig5_cg4p0um_rpg3p0um__Lj12p0nH_Cj0p0fF__roL8p5mm__tee_fl160um_fc12,4.87667302103,6.48726366025,3.8455599045352935,220.61578723885552,6.219368413627765,10,fig5_cg4p0um_rpg2p5um__Lj12p0nH_Cj0p0fF__roL8p5mm__tee_fl160um_fc12,4.84081846419,6.4170299131,4.2439929298172,228.91083087667948,6.164372524451142,0.006284594088989306,0.035854556840000384,0.07023374714999964,0.39843302528190616,8.295043637823966,0.0549958891766229
SQuADDS_MultiTarget,75,fig5_cg4p0um_rpg4p0um__Lj12p0nH_Cj0p0fF__roL8p5mm__tee_fl160um_fc12,4.91173736256,6.48757988444,3.574671320106506,206.84312713324428,6.121370375963318,1,fig5_cg4p0um_rpg4p5um__Lj12p0nH_Cj0p0fF__roL8p5mm__tee_fl160um_fc12,4.92435526103,6.48519909443,3.5933491122837067,205.0387458671971,6.080993342285782,8.018779420220529e-05,0.012617898469999389,0.002380790009999245,0.01867779217720056,1.8043812660471872,0.040377033677535756
SQuADDS_MultiTarget,75,fig5_cg4p0um_rpg4p0um__Lj12p0nH_Cj0p0fF__roL8p5mm__tee_fl160um_fc12,4.91173736256,6.48757988444,3.574671320106506,206.84312713324428,6.121370375963318,2,fig5_cg2p5um_rpg3p5um__Lj12p0nH_Cj0p0fF__roL8p5mm__tee_fl160um_fc12,4.90933450729,6.40357690957,3.7329917837715145,201.2880257934344,6.003674917928219,0.0016941544062734717,0.0024028552700006145,0.08400297486999975,0.1583204636650084,5.55510133980988,0.11769545803509907
SQuADDS_MultiTarget,75,fig5_cg4p0um_rpg4p0um__Lj12p0nH_Cj0p0fF__roL8p5mm__tee_fl160um_fc12,4.91173736256,6.48757988444,3.574671320106506,206.84312713324428,6.121370375963318,3,fig5_cg5p0um_rpg3p5um__Lj12p0nH_Cj0p0fF__roL8p5mm__tee_fl160um_fc12,4.8449296474,6.49114766601,3.579725257246017,218.56513466245417,6.134914389553229,0.0017945557193455542,0.06680771516000039,0.0035677815700001503,0.005053937139511078,11.72200752920989,0.013544013589910975
SQuADDS_MultiTarget,75,fig5_cg4p0um_rpg4p0um__Lj12p0nH_Cj0p0fF__roL8p5mm__tee_fl160um_fc12,4.91173736256,6.48757988444,3.574671320106506,206.84312713324428,6.121370375963318,4,fig5_cg3p5um_rpg3p5um__Lj12p0nH_Cj0p0fF__roL8p5mm__tee_fl160um_fc12,4.88834773081,6.55440012204,3.58235393236351,219.15970791952185,6.190036689460878,0.001966820299364555,0.02338963175000064,0.0668202376,0.007682612257003729,12.31658078627757,0.0686663134975598
SQuADDS_MultiTarget,75,fig5_cg4p0um_rpg4p0um__Lj12p0nH_Cj0p0fF__roL8p5mm__tee_fl160um_fc12,4.91173736256,6.48757988444,3.574671320106506,206.84312713324428,6.121370375963318,5,fig5_cg4p5um_rpg3p5um__Lj12p0nH_Cj0p0fF__roL8p5mm__tee_fl160um_fc12,4.88861160423,6.4734435094,3.773440051719665,214.72133803964505,6.083690932056749,0.0023171470383597887,0.023125758329999968,0.014136375039999649,0.19876873161315878,7.878210906400767,0.03767944390656908
SQuADDS_MultiTarget,75,fig5_cg4p0um_rpg4p0um__Lj12p0nH_Cj0p0fF__roL8p5mm__tee_fl160um_fc12,4.91173736256,6.48757988444,3.574671320106506,206.84312713324428,6.121370375963318,6,fig5_cg3p0um_rpg4p0um__Lj12p0nH_Cj0p0fF__roL8p5mm__tee_fl160um_fc12,4.940704631,6.42408762791,3.4702477960357663,191.51572092370972,6.040377137923779,0.003390289885573435,0.02896726843999975,0.06349225653000001,0.10442352407073985,15.327406209534558,0.08099323803953862
SQuADDS_MultiTarget,75,fig5_cg4p0um_rpg4p0um__Lj12p0nH_Cj0p0fF__roL8p5mm__tee_fl160um_fc12,4.91173736256,6.48757988444,3.574671320106506,206.84312713324428,6.121370375963318,7,fig5_cg3p5um_rpg4p5um__Lj12p0nH_Cj0p0fF__roL8p5mm__tee_fl160um_fc12,4.93974901061,6.38397286003,3.69327575235939,192.8740906594917,5.933832041481957,0.0035877470995697974,0.02801164804999967,0.10360702440999958,0.11860443225288408,13.969036473752567,0.1875383344813608
SQuADDS_MultiTarget,75,fig5_cg4p0um_rpg4p0um__Lj12p0nH_Cj0p0fF__roL8p5mm__tee_fl160um_fc12,4.91173736256,6.48757988444,3.574671320106506,206.84312713324428,6.121370375963318,8,fig5_cg3p5um_rpg4p0um__Lj12p0nH_Cj0p0fF__roL8p5mm__tee_fl160um_fc12,4.9416939411,6.51548606738,3.315546014060974,197.788389720846,6.147249764815354,0.0036501472879010848,0.029956578539999335,0.02790618294000069,0.2591253060455321,9.054737412398282,0.025879388852035667
SQuADDS_MultiTarget,75,fig5_cg4p0um_rpg4p0um__Lj12p0nH_Cj0p0fF__roL8p5mm__tee_fl160um_fc12,4.91173736256,6.48757988444,3.574671320106506,206.84312713324428,6.121370375963318,9,fig5_cg5p0um_rpg4p0um__Lj12p0nH_Cj0p0fF__roL8p5mm__tee_fl160um_fc12,4.88774415429,6.45896799938,3.299699922574997,199.0926748998529,6.073027040692848,0.003735013535037687,0.023993208270000288,0.02861188505999923,0.27497139753150934,7.750452233391371,0.04834333527047008
SQuADDS_MultiTarget,75,fig5_cg4p0um_rpg4p0um__Lj12p0nH_Cj0p0fF__roL8p5mm__tee_fl160um_fc12,4.91173736256,6.48757988444,3.574671320106506,206.84312713324428,6.121370375963318,10,fig5_cg2p0um_rpg4p0um__Lj12p0nH_Cj0p0fF__roL8p5mm__tee_fl160um_fc12,4.9386279194,6.36953775963,3.746125830854416,192.53030771266367,5.985478910669201,0.004151780019206148,0.026890556839999746,0.11804212480999965,0.17145451074790996,14.31281942058061,0.135891465294117
SQuADDS_MultiTarget,76,fig5_cg5p0um_rpg3p0um__Lj12p0nH_Cj0p0fF__roL8p5mm__tee_fl160um_fc12,4.85322800026,6.38094867422,4.023637352510452,215.8306076900033,6.005703433060704,1,fig5_cg2p5um_rpg3p0um__Lj12p0nH_Cj0p0fF__roL8p5mm__tee_fl160um_fc12,4.8216114018,6.30639910885,4.078658870691299,212.78053759295764,5.96985922957307,0.0003900964932103535,0.03161659845999942,0.0745495653699999,0.05502151818084755,3.050070097045648,0.03584420348763384
SQuADDS_MultiTarget,76,fig5_cg5p0um_rpg3p0um__Lj12p0nH_Cj0p0fF__roL8p5mm__tee_fl160um_fc12,4.85322800026,6.38094867422,4.023637352510452,215.8306076900033,6.005703433060704,2,fig5_cg4p5um_rpg2p0um__Lj12p0nH_Cj0p0fF__roL8p5mm__tee_fl160um_fc12,4.76152326688,6.26061677056,4.183778731437683,220.21744270871204,6.0120493220772,0.0017118127721289205,0.0917047333799994,0.12033190365999946,0.16014137892723124,4.3868350187087515,0.006345889016495576
SQuADDS_MultiTarget,76,fig5_cg5p0um_rpg3p0um__Lj12p0nH_Cj0p0fF__roL8p5mm__tee_fl160um_fc12,4.85322800026,6.38094867422,4.023637352510452,215.8306076900033,6.005703433060704,3,fig5_cg4p5um_rpg3p5um__Lj12p0nH_Cj0p0fF__roL8p5mm__tee_fl160um_fc12,4.88861160423,6.4734435094,3.773440051719665,214.72133803964505,6.083690932056749,0.002294085961636515,0.03538360397000062,0.09249483518000012,0.25019730079078695,1.109269650358243,0.07798749899604474
SQuADDS_MultiTarget,76,fig5_cg5p0um_rpg3p0um__Lj12p0nH_Cj0p0fF__roL8p5mm__tee_fl160um_fc12,4.85322800026,6.38094867422,4.023637352510452,215.8306076900033,6.005703433060704,4,fig5_cg2p0um_rpg3p5um__Lj12p0nH_Cj0p0fF__roL8p5mm__tee_fl160um_fc12,4.92988654864,6.34828832398,4.071626393825531,199.5447640637109,5.952483565984568,0.0032329287973664744,0.07665854838000019,0.03266035023999958,0.04798904131507875,16.285843626292404,0.05321986707613657
SQuADDS_MultiTarget,76,fig5_cg5p0um_rpg3p0um__Lj12p0nH_Cj0p0fF__roL8p5mm__tee_fl160um_fc12,4.85322800026,6.38094867422,4.023637352510452,215.8306076900033,6.005703433060704,5,fig5_cg4p0um_rpg2p5um__Lj12p0nH_Cj0p0fF__roL8p5mm__tee_fl160um_fc12,4.84081846419,6.4170299131,4.2439929298172,228.91083087667948,6.164372524451142,0.0037235596443121843,0.012409536069999838,0.03608123888000048,0.22035557730674782,13.080223186676193,0.15866909139043806
SQuADDS_MultiTarget,76,fig5_cg5p0um_rpg3p0um__Lj12p0nH_Cj0p0fF__roL8p5mm__tee_fl160um_fc12,4.85322800026,6.38094867422,4.023637352510452,215.8306076900033,6.005703433060704,6,fig5_cg4p5um_rpg2p5um__Lj12p0nH_Cj0p0fF__roL8p5mm__tee_fl160um_fc12,4.8208314661,6.41561937046,4.202300157867431,231.21565590524023,6.118632919744756,0.003777329565154683,0.0323965341600001,0.034670696240000076,0.17866280535697943,15.385048215236935,0.11292948668405156
SQuADDS_MultiTarget,76,fig5_cg5p0um_rpg3p0um__Lj12p0nH_Cj0p0fF__roL8p5mm__tee_fl160um_fc12,4.85322800026,6.38094867422,4.023637352510452,215.8306076900033,6.005703433060704,7,fig5_cg4p5um_rpg3p0um__Lj12p0nH_Cj0p0fF__roL8p5mm__tee_fl160um_fc12,4.83995157357,6.4987501229,3.8456828279762254,228.4924012088084,6.243127364960313,0.0038285818082595124,0.013276426690000065,0.11780144867999987,0.17795452453422644,12.661793518805098,0.23742393189960875
SQuADDS_MultiTarget,76,fig5_cg5p0um_rpg3p0um__Lj12p0nH_Cj0p0fF__roL8p5mm__tee_fl160um_fc12,4.85322800026,6.38094867422,4.023637352510452,215.8306076900033,6.005703433060704,8,fig5_cg3p0um_rpg2p5um__Lj12p0nH_Cj0p0fF__roL8p5mm__tee_fl160um_fc12,4.89777742204,6.34923094667,4.391671866830825,213.14051325530752,6.096625432754106,0.004484449262415892,0.04454942178000021,0.03171772755000024,0.3680345143203736,2.690094434695766,0.09092199969340165
SQuADDS_MultiTarget,76,fig5_cg5p0um_rpg3p0um__Lj12p0nH_Cj0p0fF__roL8p5mm__tee_fl160um_fc12,4.85322800026,6.38094867422,4.023637352510452,215.8306076900033,6.005703433060704,9,fig5_cg3p5um_rpg2p5um__Lj12p0nH_Cj0p0fF__roL8p5mm__tee_fl160um_fc12,4.85348773769,6.38790903463,4.356288998512268,225.5893196577544,6.102737650921461,0.004571425851030962,0.0002597374300004063,0.006960360409999922,0.33265164600181585,9.758711967751111,0.09703421786075683
SQuADDS_MultiTarget,76,fig5_cg5p0um_rpg3p0um__Lj12p0nH_Cj0p0fF__roL8p5mm__tee_fl160um_fc12,4.85322800026,6.38094867422,4.023637352510452,215.8306076900033,6.005703433060704,10,fig5_cg3p0um_rpg2p0um__Lj12p0nH_Cj0p0fF__roL8p5mm__tee_fl160um_fc12,4.85591843529,6.44095110726,4.270610977590561,230.04663618304903,6.1997071597004,0.004663479554104579,0.0026904350299998825,0.06000243304000019,0.24697362508010912,14.21602849304574,0.19400372663969545
SQuADDS_MultiTarget,77,chip_simple_dxm10p000_dym7p273__Lj12p0nH_Cj2p0fF__roL8p5mm__tee_fl160um_fc12_cg1p2um__rpg1p4um,4.73346264299,6.12196729623,5.803193593448639,243.08709551981173,5.917441531031344,1,chip_simple_dxm5p455_dy8p182__Lj12p0nH_Cj2p0fF__roL8p5mm__tee_fl160um_fc12_cg1p2um__rpg1p4um,4.73624038147,6.10517374819,5.883827769510269,241.3915804124541,5.9183738212690695,0.00012873917383679693,0.0027777384799998472,0.016793548039999884,0.08063417606163004,1.695515107357636,0.0009322902377251197
SQuADDS_MultiTarget,77,chip_simple_dxm10p000_dym7p273__Lj12p0nH_Cj2p0fF__roL8p5mm__tee_fl160um_fc12_cg1p2um__rpg1p4um,4.73346264299,6.12196729623,5.803193593448639,243.08709551981173,5.917441531031344,2,chip_simple_dx10p000_dym4p545__Lj12p0nH_Cj2p0fF__roL8p5mm__tee_fl160um_fc12_cg1p2um__rpg1p4um,4.72887741733,6.11605763171,5.721568623006821,241.3895574816467,5.882844555175796,0.0001422640228015177,0.004585225660000525,0.005909664519999858,0.08162497044181816,1.6975380381650211,0.034596975855547996
SQuADDS_MultiTarget,77,chip_simple_dxm10p000_dym7p273__Lj12p0nH_Cj2p0fF__roL8p5mm__tee_fl160um_fc12_cg1p2um__rpg1p4um,4.73346264299,6.12196729623,5.803193593448639,243.08709551981173,5.917441531031344,3,chip_simple_dxm7p273_dym4p545__Lj12p0nH_Cj2p0fF__roL8p5mm__tee_fl160um_fc12_cg1p2um__rpg1p4um,4.76380015433,6.14550226789,5.776891046072006,239.9698081278679,5.934439901039121,0.00015247788703272633,0.030337511339999956,0.02353497166000018,0.02630254737663318,3.117287391943819,0.016998370007776487
SQuADDS_MultiTarget,77,chip_simple_dxm10p000_dym7p273__Lj12p0nH_Cj2p0fF__roL8p5mm__tee_fl160um_fc12_cg1p2um__rpg1p4um,4.73346264299,6.12196729623,5.803193593448639,243.08709551981173,5.917441531031344,4,chip_simple_dx8p182_dy9p091__Lj12p0nH_Cj2p0fF__roL8p5mm__tee_fl160um_fc12_cg1p2um__rpg1p4um,4.72158254912,6.12778684598,5.69784814260292,244.34494700729925,5.923186679041649,0.00018582771370737947,0.01188009387000033,0.005819549749999986,0.10534545084571878,1.2578514874875282,0.005745148010304568
SQuADDS_MultiTarget,77,chip_simple_dxm10p000_dym7p273__Lj12p0nH_Cj2p0fF__roL8p5mm__tee_fl160um_fc12_cg1p2um__rpg1p4um,4.73346264299,6.12196729623,5.803193593448639,243.08709551981173,5.917441531031344,5,chip_simple_dxm1p818_dy5p455__Lj12p0nH_Cj2p0fF__roL8p5mm__tee_fl160um_fc12_cg1p2um__rpg1p4um,4.73603070326,6.09721269024,5.885714801893234,240.218625475818,5.910505601584163,0.00018805748553629083,0.0025680602699997834,0.024754605990000123,0.08252120844459476,2.8684700439937387,0.006935929447181799
SQuADDS_MultiTarget,77,chip_simple_dxm10p000_dym7p273__Lj12p0nH_Cj2p0fF__roL8p5mm__tee_fl160um_fc12_cg1p2um__rpg1p4um,4.73346264299,6.12196729623,5.803193593448639,243.08709551981173,5.917441531031344,6,chip_simple_dxm0p909_dym2p727__Lj12p0nH_Cj2p0fF__roL8p5mm__tee_fl160um_fc12_cg1p2um__rpg1p4um,4.71688507337,6.1251687863,5.703840147447586,245.03748437158407,5.9299268561119325,0.00019350779493774385,0.0165775696199999,0.0032014900699994797,0.09935344600105278,1.9503888517723453,0.012485325080588083
SQuADDS_MultiTarget,77,chip_simple_dxm10p000_dym7p273__Lj12p0nH_Cj2p0fF__roL8p5mm__tee_fl160um_fc12_cg1p2um__rpg1p4um,4.73346264299,6.12196729623,5.803193593448639,243.08709551981173,5.917441531031344,7,chip_simple_dxm1p818_dy0p000__Lj12p0nH_Cj2p0fF__roL8p5mm__tee_fl160um_fc12_cg1p2um__rpg1p4um,4.72085109882,6.13674306549,5.771197805171966,247.53443243124363,5.9292022682777255,0.00019745615643419813,0.012611544170000322,0.014775769259999905,0.0319957882766726,4.447336911431904,0.011760737246381048
SQuADDS_MultiTarget,77,chip_simple_dxm10p000_dym7p273__Lj12p0nH_Cj2p0fF__roL8p5mm__tee_fl160um_fc12_cg1p2um__rpg1p4um,4.73346264299,6.12196729623,5.803193593448639,243.08709551981173,5.917441531031344,8,chip_simple_dx9p091_dym7p273__Lj12p0nH_Cj2p0fF__roL8p5mm__tee_fl160um_fc12_cg1p2um__rpg1p4um,4.72050597097,6.13312512239,5.72029589563942,245.89801240972525,5.881474199794399,0.00019817118233454186,0.012956672020000504,0.011157826159999829,0.0828976978092193,2.8109168899135284,0.03596733123694573
SQuADDS_MultiTarget,77,chip_simple_dxm10p000_dym7p273__Lj12p0nH_Cj2p0fF__roL8p5mm__tee_fl160um_fc12_cg1p2um__rpg1p4um,4.73346264299,6.12196729623,5.803193593448639,243.08709551981173,5.917441531031344,9,chip_simple_dxm1p818_dym6p364__Lj12p0nH_Cj2p0fF__roL8p5mm__tee_fl160um_fc12_cg1p2um__rpg1p4um,4.70406131563,6.08840840714,5.839880111495972,244.66486320628528,5.829489432798142,0.00022013378916276697,0.02940132736000045,0.033558889090000044,0.03668651804733347,1.5777676864735497,0.08795209823320249
SQuADDS_MultiTarget,77,chip_simple_dxm10p000_dym7p273__Lj12p0nH_Cj2p0fF__roL8p5mm__tee_fl160um_fc12_cg1p2um__rpg1p4um,4.73346264299,6.12196729623,5.803193593448639,243.08709551981173,5.917441531031344,10,chip_simple_dxm7p273_dy2p727__Lj12p0nH_Cj2p0fF__roL8p5mm__tee_fl160um_fc12_cg1p2um__rpg1p4um,4.71160179643,6.11112305572,5.860711649211884,247.21366970382263,5.902975749327858,0.0002206606873786056,0.02186084656000009,0.010844240509999992,0.057518055763244647,4.126574184010906,0.014465781703486336
SQuADDS_MultiTarget,78,chip_simple_dxm10p000_dy1p818__Lj12p0nH_Cj2p0fF__roL8p5mm__tee_fl160um_fc12_cg1p2um__rpg1p4um,4.72226988205,6.17696340758,5.36773969219017,244.6012788259304,5.984641715447427,1,chip_simple_dxm3p636_dy3p636__Lj12p0nH_Cj2p0fF__roL8p5mm__tee_fl160um_fc12_cg1p2um__rpg1p4um,4.72242714711,6.18673541231,5.336548379825592,245.26485810969444,5.972626156449373,2.508245719513273e-05,0.00015726506000035556,0.009772004730000283,0.031191312364578394,0.6635792837640508,0.012015558998054843
SQuADDS_MultiTarget,78,chip_simple_dxm10p000_dy1p818__Lj12p0nH_Cj2p0fF__roL8p5mm__tee_fl160um_fc12_cg1p2um__rpg1p4um,4.72226988205,6.17696340758,5.36773969219017,244.6012788259304,5.984641715447427,2,chip_simple_dxm3p636_dy5p455__Lj12p0nH_Cj2p0fF__roL8p5mm__tee_fl160um_fc12_cg1p2um__rpg1p4um,4.73355235582,6.19906730127,5.355365528022766,245.4102411439443,6.010259557626816,3.580147697631077e-05,0.01128247376999969,0.022103893690000653,0.012374164167404444,0.8089623180138972,0.025617842179388894
SQuADDS_MultiTarget,78,chip_simple_dxm10p000_dy1p818__Lj12p0nH_Cj2p0fF__roL8p5mm__tee_fl160um_fc12_cg1p2um__rpg1p4um,4.72226988205,6.17696340758,5.36773969219017,244.6012788259304,5.984641715447427,3,chip_simple_dx10p000_dym8p182__Lj12p0nH_Cj2p0fF__roL8p5mm__tee_fl160um_fc12_cg1p2um__rpg1p4um,4.7278291272,6.203667918,5.357714031663894,247.43915307278945,5.999006200112647,9.200481243723844e-05,0.005559245149999725,0.026704510420000105,0.01002566052627607,2.8378742468590588,0.014364484665219557
SQuADDS_MultiTarget,78,chip_simple_dxm10p000_dy1p818__Lj12p0nH_Cj2p0fF__roL8p5mm__tee_fl160um_fc12_cg1p2um__rpg1p4um,4.72226988205,6.17696340758,5.36773969219017,244.6012788259304,5.984641715447427,4,chip_simple_dxm8p182_dy2p727__Lj12p0nH_Cj2p0fF__roL8p5mm__tee_fl160um_fc12_cg1p2um__rpg1p4um,4.74905682439,6.19457611211,5.409443262643814,242.78883490510103,6.0021454172131445,0.00010221777658518753,0.02678694234000023,0.0176127045300003,0.04170357045364348,1.8124439208293666,0.01750370176571714
SQuADDS_MultiTarget,78,chip_simple_dxm10p000_dy1p818__Lj12p0nH_Cj2p0fF__roL8p5mm__tee_fl160um_fc12_cg1p2um__rpg1p4um,4.72226988205,6.17696340758,5.36773969219017,244.6012788259304,5.984641715447427,5,chip_simple_dxm6p364_dy2p727__Lj12p0nH_Cj2p0fF__roL8p5mm__tee_fl160um_fc12_cg1p2um__rpg1p4um,4.69381999507,6.14208387603,5.425729793823242,246.2806752541244,5.919433779171552,0.000209468733574615,0.02844988697999984,0.034879531549999676,0.057990101633071944,1.6793964281939964,0.06520793627587551
SQuADDS_MultiTarget,78,chip_simple_dxm10p000_dy1p818__Lj12p0nH_Cj2p0fF__roL8p5mm__tee_fl160um_fc12_cg1p2um__rpg1p4um,4.72226988205,6.17696340758,5.36773969219017,244.6012788259304,5.984641715447427,6,chip_simple_dxm2p727_dy0p909__Lj12p0nH_Cj2p0fF__roL8p5mm__tee_fl160um_fc12_cg1p2um__rpg1p4um,4.73845369417,6.16039546172,5.41090745403862,239.617009903282,5.951034616643697,0.0002746576438299009,0.016183812120000418,0.016567945859999433,0.043167761848449615,4.984268922648397,0.03360709880373047
SQuADDS_MultiTarget,78,chip_simple_dxm10p000_dy1p818__Lj12p0nH_Cj2p0fF__roL8p5mm__tee_fl160um_fc12_cg1p2um__rpg1p4um,4.72226988205,6.17696340758,5.36773969219017,244.6012788259304,5.984641715447427,7,chip_simple_dx0p000_dym10p000__Lj12p0nH_Cj2p0fF__roL8p5mm__tee_fl160um_fc12_cg1p2um__rpg1p4um,4.72617335759,6.18783165048,5.473578181682586,247.93824058661983,5.979999407972001,0.0002915283955410815,0.00390347553999959,0.010868242899999991,0.10583848949241581,3.3369617606894337,0.004642307475426044
SQuADDS_MultiTarget,78,chip_simple_dxm10p000_dy1p818__Lj12p0nH_Cj2p0fF__roL8p5mm__tee_fl160um_fc12_cg1p2um__rpg1p4um,4.72226988205,6.17696340758,5.36773969219017,244.6012788259304,5.984641715447427,8,chip_simple_dxm10p000_dym6p364__Lj12p0nH_Cj2p0fF__roL8p5mm__tee_fl160um_fc12_cg1p2um__rpg1p4um,4.72003215394,6.21311585123,5.277381808307648,248.5653481614014,5.993540423418498,0.0003085898629813408,0.0022377281099998925,0.0361524436500007,0.09035788388252275,3.9640693354710095,0.008898707971070507
SQuADDS_MultiTarget,78,chip_simple_dxm10p000_dy1p818__Lj12p0nH_Cj2p0fF__roL8p5mm__tee_fl160um_fc12_cg1p2um__rpg1p4um,4.72226988205,6.17696340758,5.36773969219017,244.6012788259304,5.984641715447427,9,chip_simple_dx9p091_dym2p727__Lj12p0nH_Cj2p0fF__roL8p5mm__tee_fl160um_fc12_cg1p2um__rpg1p4um,4.75421160279,6.18453840176,5.473107182682037,241.5748597938345,5.95940112810006,0.0003253581435691776,0.0319417207399999,0.007574994180000516,0.10536749049186689,3.0264190320959017,0.025240587347367338
SQuADDS_MultiTarget,78,chip_simple_dxm10p000_dy1p818__Lj12p0nH_Cj2p0fF__roL8p5mm__tee_fl160um_fc12_cg1p2um__rpg1p4um,4.72226988205,6.17696340758,5.36773969219017,244.6012788259304,5.984641715447427,10,chip_simple_dx0p000_dy1p818__Lj12p0nH_Cj2p0fF__roL8p5mm__tee_fl160um_fc12_cg1p2um__rpg1p4um,4.73893431681,6.15716579206,5.395158588809967,238.6641224689724,5.982980691110814,0.0003303947117618573,0.016664434760000013,0.019797615519999923,0.027418896619797017,5.937156356957985,0.0016610243366130817
SQuADDS_MultiTarget,79,chip_simple_dxm10p000_dy2p727__Lj12p0nH_Cj2p0fF__roL8p5mm__tee_fl160um_fc12_cg1p2um__rpg1p4um,4.70723767854,6.21132532849,5.669662891471862,260.2253909274522,6.040061613915569,1,chip_simple_dx0p909_dym4p545__Lj12p0nH_Cj2p0fF__roL8p5mm__tee_fl160um_fc12_cg1p2um__rpg1p4um,4.70922868384,6.20956317751,5.678390382087708,259.6697894944625,6.020366326771191,9.039765193209874e-06,0.0019910052999998484,0.001762150980000321,0.0087274906158461,0.5556014329897039,0.01969528714437807
SQuADDS_MultiTarget,79,chip_simple_dxm10p000_dy2p727__Lj12p0nH_Cj2p0fF__roL8p5mm__tee_fl160um_fc12_cg1p2um__rpg1p4um,4.70723767854,6.21132532849,5.669662891471862,260.2253909274522,6.040061613915569,2,chip_simple_dxm3p636_dy6p364__Lj12p0nH_Cj2p0fF__roL8p5mm__tee_fl160um_fc12_cg1p2um__rpg1p4um,4.70408698534,6.20223073647,5.666454196695328,259.3716296761648,5.989725032044327,4.286000791606054e-05,0.0031506932000002763,0.009094592020000292,0.00320869477653396,0.8537612512874375,0.05033658187124157
SQuADDS_MultiTarget,79,chip_simple_dxm10p000_dy2p727__Lj12p0nH_Cj2p0fF__roL8p5mm__tee_fl160um_fc12_cg1p2um__rpg1p4um,4.70723767854,6.21132532849,5.669662891471862,260.2253909274522,6.040061613915569,3,chip_simple_dx9p091_dy0p909__Lj12p0nH_Cj2p0fF__roL8p5mm__tee_fl160um_fc12_cg1p2um__rpg1p4um,4.7163601662,6.23569834714,5.613257433452606,260.8716160934938,6.0763823396662895,8.980435658301019e-05,0.009122487660000012,0.024373018649999523,0.056405458019256116,0.6462251660415745,0.03632072575072076
SQuADDS_MultiTarget,79,chip_simple_dxm10p000_dy2p727__Lj12p0nH_Cj2p0fF__roL8p5mm__tee_fl160um_fc12_cg1p2um__rpg1p4um,4.70723767854,6.21132532849,5.669662891471862,260.2253909274522,6.040061613915569,4,chip_simple_dx9p091_dy8p182__Lj12p0nH_Cj2p0fF__roL8p5mm__tee_fl160um_fc12_cg1p2um__rpg1p4um,4.69054728544,6.17827451541,5.739252216215133,260.0683223594995,5.9758724560029775,0.00017286205147505065,0.0166903931000002,0.03305081308000002,0.06958932474327106,0.15706856795270596,0.06418915791259128
SQuADDS_MultiTarget,79,chip_simple_dxm10p000_dy2p727__Lj12p0nH_Cj2p0fF__roL8p5mm__tee_fl160um_fc12_cg1p2um__rpg1p4um,4.70723767854,6.21132532849,5.669662891471862,260.2253909274522,6.040061613915569,5,chip_simple_dx7p273_dy0p909__Lj12p0nH_Cj2p0fF__roL8p5mm__tee_fl160um_fc12_cg1p2um__rpg1p4um,4.68158068737,6.21519750417,5.589104882595062,264.3401351650299,6.023432078265482,0.0002598426909135763,0.025656991169999976,0.0038721756799997564,0.08055800887680054,4.114744237577668,0.016629535650086957
SQuADDS_MultiTarget,79,chip_simple_dxm10p000_dy2p727__Lj12p0nH_Cj2p0fF__roL8p5mm__tee_fl160um_fc12_cg1p2um__rpg1p4um,4.70723767854,6.21132532849,5.669662891471862,260.2253909274522,6.040061613915569,6,chip_simple_dx8p182_dy5p455__Lj12p0nH_Cj2p0fF__roL8p5mm__tee_fl160um_fc12_cg1p2um__rpg1p4um,4.69475515897,6.18930512161,5.745368988786697,261.0935447038348,5.922836316982369,0.00030264879825284006,0.012482519570000683,0.022020206879999726,0.07570609731483469,0.8681537763825986,0.11722529693320016
SQuADDS_MultiTarget,79,chip_simple_dxm10p000_dy2p727__Lj12p0nH_Cj2p0fF__roL8p5mm__tee_fl160um_fc12_cg1p2um__rpg1p4um,4.70723767854,6.21132532849,5.669662891471862,260.2253909274522,6.040061613915569,7,chip_simple_dxm9p091_dym7p273__Lj12p0nH_Cj2p0fF__roL8p5mm__tee_fl160um_fc12_cg1p2um__rpg1p4um,4.68244497009,6.16560402472,5.596757998455048,256.3717628846066,5.975566995273393,0.00033125647797834824,0.02479270845000059,0.04572130376999972,0.07290489301681458,3.853628042845628,0.06449461864217554
SQuADDS_MultiTarget,79,chip_simple_dxm10p000_dy2p727__Lj12p0nH_Cj2p0fF__roL8p5mm__tee_fl160um_fc12_cg1p2um__rpg1p4um,4.70723767854,6.21132532849,5.669662891471862,260.2253909274522,6.040061613915569,8,chip_simple_dxm2p727_dy0p000__Lj12p0nH_Cj2p0fF__roL8p5mm__tee_fl160um_fc12_cg1p2um__rpg1p4um,4.70946736854,6.17220265584,5.747707520002365,255.1766850154424,5.971067509373771,0.0003880829937213245,0.002229690000000062,0.03912267265000047,0.07804462853050254,5.0487059120098365,0.06899410454179744
SQuADDS_MultiTarget,79,chip_simple_dxm10p000_dy2p727__Lj12p0nH_Cj2p0fF__roL8p5mm__tee_fl160um_fc12_cg1p2um__rpg1p4um,4.70723767854,6.21132532849,5.669662891471862,260.2253909274522,6.040061613915569,9,chip_simple_dx2p727_dy2p727__Lj12p0nH_Cj2p0fF__roL8p5mm__tee_fl160um_fc12_cg1p2um__rpg1p4um,4.73128014823,6.18706920741,5.709969924663543,252.0300867867861,5.997949180219245,0.0005868213016662755,0.024042469689999457,0.024256121079999637,0.04030703319168083,8.195304140666138,0.04211243369632367
SQuADDS_MultiTarget,79,chip_simple_dxm10p000_dy2p727__Lj12p0nH_Cj2p0fF__roL8p5mm__tee_fl160um_fc12_cg1p2um__rpg1p4um,4.70723767854,6.21132532849,5.669662891471862,260.2253909274522,6.040061613915569,10,chip_simple_dx6p364_dym1p818__Lj12p0nH_Cj2p0fF__roL8p5mm__tee_fl160um_fc12_cg1p2um__rpg1p4um,4.67874935795,6.23246664146,5.579638315944671,267.7222829571044,6.063037930970048,0.0005964930064394233,0.02848832059000017,0.021141312970000214,0.0900245755271909,7.4968920296522015,0.022976317054479445
SQuADDS_MultiTarget,80,chip_simple_dxm9p091_dym2p727__Lj12p0nH_Cj2p0fF__roL8p5mm__tee_fl160um_fc12_cg1p2um__rpg1p4um,4.7483244385,6.10698090701,5.363995685260773,228.13889295861065,5.896412931889758,1,chip_simple_dx8p182_dy3p636__Lj12p0nH_Cj2p0fF__roL8p5mm__tee_fl160um_fc12_cg1p2um__rpg1p4um,4.74833115983,6.10316137397,5.395294238792419,228.2050160306239,5.868324301832488,2.8802724076188608e-05,6.721330000125647e-06,0.003819533039999712,0.03129855353164679,0.06612307201325507,0.028088630057269803
SQuADDS_MultiTarget,80,chip_simple_dxm9p091_dym2p727__Lj12p0nH_Cj2p0fF__roL8p5mm__tee_fl160um_fc12_cg1p2um__rpg1p4um,4.7483244385,6.10698090701,5.363995685260773,228.13889295861065,5.896412931889758,2,chip_simple_dx9p091_dy1p818__Lj12p0nH_Cj2p0fF__roL8p5mm__tee_fl160um_fc12_cg1p2um__rpg1p4um,4.72332163382,6.08397777989,5.362149336601257,229.5526193491085,5.856220715335205,8.440541223319821e-05,0.025002804679999713,0.023003127119999967,0.0018463486595159395,1.4137263904978568,0.040192216554553184
SQuADDS_MultiTarget,80,chip_simple_dxm9p091_dym2p727__Lj12p0nH_Cj2p0fF__roL8p5mm__tee_fl160um_fc12_cg1p2um__rpg1p4um,4.7483244385,6.10698090701,5.363995685260773,228.13889295861065,5.896412931889758,3,chip_simple_dx0p000_dym8p182__Lj12p0nH_Cj2p0fF__roL8p5mm__tee_fl160um_fc12_cg1p2um__rpg1p4um,4.75699175292,6.13442162476,5.358933925123215,230.6041003651568,5.926697467393431,9.553882468382288e-05,0.008667314420000238,0.027440717750000232,0.005061760137557769,2.465207406546142,0.030284535503673382
SQuADDS_MultiTarget,80,chip_simple_dxm9p091_dym2p727__Lj12p0nH_Cj2p0fF__roL8p5mm__tee_fl160um_fc12_cg1p2um__rpg1p4um,4.7483244385,6.10698090701,5.363995685260773,228.13889295861065,5.896412931889758,4,chip_simple_dxm4p545_dy7p273__Lj12p0nH_Cj2p0fF__roL8p5mm__tee_fl160um_fc12_cg1p2um__rpg1p4um,4.72503834706,6.09396858071,5.364709826208115,230.88388505499736,5.8866465937490124,0.00010235624787448466,0.023286091440000156,0.013012326299999266,0.0007141409473421234,2.74499209638671,0.009766338140745567
SQuADDS_MultiTarget,80,chip_simple_dxm9p091_dym2p727__Lj12p0nH_Cj2p0fF__roL8p5mm__tee_fl160um_fc12_cg1p2um__rpg1p4um,4.7483244385,6.10698090701,5.363995685260773,228.13889295861065,5.896412931889758,5,chip_simple_dxm8p182_dy7p273__Lj12p0nH_Cj2p0fF__roL8p5mm__tee_fl160um_fc12_cg1p2um__rpg1p4um,4.73980994773,6.11492139787,5.370422379964828,231.42365600136029,5.863101959116468,0.00012523382139590261,0.00851449076999966,0.00794049086000026,0.006426694704055436,3.2847630427496313,0.03331097277328965
SQuADDS_MultiTarget,80,chip_simple_dxm9p091_dym2p727__Lj12p0nH_Cj2p0fF__roL8p5mm__tee_fl160um_fc12_cg1p2um__rpg1p4um,4.7483244385,6.10698090701,5.363995685260773,228.13889295861065,5.896412931889758,6,chip_simple_dxm7p273_dym1p818__Lj12p0nH_Cj2p0fF__roL8p5mm__tee_fl160um_fc12_cg1p2um__rpg1p4um,4.76438654102,6.12161083912,5.439724164207458,228.93417802659692,5.912665026004023,0.00012671389222402421,0.016062102520000288,0.014629932110000077,0.07572847894668566,0.7952850679862706,0.016252094114265425
SQuADDS_MultiTarget,80,chip_simple_dxm9p091_dym2p727__Lj12p0nH_Cj2p0fF__roL8p5mm__tee_fl160um_fc12_cg1p2um__rpg1p4um,4.7483244385,6.10698090701,5.363995685260773,228.13889295861065,5.896412931889758,7,chip_simple_dx9p091_dy5p455__Lj12p0nH_Cj2p0fF__roL8p5mm__tee_fl160um_fc12_cg1p2um__rpg1p4um,4.7579347478,6.14116345285,5.347422351387023,231.2241237006332,5.920297827562249,0.0001398457012254133,0.009610309300000175,0.034182545840000245,0.016573333873749263,3.08523074202256,0.023884895672490636
SQuADDS_MultiTarget,80,chip_simple_dxm9p091_dym2p727__Lj12p0nH_Cj2p0fF__roL8p5mm__tee_fl160um_fc12_cg1p2um__rpg1p4um,4.7483244385,6.10698090701,5.363995685260773,228.13889295861065,5.896412931889758,8,chip_simple_dxm1p818_dym8p182__Lj12p0nH_Cj2p0fF__roL8p5mm__tee_fl160um_fc12_cg1p2um__rpg1p4um,4.74798045488,6.11757693515,5.274850255846023,227.969236976316,5.908298446157694,0.00014342303360229767,0.0003439836199996549,0.010596028140000158,0.08914542941474934,0.16965598229464263,0.01188551426793616
SQuADDS_MultiTarget,80,chip_simple_dxm9p091_dym2p727__Lj12p0nH_Cj2p0fF__roL8p5mm__tee_fl160um_fc12_cg1p2um__rpg1p4um,4.7483244385,6.10698090701,5.363995685260773,228.13889295861065,5.896412931889758,9,chip_simple_dxm3p636_dy7p273__Lj12p0nH_Cj2p0fF__roL8p5mm__tee_fl160um_fc12_cg1p2um__rpg1p4um,4.76722458533,6.10494676733,5.339898099292755,223.6664187713043,5.941831126782195,0.00024787297323363805,0.018900146830000075,0.002034139679999214,0.024097585968017476,4.4724741873063465,0.045418194892437036
SQuADDS_MultiTarget,80,chip_simple_dxm9p091_dym2p727__Lj12p0nH_Cj2p0fF__roL8p5mm__tee_fl160um_fc12_cg1p2um__rpg1p4um,4.7483244385,6.10698090701,5.363995685260773,228.13889295861065,5.896412931889758,10,chip_simple_dx7p273_dy7p273__Lj12p0nH_Cj2p0fF__roL8p5mm__tee_fl160um_fc12_cg1p2um__rpg1p4um,4.77632474172,6.11603268543,5.46948547539711,226.2400590105068,5.898415113466635,0.0002650462763490594,0.0280003032199998,0.009051778419999934,0.10548979013633719,1.8988339481038565,0.002002181576877149
SQuADDS_MultiTarget,81,chip_simple_dxm9p091_dy6p364__Lj12p0nH_Cj2p0fF__roL8p5mm__tee_fl160um_fc12_cg1p2um__rpg1p4um,4.71440404127,6.1075884134,5.646440187353134,241.39030605665508,5.857032072007844,1,chip_simple_dx2p727_dy8p182__Lj12p0nH_Cj2p0fF__roL8p5mm__tee_fl160um_fc12_cg1p2um__rpg1p4um,4.72577115301,6.11702248151,5.67343218500328,241.13444090201696,5.90532555190526,5.418040215090341e-05,0.011367111740000269,0.009434068110000027,0.02699199765014626,0.25586515463811565,0.04829347989741528
SQuADDS_MultiTarget,81,chip_simple_dxm9p091_dy6p364__Lj12p0nH_Cj2p0fF__roL8p5mm__tee_fl160um_fc12_cg1p2um__rpg1p4um,4.71440404127,6.1075884134,5.646440187353134,241.39030605665508,5.857032072007844,2,chip_simple_dxm4p545_dy5p455__Lj12p0nH_Cj2p0fF__roL8p5mm__tee_fl160um_fc12_cg1p2um__rpg1p4um,4.71582269895,6.12400360673,5.595842418161392,242.67790535088983,5.858169998149668,6.170909094794593e-05,0.0014186576800003792,0.01641519332999941,0.05059776919174208,1.2875992942347523,0.0011379261418236197
SQuADDS_MultiTarget,81,chip_simple_dxm9p091_dy6p364__Lj12p0nH_Cj2p0fF__roL8p5mm__tee_fl160um_fc12_cg1p2um__rpg1p4um,4.71440404127,6.1075884134,5.646440187353134,241.39030605665508,5.857032072007844,3,chip_simple_dx0p909_dym9p091__Lj12p0nH_Cj2p0fF__roL8p5mm__tee_fl160um_fc12_cg1p2um__rpg1p4um,4.73292662921,6.13968220021,5.629279759424209,242.34971323214788,5.904117804172508,8.787961481173951e-05,0.018522587939999724,0.03209378680999997,0.017160427928924804,0.9594071754927995,0.04708573216466405
SQuADDS_MultiTarget,81,chip_simple_dxm9p091_dy6p364__Lj12p0nH_Cj2p0fF__roL8p5mm__tee_fl160um_fc12_cg1p2um__rpg1p4um,4.71440404127,6.1075884134,5.646440187353134,241.39030605665508,5.857032072007844,4,chip_simple_dx3p636_dy1p818__Lj12p0nH_Cj2p0fF__roL8p5mm__tee_fl160um_fc12_cg1p2um__rpg1p4um,4.70410383857,6.10458585083,5.567014398902892,241.3514256786174,5.861681512957739,0.00010427679535107058,0.010300202699999872,0.003002562569999867,0.07942578845024162,0.038880378037674745,0.004649440949894945
SQuADDS_MultiTarget,81,chip_simple_dxm9p091_dy6p364__Lj12p0nH_Cj2p0fF__roL8p5mm__tee_fl160um_fc12_cg1p2um__rpg1p4um,4.71440404127,6.1075884134,5.646440187353134,241.39030605665508,5.857032072007844,5,chip_simple_dx10p000_dym4p545__Lj12p0nH_Cj2p0fF__roL8p5mm__tee_fl160um_fc12_cg1p2um__rpg1p4um,4.72887741733,6.11605763171,5.721568623006821,241.3895574816467,5.882844555175796,0.00010957671695709774,0.014473376059999765,0.008469218310000137,0.07512843565368676,0.0007485750083731091,0.02581248316795204
SQuADDS_MultiTarget,81,chip_simple_dxm9p091_dy6p364__Lj12p0nH_Cj2p0fF__roL8p5mm__tee_fl160um_fc12_cg1p2um__rpg1p4um,4.71440404127,6.1075884134,5.646440187353134,241.39030605665508,5.857032072007844,6,chip_simple_dx1p818_dy8p182__Lj12p0nH_Cj2p0fF__roL8p5mm__tee_fl160um_fc12_cg1p2um__rpg1p4um,4.72017945709,6.08731558494,5.7091661056575775,238.19641006055008,5.858573926089484,0.0001617902683210325,0.005775415820000518,0.020272828460000447,0.06272591830444352,3.193895996104999,0.0015418540816396487
SQuADDS_MultiTarget,81,chip_simple_dxm9p091_dy6p364__Lj12p0nH_Cj2p0fF__roL8p5mm__tee_fl160um_fc12_cg1p2um__rpg1p4um,4.71440404127,6.1075884134,5.646440187353134,241.39030605665508,5.857032072007844,7,chip_simple_dxm4p545_dy0p000__Lj12p0nH_Cj2p0fF__roL8p5mm__tee_fl160um_fc12_cg1p2um__rpg1p4um,4.71230064412,6.08710688098,5.719542095273972,240.0625294385203,5.795795047141197,0.00016503588859210724,0.0021033971499999637,0.020481532419999837,0.07310190792083837,1.3277766181347772,0.061237024866647616
SQuADDS_MultiTarget,81,chip_simple_dxm9p091_dy6p364__Lj12p0nH_Cj2p0fF__roL8p5mm__tee_fl160um_fc12_cg1p2um__rpg1p4um,4.71440404127,6.1075884134,5.646440187353134,241.39030605665508,5.857032072007844,8,chip_simple_dx2p727_dy0p909__Lj12p0nH_Cj2p0fF__roL8p5mm__tee_fl160um_fc12_cg1p2um__rpg1p4um,4.74298606075,6.14557563555,5.577913346075058,240.00739016593903,5.859609361630187,0.00016559280564431455,0.028582019479999943,0.037987222149999944,0.06852684127807596,1.382915890716049,0.0025772896223426045
SQuADDS_MultiTarget,81,chip_simple_dxm9p091_dy6p364__Lj12p0nH_Cj2p0fF__roL8p5mm__tee_fl160um_fc12_cg1p2um__rpg1p4um,4.71440404127,6.1075884134,5.646440187353134,241.39030605665508,5.857032072007844,9,chip_simple_dxm7p273_dy7p273__Lj12p0nH_Cj2p0fF__roL8p5mm__tee_fl160um_fc12_cg1p2um__rpg1p4um,4.69770669043,6.09161802121,5.5645804030818935,240.523075125168,5.8060088329952375,0.0001688698950737495,0.01669735083999946,0.01597039218999985,0.08185978427124052,0.8672309314870859,0.05102323901260686
SQuADDS_MultiTarget,81,chip_simple_dxm9p091_dy6p364__Lj12p0nH_Cj2p0fF__roL8p5mm__tee_fl160um_fc12_cg1p2um__rpg1p4um,4.71440404127,6.1075884134,5.646440187353134,241.39030605665508,5.857032072007844,10,chip_simple_dx2p727_dy7p273__Lj12p0nH_Cj2p0fF__roL8p5mm__tee_fl160um_fc12_cg1p2um__rpg1p4um,4.68966238365,6.08117321467,5.692696949018478,243.42591072707387,5.793400597005795,0.00017437491683060672,0.024741657619999913,0.026415198730000533,0.04625676166534376,2.035604670418792,0.06363147500204924
SQuADDS_MultiTarget,82,chip_simple_dxm8p182_dy3p636__Lj12p0nH_Cj2p0fF__roL8p5mm__tee_fl160um_fc12_cg1p2um__rpg1p4um,4.66348012176,6.05793179463,5.963364992448806,250.89943484547044,5.766429864350439,1,chip_simple_dx3p636_dym1p818__Lj12p0nH_Cj2p0fF__roL8p5mm__tee_fl160um_fc12_cg1p2um__rpg1p4um,4.64263027066,6.04873906928,5.965470440525055,254.1147038644968,5.708747532691113,0.0001544968109815901,0.02084985110000037,0.009192725350000153,0.002105448076249239,3.2152690190263513,0.05768233165932557
SQuADDS_MultiTarget,82,chip_simple_dxm8p182_dy3p636__Lj12p0nH_Cj2p0fF__roL8p5mm__tee_fl160um_fc12_cg1p2um__rpg1p4um,4.66348012176,6.05793179463,5.963364992448806,250.89943484547044,5.766429864350439,2,chip_simple_dx5p455_dy2p727__Lj12p0nH_Cj2p0fF__roL8p5mm__tee_fl160um_fc12_cg1p2um__rpg1p4um,4.68450192494,6.04838752866,6.060318185382843,246.72047979195173,5.809511348960735,0.0003215834830791668,0.02102180318000002,0.009544265969999799,0.09695319293403681,4.178955053518706,0.04308148461029582
SQuADDS_MultiTarget,82,chip_simple_dxm8p182_dy3p636__Lj12p0nH_Cj2p0fF__roL8p5mm__tee_fl160um_fc12_cg1p2um__rpg1p4um,4.66348012176,6.05793179463,5.963364992448806,250.89943484547044,5.766429864350439,3,chip_simple_dx7p273_dym0p909__Lj12p0nH_Cj2p0fF__roL8p5mm__tee_fl160um_fc12_cg1p2um__rpg1p4um,4.70073295522,6.09546452187,5.997347442768096,249.8225305417232,5.880204986381134,0.0003222936231865838,0.03725283346000019,0.03753272724000034,0.03398245031929026,1.0769043037472272,0.11377512203069529
SQuADDS_MultiTarget,82,chip_simple_dxm8p182_dy3p636__Lj12p0nH_Cj2p0fF__roL8p5mm__tee_fl160um_fc12_cg1p2um__rpg1p4um,4.66348012176,6.05793179463,5.963364992448806,250.89943484547044,5.766429864350439,4,chip_simple_dx8p182_dy10p000__Lj12p0nH_Cj2p0fF__roL8p5mm__tee_fl160um_fc12_cg1p2um__rpg1p4um,4.69432691439,6.09749818315,5.921394772914886,249.9961335217051,5.89790265333111,0.00037757107206954466,0.03084679263000023,0.03956638851999994,0.041970219533919995,0.9033013237653336,0.1314727889806715
SQuADDS_MultiTarget,82,chip_simple_dxm8p182_dy3p636__Lj12p0nH_Cj2p0fF__roL8p5mm__tee_fl160um_fc12_cg1p2um__rpg1p4um,4.66348012176,6.05793179463,5.963364992448806,250.89943484547044,5.766429864350439,5,chip_simple_dx6p364_dy9p091__Lj12p0nH_Cj2p0fF__roL8p5mm__tee_fl160um_fc12_cg1p2um__rpg1p4um,4.69570573869,6.09933720693,6.023506759710312,252.1584106638029,5.887771375415434,0.000379310609723831,0.03222561692999992,0.04140541229999961,0.06014176726150566,1.258975818332459,0.12134151106499491
SQuADDS_MultiTarget,82,chip_simple_dxm8p182_dy3p636__Lj12p0nH_Cj2p0fF__roL8p5mm__tee_fl160um_fc12_cg1p2um__rpg1p4um,4.66348012176,6.05793179463,5.963364992448806,250.89943484547044,5.766429864350439,6,chip_simple_dxm9p091_dy3p636__Lj12p0nH_Cj2p0fF__roL8p5mm__tee_fl160um_fc12_cg1p2um__rpg1p4um,4.70131601707,6.06675184485,5.977826485769271,244.57965254380213,5.78091644854145,0.0003912708703767345,0.037835895309999756,0.008820050219999764,0.014461493320465202,6.319782301668312,0.014486584191010898
SQuADDS_MultiTarget,82,chip_simple_dxm8p182_dy3p636__Lj12p0nH_Cj2p0fF__roL8p5mm__tee_fl160um_fc12_cg1p2um__rpg1p4um,4.66348012176,6.05793179463,5.963364992448806,250.89943484547044,5.766429864350439,7,chip_simple_dxm10p000_dy0p909__Lj12p0nH_Cj2p0fF__roL8p5mm__tee_fl160um_fc12_cg1p2um__rpg1p4um,4.70703508171,6.1027913224,6.054301022790908,250.9771558944962,5.873941688086905,0.0004321863439785375,0.043554959949999805,0.04485952776999991,0.09093603034210229,0.07772104902576871,0.10751182373646628
SQuADDS_MultiTarget,82,chip_simple_dxm8p182_dy3p636__Lj12p0nH_Cj2p0fF__roL8p5mm__tee_fl160um_fc12_cg1p2um__rpg1p4um,4.66348012176,6.05793179463,5.963364992448806,250.89943484547044,5.766429864350439,8,chip_simple_dxm4p545_dym3p636__Lj12p0nH_Cj2p0fF__roL8p5mm__tee_fl160um_fc12_cg1p2um__rpg1p4um,4.67304431925,6.03199474143,6.125895672599793,247.8916504390452,5.756437524837708,0.0004673085933855925,0.009564197489999593,0.025937053199999838,0.16253068015098648,3.0077844064252304,0.009992339512730375
SQuADDS_MultiTarget,82,chip_simple_dxm8p182_dy3p636__Lj12p0nH_Cj2p0fF__roL8p5mm__tee_fl160um_fc12_cg1p2um__rpg1p4um,4.66348012176,6.05793179463,5.963364992448806,250.89943484547044,5.766429864350439,9,chip_simple_dx0p909_dy2p727__Lj12p0nH_Cj2p0fF__roL8p5mm__tee_fl160um_fc12_cg1p2um__rpg1p4um,4.68950459777,6.08766133854,6.096332340703964,253.08284499290465,5.866286461039824,0.000491614603479663,0.02602447600999991,0.029729543910000267,0.13296734825515788,2.1834101474342162,0.09985659668938496
SQuADDS_MultiTarget,82,chip_simple_dxm8p182_dy3p636__Lj12p0nH_Cj2p0fF__roL8p5mm__tee_fl160um_fc12_cg1p2um__rpg1p4um,4.66348012176,6.05793179463,5.963364992448806,250.89943484547044,5.766429864350439,10,chip_simple_dx6p364_dym10p000__Lj12p0nH_Cj2p0fF__roL8p5mm__tee_fl160um_fc12_cg1p2um__rpg1p4um,4.71222287437,6.11776336869,5.892424395643234,248.8381761745651,5.8779333128535365,0.0004982494706709958,0.04874275260999994,0.05983157406000039,0.0709405968055723,2.061258670905346,0.11150344850309768
SQuADDS_MultiTarget,83,chip_simple_dxm8p182_dy10p000__Lj12p0nH_Cj2p0fF__roL8p5mm__tee_fl160um_fc12_cg1p2um__rpg1p4um,4.72789217151,6.02697172035,6.188374780282974,236.31888715968915,5.7728279248915735,1,chip_simple_dxm10p000_dym4p545__Lj12p0nH_Cj2p0fF__roL8p5mm__tee_fl160um_fc12_cg1p2um__rpg1p4um,4.72747685651,6.02391173404,6.181771411222457,235.80879165767425,5.79330242515557,9.453919686367927e-06,0.0004153149999996941,0.003059986309999374,0.006603369060516506,0.5100955020149058,0.020474500263996553
SQuADDS_MultiTarget,83,chip_simple_dxm8p182_dy10p000__Lj12p0nH_Cj2p0fF__roL8p5mm__tee_fl160um_fc12_cg1p2um__rpg1p4um,4.72789217151,6.02697172035,6.188374780282974,236.31888715968915,5.7728279248915735,2,chip_simple_dx6p364_dy0p000__Lj12p0nH_Cj2p0fF__roL8p5mm__tee_fl160um_fc12_cg1p2um__rpg1p4um,4.72795173232,6.02599393944,6.214404765487671,236.6306190453716,5.800547756468861,2.1271402367530557e-05,5.9560810000469644e-05,0.0009777809099995594,0.026029985204696793,0.31173188568243404,0.0277198315772873
SQuADDS_MultiTarget,83,chip_simple_dxm8p182_dy10p000__Lj12p0nH_Cj2p0fF__roL8p5mm__tee_fl160um_fc12_cg1p2um__rpg1p4um,4.72789217151,6.02697172035,6.188374780282974,236.31888715968915,5.7728279248915735,3,chip_simple_dx0p000_dy2p727__Lj12p0nH_Cj2p0fF__roL8p5mm__tee_fl160um_fc12_cg1p2um__rpg1p4um,4.73163640607,6.01912983001,6.151782347061157,233.4506181073812,5.795791516246615,0.00010137101509820225,0.0037442345600000593,0.007841890339999935,0.03659243322181727,2.8682690523079657,0.022963591355041224
SQuADDS_MultiTarget,83,chip_simple_dxm8p182_dy10p000__Lj12p0nH_Cj2p0fF__roL8p5mm__tee_fl160um_fc12_cg1p2um__rpg1p4um,4.72789217151,6.02697172035,6.188374780282974,236.31888715968915,5.7728279248915735,4,chip_simple_dx4p545_dym0p909__Lj12p0nH_Cj2p0fF__roL8p5mm__tee_fl160um_fc12_cg1p2um__rpg1p4um,4.7255365678,6.0505170878,6.107614511497498,239.2497887649095,5.805207767962136,0.0001933049174949522,0.002355603709999876,0.023545367450000576,0.08076026878547626,2.930901605220356,0.03237984307056241
SQuADDS_MultiTarget,83,chip_simple_dxm8p182_dy10p000__Lj12p0nH_Cj2p0fF__roL8p5mm__tee_fl160um_fc12_cg1p2um__rpg1p4um,4.72789217151,6.02697172035,6.188374780282974,236.31888715968915,5.7728279248915735,5,chip_simple_dxm1p818_dym10p000__Lj12p0nH_Cj2p0fF__roL8p5mm__tee_fl160um_fc12_cg1p2um__rpg1p4um,4.72213098232,5.99382514578,6.216597866516113,232.5260761215951,5.710682925319376,0.0002288689956183528,0.0057611891899993495,0.03314657456999992,0.028223086233139405,3.792811038094044,0.062144999572197435
SQuADDS_MultiTarget,83,chip_simple_dxm8p182_dy10p000__Lj12p0nH_Cj2p0fF__roL8p5mm__tee_fl160um_fc12_cg1p2um__rpg1p4um,4.72789217151,6.02697172035,6.188374780282974,236.31888715968915,5.7728279248915735,6,chip_simple_dxm5p455_dy2p727__Lj12p0nH_Cj2p0fF__roL8p5mm__tee_fl160um_fc12_cg1p2um__rpg1p4um,4.71638631695,6.04240059633,6.065049773584366,238.98986735764416,5.770011812343904,0.00027503997990125913,0.011505854559999307,0.015428875980000534,0.12332500669860824,2.6709801979550036,0.002816112547669114
SQuADDS_MultiTarget,83,chip_simple_dxm8p182_dy10p000__Lj12p0nH_Cj2p0fF__roL8p5mm__tee_fl160um_fc12_cg1p2um__rpg1p4um,4.72789217151,6.02697172035,6.188374780282974,236.31888715968915,5.7728279248915735,7,chip_simple_dxm5p455_dym1p818__Lj12p0nH_Cj2p0fF__roL8p5mm__tee_fl160um_fc12_cg1p2um__rpg1p4um,4.75999782134,6.06096972586,6.083840508966445,233.18069262989704,5.818607968498037,0.0003402215604622967,0.03210564983000008,0.033998005509999984,0.10453427131652848,3.1381945297921163,0.04578004360646393
SQuADDS_MultiTarget,83,chip_simple_dxm8p182_dy10p000__Lj12p0nH_Cj2p0fF__roL8p5mm__tee_fl160um_fc12_cg1p2um__rpg1p4um,4.72789217151,6.02697172035,6.188374780282974,236.31888715968915,5.7728279248915735,8,chip_simple_dx5p455_dy8p182__Lj12p0nH_Cj2p0fF__roL8p5mm__tee_fl160um_fc12_cg1p2um__rpg1p4um,4.74855405086,6.03321750387,6.352321427940368,236.0766933371285,5.795288526783467,0.00037919788853601257,0.02066187935000041,0.006245783520000714,0.16394664765739453,0.24219382256066524,0.02246060189189336
SQuADDS_MultiTarget,83,chip_simple_dxm8p182_dy10p000__Lj12p0nH_Cj2p0fF__roL8p5mm__tee_fl160um_fc12_cg1p2um__rpg1p4um,4.72789217151,6.02697172035,6.188374780282974,236.31888715968915,5.7728279248915735,9,chip_simple_dx3p636_dy10p000__Lj12p0nH_Cj2p0fF__roL8p5mm__tee_fl160um_fc12_cg1p2um__rpg1p4um,4.75276132751,6.0254162175,6.153329925121307,230.03465147640503,5.771482613463284,0.00039736938144520253,0.02486915600000028,0.0015555028499996126,0.03504485516166689,6.284235683284123,0.0013453114282890866
SQuADDS_MultiTarget,83,chip_simple_dxm8p182_dy10p000__Lj12p0nH_Cj2p0fF__roL8p5mm__tee_fl160um_fc12_cg1p2um__rpg1p4um,4.72789217151,6.02697172035,6.188374780282974,236.31888715968915,5.7728279248915735,10,chip_simple_dx0p000_dy5p455__Lj12p0nH_Cj2p0fF__roL8p5mm__tee_fl160um_fc12_cg1p2um__rpg1p4um,4.71422601792,6.04446957881,6.030727920024871,239.0603629876928,5.790300833858292,0.00041313303959888883,0.013666153590000008,0.017497858460000515,0.1576468602581027,2.7414758280036438,0.017472908966718492
SQuADDS_MultiTarget,84,chip_simple_dxm7p273_dym10p000__Lj12p0nH_Cj2p0fF__roL8p5mm__tee_fl160um_fc12_cg1p2um__rpg1p4um,4.7126813443,6.13908473444,5.581218069385528,245.41483597333,5.892340005717795,1,chip_simple_dxm4p545_dy5p455__Lj12p0nH_Cj2p0fF__roL8p5mm__tee_fl160um_fc12_cg1p2um__rpg1p4um,4.71582269895,6.12400360673,5.595842418161392,242.67790535088983,5.858169998149668,8.891301871134273e-05,0.0031413546500003164,0.015081127710000253,0.014624348775863716,2.736930622440184,0.03417000756812705
SQuADDS_MultiTarget,84,chip_simple_dxm7p273_dym10p000__Lj12p0nH_Cj2p0fF__roL8p5mm__tee_fl160um_fc12_cg1p2um__rpg1p4um,4.7126813443,6.13908473444,5.581218069385528,245.41483597333,5.892340005717795,2,chip_simple_dx1p818_dy9p091__Lj12p0nH_Cj2p0fF__roL8p5mm__tee_fl160um_fc12_cg1p2um__rpg1p4um,4.69496856783,6.12283227216,5.541488399610519,245.5961565570783,5.835966686470624,9.251020280671721e-05,0.017712776469999802,0.01625246227999977,0.039729669775009135,0.1813205837482883,0.056373319247170706
SQuADDS_MultiTarget,84,chip_simple_dxm7p273_dym10p000__Lj12p0nH_Cj2p0fF__roL8p5mm__tee_fl160um_fc12_cg1p2um__rpg1p4um,4.7126813443,6.13908473444,5.581218069385528,245.41483597333,5.892340005717795,3,chip_simple_dx1p818_dym3p636__Lj12p0nH_Cj2p0fF__roL8p5mm__tee_fl160um_fc12_cg1p2um__rpg1p4um,4.7002658343,6.11919403433,5.529006472345352,243.631041324958,5.866922254374302,9.691447960820023e-05,0.012415510000000296,0.019890700109999493,0.052211597040176194,1.7837946483720089,0.025417751343493222
SQuADDS_MultiTarget,84,chip_simple_dxm7p273_dym10p000__Lj12p0nH_Cj2p0fF__roL8p5mm__tee_fl160um_fc12_cg1p2um__rpg1p4um,4.7126813443,6.13908473444,5.581218069385528,245.41483597333,5.892340005717795,4,chip_simple_dxm9p091_dy8p182__Lj12p0nH_Cj2p0fF__roL8p5mm__tee_fl160um_fc12_cg1p2um__rpg1p4um,4.73445099138,6.15478155079,5.603587422172546,243.7500148862952,5.951852940269059,0.00010992292899229253,0.021769647080000176,0.015696816350000198,0.022369352787017682,1.6648210870348237,0.05951293455126372
SQuADDS_MultiTarget,84,chip_simple_dxm7p273_dym10p000__Lj12p0nH_Cj2p0fF__roL8p5mm__tee_fl160um_fc12_cg1p2um__rpg1p4um,4.7126813443,6.13908473444,5.581218069385528,245.41483597333,5.892340005717795,5,chip_simple_dxm8p182_dy1p818__Lj12p0nH_Cj2p0fF__roL8p5mm__tee_fl160um_fc12_cg1p2um__rpg1p4um,4.71664457901,6.13034053841,5.655800553245544,244.77506405259857,5.930245532265892,0.00011611230502034037,0.003963234709999597,0.008744196030000317,0.07458248386001554,0.6397719207314481,0.03790552654809698
SQuADDS_MultiTarget,84,chip_simple_dxm7p273_dym10p000__Lj12p0nH_Cj2p0fF__roL8p5mm__tee_fl160um_fc12_cg1p2um__rpg1p4um,4.7126813443,6.13908473444,5.581218069385528,245.41483597333,5.892340005717795,6,chip_simple_dx0p909_dym9p091__Lj12p0nH_Cj2p0fF__roL8p5mm__tee_fl160um_fc12_cg1p2um__rpg1p4um,4.73292662921,6.13968220021,5.629279759424209,242.34971323214788,5.904117804172508,0.0001355340294002939,0.02024528490999966,0.000597465770000305,0.04806169003868099,3.0651227411821367,0.011777798454713384
SQuADDS_MultiTarget,84,chip_simple_dxm7p273_dym10p000__Lj12p0nH_Cj2p0fF__roL8p5mm__tee_fl160um_fc12_cg1p2um__rpg1p4um,4.7126813443,6.13908473444,5.581218069385528,245.41483597333,5.892340005717795,7,chip_simple_dxm5p455_dym2p727__Lj12p0nH_Cj2p0fF__roL8p5mm__tee_fl160um_fc12_cg1p2um__rpg1p4um,4.74191288272,6.16037786476,5.586993185428619,242.8607467730461,5.939829633011445,0.00013767294180204743,0.02923153842000037,0.02129313032000013,0.005775116043090556,2.5540892002839257,0.04748962729364958
SQuADDS_MultiTarget,84,chip_simple_dxm7p273_dym10p000__Lj12p0nH_Cj2p0fF__roL8p5mm__tee_fl160um_fc12_cg1p2um__rpg1p4um,4.7126813443,6.13908473444,5.581218069385528,245.41483597333,5.892340005717795,8,chip_simple_dx0p000_dy0p909__Lj12p0nH_Cj2p0fF__roL8p5mm__tee_fl160um_fc12_cg1p2um__rpg1p4um,4.68215096405,6.11863032652,5.590753493589401,248.75377030497208,5.855858620656638,0.0001662474287260642,0.0305303802500001,0.020454407919999973,0.009535424203872545,3.338934331642065,0.03648138506115739
SQuADDS_MultiTarget,84,chip_simple_dxm7p273_dym10p000__Lj12p0nH_Cj2p0fF__roL8p5mm__tee_fl160um_fc12_cg1p2um__rpg1p4um,4.7126813443,6.13908473444,5.581218069385528,245.41483597333,5.892340005717795,9,chip_simple_dx3p636_dy1p818__Lj12p0nH_Cj2p0fF__roL8p5mm__tee_fl160um_fc12_cg1p2um__rpg1p4um,4.70410383857,6.10458585083,5.567014398902892,241.3514256786174,5.861681512957739,0.00018873880980540796,0.008577505729999935,0.03449888360999953,0.014203670482635822,4.063410294712611,0.030658492760055722
SQuADDS_MultiTarget,84,chip_simple_dxm7p273_dym10p000__Lj12p0nH_Cj2p0fF__roL8p5mm__tee_fl160um_fc12_cg1p2um__rpg1p4um,4.7126813443,6.13908473444,5.581218069385528,245.41483597333,5.892340005717795,10,chip_simple_dxm2p727_dy3p636__Lj12p0nH_Cj2p0fF__roL8p5mm__tee_fl160um_fc12_cg1p2um__rpg1p4um,4.72771327144,6.17379279793,5.623312453847885,248.72072138405872,5.943747599398507,0.00019936630004003736,0.015031927139999901,0.03470806349000011,0.04209438446235669,3.305885410728706,0.051407593680711905
SQuADDS_MultiTarget,85,chip_simple_dxm7p273_dy3p636__Lj12p0nH_Cj2p0fF__roL8p5mm__tee_fl160um_fc12_cg1p2um__rpg1p4um,4.74239033124,6.19637507253,5.681721828037261,250.6248885555281,5.991999899644134,1,chip_simple_dx2p727_dy2p727__Lj12p0nH_Cj2p0fF__roL8p5mm__tee_fl160um_fc12_cg1p2um__rpg1p4um,4.73128014823,6.18706920741,5.709969924663543,252.0300867867861,5.997949180219245,3.6313925846217024e-05,0.01111018301000044,0.009305865119999979,0.02824809662628258,1.405198231257998,0.005949280575110905
SQuADDS_MultiTarget,85,chip_simple_dxm7p273_dy3p636__Lj12p0nH_Cj2p0fF__roL8p5mm__tee_fl160um_fc12_cg1p2um__rpg1p4um,4.74239033124,6.19637507253,5.681721828037261,250.6248885555281,5.991999899644134,2,chip_simple_dxm8p182_dym4p545__Lj12p0nH_Cj2p0fF__roL8p5mm__tee_fl160um_fc12_cg1p2um__rpg1p4um,4.73043071526,6.17100144044,5.767042214794159,250.8990176723497,5.986730956844874,0.00013686264989544968,0.011959615980000393,0.025373632089999987,0.08532038675689879,0.274129116821598,0.005268942799260046
SQuADDS_MultiTarget,85,chip_simple_dxm7p273_dy3p636__Lj12p0nH_Cj2p0fF__roL8p5mm__tee_fl160um_fc12_cg1p2um__rpg1p4um,4.74239033124,6.19637507253,5.681721828037261,250.6248885555281,5.991999899644134,3,chip_simple_dxm2p727_dy3p636__Lj12p0nH_Cj2p0fF__roL8p5mm__tee_fl160um_fc12_cg1p2um__rpg1p4um,4.72771327144,6.17379279793,5.623312453847885,248.72072138405872,5.943747599398507,0.00013698763508583747,0.014677059800000336,0.022582274600000396,0.05840937418937564,1.9041671714693678,0.04825230024562721
SQuADDS_MultiTarget,85,chip_simple_dxm7p273_dy3p636__Lj12p0nH_Cj2p0fF__roL8p5mm__tee_fl160um_fc12_cg1p2um__rpg1p4um,4.74239033124,6.19637507253,5.681721828037261,250.6248885555281,5.991999899644134,4,chip_simple_dxm3p636_dy4p545__Lj12p0nH_Cj2p0fF__roL8p5mm__tee_fl160um_fc12_cg1p2um__rpg1p4um,4.71363061095,6.14572418614,5.668436658781052,248.2621666113731,5.949051840746841,0.00017645355171410094,0.028759720290000068,0.05065088639000059,0.013285169256208818,2.3627219441549983,0.04294805889729325
SQuADDS_MultiTarget,85,chip_simple_dxm7p273_dy3p636__Lj12p0nH_Cj2p0fF__roL8p5mm__tee_fl160um_fc12_cg1p2um__rpg1p4um,4.74239033124,6.19637507253,5.681721828037261,250.6248885555281,5.991999899644134,5,chip_simple_dxm7p273_dym5p455__Lj12p0nH_Cj2p0fF__roL8p5mm__tee_fl160um_fc12_cg1p2um__rpg1p4um,4.73184455751,6.20479563684,5.572578645385742,251.6877216406616,6.007676605765333,0.00020370898984314452,0.01054577373000054,0.008420564309999712,0.10914318265151834,1.0628330851335193,0.01567670612119887
SQuADDS_MultiTarget,85,chip_simple_dxm7p273_dy3p636__Lj12p0nH_Cj2p0fF__roL8p5mm__tee_fl160um_fc12_cg1p2um__rpg1p4um,4.74239033124,6.19637507253,5.681721828037261,250.6248885555281,5.991999899644134,6,chip_simple_dx7p273_dym10p000__Lj12p0nH_Cj2p0fF__roL8p5mm__tee_fl160um_fc12_cg1p2um__rpg1p4um,4.71410593197,6.1449710615,5.722861017044068,249.15509170209992,5.909600201967471,0.0002423550382983256,0.02828439927000037,0.051404011030000696,0.0411391890068078,1.4697968534281642,0.08239969767666278
SQuADDS_MultiTarget,85,chip_simple_dxm7p273_dy3p636__Lj12p0nH_Cj2p0fF__roL8p5mm__tee_fl160um_fc12_cg1p2um__rpg1p4um,4.74239033124,6.19637507253,5.681721828037261,250.6248885555281,5.991999899644134,7,chip_simple_dxm2p727_dy0p000__Lj12p0nH_Cj2p0fF__roL8p5mm__tee_fl160um_fc12_cg1p2um__rpg1p4um,4.70946736854,6.17220265584,5.747707520002365,255.1766850154424,5.971067509373771,0.0003018793396662068,0.032922962699999836,0.02417241669000081,0.06598569196510429,4.5517964599143,0.020932390270362866
SQuADDS_MultiTarget,85,chip_simple_dxm7p273_dy3p636__Lj12p0nH_Cj2p0fF__roL8p5mm__tee_fl160um_fc12_cg1p2um__rpg1p4um,4.74239033124,6.19637507253,5.681721828037261,250.6248885555281,5.991999899644134,8,chip_simple_dx9p091_dym4p545__Lj12p0nH_Cj2p0fF__roL8p5mm__tee_fl160um_fc12_cg1p2um__rpg1p4um,4.74298968952,6.21595359683,5.546431172784805,250.5823135991841,6.029204485292758,0.00031278522251400776,0.0005993582799996844,0.019578524299999955,0.13529065525245532,0.04257495634399788,0.037204585648623834
SQuADDS_MultiTarget,85,chip_simple_dxm7p273_dy3p636__Lj12p0nH_Cj2p0fF__roL8p5mm__tee_fl160um_fc12_cg1p2um__rpg1p4um,4.74239033124,6.19637507253,5.681721828037261,250.6248885555281,5.991999899644134,9,chip_simple_dxm9p091_dy4p545__Lj12p0nH_Cj2p0fF__roL8p5mm__tee_fl160um_fc12_cg1p2um__rpg1p4um,4.70020646758,6.16959521458,5.58720127576828,253.10207266424865,5.941758744245985,0.0003201758693399304,0.04218386366000004,0.026779857950000263,0.09452055226898093,2.4771841087205644,0.05024115539814922
SQuADDS_MultiTarget,85,chip_simple_dxm7p273_dy3p636__Lj12p0nH_Cj2p0fF__roL8p5mm__tee_fl160um_fc12_cg1p2um__rpg1p4um,4.74239033124,6.19637507253,5.681721828037261,250.6248885555281,5.991999899644134,10,chip_simple_dx1p818_dym6p364__Lj12p0nH_Cj2p0fF__roL8p5mm__tee_fl160um_fc12_cg1p2um__rpg1p4um,4.69578457731,6.12169403881,5.701926778303146,248.8868694113445,5.9202374263109245,0.00034392434451401455,0.04660575392999977,0.07468103372000012,0.020204950265885202,1.7380191441835962,0.07176247333320962
SQuADDS_MultiTarget,86,chip_simple_dxm5p455_dy10p000__Lj12p0nH_Cj2p0fF__roL8p5mm__tee_fl160um_fc12_cg1p2um__rpg1p4um,4.75382768337,6.07114357609,5.742745215496063,229.3685246164135,5.84654579468076,1,chip_simple_dx5p455_dym9p091__Lj12p0nH_Cj2p0fF__roL8p5mm__tee_fl160um_fc12_cg1p2um__rpg1p4um,4.74946000079,6.06973702281,5.756615043542862,230.21871320620863,5.823921246974269,1.8171415089172662e-05,0.004367682579999865,0.0014065532799998337,0.013869828046798816,0.850188589795124,0.02262454770649125
SQuADDS_MultiTarget,86,chip_simple_dxm5p455_dy10p000__Lj12p0nH_Cj2p0fF__roL8p5mm__tee_fl160um_fc12_cg1p2um__rpg1p4um,4.75382768337,6.07114357609,5.742745215496063,229.3685246164135,5.84654579468076,2,chip_simple_dx7p273_dym2p727__Lj12p0nH_Cj2p0fF__roL8p5mm__tee_fl160um_fc12_cg1p2um__rpg1p4um,4.75484668771,6.06921513477,5.718313435150146,228.27848180607165,5.844076080583877,2.0578392473603044e-05,0.0010190043399997961,0.0019284413199995853,0.024431780345916643,1.0900428103418562,0.0024697140968834574
SQuADDS_MultiTarget,86,chip_simple_dxm5p455_dy10p000__Lj12p0nH_Cj2p0fF__roL8p5mm__tee_fl160um_fc12_cg1p2um__rpg1p4um,4.75382768337,6.07114357609,5.742745215496063,229.3685246164135,5.84654579468076,3,chip_simple_dx6p364_dy2p727__Lj12p0nH_Cj2p0fF__roL8p5mm__tee_fl160um_fc12_cg1p2um__rpg1p4um,4.75293196551,6.07708289994,5.740933858938217,230.41754424422072,5.810778700049102,3.02135903023524e-05,0.0008957178599997562,0.005939323849999845,0.0018113565578463664,1.049019627807212,0.03576709463165795
SQuADDS_MultiTarget,86,chip_simple_dxm5p455_dy10p000__Lj12p0nH_Cj2p0fF__roL8p5mm__tee_fl160um_fc12_cg1p2um__rpg1p4um,4.75382768337,6.07114357609,5.742745215496063,229.3685246164135,5.84654579468076,4,chip_simple_dx0p909_dym7p273__Lj12p0nH_Cj2p0fF__roL8p5mm__tee_fl160um_fc12_cg1p2um__rpg1p4um,4.7614879753,6.08901350731,5.709311675077438,229.9700636116568,5.849530220387646,3.1776695841664855e-05,0.00766029192999973,0.017869931219999913,0.03343354041862501,0.6015389952432884,0.0029844257068853963
SQuADDS_MultiTarget,86,chip_simple_dxm5p455_dy10p000__Lj12p0nH_Cj2p0fF__roL8p5mm__tee_fl160um_fc12_cg1p2um__rpg1p4um,4.75382768337,6.07114357609,5.742745215496063,229.3685246164135,5.84654579468076,5,chip_simple_dx8p182_dym7p273__Lj12p0nH_Cj2p0fF__roL8p5mm__tee_fl160um_fc12_cg1p2um__rpg1p4um,4.75453402814,6.05826619394,5.752804228256226,227.26530590646345,5.792570418204838,9.07109570684589e-05,0.0007063447700002001,0.012877382150000116,0.010059012760162744,2.103218709950056,0.05397537647592188
SQuADDS_MultiTarget,86,chip_simple_dxm5p455_dy10p000__Lj12p0nH_Cj2p0fF__roL8p5mm__tee_fl160um_fc12_cg1p2um__rpg1p4um,4.75382768337,6.07114357609,5.742745215496063,229.3685246164135,5.84654579468076,6,chip_simple_dxm5p455_dy7p273__Lj12p0nH_Cj2p0fF__roL8p5mm__tee_fl160um_fc12_cg1p2um__rpg1p4um,4.7550557353,6.0689882308,5.697021401802063,227.79860249670247,5.765618099955324,0.00015111349041020504,0.0012280519300000847,0.0021553452900002767,0.045723813693999915,1.5699221197110376,0.08092769472543626
SQuADDS_MultiTarget,86,chip_simple_dxm5p455_dy10p000__Lj12p0nH_Cj2p0fF__roL8p5mm__tee_fl160um_fc12_cg1p2um__rpg1p4um,4.75382768337,6.07114357609,5.742745215496063,229.3685246164135,5.84654579468076,7,chip_simple_dx8p182_dym4p545__Lj12p0nH_Cj2p0fF__roL8p5mm__tee_fl160um_fc12_cg1p2um__rpg1p4um,4.71494974134,6.02611343627,5.731930271121978,229.83680963166307,5.802565180291682,0.00015404801486670108,0.03887794203000006,0.045030139819999704,0.01081494437408459,0.46828501524956323,0.04398061438907863
SQuADDS_MultiTarget,86,chip_simple_dxm5p455_dy10p000__Lj12p0nH_Cj2p0fF__roL8p5mm__tee_fl160um_fc12_cg1p2um__rpg1p4um,4.75382768337,6.07114357609,5.742745215496063,229.3685246164135,5.84654579468076,8,chip_simple_dx4p545_dym1p818__Lj12p0nH_Cj2p0fF__roL8p5mm__tee_fl160um_fc12_cg1p2um__rpg1p4um,4.77043428555,6.06656372184,5.827226363866806,226.8679871164151,5.872516883392111,0.0001902693155565165,0.01660660218000043,0.0045798542500001815,0.08448114837074261,2.5005374999984156,0.025971088711350454
SQuADDS_MultiTarget,86,chip_simple_dxm5p455_dy10p000__Lj12p0nH_Cj2p0fF__roL8p5mm__tee_fl160um_fc12_cg1p2um__rpg1p4um,4.75382768337,6.07114357609,5.742745215496063,229.3685246164135,5.84654579468076,9,chip_simple_dx0p000_dym6p364__Lj12p0nH_Cj2p0fF__roL8p5mm__tee_fl160um_fc12_cg1p2um__rpg1p4um,4.74288579894,6.03308089793,5.782055475780487,226.2307596859305,5.794067523813237,0.00020188732223592548,0.010941884430000215,0.038062678160000196,0.03931026028442375,3.1377649304830015,0.05247827086752288
SQuADDS_MultiTarget,86,chip_simple_dxm5p455_dy10p000__Lj12p0nH_Cj2p0fF__roL8p5mm__tee_fl160um_fc12_cg1p2um__rpg1p4um,4.75382768337,6.07114357609,5.742745215496063,229.3685246164135,5.84654579468076,10,chip_simple_dxm10p000_dym9p091__Lj12p0nH_Cj2p0fF__roL8p5mm__tee_fl160um_fc12_cg1p2um__rpg1p4um,4.7754619206,6.09514600369,5.6564125673236845,226.9561488182661,5.83519743876857,0.0002065341812705629,0.021634237229999798,0.024002427600000154,0.08633264817237851,2.4123757981474228,0.0113483559121903
SQuADDS_MultiTarget,87,chip_simple_dxm4p545_dy3p636__Lj12p0nH_Cj2p0fF__roL8p5mm__tee_fl160um_fc12_cg1p2um__rpg1p4um,4.75468111361,6.06015537266,5.269286218986511,217.6085822265456,5.73890366119554,1,chip_simple_dx6p364_dym5p455__Lj12p0nH_Cj2p0fF__roL8p5mm__tee_fl160um_fc12_cg1p2um__rpg1p4um,4.75078715707,6.03628209085,5.3055558983383175,215.55523015902745,5.731041446609096,8.533622492150367e-05,0.003893956539999799,0.02387328180999937,0.036269679351806694,2.053352067518148,0.007862214586443983
SQuADDS_MultiTarget,87,chip_simple_dxm4p545_dy3p636__Lj12p0nH_Cj2p0fF__roL8p5mm__tee_fl160um_fc12_cg1p2um__rpg1p4um,4.75468111361,6.06015537266,5.269286218986511,217.6085822265456,5.73890366119554,2,chip_simple_dxm10p000_dy10p000__Lj12p0nH_Cj2p0fF__roL8p5mm__tee_fl160um_fc12_cg1p2um__rpg1p4um,4.76420948131,6.07980929074,5.262032916395187,218.6923729557343,5.806839983012462,9.795127628393013e-05,0.009528367699999762,0.019653918080000388,0.007253302591323951,1.0837907291887063,0.067936321816922
SQuADDS_MultiTarget,87,chip_simple_dxm4p545_dy3p636__Lj12p0nH_Cj2p0fF__roL8p5mm__tee_fl160um_fc12_cg1p2um__rpg1p4um,4.75468111361,6.06015537266,5.269286218986511,217.6085822265456,5.73890366119554,3,chip_simple_dx3p636_dym9p091__Lj12p0nH_Cj2p0fF__roL8p5mm__tee_fl160um_fc12_cg1p2um__rpg1p4um,4.74762783623,6.02799146582,5.311174287874222,214.95375549931185,5.736266000675814,0.00013649232762117029,0.007053277379999834,0.032163906840000145,0.041888068887710794,2.65482672723374,0.002637660519726026
SQuADDS_MultiTarget,87,chip_simple_dxm4p545_dy3p636__Lj12p0nH_Cj2p0fF__roL8p5mm__tee_fl160um_fc12_cg1p2um__rpg1p4um,4.75468111361,6.06015537266,5.269286218986511,217.6085822265456,5.73890366119554,4,chip_simple_dxm0p909_dy8p182__Lj12p0nH_Cj2p0fF__roL8p5mm__tee_fl160um_fc12_cg1p2um__rpg1p4um,4.76253327326,6.09281262101,5.302599734979629,221.8855650743731,5.804085218059851,0.00030940164269578966,0.007852159649999635,0.0326572483500005,0.03331351599311816,4.276982847827497,0.06518155686431104
SQuADDS_MultiTarget,87,chip_simple_dxm4p545_dy3p636__Lj12p0nH_Cj2p0fF__roL8p5mm__tee_fl160um_fc12_cg1p2um__rpg1p4um,4.75468111361,6.06015537266,5.269286218986511,217.6085822265456,5.73890366119554,5,chip_simple_dxm7p273_dy4p545__Lj12p0nH_Cj2p0fF__roL8p5mm__tee_fl160um_fc12_cg1p2um__rpg1p4um,4.74478453553,6.05547649219,5.373042161886215,221.0804417671074,5.791354520716529,0.00036783057005677775,0.009896578080000218,0.004678880469999314,0.10375594289970458,3.471859540561809,0.052450859520988935
SQuADDS_MultiTarget,87,chip_simple_dxm4p545_dy3p636__Lj12p0nH_Cj2p0fF__roL8p5mm__tee_fl160um_fc12_cg1p2um__rpg1p4um,4.75468111361,6.06015537266,5.269286218986511,217.6085822265456,5.73890366119554,6,chip_simple_dx3p636_dym2p727__Lj12p0nH_Cj2p0fF__roL8p5mm__tee_fl160um_fc12_cg1p2um__rpg1p4um,4.78139468148,6.06132052905,5.243374503707885,212.1371321798882,5.765522293104982,0.000370549583838456,0.0267135678699999,0.0011651563899999218,0.025911715278625458,5.471450046657395,0.026618631909442136
SQuADDS_MultiTarget,87,chip_simple_dxm4p545_dy3p636__Lj12p0nH_Cj2p0fF__roL8p5mm__tee_fl160um_fc12_cg1p2um__rpg1p4um,4.75468111361,6.06015537266,5.269286218986511,217.6085822265456,5.73890366119554,7,chip_simple_dx10p000_dym5p455__Lj12p0nH_Cj2p0fF__roL8p5mm__tee_fl160um_fc12_cg1p2um__rpg1p4um,4.78348404036,6.07595430882,5.212648472454071,213.32573538357212,5.832765407268815,0.000428688218798514,0.02880292675000007,0.015798936160000387,0.05663774653243969,4.28284684297347,0.09386174607327558
SQuADDS_MultiTarget,87,chip_simple_dxm4p545_dy3p636__Lj12p0nH_Cj2p0fF__roL8p5mm__tee_fl160um_fc12_cg1p2um__rpg1p4um,4.75468111361,6.06015537266,5.269286218986511,217.6085822265456,5.73890366119554,8,chip_simple_dx0p000_dym7p273__Lj12p0nH_Cj2p0fF__roL8p5mm__tee_fl160um_fc12_cg1p2um__rpg1p4um,4.77705046101,6.10812065882,5.159243787857055,218.32852182588368,5.871090142169181,0.0005735862639795888,0.02236934739999974,0.047965286160000176,0.11004243112945566,0.7199395993380904,0.13218648097364127
SQuADDS_MultiTarget,87,chip_simple_dxm4p545_dy3p636__Lj12p0nH_Cj2p0fF__roL8p5mm__tee_fl160um_fc12_cg1p2um__rpg1p4um,4.75468111361,6.06015537266,5.269286218986511,217.6085822265456,5.73890366119554,9,chip_simple_dx5p455_dy5p455__Lj12p0nH_Cj2p0fF__roL8p5mm__tee_fl160um_fc12_cg1p2um__rpg1p4um,4.79166371185,6.05484777073,5.335296250137329,211.0122938310696,5.777759592215692,0.0006220818660178125,0.03698259823999983,0.00530760192999935,0.06601003115081827,6.5962883954759945,0.03885593102015239
SQuADDS_MultiTarget,87,chip_simple_dxm4p545_dy3p636__Lj12p0nH_Cj2p0fF__roL8p5mm__tee_fl160um_fc12_cg1p2um__rpg1p4um,4.75468111361,6.06015537266,5.269286218986511,217.6085822265456,5.73890366119554,10,chip_simple_dx0p909_dy4p545__Lj12p0nH_Cj2p0fF__roL8p5mm__tee_fl160um_fc12_cg1p2um__rpg1p4um,4.76476123819,6.01779585812,5.4063290720748896,211.87633532782385,5.7317404606293385,0.000739286461906147,0.01008012457999996,0.04235951453999931,0.1370428530883787,5.7322468987217405,0.007163200566201233
SQuADDS_MultiTarget,88,chip_simple_dxm4p545_dy8p182__Lj12p0nH_Cj2p0fF__roL8p5mm__tee_fl160um_fc12_cg1p2um__rpg1p4um,4.67322344557,5.98395316967,6.190873927841186,240.9406241300008,5.72043645068073,1,chip_simple_dxm2p000_dym2p000__Lj12p0nH_Cj2p0fF__roL8p5mm__tee_fl160um_fc12_cg1p2um__rpg1p4um,4.66750846399,5.99576429238,6.200288068849563,244.5650742862331,5.692685446377873,0.00013145939187601455,0.005714981579999723,0.011811122709999289,0.009414141008377008,3.6244501562323137,0.02775100430285704
SQuADDS_MultiTarget,88,chip_simple_dxm4p545_dy8p182__Lj12p0nH_Cj2p0fF__roL8p5mm__tee_fl160um_fc12_cg1p2um__rpg1p4um,4.67322344557,5.98395316967,6.190873927841186,240.9406241300008,5.72043645068073,2,chip_simple_dxm2p000_dym2p000__Lj12p0nH_Cj2p0fF__roL8p5mm__tee_fl160um_fc12_cg1p2um__rpg1p4um,4.66750846399,5.99576429238,6.200288068849563,244.5650742862331,5.69268544637786,0.00013145939187602585,0.005714981579999723,0.011811122709999289,0.009414141008377008,3.6244501562323137,0.027751004302870363
SQuADDS_MultiTarget,88,chip_simple_dxm4p545_dy8p182__Lj12p0nH_Cj2p0fF__roL8p5mm__tee_fl160um_fc12_cg1p2um__rpg1p4um,4.67322344557,5.98395316967,6.190873927841186,240.9406241300008,5.72043645068073,3,chip_simple_dxm8p182_dy8p182__Lj12p0nH_Cj2p0fF__roL8p5mm__tee_fl160um_fc12_cg1p2um__rpg1p4um,4.69817066512,6.00885580001,6.295239226005554,241.8291948786944,5.700576278405732,0.0002007383535295051,0.024947219550000455,0.024902630339999732,0.10436529816436835,0.8885707486936099,0.019860172274998256
SQuADDS_MultiTarget,88,chip_simple_dxm4p545_dy8p182__Lj12p0nH_Cj2p0fF__roL8p5mm__tee_fl160um_fc12_cg1p2um__rpg1p4um,4.67322344557,5.98395316967,6.190873927841186,240.9406241300008,5.72043645068073,4,chip_simple_dx7p273_dym5p455__Lj12p0nH_Cj2p0fF__roL8p5mm__tee_fl160um_fc12_cg1p2um__rpg1p4um,4.68956975271,6.00915982967,6.033120924316406,238.5769642035002,5.707892283474967,0.00040515732827806327,0.01634630714000007,0.02520665999999938,0.15775300352478006,2.3636599265005884,0.012544167205763124
SQuADDS_MultiTarget,88,chip_simple_dxm4p545_dy8p182__Lj12p0nH_Cj2p0fF__roL8p5mm__tee_fl160um_fc12_cg1p2um__rpg1p4um,4.67322344557,5.98395316967,6.190873927841186,240.9406241300008,5.72043645068073,5,chip_simple_dx7p273_dym9p091__Lj12p0nH_Cj2p0fF__roL8p5mm__tee_fl160um_fc12_cg1p2um__rpg1p4um,4.6928216438,6.0417170803,6.165310552288055,246.04724963381204,5.790205003998438,0.0004182754379493777,0.01959819823000064,0.057763910629999415,0.025563375553130818,5.1066255038112445,0.06976855331770793
SQuADDS_MultiTarget,88,chip_simple_dxm4p545_dy8p182__Lj12p0nH_Cj2p0fF__roL8p5mm__tee_fl160um_fc12_cg1p2um__rpg1p4um,4.67322344557,5.98395316967,6.190873927841186,240.9406241300008,5.72043645068073,6,chip_simple_dx6p364_dym4p545__Lj12p0nH_Cj2p0fF__roL8p5mm__tee_fl160um_fc12_cg1p2um__rpg1p4um,4.70542995999,5.98920452189,6.345821467342376,237.78954520480733,5.738142979039027,0.00045178635429562883,0.03220651442000033,0.0052513522199992835,0.15494753950119033,3.151078925193474,0.017706528358296225
SQuADDS_MultiTarget,88,chip_simple_dxm4p545_dy8p182__Lj12p0nH_Cj2p0fF__roL8p5mm__tee_fl160um_fc12_cg1p2um__rpg1p4um,4.67322344557,5.98395316967,6.190873927841186,240.9406241300008,5.72043645068073,7,chip_simple_dx6p364_dy0p000__Lj12p0nH_Cj2p0fF__roL8p5mm__tee_fl160um_fc12_cg1p2um__rpg1p4um,4.72795173232,6.02599393944,6.214404765487671,236.6306190453716,5.800547756468861,0.00045178692415766367,0.05472828675000052,0.04204076976999982,0.02353083764648467,4.310005084629211,0.08011130578813042
SQuADDS_MultiTarget,88,chip_simple_dxm4p545_dy8p182__Lj12p0nH_Cj2p0fF__roL8p5mm__tee_fl160um_fc12_cg1p2um__rpg1p4um,4.67322344557,5.98395316967,6.190873927841186,240.9406241300008,5.72043645068073,8,chip_simple_dxm5p455_dy2p727__Lj12p0nH_Cj2p0fF__roL8p5mm__tee_fl160um_fc12_cg1p2um__rpg1p4um,4.71638631695,6.04240059633,6.065049773584366,238.98986735764416,5.770011812343904,0.000457573032625664,0.043162871380000745,0.05844742665999991,0.12582415425682036,1.950756772356641,0.049575361663174
SQuADDS_MultiTarget,88,chip_simple_dxm4p545_dy8p182__Lj12p0nH_Cj2p0fF__roL8p5mm__tee_fl160um_fc12_cg1p2um__rpg1p4um,4.67322344557,5.98395316967,6.190873927841186,240.9406241300008,5.72043645068073,9,chip_simple_dx2p727_dy9p091__Lj12p0nH_Cj2p0fF__roL8p5mm__tee_fl160um_fc12_cg1p2um__rpg1p4um,4.66405896257,5.9877620988,6.321251501457214,246.19094484973783,5.715712771067524,0.00046376842937211635,0.00916448299999928,0.0038089291299998607,0.13037757361602775,5.250320719737033,0.004723679613205967
SQuADDS_MultiTarget,88,chip_simple_dxm4p545_dy8p182__Lj12p0nH_Cj2p0fF__roL8p5mm__tee_fl160um_fc12_cg1p2um__rpg1p4um,4.67322344557,5.98395316967,6.190873927841186,240.9406241300008,5.72043645068073,10,chip_simple_dx4p545_dym0p909__Lj12p0nH_Cj2p0fF__roL8p5mm__tee_fl160um_fc12_cg1p2um__rpg1p4um,4.7255365678,6.0505170878,6.107614511497498,239.2497887649095,5.805207767962136,0.0004739079234393244,0.052313122230000175,0.06656391812999995,0.08325941634368839,1.6908353650912886,0.08477131728140552
SQuADDS_MultiTarget,89,chip_simple_dxm3p636_dym9p091__Lj12p0nH_Cj2p0fF__roL8p5mm__tee_fl160um_fc12_cg1p2um__rpg1p4um,4.6860923718,6.15572974559,5.265247003330231,246.28336462848563,5.931427421476935,1,chip_simple_dxm3p636_dy3p636__Lj12p0nH_Cj2p0fF__roL8p5mm__tee_fl160um_fc12_cg1p2um__rpg1p4um,4.72242714711,6.18673541231,5.336548379825592,245.26485810969444,5.972626156449373,0.00020985563096891349,0.03633477531000029,0.031005666719999603,0.07130137649536117,1.0185065187911846,0.0411987349724372
SQuADDS_MultiTarget,89,chip_simple_dxm3p636_dym9p091__Lj12p0nH_Cj2p0fF__roL8p5mm__tee_fl160um_fc12_cg1p2um__rpg1p4um,4.6860923718,6.15572974559,5.265247003330231,246.28336462848563,5.931427421476935,2,chip_simple_dxm10p000_dym6p364__Lj12p0nH_Cj2p0fF__roL8p5mm__tee_fl160um_fc12_cg1p2um__rpg1p4um,4.72003215394,6.21311585123,5.277381808307648,248.5653481614014,5.993540423418498,0.00023977512942858375,0.03393978214000004,0.05738610564000002,0.012134804977416813,2.281983532915774,0.06211300194156255
SQuADDS_MultiTarget,89,chip_simple_dxm3p636_dym9p091__Lj12p0nH_Cj2p0fF__roL8p5mm__tee_fl160um_fc12_cg1p2um__rpg1p4um,4.6860923718,6.15572974559,5.265247003330231,246.28336462848563,5.931427421476935,3,chip_simple_dx10p000_dym8p182__Lj12p0nH_Cj2p0fF__roL8p5mm__tee_fl160um_fc12_cg1p2um__rpg1p4um,4.7278291272,6.203667918,5.357714031663894,247.43915307278945,5.999006200112647,0.00037009591785521997,0.04173675539999966,0.047938172409999424,0.09246702833366349,1.1557884443038233,0.0675787786357116
SQuADDS_MultiTarget,89,chip_simple_dxm3p636_dym9p091__Lj12p0nH_Cj2p0fF__roL8p5mm__tee_fl160um_fc12_cg1p2um__rpg1p4um,4.6860923718,6.15572974559,5.265247003330231,246.28336462848563,5.931427421476935,4,chip_simple_dxm3p636_dy5p455__Lj12p0nH_Cj2p0fF__roL8p5mm__tee_fl160um_fc12_cg1p2um__rpg1p4um,4.73355235582,6.19906730127,5.355365528022766,245.4102411439443,6.010259557626816,0.0003932155573678888,0.047459984019999624,0.04333755567999997,0.09011852469253512,0.8731234845413383,0.07883213614988094
SQuADDS_MultiTarget,89,chip_simple_dxm3p636_dym9p091__Lj12p0nH_Cj2p0fF__roL8p5mm__tee_fl160um_fc12_cg1p2um__rpg1p4um,4.6860923718,6.15572974559,5.265247003330231,246.28336462848563,5.931427421476935,5,chip_simple_dxm1p818_dym2p727__Lj12p0nH_Cj2p0fF__roL8p5mm__tee_fl160um_fc12_cg1p2um__rpg1p4um,4.72848954954,6.17252809279,5.260969237106323,240.1187954409885,5.943850833343463,0.00040508697505629556,0.04239717773999985,0.016798347199999952,0.00427776622390752,6.164569187497136,0.012423411866527623
SQuADDS_MultiTarget,89,chip_simple_dxm3p636_dym9p091__Lj12p0nH_Cj2p0fF__roL8p5mm__tee_fl160um_fc12_cg1p2um__rpg1p4um,4.6860923718,6.15572974559,5.265247003330231,246.28336462848563,5.931427421476935,6,chip_simple_dxm6p364_dy2p727__Lj12p0nH_Cj2p0fF__roL8p5mm__tee_fl160um_fc12_cg1p2um__rpg1p4um,4.69381999507,6.14208387603,5.425729793823242,246.2806752541244,5.919433779171552,0.0004741818572509949,0.007727623270000095,0.013645869560000357,0.1604827904930115,0.002689374361239061,0.011993642305383467
SQuADDS_MultiTarget,89,chip_simple_dxm3p636_dym9p091__Lj12p0nH_Cj2p0fF__roL8p5mm__tee_fl160um_fc12_cg1p2um__rpg1p4um,4.6860923718,6.15572974559,5.265247003330231,246.28336462848563,5.931427421476935,7,chip_simple_dxm8p182_dym6p364__Lj12p0nH_Cj2p0fF__roL8p5mm__tee_fl160um_fc12_cg1p2um__rpg1p4um,4.74965194892,6.20869132521,5.27103725569725,241.6389530940361,6.043633765216636,0.0006153375755471046,0.06355957712000038,0.05296157961999981,0.005790252367019022,4.644411534449517,0.11220634373970029
SQuADDS_MultiTarget,89,chip_simple_dxm3p636_dym9p091__Lj12p0nH_Cj2p0fF__roL8p5mm__tee_fl160um_fc12_cg1p2um__rpg1p4um,4.6860923718,6.15572974559,5.265247003330231,246.28336462848563,5.931427421476935,8,chip_simple_dx4p545_dy7p273__Lj12p0nH_Cj2p0fF__roL8p5mm__tee_fl160um_fc12_cg1p2um__rpg1p4um,4.73077815544,6.15447000621,5.330749682794571,238.4649203761867,5.9255175601275605,0.0006727497869193339,0.04468578364000031,0.0012597393800000134,0.0655026794643403,7.818444252298917,0.005909861349374879
SQuADDS_MultiTarget,89,chip_simple_dxm3p636_dym9p091__Lj12p0nH_Cj2p0fF__roL8p5mm__tee_fl160um_fc12_cg1p2um__rpg1p4um,4.6860923718,6.15572974559,5.265247003330231,246.28336462848563,5.931427421476935,9,chip_simple_dxm6p364_dym1p818__Lj12p0nH_Cj2p0fF__roL8p5mm__tee_fl160um_fc12_cg1p2um__rpg1p4um,4.73601951856,6.17855243564,5.233884300392151,238.90916206015703,6.012417870973948,0.0006864829570224601,0.049927146759999985,0.022822690049999927,0.031362702938079856,7.374202568328599,0.08099044949701284
SQuADDS_MultiTarget,89,chip_simple_dxm3p636_dym9p091__Lj12p0nH_Cj2p0fF__roL8p5mm__tee_fl160um_fc12_cg1p2um__rpg1p4um,4.6860923718,6.15572974559,5.265247003330231,246.28336462848563,5.931427421476935,10,chip_simple_dxm0p909_dym0p909__Lj12p0nH_Cj2p0fF__roL8p5mm__tee_fl160um_fc12_cg1p2um__rpg1p4um,4.68632924459,6.17134248768,5.411161615444184,252.1794734270908,5.976285666069374,0.0007056024244887417,0.00023687279000039752,0.015612742089999188,0.14591461211395362,5.896108798605184,0.04485824459243837
SQuADDS_MultiTarget,90,chip_simple_dxm3p636_dym7p273__Lj12p0nH_Cj2p0fF__roL8p5mm__tee_fl160um_fc12_cg1p2um__rpg1p4um,4.70656141043,6.12250313634,6.093136621461868,255.126111021594,5.854507694338232,1,chip_simple_dx10p000_dym1p818__Lj12p0nH_Cj2p0fF__roL8p5mm__tee_fl160um_fc12_cg1p2um__rpg1p4um,4.69464793401,6.11019400861,6.101083616342544,255.8484712973412,5.818187065933997,3.4552157016476634e-05,0.01191347642000018,0.012309127730000036,0.007946994880676073,0.7223602757472065,0.03632062840423522
SQuADDS_MultiTarget,90,chip_simple_dxm3p636_dym7p273__Lj12p0nH_Cj2p0fF__roL8p5mm__tee_fl160um_fc12_cg1p2um__rpg1p4um,4.70656141043,6.12250313634,6.093136621461868,255.126111021594,5.854507694338232,2,chip_simple_dx8p182_dym1p818__Lj12p0nH_Cj2p0fF__roL8p5mm__tee_fl160um_fc12_cg1p2um__rpg1p4um,4.68525295522,6.09379748036,6.095650871637344,255.11644504269023,5.8822544461123405,5.379650877774819e-05,0.0213084552099998,0.028705655979999634,0.002514250175475574,0.009665978903768746,0.027746751774108347
SQuADDS_MultiTarget,90,chip_simple_dxm3p636_dym7p273__Lj12p0nH_Cj2p0fF__roL8p5mm__tee_fl160um_fc12_cg1p2um__rpg1p4um,4.70656141043,6.12250313634,6.093136621461868,255.126111021594,5.854507694338232,3,chip_simple_dxm4p545_dy2p727__Lj12p0nH_Cj2p0fF__roL8p5mm__tee_fl160um_fc12_cg1p2um__rpg1p4um,4.72053982598,6.13986277241,6.137880284189224,256.0182577176675,5.892363472706823,7.084141527010051e-05,0.013978415550000456,0.01735963607000013,0.04474366272735608,0.8921466960734961,0.03785577836859044
SQuADDS_MultiTarget,90,chip_simple_dxm3p636_dym7p273__Lj12p0nH_Cj2p0fF__roL8p5mm__tee_fl160um_fc12_cg1p2um__rpg1p4um,4.70656141043,6.12250313634,6.093136621461868,255.126111021594,5.854507694338232,4,chip_simple_dx0p909_dy2p727__Lj12p0nH_Cj2p0fF__roL8p5mm__tee_fl160um_fc12_cg1p2um__rpg1p4um,4.68950459777,6.08766133854,6.096332340703964,253.08284499290465,5.866286461039824,7.975092969692483e-05,0.01705681265999992,0.03484179779999952,0.00319571924209594,2.043266028689345,0.011778766701591614
SQuADDS_MultiTarget,90,chip_simple_dxm3p636_dym7p273__Lj12p0nH_Cj2p0fF__roL8p5mm__tee_fl160um_fc12_cg1p2um__rpg1p4um,4.70656141043,6.12250313634,6.093136621461868,255.126111021594,5.854507694338232,5,chip_simple_dxm2p727_dy2p727__Lj12p0nH_Cj2p0fF__roL8p5mm__tee_fl160um_fc12_cg1p2um__rpg1p4um,4.69292169855,6.12459458775,6.071658140985488,258.0113497070096,5.889099829288583,9.61316130609278e-05,0.013639711879999794,0.0020914514100001114,0.02147848047637968,2.8852386854155725,0.034592134950351294
SQuADDS_MultiTarget,90,chip_simple_dxm3p636_dym7p273__Lj12p0nH_Cj2p0fF__roL8p5mm__tee_fl160um_fc12_cg1p2um__rpg1p4um,4.70656141043,6.12250313634,6.093136621461868,255.126111021594,5.854507694338232,6,chip_simple_dx1p818_dy0p000__Lj12p0nH_Cj2p0fF__roL8p5mm__tee_fl160um_fc12_cg1p2um__rpg1p4um,4.68111378467,6.07792819925,6.160216600387573,254.68171473649764,5.840109825142222,0.00014738100211023994,0.025447625760000037,0.044574937090000155,0.06707997892570461,0.4443962850963601,0.014397869196010049
SQuADDS_MultiTarget,90,chip_simple_dxm3p636_dym7p273__Lj12p0nH_Cj2p0fF__roL8p5mm__tee_fl160um_fc12_cg1p2um__rpg1p4um,4.70656141043,6.12250313634,6.093136621461868,255.126111021594,5.854507694338232,7,chip_simple_dxm10p000_dy0p909__Lj12p0nH_Cj2p0fF__roL8p5mm__tee_fl160um_fc12_cg1p2um__rpg1p4um,4.70703508171,6.1027913224,6.054301022790908,250.9771558944962,5.873941688086905,0.00016842938288899367,0.0004736712799999765,0.019711813939999878,0.03883559867095965,4.148955127097793,0.01943399374867294
SQuADDS_MultiTarget,90,chip_simple_dxm3p636_dym7p273__Lj12p0nH_Cj2p0fF__roL8p5mm__tee_fl160um_fc12_cg1p2um__rpg1p4um,4.70656141043,6.12250313634,6.093136621461868,255.126111021594,5.854507694338232,8,chip_simple_dx6p364_dy9p091__Lj12p0nH_Cj2p0fF__roL8p5mm__tee_fl160um_fc12_cg1p2um__rpg1p4um,4.69570573869,6.09933720693,6.023506759710312,252.1584106638029,5.887771375415434,0.00016872751604342004,0.010855671739999906,0.023165929410000174,0.06962986175155628,2.9677003577911023,0.03326368107720157
SQuADDS_MultiTarget,90,chip_simple_dxm3p636_dym7p273__Lj12p0nH_Cj2p0fF__roL8p5mm__tee_fl160um_fc12_cg1p2um__rpg1p4um,4.70656141043,6.12250313634,6.093136621461868,255.126111021594,5.854507694338232,9,chip_simple_dxm7p273_dym2p727__Lj12p0nH_Cj2p0fF__roL8p5mm__tee_fl160um_fc12_cg1p2um__rpg1p4um,4.70851926397,6.13738147014,6.056580542360305,256.39439544466705,5.950520179334925,0.0001709081676702657,0.0019578535400004426,0.014878333800000476,0.036556079101562666,1.2682844230730552,0.09601248499669257
SQuADDS_MultiTarget,90,chip_simple_dxm3p636_dym7p273__Lj12p0nH_Cj2p0fF__roL8p5mm__tee_fl160um_fc12_cg1p2um__rpg1p4um,4.70656141043,6.12250313634,6.093136621461868,255.126111021594,5.854507694338232,10,chip_simple_dx8p182_dy8p182__Lj12p0nH_Cj2p0fF__roL8p5mm__tee_fl160um_fc12_cg1p2um__rpg1p4um,4.69745140842,6.12940857106,6.00176041119194,256.33160974703685,5.915191680844501,0.00018235085196198554,0.009110002009999896,0.006905434720000159,0.09137621026992804,1.205498725442851,0.06068398650626872
SQuADDS_MultiTarget,91,chip_simple_dxm3p636_dy1p818__Lj12p0nH_Cj2p0fF__roL8p5mm__tee_fl160um_fc12_cg1p2um__rpg1p4um,4.65948056766,6.03083989622,6.176426648702622,251.6809113919346,5.759649809678368,1,chip_simple_dx10p000_dy7p273__Lj12p0nH_Cj2p0fF__roL8p5mm__tee_fl160um_fc12_cg1p2um__rpg1p4um,4.66101955519,6.03694119202,6.148507254526138,251.85392058988865,5.756378365268905,1.1746796197830608e-05,0.0015389875300000355,0.00610129579999974,0.02791939417648326,0.1730091979540589,0.0032714444094636974
SQuADDS_MultiTarget,91,chip_simple_dxm3p636_dy1p818__Lj12p0nH_Cj2p0fF__roL8p5mm__tee_fl160um_fc12_cg1p2um__rpg1p4um,4.65948056766,6.03083989622,6.176426648702622,251.6809113919346,5.759649809678368,2,chip_simple_dx1p818_dym0p909__Lj12p0nH_Cj2p0fF__roL8p5mm__tee_fl160um_fc12_cg1p2um__rpg1p4um,4.67045299221,6.02263130277,6.254178175308227,249.60885360509675,5.769639685358345,0.00012202657542493517,0.010972424550000248,0.008208593450000023,0.07775152660560547,2.0720577868378314,0.009989875679976556
SQuADDS_MultiTarget,91,chip_simple_dxm3p636_dy1p818__Lj12p0nH_Cj2p0fF__roL8p5mm__tee_fl160um_fc12_cg1p2um__rpg1p4um,4.65948056766,6.03083989622,6.176426648702622,251.6809113919346,5.759649809678368,3,chip_simple_dxm4p545_dym3p636__Lj12p0nH_Cj2p0fF__roL8p5mm__tee_fl160um_fc12_cg1p2um__rpg1p4um,4.67304431925,6.03199474143,6.125895672599793,247.8916504390452,5.756437524837708,0.00015547142559208107,0.013563751589999562,0.0011548452100003104,0.05053097610282897,3.7892609528893786,0.0032122848406599402
SQuADDS_MultiTarget,91,chip_simple_dxm3p636_dy1p818__Lj12p0nH_Cj2p0fF__roL8p5mm__tee_fl160um_fc12_cg1p2um__rpg1p4um,4.65948056766,6.03083989622,6.176426648702622,251.6809113919346,5.759649809678368,4,chip_simple_dx1p818_dy0p000__Lj12p0nH_Cj2p0fF__roL8p5mm__tee_fl160um_fc12_cg1p2um__rpg1p4um,4.68111378467,6.07792819925,6.160216600387573,254.68171473649764,5.840109825142222,0.00025461795680402024,0.02163321700999976,0.04708830302999978,0.01621004831504891,3.000803344563053,0.08046001546385373
SQuADDS_MultiTarget,91,chip_simple_dxm3p636_dy1p818__Lj12p0nH_Cj2p0fF__roL8p5mm__tee_fl160um_fc12_cg1p2um__rpg1p4um,4.65948056766,6.03083989622,6.176426648702622,251.6809113919346,5.759649809678368,5,chip_simple_dxm10p000_dym1p818__Lj12p0nH_Cj2p0fF__roL8p5mm__tee_fl160um_fc12_cg1p2um__rpg1p4um,4.65858122614,6.01234045492,6.319054457366943,251.70355065904783,5.749348826520186,0.00027767684161395087,0.000899341520000263,0.018499441299999475,0.14262780866432134,0.022639267113248707,0.010300983158182397
SQuADDS_MultiTarget,91,chip_simple_dxm3p636_dy1p818__Lj12p0nH_Cj2p0fF__roL8p5mm__tee_fl160um_fc12_cg1p2um__rpg1p4um,4.65948056766,6.03083989622,6.176426648702622,251.6809113919346,5.759649809678368,6,chip_simple_dxm10p000_dy3p636__Lj12p0nH_Cj2p0fF__roL8p5mm__tee_fl160um_fc12_cg1p2um__rpg1p4um,4.6418768344,5.98369428669,6.249091382169723,249.1251595778436,5.676013980362334,0.0003015804214663539,0.01760373326000053,0.04714560953000024,0.07266473346710178,2.5557518140909963,0.08363582931603464
SQuADDS_MultiTarget,91,chip_simple_dxm3p636_dy1p818__Lj12p0nH_Cj2p0fF__roL8p5mm__tee_fl160um_fc12_cg1p2um__rpg1p4um,4.65948056766,6.03083989622,6.176426648702622,251.6809113919346,5.759649809678368,7,chip_simple_dxm8p182_dy5p455__Lj12p0nH_Cj2p0fF__roL8p5mm__tee_fl160um_fc12_cg1p2um__rpg1p4um,4.70090830216,6.08954676117,6.185020620603561,252.7010445145384,5.852490302512357,0.00031290595994855276,0.041427734500000035,0.05870686495000044,0.008593971900939579,1.0201331226038235,0.09284049283398854
SQuADDS_MultiTarget,91,chip_simple_dxm3p636_dy1p818__Lj12p0nH_Cj2p0fF__roL8p5mm__tee_fl160um_fc12_cg1p2um__rpg1p4um,4.65948056766,6.03083989622,6.176426648702622,251.6809113919346,5.759649809678368,8,chip_simple_dx7p273_dym9p091__Lj12p0nH_Cj2p0fF__roL8p5mm__tee_fl160um_fc12_cg1p2um__rpg1p4um,4.6928216438,6.0417170803,6.165310552288055,246.04724963381204,5.790205003998438,0.00032067089723224456,0.03334107614000015,0.010877184079999935,0.011116096414566456,5.6336617581225426,0.030555194320069923
SQuADDS_MultiTarget,91,chip_simple_dxm3p636_dy1p818__Lj12p0nH_Cj2p0fF__roL8p5mm__tee_fl160um_fc12_cg1p2um__rpg1p4um,4.65948056766,6.03083989622,6.176426648702622,251.6809113919346,5.759649809678368,9,chip_simple_dxm4p545_dym8p182__Lj12p0nH_Cj2p0fF__roL8p5mm__tee_fl160um_fc12_cg1p2um__rpg1p4um,4.70192752994,6.05323396604,6.2145116127338405,246.8898807551624,5.839847717118128,0.0003939150748034515,0.04244696227999967,0.022394069819999807,0.03808496403121886,4.791030636772177,0.08019790743975985
SQuADDS_MultiTarget,91,chip_simple_dxm3p636_dy1p818__Lj12p0nH_Cj2p0fF__roL8p5mm__tee_fl160um_fc12_cg1p2um__rpg1p4um,4.65948056766,6.03083989622,6.176426648702622,251.6809113919346,5.759649809678368,10,chip_simple_dxm3p636_dym2p727__Lj12p0nH_Cj2p0fF__roL8p5mm__tee_fl160um_fc12_cg1p2um__rpg1p4um,4.67568933524,6.05467155576,6.318260186975479,255.19867414634712,5.7406067779067245,0.000394527049755552,0.016208767580000227,0.023831659539999883,0.1418335382728575,3.51776275441253,0.019043031771643903
SQuADDS_MultiTarget,92,chip_simple_dxm3p636_dy10p000__Lj12p0nH_Cj2p0fF__roL8p5mm__tee_fl160um_fc12_cg1p2um__rpg1p4um,4.73815107358,6.05231853835,6.033662920442581,235.33044959964005,5.811514966384675,1,chip_simple_dxm5p455_dym1p818__Lj12p0nH_Cj2p0fF__roL8p5mm__tee_fl160um_fc12_cg1p2um__rpg1p4um,4.75999782134,6.06096972586,6.083840508966445,233.18069262989704,5.818607968498037,0.00010035246831116295,0.02184674775999973,0.008651187509999936,0.050177588523864,2.1497569697430094,0.007093002113362168
SQuADDS_MultiTarget,92,chip_simple_dxm3p636_dy10p000__Lj12p0nH_Cj2p0fF__roL8p5mm__tee_fl160um_fc12_cg1p2um__rpg1p4um,4.73815107358,6.05231853835,6.033662920442581,235.33044959964005,5.811514966384675,2,chip_simple_dx0p000_dy5p455__Lj12p0nH_Cj2p0fF__roL8p5mm__tee_fl160um_fc12_cg1p2um__rpg1p4um,4.71422601792,6.04446957881,6.030727920024871,239.0603629876928,5.790300833858292,0.00015956589842893291,0.02392505566000036,0.007848959539999534,0.0029350004177102207,3.7299133880527506,0.021214132526383267
SQuADDS_MultiTarget,92,chip_simple_dxm3p636_dy10p000__Lj12p0nH_Cj2p0fF__roL8p5mm__tee_fl160um_fc12_cg1p2um__rpg1p4um,4.73815107358,6.05231853835,6.033662920442581,235.33044959964005,5.811514966384675,3,chip_simple_dxm5p455_dy2p727__Lj12p0nH_Cj2p0fF__roL8p5mm__tee_fl160um_fc12_cg1p2um__rpg1p4um,4.71638631695,6.04240059633,6.065049773584366,238.98986735764416,5.770011812343904,0.00018371984166809155,0.02176475662999966,0.009917942019999515,0.03138685314178424,3.6594177580041105,0.04150315404077087
SQuADDS_MultiTarget,92,chip_simple_dxm3p636_dy10p000__Lj12p0nH_Cj2p0fF__roL8p5mm__tee_fl160um_fc12_cg1p2um__rpg1p4um,4.73815107358,6.05231853835,6.033662920442581,235.33044959964005,5.811514966384675,4,chip_simple_dx4p545_dym0p909__Lj12p0nH_Cj2p0fF__roL8p5mm__tee_fl160um_fc12_cg1p2um__rpg1p4um,4.7255365678,6.0505170878,6.107614511497498,239.2497887649095,5.805207767962136,0.00022156458668267282,0.01261450578000023,0.0018014505499994726,0.07395159105491622,3.919339165269463,0.006307198422539351
SQuADDS_MultiTarget,92,chip_simple_dxm3p636_dy10p000__Lj12p0nH_Cj2p0fF__roL8p5mm__tee_fl160um_fc12_cg1p2um__rpg1p4um,4.73815107358,6.05231853835,6.033662920442581,235.33044959964005,5.811514966384675,5,chip_simple_dxm8p182_dym9p091__Lj12p0nH_Cj2p0fF__roL8p5mm__tee_fl160um_fc12_cg1p2um__rpg1p4um,4.72257063561,6.05880267073,5.941739992261886,237.9009092435265,5.759912137527704,0.0002270888522013918,0.01558043796999975,0.006484132379999785,0.09192292818069525,2.5704596438864655,0.05160282885697143
SQuADDS_MultiTarget,92,chip_simple_dxm3p636_dy10p000__Lj12p0nH_Cj2p0fF__roL8p5mm__tee_fl160um_fc12_cg1p2um__rpg1p4um,4.73815107358,6.05231853835,6.033662920442581,235.33044959964005,5.811514966384675,6,chip_simple_dx0p000_dy2p727__Lj12p0nH_Cj2p0fF__roL8p5mm__tee_fl160um_fc12_cg1p2um__rpg1p4um,4.73163640607,6.01912983001,6.151782347061157,233.4506181073812,5.795791516246615,0.0002591495361754267,0.006514667510000294,0.033188708339999984,0.11811942661857522,1.8798314922588588,0.015723450138060535
SQuADDS_MultiTarget,92,chip_simple_dxm3p636_dy10p000__Lj12p0nH_Cj2p0fF__roL8p5mm__tee_fl160um_fc12_cg1p2um__rpg1p4um,4.73815107358,6.05231853835,6.033662920442581,235.33044959964005,5.811514966384675,7,chip_simple_dx0p909_dy5p455__Lj12p0nH_Cj2p0fF__roL8p5mm__tee_fl160um_fc12_cg1p2um__rpg1p4um,4.77269178592,6.08439131778,5.962392529870987,231.95400380146305,5.854343262996758,0.00028107125515298493,0.03454071234000011,0.032072779429999976,0.07127039057159479,3.376445798177002,0.04282829661208254
SQuADDS_MultiTarget,92,chip_simple_dxm3p636_dy10p000__Lj12p0nH_Cj2p0fF__roL8p5mm__tee_fl160um_fc12_cg1p2um__rpg1p4um,4.73815107358,6.05231853835,6.033662920442581,235.33044959964005,5.811514966384675,8,chip_simple_dx4p545_dym10p000__Lj12p0nH_Cj2p0fF__roL8p5mm__tee_fl160um_fc12_cg1p2um__rpg1p4um,4.74063988225,6.06861380015,5.884236363721847,234.4946741312744,5.822012514288446,0.00032212741011745574,0.002488808669999898,0.01629526179999985,0.14942655672073446,0.8357754683656538,0.010497547903770332
SQuADDS_MultiTarget,92,chip_simple_dxm3p636_dy10p000__Lj12p0nH_Cj2p0fF__roL8p5mm__tee_fl160um_fc12_cg1p2um__rpg1p4um,4.73815107358,6.05231853835,6.033662920442581,235.33044959964005,5.811514966384675,9,chip_simple_dxm10p000_dym4p545__Lj12p0nH_Cj2p0fF__roL8p5mm__tee_fl160um_fc12_cg1p2um__rpg1p4um,4.72747685651,6.02391173404,6.181771411222457,235.80879165767425,5.79330242515557,0.0003353592104897237,0.010674217070000047,0.028406804309999423,0.14810849077987598,0.47834205803420105,0.018212541229105206
SQuADDS_MultiTarget,92,chip_simple_dxm3p636_dy10p000__Lj12p0nH_Cj2p0fF__roL8p5mm__tee_fl160um_fc12_cg1p2um__rpg1p4um,4.73815107358,6.05231853835,6.033662920442581,235.33044959964005,5.811514966384675,10,chip_simple_dx8p182_dy0p000__Lj12p0nH_Cj2p0fF__roL8p5mm__tee_fl160um_fc12_cg1p2um__rpg1p4um,4.69396142723,6.02675894613,5.976145094621658,239.3240589141231,5.749179643443574,0.0003517723187663227,0.044189646350000444,0.025559592219999594,0.05751782582092346,3.9936093144830522,0.062335322941101445
SQuADDS_MultiTarget,93,chip_simple_dxm2p727_dym8p182__Lj12p0nH_Cj2p0fF__roL8p5mm__tee_fl160um_fc12_cg1p2um__rpg1p4um,4.75792911556,6.08928538059,5.430974245897293,224.8860487804459,5.836762695096986,1,chip_simple_dx7p273_dy0p000__Lj12p0nH_Cj2p0fF__roL8p5mm__tee_fl160um_fc12_cg1p2um__rpg1p4um,4.73285614666,6.06364786636,5.47772784601593,226.8629872413658,5.835642549018717,0.00012120903457785968,0.025072968899999992,0.025637514229999603,0.04675360011863727,1.9769384609199108,0.0011201460782697126
SQuADDS_MultiTarget,93,chip_simple_dxm2p727_dym8p182__Lj12p0nH_Cj2p0fF__roL8p5mm__tee_fl160um_fc12_cg1p2um__rpg1p4um,4.75792911556,6.08928538059,5.430974245897293,224.8860487804459,5.836762695096986,2,chip_simple_dx0p909_dym1p818__Lj12p0nH_Cj2p0fF__roL8p5mm__tee_fl160um_fc12_cg1p2um__rpg1p4um,4.74382125763,6.0716485122,5.499687352653504,226.4433546572846,5.834878033029041,0.00012124752315670725,0.014107857930000023,0.01763686838999945,0.06871310675621167,1.5573058768387114,0.001884662067945797
SQuADDS_MultiTarget,93,chip_simple_dxm2p727_dym8p182__Lj12p0nH_Cj2p0fF__roL8p5mm__tee_fl160um_fc12_cg1p2um__rpg1p4um,4.75792911556,6.08928538059,5.430974245897293,224.8860487804459,5.836762695096986,3,chip_simple_dx7p273_dy7p273__Lj12p0nH_Cj2p0fF__roL8p5mm__tee_fl160um_fc12_cg1p2um__rpg1p4um,4.77632474172,6.11603268543,5.46948547539711,226.2400590105068,5.898415113466635,0.0001332955401926858,0.018395626160000234,0.026747304839999764,0.03851122949981711,1.3540102300609078,0.06165241836964874
SQuADDS_MultiTarget,93,chip_simple_dxm2p727_dym8p182__Lj12p0nH_Cj2p0fF__roL8p5mm__tee_fl160um_fc12_cg1p2um__rpg1p4um,4.75792911556,6.08928538059,5.430974245897293,224.8860487804459,5.836762695096986,4,chip_simple_dx6p364_dy7p273__Lj12p0nH_Cj2p0fF__roL8p5mm__tee_fl160um_fc12_cg1p2um__rpg1p4um,4.73212189971,6.07302882801,5.421970001947403,227.40830584937643,5.783914954042914,0.00014180810054624044,0.025807215849999565,0.016256552579999806,0.009004243949889634,2.522257068930543,0.052847741054072195
SQuADDS_MultiTarget,93,chip_simple_dxm2p727_dym8p182__Lj12p0nH_Cj2p0fF__roL8p5mm__tee_fl160um_fc12_cg1p2um__rpg1p4um,4.75792911556,6.08928538059,5.430974245897293,224.8860487804459,5.836762695096986,5,chip_simple_dx8p182_dy3p636__Lj12p0nH_Cj2p0fF__roL8p5mm__tee_fl160um_fc12_cg1p2um__rpg1p4um,4.74833115983,6.10316137397,5.395294238792419,228.2050160306239,5.868324301832488,0.00015436835385811398,0.009597955729999441,0.013875993380000118,0.03568000710487329,3.3189672501780194,0.03156160673550179
SQuADDS_MultiTarget,93,chip_simple_dxm2p727_dym8p182__Lj12p0nH_Cj2p0fF__roL8p5mm__tee_fl160um_fc12_cg1p2um__rpg1p4um,4.75792911556,6.08928538059,5.430974245897293,224.8860487804459,5.836762695096986,6,chip_simple_dxm5p455_dym3p636__Lj12p0nH_Cj2p0fF__roL8p5mm__tee_fl160um_fc12_cg1p2um__rpg1p4um,4.77861395761,6.11699498856,5.515590421457291,226.9690980462932,5.881045293305209,0.00023265937335782848,0.02068484205000054,0.027709607970000327,0.08461617555999812,2.0830492658473077,0.044282598208222446
SQuADDS_MultiTarget,93,chip_simple_dxm2p727_dym8p182__Lj12p0nH_Cj2p0fF__roL8p5mm__tee_fl160um_fc12_cg1p2um__rpg1p4um,4.75792911556,6.08928538059,5.430974245897293,224.8860487804459,5.836762695096986,7,chip_simple_dx5p455_dym0p909__Lj12p0nH_Cj2p0fF__roL8p5mm__tee_fl160um_fc12_cg1p2um__rpg1p4um,4.7930652742,6.12875251186,5.394133037059784,223.2748147250602,5.91572486547393,0.00023672676371023073,0.0351361586400003,0.039467131270000344,0.036841208837508965,1.6112340553856939,0.07896217037694342
SQuADDS_MultiTarget,93,chip_simple_dxm2p727_dym8p182__Lj12p0nH_Cj2p0fF__roL8p5mm__tee_fl160um_fc12_cg1p2um__rpg1p4um,4.75792911556,6.08928538059,5.430974245897293,224.8860487804459,5.836762695096986,8,chip_simple_dxm10p000_dym5p455__Lj12p0nH_Cj2p0fF__roL8p5mm__tee_fl160um_fc12_cg1p2um__rpg1p4um,4.74663028203,6.09244739086,5.497690521795272,229.06180088997965,5.833596212181217,0.0002539003822204779,0.011298833529999719,0.003162010270000515,0.06671627589797957,4.175752109533761,0.0031664829157698193
SQuADDS_MultiTarget,93,chip_simple_dxm2p727_dym8p182__Lj12p0nH_Cj2p0fF__roL8p5mm__tee_fl160um_fc12_cg1p2um__rpg1p4um,4.75792911556,6.08928538059,5.430974245897293,224.8860487804459,5.836762695096986,9,chip_simple_dxm6p364_dym0p909__Lj12p0nH_Cj2p0fF__roL8p5mm__tee_fl160um_fc12_cg1p2um__rpg1p4um,4.77570732404,6.08443212228,5.519260666910172,222.3516389432408,5.895879300078792,0.0002615223546279465,0.017778208480000224,0.0048532583099998305,0.08828642101287887,2.5344098372050894,0.05911660498180549
SQuADDS_MultiTarget,93,chip_simple_dxm2p727_dym8p182__Lj12p0nH_Cj2p0fF__roL8p5mm__tee_fl160um_fc12_cg1p2um__rpg1p4um,4.75792911556,6.08928538059,5.430974245897293,224.8860487804459,5.836762695096986,10,chip_simple_dxm7p273_dy4p545__Lj12p0nH_Cj2p0fF__roL8p5mm__tee_fl160um_fc12_cg1p2um__rpg1p4um,4.74478453553,6.05547649219,5.373042161886215,221.0804417671074,5.791354520716529,0.0002687966054984035,0.01314458002999963,0.033808888399999404,0.0579320840110773,3.805607013338488,0.045408174380457744
SQuADDS_MultiTarget,94,chip_simple_dxm2p727_dym5p455__Lj12p0nH_Cj2p0fF__roL8p5mm__tee_fl160um_fc12_cg1p2um__rpg1p4um,4.76150653148,6.0438906881,5.615447397510528,220.81109276355625,5.795859860949257,1,chip_simple_dxm2p727_dym3p636__Lj12p0nH_Cj2p0fF__roL8p5mm__tee_fl160um_fc12_cg1p2um__rpg1p4um,4.76214497172,6.03479088527,5.587802219089507,218.7280150264405,5.793013457094686,5.902158523555453e-05,0.0006384402399994826,0.00909980283000067,0.027645178421020766,2.083077737115758,0.0028464038545710224
SQuADDS_MultiTarget,94,chip_simple_dxm2p727_dym5p455__Lj12p0nH_Cj2p0fF__roL8p5mm__tee_fl160um_fc12_cg1p2um__rpg1p4um,4.76150653148,6.0438906881,5.615447397510528,220.81109276355625,5.795859860949257,2,chip_simple_dxm6p364_dym2p727__Lj12p0nH_Cj2p0fF__roL8p5mm__tee_fl160um_fc12_cg1p2um__rpg1p4um,4.78643161529,6.07447748154,5.571383293457031,219.776855663418,5.804018163338089,9.576060751442083e-05,0.02492508380999947,0.030586793439999482,0.04406410405349703,1.034237100138256,0.008158302388832084
SQuADDS_MultiTarget,94,chip_simple_dxm2p727_dym5p455__Lj12p0nH_Cj2p0fF__roL8p5mm__tee_fl160um_fc12_cg1p2um__rpg1p4um,4.76150653148,6.0438906881,5.615447397510528,220.81109276355625,5.795859860949257,3,chip_simple_dx7p273_dy4p545__Lj12p0nH_Cj2p0fF__roL8p5mm__tee_fl160um_fc12_cg1p2um__rpg1p4um,4.76463364249,6.06778348676,5.540035029947281,222.43563515503288,5.83218068473875,0.00015293384645115234,0.003127111009999517,0.023892798659999492,0.07541236756324743,1.6245423914766377,0.03632082378949342
SQuADDS_MultiTarget,94,chip_simple_dxm2p727_dym5p455__Lj12p0nH_Cj2p0fF__roL8p5mm__tee_fl160um_fc12_cg1p2um__rpg1p4um,4.76150653148,6.0438906881,5.615447397510528,220.81109276355625,5.795859860949257,4,chip_simple_dxm6p364_dym7p273__Lj12p0nH_Cj2p0fF__roL8p5mm__tee_fl160um_fc12_cg1p2um__rpg1p4um,4.75005432934,6.01899043043,5.655702243776322,219.9240164763736,5.705344706711049,0.00017847095419047467,0.01145220214000009,0.024900257670000592,0.040254846265793454,0.8870762871826514,0.09051515423820788
SQuADDS_MultiTarget,94,chip_simple_dxm2p727_dym5p455__Lj12p0nH_Cj2p0fF__roL8p5mm__tee_fl160um_fc12_cg1p2um__rpg1p4um,4.76150653148,6.0438906881,5.615447397510528,220.81109276355625,5.795859860949257,5,chip_simple_dxm3p636_dy2p727__Lj12p0nH_Cj2p0fF__roL8p5mm__tee_fl160um_fc12_cg1p2um__rpg1p4um,4.7829960489,6.07393117645,5.700624039077758,222.99570142124225,5.7964108991521455,0.0002090576085466486,0.02148951742000005,0.03004048835000006,0.08517664156723015,2.184608657685999,0.0005510382028885985
SQuADDS_MultiTarget,94,chip_simple_dxm2p727_dym5p455__Lj12p0nH_Cj2p0fF__roL8p5mm__tee_fl160um_fc12_cg1p2um__rpg1p4um,4.76150653148,6.0438906881,5.615447397510528,220.81109276355625,5.795859860949257,6,chip_simple_dx2p727_dym8p182__Lj12p0nH_Cj2p0fF__roL8p5mm__tee_fl160um_fc12_cg1p2um__rpg1p4um,4.76605487334,6.062936783,5.504983878475189,220.70248592051564,5.824211585305177,0.0002164098770393879,0.004548341859999638,0.01904609489999931,0.11046351903533935,0.10860684304060442,0.028351724355919927
SQuADDS_MultiTarget,94,chip_simple_dxm2p727_dym5p455__Lj12p0nH_Cj2p0fF__roL8p5mm__tee_fl160um_fc12_cg1p2um__rpg1p4um,4.76150653148,6.0438906881,5.615447397510528,220.81109276355625,5.795859860949257,7,chip_simple_dx4p545_dy4p545__Lj12p0nH_Cj2p0fF__roL8p5mm__tee_fl160um_fc12_cg1p2um__rpg1p4um,4.767233335,6.07149627011,5.60287805475235,223.77900158270697,5.880806234872567,0.00022254819666359598,0.00572680351999999,0.02760558200999963,0.012569342758178337,2.967908819150722,0.0849463739233105
SQuADDS_MultiTarget,94,chip_simple_dxm2p727_dym5p455__Lj12p0nH_Cj2p0fF__roL8p5mm__tee_fl160um_fc12_cg1p2um__rpg1p4um,4.76150653148,6.0438906881,5.615447397510528,220.81109276355625,5.795859860949257,8,chip_simple_dxm3p636_dy8p182__Lj12p0nH_Cj2p0fF__roL8p5mm__tee_fl160um_fc12_cg1p2um__rpg1p4um,4.73729832468,6.03809876203,5.615429738752365,224.8091277096963,5.742262433762976,0.000233441420461402,0.02420820680000002,0.005791926070000564,1.765875816328588e-05,3.998034946140052,0.05359742718628091
SQuADDS_MultiTarget,94,chip_simple_dxm2p727_dym5p455__Lj12p0nH_Cj2p0fF__roL8p5mm__tee_fl160um_fc12_cg1p2um__rpg1p4um,4.76150653148,6.0438906881,5.615447397510528,220.81109276355625,5.795859860949257,9,chip_simple_dx4p545_dy5p455__Lj12p0nH_Cj2p0fF__roL8p5mm__tee_fl160um_fc12_cg1p2um__rpg1p4um,4.79418626685,6.08500156739,5.524672909627914,218.89374055263784,5.839393681887264,0.00028993715642530705,0.03267973536999946,0.04111087928999968,0.090774487882614,1.9173522109184091,0.043533820938007395
SQuADDS_MultiTarget,94,chip_simple_dxm2p727_dym5p455__Lj12p0nH_Cj2p0fF__roL8p5mm__tee_fl160um_fc12_cg1p2um__rpg1p4um,4.76150653148,6.0438906881,5.615447397510528,220.81109276355625,5.795859860949257,10,chip_simple_dxm4p545_dy1p818__Lj12p0nH_Cj2p0fF__roL8p5mm__tee_fl160um_fc12_cg1p2um__rpg1p4um,4.7912337707,6.04949503992,5.623098915470123,215.8825327452169,5.82735004160752,0.00030462307493495815,0.029727239219999646,0.005604351819999742,0.007651517959595289,4.92856001833934,0.031490180658263256
SQuADDS_MultiTarget,95,chip_simple_dxm2p727_dy5p455__Lj12p0nH_Cj2p0fF__roL8p5mm__tee_fl160um_fc12_cg1p2um__rpg1p4um,4.69743144278,5.95177627861,6.58547302658081,237.55915169859625,5.688443329457153,1,chip_simple_dx9p091_dy10p000__Lj12p0nH_Cj2p0fF__roL8p5mm__tee_fl160um_fc12_cg1p2um__rpg1p4um,4.69926836053,5.96788032666,6.480939449926376,237.9698333652788,5.70456835918075,0.00013896784796918685,0.0018369177499995004,0.016104048049999875,0.10453357665443352,0.41068166668253525,0.016125029723597528
SQuADDS_MultiTarget,95,chip_simple_dxm2p727_dy5p455__Lj12p0nH_Cj2p0fF__roL8p5mm__tee_fl160um_fc12_cg1p2um__rpg1p4um,4.69743144278,5.95177627861,6.58547302658081,237.55915169859625,5.688443329457153,2,chip_simple_dx1p818_dy1p818__Lj12p0nH_Cj2p0fF__roL8p5mm__tee_fl160um_fc12_cg1p2um__rpg1p4um,4.66629595995,5.92142073329,6.557780968717575,238.696006949125,5.62692425316149,0.00014871679976740203,0.031135482829999894,0.030355545319999955,0.027692057863235142,1.136855250528754,0.06151907629566278
SQuADDS_MultiTarget,95,chip_simple_dxm2p727_dy5p455__Lj12p0nH_Cj2p0fF__roL8p5mm__tee_fl160um_fc12_cg1p2um__rpg1p4um,4.69743144278,5.95177627861,6.58547302658081,237.55915169859625,5.688443329457153,3,chip_simple_dx9p091_dym0p909__Lj12p0nH_Cj2p0fF__roL8p5mm__tee_fl160um_fc12_cg1p2um__rpg1p4um,4.69833241253,5.9700084278,6.424561027713775,237.54943824235883,5.679426145956277,0.00030919753948166587,0.0009009697499999803,0.018232149190000158,0.1609119988670349,0.009713456237420814,0.00901718350087588
SQuADDS_MultiTarget,95,chip_simple_dxm2p727_dy5p455__Lj12p0nH_Cj2p0fF__roL8p5mm__tee_fl160um_fc12_cg1p2um__rpg1p4um,4.69743144278,5.95177627861,6.58547302658081,237.55915169859625,5.688443329457153,4,chip_simple_dxm1p818_dym0p909__Lj12p0nH_Cj2p0fF__roL8p5mm__tee_fl160um_fc12_cg1p2um__rpg1p4um,4.70639430606,5.99506656694,6.5980849503116605,243.31746149783123,5.745323603133637,0.00040214716601608407,0.008962863279999844,0.04329028833000059,0.012611923730850627,5.758309799234979,0.05688027367648463
SQuADDS_MultiTarget,95,chip_simple_dxm2p727_dy5p455__Lj12p0nH_Cj2p0fF__roL8p5mm__tee_fl160um_fc12_cg1p2um__rpg1p4um,4.69743144278,5.95177627861,6.58547302658081,237.55915169859625,5.688443329457153,5,chip_simple_dx9p091_dy9p091__Lj12p0nH_Cj2p0fF__roL8p5mm__tee_fl160um_fc12_cg1p2um__rpg1p4um,4.71043253304,6.00858502332,6.520098717010498,243.3943878228609,5.702711731566599,0.0004528608779876845,0.013001090259999515,0.056808744710000525,0.06537430957031187,5.83523612426464,0.014268402109446576
SQuADDS_MultiTarget,95,chip_simple_dxm2p727_dy5p455__Lj12p0nH_Cj2p0fF__roL8p5mm__tee_fl160um_fc12_cg1p2um__rpg1p4um,4.69743144278,5.95177627861,6.58547302658081,237.55915169859625,5.688443329457153,6,chip_simple_dx6p364_dym4p545__Lj12p0nH_Cj2p0fF__roL8p5mm__tee_fl160um_fc12_cg1p2um__rpg1p4um,4.70542995999,5.98920452189,6.345821467342376,237.78954520480733,5.738142979039027,0.0007432333509703429,0.007998517209999889,0.03742824327999994,0.23965155923843362,0.23039350621107246,0.049699649581874006
SQuADDS_MultiTarget,95,chip_simple_dxm2p727_dy5p455__Lj12p0nH_Cj2p0fF__roL8p5mm__tee_fl160um_fc12_cg1p2um__rpg1p4um,4.69743144278,5.95177627861,6.58547302658081,237.55915169859625,5.688443329457153,7,chip_simple_dx5p455_dym8p182__Lj12p0nH_Cj2p0fF__roL8p5mm__tee_fl160um_fc12_cg1p2um__rpg1p4um,4.72112014614,6.01414813913,6.374000339464187,239.1567683741239,5.777326992270697,0.0007955305379899558,0.023688703359999508,0.06237186051999988,0.21147268711662282,1.5976166755276608,0.08888366281354454
SQuADDS_MultiTarget,95,chip_simple_dxm2p727_dy5p455__Lj12p0nH_Cj2p0fF__roL8p5mm__tee_fl160um_fc12_cg1p2um__rpg1p4um,4.69743144278,5.95177627861,6.58547302658081,237.55915169859625,5.688443329457153,8,chip_simple_dxm5p455_dy5p455__Lj12p0nH_Cj2p0fF__roL8p5mm__tee_fl160um_fc12_cg1p2um__rpg1p4um,4.69664345676,6.00251231895,6.402382590307235,243.11298591036652,5.78257654231619,0.0008693793338385884,0.0007879860199997424,0.05073604034000034,0.18309043627357457,5.5538342117702655,0.09413321285903731
SQuADDS_MultiTarget,95,chip_simple_dxm2p727_dy5p455__Lj12p0nH_Cj2p0fF__roL8p5mm__tee_fl160um_fc12_cg1p2um__rpg1p4um,4.69743144278,5.95177627861,6.58547302658081,237.55915169859625,5.688443329457153,9,chip_simple_dxm3p636_dym3p636__Lj12p0nH_Cj2p0fF__roL8p5mm__tee_fl160um_fc12_cg1p2um__rpg1p4um,4.68717781389,5.97834346452,6.698308181764602,246.63062343353235,5.688222825454348,0.0009005679136596519,0.010253628890000144,0.02656718591000029,0.1128351551837925,9.071471734936097,0.00022050400280448912
SQuADDS_MultiTarget,95,chip_simple_dxm2p727_dy5p455__Lj12p0nH_Cj2p0fF__roL8p5mm__tee_fl160um_fc12_cg1p2um__rpg1p4um,4.69743144278,5.95177627861,6.58547302658081,237.55915169859625,5.688443329457153,10,chip_simple_dx3p636_dy0p000__Lj12p0nH_Cj2p0fF__roL8p5mm__tee_fl160um_fc12_cg1p2um__rpg1p4um,4.70882035794,5.9422654803,6.4021899407176965,229.9937839696689,5.689626408771035,0.0009028391690286453,0.011388915159999513,0.009510798310000013,0.18328308586311337,7.565367728927356,0.001183079313882729
SQuADDS_MultiTarget,96,chip_simple_dxm2p727_dy6p364__Lj12p0nH_Cj2p0fF__roL8p5mm__tee_fl160um_fc12_cg1p2um__rpg1p4um,4.65832113829,5.97027326234,6.963625674341201,256.8590426189228,5.683821567758439,1,chip_simple_dxm2p727_dy7p273__Lj12p0nH_Cj2p0fF__roL8p5mm__tee_fl160um_fc12_cg1p2um__rpg1p4um,4.64565792942,5.94593779992,6.813675192602157,252.5467836425057,5.640825470466488,0.00042538540677627707,0.012663208869999387,0.024335462419999843,0.1499504817390438,4.312258976417098,0.042996097291950974
SQuADDS_MultiTarget,96,chip_simple_dxm2p727_dy6p364__Lj12p0nH_Cj2p0fF__roL8p5mm__tee_fl160um_fc12_cg1p2um__rpg1p4um,4.65832113829,5.97027326234,6.963625674341201,256.8590426189228,5.683821567758439,2,chip_simple_dx6p364_dy0p909__Lj12p0nH_Cj2p0fF__roL8p5mm__tee_fl160um_fc12_cg1p2um__rpg1p4um,4.68262955673,6.0029649786,6.869708579084396,255.2757678450623,5.813396079707513,0.00042701195676798703,0.024308418440000423,0.03269171625999956,0.09391709525680536,1.583274773860495,0.1295745119490732
SQuADDS_MultiTarget,96,chip_simple_dxm2p727_dy6p364__Lj12p0nH_Cj2p0fF__roL8p5mm__tee_fl160um_fc12_cg1p2um__rpg1p4um,4.65832113829,5.97027326234,6.963625674341201,256.8590426189228,5.683821567758439,3,chip_simple_dx4p545_dy0p909__Lj12p0nH_Cj2p0fF__roL8p5mm__tee_fl160um_fc12_cg1p2um__rpg1p4um,4.64954724763,5.93861749966,6.834223768831253,250.81131158321867,5.575584422923479,0.0006628171964232559,0.008773890659999672,0.03165576267999981,0.12940190550994846,6.047731035704118,0.10823714483495994
SQuADDS_MultiTarget,96,chip_simple_dxm2p727_dy6p364__Lj12p0nH_Cj2p0fF__roL8p5mm__tee_fl160um_fc12_cg1p2um__rpg1p4um,4.65832113829,5.97027326234,6.963625674341201,256.8590426189228,5.683821567758439,4,chip_simple_dx5p455_dy0p909__Lj12p0nH_Cj2p0fF__roL8p5mm__tee_fl160um_fc12_cg1p2um__rpg1p4um,4.6845086068,5.95404649239,6.827135555116653,245.27673673400903,5.696349405850168,0.0012501551806777273,0.026187468509999867,0.016226769950000275,0.1364901192245478,11.582305884913751,0.01252783809172886
SQuADDS_MultiTarget,96,chip_simple_dxm2p727_dy6p364__Lj12p0nH_Cj2p0fF__roL8p5mm__tee_fl160um_fc12_cg1p2um__rpg1p4um,4.65832113829,5.97027326234,6.963625674341201,256.8590426189228,5.683821567758439,5,chip_simple_dx1p818_dym4p545__Lj12p0nH_Cj2p0fF__roL8p5mm__tee_fl160um_fc12_cg1p2um__rpg1p4um,4.67611044409,6.03156277056,6.628282534339904,257.2605786746093,5.725714977797822,0.0013078741045228829,0.017789305800000044,0.06128950821999979,0.3353431400012967,0.4015360556865062,0.04189341003938285
SQuADDS_MultiTarget,96,chip_simple_dxm2p727_dy6p364__Lj12p0nH_Cj2p0fF__roL8p5mm__tee_fl160um_fc12_cg1p2um__rpg1p4um,4.65832113829,5.97027326234,6.963625674341201,256.8590426189228,5.683821567758439,6,chip_simple_dx6p364_dy8p182__Lj12p0nH_Cj2p0fF__roL8p5mm__tee_fl160um_fc12_cg1p2um__rpg1p4um,4.68815638567,6.01539640302,6.651202537282943,252.1465005767916,5.735438248599257,0.0013141158058640216,0.029835247380000318,0.04512314067999945,0.31242313705825797,4.71254204213119,0.05161668084081761
SQuADDS_MultiTarget,96,chip_simple_dxm2p727_dy6p364__Lj12p0nH_Cj2p0fF__roL8p5mm__tee_fl160um_fc12_cg1p2um__rpg1p4um,4.65832113829,5.97027326234,6.963625674341201,256.8590426189228,5.683821567758439,7,chip_simple_dxm8p182_dy9p091__Lj12p0nH_Cj2p0fF__roL8p5mm__tee_fl160um_fc12_cg1p2um__rpg1p4um,4.68682128785,6.05207856918,6.670654395746231,259.2924998926468,5.805209593914802,0.00138312426745757,0.028500149560000132,0.08180530683999976,0.29297127859496985,2.4334572737240023,0.1213880261563629
SQuADDS_MultiTarget,96,chip_simple_dxm2p727_dy6p364__Lj12p0nH_Cj2p0fF__roL8p5mm__tee_fl160um_fc12_cg1p2um__rpg1p4um,4.65832113829,5.97027326234,6.963625674341201,256.8590426189228,5.683821567758439,8,chip_simple_dxm3p636_dym3p636__Lj12p0nH_Cj2p0fF__roL8p5mm__tee_fl160um_fc12_cg1p2um__rpg1p4um,4.68717781389,5.97834346452,6.698308181764602,246.63062343353235,5.688222825454348,0.001559185527995524,0.02885667560000016,0.008070202179999875,0.26531749257659865,10.228419185390436,0.004401257695908711
SQuADDS_MultiTarget,96,chip_simple_dxm2p727_dy6p364__Lj12p0nH_Cj2p0fF__roL8p5mm__tee_fl160um_fc12_cg1p2um__rpg1p4um,4.65832113829,5.97027326234,6.963625674341201,256.8590426189228,5.683821567758439,9,chip_simple_dxm2p727_dym2p727__Lj12p0nH_Cj2p0fF__roL8p5mm__tee_fl160um_fc12_cg1p2um__rpg1p4um,4.68417945384,6.06068988492,6.650180241933822,260.988449570289,5.82060353182285,0.0016919934637243284,0.025858315549999844,0.09041662258000027,0.313445432407379,4.129406951366207,0.13678196406441057
SQuADDS_MultiTarget,96,chip_simple_dxm2p727_dy6p364__Lj12p0nH_Cj2p0fF__roL8p5mm__tee_fl160um_fc12_cg1p2um__rpg1p4um,4.65832113829,5.97027326234,6.963625674341201,256.8590426189228,5.683821567758439,10,chip_simple_dx3p636_dym6p364__Lj12p0nH_Cj2p0fF__roL8p5mm__tee_fl160um_fc12_cg1p2um__rpg1p4um,4.66828138852,6.04703662438,6.612629444187164,261.5727515261907,5.795748305248993,0.0018024595708059019,0.0099602502299998,0.07676336203999945,0.35099623015403747,4.713708907267915,0.11192673749055349
SQuADDS_MultiTarget,97,chip_simple_dxm1p818_dym3p636__Lj12p0nH_Cj2p0fF__roL8p5mm__tee_fl160um_fc12_cg1p2um__rpg1p4um,4.75565613885,6.15842245489,5.839258372745514,245.1008754910855,5.917462910914268,1,chip_simple_dx0p909_dym2p727__Lj12p0nH_Cj2p0fF__roL8p5mm__tee_fl160um_fc12_cg1p2um__rpg1p4um,4.73288476866,6.15144010433,5.802761653125763,248.0066040101604,5.946582947290083,0.00012612730444550762,0.022771370190000084,0.0069823505600004054,0.036496719619750984,2.9057285190748985,0.02912003637581506
SQuADDS_MultiTarget,97,chip_simple_dxm1p818_dym3p636__Lj12p0nH_Cj2p0fF__roL8p5mm__tee_fl160um_fc12_cg1p2um__rpg1p4um,4.75565613885,6.15842245489,5.839258372745514,245.1008754910855,5.917462910914268,2,chip_simple_dxm1p818_dy0p000__Lj12p0nH_Cj2p0fF__roL8p5mm__tee_fl160um_fc12_cg1p2um__rpg1p4um,4.72085109882,6.13674306549,5.771197805171966,247.53443243124363,5.9292022682777255,0.00018514106391682306,0.03480504003000018,0.021679389400000026,0.06806056757354728,2.4335569401581267,0.011739357363457437
SQuADDS_MultiTarget,97,chip_simple_dxm1p818_dym3p636__Lj12p0nH_Cj2p0fF__roL8p5mm__tee_fl160um_fc12_cg1p2um__rpg1p4um,4.75565613885,6.15842245489,5.839258372745514,245.1008754910855,5.917462910914268,3,chip_simple_dxm7p273_dy2p727__Lj12p0nH_Cj2p0fF__roL8p5mm__tee_fl160um_fc12_cg1p2um__rpg1p4um,4.71160179643,6.11112305572,5.860711649211884,247.21366970382263,5.902975749327858,0.00019170181607034873,0.04405434241999995,0.04729939916999992,0.021453276466369964,2.1127942127371284,0.014487161586409947
SQuADDS_MultiTarget,97,chip_simple_dxm1p818_dym3p636__Lj12p0nH_Cj2p0fF__roL8p5mm__tee_fl160um_fc12_cg1p2um__rpg1p4um,4.75565613885,6.15842245489,5.839258372745514,245.1008754910855,5.917462910914268,4,chip_simple_dxm7p273_dy0p000__Lj12p0nH_Cj2p0fF__roL8p5mm__tee_fl160um_fc12_cg1p2um__rpg1p4um,4.73251374973,6.12333432529,5.90339426124382,245.63052496269063,5.833142733315017,0.00022031985017253856,0.023142389120000217,0.03508812960000007,0.06413588849830631,0.5296494716051257,0.08432017759925081
SQuADDS_MultiTarget,97,chip_simple_dxm1p818_dym3p636__Lj12p0nH_Cj2p0fF__roL8p5mm__tee_fl160um_fc12_cg1p2um__rpg1p4um,4.75565613885,6.15842245489,5.839258372745514,245.1008754910855,5.917462910914268,5,chip_simple_dxm5p455_dym4p545__Lj12p0nH_Cj2p0fF__roL8p5mm__tee_fl160um_fc12_cg1p2um__rpg1p4um,4.71287290209,6.10521129892,5.888910904247283,246.5344439765854,5.876905965021521,0.00023233372478283443,0.042783236760000065,0.05321115597000059,0.04965253150176974,1.4335684854999045,0.04055694589274683
SQuADDS_MultiTarget,97,chip_simple_dxm1p818_dym3p636__Lj12p0nH_Cj2p0fF__roL8p5mm__tee_fl160um_fc12_cg1p2um__rpg1p4um,4.75565613885,6.15842245489,5.839258372745514,245.1008754910855,5.917462910914268,6,chip_simple_dxm5p455_dy8p182__Lj12p0nH_Cj2p0fF__roL8p5mm__tee_fl160um_fc12_cg1p2um__rpg1p4um,4.73624038147,6.10517374819,5.883827769510269,241.3915804124541,5.9183738212690695,0.00023508606151211676,0.01941575738000001,0.053248706699999815,0.044569396764755354,3.7092950786314134,0.0009109103548015085
SQuADDS_MultiTarget,97,chip_simple_dxm1p818_dym3p636__Lj12p0nH_Cj2p0fF__roL8p5mm__tee_fl160um_fc12_cg1p2um__rpg1p4um,4.75565613885,6.15842245489,5.839258372745514,245.1008754910855,5.917462910914268,7,chip_simple_dx10p000_dy0p000__Lj12p0nH_Cj2p0fF__roL8p5mm__tee_fl160um_fc12_cg1p2um__rpg1p4um,4.71208036912,6.12933282299,5.748897754478454,247.69335881399888,5.914392877730971,0.0002820773588356337,0.043575769730000324,0.0290896318999998,0.09036061826705932,2.592483322913381,0.0030700331832971273
SQuADDS_MultiTarget,97,chip_simple_dxm1p818_dym3p636__Lj12p0nH_Cj2p0fF__roL8p5mm__tee_fl160um_fc12_cg1p2um__rpg1p4um,4.75565613885,6.15842245489,5.839258372745514,245.1008754910855,5.917462910914268,8,chip_simple_dxm7p273_dym4p545__Lj12p0nH_Cj2p0fF__roL8p5mm__tee_fl160um_fc12_cg1p2um__rpg1p4um,4.76380015433,6.14550226789,5.776891046072006,239.9698081278679,5.934439901039121,0.00028761509199201293,0.0081440154800001,0.01292018699999975,0.06236732667350786,5.131067363217596,0.016976990124852875
SQuADDS_MultiTarget,97,chip_simple_dxm1p818_dym3p636__Lj12p0nH_Cj2p0fF__roL8p5mm__tee_fl160um_fc12_cg1p2um__rpg1p4um,4.75565613885,6.15842245489,5.839258372745514,245.1008754910855,5.917462910914268,9,chip_simple_dx9p091_dym7p273__Lj12p0nH_Cj2p0fF__roL8p5mm__tee_fl160um_fc12_cg1p2um__rpg1p4um,4.72050597097,6.13312512239,5.72029589563942,245.89801240972525,5.881474199794399,0.0003028137467191308,0.03515016788000036,0.025297332500000103,0.11896247710609398,0.797136918639751,0.03598871111986934
SQuADDS_MultiTarget,97,chip_simple_dxm1p818_dym3p636__Lj12p0nH_Cj2p0fF__roL8p5mm__tee_fl160um_fc12_cg1p2um__rpg1p4um,4.75565613885,6.15842245489,5.839258372745514,245.1008754910855,5.917462910914268,10,chip_simple_dx6p364_dym10p000__Lj12p0nH_Cj2p0fF__roL8p5mm__tee_fl160um_fc12_cg1p2um__rpg1p4um,4.71222287437,6.11776336869,5.892424395643234,248.8381761745651,5.8779333128535365,0.00030701310391532315,0.043433264479999956,0.040659086199999805,0.05316602289772021,3.7373006834795888,0.03952959806073153
SQuADDS_MultiTarget,98,chip_simple_dxm1p818_dym1p818__Lj12p0nH_Cj2p0fF__roL8p5mm__tee_fl160um_fc12_cg1p2um__rpg1p4um,4.73721367161,6.13567698727,5.951634760875701,247.7004995876065,5.9295256555453815,1,chip_simple_dxm2p727_dym7p273__Lj12p0nH_Cj2p0fF__roL8p5mm__tee_fl160um_fc12_cg1p2um__rpg1p4um,4.7222040576,6.12237034652,5.983692367204666,249.3544121969452,5.891422873734137,7.218682522085618e-05,0.015009614010000227,0.013306640749999765,0.032057606328964816,1.653912609338704,0.03810278181124449
SQuADDS_MultiTarget,98,chip_simple_dxm1p818_dym1p818__Lj12p0nH_Cj2p0fF__roL8p5mm__tee_fl160um_fc12_cg1p2um__rpg1p4um,4.73721367161,6.13567698727,5.951634760875701,247.7004995876065,5.9295256555453815,2,chip_simple_dx6p364_dym10p000__Lj12p0nH_Cj2p0fF__roL8p5mm__tee_fl160um_fc12_cg1p2um__rpg1p4um,4.71222287437,6.11776336869,5.892424395643234,248.8381761745651,5.8779333128535365,0.00013424187137010016,0.024990797240000084,0.017913618579999735,0.05921036523246759,1.1376765869586052,0.05159234269184498
SQuADDS_MultiTarget,98,chip_simple_dxm1p818_dym1p818__Lj12p0nH_Cj2p0fF__roL8p5mm__tee_fl160um_fc12_cg1p2um__rpg1p4um,4.73721367161,6.13567698727,5.951634760875701,247.7004995876065,5.9295256555453815,3,chip_simple_dxm5p455_dym4p545__Lj12p0nH_Cj2p0fF__roL8p5mm__tee_fl160um_fc12_cg1p2um__rpg1p4um,4.71287290209,6.10521129892,5.888910904247283,246.5344439765854,5.876905965021521,0.00015704613500531085,0.024340769520000194,0.03046568835000052,0.06272385662841806,1.1660556110210791,0.052619690523860285
SQuADDS_MultiTarget,98,chip_simple_dxm1p818_dym1p818__Lj12p0nH_Cj2p0fF__roL8p5mm__tee_fl160um_fc12_cg1p2um__rpg1p4um,4.73721367161,6.13567698727,5.951634760875701,247.7004995876065,5.9295256555453815,4,chip_simple_dxm4p545_dy4p545__Lj12p0nH_Cj2p0fF__roL8p5mm__tee_fl160um_fc12_cg1p2um__rpg1p4um,4.71642795927,6.13578113095,5.930907612184524,251.74673425045364,5.924740428666518,0.0001590617369051084,0.020785712340000373,0.00010414367999977969,0.020727148691177533,4.046234662847155,0.004785226878863291
SQuADDS_MultiTarget,98,chip_simple_dxm1p818_dym1p818__Lj12p0nH_Cj2p0fF__roL8p5mm__tee_fl160um_fc12_cg1p2um__rpg1p4um,4.73721367161,6.13567698727,5.951634760875701,247.7004995876065,5.9295256555453815,5,chip_simple_dxm7p273_dy2p727__Lj12p0nH_Cj2p0fF__roL8p5mm__tee_fl160um_fc12_cg1p2um__rpg1p4um,4.71160179643,6.11112305572,5.860711649211884,247.21366970382263,5.902975749327858,0.0001738942471877604,0.025611875180000077,0.024553931549999852,0.09092311166381783,0.48682988378385517,0.0265499062175234
SQuADDS_MultiTarget,98,chip_simple_dxm1p818_dym1p818__Lj12p0nH_Cj2p0fF__roL8p5mm__tee_fl160um_fc12_cg1p2um__rpg1p4um,4.73721367161,6.13567698727,5.951634760875701,247.7004995876065,5.9295256555453815,6,chip_simple_dx8p182_dy10p000__Lj12p0nH_Cj2p0fF__roL8p5mm__tee_fl160um_fc12_cg1p2um__rpg1p4um,4.69432691439,6.09749818315,5.921394772914886,249.9961335217051,5.89790265333111,0.00019075345631215407,0.042886757219999794,0.03817880412000019,0.030239987960815284,2.2956339340986176,0.03162300221427117
SQuADDS_MultiTarget,98,chip_simple_dxm1p818_dym1p818__Lj12p0nH_Cj2p0fF__roL8p5mm__tee_fl160um_fc12_cg1p2um__rpg1p4um,4.73721367161,6.13567698727,5.951634760875701,247.7004995876065,5.9295256555453815,7,chip_simple_dx7p273_dym0p909__Lj12p0nH_Cj2p0fF__roL8p5mm__tee_fl160um_fc12_cg1p2um__rpg1p4um,4.70073295522,6.09546452187,5.997347442768096,249.8225305417232,5.880204986381134,0.00020304243821524449,0.036480716389999834,0.040212465399999786,0.04571268189239497,2.122030954116724,0.04932066916424738
SQuADDS_MultiTarget,98,chip_simple_dxm1p818_dym1p818__Lj12p0nH_Cj2p0fF__roL8p5mm__tee_fl160um_fc12_cg1p2um__rpg1p4um,4.73721367161,6.13567698727,5.951634760875701,247.7004995876065,5.9295256555453815,8,chip_simple_dxm7p273_dy0p000__Lj12p0nH_Cj2p0fF__roL8p5mm__tee_fl160um_fc12_cg1p2um__rpg1p4um,4.73251374973,6.12333432529,5.90339426124382,245.63052496269063,5.833142733315017,0.0002049059628535099,0.004699921880000346,0.012342661980000003,0.048240499631881484,2.069974624915858,0.09638292223036427
SQuADDS_MultiTarget,98,chip_simple_dxm1p818_dym1p818__Lj12p0nH_Cj2p0fF__roL8p5mm__tee_fl160um_fc12_cg1p2um__rpg1p4um,4.73721367161,6.13567698727,5.951634760875701,247.7004995876065,5.9295256555453815,9,chip_simple_dx1p818_dy4p545__Lj12p0nH_Cj2p0fF__roL8p5mm__tee_fl160um_fc12_cg1p2um__rpg1p4um,4.71625141136,6.09699178177,5.937363158708572,245.50271805823053,5.844152234649521,0.00020522256867216428,0.020962260250000142,0.03868520550000021,0.014271602167129416,2.197781529375959,0.08537342089586009
SQuADDS_MultiTarget,98,chip_simple_dxm1p818_dym1p818__Lj12p0nH_Cj2p0fF__roL8p5mm__tee_fl160um_fc12_cg1p2um__rpg1p4um,4.73721367161,6.13567698727,5.951634760875701,247.7004995876065,5.9295256555453815,10,chip_simple_dx0p000_dy0p000__Lj12p0nH_Cj2p0fF__roL8p5mm__tee_fl160um_fc12_cg1p2um__rpg1p4um,4.73427745419,6.0988951142,5.960086310180664,242.41626861962845,5.922689635063685,0.00026554563107595636,0.0029362174200002755,0.036781873069999804,0.008451549304962391,5.284230967978033,0.006836020481696181
SQuADDS_MultiTarget,99,chip_simple_dxm1p818_dy1p818__Lj12p0nH_Cj2p0fF__roL8p5mm__tee_fl160um_fc12_cg1p2um__rpg1p4um,4.71658813345,5.98678880657,6.365563063159942,235.3370986289206,5.714595461499598,1,chip_simple_dx6p364_dym4p545__Lj12p0nH_Cj2p0fF__roL8p5mm__tee_fl160um_fc12_cg1p2um__rpg1p4um,4.70542995999,5.98920452189,6.345821467342376,237.78954520480733,5.738142979039027,7.335676546293141e-05,0.011158173460000143,0.002415715319999734,0.019741595817565738,2.4524465758867393,0.023547517539428853
SQuADDS_MultiTarget,99,chip_simple_dxm1p818_dy1p818__Lj12p0nH_Cj2p0fF__roL8p5mm__tee_fl160um_fc12_cg1p2um__rpg1p4um,4.71658813345,5.98678880657,6.365563063159942,235.3370986289206,5.714595461499598,2,chip_simple_dx9p091_dym0p909__Lj12p0nH_Cj2p0fF__roL8p5mm__tee_fl160um_fc12_cg1p2um__rpg1p4um,4.69833241253,5.9700084278,6.424561027713775,237.54943824235883,5.679426145956277,0.00012891252562088228,0.01825572092000005,0.01678037877000005,0.05899796455383299,2.212339613438246,0.035169315543321034
SQuADDS_MultiTarget,99,chip_simple_dxm1p818_dy1p818__Lj12p0nH_Cj2p0fF__roL8p5mm__tee_fl160um_fc12_cg1p2um__rpg1p4um,4.71658813345,5.98678880657,6.365563063159942,235.3370986289206,5.714595461499598,3,chip_simple_dx5p455_dy8p182__Lj12p0nH_Cj2p0fF__roL8p5mm__tee_fl160um_fc12_cg1p2um__rpg1p4um,4.74855405086,6.03321750387,6.352321427940368,236.0766933371285,5.795288526783467,0.0002128717928791869,0.03196591740999999,0.04642869730000054,0.013241635219573666,0.7395947082079033,0.0806930652838691
SQuADDS_MultiTarget,99,chip_simple_dxm1p818_dy1p818__Lj12p0nH_Cj2p0fF__roL8p5mm__tee_fl160um_fc12_cg1p2um__rpg1p4um,4.71658813345,5.98678880657,6.365563063159942,235.3370986289206,5.714595461499598,4,chip_simple_dx5p455_dym8p182__Lj12p0nH_Cj2p0fF__roL8p5mm__tee_fl160um_fc12_cg1p2um__rpg1p4um,4.72112014614,6.01414813913,6.374000339464187,239.1567683741239,5.777326992270697,0.00021465474293140232,0.004532012689999476,0.02735933255999967,0.008437276304245067,3.8196697452033277,0.06273153077109939
SQuADDS_MultiTarget,99,chip_simple_dxm1p818_dy1p818__Lj12p0nH_Cj2p0fF__roL8p5mm__tee_fl160um_fc12_cg1p2um__rpg1p4um,4.71658813345,5.98678880657,6.365563063159942,235.3370986289206,5.714595461499598,5,chip_simple_dxm0p909_dym3p636__Lj12p0nH_Cj2p0fF__roL8p5mm__tee_fl160um_fc12_cg1p2um__rpg1p4um,4.69601117989,5.93903014075,6.353685933414459,231.5134236977928,5.684249526032748,0.00023050408961704463,0.02057695356,0.04775866581999999,0.01187712974548294,3.8236749311277833,0.030345935466849383
SQuADDS_MultiTarget,99,chip_simple_dxm1p818_dy1p818__Lj12p0nH_Cj2p0fF__roL8p5mm__tee_fl160um_fc12_cg1p2um__rpg1p4um,4.71658813345,5.98678880657,6.365563063159942,235.3370986289206,5.714595461499598,6,chip_simple_dx9p091_dy10p000__Lj12p0nH_Cj2p0fF__roL8p5mm__tee_fl160um_fc12_cg1p2um__rpg1p4um,4.69926836053,5.96788032666,6.480939449926376,237.9698333652788,5.70456835918075,0.0002518337484026579,0.01731977292000053,0.01890847991000033,0.11537638676643436,2.632734736358202,0.010027102318847625
SQuADDS_MultiTarget,99,chip_simple_dxm1p818_dy1p818__Lj12p0nH_Cj2p0fF__roL8p5mm__tee_fl160um_fc12_cg1p2um__rpg1p4um,4.71658813345,5.98678880657,6.365563063159942,235.3370986289206,5.714595461499598,7,chip_simple_dxm10p000_dy5p455__Lj12p0nH_Cj2p0fF__roL8p5mm__tee_fl160um_fc12_cg1p2um__rpg1p4um,4.68450586588,5.93930419909,6.332968150115967,233.56816593343532,5.606035397677945,0.00033097905553918124,0.03208226756999988,0.0474846074799995,0.032594913043975104,1.7689326954852618,0.10856006382165262
SQuADDS_MultiTarget,99,chip_simple_dxm1p818_dy1p818__Lj12p0nH_Cj2p0fF__roL8p5mm__tee_fl160um_fc12_cg1p2um__rpg1p4um,4.71658813345,5.98678880657,6.365563063159942,235.3370986289206,5.714595461499598,8,chip_simple_dx3p636_dy0p000__Lj12p0nH_Cj2p0fF__roL8p5mm__tee_fl160um_fc12_cg1p2um__rpg1p4um,4.70882035794,5.9422654803,6.4021899407176965,229.9937839696689,5.689626408771035,0.0003418767033042827,0.007767775510000519,0.04452332627000022,0.03662687755775451,5.343314659251689,0.024969052728562424
SQuADDS_MultiTarget,99,chip_simple_dxm1p818_dy1p818__Lj12p0nH_Cj2p0fF__roL8p5mm__tee_fl160um_fc12_cg1p2um__rpg1p4um,4.71658813345,5.98678880657,6.365563063159942,235.3370986289206,5.714595461499598,9,chip_simple_dxm1p818_dym10p000__Lj12p0nH_Cj2p0fF__roL8p5mm__tee_fl160um_fc12_cg1p2um__rpg1p4um,4.72213098232,5.99382514578,6.216597866516113,232.5260761215951,5.710682925319376,0.000348154796735676,0.005542848870000228,0.007036339209999909,0.1489651966438288,2.8110225073254753,0.003912536180221693
SQuADDS_MultiTarget,99,chip_simple_dxm1p818_dy1p818__Lj12p0nH_Cj2p0fF__roL8p5mm__tee_fl160um_fc12_cg1p2um__rpg1p4um,4.71658813345,5.98678880657,6.365563063159942,235.3370986289206,5.714595461499598,10,chip_simple_dx3p636_dy4p545__Lj12p0nH_Cj2p0fF__roL8p5mm__tee_fl160um_fc12_cg1p2um__rpg1p4um,4.76686960241,6.03406234879,6.336961414855956,231.9630982052728,5.803810222877011,0.00041072987219471156,0.05028146895999974,0.04727354222000013,0.028601648303985705,3.3740004236478,0.08921476137741369
SQuADDS_MultiTarget,100,chip_simple_dxm1p818_dy3p636__Lj12p0nH_Cj2p0fF__roL8p5mm__tee_fl160um_fc12_cg1p2um__rpg1p4um,4.72466810462,6.01834362229,5.96028201146698,231.13712300128543,5.753478884920279,1,chip_simple_dx5p455_dym5p455__Lj12p0nH_Cj2p0fF__roL8p5mm__tee_fl160um_fc12_cg1p2um__rpg1p4um,4.709863899,5.99683327993,5.929605029994964,230.04974901021689,5.782561504070822,5.9679191460754954e-05,0.014804205619999955,0.021510342360000045,0.030676981472015363,1.0873739910685458,0.02908261915054311
SQuADDS_MultiTarget,100,chip_simple_dxm1p818_dy3p636__Lj12p0nH_Cj2p0fF__roL8p5mm__tee_fl160um_fc12_cg1p2um__rpg1p4um,4.72466810462,6.01834362229,5.96028201146698,231.13712300128543,5.753478884920279,2,chip_simple_dxm3p636_dy0p000__Lj12p0nH_Cj2p0fF__roL8p5mm__tee_fl160um_fc12_cg1p2um__rpg1p4um,4.70838073554,5.99696765617,5.903114487281799,229.85254512138803,5.729679412558419,9.44959737312142e-05,0.016287369080000502,0.021375966119999923,0.05716752418518034,1.2845778798973981,0.02379947236185931
SQuADDS_MultiTarget,100,chip_simple_dxm1p818_dy3p636__Lj12p0nH_Cj2p0fF__roL8p5mm__tee_fl160um_fc12_cg1p2um__rpg1p4um,4.72466810462,6.01834362229,5.96028201146698,231.13712300128543,5.753478884920279,3,chip_simple_dx5p455_dy3p636__Lj12p0nH_Cj2p0fF__roL8p5mm__tee_fl160um_fc12_cg1p2um__rpg1p4um,4.7636678617,6.06553300361,5.938757620286942,230.3360185996995,5.748293753067317,0.0001425500006391071,0.03899975708000003,0.047189381319999946,0.021524391180038016,0.801104401585917,0.005185131852961433
SQuADDS_MultiTarget,100,chip_simple_dxm1p818_dy3p636__Lj12p0nH_Cj2p0fF__roL8p5mm__tee_fl160um_fc12_cg1p2um__rpg1p4um,4.72466810462,6.01834362229,5.96028201146698,231.13712300128543,5.753478884920279,4,chip_simple_dx0p909_dy0p909__Lj12p0nH_Cj2p0fF__roL8p5mm__tee_fl160um_fc12_cg1p2um__rpg1p4um,4.74629473326,6.04239971887,5.894084815874099,229.19790488610408,5.810269347557483,0.00018251532177025102,0.02162662863999998,0.024056096579999853,0.0661971955928804,1.9392181151813475,0.05679046263720444
SQuADDS_MultiTarget,100,chip_simple_dxm1p818_dy3p636__Lj12p0nH_Cj2p0fF__roL8p5mm__tee_fl160um_fc12_cg1p2um__rpg1p4um,4.72466810462,6.01834362229,5.96028201146698,231.13712300128543,5.753478884920279,5,chip_simple_dx1p818_dym1p818__Lj12p0nH_Cj2p0fF__roL8p5mm__tee_fl160um_fc12_cg1p2um__rpg1p4um,4.72149319155,6.00383369896,5.970341072605133,229.6082734110952,5.650635763318174,0.00018932082534732026,0.003174913070000507,0.014509923329999452,0.010059061138153247,1.5288495901902195,0.1028431216021044
SQuADDS_MultiTarget,100,chip_simple_dxm1p818_dy3p636__Lj12p0nH_Cj2p0fF__roL8p5mm__tee_fl160um_fc12_cg1p2um__rpg1p4um,4.72466810462,6.01834362229,5.96028201146698,231.13712300128543,5.753478884920279,6,chip_simple_dx0p909_dym8p182__Lj12p0nH_Cj2p0fF__roL8p5mm__tee_fl160um_fc12_cg1p2um__rpg1p4um,4.70055739372,6.00934439173,5.9578544504756925,234.711210840026,5.695445771960415,0.00019878408257261755,0.024110710900000498,0.008999230559999738,0.0024275609912871587,3.5740878387405814,0.058033112959863686
SQuADDS_MultiTarget,100,chip_simple_dxm1p818_dy3p636__Lj12p0nH_Cj2p0fF__roL8p5mm__tee_fl160um_fc12_cg1p2um__rpg1p4um,4.72466810462,6.01834362229,5.96028201146698,231.13712300128543,5.753478884920279,7,chip_simple_dx5p455_dy9p091__Lj12p0nH_Cj2p0fF__roL8p5mm__tee_fl160um_fc12_cg1p2um__rpg1p4um,4.73434437587,6.01886558958,5.922171247373581,228.427960579758,5.8379166125756985,0.00020102713204223907,0.009676271250000035,0.0005219672900000916,0.03811076409339886,2.7091624215274237,0.08443772765541979
SQuADDS_MultiTarget,100,chip_simple_dxm1p818_dy3p636__Lj12p0nH_Cj2p0fF__roL8p5mm__tee_fl160um_fc12_cg1p2um__rpg1p4um,4.72466810462,6.01834362229,5.96028201146698,231.13712300128543,5.753478884920279,8,chip_simple_dx1p818_dy7p273__Lj12p0nH_Cj2p0fF__roL8p5mm__tee_fl160um_fc12_cg1p2um__rpg1p4um,4.70826655373,5.99263086685,5.863451439090729,228.39791043317305,5.715696208117421,0.00025405599199987996,0.016401550890000394,0.025712755439999846,0.09683057237625103,2.7392125681123787,0.037782676802857296
SQuADDS_MultiTarget,100,chip_simple_dxm1p818_dy3p636__Lj12p0nH_Cj2p0fF__roL8p5mm__tee_fl160um_fc12_cg1p2um__rpg1p4um,4.72466810462,6.01834362229,5.96028201146698,231.13712300128543,5.753478884920279,9,chip_simple_dxm7p273_dy10p000__Lj12p0nH_Cj2p0fF__roL8p5mm__tee_fl160um_fc12_cg1p2um__rpg1p4um,4.74112824339,6.0338985905,5.849102284322738,228.0004194267305,5.782595714641922,0.00029768089805355907,0.0164601387700003,0.01555496821000002,0.11117972714424162,3.1367035745549288,0.029116829721643533
SQuADDS_MultiTarget,100,chip_simple_dxm1p818_dy3p636__Lj12p0nH_Cj2p0fF__roL8p5mm__tee_fl160um_fc12_cg1p2um__rpg1p4um,4.72466810462,6.01834362229,5.96028201146698,231.13712300128543,5.753478884920279,10,chip_simple_dx3p636_dym0p909__Lj12p0nH_Cj2p0fF__roL8p5mm__tee_fl160um_fc12_cg1p2um__rpg1p4um,4.74682723468,6.06657591767,5.891095231824875,232.95693903075104,5.84385390194947,0.0003079605712714463,0.022159130059999477,0.04823229538000007,0.06918677964210485,1.8198160294656134,0.09037501702919126
SQuADDS_MultiTarget,101,chip_simple_dxm1p818_dy10p000__Lj12p0nH_Cj2p0fF__roL8p5mm__tee_fl160um_fc12_cg1p2um__rpg1p4um,4.77817000938,6.12893558245,5.456556175081253,227.5213594644575,5.917687244651611,1,chip_simple_dx7p273_dy7p273__Lj12p0nH_Cj2p0fF__roL8p5mm__tee_fl160um_fc12_cg1p2um__rpg1p4um,4.77632474172,6.11603268543,5.46948547539711,226.2400590105068,5.898415113466635,2.8548735968119745e-05,0.0018452676600002604,0.012902897020000026,0.012929300315857262,1.2813004539507062,0.019272131184975727
SQuADDS_MultiTarget,101,chip_simple_dxm1p818_dy10p000__Lj12p0nH_Cj2p0fF__roL8p5mm__tee_fl160um_fc12_cg1p2um__rpg1p4um,4.77817000938,6.12893558245,5.456556175081253,227.5213594644575,5.917687244651611,2,chip_simple_dxm7p273_dym1p818__Lj12p0nH_Cj2p0fF__roL8p5mm__tee_fl160um_fc12_cg1p2um__rpg1p4um,4.76438654102,6.12161083912,5.439724164207458,228.93417802659692,5.912665026004023,3.414716654715912e-05,0.013783468359999773,0.007324743329999883,0.016832010873794268,1.412818562139421,0.005022218647587451
SQuADDS_MultiTarget,101,chip_simple_dxm1p818_dy10p000__Lj12p0nH_Cj2p0fF__roL8p5mm__tee_fl160um_fc12_cg1p2um__rpg1p4um,4.77817000938,6.12893558245,5.456556175081253,227.5213594644575,5.917687244651611,3,chip_simple_dx7p273_dy2p727__Lj12p0nH_Cj2p0fF__roL8p5mm__tee_fl160um_fc12_cg1p2um__rpg1p4um,4.77873216069,6.13275040265,5.505240939167022,229.1445143426731,5.952577534882911,8.303308226625975e-05,0.0005621513099995923,0.003814820200000568,0.048684764085769494,1.623154878215587,0.03489029023130019
SQuADDS_MultiTarget,101,chip_simple_dxm1p818_dy10p000__Lj12p0nH_Cj2p0fF__roL8p5mm__tee_fl160um_fc12_cg1p2um__rpg1p4um,4.77817000938,6.12893558245,5.456556175081253,227.5213594644575,5.917687244651611,4,chip_simple_dxm5p455_dym3p636__Lj12p0nH_Cj2p0fF__roL8p5mm__tee_fl160um_fc12_cg1p2um__rpg1p4um,4.77861395761,6.11699498856,5.515590421457291,226.9690980462932,5.881045293305209,8.444508573185192e-05,0.00044394823000004635,0.011940593889999462,0.05903424637603827,0.5522614181643064,0.036641951346402024
SQuADDS_MultiTarget,101,chip_simple_dxm1p818_dy10p000__Lj12p0nH_Cj2p0fF__roL8p5mm__tee_fl160um_fc12_cg1p2um__rpg1p4um,4.77817000938,6.12893558245,5.456556175081253,227.5213594644575,5.917687244651611,5,chip_simple_dx0p909_dy7p273__Lj12p0nH_Cj2p0fF__roL8p5mm__tee_fl160um_fc12_cg1p2um__rpg1p4um,4.787298265,6.12194872056,5.503688935358047,225.6752448335204,5.946141167085224,8.673371898176305e-05,0.009128255620000303,0.0069868618899997514,0.047132760276794805,1.8461146309371088,0.028453922433612888
SQuADDS_MultiTarget,101,chip_simple_dxm1p818_dy10p000__Lj12p0nH_Cj2p0fF__roL8p5mm__tee_fl160um_fc12_cg1p2um__rpg1p4um,4.77817000938,6.12893558245,5.456556175081253,227.5213594644575,5.917687244651611,6,chip_simple_dx8p182_dy3p636__Lj12p0nH_Cj2p0fF__roL8p5mm__tee_fl160um_fc12_cg1p2um__rpg1p4um,4.74833115983,6.10316137397,5.395294238792419,228.2050160306239,5.868324301832488,0.00015901339476395035,0.029838849549999935,0.025774208479999672,0.06126193628883314,0.6836565661664054,0.04936294281912268
SQuADDS_MultiTarget,101,chip_simple_dxm1p818_dy10p000__Lj12p0nH_Cj2p0fF__roL8p5mm__tee_fl160um_fc12_cg1p2um__rpg1p4um,4.77817000938,6.12893558245,5.456556175081253,227.5213594644575,5.917687244651611,7,chip_simple_dxm10p000_dym5p455__Lj12p0nH_Cj2p0fF__roL8p5mm__tee_fl160um_fc12_cg1p2um__rpg1p4um,4.74663028203,6.09244739086,5.497690521795272,229.06180088997965,5.833596212181217,0.00023131227139492526,0.03153972735000021,0.036488191589999275,0.04113434671401972,1.5404414255221468,0.08409103247039429
SQuADDS_MultiTarget,101,chip_simple_dxm1p818_dy10p000__Lj12p0nH_Cj2p0fF__roL8p5mm__tee_fl160um_fc12_cg1p2um__rpg1p4um,4.77817000938,6.12893558245,5.456556175081253,227.5213594644575,5.917687244651611,8,chip_simple_dx5p455_dym0p909__Lj12p0nH_Cj2p0fF__roL8p5mm__tee_fl160um_fc12_cg1p2um__rpg1p4um,4.7930652742,6.12875251186,5.394133037059784,223.2748147250602,5.91572486547393,0.0002493903880689056,0.01489526481999981,0.0001830705899994456,0.062423138021468816,4.246544739397308,0.0019623791776810506
SQuADDS_MultiTarget,101,chip_simple_dxm1p818_dy10p000__Lj12p0nH_Cj2p0fF__roL8p5mm__tee_fl160um_fc12_cg1p2um__rpg1p4um,4.77817000938,6.12893558245,5.456556175081253,227.5213594644575,5.917687244651611,9,chip_simple_dx3p636_dy2p727__Lj12p0nH_Cj2p0fF__roL8p5mm__tee_fl160um_fc12_cg1p2um__rpg1p4um,4.7695153084,6.10276815564,5.564971743753433,227.5127877530553,5.861853039357804,0.00026340685405715436,0.008654700980000207,0.02616742680999984,0.10841556867218038,0.00857171140219748,0.05583420529380678
SQuADDS_MultiTarget,101,chip_simple_dxm1p818_dy10p000__Lj12p0nH_Cj2p0fF__roL8p5mm__tee_fl160um_fc12_cg1p2um__rpg1p4um,4.77817000938,6.12893558245,5.456556175081253,227.5213594644575,5.917687244651611,10,chip_simple_dxm6p364_dy5p455__Lj12p0nH_Cj2p0fF__roL8p5mm__tee_fl160um_fc12_cg1p2um__rpg1p4um,4.74714722938,6.10190388125,5.5239915411624905,230.99470980116783,5.886184494438364,0.0002686697048980679,0.031022779999999806,0.027031701199999425,0.0674353660812379,3.4733503367103253,0.03150275021324678
SQuADDS_MultiTarget,102,chip_simple_dxm0p909_dym6p364__Lj12p0nH_Cj2p0fF__roL8p5mm__tee_fl160um_fc12_cg1p2um__rpg1p4um,4.73641698179,6.08792263054,5.621972734323501,233.0698299477765,5.852490232076104,1,chip_simple_dxm0p909_dym4p545__Lj12p0nH_Cj2p0fF__roL8p5mm__tee_fl160um_fc12_cg1p2um__rpg1p4um,4.73152601443,6.08098781521,5.6054915347919465,232.6416415790713,5.819711093719061,2.4033507125157475e-05,0.0048909673599997205,0.006934815329999289,0.01648119953155458,0.42818836870520727,0.032779138357042825
SQuADDS_MultiTarget,102,chip_simple_dxm0p909_dym6p364__Lj12p0nH_Cj2p0fF__roL8p5mm__tee_fl160um_fc12_cg1p2um__rpg1p4um,4.73641698179,6.08792263054,5.621972734323501,233.0698299477765,5.852490232076104,2,chip_simple_dxm5p455_dym5p455__Lj12p0nH_Cj2p0fF__roL8p5mm__tee_fl160um_fc12_cg1p2um__rpg1p4um,4.73470923401,6.08624842403,5.670676468399048,234.1906472022272,5.826739823305008,5.897282092687492e-05,0.00170774777999938,0.0016742065099997205,0.048703734075546734,1.1208172544507136,0.02575040877109558
SQuADDS_MultiTarget,102,chip_simple_dxm0p909_dym6p364__Lj12p0nH_Cj2p0fF__roL8p5mm__tee_fl160um_fc12_cg1p2um__rpg1p4um,4.73641698179,6.08792263054,5.621972734323501,233.0698299477765,5.852490232076104,3,chip_simple_dxm8p182_dy4p545__Lj12p0nH_Cj2p0fF__roL8p5mm__tee_fl160um_fc12_cg1p2um__rpg1p4um,4.72472338379,6.07232041902,5.541016860761642,231.3279258836254,5.809423706845696,0.00017134537312078968,0.011693597999999916,0.015602211519999187,0.08095587356185874,1.7419040641511003,0.043066525230407215
SQuADDS_MultiTarget,102,chip_simple_dxm0p909_dym6p364__Lj12p0nH_Cj2p0fF__roL8p5mm__tee_fl160um_fc12_cg1p2um__rpg1p4um,4.73641698179,6.08792263054,5.621972734323501,233.0698299477765,5.852490232076104,4,chip_simple_dx9p091_dym3p636__Lj12p0nH_Cj2p0fF__roL8p5mm__tee_fl160um_fc12_cg1p2um__rpg1p4um,4.74768350608,6.11192641656,5.676827084125518,235.79656019646745,5.912170509194911,0.00018923443279843114,0.011266524289999857,0.02400378602000064,0.05485434980201731,2.7267302486909557,0.05968027711880719
SQuADDS_MultiTarget,102,chip_simple_dxm0p909_dym6p364__Lj12p0nH_Cj2p0fF__roL8p5mm__tee_fl160um_fc12_cg1p2um__rpg1p4um,4.73641698179,6.08792263054,5.621972734323501,233.0698299477765,5.852490232076104,5,chip_simple_dx10p000_dy5p455__Lj12p0nH_Cj2p0fF__roL8p5mm__tee_fl160um_fc12_cg1p2um__rpg1p4um,4.77056794082,6.12645084226,5.640998436819077,232.61451725199908,5.931445691824671,0.0001906767911499078,0.03415095903000065,0.038528211720000094,0.019025702495575558,0.4553126957774225,0.07895545974856777
SQuADDS_MultiTarget,102,chip_simple_dxm0p909_dym6p364__Lj12p0nH_Cj2p0fF__roL8p5mm__tee_fl160um_fc12_cg1p2um__rpg1p4um,4.73641698179,6.08792263054,5.621972734323501,233.0698299477765,5.852490232076104,6,chip_simple_dxm2p727_dy1p818__Lj12p0nH_Cj2p0fF__roL8p5mm__tee_fl160um_fc12_cg1p2um__rpg1p4um,4.74603018436,6.11585771515,5.539317374271392,233.78375966019303,5.921034401913258,0.0002065286084833255,0.009613202570000645,0.02793508461000016,0.08265536005210894,0.7139297124165296,0.06854416983715428
SQuADDS_MultiTarget,102,chip_simple_dxm0p909_dym6p364__Lj12p0nH_Cj2p0fF__roL8p5mm__tee_fl160um_fc12_cg1p2um__rpg1p4um,4.73641698179,6.08792263054,5.621972734323501,233.0698299477765,5.852490232076104,7,chip_simple_dxm6p364_dy5p455__Lj12p0nH_Cj2p0fF__roL8p5mm__tee_fl160um_fc12_cg1p2um__rpg1p4um,4.74714722938,6.10190388125,5.5239915411624905,230.99470980116783,5.886184494438364,0.000218487130078379,0.01073024759000063,0.013981250710000559,0.09798119316101062,2.0751201466086684,0.033694262362260474
SQuADDS_MultiTarget,102,chip_simple_dxm0p909_dym6p364__Lj12p0nH_Cj2p0fF__roL8p5mm__tee_fl160um_fc12_cg1p2um__rpg1p4um,4.73641698179,6.08792263054,5.621972734323501,233.0698299477765,5.852490232076104,8,chip_simple_dxm3p636_dym10p000__Lj12p0nH_Cj2p0fF__roL8p5mm__tee_fl160um_fc12_cg1p2um__rpg1p4um,4.72557516817,6.0961813609,5.652686272777557,237.36475682712327,5.807200983518184,0.00022173365483800955,0.010841813619999918,0.008258730360000577,0.030713538454056,4.294926879346775,0.04528924855791949
SQuADDS_MultiTarget,102,chip_simple_dxm0p909_dym6p364__Lj12p0nH_Cj2p0fF__roL8p5mm__tee_fl160um_fc12_cg1p2um__rpg1p4um,4.73641698179,6.08792263054,5.621972734323501,233.0698299477765,5.852490232076104,9,chip_simple_dx8p182_dym0p909__Lj12p0nH_Cj2p0fF__roL8p5mm__tee_fl160um_fc12_cg1p2um__rpg1p4um,4.73453222964,6.07916206739,5.5368717016582485,230.278664506644,5.804701724358442,0.00022184271783352654,0.0018847521499996134,0.008760563149999179,0.0851010326652526,2.791165441132506,0.04778850771766141
SQuADDS_MultiTarget,102,chip_simple_dxm0p909_dym6p364__Lj12p0nH_Cj2p0fF__roL8p5mm__tee_fl160um_fc12_cg1p2um__rpg1p4um,4.73641698179,6.08792263054,5.621972734323501,233.0698299477765,5.852490232076104,10,chip_simple_dx2p727_dy5p455__Lj12p0nH_Cj2p0fF__roL8p5mm__tee_fl160um_fc12_cg1p2um__rpg1p4um,4.74208651799,6.09436211613,5.726268231283187,235.1566146380877,5.880473450765719,0.00022614233023951776,0.005669536200000103,0.0064394855900005155,0.10429549695968632,2.086784690311191,0.02798321868961562
SQuADDS_MultiTarget,103,chip_simple_dx0p909_dy0p000__Lj12p0nH_Cj2p0fF__roL8p5mm__tee_fl160um_fc12_cg1p2um__rpg1p4um,4.74139838894,6.04523834088,5.675883268123626,226.36996000978667,5.713551955173814,1,chip_simple_dxm3p636_dym4p545__Lj12p0nH_Cj2p0fF__roL8p5mm__tee_fl160um_fc12_cg1p2um__rpg1p4um,4.74235488793,6.04534109441,5.723736058847427,227.1294815057925,5.7373862078713325,4.99105911337654e-05,0.0009564989899999432,0.00010275353000022136,0.047852790723800886,0.7595214960058456,0.02383425269751882
SQuADDS_MultiTarget,103,chip_simple_dx0p909_dy0p000__Lj12p0nH_Cj2p0fF__roL8p5mm__tee_fl160um_fc12_cg1p2um__rpg1p4um,4.74139838894,6.04523834088,5.675883268123626,226.36996000978667,5.713551955173814,2,chip_simple_dx1p818_dym10p000__Lj12p0nH_Cj2p0fF__roL8p5mm__tee_fl160um_fc12_cg1p2um__rpg1p4um,4.71825339915,6.0249810499,5.668253818870544,227.73903094203945,5.741519544932768,6.623008878574503e-05,0.02314498979000046,0.020257290980000064,0.007629449253082399,1.3690709322527823,0.02796758975895397
SQuADDS_MultiTarget,103,chip_simple_dx0p909_dy0p000__Lj12p0nH_Cj2p0fF__roL8p5mm__tee_fl160um_fc12_cg1p2um__rpg1p4um,4.74139838894,6.04523834088,5.675883268123626,226.36996000978667,5.713551955173814,3,chip_simple_dxm5p455_dy7p273__Lj12p0nH_Cj2p0fF__roL8p5mm__tee_fl160um_fc12_cg1p2um__rpg1p4um,4.7550557353,6.0689882308,5.697021401802063,227.79860249670247,5.765618099955324,9.210247741650126e-05,0.0136573463599996,0.02374988991999949,0.021138133678436866,1.4286424869158054,0.05206614478151028
SQuADDS_MultiTarget,103,chip_simple_dx0p909_dy0p000__Lj12p0nH_Cj2p0fF__roL8p5mm__tee_fl160um_fc12_cg1p2um__rpg1p4um,4.74139838894,6.04523834088,5.675883268123626,226.36996000978667,5.713551955173814,4,chip_simple_dxm3p636_dy8p182__Lj12p0nH_Cj2p0fF__roL8p5mm__tee_fl160um_fc12_cg1p2um__rpg1p4um,4.73729832468,6.03809876203,5.615429738752365,224.8091277096963,5.742262433762976,9.52599900221587e-05,0.004100064260000202,0.007139578850000383,0.06045352937126136,1.560832300090368,0.028710478589162314
SQuADDS_MultiTarget,103,chip_simple_dx0p909_dy0p000__Lj12p0nH_Cj2p0fF__roL8p5mm__tee_fl160um_fc12_cg1p2um__rpg1p4um,4.74139838894,6.04523834088,5.675883268123626,226.36996000978667,5.713551955173814,5,chip_simple_dxm0p909_dy7p273__Lj12p0nH_Cj2p0fF__roL8p5mm__tee_fl160um_fc12_cg1p2um__rpg1p4um,4.70613110667,5.99730794943,5.718138606563568,226.7890078045864,5.726349608257517,0.000150123055522624,0.03526728227000042,0.04793039145000044,0.04225533843994178,0.41904779479972376,0.012797653083703509
SQuADDS_MultiTarget,103,chip_simple_dx0p909_dy0p000__Lj12p0nH_Cj2p0fF__roL8p5mm__tee_fl160um_fc12_cg1p2um__rpg1p4um,4.74139838894,6.04523834088,5.675883268123626,226.36996000978667,5.713551955173814,6,chip_simple_dxm1p818_dy0p909__Lj12p0nH_Cj2p0fF__roL8p5mm__tee_fl160um_fc12_cg1p2um__rpg1p4um,4.73247725261,6.06032547334,5.647781850090027,230.0219004377902,5.758222245971617,0.00018271869745378213,0.008921136330000579,0.015087132459999708,0.028101418033599224,3.6519404280035417,0.0446702907978036
SQuADDS_MultiTarget,103,chip_simple_dx0p909_dy0p000__Lj12p0nH_Cj2p0fF__roL8p5mm__tee_fl160um_fc12_cg1p2um__rpg1p4um,4.74139838894,6.04523834088,5.675883268123626,226.36996000978667,5.713551955173814,7,chip_simple_dx8p182_dym7p273__Lj12p0nH_Cj2p0fF__roL8p5mm__tee_fl160um_fc12_cg1p2um__rpg1p4um,4.75453402814,6.05826619394,5.752804228256226,227.26530590646345,5.792570418204838,0.00020760763174582683,0.013135639199999716,0.01302785305999965,0.07692096013259953,0.8953458966767869,0.07901846303102467
SQuADDS_MultiTarget,103,chip_simple_dx0p909_dy0p000__Lj12p0nH_Cj2p0fF__roL8p5mm__tee_fl160um_fc12_cg1p2um__rpg1p4um,4.74139838894,6.04523834088,5.675883268123626,226.36996000978667,5.713551955173814,8,chip_simple_dx0p000_dym2p727__Lj12p0nH_Cj2p0fF__roL8p5mm__tee_fl160um_fc12_cg1p2um__rpg1p4um,4.72308106304,6.01925382396,5.781981496412277,228.09975736372985,5.690176383635383,0.0002456764328044849,0.018317325900000014,0.025984516920000367,0.10609822828865045,1.7297973539431837,0.023375571538430506
SQuADDS_MultiTarget,103,chip_simple_dx0p909_dy0p000__Lj12p0nH_Cj2p0fF__roL8p5mm__tee_fl160um_fc12_cg1p2um__rpg1p4um,4.74139838894,6.04523834088,5.675883268123626,226.36996000978667,5.713551955173814,9,chip_simple_dx0p000_dym6p364__Lj12p0nH_Cj2p0fF__roL8p5mm__tee_fl160um_fc12_cg1p2um__rpg1p4um,4.74288579894,6.03308089793,5.782055475780487,226.2307596859305,5.794067523813237,0.0002785789903953758,0.0014874099999993007,0.01215744295000043,0.10617220765686053,0.13920032385615855,0.08051556863942366
SQuADDS_MultiTarget,103,chip_simple_dx0p909_dy0p000__Lj12p0nH_Cj2p0fF__roL8p5mm__tee_fl160um_fc12_cg1p2um__rpg1p4um,4.74139838894,6.04523834088,5.675883268123626,226.36996000978667,5.713551955173814,10,chip_simple_dxm6p364_dym9p091__Lj12p0nH_Cj2p0fF__roL8p5mm__tee_fl160um_fc12_cg1p2um__rpg1p4um,4.71233913521,6.02901270922,5.663697428594589,229.5055713320909,5.813836152709171,0.0002970424747336187,0.029059253730000734,0.01622563166000024,0.012185839529037068,3.1356113223042428,0.10028419753535722
SQuADDS_MultiTarget,104,chip_simple_dx0p909_dy6p364__Lj12p0nH_Cj2p0fF__roL8p5mm__tee_fl160um_fc12_cg1p2um__rpg1p4um,4.70997564431,5.99512074395,5.736094124229431,225.95671781879915,5.714840812333396,1,chip_simple_dxm0p909_dy7p273__Lj12p0nH_Cj2p0fF__roL8p5mm__tee_fl160um_fc12_cg1p2um__rpg1p4um,4.70613110667,5.99730794943,5.718138606563568,226.7890078045864,5.726349608257517,1.45101820471843e-05,0.003844537640000034,0.002187205479999399,0.017955517665862786,0.8322899857872414,0.011508795924121351
SQuADDS_MultiTarget,104,chip_simple_dx0p909_dy6p364__Lj12p0nH_Cj2p0fF__roL8p5mm__tee_fl160um_fc12_cg1p2um__rpg1p4um,4.70997564431,5.99512074395,5.736094124229431,225.95671781879915,5.714840812333396,2,chip_simple_dx0p000_dym2p727__Lj12p0nH_Cj2p0fF__roL8p5mm__tee_fl160um_fc12_cg1p2um__rpg1p4um,4.72308106304,6.01925382396,5.781981496412277,228.09975736372985,5.690176383635383,0.00011023375725893134,0.013105418730000373,0.024133080009999475,0.04588737218284589,2.1430395449307014,0.024664428698012664
SQuADDS_MultiTarget,104,chip_simple_dx0p909_dy6p364__Lj12p0nH_Cj2p0fF__roL8p5mm__tee_fl160um_fc12_cg1p2um__rpg1p4um,4.70997564431,5.99512074395,5.736094124229431,225.95671781879915,5.714840812333396,3,chip_simple_dx1p818_dym10p000__Lj12p0nH_Cj2p0fF__roL8p5mm__tee_fl160um_fc12_cg1p2um__rpg1p4um,4.71825339915,6.0249810499,5.668253818870544,227.73903094203945,5.741519544932768,0.00013984054300207003,0.008277754839999929,0.029860305949999777,0.06784030535888697,1.7823131232403,0.026678732599371813
SQuADDS_MultiTarget,104,chip_simple_dx0p909_dy6p364__Lj12p0nH_Cj2p0fF__roL8p5mm__tee_fl160um_fc12_cg1p2um__rpg1p4um,4.70997564431,5.99512074395,5.736094124229431,225.95671781879915,5.714840812333396,4,chip_simple_dxm3p636_dym4p545__Lj12p0nH_Cj2p0fF__roL8p5mm__tee_fl160um_fc12_cg1p2um__rpg1p4um,4.74235488793,6.04534109441,5.723736058847427,227.1294815057925,5.7373862078713325,0.00014100393395822419,0.03237924362000033,0.05022035046000006,0.01235806538200368,1.1727636869933633,0.022545395537936663
SQuADDS_MultiTarget,104,chip_simple_dx0p909_dy6p364__Lj12p0nH_Cj2p0fF__roL8p5mm__tee_fl160um_fc12_cg1p2um__rpg1p4um,4.70997564431,5.99512074395,5.736094124229431,225.95671781879915,5.714840812333396,5,chip_simple_dxm9p091_dym0p909__Lj12p0nH_Cj2p0fF__roL8p5mm__tee_fl160um_fc12_cg1p2um__rpg1p4um,4.70861223691,5.97190035235,5.828280176078796,224.2856497209385,5.726841959580289,0.00017377957754698576,0.0013634074000004048,0.023220391600000667,0.09218605184936557,1.6710680978606547,0.012001147246893495
SQuADDS_MultiTarget,104,chip_simple_dx0p909_dy6p364__Lj12p0nH_Cj2p0fF__roL8p5mm__tee_fl160um_fc12_cg1p2um__rpg1p4um,4.70997564431,5.99512074395,5.736094124229431,225.95671781879915,5.714840812333396,6,chip_simple_dx9p091_dym6p364__Lj12p0nH_Cj2p0fF__roL8p5mm__tee_fl160um_fc12_cg1p2um__rpg1p4um,4.69330723701,5.96815675403,5.833106887407302,226.8800540792516,5.674148599783987,0.00020947208524015528,0.016668407300000077,0.026963989920000486,0.09701276317787144,0.9233362604524586,0.040692212549409135
SQuADDS_MultiTarget,104,chip_simple_dx0p909_dy6p364__Lj12p0nH_Cj2p0fF__roL8p5mm__tee_fl160um_fc12_cg1p2um__rpg1p4um,4.70997564431,5.99512074395,5.736094124229431,225.95671781879915,5.714840812333396,7,chip_simple_dx0p000_dym6p364__Lj12p0nH_Cj2p0fF__roL8p5mm__tee_fl160um_fc12_cg1p2um__rpg1p4um,4.74288579894,6.03308089793,5.782055475780487,226.2307596859305,5.794067523813237,0.00021784770882241826,0.03291015462999969,0.03796015397999941,0.04596135155105596,0.27404186713135914,0.0792267114798415
SQuADDS_MultiTarget,104,chip_simple_dx0p909_dy6p364__Lj12p0nH_Cj2p0fF__roL8p5mm__tee_fl160um_fc12_cg1p2um__rpg1p4um,4.70997564431,5.99512074395,5.736094124229431,225.95671781879915,5.714840812333396,8,chip_simple_dx8p182_dym4p545__Lj12p0nH_Cj2p0fF__roL8p5mm__tee_fl160um_fc12_cg1p2um__rpg1p4um,4.71494974134,6.02611343627,5.731930271121978,229.83680963166307,5.802565180291682,0.0002933555047013168,0.004974097029999847,0.030992692319999904,0.0041638531074523755,3.880091812863924,0.08772436795828575
SQuADDS_MultiTarget,104,chip_simple_dx0p909_dy6p364__Lj12p0nH_Cj2p0fF__roL8p5mm__tee_fl160um_fc12_cg1p2um__rpg1p4um,4.70997564431,5.99512074395,5.736094124229431,225.95671781879915,5.714840812333396,9,chip_simple_dx3p636_dym4p545__Lj12p0nH_Cj2p0fF__roL8p5mm__tee_fl160um_fc12_cg1p2um__rpg1p4um,4.73608663371,6.03725752393,5.823189326255798,229.1116188550764,5.733624292767639,0.00029828183577633113,0.02611098940000023,0.04213677997999987,0.08709520202636689,3.154901036277238,0.018783480434243494
SQuADDS_MultiTarget,104,chip_simple_dx0p909_dy6p364__Lj12p0nH_Cj2p0fF__roL8p5mm__tee_fl160um_fc12_cg1p2um__rpg1p4um,4.70997564431,5.99512074395,5.736094124229431,225.95671781879915,5.714840812333396,10,chip_simple_dx1p818_dy7p273__Lj12p0nH_Cj2p0fF__roL8p5mm__tee_fl160um_fc12_cg1p2um__rpg1p4um,4.70826655373,5.99263086685,5.863451439090729,228.39791043317305,5.715696208117421,0.00030515850317714994,0.0017090905800003497,0.0024898771000003705,0.12735731486129787,2.441192614373904,0.0008553957840256032
SQuADDS_MultiTarget,105,chip_simple_dx0p909_dy10p000__Lj12p0nH_Cj2p0fF__roL8p5mm__tee_fl160um_fc12_cg1p2um__rpg1p4um,4.6871433385,6.02047336532,6.148103960992813,243.26442283681763,5.760159287002021,1,chip_simple_dx7p273_dym9p091__Lj12p0nH_Cj2p0fF__roL8p5mm__tee_fl160um_fc12_cg1p2um__rpg1p4um,4.6928216438,6.0417170803,6.165310552288055,246.04724963381204,5.790205003998438,9.68700527538826e-05,0.005678305300000019,0.021243714979999773,0.017206591295241935,2.7828267969944136,0.030045716996417227
SQuADDS_MultiTarget,105,chip_simple_dx0p909_dy10p000__Lj12p0nH_Cj2p0fF__roL8p5mm__tee_fl160um_fc12_cg1p2um__rpg1p4um,4.6871433385,6.02047336532,6.148103960992813,243.26442283681763,5.760159287002021,2,chip_simple_dxm2p000_dym2p000__Lj12p0nH_Cj2p0fF__roL8p5mm__tee_fl160um_fc12_cg1p2um__rpg1p4um,4.66750846399,5.99576429238,6.200288068849563,244.5650742862331,5.692685446377873,0.00015331534889653905,0.019634874510000344,0.024709072940000354,0.05218410785674976,1.3006514494154828,0.06747384062414774
SQuADDS_MultiTarget,105,chip_simple_dx0p909_dy10p000__Lj12p0nH_Cj2p0fF__roL8p5mm__tee_fl160um_fc12_cg1p2um__rpg1p4um,4.6871433385,6.02047336532,6.148103960992813,243.26442283681763,5.760159287002021,3,chip_simple_dxm2p000_dym2p000__Lj12p0nH_Cj2p0fF__roL8p5mm__tee_fl160um_fc12_cg1p2um__rpg1p4um,4.66750846399,5.99576429238,6.200288068849563,244.5650742862331,5.69268544637786,0.00015331534889656616,0.019634874510000344,0.024709072940000354,0.05218410785674976,1.3006514494154828,0.06747384062416106
SQuADDS_MultiTarget,105,chip_simple_dx0p909_dy10p000__Lj12p0nH_Cj2p0fF__roL8p5mm__tee_fl160um_fc12_cg1p2um__rpg1p4um,4.6871433385,6.02047336532,6.148103960992813,243.26442283681763,5.760159287002021,4,chip_simple_dxm4p545_dym3p636__Lj12p0nH_Cj2p0fF__roL8p5mm__tee_fl160um_fc12_cg1p2um__rpg1p4um,4.67304431925,6.03199474143,6.125895672599793,247.8916504390452,5.756437524837708,0.0002003498712559339,0.014099019250000566,0.011521376110000148,0.02220828839302058,4.627227602227578,0.0037217621643126364
SQuADDS_MultiTarget,105,chip_simple_dx0p909_dy10p000__Lj12p0nH_Cj2p0fF__roL8p5mm__tee_fl160um_fc12_cg1p2um__rpg1p4um,4.6871433385,6.02047336532,6.148103960992813,243.26442283681763,5.760159287002021,5,chip_simple_dx5p455_dy2p727__Lj12p0nH_Cj2p0fF__roL8p5mm__tee_fl160um_fc12_cg1p2um__rpg1p4um,4.68450192494,6.04838752866,6.060318185382843,246.72047979195173,5.809511348960735,0.00026137626692719434,0.0026414135600001387,0.027914163340000187,0.08778577560997025,3.456056955134102,0.049352061958713556
SQuADDS_MultiTarget,105,chip_simple_dx0p909_dy10p000__Lj12p0nH_Cj2p0fF__roL8p5mm__tee_fl160um_fc12_cg1p2um__rpg1p4um,4.6871433385,6.02047336532,6.148103960992813,243.26442283681763,5.760159287002021,6,chip_simple_dx4p545_dym0p909__Lj12p0nH_Cj2p0fF__roL8p5mm__tee_fl160um_fc12_cg1p2um__rpg1p4um,4.7255365678,6.0505170878,6.107614511497498,239.2497887649095,5.805207767962136,0.00028044267742872986,0.038393229299999554,0.030043722480000312,0.04048944949531563,4.0146340719081195,0.04504848096011482
SQuADDS_MultiTarget,105,chip_simple_dx0p909_dy10p000__Lj12p0nH_Cj2p0fF__roL8p5mm__tee_fl160um_fc12_cg1p2um__rpg1p4um,4.6871433385,6.02047336532,6.148103960992813,243.26442283681763,5.760159287002021,7,chip_simple_dxm5p455_dy2p727__Lj12p0nH_Cj2p0fF__roL8p5mm__tee_fl160um_fc12_cg1p2um__rpg1p4um,4.71638631695,6.04240059633,6.065049773584366,238.98986735764416,5.770011812343904,0.00029927928481289376,0.029242978450000123,0.02192723101000027,0.08305418740844761,4.274555479173472,0.0098525253418833
SQuADDS_MultiTarget,105,chip_simple_dx0p909_dy10p000__Lj12p0nH_Cj2p0fF__roL8p5mm__tee_fl160um_fc12_cg1p2um__rpg1p4um,4.6871433385,6.02047336532,6.148103960992813,243.26442283681763,5.760159287002021,8,chip_simple_dxm4p545_dym8p182__Lj12p0nH_Cj2p0fF__roL8p5mm__tee_fl160um_fc12_cg1p2um__rpg1p4um,4.70192752994,6.05323396604,6.2145116127338405,246.8898807551624,5.839847717118128,0.0003046441572241037,0.014784191439999539,0.032760600719999644,0.06640765174102725,3.625457918344779,0.07968843011610716
SQuADDS_MultiTarget,105,chip_simple_dx0p909_dy10p000__Lj12p0nH_Cj2p0fF__roL8p5mm__tee_fl160um_fc12_cg1p2um__rpg1p4um,4.6871433385,6.02047336532,6.148103960992813,243.26442283681763,5.760159287002021,9,chip_simple_dxm6p364_dy0p909__Lj12p0nH_Cj2p0fF__roL8p5mm__tee_fl160um_fc12_cg1p2um__rpg1p4um,4.69107050135,6.04188144188,5.995209583665847,242.9076041180208,5.775200553792946,0.00032705353599471416,0.003927162849999277,0.02140807656000021,0.15289437732696598,0.3568187187968306,0.015041266790924546
SQuADDS_MultiTarget,105,chip_simple_dx0p909_dy10p000__Lj12p0nH_Cj2p0fF__roL8p5mm__tee_fl160um_fc12_cg1p2um__rpg1p4um,4.6871433385,6.02047336532,6.148103960992813,243.26442283681763,5.760159287002021,10,chip_simple_dxm8p182_dy0p000__Lj12p0nH_Cj2p0fF__roL8p5mm__tee_fl160um_fc12_cg1p2um__rpg1p4um,4.71825133181,6.07367777131,6.017017910228729,242.8397923358069,5.766522456286912,0.00035157928515083565,0.031107993310000026,0.05320440598999987,0.1310860507640843,0.4246305010107392,0.006363169284891335
SQuADDS_MultiTarget,106,chip_simple_dx1p818_dym5p455__Lj12p0nH_Cj2p0fF__roL8p5mm__tee_fl160um_fc12_cg1p2um__rpg1p4um,4.75276332089,6.12142191828,5.658263751716613,235.8553039603668,5.927860977969706,1,chip_simple_dx9p091_dym3p636__Lj12p0nH_Cj2p0fF__roL8p5mm__tee_fl160um_fc12_cg1p2um__rpg1p4um,4.74768350608,6.11192641656,5.676827084125518,235.79656019646745,5.912170509194911,1.2464271984108282e-05,0.005079814810000194,0.009495501720000021,0.018563332408905175,0.05874376389934355,0.015690468774795185
SQuADDS_MultiTarget,106,chip_simple_dx1p818_dym5p455__Lj12p0nH_Cj2p0fF__roL8p5mm__tee_fl160um_fc12_cg1p2um__rpg1p4um,4.75276332089,6.12142191828,5.658263751716613,235.8553039603668,5.927860977969706,2,chip_simple_dx5p455_dy10p000__Lj12p0nH_Cj2p0fF__roL8p5mm__tee_fl160um_fc12_cg1p2um__rpg1p4um,4.76274116066,6.11721103757,5.712053706623077,234.31572975750703,5.908680685836695,7.66063293107895e-05,0.00997783977000033,0.004210880710000531,0.05378995490646421,1.539574202859768,0.019180292133010646
SQuADDS_MultiTarget,106,chip_simple_dx1p818_dym5p455__Lj12p0nH_Cj2p0fF__roL8p5mm__tee_fl160um_fc12_cg1p2um__rpg1p4um,4.75276332089,6.12142191828,5.658263751716613,235.8553039603668,5.927860977969706,3,chip_simple_dx10p000_dy5p455__Lj12p0nH_Cj2p0fF__roL8p5mm__tee_fl160um_fc12_cg1p2um__rpg1p4um,4.77056794082,6.12645084226,5.640998436819077,232.61451725199908,5.931445691824671,0.00011394849004684905,0.017804619930000598,0.005028923979999433,0.017265314897536577,3.2407867083677218,0.0035847138549653934
SQuADDS_MultiTarget,106,chip_simple_dx1p818_dym5p455__Lj12p0nH_Cj2p0fF__roL8p5mm__tee_fl160um_fc12_cg1p2um__rpg1p4um,4.75276332089,6.12142191828,5.658263751716613,235.8553039603668,5.927860977969706,4,chip_simple_dxm2p727_dy4p545__Lj12p0nH_Cj2p0fF__roL8p5mm__tee_fl160um_fc12_cg1p2um__rpg1p4um,4.75153648539,6.12686754084,5.701167658432007,237.858845654832,5.866682937277906,0.00011894166058879548,0.001226835499999801,0.005445622559999919,0.04290390671539335,2.0035416944652127,0.061178040691800106
SQuADDS_MultiTarget,106,chip_simple_dx1p818_dym5p455__Lj12p0nH_Cj2p0fF__roL8p5mm__tee_fl160um_fc12_cg1p2um__rpg1p4um,4.75276332089,6.12142191828,5.658263751716613,235.8553039603668,5.927860977969706,5,chip_simple_dx1p818_dy10p000__Lj12p0nH_Cj2p0fF__roL8p5mm__tee_fl160um_fc12_cg1p2um__rpg1p4um,4.76456970698,6.12469469811,5.715602728620529,235.17172413097128,5.857749191271262,0.00013194725451640135,0.011806386089999954,0.003272779829999628,0.05733897690391565,0.6835798293955122,0.07011178669844398
SQuADDS_MultiTarget,106,chip_simple_dx1p818_dym5p455__Lj12p0nH_Cj2p0fF__roL8p5mm__tee_fl160um_fc12_cg1p2um__rpg1p4um,4.75276332089,6.12142191828,5.658263751716613,235.8553039603668,5.927860977969706,6,chip_simple_dx2p727_dy5p455__Lj12p0nH_Cj2p0fF__roL8p5mm__tee_fl160um_fc12_cg1p2um__rpg1p4um,4.74208651799,6.09436211613,5.726268231283187,235.1566146380877,5.880473450765719,0.0001331510205732072,0.010676802899999949,0.027059802150000145,0.06800447956657418,0.6986893222791082,0.04738752720398676
SQuADDS_MultiTarget,106,chip_simple_dx1p818_dym5p455__Lj12p0nH_Cj2p0fF__roL8p5mm__tee_fl160um_fc12_cg1p2um__rpg1p4um,4.75276332089,6.12142191828,5.658263751716613,235.8553039603668,5.927860977969706,7,chip_simple_dx8p182_dy2p727__Lj12p0nH_Cj2p0fF__roL8p5mm__tee_fl160um_fc12_cg1p2um__rpg1p4um,4.74852684297,6.13036381413,5.567534519544601,236.22808127869936,5.910382801372927,0.00013708185885101686,0.004236477920000148,0.008941895849999604,0.0907292321720119,0.37277731833256667,0.01747817659677864
SQuADDS_MultiTarget,106,chip_simple_dx1p818_dym5p455__Lj12p0nH_Cj2p0fF__roL8p5mm__tee_fl160um_fc12_cg1p2um__rpg1p4um,4.75276332089,6.12142191828,5.658263751716613,235.8553039603668,5.927860977969706,8,chip_simple_dxm5p455_dym5p455__Lj12p0nH_Cj2p0fF__roL8p5mm__tee_fl160um_fc12_cg1p2um__rpg1p4um,4.73470923401,6.08624842403,5.670676468399048,234.1906472022272,5.826739823305008,0.00022025784344620816,0.01805408687999943,0.03517349425000038,0.0124127166824346,1.6646567581395857,0.10112115466469795
SQuADDS_MultiTarget,106,chip_simple_dx1p818_dym5p455__Lj12p0nH_Cj2p0fF__roL8p5mm__tee_fl160um_fc12_cg1p2um__rpg1p4um,4.75276332089,6.12142191828,5.658263751716613,235.8553039603668,5.927860977969706,9,chip_simple_dx1p818_dy8p182__Lj12p0nH_Cj2p0fF__roL8p5mm__tee_fl160um_fc12_cg1p2um__rpg1p4um,4.72017945709,6.08731558494,5.7091661056575775,238.19641006055008,5.858573926089484,0.00023608176430910496,0.032583863799999335,0.03410633334000046,0.05090235394096432,2.341106100183282,0.069287051880222
SQuADDS_MultiTarget,106,chip_simple_dx1p818_dym5p455__Lj12p0nH_Cj2p0fF__roL8p5mm__tee_fl160um_fc12_cg1p2um__rpg1p4um,4.75276332089,6.12142191828,5.658263751716613,235.8553039603668,5.927860977969706,10,chip_simple_dxm2p727_dy1p818__Lj12p0nH_Cj2p0fF__roL8p5mm__tee_fl160um_fc12_cg1p2um__rpg1p4um,4.74603018436,6.11585771515,5.539317374271392,233.78375966019303,5.921034401913258,0.0002630240027111887,0.006733136529999406,0.0055642031300005,0.11894637744522107,2.0715443001737697,0.006826576056448097
SQuADDS_MultiTarget,107,chip_simple_dx2p727_dym9p091__Lj12p0nH_Cj2p0fF__roL8p5mm__tee_fl160um_fc12_cg1p2um__rpg1p4um,4.71854167281,6.10937869643,5.389543067037582,235.1503843898085,5.897915052557842,1,chip_simple_dx3p636_dy0p909__Lj12p0nH_Cj2p0fF__roL8p5mm__tee_fl160um_fc12_cg1p2um__rpg1p4um,4.73143429893,6.12491806194,5.389206310459136,234.98575964773192,5.885525347962422,1.638863267070055e-05,0.012892626120000195,0.01553936550999957,0.0003367565784460069,0.16462474207656896,0.012389704595419992
SQuADDS_MultiTarget,107,chip_simple_dx2p727_dym9p091__Lj12p0nH_Cj2p0fF__roL8p5mm__tee_fl160um_fc12_cg1p2um__rpg1p4um,4.71854167281,6.10937869643,5.389543067037582,235.1503843898085,5.897915052557842,2,chip_simple_dx1p818_dy2p727__Lj12p0nH_Cj2p0fF__roL8p5mm__tee_fl160um_fc12_cg1p2um__rpg1p4um,4.73051218304,6.12803325906,5.421712024963378,236.38667356093669,5.88764607320176,4.8908558587585454e-05,0.011970510230000286,0.018654562630000093,0.03216895792579599,1.2362891711281918,0.010268979356081509
SQuADDS_MultiTarget,107,chip_simple_dx2p727_dym9p091__Lj12p0nH_Cj2p0fF__roL8p5mm__tee_fl160um_fc12_cg1p2um__rpg1p4um,4.71854167281,6.10937869643,5.389543067037582,235.1503843898085,5.897915052557842,3,chip_simple_dx7p273_dym8p182__Lj12p0nH_Cj2p0fF__roL8p5mm__tee_fl160um_fc12_cg1p2um__rpg1p4um,4.73860663357,6.13667098278,5.410198969038009,235.95734473947155,5.923419674600598,6.062172587271621e-05,0.020064960760000083,0.027292286349999806,0.020655902000426885,0.8069603496630577,0.02550462204275572
SQuADDS_MultiTarget,107,chip_simple_dx2p727_dym9p091__Lj12p0nH_Cj2p0fF__roL8p5mm__tee_fl160um_fc12_cg1p2um__rpg1p4um,4.71854167281,6.10937869643,5.389543067037582,235.1503843898085,5.897915052557842,4,chip_simple_dx3p636_dy8p182__Lj12p0nH_Cj2p0fF__roL8p5mm__tee_fl160um_fc12_cg1p2um__rpg1p4um,4.73023832949,6.13512220294,5.346158240707397,235.8529741168492,5.904860917666218,6.145744428501617e-05,0.011696656679999862,0.02574350650999957,0.043384826330185255,0.7025897270407029,0.006945865108376026
SQuADDS_MultiTarget,107,chip_simple_dx2p727_dym9p091__Lj12p0nH_Cj2p0fF__roL8p5mm__tee_fl160um_fc12_cg1p2um__rpg1p4um,4.71854167281,6.10937869643,5.389543067037582,235.1503843898085,5.897915052557842,5,chip_simple_dx5p455_dym2p727__Lj12p0nH_Cj2p0fF__roL8p5mm__tee_fl160um_fc12_cg1p2um__rpg1p4um,4.72671328787,6.1181183266,5.450069299165725,236.2126742133905,5.905966219312021,7.924108232857155e-05,0.008171615060000192,0.008739630170000012,0.06052623212814279,1.062289823582006,0.008051166754179384
SQuADDS_MultiTarget,107,chip_simple_dx2p727_dym9p091__Lj12p0nH_Cj2p0fF__roL8p5mm__tee_fl160um_fc12_cg1p2um__rpg1p4um,4.71854167281,6.10937869643,5.389543067037582,235.1503843898085,5.897915052557842,6,chip_simple_dxm10p000_dym8p182__Lj12p0nH_Cj2p0fF__roL8p5mm__tee_fl160um_fc12_cg1p2um__rpg1p4um,4.70878498903,6.10283717632,5.43583358929634,237.26809301618,5.8968743535962265,8.287448301662527e-05,0.009756683780000053,0.006541520110000754,0.04629052225875796,2.1177086263714955,0.001040698961615405
SQuADDS_MultiTarget,107,chip_simple_dx2p727_dym9p091__Lj12p0nH_Cj2p0fF__roL8p5mm__tee_fl160um_fc12_cg1p2um__rpg1p4um,4.71854167281,6.10937869643,5.389543067037582,235.1503843898085,5.897915052557842,7,chip_simple_dx10p000_dym6p364__Lj12p0nH_Cj2p0fF__roL8p5mm__tee_fl160um_fc12_cg1p2um__rpg1p4um,4.72676334755,6.12769509524,5.428620394487381,237.2099123366833,5.930169327664392,9.161792951504748e-05,0.008221674740000573,0.01831639880999969,0.03907732744979864,2.0595279468747947,0.03225427510654999
SQuADDS_MultiTarget,107,chip_simple_dx2p727_dym9p091__Lj12p0nH_Cj2p0fF__roL8p5mm__tee_fl160um_fc12_cg1p2um__rpg1p4um,4.71854167281,6.10937869643,5.389543067037582,235.1503843898085,5.897915052557842,8,chip_simple_dxm0p909_dym8p182__Lj12p0nH_Cj2p0fF__roL8p5mm__tee_fl160um_fc12_cg1p2um__rpg1p4um,4.69924154033,6.09992513873,5.408171934171676,238.0058622200954,5.864927398734324,0.00011446843105115369,0.019300132479999732,0.009453557700000559,0.01862886713409395,2.855477830286901,0.032987653823518315
SQuADDS_MultiTarget,107,chip_simple_dx2p727_dym9p091__Lj12p0nH_Cj2p0fF__roL8p5mm__tee_fl160um_fc12_cg1p2um__rpg1p4um,4.71854167281,6.10937869643,5.389543067037582,235.1503843898085,5.897915052557842,9,chip_simple_dxm1p818_dym4p545__Lj12p0nH_Cj2p0fF__roL8p5mm__tee_fl160um_fc12_cg1p2um__rpg1p4um,4.7578510672,6.15914042544,5.390935790428161,235.0013169384904,5.933580595314555,0.00015426437797504854,0.03930939439000003,0.04976172901000009,0.0013927233905786096,0.1490674513181034,0.03566554275671319
SQuADDS_MultiTarget,107,chip_simple_dx2p727_dym9p091__Lj12p0nH_Cj2p0fF__roL8p5mm__tee_fl160um_fc12_cg1p2um__rpg1p4um,4.71854167281,6.10937869643,5.389543067037582,235.1503843898085,5.897915052557842,10,chip_simple_dxm8p182_dy7p273__Lj12p0nH_Cj2p0fF__roL8p5mm__tee_fl160um_fc12_cg1p2um__rpg1p4um,4.73980994773,6.11492139787,5.370422379964828,231.42365600136029,5.863101959116468,0.00017043716060976,0.021268274920000607,0.0055427014399995755,0.019120687072754272,3.7267283884482083,0.03481309344137351
SQuADDS_MultiTarget,108,chip_simple_dx2p727_dym6p364__Lj12p0nH_Cj2p0fF__roL8p5mm__tee_fl160um_fc12_cg1p2um__rpg1p4um,4.72708638401,6.15667409709,5.543435228425979,244.333560948847,5.937980422389637,1,chip_simple_dx2p727_dym3p636__Lj12p0nH_Cj2p0fF__roL8p5mm__tee_fl160um_fc12_cg1p2um__rpg1p4um,4.72851008449,6.15393913849,5.502300477457046,242.70006914810185,5.946585208298799,5.1217449980213356e-05,0.0014237004800001785,0.002734958599999615,0.04113475096893282,1.633491800745162,0.008604785909162693
SQuADDS_MultiTarget,108,chip_simple_dx2p727_dym6p364__Lj12p0nH_Cj2p0fF__roL8p5mm__tee_fl160um_fc12_cg1p2um__rpg1p4um,4.72708638401,6.15667409709,5.543435228425979,244.333560948847,5.937980422389637,2,chip_simple_dxm5p455_dym2p727__Lj12p0nH_Cj2p0fF__roL8p5mm__tee_fl160um_fc12_cg1p2um__rpg1p4um,4.74191288272,6.16037786476,5.586993185428619,242.8607467730461,5.939829633011445,5.9286447993876704e-05,0.014826498710000635,0.0037037676700002464,0.04355795700263965,1.4728141758009201,0.001849210621807984
SQuADDS_MultiTarget,108,chip_simple_dx2p727_dym6p364__Lj12p0nH_Cj2p0fF__roL8p5mm__tee_fl160um_fc12_cg1p2um__rpg1p4um,4.72708638401,6.15667409709,5.543435228425979,244.333560948847,5.937980422389637,3,chip_simple_dxm9p091_dy8p182__Lj12p0nH_Cj2p0fF__roL8p5mm__tee_fl160um_fc12_cg1p2um__rpg1p4um,4.73445099138,6.15478155079,5.603587422172546,243.7500148862952,5.951852940269059,6.697559719425785e-05,0.007364607370000442,0.0018925462999996867,0.06015219374656677,0.5835460625518181,0.01387251787942212
SQuADDS_MultiTarget,108,chip_simple_dx2p727_dym6p364__Lj12p0nH_Cj2p0fF__roL8p5mm__tee_fl160um_fc12_cg1p2um__rpg1p4um,4.72708638401,6.15667409709,5.543435228425979,244.333560948847,5.937980422389637,4,chip_simple_dxm9p091_dy10p000__Lj12p0nH_Cj2p0fF__roL8p5mm__tee_fl160um_fc12_cg1p2um__rpg1p4um,4.7252089608,6.13650588385,5.541704983503341,241.53134360669733,5.967068128664825,8.870248053431233e-05,0.00187742320999984,0.020168213239999844,0.001730244922637958,2.8022173421496746,0.029087706275188197
SQuADDS_MultiTarget,108,chip_simple_dx2p727_dym6p364__Lj12p0nH_Cj2p0fF__roL8p5mm__tee_fl160um_fc12_cg1p2um__rpg1p4um,4.72708638401,6.15667409709,5.543435228425979,244.333560948847,5.937980422389637,5,chip_simple_dx1p818_dym3p636__Lj12p0nH_Cj2p0fF__roL8p5mm__tee_fl160um_fc12_cg1p2um__rpg1p4um,4.7002658343,6.11919403433,5.529006472345352,243.631041324958,5.866922254374302,0.00014837445255419415,0.02682054971000003,0.03748006275999938,0.014428756080627103,0.7025196238890032,0.07105816801533482
SQuADDS_MultiTarget,108,chip_simple_dx2p727_dym6p364__Lj12p0nH_Cj2p0fF__roL8p5mm__tee_fl160um_fc12_cg1p2um__rpg1p4um,4.72708638401,6.15667409709,5.543435228425979,244.333560948847,5.937980422389637,6,chip_simple_dx0p909_dym9p091__Lj12p0nH_Cj2p0fF__roL8p5mm__tee_fl160um_fc12_cg1p2um__rpg1p4um,4.73292662921,6.13968220021,5.629279759424209,242.34971323214788,5.904117804172508,0.0001782715678849002,0.005840245199999927,0.01699189687999958,0.08584453099823008,1.983847716699131,0.033862618217128215
SQuADDS_MultiTarget,108,chip_simple_dx2p727_dym6p364__Lj12p0nH_Cj2p0fF__roL8p5mm__tee_fl160um_fc12_cg1p2um__rpg1p4um,4.72708638401,6.15667409709,5.543435228425979,244.333560948847,5.937980422389637,7,chip_simple_dxm4p545_dy5p455__Lj12p0nH_Cj2p0fF__roL8p5mm__tee_fl160um_fc12_cg1p2um__rpg1p4um,4.71582269895,6.12400360673,5.595842418161392,242.67790535088983,5.858169998149668,0.00019180942161856564,0.011263685059999418,0.03267049036000014,0.05240718973541281,1.6556555979571783,0.07981042423996865
SQuADDS_MultiTarget,108,chip_simple_dx2p727_dym6p364__Lj12p0nH_Cj2p0fF__roL8p5mm__tee_fl160um_fc12_cg1p2um__rpg1p4um,4.72708638401,6.15667409709,5.543435228425979,244.333560948847,5.937980422389637,8,chip_simple_dx9p091_dym2p727__Lj12p0nH_Cj2p0fF__roL8p5mm__tee_fl160um_fc12_cg1p2um__rpg1p4um,4.75421160279,6.18453840176,5.473107182682037,241.5748597938345,5.95940112810006,0.0002041343962795254,0.027125218780000182,0.02786430467000045,0.07032804574394191,2.758701155012517,0.021420705710423427
SQuADDS_MultiTarget,108,chip_simple_dx2p727_dym6p364__Lj12p0nH_Cj2p0fF__roL8p5mm__tee_fl160um_fc12_cg1p2um__rpg1p4um,4.72708638401,6.15667409709,5.543435228425979,244.333560948847,5.937980422389637,9,chip_simple_dxm8p182_dy1p818__Lj12p0nH_Cj2p0fF__roL8p5mm__tee_fl160um_fc12_cg1p2um__rpg1p4um,4.71664457901,6.13034053841,5.655800553245544,244.77506405259857,5.930245532265892,0.00023109116221729862,0.010441805000000137,0.026333558680000202,0.11236532481956463,0.44150310375155755,0.00773489012374462
SQuADDS_MultiTarget,108,chip_simple_dx2p727_dym6p364__Lj12p0nH_Cj2p0fF__roL8p5mm__tee_fl160um_fc12_cg1p2um__rpg1p4um,4.72708638401,6.15667409709,5.543435228425979,244.333560948847,5.937980422389637,10,chip_simple_dx1p818_dy9p091__Lj12p0nH_Cj2p0fF__roL8p5mm__tee_fl160um_fc12_cg1p2um__rpg1p4um,4.69496856783,6.12283227216,5.541488399610519,245.5961565570783,5.835966686470624,0.00023736586356862637,0.032117816179999537,0.03384182492999965,0.0019468288154600444,1.262595608231294,0.1020137359190123
SQuADDS_MultiTarget,109,chip_simple_dx2p727_dym2p727__Lj12p0nH_Cj2p0fF__roL8p5mm__tee_fl160um_fc12_cg1p2um__rpg1p4um,4.74631445878,6.09700835048,5.432559073844909,228.52115913635785,5.873822536131756,1,chip_simple_dx8p182_dy3p636__Lj12p0nH_Cj2p0fF__roL8p5mm__tee_fl160um_fc12_cg1p2um__rpg1p4um,4.74833115983,6.10316137397,5.395294238792419,228.2050160306239,5.868324301832488,2.612065670400933e-05,0.0020167010500005134,0.006153023489999576,0.037264835052489786,0.3161431057339428,0.005498234299268212
SQuADDS_MultiTarget,109,chip_simple_dx2p727_dym2p727__Lj12p0nH_Cj2p0fF__roL8p5mm__tee_fl160um_fc12_cg1p2um__rpg1p4um,4.74631445878,6.09700835048,5.432559073844909,228.52115913635785,5.873822536131756,2,chip_simple_dxm7p273_dym1p818__Lj12p0nH_Cj2p0fF__roL8p5mm__tee_fl160um_fc12_cg1p2um__rpg1p4um,4.76438654102,6.12161083912,5.439724164207458,228.93417802659692,5.912665026004023,5.514815431464485e-05,0.018072082240000675,0.024602488639999365,0.007165090362549087,0.4130188902390728,0.038842489872267016
SQuADDS_MultiTarget,109,chip_simple_dx2p727_dym2p727__Lj12p0nH_Cj2p0fF__roL8p5mm__tee_fl160um_fc12_cg1p2um__rpg1p4um,4.74631445878,6.09700835048,5.432559073844909,228.52115913635785,5.873822536131756,3,chip_simple_dxm10p000_dym5p455__Lj12p0nH_Cj2p0fF__roL8p5mm__tee_fl160um_fc12_cg1p2um__rpg1p4um,4.74663028203,6.09244739086,5.497690521795272,229.06180088997965,5.833596212181217,9.86820932284306e-05,0.0003158232500002356,0.004560959620000027,0.06513144795036307,0.5406417536217987,0.04022632395053982
SQuADDS_MultiTarget,109,chip_simple_dx2p727_dym2p727__Lj12p0nH_Cj2p0fF__roL8p5mm__tee_fl160um_fc12_cg1p2um__rpg1p4um,4.74631445878,6.09700835048,5.432559073844909,228.52115913635785,5.873822536131756,4,chip_simple_dx7p273_dy0p000__Lj12p0nH_Cj2p0fF__roL8p5mm__tee_fl160um_fc12_cg1p2um__rpg1p4um,4.73285614666,6.06364786636,5.47772784601593,226.8629872413658,5.835642549018717,0.00011999451956135992,0.013458312120000038,0.033360484120000145,0.04516877217102078,1.6581718949920514,0.038179987113039715
SQuADDS_MultiTarget,109,chip_simple_dx2p727_dym2p727__Lj12p0nH_Cj2p0fF__roL8p5mm__tee_fl160um_fc12_cg1p2um__rpg1p4um,4.74631445878,6.09700835048,5.432559073844909,228.52115913635785,5.873822536131756,5,chip_simple_dx9p091_dy1p818__Lj12p0nH_Cj2p0fF__roL8p5mm__tee_fl160um_fc12_cg1p2um__rpg1p4um,4.72332163382,6.08397777989,5.362149336601257,229.5526193491085,5.856220715335205,0.00012670161755559299,0.022992824959999325,0.013030570590000679,0.07040973724365251,1.031460212750659,0.017601820796551593
SQuADDS_MultiTarget,109,chip_simple_dx2p727_dym2p727__Lj12p0nH_Cj2p0fF__roL8p5mm__tee_fl160um_fc12_cg1p2um__rpg1p4um,4.74631445878,6.09700835048,5.432559073844909,228.52115913635785,5.873822536131756,6,chip_simple_dx7p273_dy7p273__Lj12p0nH_Cj2p0fF__roL8p5mm__tee_fl160um_fc12_cg1p2um__rpg1p4um,4.77632474172,6.11603268543,5.46948547539711,226.2400590105068,5.898415113466635,0.00013140083108122304,0.030010282940000188,0.019024334949999222,0.036926401552200616,2.2811001258510544,0.02459257733487874
SQuADDS_MultiTarget,109,chip_simple_dx2p727_dym2p727__Lj12p0nH_Cj2p0fF__roL8p5mm__tee_fl160um_fc12_cg1p2um__rpg1p4um,4.74631445878,6.09700835048,5.432559073844909,228.52115913635785,5.873822536131756,7,chip_simple_dxm4p545_dy7p273__Lj12p0nH_Cj2p0fF__roL8p5mm__tee_fl160um_fc12_cg1p2um__rpg1p4um,4.72503834706,6.09396858071,5.364709826208115,230.88388505499736,5.8866465937490124,0.00015416783341261721,0.02127611171999977,0.003039769769999978,0.06784924763679445,2.362725918639512,0.012824057617256024
SQuADDS_MultiTarget,109,chip_simple_dx2p727_dym2p727__Lj12p0nH_Cj2p0fF__roL8p5mm__tee_fl160um_fc12_cg1p2um__rpg1p4um,4.74631445878,6.09700835048,5.432559073844909,228.52115913635785,5.873822536131756,8,chip_simple_dx6p364_dy7p273__Lj12p0nH_Cj2p0fF__roL8p5mm__tee_fl160um_fc12_cg1p2um__rpg1p4um,4.73212189971,6.07302882801,5.421970001947403,227.40830584937643,5.783914954042914,0.00015531135019805915,0.01419255906999961,0.023979522470000347,0.01058907189750613,1.1128532869814194,0.0899075820888422
SQuADDS_MultiTarget,109,chip_simple_dx2p727_dym2p727__Lj12p0nH_Cj2p0fF__roL8p5mm__tee_fl160um_fc12_cg1p2um__rpg1p4um,4.74631445878,6.09700835048,5.432559073844909,228.52115913635785,5.873822536131756,9,chip_simple_dx0p909_dym1p818__Lj12p0nH_Cj2p0fF__roL8p5mm__tee_fl160um_fc12_cg1p2um__rpg1p4um,4.74382125763,6.0716485122,5.499687352653504,226.4433546572846,5.834878033029041,0.00015723543171989573,0.0024932011500000684,0.02535983827999999,0.06712827880859518,2.077804479073251,0.0389445031027158
SQuADDS_MultiTarget,109,chip_simple_dx2p727_dym2p727__Lj12p0nH_Cj2p0fF__roL8p5mm__tee_fl160um_fc12_cg1p2um__rpg1p4um,4.74631445878,6.09700835048,5.432559073844909,228.52115913635785,5.873822536131756,10,chip_simple_dxm8p182_dy7p273__Lj12p0nH_Cj2p0fF__roL8p5mm__tee_fl160um_fc12_cg1p2um__rpg1p4um,4.73980994773,6.11492139787,5.370422379964828,231.42365600136029,5.863101959116468,0.00015824799618258405,0.006504511049999273,0.017913047389999548,0.06213669388008114,2.9024968650024334,0.010720577015288058
SQuADDS_MultiTarget,110,chip_simple_dx2p727_dym1p818__Lj12p0nH_Cj2p0fF__roL8p5mm__tee_fl160um_fc12_cg1p2um__rpg1p4um,4.79645156373,6.00832875415,5.780460235179901,211.2241767155577,5.742636683458404,1,chip_simple_dx4p545_dy10p000__Lj12p0nH_Cj2p0fF__roL8p5mm__tee_fl160um_fc12_cg1p2um__rpg1p4um,4.77208572646,5.99587669765,5.687584656963348,212.41558975620657,5.693307476185639,0.0002119797267450516,0.024365837269999524,0.01245205649999992,0.09287557821655312,1.1914130406488823,0.049329207272764464
SQuADDS_MultiTarget,110,chip_simple_dx2p727_dym1p818__Lj12p0nH_Cj2p0fF__roL8p5mm__tee_fl160um_fc12_cg1p2um__rpg1p4um,4.79645156373,6.00832875415,5.780460235179901,211.2241767155577,5.742636683458404,2,chip_simple_dxm6p364_dym4p545__Lj12p0nH_Cj2p0fF__roL8p5mm__tee_fl160um_fc12_cg1p2um__rpg1p4um,4.77051294453,5.99784752226,5.875309934732437,216.5912114480181,5.743283944916589,0.0004897303235638459,0.025938619199999735,0.010481231890000053,0.09484969955253586,5.367034732460411,0.0006472614581856106
SQuADDS_MultiTarget,110,chip_simple_dx2p727_dym1p818__Lj12p0nH_Cj2p0fF__roL8p5mm__tee_fl160um_fc12_cg1p2um__rpg1p4um,4.79645156373,6.00832875415,5.780460235179901,211.2241767155577,5.742636683458404,3,chip_simple_dxm4p545_dy1p818__Lj12p0nH_Cj2p0fF__roL8p5mm__tee_fl160um_fc12_cg1p2um__rpg1p4um,4.7912337707,6.04949503992,5.623098915470123,215.8825327452169,5.82735004160752,0.0007706690327297028,0.0052177930299999176,0.041166285770000144,0.15736131970977763,4.658356029659217,0.0847133581491164
SQuADDS_MultiTarget,110,chip_simple_dx2p727_dym1p818__Lj12p0nH_Cj2p0fF__roL8p5mm__tee_fl160um_fc12_cg1p2um__rpg1p4um,4.79645156373,6.00832875415,5.780460235179901,211.2241767155577,5.742636683458404,4,chip_simple_dx0p909_dym3p636__Lj12p0nH_Cj2p0fF__roL8p5mm__tee_fl160um_fc12_cg1p2um__rpg1p4um,4.74299007193,5.97185553704,5.585872956563949,212.43614000136665,5.67605929438614,0.0008113475352325328,0.05346149179999937,0.03647321711000018,0.19458727861595193,1.211963285808963,0.06657738907226385
SQuADDS_MultiTarget,110,chip_simple_dx2p727_dym1p818__Lj12p0nH_Cj2p0fF__roL8p5mm__tee_fl160um_fc12_cg1p2um__rpg1p4um,4.79645156373,6.00832875415,5.780460235179901,211.2241767155577,5.742636683458404,5,chip_simple_dx7p273_dy8p182__Lj12p0nH_Cj2p0fF__roL8p5mm__tee_fl160um_fc12_cg1p2um__rpg1p4um,4.72840082103,5.97315210181,5.691267652456284,217.62866557447816,5.647951458913108,0.0009502159042988393,0.06805074269999967,0.03517665233999967,0.08919258272361663,6.404488858920473,0.09468522454529538
SQuADDS_MultiTarget,110,chip_simple_dx2p727_dym1p818__Lj12p0nH_Cj2p0fF__roL8p5mm__tee_fl160um_fc12_cg1p2um__rpg1p4um,4.79645156373,6.00832875415,5.780460235179901,211.2241767155577,5.742636683458404,6,chip_simple_dx0p000_dym1p818__Lj12p0nH_Cj2p0fF__roL8p5mm__tee_fl160um_fc12_cg1p2um__rpg1p4um,4.77800352664,6.03900127346,5.563499463333129,215.7146221661486,5.782618175352404,0.000995446984520364,0.018448037089999758,0.030672519310000368,0.21696077184677165,4.490445450590897,0.03998149189400024
SQuADDS_MultiTarget,110,chip_simple_dx2p727_dym1p818__Lj12p0nH_Cj2p0fF__roL8p5mm__tee_fl160um_fc12_cg1p2um__rpg1p4um,4.79645156373,6.00832875415,5.780460235179901,211.2241767155577,5.742636683458404,7,chip_simple_dx7p273_dym7p273__Lj12p0nH_Cj2p0fF__roL8p5mm__tee_fl160um_fc12_cg1p2um__rpg1p4um,4.80834531761,6.06143102986,5.869294067358017,219.01499856665555,5.8432544354458384,0.0010360637379748653,0.011893753879999913,0.0531022757099997,0.08883383217811591,7.79082185109786,0.10061775198743472
SQuADDS_MultiTarget,110,chip_simple_dx2p727_dym1p818__Lj12p0nH_Cj2p0fF__roL8p5mm__tee_fl160um_fc12_cg1p2um__rpg1p4um,4.79645156373,6.00832875415,5.780460235179901,211.2241767155577,5.742636683458404,8,chip_simple_dxm4p545_dy9p091__Lj12p0nH_Cj2p0fF__roL8p5mm__tee_fl160um_fc12_cg1p2um__rpg1p4um,4.73257191675,5.96883434545,5.846838404302597,219.15587205568883,5.667058133519072,0.0010781588030308344,0.06387964697999937,0.03949440869999954,0.06637816912269567,7.931695340131142,0.07557854993933155
SQuADDS_MultiTarget,110,chip_simple_dx2p727_dym1p818__Lj12p0nH_Cj2p0fF__roL8p5mm__tee_fl160um_fc12_cg1p2um__rpg1p4um,4.79645156373,6.00832875415,5.780460235179901,211.2241767155577,5.742636683458404,9,chip_simple_dx7p273_dy9p091__Lj12p0nH_Cj2p0fF__roL8p5mm__tee_fl160um_fc12_cg1p2um__rpg1p4um,4.77325080353,6.03297215026,5.541249745204925,215.22790751327605,5.779259447895125,0.001096458912905534,0.023200760199999948,0.024643396110000104,0.23921048997497607,4.003730797718362,0.03662276443672141
SQuADDS_MultiTarget,110,chip_simple_dx2p727_dym1p818__Lj12p0nH_Cj2p0fF__roL8p5mm__tee_fl160um_fc12_cg1p2um__rpg1p4um,4.79645156373,6.00832875415,5.780460235179901,211.2241767155577,5.742636683458404,10,chip_simple_dxm6p364_dym7p273__Lj12p0nH_Cj2p0fF__roL8p5mm__tee_fl160um_fc12_cg1p2um__rpg1p4um,4.75005432934,6.01899043043,5.655702243776322,219.9240164763736,5.705344706711049,0.0011989259298514866,0.04639723438999965,0.01066167627999981,0.12475799140357946,8.699839760815905,0.03729197674735474
SQuADDS_MultiTarget,111,chip_simple_dx3p636_dym3p636__Lj12p0nH_Cj2p0fF__roL8p5mm__tee_fl160um_fc12_cg1p2um__rpg1p4um,4.74777878771,6.12954537699,6.021033943702697,245.8580906627232,5.948433271599349,1,chip_simple_dx0p000_dy0p000__Lj12p0nH_Cj2p0fF__roL8p5mm__tee_fl160um_fc12_cg1p2um__rpg1p4um,4.73427745419,6.0988951142,5.960086310180664,242.41626861962845,5.922689635063685,0.00019167692769173837,0.013501333519999825,0.03065026279000005,0.060947633522033584,3.44182204309476,0.025743636535663583
SQuADDS_MultiTarget,111,chip_simple_dx3p636_dym3p636__Lj12p0nH_Cj2p0fF__roL8p5mm__tee_fl160um_fc12_cg1p2um__rpg1p4um,4.74777878771,6.12954537699,6.021033943702697,245.8580906627232,5.948433271599349,2,chip_simple_dxm2p727_dym7p273__Lj12p0nH_Cj2p0fF__roL8p5mm__tee_fl160um_fc12_cg1p2um__rpg1p4um,4.7222040576,6.12237034652,5.983692367204666,249.3544121969452,5.891422873734137,0.00019666237524255974,0.025574730109999777,0.00717503047000001,0.03734157649803116,3.496321534221977,0.05701039786521189
SQuADDS_MultiTarget,111,chip_simple_dx3p636_dym3p636__Lj12p0nH_Cj2p0fF__roL8p5mm__tee_fl160um_fc12_cg1p2um__rpg1p4um,4.74777878771,6.12954537699,6.021033943702697,245.8580906627232,5.948433271599349,3,chip_simple_dx1p818_dym2p727__Lj12p0nH_Cj2p0fF__roL8p5mm__tee_fl160um_fc12_cg1p2um__rpg1p4um,4.71634435567,6.07993823183,6.091754240879059,245.7478362240464,5.8738401283262975,0.000257039293479512,0.031434432039999294,0.04960714516000042,0.07072029717636141,0.11025443867680451,0.07459314327305133
SQuADDS_MultiTarget,111,chip_simple_dx3p636_dym3p636__Lj12p0nH_Cj2p0fF__roL8p5mm__tee_fl160um_fc12_cg1p2um__rpg1p4um,4.74777878771,6.12954537699,6.021033943702697,245.8580906627232,5.948433271599349,4,chip_simple_dx1p818_dy4p545__Lj12p0nH_Cj2p0fF__roL8p5mm__tee_fl160um_fc12_cg1p2um__rpg1p4um,4.71625141136,6.09699178177,5.937363158708572,245.50271805823053,5.844152234649521,0.00032356654465244734,0.03152737634999969,0.03255359522000045,0.08367078499412539,0.35537260449268615,0.10428103694982749
SQuADDS_MultiTarget,111,chip_simple_dx3p636_dym3p636__Lj12p0nH_Cj2p0fF__roL8p5mm__tee_fl160um_fc12_cg1p2um__rpg1p4um,4.74777878771,6.12954537699,6.021033943702697,245.8580906627232,5.948433271599349,5,chip_simple_dx7p273_dym0p909__Lj12p0nH_Cj2p0fF__roL8p5mm__tee_fl160um_fc12_cg1p2um__rpg1p4um,4.70073295522,6.09546452187,5.997347442768096,249.8225305417232,5.880204986381134,0.0003326277005444775,0.047045832489999384,0.03408085512000003,0.023686500934601007,3.964439878999997,0.06822828521821478
SQuADDS_MultiTarget,111,chip_simple_dx3p636_dym3p636__Lj12p0nH_Cj2p0fF__roL8p5mm__tee_fl160um_fc12_cg1p2um__rpg1p4um,4.74777878771,6.12954537699,6.021033943702697,245.8580906627232,5.948433271599349,6,chip_simple_dx2p727_dy6p364__Lj12p0nH_Cj2p0fF__roL8p5mm__tee_fl160um_fc12_cg1p2um__rpg1p4um,4.71827326294,6.10422533124,6.110669951080322,249.8252160711548,5.885426209420992,0.0003527784597649594,0.029505524769999347,0.02532004575000002,0.08963600737762434,3.967125408431599,0.0630070621783565
SQuADDS_MultiTarget,111,chip_simple_dx3p636_dym3p636__Lj12p0nH_Cj2p0fF__roL8p5mm__tee_fl160um_fc12_cg1p2um__rpg1p4um,4.74777878771,6.12954537699,6.021033943702697,245.8580906627232,5.948433271599349,7,chip_simple_dx10p000_dym7p273__Lj12p0nH_Cj2p0fF__roL8p5mm__tee_fl160um_fc12_cg1p2um__rpg1p4um,4.74780746006,6.110765979,5.967518097417831,241.6074469436823,5.84184513151947,0.0003588809348541068,2.8672350000036317e-05,0.01877939799000039,0.053515846284866164,4.250643719040909,0.10658814007987871
SQuADDS_MultiTarget,111,chip_simple_dx3p636_dym3p636__Lj12p0nH_Cj2p0fF__roL8p5mm__tee_fl160um_fc12_cg1p2um__rpg1p4um,4.74777878771,6.12954537699,6.021033943702697,245.8580906627232,5.948433271599349,8,chip_simple_dxm5p455_dym4p545__Lj12p0nH_Cj2p0fF__roL8p5mm__tee_fl160um_fc12_cg1p2um__rpg1p4um,4.71287290209,6.10521129892,5.888910904247283,246.5344439765854,5.876905965021521,0.0003866525655352722,0.034905885619999744,0.024334078070000764,0.13212303945541404,0.6763533138621938,0.07152730657782769
SQuADDS_MultiTarget,111,chip_simple_dx3p636_dym3p636__Lj12p0nH_Cj2p0fF__roL8p5mm__tee_fl160um_fc12_cg1p2um__rpg1p4um,4.74777878771,6.12954537699,6.021033943702697,245.8580906627232,5.948433271599349,9,chip_simple_dxm7p273_dy0p000__Lj12p0nH_Cj2p0fF__roL8p5mm__tee_fl160um_fc12_cg1p2um__rpg1p4um,4.73251374973,6.12333432529,5.90339426124382,245.63052496269063,5.833142733315017,0.00039048614334986583,0.015265037979999896,0.006211051700000247,0.11763968245887746,0.22756570003258503,0.11529053828433167
SQuADDS_MultiTarget,111,chip_simple_dx3p636_dym3p636__Lj12p0nH_Cj2p0fF__roL8p5mm__tee_fl160um_fc12_cg1p2um__rpg1p4um,4.74777878771,6.12954537699,6.021033943702697,245.8580906627232,5.948433271599349,10,chip_simple_dx3p636_dy6p364__Lj12p0nH_Cj2p0fF__roL8p5mm__tee_fl160um_fc12_cg1p2um__rpg1p4um,4.70747191391,6.07732489971,6.088856940464019,247.2841235563809,5.838361767601531,0.0003961234655027011,0.04030687379999964,0.052220477280000566,0.06782299676132197,1.4260328936576911,0.11007150399781818
SQuADDS_MultiTarget,112,chip_simple_dx4p545_dym8p182__Lj12p0nH_Cj2p0fF__roL8p5mm__tee_fl160um_fc12_cg1p2um__rpg1p4um,4.75308547284,6.17343119835,5.396160117353439,238.3080880769413,5.979312965249873,1,chip_simple_dx0p000_dy1p818__Lj12p0nH_Cj2p0fF__roL8p5mm__tee_fl160um_fc12_cg1p2um__rpg1p4um,4.73893431681,6.15716579206,5.395158588809967,238.6641224689724,5.982980691110814,1.7127316411170574e-05,0.014151156029999612,0.016265406290000506,0.0010015285434716859,0.35603439203111975,0.0036677258609412178
SQuADDS_MultiTarget,112,chip_simple_dx4p545_dym8p182__Lj12p0nH_Cj2p0fF__roL8p5mm__tee_fl160um_fc12_cg1p2um__rpg1p4um,4.75308547284,6.17343119835,5.396160117353439,238.3080880769413,5.979312965249873,2,chip_simple_dxm0p909_dy10p000__Lj12p0nH_Cj2p0fF__roL8p5mm__tee_fl160um_fc12_cg1p2um__rpg1p4um,4.7596073888,6.17130833515,5.436190106533051,237.52990155709296,5.985712615463627,3.542053552250671e-05,0.006521915960000513,0.0021228632000003245,0.04002998917961165,0.7781865198483331,0.0063996502137539935
SQuADDS_MultiTarget,112,chip_simple_dx4p545_dym8p182__Lj12p0nH_Cj2p0fF__roL8p5mm__tee_fl160um_fc12_cg1p2um__rpg1p4um,4.75308547284,6.17343119835,5.396160117353439,238.3080880769413,5.979312965249873,3,chip_simple_dxm2p727_dy0p909__Lj12p0nH_Cj2p0fF__roL8p5mm__tee_fl160um_fc12_cg1p2um__rpg1p4um,4.73845369417,6.16039546172,5.41090745403862,239.617009903282,5.951034616643697,4.393720724323453e-05,0.014631778669999207,0.013035736630000017,0.014747336685180912,1.3089218263407076,0.028278348606176174
SQuADDS_MultiTarget,112,chip_simple_dx4p545_dym8p182__Lj12p0nH_Cj2p0fF__roL8p5mm__tee_fl160um_fc12_cg1p2um__rpg1p4um,4.75308547284,6.17343119835,5.396160117353439,238.3080880769413,5.979312965249873,4,chip_simple_dx8p182_dy4p545__Lj12p0nH_Cj2p0fF__roL8p5mm__tee_fl160um_fc12_cg1p2um__rpg1p4um,4.75384775336,6.16753807894,5.472293931138992,238.92779525541928,6.000528213189532,0.00011014301049730854,0.0007622805200000471,0.00589311941000048,0.07613381378555317,0.6197071784779951,0.021215247939658788
SQuADDS_MultiTarget,112,chip_simple_dx4p545_dym8p182__Lj12p0nH_Cj2p0fF__roL8p5mm__tee_fl160um_fc12_cg1p2um__rpg1p4um,4.75308547284,6.17343119835,5.396160117353439,238.3080880769413,5.979312965249873,5,chip_simple_dx6p364_dy5p455__Lj12p0nH_Cj2p0fF__roL8p5mm__tee_fl160um_fc12_cg1p2um__rpg1p4um,4.75961106113,6.17987418055,5.471624193309784,239.6637891813426,5.978039249428953,0.00011696532088199417,0.006525588290000606,0.006442982199999392,0.07546407595634452,1.3557011044013052,0.0012737158209201738
SQuADDS_MultiTarget,112,chip_simple_dx4p545_dym8p182__Lj12p0nH_Cj2p0fF__roL8p5mm__tee_fl160um_fc12_cg1p2um__rpg1p4um,4.75308547284,6.17343119835,5.396160117353439,238.3080880769413,5.979312965249873,6,fig5_cg2p0um_rpg1p5um__Lj12p0nH_Cj0p0fF__roL8p5mm__tee_fl160um_fc12,4.77793609257,6.1977870086,5.346981281085967,236.19198761457903,5.968418975392394,0.0001255140107276777,0.024850619730000467,0.024355810249999443,0.04917883626747166,2.1161004623622546,0.010893989857478914
SQuADDS_MultiTarget,112,chip_simple_dx4p545_dym8p182__Lj12p0nH_Cj2p0fF__roL8p5mm__tee_fl160um_fc12_cg1p2um__rpg1p4um,4.75308547284,6.17343119835,5.396160117353439,238.3080880769413,5.979312965249873,7,chip_simple_dx7p273_dy3p636__Lj12p0nH_Cj2p0fF__roL8p5mm__tee_fl160um_fc12_cg1p2um__rpg1p4um,4.74821889126,6.18095763125,5.310853707441329,238.5284024323724,5.986140819335255,0.00012857190663854225,0.004866581579999973,0.007526432899999769,0.08530640991210969,0.22031435543109978,0.006827854085382334
SQuADDS_MultiTarget,112,chip_simple_dx4p545_dym8p182__Lj12p0nH_Cj2p0fF__roL8p5mm__tee_fl160um_fc12_cg1p2um__rpg1p4um,4.75308547284,6.17343119835,5.396160117353439,238.3080880769413,5.979312965249873,8,chip_simple_dxm1p818_dym4p545__Lj12p0nH_Cj2p0fF__roL8p5mm__tee_fl160um_fc12_cg1p2um__rpg1p4um,4.7578510672,6.15914042544,5.390935790428161,235.0013169384904,5.933580595314555,0.00013235403642933513,0.004765594360000236,0.014290772909999916,0.005224326925278078,3.306771138450898,0.04573236993531804
SQuADDS_MultiTarget,112,chip_simple_dx4p545_dym8p182__Lj12p0nH_Cj2p0fF__roL8p5mm__tee_fl160um_fc12_cg1p2um__rpg1p4um,4.75308547284,6.17343119835,5.396160117353439,238.3080880769413,5.979312965249873,9,chip_simple_dx7p273_dym8p182__Lj12p0nH_Cj2p0fF__roL8p5mm__tee_fl160um_fc12_cg1p2um__rpg1p4um,4.73860663357,6.13667098278,5.410198969038009,235.95734473947155,5.923419674600598,0.0001404633733618761,0.01447883926999971,0.0367602155700002,0.014038851684570197,2.350743337469737,0.05589329064927551
SQuADDS_MultiTarget,112,chip_simple_dx4p545_dym8p182__Lj12p0nH_Cj2p0fF__roL8p5mm__tee_fl160um_fc12_cg1p2um__rpg1p4um,4.75308547284,6.17343119835,5.396160117353439,238.3080880769413,5.979312965249873,10,chip_simple_dx4p545_dy7p273__Lj12p0nH_Cj2p0fF__roL8p5mm__tee_fl160um_fc12_cg1p2um__rpg1p4um,4.73077815544,6.15447000621,5.330749682794571,238.4649203761867,5.9255175601275605,0.00014561621074854472,0.02230731739999925,0.018961192139999916,0.06541043455886797,0.15683229924542275,0.05379540512231262
SQuADDS_MultiTarget,113,chip_simple_dx4p545_dy1p818__Lj12p0nH_Cj2p0fF__roL8p5mm__tee_fl160um_fc12_cg1p2um__rpg1p4um,4.69868257573,6.0187323908,6.370664913076401,244.86051310279487,5.748930898042892,1,chip_simple_dxm5p455_dy5p455__Lj12p0nH_Cj2p0fF__roL8p5mm__tee_fl160um_fc12_cg1p2um__rpg1p4um,4.69664345676,6.00251231895,6.402382590307235,243.11298591036652,5.78257654231619,6.243781281319263e-05,0.0020391189699999757,0.016220071850000295,0.03171767723083452,1.7475271924283504,0.03364564427329775
SQuADDS_MultiTarget,113,chip_simple_dx4p545_dy1p818__Lj12p0nH_Cj2p0fF__roL8p5mm__tee_fl160um_fc12_cg1p2um__rpg1p4um,4.69868257573,6.0187323908,6.370664913076401,244.86051310279487,5.748930898042892,2,chip_simple_dx2p727_dy9p091__Lj12p0nH_Cj2p0fF__roL8p5mm__tee_fl160um_fc12_cg1p2um__rpg1p4um,4.66405896257,5.9877620988,6.321251501457214,246.19094484973783,5.715712771067524,0.0001423121770041879,0.034623613159999955,0.03097029200000012,0.04941341161918711,1.3304317469429634,0.033218126975367746
SQuADDS_MultiTarget,113,chip_simple_dx4p545_dy1p818__Lj12p0nH_Cj2p0fF__roL8p5mm__tee_fl160um_fc12_cg1p2um__rpg1p4um,4.69868257573,6.0187323908,6.370664913076401,244.86051310279487,5.748930898042892,3,chip_simple_dxm8p182_dy8p182__Lj12p0nH_Cj2p0fF__roL8p5mm__tee_fl160um_fc12_cg1p2um__rpg1p4um,4.69817066512,6.00885580001,6.295239226005554,241.8291948786944,5.700576278405732,0.00018479433362465655,0.0005119106100002213,0.00987659079000025,0.07542568707084651,3.0313182241004597,0.048354619637160035
SQuADDS_MultiTarget,113,chip_simple_dx4p545_dy1p818__Lj12p0nH_Cj2p0fF__roL8p5mm__tee_fl160um_fc12_cg1p2um__rpg1p4um,4.69868257573,6.0187323908,6.370664913076401,244.86051310279487,5.748930898042892,4,chip_simple_dxm7p273_dy6p364__Lj12p0nH_Cj2p0fF__roL8p5mm__tee_fl160um_fc12_cg1p2um__rpg1p4um,4.72123017621,6.04785216083,6.333465595045089,244.1985025363444,5.848505024648974,0.00021713750455756335,0.022547600479999375,0.029119770029999437,0.03719931803131171,0.6620105664504763,0.09957412660608167
SQuADDS_MultiTarget,113,chip_simple_dx4p545_dy1p818__Lj12p0nH_Cj2p0fF__roL8p5mm__tee_fl160um_fc12_cg1p2um__rpg1p4um,4.69868257573,6.0187323908,6.370664913076401,244.86051310279487,5.748930898042892,5,chip_simple_dx5p455_dym8p182__Lj12p0nH_Cj2p0fF__roL8p5mm__tee_fl160um_fc12_cg1p2um__rpg1p4um,4.72112014614,6.01414813913,6.374000339464187,239.1567683741239,5.777326992270697,0.00030702105416832725,0.022437570409999275,0.004584251670000761,0.0033354263877862778,5.703744728670955,0.02839609422780498
SQuADDS_MultiTarget,113,chip_simple_dx4p545_dy1p818__Lj12p0nH_Cj2p0fF__roL8p5mm__tee_fl160um_fc12_cg1p2um__rpg1p4um,4.69868257573,6.0187323908,6.370664913076401,244.86051310279487,5.748930898042892,6,chip_simple_dx9p091_dy9p091__Lj12p0nH_Cj2p0fF__roL8p5mm__tee_fl160um_fc12_cg1p2um__rpg1p4um,4.71043253304,6.00858502332,6.520098717010498,243.3943878228609,5.702711731566599,0.0003344440545067296,0.011749957309999282,0.010147367480000113,0.14943380393409722,1.4661252799339763,0.04621916647629298
SQuADDS_MultiTarget,113,chip_simple_dx4p545_dy1p818__Lj12p0nH_Cj2p0fF__roL8p5mm__tee_fl160um_fc12_cg1p2um__rpg1p4um,4.69868257573,6.0187323908,6.370664913076401,244.86051310279487,5.748930898042892,7,chip_simple_dxm5p455_dy6p364__Lj12p0nH_Cj2p0fF__roL8p5mm__tee_fl160um_fc12_cg1p2um__rpg1p4um,4.7062138106,6.06522709251,6.311736516672134,250.0218379600024,5.815405762039038,0.00039403140361282923,0.00753123487000007,0.046494701709999475,0.058928396404266614,5.161324857207518,0.0664748639961461
SQuADDS_MultiTarget,113,chip_simple_dx4p545_dy1p818__Lj12p0nH_Cj2p0fF__roL8p5mm__tee_fl160um_fc12_cg1p2um__rpg1p4um,4.69868257573,6.0187323908,6.370664913076401,244.86051310279487,5.748930898042892,8,chip_simple_dx0p000_dym0p909__Lj12p0nH_Cj2p0fF__roL8p5mm__tee_fl160um_fc12_cg1p2um__rpg1p4um,4.70544472234,6.05296552521,6.243624574357987,246.6853389858112,5.843999870541234,0.00039775568622831296,0.006762146609999853,0.03423313440999998,0.12704033871841425,1.8248258830163309,0.09506897249834179
SQuADDS_MultiTarget,113,chip_simple_dx4p545_dy1p818__Lj12p0nH_Cj2p0fF__roL8p5mm__tee_fl160um_fc12_cg1p2um__rpg1p4um,4.69868257573,6.0187323908,6.370664913076401,244.86051310279487,5.748930898042892,9,chip_simple_dx1p818_dym0p909__Lj12p0nH_Cj2p0fF__roL8p5mm__tee_fl160um_fc12_cg1p2um__rpg1p4um,4.67045299221,6.02263130277,6.254178175308227,249.60885360509675,5.769639685358345,0.00039819673696780023,0.028229583519999935,0.0038989119699994745,0.11648673776817375,4.748340502301886,0.02070878731545278
SQuADDS_MultiTarget,113,chip_simple_dx4p545_dy1p818__Lj12p0nH_Cj2p0fF__roL8p5mm__tee_fl160um_fc12_cg1p2um__rpg1p4um,4.69868257573,6.0187323908,6.370664913076401,244.86051310279487,5.748930898042892,10,chip_simple_dx6p364_dym8p182__Lj12p0nH_Cj2p0fF__roL8p5mm__tee_fl160um_fc12_cg1p2um__rpg1p4um,4.68289685799,6.03950968128,6.342246218194961,251.4677802258079,5.7350158185845,0.00040014569484203945,0.015785717740000038,0.020777290479999877,0.028418694881439777,6.607267123013031,0.013915079458391766
SQuADDS_MultiTarget,114,chip_simple_dx5p455_dym4p545__Lj12p0nH_Cj2p0fF__roL8p5mm__tee_fl160um_fc12_cg1p2um__rpg1p4um,4.69472936147,5.99210974881,6.508161545293808,243.8217298199476,5.725711006734401,1,chip_simple_dx9p091_dy9p091__Lj12p0nH_Cj2p0fF__roL8p5mm__tee_fl160um_fc12_cg1p2um__rpg1p4um,4.71043253304,6.00858502332,6.520098717010498,243.3943878228609,5.702711731566599,3.0033325199292837e-05,0.01570317156999934,0.016475274510000304,0.011937171716690287,0.4273419970866996,0.02299927516780187
SQuADDS_MultiTarget,114,chip_simple_dx5p455_dym4p545__Lj12p0nH_Cj2p0fF__roL8p5mm__tee_fl160um_fc12_cg1p2um__rpg1p4um,4.69472936147,5.99210974881,6.508161545293808,243.8217298199476,5.725711006734401,2,chip_simple_dxm1p818_dym0p909__Lj12p0nH_Cj2p0fF__roL8p5mm__tee_fl160um_fc12_cg1p2um__rpg1p4um,4.70639430606,5.99506656694,6.5980849503116605,243.31746149783123,5.745323603133637,0.00010987743592922808,0.01166494458999967,0.0029568181300003715,0.08992340501785279,0.50426832211636,0.019612596399236182
SQuADDS_MultiTarget,114,chip_simple_dx5p455_dym4p545__Lj12p0nH_Cj2p0fF__roL8p5mm__tee_fl160um_fc12_cg1p2um__rpg1p4um,4.69472936147,5.99210974881,6.508161545293808,243.8217298199476,5.725711006734401,3,chip_simple_dx4p545_dy8p182__Lj12p0nH_Cj2p0fF__roL8p5mm__tee_fl160um_fc12_cg1p2um__rpg1p4um,4.70036060337,6.01714554975,6.5398732121944425,247.5618554633448,5.735240697540928,0.00014980321227228195,0.0056312418999997504,0.025035800940000463,0.03171166690063476,3.7401256433972208,0.009529690806527213
SQuADDS_MultiTarget,114,chip_simple_dx5p455_dym4p545__Lj12p0nH_Cj2p0fF__roL8p5mm__tee_fl160um_fc12_cg1p2um__rpg1p4um,4.69472936147,5.99210974881,6.508161545293808,243.8217298199476,5.725711006734401,4,chip_simple_dxm5p455_dy5p455__Lj12p0nH_Cj2p0fF__roL8p5mm__tee_fl160um_fc12_cg1p2um__rpg1p4um,4.69664345676,6.00251231895,6.402382590307235,243.11298591036652,5.78257654231619,0.00018880782125036398,0.001914095290000084,0.010402570140000122,0.10577895498657242,0.7087439095810737,0.05686553558178886
SQuADDS_MultiTarget,114,chip_simple_dx5p455_dym4p545__Lj12p0nH_Cj2p0fF__roL8p5mm__tee_fl160um_fc12_cg1p2um__rpg1p4um,4.69472936147,5.99210974881,6.508161545293808,243.8217298199476,5.725711006734401,5,chip_simple_dx9p091_dy10p000__Lj12p0nH_Cj2p0fF__roL8p5mm__tee_fl160um_fc12_cg1p2um__rpg1p4um,4.69926836053,5.96788032666,6.480939449926376,237.9698333652788,5.70456835918075,0.0003208676368875328,0.004538999059999327,0.024229422150000346,0.027222095367431365,5.851896454668804,0.021142647553650917
SQuADDS_MultiTarget,114,chip_simple_dx5p455_dym4p545__Lj12p0nH_Cj2p0fF__roL8p5mm__tee_fl160um_fc12_cg1p2um__rpg1p4um,4.69472936147,5.99210974881,6.508161545293808,243.8217298199476,5.725711006734401,6,chip_simple_dxm4p545_dy0p909__Lj12p0nH_Cj2p0fF__roL8p5mm__tee_fl160um_fc12_cg1p2um__rpg1p4um,4.66753639778,5.99187167802,6.510056455795287,249.924203814837,5.720749090470385,0.0003471804629833652,0.027192963690000127,0.0002380707900000445,0.0018949105014796075,6.102473994889408,0.0049619162640164305
SQuADDS_MultiTarget,114,chip_simple_dx5p455_dym4p545__Lj12p0nH_Cj2p0fF__roL8p5mm__tee_fl160um_fc12_cg1p2um__rpg1p4um,4.69472936147,5.99210974881,6.508161545293808,243.8217298199476,5.725711006734401,7,chip_simple_dx9p091_dym0p909__Lj12p0nH_Cj2p0fF__roL8p5mm__tee_fl160um_fc12_cg1p2um__rpg1p4um,4.69833241253,5.9700084278,6.424561027713775,237.54943824235883,5.679426145956277,0.00046025507511245273,0.0036030510599998067,0.022101321010000063,0.08360051758003273,6.27229157758876,0.046284860778124326
SQuADDS_MultiTarget,114,chip_simple_dx5p455_dym4p545__Lj12p0nH_Cj2p0fF__roL8p5mm__tee_fl160um_fc12_cg1p2um__rpg1p4um,4.69472936147,5.99210974881,6.508161545293808,243.8217298199476,5.725711006734401,8,chip_simple_dx5p455_dym8p182__Lj12p0nH_Cj2p0fF__roL8p5mm__tee_fl160um_fc12_cg1p2um__rpg1p4um,4.72112014614,6.01414813913,6.374000339464187,239.1567683741239,5.777326992270697,0.0004812640731770346,0.026390784669999334,0.022038390319999657,0.13416120582962066,4.664961445823678,0.051615985536296094
SQuADDS_MultiTarget,114,chip_simple_dx5p455_dym4p545__Lj12p0nH_Cj2p0fF__roL8p5mm__tee_fl160um_fc12_cg1p2um__rpg1p4um,4.69472936147,5.99210974881,6.508161545293808,243.8217298199476,5.725711006734401,9,chip_simple_dx2p727_dy9p091__Lj12p0nH_Cj2p0fF__roL8p5mm__tee_fl160um_fc12_cg1p2um__rpg1p4um,4.66405896257,5.9877620988,6.321251501457214,246.19094484973783,5.715712771067524,0.0005043403854569645,0.030670398899999896,0.004347650009999704,0.18691004383659404,2.36921502979024,0.009998235666876631
SQuADDS_MultiTarget,114,chip_simple_dx5p455_dym4p545__Lj12p0nH_Cj2p0fF__roL8p5mm__tee_fl160um_fc12_cg1p2um__rpg1p4um,4.69472936147,5.99210974881,6.508161545293808,243.8217298199476,5.725711006734401,10,chip_simple_dxm3p636_dym3p636__Lj12p0nH_Cj2p0fF__roL8p5mm__tee_fl160um_fc12_cg1p2um__rpg1p4um,4.68717781389,5.97834346452,6.698308181764602,246.63062343353235,5.688222825454348,0.0005224637264229662,0.007551547580000317,0.01376628428999993,0.19014663647079466,2.8088936135847575,0.037488181280052935
SQuADDS_MultiTarget,115,chip_simple_dx6p364_dym3p636__Lj12p0nH_Cj2p0fF__roL8p5mm__tee_fl160um_fc12_cg1p2um__rpg1p4um,4.71402075523,6.0245119494,5.5386759384231565,225.8283250558296,5.6832973122206925,1,chip_simple_dxm3p636_dy8p182__Lj12p0nH_Cj2p0fF__roL8p5mm__tee_fl160um_fc12_cg1p2um__rpg1p4um,4.73729832468,6.03809876203,5.615429738752365,224.8091277096963,5.742262433762976,0.0001894948614049251,0.023277569450000257,0.013586812629999834,0.07675380032920831,1.0191973461332964,0.058965121542283505
SQuADDS_MultiTarget,115,chip_simple_dx6p364_dym3p636__Lj12p0nH_Cj2p0fF__roL8p5mm__tee_fl160um_fc12_cg1p2um__rpg1p4um,4.71402075523,6.0245119494,5.5386759384231565,225.8283250558296,5.6832973122206925,2,chip_simple_dxm0p909_dy2p727__Lj12p0nH_Cj2p0fF__roL8p5mm__tee_fl160um_fc12_cg1p2um__rpg1p4um,4.70779688919,6.02364360744,5.465226220020294,225.5217206888144,5.792823970341947,0.0002763145816446018,0.006223866040000026,0.000868341959999519,0.07344971840286263,0.3066043670151828,0.10952665812125417
SQuADDS_MultiTarget,115,chip_simple_dx6p364_dym3p636__Lj12p0nH_Cj2p0fF__roL8p5mm__tee_fl160um_fc12_cg1p2um__rpg1p4um,4.71402075523,6.0245119494,5.5386759384231565,225.8283250558296,5.6832973122206925,3,chip_simple_dxm5p455_dy4p545__Lj12p0nH_Cj2p0fF__roL8p5mm__tee_fl160um_fc12_cg1p2um__rpg1p4um,4.73477972348,6.05163166502,5.542912740110397,226.10829519663807,5.807693664303362,0.00028026097192289525,0.02075896825000001,0.027119715620000484,0.004236801687240721,0.27997014080847293,0.12439635208266964
SQuADDS_MultiTarget,115,chip_simple_dx6p364_dym3p636__Lj12p0nH_Cj2p0fF__roL8p5mm__tee_fl160um_fc12_cg1p2um__rpg1p4um,4.71402075523,6.0245119494,5.5386759384231565,225.8283250558296,5.6832973122206925,4,chip_simple_dxm8p182_dym2p727__Lj12p0nH_Cj2p0fF__roL8p5mm__tee_fl160um_fc12_cg1p2um__rpg1p4um,4.74763898771,6.06492901197,5.550595968381882,225.6424239894449,5.805846601859689,0.0003310039670721137,0.03361823248000029,0.04041706257000044,0.011920029958725209,0.1859010663847016,0.12254928963899658
SQuADDS_MultiTarget,115,chip_simple_dx6p364_dym3p636__Lj12p0nH_Cj2p0fF__roL8p5mm__tee_fl160um_fc12_cg1p2um__rpg1p4um,4.71402075523,6.0245119494,5.5386759384231565,225.8283250558296,5.6832973122206925,5,chip_simple_dx1p818_dym10p000__Lj12p0nH_Cj2p0fF__roL8p5mm__tee_fl160um_fc12_cg1p2um__rpg1p4um,4.71825339915,6.0249810499,5.668253818870544,227.73903094203945,5.741519544932768,0.0003627451883367276,0.004232643920000001,0.00046910050000015246,0.12957788044738727,1.910705886209854,0.05822223271207516
SQuADDS_MultiTarget,115,chip_simple_dx6p364_dym3p636__Lj12p0nH_Cj2p0fF__roL8p5mm__tee_fl160um_fc12_cg1p2um__rpg1p4um,4.71402075523,6.0245119494,5.5386759384231565,225.8283250558296,5.6832973122206925,6,chip_simple_dxm9p091_dy0p909__Lj12p0nH_Cj2p0fF__roL8p5mm__tee_fl160um_fc12_cg1p2um__rpg1p4um,4.70337403482,6.04244085925,5.526243250297546,230.6768213566889,5.795186808847171,0.00044075103783283877,0.010646720409999588,0.017928909850000174,0.01243268812561027,4.848496300859296,0.11188949662647829
SQuADDS_MultiTarget,115,chip_simple_dx6p364_dym3p636__Lj12p0nH_Cj2p0fF__roL8p5mm__tee_fl160um_fc12_cg1p2um__rpg1p4um,4.71402075523,6.0245119494,5.5386759384231565,225.8283250558296,5.6832973122206925,7,chip_simple_dx6p364_dy7p273__Lj12p0nH_Cj2p0fF__roL8p5mm__tee_fl160um_fc12_cg1p2um__rpg1p4um,4.73212189971,6.07302882801,5.421970001947403,227.40830584937643,5.783914954042914,0.0004827868266351605,0.01810114448000011,0.04851687861000009,0.11670593647575345,1.579980793546838,0.10061764182222177
SQuADDS_MultiTarget,115,chip_simple_dx6p364_dym3p636__Lj12p0nH_Cj2p0fF__roL8p5mm__tee_fl160um_fc12_cg1p2um__rpg1p4um,4.71402075523,6.0245119494,5.5386759384231565,225.8283250558296,5.6832973122206925,8,chip_simple_dx0p909_dym1p818__Lj12p0nH_Cj2p0fF__roL8p5mm__tee_fl160um_fc12_cg1p2um__rpg1p4um,4.74382125763,6.0716485122,5.499687352653504,226.4433546572846,5.834878033029041,0.000485343384385168,0.02980050239999965,0.04713656280000045,0.03898858576965214,0.6150296014550065,0.15158072080834817
SQuADDS_MultiTarget,115,chip_simple_dx6p364_dym3p636__Lj12p0nH_Cj2p0fF__roL8p5mm__tee_fl160um_fc12_cg1p2um__rpg1p4um,4.71402075523,6.0245119494,5.5386759384231565,225.8283250558296,5.6832973122206925,9,chip_simple_dx7p273_dy0p000__Lj12p0nH_Cj2p0fF__roL8p5mm__tee_fl160um_fc12_cg1p2um__rpg1p4um,4.73285614666,6.06364786636,5.47772784601593,226.8629872413658,5.835642549018717,0.0004884800947108343,0.01883539142999968,0.039135916960000294,0.06094809240722654,1.034662185536206,0.15234523679802425
SQuADDS_MultiTarget,115,chip_simple_dx6p364_dym3p636__Lj12p0nH_Cj2p0fF__roL8p5mm__tee_fl160um_fc12_cg1p2um__rpg1p4um,4.71402075523,6.0245119494,5.5386759384231565,225.8283250558296,5.6832973122206925,10,chip_simple_dxm1p818_dy0p909__Lj12p0nH_Cj2p0fF__roL8p5mm__tee_fl160um_fc12_cg1p2um__rpg1p4um,4.73247725261,6.06032547334,5.647781850090027,230.0219004377902,5.758222245971617,0.00050400962772738,0.01845649737999988,0.035813523939999925,0.10910591166687045,4.193575381960613,0.0749249337509248
SQuADDS_MultiTarget,116,chip_simple_dx6p364_dy1p818__Lj12p0nH_Cj2p0fF__roL8p5mm__tee_fl160um_fc12_cg1p2um__rpg1p4um,4.78660549975,6.1040397152,5.110710218223572,214.76827989123595,5.886049446197547,1,chip_simple_dx8p182_dym8p182__Lj12p0nH_Cj2p0fF__roL8p5mm__tee_fl160um_fc12_cg1p2um__rpg1p4um,4.81055394873,6.12847147153,5.122406896465301,214.0774671686353,5.920639094996056,6.611165847976143e-05,0.023948448979999704,0.024431756330000276,0.011696678241729153,0.69081272260064,0.034589648798508676
SQuADDS_MultiTarget,116,chip_simple_dx6p364_dy1p818__Lj12p0nH_Cj2p0fF__roL8p5mm__tee_fl160um_fc12_cg1p2um__rpg1p4um,4.78660549975,6.1040397152,5.110710218223572,214.76827989123595,5.886049446197547,2,chip_simple_dx9p091_dy6p364__Lj12p0nH_Cj2p0fF__roL8p5mm__tee_fl160um_fc12_cg1p2um__rpg1p4um,4.80886740306,6.13457594718,5.043484102472305,213.644745352194,5.8856847017557525,0.00014685593023240184,0.022261903309999553,0.030536231980000217,0.06722611575126702,1.1235345390419411,0.00036474444179468435
SQuADDS_MultiTarget,116,chip_simple_dx6p364_dy1p818__Lj12p0nH_Cj2p0fF__roL8p5mm__tee_fl160um_fc12_cg1p2um__rpg1p4um,4.78660549975,6.1040397152,5.110710218223572,214.76827989123595,5.886049446197547,3,chip_simple_dxm10p000_dym0p909__Lj12p0nH_Cj2p0fF__roL8p5mm__tee_fl160um_fc12_cg1p2um__rpg1p4um,4.78631013217,6.11749499502,5.0396452458877565,215.32562253250407,5.829430491241084,0.00015117038145658188,0.00029536758000059393,0.013455279820000499,0.07106497233581521,0.5573426412681215,0.05661895495646352
SQuADDS_MultiTarget,116,chip_simple_dx6p364_dy1p818__Lj12p0nH_Cj2p0fF__roL8p5mm__tee_fl160um_fc12_cg1p2um__rpg1p4um,4.78660549975,6.1040397152,5.110710218223572,214.76827989123595,5.886049446197547,4,chip_simple_dx0p000_dym7p273__Lj12p0nH_Cj2p0fF__roL8p5mm__tee_fl160um_fc12_cg1p2um__rpg1p4um,4.77705046101,6.10812065882,5.159243787857055,218.32852182588368,5.871090142169181,0.00019015323414002202,0.009555038740000299,0.004080943619999999,0.04853356963348343,3.5602419346477348,0.014959304028366205
SQuADDS_MultiTarget,116,chip_simple_dx6p364_dy1p818__Lj12p0nH_Cj2p0fF__roL8p5mm__tee_fl160um_fc12_cg1p2um__rpg1p4um,4.78660549975,6.1040397152,5.110710218223572,214.76827989123595,5.886049446197547,5,chip_simple_dx10p000_dym5p455__Lj12p0nH_Cj2p0fF__roL8p5mm__tee_fl160um_fc12_cg1p2um__rpg1p4um,4.78348404036,6.07595430882,5.212648472454071,213.32573538357212,5.832765407268815,0.0002840492387356787,0.00312145938999997,0.02808540637999979,0.1019382542304994,1.4425445076638255,0.0532840389287319
SQuADDS_MultiTarget,116,chip_simple_dx6p364_dy1p818__Lj12p0nH_Cj2p0fF__roL8p5mm__tee_fl160um_fc12_cg1p2um__rpg1p4um,4.78660549975,6.1040397152,5.110710218223572,214.76827989123595,5.886049446197547,6,chip_simple_dxm8p182_dy0p909__Lj12p0nH_Cj2p0fF__roL8p5mm__tee_fl160um_fc12_cg1p2um__rpg1p4um,4.76742082005,6.11458174447,5.12260535996437,220.3762532399909,5.88426980822268,0.000362712518986453,0.019184679700000373,0.010542029269999809,0.011895141740798643,5.607973348754939,0.0017796379748675761
SQuADDS_MultiTarget,116,chip_simple_dx6p364_dy1p818__Lj12p0nH_Cj2p0fF__roL8p5mm__tee_fl160um_fc12_cg1p2um__rpg1p4um,4.78660549975,6.1040397152,5.110710218223572,214.76827989123595,5.886049446197547,7,chip_simple_dx0p000_dym4p545__Lj12p0nH_Cj2p0fF__roL8p5mm__tee_fl160um_fc12_cg1p2um__rpg1p4um,4.79428247445,6.13515444283,5.179095958950042,219.54335034771063,5.916681344787001,0.000378787541452003,0.007676974699999839,0.03111472763000034,0.06838574072647052,4.77507045647468,0.030631898589454032
SQuADDS_MultiTarget,116,chip_simple_dx6p364_dy1p818__Lj12p0nH_Cj2p0fF__roL8p5mm__tee_fl160um_fc12_cg1p2um__rpg1p4um,4.78660549975,6.1040397152,5.110710218223572,214.76827989123595,5.886049446197547,8,chip_simple_dxm1p818_dym7p273__Lj12p0nH_Cj2p0fF__roL8p5mm__tee_fl160um_fc12_cg1p2um__rpg1p4um,4.72966798924,6.05250642258,5.009293360359192,215.8384701913219,5.825431465095559,0.0004751082684595381,0.05693751051000007,0.05153329262000028,0.10141685786437993,1.0701903000859545,0.060617981101987795
SQuADDS_MultiTarget,116,chip_simple_dx6p364_dy1p818__Lj12p0nH_Cj2p0fF__roL8p5mm__tee_fl160um_fc12_cg1p2um__rpg1p4um,4.78660549975,6.1040397152,5.110710218223572,214.76827989123595,5.886049446197547,9,chip_simple_dxm9p091_dy5p455__Lj12p0nH_Cj2p0fF__roL8p5mm__tee_fl160um_fc12_cg1p2um__rpg1p4um,4.78169743721,6.10774822215,4.959060187129974,213.03713969424035,5.8520251844503886,0.0004908564404494443,0.004908062540000202,0.0037085069499998013,0.15165003109359798,1.7311401969955966,0.03402426174715867
SQuADDS_MultiTarget,116,chip_simple_dx6p364_dy1p818__Lj12p0nH_Cj2p0fF__roL8p5mm__tee_fl160um_fc12_cg1p2um__rpg1p4um,4.78660549975,6.1040397152,5.110710218223572,214.76827989123595,5.886049446197547,10,chip_simple_dxm6p364_dy6p364__Lj12p0nH_Cj2p0fF__roL8p5mm__tee_fl160um_fc12_cg1p2um__rpg1p4um,4.77968562303,6.13817726431,4.976445117803573,218.3155079469365,5.901178274814836,0.0005181596067566009,0.006919876720000495,0.03413754911000044,0.13426510041999862,3.5472280557005433,0.01512882861728837
SQuADDS_MultiTarget,117,chip_simple_dx7p273_dym6p364__Lj12p0nH_Cj2p0fF__roL8p5mm__tee_fl160um_fc12_cg1p2um__rpg1p4um,4.7503430357,6.17492619199,5.804041626502991,248.14376491460783,5.971500738296518,1,chip_simple_dx0p909_dym2p727__Lj12p0nH_Cj2p0fF__roL8p5mm__tee_fl160um_fc12_cg1p2um__rpg1p4um,4.73288476866,6.15144010433,5.802761653125763,248.0066040101604,5.946582947290083,3.685625788354048e-05,0.017458267040000308,0.023486087660000265,0.001279973377227961,0.1371609044474269,0.024917791006434875
SQuADDS_MultiTarget,117,chip_simple_dx7p273_dym6p364__Lj12p0nH_Cj2p0fF__roL8p5mm__tee_fl160um_fc12_cg1p2um__rpg1p4um,4.7503430357,6.17492619199,5.804041626502991,248.14376491460783,5.971500738296518,2,chip_simple_dxm8p182_dym4p545__Lj12p0nH_Cj2p0fF__roL8p5mm__tee_fl160um_fc12_cg1p2um__rpg1p4um,4.73043071526,6.17100144044,5.767042214794159,250.8990176723497,5.986730956844874,0.00010318952308166941,0.019912320440000464,0.0039247515499996055,0.036999411708831254,2.7552527577418573,0.015230218548356156
SQuADDS_MultiTarget,117,chip_simple_dx7p273_dym6p364__Lj12p0nH_Cj2p0fF__roL8p5mm__tee_fl160um_fc12_cg1p2um__rpg1p4um,4.7503430357,6.17492619199,5.804041626502991,248.14376491460783,5.971500738296518,3,chip_simple_dxm1p818_dy0p000__Lj12p0nH_Cj2p0fF__roL8p5mm__tee_fl160um_fc12_cg1p2um__rpg1p4um,4.72085109882,6.13674306549,5.771197805171966,247.53443243124363,5.9292022682777255,0.00012089362561962301,0.029491936880000402,0.038183126499999887,0.03284382133102426,0.6093324833641987,0.0422984700187925
SQuADDS_MultiTarget,117,chip_simple_dx7p273_dym6p364__Lj12p0nH_Cj2p0fF__roL8p5mm__tee_fl160um_fc12_cg1p2um__rpg1p4um,4.7503430357,6.17492619199,5.804041626502991,248.14376491460783,5.971500738296518,4,chip_simple_dx10p000_dy0p000__Lj12p0nH_Cj2p0fF__roL8p5mm__tee_fl160um_fc12_cg1p2um__rpg1p4um,4.71208036912,6.12933282299,5.748897754478454,247.69335881399888,5.914392877730971,0.00021190703479852902,0.03826266658000055,0.04559336899999966,0.0551438720245363,0.45040610060894437,0.057107860565547064
SQuADDS_MultiTarget,117,chip_simple_dx7p273_dym6p364__Lj12p0nH_Cj2p0fF__roL8p5mm__tee_fl160um_fc12_cg1p2um__rpg1p4um,4.7503430357,6.17492619199,5.804041626502991,248.14376491460783,5.971500738296518,5,chip_simple_dx7p273_dym10p000__Lj12p0nH_Cj2p0fF__roL8p5mm__tee_fl160um_fc12_cg1p2um__rpg1p4um,4.71410593197,6.1449710615,5.722861017044068,249.15509170209992,5.909600201967471,0.00024157311105468625,0.03623710373000044,0.029955130490000315,0.08118060945892225,1.011326787492095,0.061900536329046574
SQuADDS_MultiTarget,117,chip_simple_dx7p273_dym6p364__Lj12p0nH_Cj2p0fF__roL8p5mm__tee_fl160um_fc12_cg1p2um__rpg1p4um,4.7503430357,6.17492619199,5.804041626502991,248.14376491460783,5.971500738296518,6,chip_simple_dx2p727_dy4p545__Lj12p0nH_Cj2p0fF__roL8p5mm__tee_fl160um_fc12_cg1p2um__rpg1p4um,4.72661637865,6.17653112846,5.815809796421051,253.68702655650372,5.959841194906359,0.00027849005268971777,0.0237266570500001,0.001604936469999707,0.011768169918060067,5.543261641895896,0.011659543390158511
SQuADDS_MultiTarget,117,chip_simple_dx7p273_dym6p364__Lj12p0nH_Cj2p0fF__roL8p5mm__tee_fl160um_fc12_cg1p2um__rpg1p4um,4.7503430357,6.17492619199,5.804041626502991,248.14376491460783,5.971500738296518,7,chip_simple_dx2p727_dy2p727__Lj12p0nH_Cj2p0fF__roL8p5mm__tee_fl160um_fc12_cg1p2um__rpg1p4um,4.73128014823,6.18706920741,5.709969924663543,252.0300867867861,5.997949180219245,0.00028377092172297396,0.01906288747000051,0.012143015420000403,0.09407170183944746,3.8863218721782573,0.026448441922727106
SQuADDS_MultiTarget,117,chip_simple_dx7p273_dym6p364__Lj12p0nH_Cj2p0fF__roL8p5mm__tee_fl160um_fc12_cg1p2um__rpg1p4um,4.7503430357,6.17492619199,5.804041626502991,248.14376491460783,5.971500738296518,8,chip_simple_dxm7p273_dy2p727__Lj12p0nH_Cj2p0fF__roL8p5mm__tee_fl160um_fc12_cg1p2um__rpg1p4um,4.71160179643,6.11112305572,5.860711649211884,247.21366970382263,5.902975749327858,0.00029380749304108164,0.03874123927000017,0.06380313626999978,0.056670022708892986,0.930095210785197,0.06852498896865988
SQuADDS_MultiTarget,117,chip_simple_dx7p273_dym6p364__Lj12p0nH_Cj2p0fF__roL8p5mm__tee_fl160um_fc12_cg1p2um__rpg1p4um,4.7503430357,6.17492619199,5.804041626502991,248.14376491460783,5.971500738296518,9,chip_simple_dxm4p545_dy6p364__Lj12p0nH_Cj2p0fF__roL8p5mm__tee_fl160um_fc12_cg1p2um__rpg1p4um,4.70948631508,6.14137986712,5.8266296945228575,251.89687397293608,5.901594385955966,0.00029396233925649284,0.0408567206199999,0.033546324869999644,0.022588068019866903,3.753109058328249,0.06990635234055187
SQuADDS_MultiTarget,117,chip_simple_dx7p273_dym6p364__Lj12p0nH_Cj2p0fF__roL8p5mm__tee_fl160um_fc12_cg1p2um__rpg1p4um,4.7503430357,6.17492619199,5.804041626502991,248.14376491460783,5.971500738296518,10,chip_simple_dx9p091_dym7p273__Lj12p0nH_Cj2p0fF__roL8p5mm__tee_fl160um_fc12_cg1p2um__rpg1p4um,4.72050597097,6.13312512239,5.72029589563942,245.89801240972525,5.881474199794399,0.0003439698792900074,0.029837064730000584,0.04180106959999996,0.08374573086357096,2.2457525048825744,0.09002653850211928
SQuADDS_MultiTarget,118,chip_simple_dx8p182_dym5p455__Lj12p0nH_Cj2p0fF__roL8p5mm__tee_fl160um_fc12_cg1p2um__rpg1p4um,4.73816341164,6.10905258679,5.354065241529464,230.3995690846008,5.852343747262508,1,chip_simple_dxm8p182_dy7p273__Lj12p0nH_Cj2p0fF__roL8p5mm__tee_fl160um_fc12_cg1p2um__rpg1p4um,4.73980994773,6.11492139787,5.370422379964828,231.42365600136029,5.863101959116468,1.7278318179749847e-05,0.0016465360899999837,0.005868811080000036,0.016357138435363794,1.0240869167594724,0.010758211853960198
SQuADDS_MultiTarget,118,chip_simple_dx8p182_dym5p455__Lj12p0nH_Cj2p0fF__roL8p5mm__tee_fl160um_fc12_cg1p2um__rpg1p4um,4.73816341164,6.10905258679,5.354065241529464,230.3995690846008,5.852343747262508,2,chip_simple_dx9p091_dy1p818__Lj12p0nH_Cj2p0fF__roL8p5mm__tee_fl160um_fc12_cg1p2um__rpg1p4um,4.72332163382,6.08397777989,5.362149336601257,229.5526193491085,5.856220715335205,3.477488848007118e-05,0.014841777820000068,0.02507480690000019,0.008084095071792419,0.8469497354923021,0.0038769680726966627
SQuADDS_MultiTarget,118,chip_simple_dx8p182_dym5p455__Lj12p0nH_Cj2p0fF__roL8p5mm__tee_fl160um_fc12_cg1p2um__rpg1p4um,4.73816341164,6.10905258679,5.354065241529464,230.3995690846008,5.852343747262508,3,chip_simple_dxm4p545_dy7p273__Lj12p0nH_Cj2p0fF__roL8p5mm__tee_fl160um_fc12_cg1p2um__rpg1p4um,4.72503834706,6.09396858071,5.364709826208115,230.88388505499736,5.8866465937490124,3.513348837700575e-05,0.013125064580000512,0.01508400607999949,0.010644584678650482,0.48431597039655117,0.03430284648650428
SQuADDS_MultiTarget,118,chip_simple_dx8p182_dym5p455__Lj12p0nH_Cj2p0fF__roL8p5mm__tee_fl160um_fc12_cg1p2um__rpg1p4um,4.73816341164,6.10905258679,5.354065241529464,230.3995690846008,5.852343747262508,4,chip_simple_dx8p182_dy3p636__Lj12p0nH_Cj2p0fF__roL8p5mm__tee_fl160um_fc12_cg1p2um__rpg1p4um,4.74833115983,6.10316137397,5.395294238792419,228.2050160306239,5.868324301832488,8.42746795746037e-05,0.01016774818999977,0.005891212819999936,0.04122899726295515,2.194553053976904,0.015980554569980043
SQuADDS_MultiTarget,118,chip_simple_dx8p182_dym5p455__Lj12p0nH_Cj2p0fF__roL8p5mm__tee_fl160um_fc12_cg1p2um__rpg1p4um,4.73816341164,6.10905258679,5.354065241529464,230.3995690846008,5.852343747262508,5,chip_simple_dxm7p273_dym8p182__Lj12p0nH_Cj2p0fF__roL8p5mm__tee_fl160um_fc12_cg1p2um__rpg1p4um,4.71799800041,6.08547036476,5.387219844787597,231.5296678046592,5.812898055695297,8.693148885438373e-05,0.020165411230000707,0.023582222029999933,0.03315460325813291,1.1300987200583847,0.03944569156721123
SQuADDS_MultiTarget,118,chip_simple_dx8p182_dym5p455__Lj12p0nH_Cj2p0fF__roL8p5mm__tee_fl160um_fc12_cg1p2um__rpg1p4um,4.73816341164,6.10905258679,5.354065241529464,230.3995690846008,5.852343747262508,6,chip_simple_dx0p000_dym8p182__Lj12p0nH_Cj2p0fF__roL8p5mm__tee_fl160um_fc12_cg1p2um__rpg1p4um,4.75699175292,6.13442162476,5.358933925123215,230.6041003651568,5.926697467393431,0.00011455100627802975,0.018828341279999883,0.025369037970000008,0.004868683593750589,0.20453128055598313,0.07435372013092323
SQuADDS_MultiTarget,118,chip_simple_dx8p182_dym5p455__Lj12p0nH_Cj2p0fF__roL8p5mm__tee_fl160um_fc12_cg1p2um__rpg1p4um,4.73816341164,6.10905258679,5.354065241529464,230.3995690846008,5.852343747262508,7,chip_simple_dx9p091_dy5p455__Lj12p0nH_Cj2p0fF__roL8p5mm__tee_fl160um_fc12_cg1p2um__rpg1p4um,4.7579347478,6.14116345285,5.347422351387023,231.2241237006332,5.920297827562249,0.00011962683021789241,0.01977133615999982,0.03211086606000002,0.006642890142440905,0.8245546160324011,0.06795408029974048
SQuADDS_MultiTarget,118,chip_simple_dx8p182_dym5p455__Lj12p0nH_Cj2p0fF__roL8p5mm__tee_fl160um_fc12_cg1p2um__rpg1p4um,4.73816341164,6.10905258679,5.354065241529464,230.3995690846008,5.852343747262508,8,chip_simple_dx9p091_dy7p273__Lj12p0nH_Cj2p0fF__roL8p5mm__tee_fl160um_fc12_cg1p2um__rpg1p4um,4.74811539599,6.14296840617,5.273498021167755,231.89650692330616,5.867078405195409,0.00017272828905511606,0.009951984349999776,0.03391581937999977,0.0805672203617096,1.4969378387053496,0.014734657932900852
SQuADDS_MultiTarget,118,chip_simple_dx8p182_dym5p455__Lj12p0nH_Cj2p0fF__roL8p5mm__tee_fl160um_fc12_cg1p2um__rpg1p4um,4.73816341164,6.10905258679,5.354065241529464,230.3995690846008,5.852343747262508,9,chip_simple_dxm2p727_dy8p182__Lj12p0nH_Cj2p0fF__roL8p5mm__tee_fl160um_fc12_cg1p2um__rpg1p4um,4.73942012359,6.13041907966,5.303923094404221,232.28429467525183,5.936110371118198,0.0001920510513461954,0.001256711949999989,0.021366492870000364,0.050142147125243675,1.8847255906510156,0.08376662385568956
SQuADDS_MultiTarget,118,chip_simple_dx8p182_dym5p455__Lj12p0nH_Cj2p0fF__roL8p5mm__tee_fl160um_fc12_cg1p2um__rpg1p4um,4.73816341164,6.10905258679,5.354065241529464,230.3995690846008,5.852343747262508,10,chip_simple_dxm1p818_dym8p182__Lj12p0nH_Cj2p0fF__roL8p5mm__tee_fl160um_fc12_cg1p2um__rpg1p4um,4.74798045488,6.11757693515,5.274850255846023,227.969236976316,5.908298446157694,0.00021703103103464273,0.00981704323999999,0.008524348359999934,0.07921498568344099,2.4303321082848015,0.055954698895186006
SQuADDS_MultiTarget,119,chip_simple_dx8p182_dym3p636__Lj12p0nH_Cj2p0fF__roL8p5mm__tee_fl160um_fc12_cg1p2um__rpg1p4um,4.72575545687,6.04494433563,5.9379728162078855,234.943394381694,5.777304605739439,1,chip_simple_dxm8p182_dym9p091__Lj12p0nH_Cj2p0fF__roL8p5mm__tee_fl160um_fc12_cg1p2um__rpg1p4um,4.72257063561,6.05880267073,5.941739992261886,237.9009092435265,5.759912137527704,8.967412030988504e-05,0.0031848212599996373,0.01385833509999923,0.003767176054000565,2.9575148618325215,0.017392468211735235
SQuADDS_MultiTarget,119,chip_simple_dx8p182_dym3p636__Lj12p0nH_Cj2p0fF__roL8p5mm__tee_fl160um_fc12_cg1p2um__rpg1p4um,4.72575545687,6.04494433563,5.9379728162078855,234.943394381694,5.777304605739439,2,chip_simple_dx4p545_dym10p000__Lj12p0nH_Cj2p0fF__roL8p5mm__tee_fl160um_fc12_cg1p2um__rpg1p4um,4.74063988225,6.06861380015,5.884236363721847,234.4946741312744,5.822012514288446,9.796627391428152e-05,0.01488442538000001,0.023669464519999295,0.053736452486038644,0.44872025041959773,0.044707908549006525
SQuADDS_MultiTarget,119,chip_simple_dx8p182_dym3p636__Lj12p0nH_Cj2p0fF__roL8p5mm__tee_fl160um_fc12_cg1p2um__rpg1p4um,4.72575545687,6.04494433563,5.9379728162078855,234.943394381694,5.777304605739439,3,chip_simple_dx3p636_dym0p909__Lj12p0nH_Cj2p0fF__roL8p5mm__tee_fl160um_fc12_cg1p2um__rpg1p4um,4.74682723468,6.06657591767,5.891095231824875,232.95693903075104,5.84385390194947,0.00016593782445863025,0.02107177780999958,0.021631582039999486,0.046877584383010706,1.986455350942947,0.06654929621003092
SQuADDS_MultiTarget,119,chip_simple_dx8p182_dym3p636__Lj12p0nH_Cj2p0fF__roL8p5mm__tee_fl160um_fc12_cg1p2um__rpg1p4um,4.72575545687,6.04494433563,5.9379728162078855,234.943394381694,5.777304605739439,4,chip_simple_dx0p909_dym8p182__Lj12p0nH_Cj2p0fF__roL8p5mm__tee_fl160um_fc12_cg1p2um__rpg1p4um,4.70055739372,6.00934439173,5.9578544504756925,234.711210840026,5.695445771960415,0.0001695881598428072,0.025198063150000394,0.03559994390000032,0.01988163426780698,0.23218354166797894,0.08185883377902403
SQuADDS_MultiTarget,119,chip_simple_dx8p182_dym3p636__Lj12p0nH_Cj2p0fF__roL8p5mm__tee_fl160um_fc12_cg1p2um__rpg1p4um,4.72575545687,6.04494433563,5.9379728162078855,234.943394381694,5.777304605739439,5,chip_simple_dxm0p909_dy6p364__Lj12p0nH_Cj2p0fF__roL8p5mm__tee_fl160um_fc12_cg1p2um__rpg1p4um,4.73809447586,6.07066105208,5.877909127601623,235.23156094873443,5.87197127716639,0.00021107654285529398,0.012339018989999673,0.025716716449999844,0.06006368860626221,0.28816656704043453,0.09466667142695062
SQuADDS_MultiTarget,119,chip_simple_dx8p182_dym3p636__Lj12p0nH_Cj2p0fF__roL8p5mm__tee_fl160um_fc12_cg1p2um__rpg1p4um,4.72575545687,6.04494433563,5.9379728162078855,234.943394381694,5.777304605739439,6,chip_simple_dx4p545_dy2p727__Lj12p0nH_Cj2p0fF__roL8p5mm__tee_fl160um_fc12_cg1p2um__rpg1p4um,4.71245271602,6.05903925985,5.93248411000824,239.9388799189516,5.748576863203549,0.0002521979450315136,0.013302740850000383,0.01409492421999925,0.005488706199645144,4.995485537257622,0.02872774253588961
SQuADDS_MultiTarget,119,chip_simple_dx8p182_dym3p636__Lj12p0nH_Cj2p0fF__roL8p5mm__tee_fl160um_fc12_cg1p2um__rpg1p4um,4.72575545687,6.04494433563,5.9379728162078855,234.943394381694,5.777304605739439,7,chip_simple_dx8p182_dy0p000__Lj12p0nH_Cj2p0fF__roL8p5mm__tee_fl160um_fc12_cg1p2um__rpg1p4um,4.69396142723,6.02675894613,5.976145094621658,239.3240589141231,5.749179643443574,0.000260655740168237,0.03179402964000033,0.01818538950000015,0.038172278413772354,4.380664532429108,0.028124962295865252
SQuADDS_MultiTarget,119,chip_simple_dx8p182_dym3p636__Lj12p0nH_Cj2p0fF__roL8p5mm__tee_fl160um_fc12_cg1p2um__rpg1p4um,4.72575545687,6.04494433563,5.9379728162078855,234.943394381694,5.777304605739439,8,chip_simple_dx5p455_dy3p636__Lj12p0nH_Cj2p0fF__roL8p5mm__tee_fl160um_fc12_cg1p2um__rpg1p4um,4.7636678617,6.06553300361,5.938757620286942,230.3360185996995,5.748293753067317,0.0002808649389297822,0.037912404830000135,0.020588667979999364,0.0007848040790561228,4.607375781994477,0.02901085267212178
SQuADDS_MultiTarget,119,chip_simple_dx8p182_dym3p636__Lj12p0nH_Cj2p0fF__roL8p5mm__tee_fl160um_fc12_cg1p2um__rpg1p4um,4.72575545687,6.04494433563,5.9379728162078855,234.943394381694,5.777304605739439,9,chip_simple_dx0p000_dy5p455__Lj12p0nH_Cj2p0fF__roL8p5mm__tee_fl160um_fc12_cg1p2um__rpg1p4um,4.71422601792,6.04446957881,6.030727920024871,239.0603629876928,5.790300833858292,0.00028402305752038456,0.011529438950000248,0.00047475682000008845,0.0927551038169856,4.116968605998807,0.012996228118852926
SQuADDS_MultiTarget,119,chip_simple_dx8p182_dym3p636__Lj12p0nH_Cj2p0fF__roL8p5mm__tee_fl160um_fc12_cg1p2um__rpg1p4um,4.72575545687,6.04494433563,5.9379728162078855,234.943394381694,5.777304605739439,10,chip_simple_dx0p000_dy4p545__Lj12p0nH_Cj2p0fF__roL8p5mm__tee_fl160um_fc12_cg1p2um__rpg1p4um,4.75286142116,6.08882350457,5.892952473888397,235.49238786023307,5.8850993721358345,0.00029112788815685196,0.02710596429000045,0.043879168939999325,0.04502034231948837,0.5489934785390744,0.1077947663963954
SQuADDS_MultiTarget,120,chip_simple_dx8p182_dy6p364__Lj12p0nH_Cj2p0fF__roL8p5mm__tee_fl160um_fc12_cg1p2um__rpg1p4um,4.8164099367,6.12097847271,5.243484284074783,214.32152718251388,5.892330069038773,1,chip_simple_dx10p000_dym5p455__Lj12p0nH_Cj2p0fF__roL8p5mm__tee_fl160um_fc12_cg1p2um__rpg1p4um,4.78348404036,6.07595430882,5.212648472454071,213.32573538357212,5.832765407268815,0.00018002006751805387,0.032925896340000094,0.04502416388999997,0.030835811620711695,0.9957917989417524,0.059564661769957894
SQuADDS_MultiTarget,120,chip_simple_dx8p182_dy6p364__Lj12p0nH_Cj2p0fF__roL8p5mm__tee_fl160um_fc12_cg1p2um__rpg1p4um,4.8164099367,6.12097847271,5.243484284074783,214.32152718251388,5.892330069038773,2,chip_simple_dx8p182_dym8p182__Lj12p0nH_Cj2p0fF__roL8p5mm__tee_fl160um_fc12_cg1p2um__rpg1p4um,4.81055394873,6.12847147153,5.122406896465301,214.0774671686353,5.920639094996056,0.00028176380284937843,0.00585598797000042,0.007492998820000096,0.12107738760948195,0.2440600138785669,0.028309025957282685
SQuADDS_MultiTarget,120,chip_simple_dx8p182_dy6p364__Lj12p0nH_Cj2p0fF__roL8p5mm__tee_fl160um_fc12_cg1p2um__rpg1p4um,4.8164099367,6.12097847271,5.243484284074783,214.32152718251388,5.892330069038773,3,chip_simple_dx0p000_dym7p273__Lj12p0nH_Cj2p0fF__roL8p5mm__tee_fl160um_fc12_cg1p2um__rpg1p4um,4.77705046101,6.10812065882,5.159243787857055,218.32852182588368,5.871090142169181,0.0003815180008325639,0.03935947569000042,0.01285781389000018,0.08424049621772767,4.006994643369808,0.021239926869592196
SQuADDS_MultiTarget,120,chip_simple_dx8p182_dy6p364__Lj12p0nH_Cj2p0fF__roL8p5mm__tee_fl160um_fc12_cg1p2um__rpg1p4um,4.8164099367,6.12097847271,5.243484284074783,214.32152718251388,5.892330069038773,4,chip_simple_dx0p000_dym4p545__Lj12p0nH_Cj2p0fF__roL8p5mm__tee_fl160um_fc12_cg1p2um__rpg1p4um,4.79428247445,6.13515444283,5.179095958950042,219.54335034771063,5.916681344787001,0.0004072180152615236,0.022127462250000285,0.014175970120000159,0.06438832512474058,5.221823165196753,0.02435127574822804
SQuADDS_MultiTarget,120,chip_simple_dx8p182_dy6p364__Lj12p0nH_Cj2p0fF__roL8p5mm__tee_fl160um_fc12_cg1p2um__rpg1p4um,4.8164099367,6.12097847271,5.243484284074783,214.32152718251388,5.892330069038773,5,chip_simple_dx3p636_dym2p727__Lj12p0nH_Cj2p0fF__roL8p5mm__tee_fl160um_fc12_cg1p2um__rpg1p4um,4.78139468148,6.06132052905,5.243374503707885,212.1371321798882,5.765522293104982,0.00043135940392215557,0.03501525522000026,0.059657943660000434,0.00010978036689746062,2.1843950026256778,0.12680777593379133
SQuADDS_MultiTarget,120,chip_simple_dx8p182_dy6p364__Lj12p0nH_Cj2p0fF__roL8p5mm__tee_fl160um_fc12_cg1p2um__rpg1p4um,4.8164099367,6.12097847271,5.243484284074783,214.32152718251388,5.892330069038773,6,chip_simple_dxm10p000_dy10p000__Lj12p0nH_Cj2p0fF__roL8p5mm__tee_fl160um_fc12_cg1p2um__rpg1p4um,4.76420948131,6.07980929074,5.262032916395187,218.6923729557343,5.806839983012462,0.00048216420601741237,0.0522004553900004,0.04116918196999997,0.018548632320404046,4.370845773220424,0.08549008602631147
SQuADDS_MultiTarget,120,chip_simple_dx8p182_dy6p364__Lj12p0nH_Cj2p0fF__roL8p5mm__tee_fl160um_fc12_cg1p2um__rpg1p4um,4.8164099367,6.12097847271,5.243484284074783,214.32152718251388,5.892330069038773,7,chip_simple_dx5p455_dy5p455__Lj12p0nH_Cj2p0fF__roL8p5mm__tee_fl160um_fc12_cg1p2um__rpg1p4um,4.79166371185,6.05484777073,5.335296250137329,211.0122938310696,5.777759592215692,0.0006046576658378062,0.02474622485000033,0.0661307019799997,0.09181196606254627,3.309233351444277,0.11457047682308108
SQuADDS_MultiTarget,120,chip_simple_dx8p182_dy6p364__Lj12p0nH_Cj2p0fF__roL8p5mm__tee_fl160um_fc12_cg1p2um__rpg1p4um,4.8164099367,6.12097847271,5.243484284074783,214.32152718251388,5.892330069038773,8,chip_simple_dx9p091_dy6p364__Lj12p0nH_Cj2p0fF__roL8p5mm__tee_fl160um_fc12_cg1p2um__rpg1p4um,4.80886740306,6.13457594718,5.043484102472305,213.644745352194,5.8856847017557525,0.0007404384044429578,0.0075425336400005705,0.013597474470000037,0.20000018160247812,0.676781830319868,0.006645367283020676
SQuADDS_MultiTarget,120,chip_simple_dx8p182_dy6p364__Lj12p0nH_Cj2p0fF__roL8p5mm__tee_fl160um_fc12_cg1p2um__rpg1p4um,4.8164099367,6.12097847271,5.243484284074783,214.32152718251388,5.892330069038773,9,chip_simple_dx2p727_dym5p455__Lj12p0nH_Cj2p0fF__roL8p5mm__tee_fl160um_fc12_cg1p2um__rpg1p4um,4.81291050374,6.08882773612,5.129732102048874,207.83881760065367,5.852353811754291,0.0007439048824032285,0.003499432959999993,0.03215073659000023,0.11375218202590887,6.482709581860206,0.03997625728448195
SQuADDS_MultiTarget,120,chip_simple_dx8p182_dy6p364__Lj12p0nH_Cj2p0fF__roL8p5mm__tee_fl160um_fc12_cg1p2um__rpg1p4um,4.8164099367,6.12097847271,5.243484284074783,214.32152718251388,5.892330069038773,10,chip_simple_dxm8p182_dy0p909__Lj12p0nH_Cj2p0fF__roL8p5mm__tee_fl160um_fc12_cg1p2um__rpg1p4um,4.76742082005,6.11458174447,5.12260535996437,220.3762532399909,5.88426980822268,0.0007702573042901113,0.0489891166500005,0.006396728240000371,0.12087892411041246,6.054726057477012,0.008060260816093567
SQuADDS_MultiTarget,121,chip_simple_dx8p182_dy7p273__Lj12p0nH_Cj2p0fF__roL8p5mm__tee_fl160um_fc12_cg1p2um__rpg1p4um,4.69969106963,6.14084802289,5.903258055982589,255.60206895931188,5.914831339260037,1,chip_simple_dx7p273_dy10p000__Lj12p0nH_Cj2p0fF__roL8p5mm__tee_fl160um_fc12_cg1p2um__rpg1p4um,4.70805055796,6.13632743544,5.907291461717605,253.14031044935945,5.903929399723399,5.201797766460531e-05,0.008359488329999998,0.004520587450000058,0.004033405735015982,2.461758509952432,0.010901939536638316
SQuADDS_MultiTarget,121,chip_simple_dx8p182_dy7p273__Lj12p0nH_Cj2p0fF__roL8p5mm__tee_fl160um_fc12_cg1p2um__rpg1p4um,4.69969106963,6.14084802289,5.903258055982589,255.60206895931188,5.914831339260037,2,chip_simple_dx5p455_dym6p364__Lj12p0nH_Cj2p0fF__roL8p5mm__tee_fl160um_fc12_cg1p2um__rpg1p4um,4.70113956644,6.15024864164,5.847728067014694,255.68062975343904,5.934076612123183,5.2021766688515675e-05,0.0014484968100001439,0.009400618749999978,0.05552998896789507,0.07856079412715644,0.019245272863146035
SQuADDS_MultiTarget,121,chip_simple_dx8p182_dy7p273__Lj12p0nH_Cj2p0fF__roL8p5mm__tee_fl160um_fc12_cg1p2um__rpg1p4um,4.69969106963,6.14084802289,5.903258055982589,255.60206895931188,5.914831339260037,3,chip_simple_dx4p545_dy9p091__Lj12p0nH_Cj2p0fF__roL8p5mm__tee_fl160um_fc12_cg1p2um__rpg1p4um,4.68609575245,6.11430901066,5.943070262321472,255.0398969000135,5.911313507537606,5.2382641537024256e-05,0.013595317180000066,0.02653901222999977,0.03981220633888238,0.5621720592983763,0.0035178317224309197
SQuADDS_MultiTarget,121,chip_simple_dx8p182_dy7p273__Lj12p0nH_Cj2p0fF__roL8p5mm__tee_fl160um_fc12_cg1p2um__rpg1p4um,4.69969106963,6.14084802289,5.903258055982589,255.60206895931188,5.914831339260037,4,chip_simple_dxm6p364_dy3p636__Lj12p0nH_Cj2p0fF__roL8p5mm__tee_fl160um_fc12_cg1p2um__rpg1p4um,4.70606182979,6.1671545843,5.89281384662056,258.3575285965225,5.954585492025992,0.00010244784356084298,0.006370760160000266,0.026306561410000207,0.01044420936202961,2.7554596372106346,0.03975415276595484
SQuADDS_MultiTarget,121,chip_simple_dx8p182_dy7p273__Lj12p0nH_Cj2p0fF__roL8p5mm__tee_fl160um_fc12_cg1p2um__rpg1p4um,4.69969106963,6.14084802289,5.903258055982589,255.60206895931188,5.914831339260037,5,chip_simple_dxm1p818_dy6p364__Lj12p0nH_Cj2p0fF__roL8p5mm__tee_fl160um_fc12_cg1p2um__rpg1p4um,4.72288255884,6.16611156985,5.942852807521819,255.57392589996,5.983119778272944,0.00013042288765108568,0.02319148921000025,0.025263546959999772,0.03959475153923009,0.028143059351890543,0.06828843901290682
SQuADDS_MultiTarget,121,chip_simple_dx8p182_dy7p273__Lj12p0nH_Cj2p0fF__roL8p5mm__tee_fl160um_fc12_cg1p2um__rpg1p4um,4.69969106963,6.14084802289,5.903258055982589,255.60206895931188,5.914831339260037,6,chip_simple_dxm4p545_dy4p545__Lj12p0nH_Cj2p0fF__roL8p5mm__tee_fl160um_fc12_cg1p2um__rpg1p4um,4.71642795927,6.13578113095,5.930907612184524,251.74673425045364,5.924740428666518,0.000139489365665185,0.016736889639999752,0.005066891940000318,0.027649556201934544,3.855334708858237,0.009909089406480831
SQuADDS_MultiTarget,121,chip_simple_dx8p182_dy7p273__Lj12p0nH_Cj2p0fF__roL8p5mm__tee_fl160um_fc12_cg1p2um__rpg1p4um,4.69969106963,6.14084802289,5.903258055982589,255.60206895931188,5.914831339260037,7,chip_simple_dx4p545_dym7p273__Lj12p0nH_Cj2p0fF__roL8p5mm__tee_fl160um_fc12_cg1p2um__rpg1p4um,4.70975884229,6.16440380235,5.946511625797272,258.2466833663227,5.972072223380172,0.0001464996412695825,0.010067772660000252,0.02355577945999965,0.043253569814682535,2.6446144070108346,0.057240884120134616
SQuADDS_MultiTarget,121,chip_simple_dx8p182_dy7p273__Lj12p0nH_Cj2p0fF__roL8p5mm__tee_fl160um_fc12_cg1p2um__rpg1p4um,4.69969106963,6.14084802289,5.903258055982589,255.60206895931188,5.914831339260037,8,chip_simple_dx8p182_dy8p182__Lj12p0nH_Cj2p0fF__roL8p5mm__tee_fl160um_fc12_cg1p2um__rpg1p4um,4.69745140842,6.12940857106,6.00176041119194,256.33160974703685,5.915191680844501,0.00014698536753448823,0.0022396612099999658,0.01143945183000028,0.09850235520935069,0.7295407877249716,0.0003603415844635194
SQuADDS_MultiTarget,121,chip_simple_dx8p182_dy7p273__Lj12p0nH_Cj2p0fF__roL8p5mm__tee_fl160um_fc12_cg1p2um__rpg1p4um,4.69969106963,6.14084802289,5.903258055982589,255.60206895931188,5.914831339260037,9,chip_simple_dxm6p364_dy0p000__Lj12p0nH_Cj2p0fF__roL8p5mm__tee_fl160um_fc12_cg1p2um__rpg1p4um,4.6715110421,6.11602371104,5.946437598886489,258.5796032420524,5.886712731567605,0.00015819725670979806,0.028180027530000373,0.02482431184999978,0.043179542903899915,2.9775342827405495,0.028118607692432462
SQuADDS_MultiTarget,121,chip_simple_dx8p182_dy7p273__Lj12p0nH_Cj2p0fF__roL8p5mm__tee_fl160um_fc12_cg1p2um__rpg1p4um,4.69969106963,6.14084802289,5.903258055982589,255.60206895931188,5.914831339260037,10,chip_simple_dxm4p545_dy6p364__Lj12p0nH_Cj2p0fF__roL8p5mm__tee_fl160um_fc12_cg1p2um__rpg1p4um,4.70948631508,6.14137986712,5.8266296945228575,251.89687397293608,5.901594385955966,0.00019617112534834247,0.009795245450000323,0.0005318442300001891,0.07662836145973184,3.705194986375801,0.013236953304071264
SQuADDS_MultiTarget,122,chip_simple_dx10p000_dym9p091__Lj12p0nH_Cj2p0fF__roL8p5mm__tee_fl160um_fc12_cg1p2um__rpg1p4um,4.74335442636,5.96352019986,5.678793174303054,212.85016882186287,5.680023776609713,1,chip_simple_dx4p545_dy10p000__Lj12p0nH_Cj2p0fF__roL8p5mm__tee_fl160um_fc12_cg1p2um__rpg1p4um,4.77208572646,5.99587669765,5.687584656963348,212.41558975620657,5.693307476185639,7.214526110174409e-05,0.028731300100000468,0.03235649779000038,0.008791482660293504,0.434579065656294,0.013283699575926455
SQuADDS_MultiTarget,122,chip_simple_dx10p000_dym9p091__Lj12p0nH_Cj2p0fF__roL8p5mm__tee_fl160um_fc12_cg1p2um__rpg1p4um,4.74335442636,5.96352019986,5.678793174303054,212.85016882186287,5.680023776609713,2,chip_simple_dx0p909_dym3p636__Lj12p0nH_Cj2p0fF__roL8p5mm__tee_fl160um_fc12_cg1p2um__rpg1p4um,4.74299007193,5.97185553704,5.585872956563949,212.43614000136665,5.67605929438614,0.0001379634213148888,0.0003643544299993806,0.008335337180000124,0.0929202177391053,0.41402882049621326,0.003964482223572929
SQuADDS_MultiTarget,122,chip_simple_dx10p000_dym9p091__Lj12p0nH_Cj2p0fF__roL8p5mm__tee_fl160um_fc12_cg1p2um__rpg1p4um,4.74335442636,5.96352019986,5.678793174303054,212.85016882186287,5.680023776609713,3,chip_simple_dx7p273_dy8p182__Lj12p0nH_Cj2p0fF__roL8p5mm__tee_fl160um_fc12_cg1p2um__rpg1p4um,4.72840082103,5.97315210181,5.691267652456284,217.62866557447816,5.647951458913108,0.0002829037577176899,0.014953605329999675,0.009631901950000632,0.012474478153229995,4.778496752615297,0.03207231769660446
SQuADDS_MultiTarget,122,chip_simple_dx10p000_dym9p091__Lj12p0nH_Cj2p0fF__roL8p5mm__tee_fl160um_fc12_cg1p2um__rpg1p4um,4.74335442636,5.96352019986,5.678793174303054,212.85016882186287,5.680023776609713,4,chip_simple_dxm6p364_dym7p273__Lj12p0nH_Cj2p0fF__roL8p5mm__tee_fl160um_fc12_cg1p2um__rpg1p4um,4.75005432934,6.01899043043,5.655702243776322,219.9240164763736,5.705344706711049,0.0006589650360729197,0.0066999029800003385,0.05547023057000011,0.023090930526732834,7.073847654510729,0.02532093010133618
SQuADDS_MultiTarget,122,chip_simple_dx10p000_dym9p091__Lj12p0nH_Cj2p0fF__roL8p5mm__tee_fl160um_fc12_cg1p2um__rpg1p4um,4.74335442636,5.96352019986,5.678793174303054,212.85016882186287,5.680023776609713,5,chip_simple_dx0p000_dym1p818__Lj12p0nH_Cj2p0fF__roL8p5mm__tee_fl160um_fc12_cg1p2um__rpg1p4um,4.77800352664,6.03900127346,5.563499463333129,215.7146221661486,5.782618175352404,0.0006733356934210304,0.03464910028000023,0.07548107360000067,0.11529371096992502,2.864453344285721,0.10259439874269116
SQuADDS_MultiTarget,122,chip_simple_dx10p000_dym9p091__Lj12p0nH_Cj2p0fF__roL8p5mm__tee_fl160um_fc12_cg1p2um__rpg1p4um,4.74335442636,5.96352019986,5.678793174303054,212.85016882186287,5.680023776609713,6,chip_simple_dx7p273_dy9p091__Lj12p0nH_Cj2p0fF__roL8p5mm__tee_fl160um_fc12_cg1p2um__rpg1p4um,4.77325080353,6.03297215026,5.541249745204925,215.22790751327605,5.779259447895125,0.0006836877646806953,0.029896377170000044,0.0694519504000004,0.13754342909812944,2.3777386914131853,0.09923567128541233
SQuADDS_MultiTarget,122,chip_simple_dx10p000_dym9p091__Lj12p0nH_Cj2p0fF__roL8p5mm__tee_fl160um_fc12_cg1p2um__rpg1p4um,4.74335442636,5.96352019986,5.678793174303054,212.85016882186287,5.680023776609713,7,chip_simple_dxm4p545_dy1p818__Lj12p0nH_Cj2p0fF__roL8p5mm__tee_fl160um_fc12_cg1p2um__rpg1p4um,4.7912337707,6.04949503992,5.623098915470123,215.8825327452169,5.82735004160752,0.0007956860026787321,0.047879344340000074,0.08597484006000045,0.055694258832931,3.0323639233540405,0.14732626499780732
SQuADDS_MultiTarget,122,chip_simple_dx10p000_dym9p091__Lj12p0nH_Cj2p0fF__roL8p5mm__tee_fl160um_fc12_cg1p2um__rpg1p4um,4.74335442636,5.96352019986,5.678793174303054,212.85016882186287,5.680023776609713,8,chip_simple_dxm2p727_dym3p636__Lj12p0nH_Cj2p0fF__roL8p5mm__tee_fl160um_fc12_cg1p2um__rpg1p4um,4.76214497172,6.03479088527,5.587802219089507,218.7280150264405,5.793013457094686,0.0008660371331670812,0.01879054535999991,0.07127068541000003,0.09099095521354705,5.877846204577622,0.11298968048497304
SQuADDS_MultiTarget,122,chip_simple_dx10p000_dym9p091__Lj12p0nH_Cj2p0fF__roL8p5mm__tee_fl160um_fc12_cg1p2um__rpg1p4um,4.74335442636,5.96352019986,5.678793174303054,212.85016882186287,5.680023776609713,9,chip_simple_dxm6p364_dym4p545__Lj12p0nH_Cj2p0fF__roL8p5mm__tee_fl160um_fc12_cg1p2um__rpg1p4um,4.77051294453,5.99784752226,5.875309934732437,216.5912114480181,5.743283944916589,0.0008811591164672864,0.027158518170000256,0.03432732240000025,0.1965167604293825,3.7410426261552345,0.06326016830687653
SQuADDS_MultiTarget,122,chip_simple_dx10p000_dym9p091__Lj12p0nH_Cj2p0fF__roL8p5mm__tee_fl160um_fc12_cg1p2um__rpg1p4um,4.74335442636,5.96352019986,5.678793174303054,212.85016882186287,5.680023776609713,10,chip_simple_dxm4p545_dy9p091__Lj12p0nH_Cj2p0fF__roL8p5mm__tee_fl160um_fc12_cg1p2um__rpg1p4um,4.73257191675,5.96883434545,5.846838404302597,219.15587205568883,5.667058133519072,0.0008852242123803054,0.01078250960999938,0.005314145590000763,0.1680452299995423,6.305703233825966,0.012965643090640633
SQuADDS_MultiTarget,123,chip_simple_dx10p000_dy0p909__Lj12p0nH_Cj2p0fF__roL8p5mm__tee_fl160um_fc12_cg1p2um__rpg1p4um,4.75255400103,6.13763196296,5.2944752149524685,230.5572668902481,5.940929181592612,1,chip_simple_dxm2p727_dy8p182__Lj12p0nH_Cj2p0fF__roL8p5mm__tee_fl160um_fc12_cg1p2um__rpg1p4um,4.73942012359,6.13041907966,5.303923094404221,232.28429467525183,5.936110371118198,3.899441913797649e-05,0.013133877439999608,0.007212883299999362,0.009447879451752073,1.7270277850037417,0.004818810474414015
SQuADDS_MultiTarget,123,chip_simple_dx10p000_dy0p909__Lj12p0nH_Cj2p0fF__roL8p5mm__tee_fl160um_fc12_cg1p2um__rpg1p4um,4.75255400103,6.13763196296,5.2944752149524685,230.5572668902481,5.940929181592612,2,chip_simple_dx9p091_dy5p455__Lj12p0nH_Cj2p0fF__roL8p5mm__tee_fl160um_fc12_cg1p2um__rpg1p4um,4.7579347478,6.14116345285,5.347422351387023,231.2241237006332,5.920297827562249,6.183029327012442e-05,0.005380746770000222,0.0035314898900002945,0.05294713643455484,0.6668568103851271,0.02063135403036309
SQuADDS_MultiTarget,123,chip_simple_dx10p000_dy0p909__Lj12p0nH_Cj2p0fF__roL8p5mm__tee_fl160um_fc12_cg1p2um__rpg1p4um,4.75255400103,6.13763196296,5.2944752149524685,230.5572668902481,5.940929181592612,3,chip_simple_dx0p000_dym8p182__Lj12p0nH_Cj2p0fF__roL8p5mm__tee_fl160um_fc12_cg1p2um__rpg1p4um,4.75699175292,6.13442162476,5.358933925123215,230.6041003651568,5.926697467393431,7.814723409064067e-05,0.0044377518900002855,0.0032103381999997183,0.06445871017074634,0.04683347490870915,0.014231714199180345
SQuADDS_MultiTarget,123,chip_simple_dx10p000_dy0p909__Lj12p0nH_Cj2p0fF__roL8p5mm__tee_fl160um_fc12_cg1p2um__rpg1p4um,4.75255400103,6.13763196296,5.2944752149524685,230.5572668902481,5.940929181592612,4,chip_simple_dx10p000_dy9p091__Lj12p0nH_Cj2p0fF__roL8p5mm__tee_fl160um_fc12_cg1p2um__rpg1p4um,4.77105901408,6.15559379626,5.258625117372513,228.8908099141224,5.971400494252502,8.592532189205307e-05,0.018505013050000407,0.01796183330000023,0.03585009757995561,1.666456976125687,0.030471312659890337
SQuADDS_MultiTarget,123,chip_simple_dx10p000_dy0p909__Lj12p0nH_Cj2p0fF__roL8p5mm__tee_fl160um_fc12_cg1p2um__rpg1p4um,4.75255400103,6.13763196296,5.2944752149524685,230.5572668902481,5.940929181592612,5,chip_simple_dxm1p818_dym8p182__Lj12p0nH_Cj2p0fF__roL8p5mm__tee_fl160um_fc12_cg1p2um__rpg1p4um,4.74798045488,6.11757693515,5.274850255846023,227.969236976316,5.908298446157694,9.655819758838865e-05,0.004573546149999608,0.020055027809999793,0.01962495910644524,2.5880299139320755,0.03263073543491757
SQuADDS_MultiTarget,123,chip_simple_dx10p000_dy0p909__Lj12p0nH_Cj2p0fF__roL8p5mm__tee_fl160um_fc12_cg1p2um__rpg1p4um,4.75255400103,6.13763196296,5.2944752149524685,230.5572668902481,5.940929181592612,6,chip_simple_dx9p091_dy7p273__Lj12p0nH_Cj2p0fF__roL8p5mm__tee_fl160um_fc12_cg1p2um__rpg1p4um,4.74811539599,6.14296840617,5.273498021167755,231.89650692330616,5.867078405195409,0.00010361081158710016,0.004438605039999821,0.005336443210000041,0.020977193784713855,1.3392400330580756,0.07385077639720272
SQuADDS_MultiTarget,123,chip_simple_dx10p000_dy0p909__Lj12p0nH_Cj2p0fF__roL8p5mm__tee_fl160um_fc12_cg1p2um__rpg1p4um,4.75255400103,6.13763196296,5.2944752149524685,230.5572668902481,5.940929181592612,7,chip_simple_dxm5p455_dy1p818__Lj12p0nH_Cj2p0fF__roL8p5mm__tee_fl160um_fc12_cg1p2um__rpg1p4um,4.7432212798,6.12396808672,5.238211283826828,229.0696122487726,5.878910838755778,0.00014058305754795472,0.00933272122999984,0.013663876239999873,0.0562639311256401,1.4876546414755012,0.06201834283683372
SQuADDS_MultiTarget,123,chip_simple_dx10p000_dy0p909__Lj12p0nH_Cj2p0fF__roL8p5mm__tee_fl160um_fc12_cg1p2um__rpg1p4um,4.75255400103,6.13763196296,5.2944752149524685,230.5572668902481,5.940929181592612,8,chip_simple_dx10p000_dym0p909__Lj12p0nH_Cj2p0fF__roL8p5mm__tee_fl160um_fc12_cg1p2um__rpg1p4um,4.75606154742,6.16778888448,5.306044165422439,234.7878664070657,5.968817326650227,0.00020644310929125912,0.0035075463899998383,0.0301569215200006,0.011568950469970751,4.23059951681762,0.02788814505761561
SQuADDS_MultiTarget,123,chip_simple_dx10p000_dy0p909__Lj12p0nH_Cj2p0fF__roL8p5mm__tee_fl160um_fc12_cg1p2um__rpg1p4um,4.75255400103,6.13763196296,5.2944752149524685,230.5572668902481,5.940929181592612,9,chip_simple_dxm4p545_dy7p273__Lj12p0nH_Cj2p0fF__roL8p5mm__tee_fl160um_fc12_cg1p2um__rpg1p4um,4.72503834706,6.09396858071,5.364709826208115,230.88388505499736,5.8866465937490124,0.00021486468005950892,0.02751565397000011,0.043663382249999216,0.07023461125564623,0.3266181647492772,0.054282587843599295
SQuADDS_MultiTarget,123,chip_simple_dx10p000_dy0p909__Lj12p0nH_Cj2p0fF__roL8p5mm__tee_fl160um_fc12_cg1p2um__rpg1p4um,4.75255400103,6.13763196296,5.2944752149524685,230.5572668902481,5.940929181592612,10,chip_simple_dxm8p182_dy7p273__Lj12p0nH_Cj2p0fF__roL8p5mm__tee_fl160um_fc12_cg1p2um__rpg1p4um,4.73980994773,6.11492139787,5.370422379964828,231.42365600136029,5.863101959116468,0.00021663386639008238,0.012744053299999614,0.02271056508999969,0.07594716501235954,0.8663891111121984,0.07782722247614338
SQuADDS_MultiTarget,124,chip_simple_dx10p000_dy3p636__Lj12p0nH_Cj2p0fF__roL8p5mm__tee_fl160um_fc12_cg1p2um__rpg1p4um,4.72330395194,6.22215593495,5.852815342746735,262.75745588173754,6.048624542248245,1,chip_simple_dxm9p091_dym3p636__Lj12p0nH_Cj2p0fF__roL8p5mm__tee_fl160um_fc12_cg1p2um__rpg1p4um,4.69849918476,6.1890369169,5.88604940322876,263.4189569943742,6.029108285903374,8.040663579949468e-05,0.02480476718000002,0.03311901804999984,0.03323406048202493,0.6615011126366426,0.019516256344870975
SQuADDS_MultiTarget,124,chip_simple_dx10p000_dy3p636__Lj12p0nH_Cj2p0fF__roL8p5mm__tee_fl160um_fc12_cg1p2um__rpg1p4um,4.72330395194,6.22215593495,5.852815342746735,262.75745588173754,6.048624542248245,2,chip_simple_dxm9p091_dym10p000__Lj12p0nH_Cj2p0fF__roL8p5mm__tee_fl160um_fc12_cg1p2um__rpg1p4um,4.71107489741,6.18535581306,5.952367972948074,261.5686595159561,6.018524976031365,0.00020895856724195702,0.01222905453000056,0.036800121889999815,0.0995526302013392,1.1887963657814566,0.03009956621687948
SQuADDS_MultiTarget,124,chip_simple_dx10p000_dy3p636__Lj12p0nH_Cj2p0fF__roL8p5mm__tee_fl160um_fc12_cg1p2um__rpg1p4um,4.72330395194,6.22215593495,5.852815342746735,262.75745588173754,6.048624542248245,3,chip_simple_dxm0p909_dym1p818__Lj12p0nH_Cj2p0fF__roL8p5mm__tee_fl160um_fc12_cg1p2um__rpg1p4um,4.672625604,6.15896625974,5.890477626493453,264.17818518642616,5.957573698522844,0.0003668770914879336,0.050678347939999924,0.0631896752100003,0.03766228374671865,1.4207293046886207,0.09105084372540073
SQuADDS_MultiTarget,124,chip_simple_dx10p000_dy3p636__Lj12p0nH_Cj2p0fF__roL8p5mm__tee_fl160um_fc12_cg1p2um__rpg1p4um,4.72330395194,6.22215593495,5.852815342746735,262.75745588173754,6.048624542248245,4,chip_simple_dxm6p364_dy3p636__Lj12p0nH_Cj2p0fF__roL8p5mm__tee_fl160um_fc12_cg1p2um__rpg1p4um,4.70606182979,6.1671545843,5.89281384662056,258.3575285965225,5.954585492025992,0.00037587469112064146,0.017242122149999872,0.05500135064999956,0.039998503873825086,4.399927285215028,0.09403905022225256
SQuADDS_MultiTarget,124,chip_simple_dx10p000_dy3p636__Lj12p0nH_Cj2p0fF__roL8p5mm__tee_fl160um_fc12_cg1p2um__rpg1p4um,4.72330395194,6.22215593495,5.852815342746735,262.75745588173754,6.048624542248245,5,chip_simple_dx9p091_dy8p182__Lj12p0nH_Cj2p0fF__roL8p5mm__tee_fl160um_fc12_cg1p2um__rpg1p4um,4.69054728544,6.17827451541,5.739252216215133,260.0683223594995,5.9758724560029775,0.00041077931300350593,0.03275666650000009,0.04388141953999991,0.11356312653160128,2.6891335222380235,0.0727520862452673
SQuADDS_MultiTarget,124,chip_simple_dx10p000_dy3p636__Lj12p0nH_Cj2p0fF__roL8p5mm__tee_fl160um_fc12_cg1p2um__rpg1p4um,4.72330395194,6.22215593495,5.852815342746735,262.75745588173754,6.048624542248245,6,chip_simple_dx4p545_dym7p273__Lj12p0nH_Cj2p0fF__roL8p5mm__tee_fl160um_fc12_cg1p2um__rpg1p4um,4.70975884229,6.16440380235,5.946511625797272,258.2466833663227,5.972072223380172,0.00044995676995806643,0.013545109649999887,0.05775213260000012,0.09369628305053723,4.510772515414828,0.07655231886807279
SQuADDS_MultiTarget,124,chip_simple_dx10p000_dy3p636__Lj12p0nH_Cj2p0fF__roL8p5mm__tee_fl160um_fc12_cg1p2um__rpg1p4um,4.72330395194,6.22215593495,5.852815342746735,262.75745588173754,6.048624542248245,7,chip_simple_dx8p182_dy5p455__Lj12p0nH_Cj2p0fF__roL8p5mm__tee_fl160um_fc12_cg1p2um__rpg1p4um,4.69475515897,6.18930512161,5.745368988786697,261.0935447038348,5.922836316982369,0.00046920743807960256,0.02854879297000057,0.03285081333999962,0.10744635396003765,1.663911177902719,0.12578822526587619
SQuADDS_MultiTarget,124,chip_simple_dx10p000_dy3p636__Lj12p0nH_Cj2p0fF__roL8p5mm__tee_fl160um_fc12_cg1p2um__rpg1p4um,4.72330395194,6.22215593495,5.852815342746735,262.75745588173754,6.048624542248245,8,chip_simple_dx10p000_dy4p545__Lj12p0nH_Cj2p0fF__roL8p5mm__tee_fl160um_fc12_cg1p2um__rpg1p4um,4.69438852903,6.23711654308,5.793405339859008,270.04668404490945,6.066853802259337,0.0004841072204513843,0.028915422909999933,0.014960608129999997,0.05941000288772624,7.289228163171913,0.018229260011092485
SQuADDS_MultiTarget,124,chip_simple_dx10p000_dy3p636__Lj12p0nH_Cj2p0fF__roL8p5mm__tee_fl160um_fc12_cg1p2um__rpg1p4um,4.72330395194,6.22215593495,5.852815342746735,262.75745588173754,6.048624542248245,9,chip_simple_dxm2p000_dym2p000__Lj12p0nH_Cj2p0fF__roL8p5mm__tee_fl160um_fc12_cg1p2um__rpg1p4um,4.66357232032,6.17425760616,5.776347432731628,266.16679365567177,5.948772404826305,0.0005249731624401512,0.05973163162000006,0.04789832878999967,0.07646791001510689,3.409337773934226,0.09985213742193988
SQuADDS_MultiTarget,124,chip_simple_dx10p000_dy3p636__Lj12p0nH_Cj2p0fF__roL8p5mm__tee_fl160um_fc12_cg1p2um__rpg1p4um,4.72330395194,6.22215593495,5.852815342746735,262.75745588173754,6.048624542248245,10,chip_simple_dx0p909_dym4p545__Lj12p0nH_Cj2p0fF__roL8p5mm__tee_fl160um_fc12_cg1p2um__rpg1p4um,4.70922868384,6.20956317751,5.678390382087708,259.6697894944625,6.020366326771191,0.0005370087171699692,0.014075268100000038,0.012592757440000213,0.17442496065902624,3.0876663872750214,0.028258215477054094
SQuADDS_MultiTarget,125,chip_simple_dx10p000_dy8p182__Lj12p0nH_Cj2p0fF__roL8p5mm__tee_fl160um_fc12_cg1p2um__rpg1p4um,4.71267796257,6.14331372447,5.878011034767151,252.6873389056645,5.925969437183419,1,chip_simple_dx7p273_dy10p000__Lj12p0nH_Cj2p0fF__roL8p5mm__tee_fl160um_fc12_cg1p2um__rpg1p4um,4.70805055796,6.13632743544,5.907291461717605,253.14031044935945,5.903929399723399,2.318739468642919e-05,0.0046274046099998856,0.006986289029999426,0.02928042695045452,0.4529715436949573,0.02204003746001959
SQuADDS_MultiTarget,125,chip_simple_dx10p000_dy8p182__Lj12p0nH_Cj2p0fF__roL8p5mm__tee_fl160um_fc12_cg1p2um__rpg1p4um,4.71267796257,6.14331372447,5.878011034767151,252.6873389056645,5.925969437183419,2,chip_simple_dxm4p545_dy4p545__Lj12p0nH_Cj2p0fF__roL8p5mm__tee_fl160um_fc12_cg1p2um__rpg1p4um,4.71642795927,6.13578113095,5.930907612184524,251.74673425045364,5.924740428666518,4.9577812097928784e-05,0.003749996699999869,0.007532593519999686,0.05289657741737308,0.9406046552108478,0.0012290085169004428
SQuADDS_MultiTarget,125,chip_simple_dx10p000_dy8p182__Lj12p0nH_Cj2p0fF__roL8p5mm__tee_fl160um_fc12_cg1p2um__rpg1p4um,4.71267796257,6.14331372447,5.878011034767151,252.6873389056645,5.925969437183419,3,chip_simple_dxm4p545_dy6p364__Lj12p0nH_Cj2p0fF__roL8p5mm__tee_fl160um_fc12_cg1p2um__rpg1p4um,4.70948631508,6.14137986712,5.8266296945228575,251.89687397293608,5.901594385955966,5.21151189416715e-05,0.0031916474899995606,0.0019338573499991796,0.051381340244293305,0.7904649327284119,0.024375051227452538
SQuADDS_MultiTarget,125,chip_simple_dx10p000_dy8p182__Lj12p0nH_Cj2p0fF__roL8p5mm__tee_fl160um_fc12_cg1p2um__rpg1p4um,4.71267796257,6.14331372447,5.878011034767151,252.6873389056645,5.925969437183419,4,chip_simple_dx5p455_dym6p364__Lj12p0nH_Cj2p0fF__roL8p5mm__tee_fl160um_fc12_cg1p2um__rpg1p4um,4.70113956644,6.15024864164,5.847728067014694,255.68062975343904,5.934076612123183,9.163756389907297e-05,0.01153839612999974,0.00693491717000061,0.030282967752456535,2.9932908477745457,0.00810717493976476
SQuADDS_MultiTarget,125,chip_simple_dx10p000_dy8p182__Lj12p0nH_Cj2p0fF__roL8p5mm__tee_fl160um_fc12_cg1p2um__rpg1p4um,4.71267796257,6.14331372447,5.878011034767151,252.6873389056645,5.925969437183419,5,chip_simple_dx2p727_dy4p545__Lj12p0nH_Cj2p0fF__roL8p5mm__tee_fl160um_fc12_cg1p2um__rpg1p4um,4.72661637865,6.17653112846,5.815809796421051,253.68702655650372,5.959841194906359,0.00011813491344986316,0.013938416080000238,0.03321740399000017,0.06220123834610014,0.9996876508392347,0.03387175772294082
SQuADDS_MultiTarget,125,chip_simple_dx10p000_dy8p182__Lj12p0nH_Cj2p0fF__roL8p5mm__tee_fl160um_fc12_cg1p2um__rpg1p4um,4.71267796257,6.14331372447,5.878011034767151,252.6873389056645,5.925969437183419,6,chip_simple_dx10p000_dy2p727__Lj12p0nH_Cj2p0fF__roL8p5mm__tee_fl160um_fc12_cg1p2um__rpg1p4um,4.73462079534,6.18985040369,5.828325863840103,254.44098843935748,5.937285281374463,0.00014069198023667864,0.021942832769999754,0.04653667922000082,0.04968517092704783,1.7536495336929931,0.01131584419104481
SQuADDS_MultiTarget,125,chip_simple_dx10p000_dy8p182__Lj12p0nH_Cj2p0fF__roL8p5mm__tee_fl160um_fc12_cg1p2um__rpg1p4um,4.71267796257,6.14331372447,5.878011034767151,252.6873389056645,5.925969437183419,7,chip_simple_dx4p545_dy9p091__Lj12p0nH_Cj2p0fF__roL8p5mm__tee_fl160um_fc12_cg1p2um__rpg1p4um,4.68609575245,6.11430901066,5.943070262321472,255.0398969000135,5.911313507537606,0.00016175791042847274,0.02658221011999995,0.02900471380999914,0.06505922755432092,2.352557994349013,0.014655929645812193
SQuADDS_MultiTarget,125,chip_simple_dx10p000_dy8p182__Lj12p0nH_Cj2p0fF__roL8p5mm__tee_fl160um_fc12_cg1p2um__rpg1p4um,4.71267796257,6.14331372447,5.878011034767151,252.6873389056645,5.925969437183419,8,chip_simple_dx8p182_dy10p000__Lj12p0nH_Cj2p0fF__roL8p5mm__tee_fl160um_fc12_cg1p2um__rpg1p4um,4.69432691439,6.09749818315,5.921394772914886,249.9961335217051,5.89790265333111,0.000165949710332515,0.018351048179999552,0.04581554131999965,0.04338373814773533,2.6912053839593852,0.02806678385230832
SQuADDS_MultiTarget,125,chip_simple_dx10p000_dy8p182__Lj12p0nH_Cj2p0fF__roL8p5mm__tee_fl160um_fc12_cg1p2um__rpg1p4um,4.71267796257,6.14331372447,5.878011034767151,252.6873389056645,5.925969437183419,9,chip_simple_dx6p364_dym10p000__Lj12p0nH_Cj2p0fF__roL8p5mm__tee_fl160um_fc12_cg1p2um__rpg1p4um,4.71222287437,6.11776336869,5.892424395643234,248.8381761745651,5.8779333128535365,0.00016918802386988238,0.0004550881999998424,0.0255503557799992,0.014413360876083026,3.8491627310993977,0.048036124329882135
SQuADDS_MultiTarget,125,chip_simple_dx10p000_dy8p182__Lj12p0nH_Cj2p0fF__roL8p5mm__tee_fl160um_fc12_cg1p2um__rpg1p4um,4.71267796257,6.14331372447,5.878011034767151,252.6873389056645,5.925969437183419,10,chip_simple_dxm1p818_dy6p364__Lj12p0nH_Cj2p0fF__roL8p5mm__tee_fl160um_fc12_cg1p2um__rpg1p4um,4.72288255884,6.16611156985,5.942852807521819,255.57392589996,5.983119778272944,0.00019105705525441043,0.010204596270000366,0.022797845380000403,0.06484177275466863,2.8865869942954987,0.05715034108952555
SQuADDS_MultiTarget,126,chip_simple_dx10p000_dy10p000__Lj12p0nH_Cj2p0fF__roL8p5mm__tee_fl160um_fc12_cg1p2um__rpg1p4um,4.7197549909,6.17427677037,5.8566343768806455,255.68904490554613,5.95457013669626,1,chip_simple_dx5p455_dym6p364__Lj12p0nH_Cj2p0fF__roL8p5mm__tee_fl160um_fc12_cg1p2um__rpg1p4um,4.70113956644,6.15024864164,5.847728067014694,255.68062975343904,5.934076612123183,3.778057270425629e-05,0.018615424460000085,0.024028128729999487,0.0089063098659512,0.008415152107090762,0.020493524573076627
SQuADDS_MultiTarget,126,chip_simple_dx10p000_dy10p000__Lj12p0nH_Cj2p0fF__roL8p5mm__tee_fl160um_fc12_cg1p2um__rpg1p4um,4.7197549909,6.17427677037,5.8566343768806455,255.68904490554613,5.95457013669626,2,chip_simple_dx10p000_dy2p727__Lj12p0nH_Cj2p0fF__roL8p5mm__tee_fl160um_fc12_cg1p2um__rpg1p4um,4.73462079534,6.18985040369,5.828325863840103,254.44098843935748,5.937285281374463,4.409045475461799e-05,0.014865804439999408,0.015573633320000724,0.028308513040542493,1.2480564661886433,0.017284855321796577
SQuADDS_MultiTarget,126,chip_simple_dx10p000_dy10p000__Lj12p0nH_Cj2p0fF__roL8p5mm__tee_fl160um_fc12_cg1p2um__rpg1p4um,4.7197549909,6.17427677037,5.8566343768806455,255.68904490554613,5.95457013669626,3,chip_simple_dx2p727_dy4p545__Lj12p0nH_Cj2p0fF__roL8p5mm__tee_fl160um_fc12_cg1p2um__rpg1p4um,4.72661637865,6.17653112846,5.815809796421051,253.68702655650372,5.959841194906359,5.758717572910262e-05,0.006861387749999892,0.002254358090000075,0.040824580459594806,2.0020183490424017,0.005271058210099433
SQuADDS_MultiTarget,126,chip_simple_dx10p000_dy10p000__Lj12p0nH_Cj2p0fF__roL8p5mm__tee_fl160um_fc12_cg1p2um__rpg1p4um,4.7197549909,6.17427677037,5.8566343768806455,255.68904490554613,5.95457013669626,4,chip_simple_dxm6p364_dy3p636__Lj12p0nH_Cj2p0fF__roL8p5mm__tee_fl160um_fc12_cg1p2um__rpg1p4um,4.70606182979,6.1671545843,5.89281384662056,258.3575285965225,5.954585492025992,8.328836448873808e-05,0.013693161109999963,0.007122186069999259,0.03617946973991426,2.6684836909763874,1.5355329732180678e-05
SQuADDS_MultiTarget,126,chip_simple_dx10p000_dy10p000__Lj12p0nH_Cj2p0fF__roL8p5mm__tee_fl160um_fc12_cg1p2um__rpg1p4um,4.7197549909,6.17427677037,5.8566343768806455,255.68904490554613,5.95457013669626,5,chip_simple_dxm1p818_dy6p364__Lj12p0nH_Cj2p0fF__roL8p5mm__tee_fl160um_fc12_cg1p2um__rpg1p4um,4.72288255884,6.16611156985,5.942852807521819,255.57392589996,5.983119778272944,0.00012214458275927286,0.00312756794000002,0.008165200519999694,0.08621843064117396,0.11511900558613775,0.02854964157668416
SQuADDS_MultiTarget,126,chip_simple_dx10p000_dy10p000__Lj12p0nH_Cj2p0fF__roL8p5mm__tee_fl160um_fc12_cg1p2um__rpg1p4um,4.7197549909,6.17427677037,5.8566343768806455,255.68904490554613,5.95457013669626,6,chip_simple_dx7p273_dy10p000__Lj12p0nH_Cj2p0fF__roL8p5mm__tee_fl160um_fc12_cg1p2um__rpg1p4um,4.70805055796,6.13632743544,5.907291461717605,253.14031044935945,5.903929399723399,0.00016717960248551836,0.011704432940000231,0.03794933492999952,0.050657084836959854,2.548734456186679,0.05064073697286098
SQuADDS_MultiTarget,126,chip_simple_dx10p000_dy10p000__Lj12p0nH_Cj2p0fF__roL8p5mm__tee_fl160um_fc12_cg1p2um__rpg1p4um,4.7197549909,6.17427677037,5.8566343768806455,255.68904490554613,5.95457013669626,7,chip_simple_dx4p545_dym7p273__Lj12p0nH_Cj2p0fF__roL8p5mm__tee_fl160um_fc12_cg1p2um__rpg1p4um,4.70975884229,6.16440380235,5.946511625797272,258.2466833663227,5.972072223380172,0.00017914489274557227,0.009996148609999977,0.009872968019999817,0.0898772489166264,2.5576384607765874,0.017502086683911955
SQuADDS_MultiTarget,126,chip_simple_dx10p000_dy10p000__Lj12p0nH_Cj2p0fF__roL8p5mm__tee_fl160um_fc12_cg1p2um__rpg1p4um,4.7197549909,6.17427677037,5.8566343768806455,255.68904490554613,5.95457013669626,8,chip_simple_dxm2p727_dy0p000__Lj12p0nH_Cj2p0fF__roL8p5mm__tee_fl160um_fc12_cg1p2um__rpg1p4um,4.70946736854,6.17220265584,5.747707520002365,255.1766850154424,5.971067509373771,0.00018366876874189705,0.010287622359999915,0.0020741145300000596,0.10892685687828063,0.5123598901037383,0.01649737267751128
SQuADDS_MultiTarget,126,chip_simple_dx10p000_dy10p000__Lj12p0nH_Cj2p0fF__roL8p5mm__tee_fl160um_fc12_cg1p2um__rpg1p4um,4.7197549909,6.17427677037,5.8566343768806455,255.68904490554613,5.95457013669626,9,chip_simple_dxm4p545_dy6p364__Lj12p0nH_Cj2p0fF__roL8p5mm__tee_fl160um_fc12_cg1p2um__rpg1p4um,4.70948631508,6.14137986712,5.8266296945228575,251.89687397293608,5.901594385955966,0.00019580256459870193,0.010268675819999906,0.032896903249999276,0.03000468235778797,3.7921709326100483,0.052975750740293925
SQuADDS_MultiTarget,126,chip_simple_dx10p000_dy10p000__Lj12p0nH_Cj2p0fF__roL8p5mm__tee_fl160um_fc12_cg1p2um__rpg1p4um,4.7197549909,6.17427677037,5.8566343768806455,255.68904490554613,5.95457013669626,10,chip_simple_dxm4p545_dy4p545__Lj12p0nH_Cj2p0fF__roL8p5mm__tee_fl160um_fc12_cg1p2um__rpg1p4um,4.71642795927,6.13578113095,5.930907612184524,251.74673425045364,5.924740428666518,0.0002511964158581313,0.0033270316300004765,0.03849563941999978,0.07427323530387842,3.9423106550924842,0.02982970802974183
