method,query_idx,query_sample_id,query_fq_GHz,query_fr_GHz,query_chi_MHz,query_g_MHz,query_kappa_MHz,rank,retrieved_sample_id,retrieved_fq_GHz,retrieved_fr_GHz,retrieved_chi_MHz,retrieved_g_MHz,retrieved_kappa_MHz,distance_or_cost,error_fq,error_fr,error_chi,error_g,error_kappa
SQuADDS_fqOnly,0,fig5_cg2p0um_rpg2p0um__Lj12p0nH_Cj0p0fF__roL8p5mm__tee_fl160um_fc12,4.87611067234,6.2724037398,4.550888010089874,210.16157380006155,6.038057856245259,1,fig5_cg1p0um_rpg2p5um__Lj12p0nH_Cj0p0fF__roL8p5mm__tee_fl160um_fc12,4.8761770008,5.99407925784,6.270368555709839,201.3919971854669,5.6148078415071,1.8503450377745165e-10,6.632845999998693e-05,0.2783244819599995,1.719480545619965,8.769576614594655,0.4232500147381586
SQuADDS_fqOnly,0,fig5_cg2p0um_rpg2p0um__Lj12p0nH_Cj0p0fF__roL8p5mm__tee_fl160um_fc12,4.87611067234,6.2724037398,4.550888010089874,210.16157380006155,6.038057856245259,2,fig5_cg1p5um_rpg2p0um__Lj12p0nH_Cj0p0fF__roL8p5mm__tee_fl160um_fc12,4.87620084481,6.26170388145,4.99363361734581,218.7024888594067,5.970534325619533,3.4198009110175896e-10,9.017246999931672e-05,0.010699858349999758,0.4427456072559357,8.540915059345167,0.06752353062572602
SQuADDS_fqOnly,0,fig5_cg2p0um_rpg2p0um__Lj12p0nH_Cj0p0fF__roL8p5mm__tee_fl160um_fc12,4.87611067234,6.2724037398,4.550888010089874,210.16157380006155,6.038057856245259,3,fig5_cg1p5um_rpg4p0um__Lj12p0nH_Cj0p0fF__roL8p5mm__tee_fl160um_fc12,4.87824436992,6.24826740965,4.101225070188522,195.7599725835552,5.814198941096933,1.9147788463743207e-07,0.002133697579999705,0.024136330149999274,0.4496629399013523,14.40160121650635,0.2238589151483259
SQuADDS_fqOnly,0,fig5_cg2p0um_rpg2p0um__Lj12p0nH_Cj0p0fF__roL8p5mm__tee_fl160um_fc12,4.87611067234,6.2724037398,4.550888010089874,210.16157380006155,6.038057856245259,4,fig5_cg2p0um_rpg2p5um__Lj12p0nH_Cj0p0fF__roL8p5mm__tee_fl160um_fc12,4.88081947033,6.29200362079,4.710222612869263,215.78136757047287,6.007573423867593,9.325518981362084e-07,0.004708797989999347,0.01959988099000043,0.1593346027793885,5.61979377041132,0.030484432377665627
SQuADDS_fqOnly,0,fig5_cg2p0um_rpg2p0um__Lj12p0nH_Cj0p0fF__roL8p5mm__tee_fl160um_fc12,4.87611067234,6.2724037398,4.550888010089874,210.16157380006155,6.038057856245259,5,fig5_cg2p5um_rpg2p5um__Lj12p0nH_Cj0p0fF__roL8p5mm__tee_fl160um_fc12,4.86782605146,6.40620544852,4.850844314466476,237.9905673388129,6.17514285459043,2.886676852851099e-06,0.008284620880000482,0.13380170872000008,0.29995630437660203,27.828993538751348,0.13708499834517074
SQuADDS_fqOnly,0,fig5_cg2p0um_rpg2p0um__Lj12p0nH_Cj0p0fF__roL8p5mm__tee_fl160um_fc12,4.87611067234,6.2724037398,4.550888010089874,210.16157380006155,6.038057856245259,6,fig5_cg4p5um_rpg4p5um__Lj12p0nH_Cj0p0fF__roL8p5mm__tee_fl160um_fc12,4.88663816113,6.38597506967,3.063956994333267,183.56382427683712,5.961119575854728,4.661250757393751e-06,0.010527488789999317,0.11357132987000007,1.4869310157566074,26.597749523224422,0.07693828039053052
SQuADDS_fqOnly,0,fig5_cg2p0um_rpg2p0um__Lj12p0nH_Cj0p0fF__roL8p5mm__tee_fl160um_fc12,4.87611067234,6.2724037398,4.550888010089874,210.16157380006155,6.038057856245259,7,fig5_cg5p0um_rpg4p0um__Lj12p0nH_Cj0p0fF__roL8p5mm__tee_fl160um_fc12,4.88774415429,6.45896799938,3.299699922574997,199.0926748998529,6.073027040692848,5.692097524062179e-06,0.011633481949999691,0.18656425958000078,1.2511880875148775,11.068898900208637,0.03496918444758901
SQuADDS_fqOnly,0,fig5_cg2p0um_rpg2p0um__Lj12p0nH_Cj0p0fF__roL8p5mm__tee_fl160um_fc12,4.87611067234,6.2724037398,4.550888010089874,210.16157380006155,6.038057856245259,8,fig5_cg3p5um_rpg3p5um__Lj12p0nH_Cj0p0fF__roL8p5mm__tee_fl160um_fc12,4.88834773081,6.55440012204,3.58235393236351,219.15970791952185,6.190036689460878,6.298062439443628e-06,0.01223705846999934,0.28199638224,0.9685340777263645,8.998134119460303,0.1519788332156189
SQuADDS_fqOnly,0,fig5_cg2p0um_rpg2p0um__Lj12p0nH_Cj0p0fF__roL8p5mm__tee_fl160um_fc12,4.87611067234,6.2724037398,4.550888010089874,210.16157380006155,6.038057856245259,9,fig5_cg4p5um_rpg3p5um__Lj12p0nH_Cj0p0fF__roL8p5mm__tee_fl160um_fc12,4.88861160423,6.4734435094,3.773440051719665,214.72133803964505,6.083690932056749,6.57260706945338e-06,0.012500931890000011,0.20103976960000036,0.7774479583702094,4.559764239583501,0.04563307581149001
SQuADDS_fqOnly,0,fig5_cg2p0um_rpg2p0um__Lj12p0nH_Cj0p0fF__roL8p5mm__tee_fl160um_fc12,4.87611067234,6.2724037398,4.550888010089874,210.16157380006155,6.038057856245259,10,fig5_cg3p0um_rpg2p0um__Lj12p0nH_Cj0p0fF__roL8p5mm__tee_fl160um_fc12,4.85591843529,6.44095110726,4.270610977590561,230.04663618304903,6.1997071597004,1.7148327289712966e-05,0.020192237050000728,0.16854736746000043,0.28027703249931335,19.885062382987485,0.16164930345514072
SQuADDS_fqOnly,1,fig5_cg2p5um_rpg1p0um__Lj12p0nH_Cj0p0fF__roL8p5mm__tee_fl160um_fc12,4.66294784318,6.36077653441,6.190793763965607,308.1283621705032,6.290282883749718,1,chip_simple_dx0p909_dy3p636__Lj12p0nH_Cj2p0fF__roL8p5mm__tee_fl160um_fc12_cg1p2um__rpg1p4um,4.6631226493,6.11903436188,5.896621238670349,259.81911482762723,5.882535903816615,1.4053747652990228e-09,0.00017480611999953766,0.2417421725300004,0.2941725252952585,48.30924734287595,0.40774697993310305
SQuADDS_fqOnly,1,fig5_cg2p5um_rpg1p0um__Lj12p0nH_Cj0p0fF__roL8p5mm__tee_fl160um_fc12,4.66294784318,6.36077653441,6.190793763965607,308.1283621705032,6.290282883749718,2,chip_simple_dxm2p000_dym2p000__Lj12p0nH_Cj2p0fF__roL8p5mm__tee_fl160um_fc12_cg1p2um__rpg1p4um,4.66357232032,6.17425760616,5.776347432731628,266.16679365567177,5.948772404826305,1.7935437479942528e-08,0.0006244771399996907,0.18651892824999994,0.41444633123397967,41.96156851483141,0.34151047892341335
SQuADDS_fqOnly,1,fig5_cg2p5um_rpg1p0um__Lj12p0nH_Cj0p0fF__roL8p5mm__tee_fl160um_fc12,4.66294784318,6.36077653441,6.190793763965607,308.1283621705032,6.290282883749718,3,chip_simple_dx2p727_dy9p091__Lj12p0nH_Cj2p0fF__roL8p5mm__tee_fl160um_fc12_cg1p2um__rpg1p4um,4.66405896257,5.9877620988,6.321251501457214,246.19094484973783,5.715712771067524,5.6780647078209226e-08,0.0011111193899999705,0.37301443561000003,0.13045773749160627,61.93741732076535,0.5745701126821938
SQuADDS_fqOnly,1,fig5_cg2p5um_rpg1p0um__Lj12p0nH_Cj0p0fF__roL8p5mm__tee_fl160um_fc12,4.66294784318,6.36077653441,6.190793763965607,308.1283621705032,6.290282883749718,4,chip_simple_dxm0p909_dy1p818__Lj12p0nH_Cj2p0fF__roL8p5mm__tee_fl160um_fc12_cg1p2um__rpg1p4um,4.66450390523,6.13858364091,5.557019098932266,255.0274764591106,5.910793383351408,1.1136089345313987e-07,0.0015560620499996958,0.22219289349999993,0.6337746650333411,53.10088571139258,0.37948950039830986
SQuADDS_fqOnly,1,fig5_cg2p5um_rpg1p0um__Lj12p0nH_Cj0p0fF__roL8p5mm__tee_fl160um_fc12,4.66294784318,6.36077653441,6.190793763965607,308.1283621705032,6.290282883749718,5,chip_simple_dx0p000_dy8p182__Lj12p0nH_Cj2p0fF__roL8p5mm__tee_fl160um_fc12_cg1p2um__rpg1p4um,4.66459917098,6.11256654579,5.540656121810913,250.4325233233085,5.83856908361424,1.2541384102218908e-07,0.0016513277999994358,0.2482099886200002,0.6501376421546947,57.69583884719469,0.45171380013547857
SQuADDS_fqOnly,1,fig5_cg2p5um_rpg1p0um__Lj12p0nH_Cj0p0fF__roL8p5mm__tee_fl160um_fc12,4.66294784318,6.36077653441,6.190793763965607,308.1283621705032,6.290282883749718,6,chip_simple_dx10p000_dy7p273__Lj12p0nH_Cj2p0fF__roL8p5mm__tee_fl160um_fc12_cg1p2um__rpg1p4um,4.66101955519,6.03694119202,6.148507254526138,251.85392058988865,5.756378365268905,1.7101046078876173e-07,0.0019282879900002214,0.32383534239000067,0.0422865094394691,56.274441580614535,0.5339045184808136
SQuADDS_fqOnly,1,fig5_cg2p5um_rpg1p0um__Lj12p0nH_Cj0p0fF__roL8p5mm__tee_fl160um_fc12,4.66294784318,6.36077653441,6.190793763965607,308.1283621705032,6.290282883749718,7,chip_simple_dx7p273_dym4p545__Lj12p0nH_Cj2p0fF__roL8p5mm__tee_fl160um_fc12_cg1p2um__rpg1p4um,4.66062735172,6.05659827963,6.401618414894104,260.52038403940827,5.824373347039268,2.4765028574442713e-07,0.0023204914600007953,0.30417825478000005,0.21082465092849656,47.60797813109491,0.4659095367104502
SQuADDS_fqOnly,1,fig5_cg2p5um_rpg1p0um__Lj12p0nH_Cj0p0fF__roL8p5mm__tee_fl160um_fc12,4.66294784318,6.36077653441,6.190793763965607,308.1283621705032,6.290282883749718,8,chip_simple_dxm6p364_dy1p818__Lj12p0nH_Cj2p0fF__roL8p5mm__tee_fl160um_fc12_cg1p2um__rpg1p4um,4.6653952178,5.89233877471,7.111206174053192,243.65760514397687,5.596123213023553,2.754734755901646e-07,0.002447374619999998,0.46843775970000046,0.920412410087585,64.47075702652631,0.6941596707261652
SQuADDS_fqOnly,1,fig5_cg2p5um_rpg1p0um__Lj12p0nH_Cj0p0fF__roL8p5mm__tee_fl160um_fc12,4.66294784318,6.36077653441,6.190793763965607,308.1283621705032,6.290282883749718,9,fig5_cg4p5um_rpg1p0um__Lj12p0nH_Cj0p0fF__roL8p5mm__tee_fl160um_fc12,4.66547453942,6.44365646453,5.568490972890854,305.09213979648246,6.526420054379522,2.936195391488381e-07,0.0025266962399994597,0.08287993011999983,0.6223027910747536,3.036222374020724,0.23613717062980388
SQuADDS_fqOnly,1,fig5_cg2p5um_rpg1p0um__Lj12p0nH_Cj0p0fF__roL8p5mm__tee_fl160um_fc12,4.66294784318,6.36077653441,6.190793763965607,308.1283621705032,6.290282883749718,10,chip_simple_dxm9p091_dym6p364__Lj12p0nH_Cj2p0fF__roL8p5mm__tee_fl160um_fc12_cg1p2um__rpg1p4um,4.66020332147,6.12956510902,5.931523023582458,263.0344249512455,5.964119118926944,3.464273929928143e-07,0.0027445217100003916,0.2312114253900006,0.25927074038314935,45.09393721925767,0.3261637648227742
SQuADDS_fqOnly,2,fig5_cg3p5um_rpg3p0um__Lj12p0nH_Cj0p0fF__roL8p5mm__tee_fl160um_fc12,4.93553973885,6.40871504867,3.609282795269012,194.3874784003586,6.04946112689089,1,fig5_cg0p5um_rpg4p0um__Lj12p0nH_Cj0p0fF__roL8p5mm__tee_fl160um_fc12,4.93444795175,5.31580660647,11.014610311313628,104.66300593655608,4.723900019540444,4.893353730750011e-08,0.001091787100000019,1.0929084422000006,7.405327516044617,89.72447246380251,1.3255611073504454
SQuADDS_fqOnly,2,fig5_cg3p5um_rpg3p0um__Lj12p0nH_Cj0p0fF__roL8p5mm__tee_fl160um_fc12,4.93553973885,6.40871504867,3.609282795269012,194.3874784003586,6.04946112689089,2,fig5_cg1p5um_rpg3p0um__Lj12p0nH_Cj0p0fF__roL8p5mm__tee_fl160um_fc12,4.93361547524,6.17501216383,4.052527205030441,175.89357788253568,5.703326979965164,1.5200568395822053e-07,0.0019242636100003097,0.23370288484000046,0.4432444097614292,18.493900517822908,0.34613414692572597
SQuADDS_fqOnly,2,fig5_cg3p5um_rpg3p0um__Lj12p0nH_Cj0p0fF__roL8p5mm__tee_fl160um_fc12,4.93553973885,6.40871504867,3.609282795269012,194.3874784003586,6.04946112689089,3,fig5_cg2p0um_rpg4p0um__Lj12p0nH_Cj0p0fF__roL8p5mm__tee_fl160um_fc12,4.9386279194,6.36953775963,3.746125830854416,192.53030771266367,5.985478910669201,3.9150387118183494e-07,0.0030881805499998194,0.039177289040000396,0.13684303558540423,1.8571706876949179,0.06398221622168876
SQuADDS_fqOnly,2,fig5_cg3p5um_rpg3p0um__Lj12p0nH_Cj0p0fF__roL8p5mm__tee_fl160um_fc12,4.93553973885,6.40871504867,3.609282795269012,194.3874784003586,6.04946112689089,4,fig5_cg1p5um_rpg2p5um__Lj12p0nH_Cj0p0fF__roL8p5mm__tee_fl160um_fc12,4.93882770809,6.20515259596,4.85777295016098,196.1018444801448,5.919324796967785,4.4379886359052574e-07,0.003287969239999633,0.20356245271000084,1.248490154891968,1.7143660797862026,0.1301363299231051
SQuADDS_fqOnly,2,fig5_cg3p5um_rpg3p0um__Lj12p0nH_Cj0p0fF__roL8p5mm__tee_fl160um_fc12,4.93553973885,6.40871504867,3.609282795269012,194.3874784003586,6.04946112689089,5,fig5_cg3p5um_rpg5p0um__Lj12p0nH_Cj0p0fF__roL8p5mm__tee_fl160um_fc12,4.93155087737,6.50667264028,3.192206646333694,194.60845436094925,6.043189427188832,6.531735711333069e-07,0.003988861479999883,0.09795759160999928,0.41707614893531764,0.22097596059066404,0.006271699702057987
SQuADDS_fqOnly,2,fig5_cg3p5um_rpg3p0um__Lj12p0nH_Cj0p0fF__roL8p5mm__tee_fl160um_fc12,4.93553973885,6.40871504867,3.609282795269012,194.3874784003586,6.04946112689089,6,fig5_cg3p5um_rpg4p5um__Lj12p0nH_Cj0p0fF__roL8p5mm__tee_fl160um_fc12,4.93974901061,6.38397286003,3.69327575235939,192.8740906594917,5.933832041481957,7.273519798657018e-07,0.004209271759999744,0.02474218864000033,0.08399295709037835,1.5133877408668752,0.11562908540893257
SQuADDS_fqOnly,2,fig5_cg3p5um_rpg3p0um__Lj12p0nH_Cj0p0fF__roL8p5mm__tee_fl160um_fc12,4.93553973885,6.40871504867,3.609282795269012,194.3874784003586,6.04946112689089,7,fig5_cg3p0um_rpg4p0um__Lj12p0nH_Cj0p0fF__roL8p5mm__tee_fl160um_fc12,4.940704631,6.42408762791,3.4702477960357663,191.51572092370972,6.040377137923779,1.0950985616855231e-06,0.005164892149999822,0.01537257923999924,0.13903499923324558,2.8717574766488667,0.009083988967110379
SQuADDS_fqOnly,2,fig5_cg3p5um_rpg3p0um__Lj12p0nH_Cj0p0fF__roL8p5mm__tee_fl160um_fc12,4.93553973885,6.40871504867,3.609282795269012,194.3874784003586,6.04946112689089,8,fig5_cg1p0um_rpg3p5um__Lj12p0nH_Cj0p0fF__roL8p5mm__tee_fl160um_fc12,4.93012574905,5.64408869323,6.575776153987884,136.7596168514535,5.1303535459575125,1.203276847468306e-06,0.005413989800000074,0.7646263554400008,2.966493358718872,57.62786154890509,0.9191075809333773
SQuADDS_fqOnly,2,fig5_cg3p5um_rpg3p0um__Lj12p0nH_Cj0p0fF__roL8p5mm__tee_fl160um_fc12,4.93553973885,6.40871504867,3.609282795269012,194.3874784003586,6.04946112689089,9,fig5_cg2p5um_rpg4p5um__Lj12p0nH_Cj0p0fF__roL8p5mm__tee_fl160um_fc12,4.94106024347,6.27626260442,3.614401097434997,177.32648850399752,5.824223648241028,1.2510891258045172e-06,0.005520504619999755,0.13245244425000013,0.005118302165985078,17.060989896361065,0.22523747864986188
SQuADDS_fqOnly,2,fig5_cg3p5um_rpg3p0um__Lj12p0nH_Cj0p0fF__roL8p5mm__tee_fl160um_fc12,4.93553973885,6.40871504867,3.609282795269012,194.3874784003586,6.04946112689089,10,fig5_cg2p0um_rpg3p5um__Lj12p0nH_Cj0p0fF__roL8p5mm__tee_fl160um_fc12,4.92988654864,6.34828832398,4.071626393825531,199.5447640637109,5.952483565984568,1.311951832135717e-06,0.005653190210000325,0.0604267246900001,0.46234359855651874,5.157285663352297,0.09697756090632215
SQuADDS_fqOnly,3,fig5_cg4p0um_rpg1p5um__Lj12p0nH_Cj0p0fF__roL8p5mm__tee_fl160um_fc12,4.63955293545,6.42466191485,4.9842324073925015,290.9207745568615,6.2754882085959895,1,chip_simple_dx4p545_dy3p636__Lj12p0nH_Cj2p0fF__roL8p5mm__tee_fl160um_fc12_cg1p2um__rpg1p4um,4.6391490467,6.1400873545,6.087010506978988,273.04723708403606,5.896341322884301,7.578290417045545e-09,0.000403888750000192,0.2845745603499994,1.1027780995864864,17.873537472825433,0.3791468857116884
SQuADDS_fqOnly,3,fig5_cg4p0um_rpg1p5um__Lj12p0nH_Cj0p0fF__roL8p5mm__tee_fl160um_fc12,4.63955293545,6.42466191485,4.9842324073925015,290.9207745568615,6.2754882085959895,2,chip_simple_dx3p636_dy3p636__Lj12p0nH_Cj2p0fF__roL8p5mm__tee_fl160um_fc12_cg1p2um__rpg1p4um,4.64027560624,6.0453856762,6.692517402437209,269.36381961114404,5.806133906462158,2.426211929420631e-08,0.0007226707900001017,0.37927623865000015,1.7082849950447079,21.55695494571745,0.4693543021338318
SQuADDS_fqOnly,3,fig5_cg4p0um_rpg1p5um__Lj12p0nH_Cj0p0fF__roL8p5mm__tee_fl160um_fc12,4.63955293545,6.42466191485,4.9842324073925015,290.9207745568615,6.2754882085959895,3,chip_simple_dxm10p000_dy3p636__Lj12p0nH_Cj2p0fF__roL8p5mm__tee_fl160um_fc12_cg1p2um__rpg1p4um,4.6418768344,5.98369428669,6.249091382169723,249.1251595778436,5.676013980362334,2.5088934114344877e-07,0.0023238989499994034,0.4409676281600001,1.2648589747772219,41.7956149790179,0.5994742282336558
SQuADDS_fqOnly,3,fig5_cg4p0um_rpg1p5um__Lj12p0nH_Cj0p0fF__roL8p5mm__tee_fl160um_fc12,4.63955293545,6.42466191485,4.9842324073925015,290.9207745568615,6.2754882085959895,4,chip_simple_dx7p273_dy6p364__Lj12p0nH_Cj2p0fF__roL8p5mm__tee_fl160um_fc12_cg1p2um__rpg1p4um,4.64195686026,6.15054121396,6.064661784154891,273.66878744595965,5.93995769375592,2.684661229062903e-07,0.0024039248099994026,0.2741207008899993,1.0804293767623898,17.251987110901837,0.33553051484006957
SQuADDS_fqOnly,3,fig5_cg4p0um_rpg1p5um__Lj12p0nH_Cj0p0fF__roL8p5mm__tee_fl160um_fc12,4.63955293545,6.42466191485,4.9842324073925015,290.9207745568615,6.2754882085959895,5,chip_simple_dx0p909_dy9p091__Lj12p0nH_Cj2p0fF__roL8p5mm__tee_fl160um_fc12_cg1p2um__rpg1p4um,4.64262010646,6.01719400783,7.119226298389434,272.16782032574594,5.7859474059590505,4.370425414972832e-07,0.0030671710099996474,0.40746790702,2.134993890996933,18.752954231115552,0.489540802636939
SQuADDS_fqOnly,3,fig5_cg4p0um_rpg1p5um__Lj12p0nH_Cj0p0fF__roL8p5mm__tee_fl160um_fc12,4.63955293545,6.42466191485,4.9842324073925015,290.9207745568615,6.2754882085959895,6,chip_simple_dx3p636_dym1p818__Lj12p0nH_Cj2p0fF__roL8p5mm__tee_fl160um_fc12_cg1p2um__rpg1p4um,4.64263027066,6.04873906928,5.965470440525055,254.1147038644968,5.708747532691113,4.3994394360224007e-07,0.003077335209999532,0.3759228455699999,0.9812380331325539,36.8060706923647,0.5667406759048763
SQuADDS_fqOnly,3,fig5_cg4p0um_rpg1p5um__Lj12p0nH_Cj0p0fF__roL8p5mm__tee_fl160um_fc12,4.63955293545,6.42466191485,4.9842324073925015,290.9207745568615,6.2754882085959895,7,chip_simple_dx3p636_dy7p273__Lj12p0nH_Cj2p0fF__roL8p5mm__tee_fl160um_fc12_cg1p2um__rpg1p4um,4.64301310099,6.06890912074,6.122459167245864,260.94499649016126,5.802140772643392,5.562134479319616e-07,0.0034601655399999487,0.3557527941099998,1.1382267598533629,29.97577806670023,0.473347435952598
SQuADDS_fqOnly,3,fig5_cg4p0um_rpg1p5um__Lj12p0nH_Cj0p0fF__roL8p5mm__tee_fl160um_fc12,4.63955293545,6.42466191485,4.9842324073925015,290.9207745568615,6.2754882085959895,8,chip_simple_dxm5p455_dy0p909__Lj12p0nH_Cj2p0fF__roL8p5mm__tee_fl160um_fc12_cg1p2um__rpg1p4um,4.64473717861,6.07386783425,6.272414009590149,264.4462082695658,5.845966867331816,1.248585992069204e-06,0.0051842431599995464,0.35079408060000006,1.288181602197647,26.474566287295715,0.42952134126417363
SQuADDS_fqOnly,3,fig5_cg4p0um_rpg1p5um__Lj12p0nH_Cj0p0fF__roL8p5mm__tee_fl160um_fc12,4.63955293545,6.42466191485,4.9842324073925015,290.9207745568615,6.2754882085959895,9,chip_simple_dxm2p727_dy7p273__Lj12p0nH_Cj2p0fF__roL8p5mm__tee_fl160um_fc12_cg1p2um__rpg1p4um,4.64565792942,5.94593779992,6.813675192602157,252.5467836425057,5.640825470466488,1.7314829134324343e-06,0.006104993970000194,0.47872411492999944,1.8294427852096558,38.3739909143558,0.6346627381295011
SQuADDS_fqOnly,3,fig5_cg4p0um_rpg1p5um__Lj12p0nH_Cj0p0fF__roL8p5mm__tee_fl160um_fc12,4.63955293545,6.42466191485,4.9842324073925015,290.9207745568615,6.2754882085959895,10,chip_simple_dx5p455_dy7p273__Lj12p0nH_Cj2p0fF__roL8p5mm__tee_fl160um_fc12_cg1p2um__rpg1p4um,4.63016259455,5.90653520192,7.5051360739383695,261.5882571358774,5.619886396297611,4.096476325272799e-06,0.00939034090000046,0.51812671293,2.520903666545868,29.33251742098406,0.6556018122983787
SQuADDS_fqOnly,4,fig5_cg4p0um_rpg2p0um__Lj12p0nH_Cj0p0fF__roL8p5mm__tee_fl160um_fc12,4.748742396,6.44545425307,4.889859412620544,268.43046141521694,6.211987637476319,1,chip_simple_dx7p273_dy1p818__Lj12p0nH_Cj2p0fF__roL8p5mm__tee_fl160um_fc12_cg1p2um__rpg1p4um,4.74884244552,6.18043323889,5.108353200099945,233.634889421262,5.957387601556484,4.4388737854455004e-10,0.00010004952000031153,0.26502101418000024,0.2184937874794004,34.79557199395495,0.25460003591983504
SQuADDS_fqOnly,4,fig5_cg4p0um_rpg2p0um__Lj12p0nH_Cj0p0fF__roL8p5mm__tee_fl160um_fc12,4.748742396,6.44545425307,4.889859412620544,268.43046141521694,6.211987637476319,2,chip_simple_dx5p455_dy8p182__Lj12p0nH_Cj2p0fF__roL8p5mm__tee_fl160um_fc12_cg1p2um__rpg1p4um,4.74855405086,6.03321750387,6.352321427940368,236.0766933371285,5.795288526783467,1.573082914994976e-09,0.0001883451399997682,0.41223674919999986,1.462462015319824,32.35376807808845,0.4166991106928526
SQuADDS_fqOnly,4,fig5_cg4p0um_rpg2p0um__Lj12p0nH_Cj0p0fF__roL8p5mm__tee_fl160um_fc12,4.748742396,6.44545425307,4.889859412620544,268.43046141521694,6.211987637476319,3,chip_simple_dx8p182_dy2p727__Lj12p0nH_Cj2p0fF__roL8p5mm__tee_fl160um_fc12_cg1p2um__rpg1p4um,4.74852684297,6.13036381413,5.567534519544601,236.22808127869936,5.910382801372927,2.0603976307823913e-09,0.000215553030000315,0.31509043894000044,0.677675106924057,32.202380136517576,0.30160483610339206
SQuADDS_fqOnly,4,fig5_cg4p0um_rpg2p0um__Lj12p0nH_Cj0p0fF__roL8p5mm__tee_fl160um_fc12,4.748742396,6.44545425307,4.889859412620544,268.43046141521694,6.211987637476319,4,chip_simple_dx7p273_dy5p455__Lj12p0nH_Cj2p0fF__roL8p5mm__tee_fl160um_fc12_cg1p2um__rpg1p4um,4.7485203046,6.15888690142,4.987842560365677,227.68960044213736,5.93785950448502,2.187289465361319e-09,0.00022209139999951333,0.28656735165000047,0.09798314774513273,40.74086097307958,0.274128132991299
SQuADDS_fqOnly,4,fig5_cg4p0um_rpg2p0um__Lj12p0nH_Cj0p0fF__roL8p5mm__tee_fl160um_fc12,4.748742396,6.44545425307,4.889859412620544,268.43046141521694,6.211987637476319,5,chip_simple_dxm8p182_dy2p727__Lj12p0nH_Cj2p0fF__roL8p5mm__tee_fl160um_fc12_cg1p2um__rpg1p4um,4.74905682439,6.19457611211,5.409443262643814,242.78883490510103,6.0021454172131445,4.384158851792157e-09,0.00031442839000028755,0.2508781409600003,0.5195838500232695,25.641626510115913,0.2098422202631749
SQuADDS_fqOnly,4,fig5_cg4p0um_rpg2p0um__Lj12p0nH_Cj0p0fF__roL8p5mm__tee_fl160um_fc12,4.748742396,6.44545425307,4.889859412620544,268.43046141521694,6.211987637476319,6,chip_simple_dx8p182_dy3p636__Lj12p0nH_Cj2p0fF__roL8p5mm__tee_fl160um_fc12_cg1p2um__rpg1p4um,4.74833115983,6.10316137397,5.395294238792419,228.2050160306239,5.868324301832488,7.499380500341196e-09,0.000411236169999718,0.3422928791000004,0.5054348261718751,40.22544538459303,0.3436633356438312
SQuADDS_fqOnly,4,fig5_cg4p0um_rpg2p0um__Lj12p0nH_Cj0p0fF__roL8p5mm__tee_fl160um_fc12,4.748742396,6.44545425307,4.889859412620544,268.43046141521694,6.211987637476319,7,chip_simple_dx7p273_dy3p636__Lj12p0nH_Cj2p0fF__roL8p5mm__tee_fl160um_fc12_cg1p2um__rpg1p4um,4.74821889126,6.18095763125,5.310853707441329,238.5284024323724,5.986140819335255,1.2153014450438239e-08,0.0005235047400002912,0.2644966218200002,0.420994294820785,29.90205898284455,0.225846818141064
SQuADDS_fqOnly,4,fig5_cg4p0um_rpg2p0um__Lj12p0nH_Cj0p0fF__roL8p5mm__tee_fl160um_fc12,4.748742396,6.44545425307,4.889859412620544,268.43046141521694,6.211987637476319,8,chip_simple_dx9p091_dym1p818__Lj12p0nH_Cj2p0fF__roL8p5mm__tee_fl160um_fc12_cg1p2um__rpg1p4um,4.74819591368,6.22592544422,5.092063777423858,240.3890325096089,6.030365991562808,1.3243263182025878e-08,0.0005464823199998747,0.2195288088500007,0.20220436480331383,28.04142890560803,0.18162164591351182
SQuADDS_fqOnly,4,fig5_cg4p0um_rpg2p0um__Lj12p0nH_Cj0p0fF__roL8p5mm__tee_fl160um_fc12,4.748742396,6.44545425307,4.889859412620544,268.43046141521694,6.211987637476319,9,chip_simple_dx9p091_dy7p273__Lj12p0nH_Cj2p0fF__roL8p5mm__tee_fl160um_fc12_cg1p2um__rpg1p4um,4.74811539599,6.14296840617,5.273498021167755,231.89650692330616,5.867078405195409,1.7433230533943506e-08,0.000627000009999712,0.3024858469000007,0.3836386085472103,36.53395449191078,0.3449092322809104
SQuADDS_fqOnly,4,fig5_cg4p0um_rpg2p0um__Lj12p0nH_Cj0p0fF__roL8p5mm__tee_fl160um_fc12,4.748742396,6.44545425307,4.889859412620544,268.43046141521694,6.211987637476319,10,chip_simple_dx5p455_dym9p091__Lj12p0nH_Cj2p0fF__roL8p5mm__tee_fl160um_fc12_cg1p2um__rpg1p4um,4.74946000079,6.06973702281,5.756615043542862,230.21871320620863,5.823921246974269,2.2835653030323646e-08,0.0007176047900001592,0.37571723026000026,0.8667556309223174,38.211748209008306,0.3880663905020505
SQuADDS_fqOnly,5,fig5_cg4p0um_rpg3p5um__Lj12p0nH_Cj0p0fF__roL8p5mm__tee_fl160um_fc12,4.90384920712,6.54926187025,3.662946759157181,218.4104958390511,6.221849233798731,1,fig5_cg2p0um_rpg3p0um__Lj12p0nH_Cj0p0fF__roL8p5mm__tee_fl160um_fc12,4.90691227134,6.26460466713,4.076762608140945,192.584502898011,5.878506475506168,3.9015573057166615e-07,0.0030630642200000224,0.2846572031199992,0.4138158489837642,25.825992941040084,0.34334275829256367
SQuADDS_fqOnly,5,fig5_cg4p0um_rpg3p5um__Lj12p0nH_Cj0p0fF__roL8p5mm__tee_fl160um_fc12,4.90384920712,6.54926187025,3.662946759157181,218.4104958390511,6.221849233798731,2,fig5_cg2p5um_rpg3p5um__Lj12p0nH_Cj0p0fF__roL8p5mm__tee_fl160um_fc12,4.90933450729,6.40357690957,3.7329917837715145,201.2880257934344,6.003674917928219,1.2511995576641678e-06,0.005485300169999263,0.1456849606799997,0.0700450246143336,17.122470045616694,0.21817431587051228
SQuADDS_fqOnly,5,fig5_cg4p0um_rpg3p5um__Lj12p0nH_Cj0p0fF__roL8p5mm__tee_fl160um_fc12,4.90384920712,6.54926187025,3.662946759157181,218.4104958390511,6.221849233798731,3,fig5_cg3p0um_rpg2p5um__Lj12p0nH_Cj0p0fF__roL8p5mm__tee_fl160um_fc12,4.89777742204,6.34923094667,4.391671866830825,213.14051325530752,6.096625432754106,1.5330579333487052e-06,0.006071785080000502,0.20003092357999996,0.7287251076736445,5.26998258374357,0.12522380104462538
SQuADDS_fqOnly,5,fig5_cg4p0um_rpg3p5um__Lj12p0nH_Cj0p0fF__roL8p5mm__tee_fl160um_fc12,4.90384920712,6.54926187025,3.662946759157181,218.4104958390511,6.221849233798731,4,fig5_cg3p0um_rpg3p0um__Lj12p0nH_Cj0p0fF__roL8p5mm__tee_fl160um_fc12,4.91022642408,6.30951729449,3.4180947746620176,181.0996536786009,5.916928558404827,1.6911735219337028e-06,0.006377216959999821,0.23974457575999963,0.24485198449516332,37.31084216045019,0.30492067539390444
SQuADDS_fqOnly,5,fig5_cg4p0um_rpg3p5um__Lj12p0nH_Cj0p0fF__roL8p5mm__tee_fl160um_fc12,4.90384920712,6.54926187025,3.662946759157181,218.4104958390511,6.221849233798731,5,fig5_cg0p5um_rpg4p5um__Lj12p0nH_Cj0p0fF__roL8p5mm__tee_fl160um_fc12,4.91536795129,5.15896681443,15.940627231472014,88.96160903755928,4.628479910333719,5.517420079867028e-06,0.011518744169999984,1.3902950558199993,12.277680472314833,129.44888680149182,1.5933693234650121
SQuADDS_fqOnly,5,fig5_cg4p0um_rpg3p5um__Lj12p0nH_Cj0p0fF__roL8p5mm__tee_fl160um_fc12,4.90384920712,6.54926187025,3.662946759157181,218.4104958390511,6.221849233798731,6,fig5_cg1p5um_rpg3p5um__Lj12p0nH_Cj0p0fF__roL8p5mm__tee_fl160um_fc12,4.91739512178,6.2089293665,4.491181793327331,192.69828834759227,5.78727831204173,7.630314803579934e-06,0.01354591465999988,0.34033250375,0.8282350341701501,25.712207491458827,0.4345709217570013
SQuADDS_fqOnly,5,fig5_cg4p0um_rpg3p5um__Lj12p0nH_Cj0p0fF__roL8p5mm__tee_fl160um_fc12,4.90384920712,6.54926187025,3.662946759157181,218.4104958390511,6.221849233798731,7,fig5_cg4p5um_rpg3p5um__Lj12p0nH_Cj0p0fF__roL8p5mm__tee_fl160um_fc12,4.88861160423,6.4734435094,3.773440051719665,214.72133803964505,6.083690932056749,9.655151392729665e-06,0.01523760289000009,0.0758183608499996,0.11049329256248397,3.689157799406047,0.1381583017419823
SQuADDS_fqOnly,5,fig5_cg4p0um_rpg3p5um__Lj12p0nH_Cj0p0fF__roL8p5mm__tee_fl160um_fc12,4.90384920712,6.54926187025,3.662946759157181,218.4104958390511,6.221849233798731,8,fig5_cg3p5um_rpg3p5um__Lj12p0nH_Cj0p0fF__roL8p5mm__tee_fl160um_fc12,4.88834773081,6.55440012204,3.58235393236351,219.15970791952185,6.190036689460878,9.992448242766001e-06,0.015501476310000761,0.005138251790000048,0.08059282679367108,0.7492120804707554,0.03181254433785341
SQuADDS_fqOnly,5,fig5_cg4p0um_rpg3p5um__Lj12p0nH_Cj0p0fF__roL8p5mm__tee_fl160um_fc12,4.90384920712,6.54926187025,3.662946759157181,218.4104958390511,6.221849233798731,9,fig5_cg5p0um_rpg4p0um__Lj12p0nH_Cj0p0fF__roL8p5mm__tee_fl160um_fc12,4.88774415429,6.45896799938,3.299699922574997,199.0926748998529,6.073027040692848,1.0785743629810604e-05,0.01610505283000041,0.09029387086999918,0.36324683658218415,19.317820939198185,0.1488221931058833
SQuADDS_fqOnly,5,fig5_cg4p0um_rpg3p5um__Lj12p0nH_Cj0p0fF__roL8p5mm__tee_fl160um_fc12,4.90384920712,6.54926187025,3.662946759157181,218.4104958390511,6.221849233798731,10,fig5_cg4p5um_rpg4p5um__Lj12p0nH_Cj0p0fF__roL8p5mm__tee_fl160um_fc12,4.88663816113,6.38597506967,3.063956994333267,183.56382427683712,5.961119575854728,1.23180032907538e-05,0.017211045990000784,0.1632868005799999,0.598989764823914,34.84667156221397,0.2607296579440028
SQuADDS_fqOnly,6,fig5_cg4p5um_rpg1p5um__Lj12p0nH_Cj0p0fF__roL8p5mm__tee_fl160um_fc12,4.59469010583,6.34920688704,5.448846369407653,302.1057462697455,6.1470363296688255,1,fig5_cg3p0um_rpg1p0um__Lj12p0nH_Cj0p0fF__roL8p5mm__tee_fl160um_fc12,4.5918495592,6.3683346429,6.310808488025665,329.7787087605889,6.339102179225892,3.8220062731509733e-07,0.002840546629999885,0.019127755859999596,0.8619621186180115,27.672962490843418,0.19206584955706685
SQuADDS_fqOnly,6,fig5_cg4p5um_rpg1p5um__Lj12p0nH_Cj0p0fF__roL8p5mm__tee_fl160um_fc12,4.59469010583,6.34920688704,5.448846369407653,302.1057462697455,6.1470363296688255,2,fig5_cg1p5um_rpg0p5um__Lj12p0nH_Cj0p0fF__roL8p5mm__tee_fl160um_fc12,4.58877032672,6.22033143163,7.875931111408233,340.7758897032887,6.21478508076179,1.6599635553860114e-06,0.0059197791100000785,0.12887545541000023,2.42708474200058,38.67014343354322,0.06774875109296463
SQuADDS_fqOnly,6,fig5_cg4p5um_rpg1p5um__Lj12p0nH_Cj0p0fF__roL8p5mm__tee_fl160um_fc12,4.59469010583,6.34920688704,5.448846369407653,302.1057462697455,6.1470363296688255,3,chip_simple_dx4p545_dym6p364__Lj12p0nH_Cj2p0fF__roL8p5mm__tee_fl160um_fc12_cg1p2um__rpg1p4um,4.61231478285,6.1335076061,6.798953771820068,294.2549832930316,5.929705086318325,1.4713970593794153e-05,0.01762467702000059,0.21569928094000002,1.350107402412415,7.850762976713895,0.21733124335050036
SQuADDS_fqOnly,6,fig5_cg4p5um_rpg1p5um__Lj12p0nH_Cj0p0fF__roL8p5mm__tee_fl160um_fc12,4.59469010583,6.34920688704,5.448846369407653,302.1057462697455,6.1470363296688255,4,chip_simple_dx4p545_dym2p727__Lj12p0nH_Cj2p0fF__roL8p5mm__tee_fl160um_fc12_cg1p2um__rpg1p4um,4.61269243006,6.02903831277,6.513506029554367,269.0501313175289,5.767352914265127,1.5351284065954355e-05,0.018002324230000255,0.32016857427000023,1.064659660146714,33.055614952216615,0.3796834154036981
SQuADDS_fqOnly,6,fig5_cg4p5um_rpg1p5um__Lj12p0nH_Cj0p0fF__roL8p5mm__tee_fl160um_fc12,4.59469010583,6.34920688704,5.448846369407653,302.1057462697455,6.1470363296688255,5,chip_simple_dx6p364_dym9p091__Lj12p0nH_Cj2p0fF__roL8p5mm__tee_fl160um_fc12_cg1p2um__rpg1p4um,4.61408891639,5.8348431258,7.157018945320129,245.81994975321848,5.524957872223877,1.782533717268393e-05,0.019398810560000257,0.5143637612400003,1.7081725759124753,56.28579651652703,0.6220784574449487
SQuADDS_fqOnly,6,fig5_cg4p5um_rpg1p5um__Lj12p0nH_Cj0p0fF__roL8p5mm__tee_fl160um_fc12,4.59469010583,6.34920688704,5.448846369407653,302.1057462697455,6.1470363296688255,6,chip_simple_dxm8p182_dym3p636__Lj12p0nH_Cj2p0fF__roL8p5mm__tee_fl160um_fc12_cg1p2um__rpg1p4um,4.62081617264,6.04082312115,6.552176032234192,270.0441205602928,5.824573659816503,3.23322267398436e-05,0.02612606680999985,0.3083837658900004,1.103329662826539,32.0616257094527,0.32246266985232275
SQuADDS_fqOnly,6,fig5_cg4p5um_rpg1p5um__Lj12p0nH_Cj0p0fF__roL8p5mm__tee_fl160um_fc12,4.59469010583,6.34920688704,5.448846369407653,302.1057462697455,6.1470363296688255,7,chip_simple_dxm3p636_dy9p091__Lj12p0nH_Cj2p0fF__roL8p5mm__tee_fl160um_fc12_cg1p2um__rpg1p4um,4.62084919539,5.95705478637,6.328790958219528,250.74156710024863,5.650228638303578,3.241401278302546e-05,0.026159089560000126,0.3921521006700006,0.8799445888118749,51.36417916949688,0.4968076913652473
SQuADDS_fqOnly,6,fig5_cg4p5um_rpg1p5um__Lj12p0nH_Cj0p0fF__roL8p5mm__tee_fl160um_fc12,4.59469010583,6.34920688704,5.448846369407653,302.1057462697455,6.1470363296688255,8,fig5_cg2p0um_rpg0p5um__Lj12p0nH_Cj0p0fF__roL8p5mm__tee_fl160um_fc12,4.56457478395,6.29107307619,7.123120399354934,343.529891336186,6.286368287736043,4.295983140553582e-05,0.030115321879999435,0.058133810850000245,1.6742740299472807,41.424145066440474,0.13933195806721788
SQuADDS_fqOnly,6,fig5_cg4p5um_rpg1p5um__Lj12p0nH_Cj0p0fF__roL8p5mm__tee_fl160um_fc12,4.59469010583,6.34920688704,5.448846369407653,302.1057462697455,6.1470363296688255,9,chip_simple_dx5p455_dy7p273__Lj12p0nH_Cj2p0fF__roL8p5mm__tee_fl160um_fc12_cg1p2um__rpg1p4um,4.63016259455,5.90653520192,7.5051360739383695,261.5882571358774,5.619886396297611,5.9603377203491544e-05,0.03547248871999997,0.44267168512000055,2.056289704530716,40.51748913386808,0.5271499333712146
SQuADDS_fqOnly,6,fig5_cg4p5um_rpg1p5um__Lj12p0nH_Cj0p0fF__roL8p5mm__tee_fl160um_fc12,4.59469010583,6.34920688704,5.448846369407653,302.1057462697455,6.1470363296688255,10,chip_simple_dx4p545_dy3p636__Lj12p0nH_Cj2p0fF__roL8p5mm__tee_fl160um_fc12_cg1p2um__rpg1p4um,4.6391490467,6.1400873545,6.087010506978988,273.04723708403606,5.896341322884301,9.362800603184575e-05,0.04445894087000024,0.20911953253999993,0.6381641375713345,29.058509185709454,0.2506950067845244
SQuADDS_fqOnly,7,chip_simple_dxm10p000_dy8p182__Lj12p0nH_Cj2p0fF__roL8p5mm__tee_fl160um_fc12_cg1p2um__rpg1p4um,4.73691805842,6.05949311541,5.380391926355362,223.4408097631216,5.823182422814878,1,chip_simple_dxm3p636_dy8p182__Lj12p0nH_Cj2p0fF__roL8p5mm__tee_fl160um_fc12_cg1p2um__rpg1p4um,4.73729832468,6.03809876203,5.615429738752365,224.8091277096963,5.742262433762976,6.4444200829570804e-09,0.0003802662600005391,0.021394353379999842,0.23503781239700317,1.368317946574706,0.08091998905190234
SQuADDS_fqOnly,7,chip_simple_dxm10p000_dy8p182__Lj12p0nH_Cj2p0fF__roL8p5mm__tee_fl160um_fc12_cg1p2um__rpg1p4um,4.73691805842,6.05949311541,5.380391926355362,223.4408097631216,5.823182422814878,2,chip_simple_dxm5p455_dy8p182__Lj12p0nH_Cj2p0fF__roL8p5mm__tee_fl160um_fc12_cg1p2um__rpg1p4um,4.73624038147,6.10517374819,5.883827769510269,241.3915804124541,5.9183738212690695,2.046697617163853e-08,0.0006776769499996504,0.045680632780000785,0.5034358431549073,17.950770649332497,0.09519139845419122
SQuADDS_fqOnly,7,chip_simple_dxm10p000_dy8p182__Lj12p0nH_Cj2p0fF__roL8p5mm__tee_fl160um_fc12_cg1p2um__rpg1p4um,4.73691805842,6.05949311541,5.380391926355362,223.4408097631216,5.823182422814878,3,chip_simple_dx3p636_dym4p545__Lj12p0nH_Cj2p0fF__roL8p5mm__tee_fl160um_fc12_cg1p2um__rpg1p4um,4.73608663371,6.03725752393,5.823189326255798,229.1116188550764,5.733624292767639,3.08073335679859e-08,0.0008314247099994176,0.022235591479999428,0.442797399900436,5.670809091954794,0.089558130047239
SQuADDS_fqOnly,7,chip_simple_dxm10p000_dy8p182__Lj12p0nH_Cj2p0fF__roL8p5mm__tee_fl160um_fc12_cg1p2um__rpg1p4um,4.73691805842,6.05949311541,5.380391926355362,223.4408097631216,5.823182422814878,4,chip_simple_dxm1p818_dy5p455__Lj12p0nH_Cj2p0fF__roL8p5mm__tee_fl160um_fc12_cg1p2um__rpg1p4um,4.73603070326,6.09721269024,5.885714801893234,240.218625475818,5.910505601584163,3.50916035199055e-08,0.0008873551599997143,0.037719574830000546,0.505322875537872,16.777815712696395,0.0873231787692843
SQuADDS_fqOnly,7,chip_simple_dxm10p000_dy8p182__Lj12p0nH_Cj2p0fF__roL8p5mm__tee_fl160um_fc12_cg1p2um__rpg1p4um,4.73691805842,6.05949311541,5.380391926355362,223.4408097631216,5.823182422814878,5,chip_simple_dxm6p364_dym1p818__Lj12p0nH_Cj2p0fF__roL8p5mm__tee_fl160um_fc12_cg1p2um__rpg1p4um,4.73601951856,6.17855243564,5.233884300392151,238.90916206015703,6.012417870973948,3.598180542982412e-08,0.0008985398599996586,0.11905932023000076,0.14650762596321076,15.468352297035437,0.1892354481590699
SQuADDS_fqOnly,7,chip_simple_dxm10p000_dy8p182__Lj12p0nH_Cj2p0fF__roL8p5mm__tee_fl160um_fc12_cg1p2um__rpg1p4um,4.73691805842,6.05949311541,5.380391926355362,223.4408097631216,5.823182422814878,6,chip_simple_dxm0p909_dy6p364__Lj12p0nH_Cj2p0fF__roL8p5mm__tee_fl160um_fc12_cg1p2um__rpg1p4um,4.73809447586,6.07066105208,5.877909127601623,235.23156094873443,5.87197127716639,6.16781251723996e-08,0.001176417439999966,0.0111679366700006,0.49751720124626164,11.790751185612834,0.04878885435151137
SQuADDS_fqOnly,7,chip_simple_dxm10p000_dy8p182__Lj12p0nH_Cj2p0fF__roL8p5mm__tee_fl160um_fc12_cg1p2um__rpg1p4um,4.73691805842,6.05949311541,5.380391926355362,223.4408097631216,5.823182422814878,7,chip_simple_dx9p091_dy2p727__Lj12p0nH_Cj2p0fF__roL8p5mm__tee_fl160um_fc12_cg1p2um__rpg1p4um,4.73573589761,5.98065811264,6.137298337150574,225.8565206861277,5.714952670110322,6.228183096138412e-08,0.0011821608099999992,0.07883500277,0.7569064107952119,2.4157109230061167,0.10822975270455615
SQuADDS_fqOnly,7,chip_simple_dxm10p000_dy8p182__Lj12p0nH_Cj2p0fF__roL8p5mm__tee_fl160um_fc12_cg1p2um__rpg1p4um,4.73691805842,6.05949311541,5.380391926355362,223.4408097631216,5.823182422814878,8,chip_simple_dx8p182_dym10p000__Lj12p0nH_Cj2p0fF__roL8p5mm__tee_fl160um_fc12_cg1p2um__rpg1p4um,4.73563005446,6.15362550307,5.325074096298217,237.175550951066,5.915441773143484,7.393373597359294e-08,0.0012880039600000615,0.0941323876600002,0.05531783005714441,13.734741187944394,0.09225935032860555
SQuADDS_fqOnly,7,chip_simple_dxm10p000_dy8p182__Lj12p0nH_Cj2p0fF__roL8p5mm__tee_fl160um_fc12_cg1p2um__rpg1p4um,4.73691805842,6.05949311541,5.380391926355362,223.4408097631216,5.823182422814878,9,chip_simple_dxm2p727_dy0p909__Lj12p0nH_Cj2p0fF__roL8p5mm__tee_fl160um_fc12_cg1p2um__rpg1p4um,4.73845369417,6.16039546172,5.41090745403862,239.617009903282,5.951034616643697,1.0509563626192826e-07,0.0015356357500007078,0.10090234631000072,0.03051552768325827,16.176200140160404,0.12785219382881863
SQuADDS_fqOnly,7,chip_simple_dxm10p000_dy8p182__Lj12p0nH_Cj2p0fF__roL8p5mm__tee_fl160um_fc12_cg1p2um__rpg1p4um,4.73691805842,6.05949311541,5.380391926355362,223.4408097631216,5.823182422814878,10,chip_simple_dx7p273_dym8p182__Lj12p0nH_Cj2p0fF__roL8p5mm__tee_fl160um_fc12_cg1p2um__rpg1p4um,4.73860663357,6.13667098278,5.410198969038009,235.95734473947155,5.923419674600598,1.2707175938636705e-07,0.0016885751500002044,0.07717786737000054,0.029807042682647555,12.51653497634996,0.1002372517857193
SQuADDS_fqOnly,8,chip_simple_dxm9p091_dy1p818__Lj12p0nH_Cj2p0fF__roL8p5mm__tee_fl160um_fc12_cg1p2um__rpg1p4um,4.74215768088,6.21093014773,5.51327842791748,249.1576770098445,6.055638770575854,1,chip_simple_dxm6p364_dy7p273__Lj12p0nH_Cj2p0fF__roL8p5mm__tee_fl160um_fc12_cg1p2um__rpg1p4um,4.74220530909,5.96110218154,6.471195480819702,227.23819529883824,5.728633425549979,1.0087337196836607e-10,4.762820999992812e-05,0.2498279661899998,0.9579170529022223,21.919481711006256,0.3270053450258752
SQuADDS_fqOnly,8,chip_simple_dxm9p091_dy1p818__Lj12p0nH_Cj2p0fF__roL8p5mm__tee_fl160um_fc12_cg1p2um__rpg1p4um,4.74215768088,6.21093014773,5.51327842791748,249.1576770098445,6.055638770575854,2,chip_simple_dx2p727_dy5p455__Lj12p0nH_Cj2p0fF__roL8p5mm__tee_fl160um_fc12_cg1p2um__rpg1p4um,4.74208651799,6.09436211613,5.726268231283187,235.1566146380877,5.880473450765719,2.251931483851583e-10,7.116289000030918e-05,0.11656803159999996,0.2129898033657076,14.001062371756802,0.1751653198101346
SQuADDS_fqOnly,8,chip_simple_dxm9p091_dy1p818__Lj12p0nH_Cj2p0fF__roL8p5mm__tee_fl160um_fc12_cg1p2um__rpg1p4um,4.74215768088,6.21093014773,5.51327842791748,249.1576770098445,6.055638770575854,3,chip_simple_dxm3p636_dym4p545__Lj12p0nH_Cj2p0fF__roL8p5mm__tee_fl160um_fc12_cg1p2um__rpg1p4um,4.74235488793,6.04534109441,5.723736058847427,227.1294815057925,5.7373862078713325,1.7293897955542567e-09,0.00019720705000025873,0.16558905331999973,0.2104576309299473,22.02819550405198,0.3182525627045214
SQuADDS_fqOnly,8,chip_simple_dxm9p091_dy1p818__Lj12p0nH_Cj2p0fF__roL8p5mm__tee_fl160um_fc12_cg1p2um__rpg1p4um,4.74215768088,6.21093014773,5.51327842791748,249.1576770098445,6.055638770575854,4,chip_simple_dxm5p455_dym2p727__Lj12p0nH_Cj2p0fF__roL8p5mm__tee_fl160um_fc12_cg1p2um__rpg1p4um,4.74191288272,6.16037786476,5.586993185428619,242.8607467730461,5.939829633011445,2.664798144025965e-09,0.0002447981599997817,0.05055228297000003,0.07371475751113898,6.296930236798403,0.11580913756440925
SQuADDS_fqOnly,8,chip_simple_dxm9p091_dy1p818__Lj12p0nH_Cj2p0fF__roL8p5mm__tee_fl160um_fc12_cg1p2um__rpg1p4um,4.74215768088,6.21093014773,5.51327842791748,249.1576770098445,6.055638770575854,5,chip_simple_dx0p000_dym6p364__Lj12p0nH_Cj2p0fF__roL8p5mm__tee_fl160um_fc12_cg1p2um__rpg1p4um,4.74288579894,6.03308089793,5.782055475780487,226.2307596859305,5.794067523813237,2.3574995877127332e-08,0.0007281180599996162,0.1778492498000004,0.26877704786300693,22.926917323913983,0.26157124676261656
SQuADDS_fqOnly,8,chip_simple_dxm9p091_dy1p818__Lj12p0nH_Cj2p0fF__roL8p5mm__tee_fl160um_fc12_cg1p2um__rpg1p4um,4.74215768088,6.21093014773,5.51327842791748,249.1576770098445,6.055638770575854,6,chip_simple_dx2p727_dy0p909__Lj12p0nH_Cj2p0fF__roL8p5mm__tee_fl160um_fc12_cg1p2um__rpg1p4um,4.74298606075,6.14557563555,5.577913346075058,240.00739016593903,5.859609361630187,3.051455862281759e-08,0.0008283798699997291,0.06535451217999988,0.06463491815757827,9.150286843905462,0.1960294089456669
SQuADDS_fqOnly,8,chip_simple_dxm9p091_dy1p818__Lj12p0nH_Cj2p0fF__roL8p5mm__tee_fl160um_fc12_cg1p2um__rpg1p4um,4.74215768088,6.21093014773,5.51327842791748,249.1576770098445,6.055638770575854,7,chip_simple_dxm5p455_dy9p091__Lj12p0nH_Cj2p0fF__roL8p5mm__tee_fl160um_fc12_cg1p2um__rpg1p4um,4.7413283149,6.24294215951,5.426167698335648,252.3619899121704,6.063293621149046,3.058725141178731e-08,0.000829365980000496,0.032012011780000016,0.08711072958183141,3.20431290232591,0.007654850573191929
SQuADDS_fqOnly,8,chip_simple_dxm9p091_dy1p818__Lj12p0nH_Cj2p0fF__roL8p5mm__tee_fl160um_fc12_cg1p2um__rpg1p4um,4.74215768088,6.21093014773,5.51327842791748,249.1576770098445,6.055638770575854,8,chip_simple_dx9p091_dym4p545__Lj12p0nH_Cj2p0fF__roL8p5mm__tee_fl160um_fc12_cg1p2um__rpg1p4um,4.74298968952,6.21595359683,5.546431172784805,250.5823135991841,6.029204485292758,3.078248605432627e-08,0.0008320086399997706,0.005023449100000299,0.033152744867325445,1.424636589339599,0.026434285283095882
SQuADDS_fqOnly,8,chip_simple_dxm9p091_dy1p818__Lj12p0nH_Cj2p0fF__roL8p5mm__tee_fl160um_fc12_cg1p2um__rpg1p4um,4.74215768088,6.21093014773,5.51327842791748,249.1576770098445,6.055638770575854,9,chip_simple_dx0p909_dym3p636__Lj12p0nH_Cj2p0fF__roL8p5mm__tee_fl160um_fc12_cg1p2um__rpg1p4um,4.74299007193,5.97185553704,5.585872956563949,212.43614000136665,5.67605929438614,3.0810789211707e-08,0.0008323910500003251,0.23907461069000036,0.07259452864646931,36.72153700847784,0.379579476189714
SQuADDS_fqOnly,8,chip_simple_dxm9p091_dy1p818__Lj12p0nH_Cj2p0fF__roL8p5mm__tee_fl160um_fc12_cg1p2um__rpg1p4um,4.74215768088,6.21093014773,5.51327842791748,249.1576770098445,6.055638770575854,10,chip_simple_dx9p091_dym10p000__Lj12p0nH_Cj2p0fF__roL8p5mm__tee_fl160um_fc12_cg1p2um__rpg1p4um,4.74124585961,6.17364141087,5.191116545270919,236.053231103742,5.957930684959158,3.697153280482868e-08,0.0009118212699998907,0.037288736859999894,0.32216188264656065,13.104445906102484,0.09770808561669586
SQuADDS_fqOnly,9,chip_simple_dxm9p091_dy7p273__Lj12p0nH_Cj2p0fF__roL8p5mm__tee_fl160um_fc12_cg1p2um__rpg1p4um,4.74507176175,6.18262050637,5.316328256315231,239.6289775289412,5.930712308950749,1,chip_simple_dx3p636_dym8p182__Lj12p0nH_Cj2p0fF__roL8p5mm__tee_fl160um_fc12_cg1p2um__rpg1p4um,4.74482600745,6.1760125541,6.058807715967178,255.0247737127476,5.96832645813201,2.682357635315346e-09,0.0002457542999998452,0.006607952270000439,0.7424794596519471,15.395796183806397,0.037614149181260714
SQuADDS_fqOnly,9,chip_simple_dxm9p091_dy7p273__Lj12p0nH_Cj2p0fF__roL8p5mm__tee_fl160um_fc12_cg1p2um__rpg1p4um,4.74507176175,6.18262050637,5.316328256315231,239.6289775289412,5.930712308950749,2,chip_simple_dxm7p273_dy4p545__Lj12p0nH_Cj2p0fF__roL8p5mm__tee_fl160um_fc12_cg1p2um__rpg1p4um,4.74478453553,6.05547649219,5.373042161886215,221.0804417671074,5.791354520716529,3.6640601616976937e-09,0.00028722622000021403,0.12714401417999976,0.05671390557098466,18.54853576183379,0.13935778823422051
SQuADDS_fqOnly,9,chip_simple_dxm9p091_dy7p273__Lj12p0nH_Cj2p0fF__roL8p5mm__tee_fl160um_fc12_cg1p2um__rpg1p4um,4.74507176175,6.18262050637,5.316328256315231,239.6289775289412,5.930712308950749,3,chip_simple_dx2p727_dy3p636__Lj12p0nH_Cj2p0fF__roL8p5mm__tee_fl160um_fc12_cg1p2um__rpg1p4um,4.74429494791,5.9687577148,6.039171265787124,220.3138057061849,5.653802310643351,2.6800835886204363e-08,0.0007768138399999458,0.21386279157000043,0.7228430094718936,19.315171822756298,0.2769099983073984
SQuADDS_fqOnly,9,chip_simple_dxm9p091_dy7p273__Lj12p0nH_Cj2p0fF__roL8p5mm__tee_fl160um_fc12_cg1p2um__rpg1p4um,4.74507176175,6.18262050637,5.316328256315231,239.6289775289412,5.930712308950749,4,chip_simple_dxm2p727_dy1p818__Lj12p0nH_Cj2p0fF__roL8p5mm__tee_fl160um_fc12_cg1p2um__rpg1p4um,4.74603018436,6.11585771515,5.539317374271392,233.78375966019303,5.921034401913258,4.0797028455332414e-08,0.0009584226100001203,0.0667627912200004,0.2229891179561614,5.845217868748165,0.009677907037491273
SQuADDS_fqOnly,9,chip_simple_dxm9p091_dy7p273__Lj12p0nH_Cj2p0fF__roL8p5mm__tee_fl160um_fc12_cg1p2um__rpg1p4um,4.74507176175,6.18262050637,5.316328256315231,239.6289775289412,5.930712308950749,5,chip_simple_dx0p909_dy0p909__Lj12p0nH_Cj2p0fF__roL8p5mm__tee_fl160um_fc12_cg1p2um__rpg1p4um,4.74629473326,6.04239971887,5.894084815874099,229.19790488610408,5.810269347557483,6.642737796747654e-08,0.0012229715099998373,0.14022078750000055,0.5777565595588685,10.431072642837108,0.12044296139326605
SQuADDS_fqOnly,9,chip_simple_dxm9p091_dy7p273__Lj12p0nH_Cj2p0fF__roL8p5mm__tee_fl160um_fc12_cg1p2um__rpg1p4um,4.74507176175,6.18262050637,5.316328256315231,239.6289775289412,5.930712308950749,6,chip_simple_dx0p909_dym1p818__Lj12p0nH_Cj2p0fF__roL8p5mm__tee_fl160um_fc12_cg1p2um__rpg1p4um,4.74382125763,6.0716485122,5.499687352653504,226.4433546572846,5.834878033029041,6.945198842357959e-08,0.0012505041200006062,0.11097199416999981,0.18335909633827363,13.18562287165659,0.09583427592170857
SQuADDS_fqOnly,9,chip_simple_dxm9p091_dy7p273__Lj12p0nH_Cj2p0fF__roL8p5mm__tee_fl160um_fc12_cg1p2um__rpg1p4um,4.74507176175,6.18262050637,5.316328256315231,239.6289775289412,5.930712308950749,7,chip_simple_dxm6p364_dy4p545__Lj12p0nH_Cj2p0fF__roL8p5mm__tee_fl160um_fc12_cg1p2um__rpg1p4um,4.74352808595,6.2301695732,5.073797546504975,241.488305000106,5.998964352979843,1.058343439441068e-07,0.0015436757999998107,0.047549066830000264,0.24253070981025537,1.8593274711648178,0.06825204402909346
SQuADDS_fqOnly,9,chip_simple_dxm9p091_dy7p273__Lj12p0nH_Cj2p0fF__roL8p5mm__tee_fl160um_fc12_cg1p2um__rpg1p4um,4.74507176175,6.18262050637,5.316328256315231,239.6289775289412,5.930712308950749,8,chip_simple_dxm10p000_dym5p455__Lj12p0nH_Cj2p0fF__roL8p5mm__tee_fl160um_fc12_cg1p2um__rpg1p4um,4.74663028203,6.09244739086,5.497690521795272,229.06180088997965,5.833596212181217,1.0787960459975191e-07,0.0015585202799996978,0.09017311550999985,0.18136226548004153,10.567176638961541,0.09711609676953259
SQuADDS_fqOnly,9,chip_simple_dxm9p091_dy7p273__Lj12p0nH_Cj2p0fF__roL8p5mm__tee_fl160um_fc12_cg1p2um__rpg1p4um,4.74507176175,6.18262050637,5.316328256315231,239.6289775289412,5.930712308950749,9,chip_simple_dx3p636_dym0p909__Lj12p0nH_Cj2p0fF__roL8p5mm__tee_fl160um_fc12_cg1p2um__rpg1p4um,4.74682723468,6.06657591767,5.891095231824875,232.95693903075104,5.84385390194947,1.3686824675424753e-07,0.0017554729299993355,0.11604458870000034,0.5747669755096441,6.6720384981901475,0.08685840700127923
SQuADDS_fqOnly,9,chip_simple_dxm9p091_dy7p273__Lj12p0nH_Cj2p0fF__roL8p5mm__tee_fl160um_fc12_cg1p2um__rpg1p4um,4.74507176175,6.18262050637,5.316328256315231,239.6289775289412,5.930712308950749,10,chip_simple_dxm0p909_dym10p000__Lj12p0nH_Cj2p0fF__roL8p5mm__tee_fl160um_fc12_cg1p2um__rpg1p4um,4.743277674,6.16560338881,5.249255211336136,235.8522265924433,5.937221698084575,1.4295580388410914e-07,0.0017940877500004504,0.017017117560000017,0.06707304497909483,3.776750936497905,0.006509389133825927
SQuADDS_fqOnly,10,chip_simple_dxm8p182_dy6p364__Lj12p0nH_Cj2p0fF__roL8p5mm__tee_fl160um_fc12_cg1p2um__rpg1p4um,4.72702479207,5.98450514713,6.381414699699402,232.9283309309818,5.7691492674636375,1,chip_simple_dx10p000_dym6p364__Lj12p0nH_Cj2p0fF__roL8p5mm__tee_fl160um_fc12_cg1p2um__rpg1p4um,4.72676334755,6.12769509524,5.428620394487381,237.2099123366833,5.930169327664392,3.059027113446757e-09,0.000261444519999543,0.14318994810999985,0.9527943052120209,4.281581405701502,0.16102006020075432
SQuADDS_fqOnly,10,chip_simple_dxm8p182_dy6p364__Lj12p0nH_Cj2p0fF__roL8p5mm__tee_fl160um_fc12_cg1p2um__rpg1p4um,4.72702479207,5.98450514713,6.381414699699402,232.9283309309818,5.7691492674636375,2,chip_simple_dx5p455_dym2p727__Lj12p0nH_Cj2p0fF__roL8p5mm__tee_fl160um_fc12_cg1p2um__rpg1p4um,4.72671328787,6.1181183266,5.450069299165725,236.2126742133905,5.905966219312021,4.3426222487281866e-09,0.0003115041999999235,0.13361317947000018,0.9313454005336768,3.284343282408713,0.13681695184838372
SQuADDS_fqOnly,10,chip_simple_dxm8p182_dy6p364__Lj12p0nH_Cj2p0fF__roL8p5mm__tee_fl160um_fc12_cg1p2um__rpg1p4um,4.72702479207,5.98450514713,6.381414699699402,232.9283309309818,5.7691492674636375,3,chip_simple_dx2p727_dy4p545__Lj12p0nH_Cj2p0fF__roL8p5mm__tee_fl160um_fc12_cg1p2um__rpg1p4um,4.72661637865,6.17653112846,5.815809796421051,253.68702655650372,5.959841194906359,7.464904360948838e-09,0.00040841341999975356,0.1920259813299996,0.5656049032783512,20.758695625521938,0.1906919274427219
SQuADDS_fqOnly,10,chip_simple_dxm8p182_dy6p364__Lj12p0nH_Cj2p0fF__roL8p5mm__tee_fl160um_fc12_cg1p2um__rpg1p4um,4.72702479207,5.98450514713,6.381414699699402,232.9283309309818,5.7691492674636375,4,chip_simple_dxm10p000_dym4p545__Lj12p0nH_Cj2p0fF__roL8p5mm__tee_fl160um_fc12_cg1p2um__rpg1p4um,4.72747685651,6.02391173404,6.181771411222457,235.80879165767425,5.79330242515557,9.145868067291082e-09,0.0004520644400001217,0.03940658691000021,0.19964328847694457,2.880460726692462,0.024153157691932492
SQuADDS_fqOnly,10,chip_simple_dxm8p182_dy6p364__Lj12p0nH_Cj2p0fF__roL8p5mm__tee_fl160um_fc12_cg1p2um__rpg1p4um,4.72702479207,5.98450514713,6.381414699699402,232.9283309309818,5.7691492674636375,5,chip_simple_dxm2p727_dy3p636__Lj12p0nH_Cj2p0fF__roL8p5mm__tee_fl160um_fc12_cg1p2um__rpg1p4um,4.72771327144,6.17379279793,5.623312453847885,248.72072138405872,5.943747599398507,2.1213195895241e-08,0.0006884793699999392,0.18928765079999987,0.758102245851517,15.792390453076933,0.1745983319348694
SQuADDS_fqOnly,10,chip_simple_dxm8p182_dy6p364__Lj12p0nH_Cj2p0fF__roL8p5mm__tee_fl160um_fc12_cg1p2um__rpg1p4um,4.72702479207,5.98450514713,6.381414699699402,232.9283309309818,5.7691492674636375,6,chip_simple_dx10p000_dym8p182__Lj12p0nH_Cj2p0fF__roL8p5mm__tee_fl160um_fc12_cg1p2um__rpg1p4um,4.7278291272,6.203667918,5.357714031663894,247.43915307278945,5.999006200112647,2.8953316274119244e-08,0.0008043351299997781,0.2191627708699997,1.0237006680355076,14.510822141807665,0.22985693264900942
SQuADDS_fqOnly,10,chip_simple_dxm8p182_dy6p364__Lj12p0nH_Cj2p0fF__roL8p5mm__tee_fl160um_fc12_cg1p2um__rpg1p4um,4.72702479207,5.98450514713,6.381414699699402,232.9283309309818,5.7691492674636375,7,chip_simple_dxm7p273_dym0p909__Lj12p0nH_Cj2p0fF__roL8p5mm__tee_fl160um_fc12_cg1p2um__rpg1p4um,4.72621293074,6.21473069466,5.538169261859894,253.698082410752,6.053599860673863,2.9497686227290167e-08,0.0008118613299998856,0.2302255475299999,0.8432454378395082,20.769751479770207,0.2844505932102255
SQuADDS_fqOnly,10,chip_simple_dxm8p182_dy6p364__Lj12p0nH_Cj2p0fF__roL8p5mm__tee_fl160um_fc12_cg1p2um__rpg1p4um,4.72702479207,5.98450514713,6.381414699699402,232.9283309309818,5.7691492674636375,8,chip_simple_dx0p000_dym10p000__Lj12p0nH_Cj2p0fF__roL8p5mm__tee_fl160um_fc12_cg1p2um__rpg1p4um,4.72617335759,6.18783165048,5.473578181682586,247.93824058661983,5.979999407972001,3.244342583753548e-08,0.000851434480000357,0.20332650334999958,0.9078365180168158,15.00990965563804,0.21085014050836381
SQuADDS_fqOnly,10,chip_simple_dxm8p182_dy6p364__Lj12p0nH_Cj2p0fF__roL8p5mm__tee_fl160um_fc12_cg1p2um__rpg1p4um,4.72702479207,5.98450514713,6.381414699699402,232.9283309309818,5.7691492674636375,9,chip_simple_dx6p364_dy0p000__Lj12p0nH_Cj2p0fF__roL8p5mm__tee_fl160um_fc12_cg1p2um__rpg1p4um,4.72795173232,6.02599393944,6.214404765487671,236.6306190453716,5.800547756468861,3.845277805238992e-08,0.0009269402500002855,0.04148879231000002,0.16700993421173127,3.702288114389802,0.03139848900522324
SQuADDS_fqOnly,10,chip_simple_dxm8p182_dy6p364__Lj12p0nH_Cj2p0fF__roL8p5mm__tee_fl160um_fc12_cg1p2um__rpg1p4um,4.72702479207,5.98450514713,6.381414699699402,232.9283309309818,5.7691492674636375,10,chip_simple_dx2p727_dy8p182__Lj12p0nH_Cj2p0fF__roL8p5mm__tee_fl160um_fc12_cg1p2um__rpg1p4um,4.72577115301,6.11702248151,5.67343218500328,241.13444090201696,5.90532555190526,7.033464018791237e-08,0.001253639059999756,0.13251733438000013,0.7079825146961216,8.206109971035175,0.1361762844416221
SQuADDS_fqOnly,11,chip_simple_dxm7p273_dym7p273__Lj12p0nH_Cj2p0fF__roL8p5mm__tee_fl160um_fc12_cg1p2um__rpg1p4um,4.72538962076,6.12848580344,6.047306581918716,251.02953182785623,5.876810016672627,1,chip_simple_dx4p545_dym0p909__Lj12p0nH_Cj2p0fF__roL8p5mm__tee_fl160um_fc12_cg1p2um__rpg1p4um,4.7255365678,6.0505170878,6.107614511497498,239.2497887649095,5.805207767962136,9.670444541368065e-10,0.00014694704000017822,0.07796871563999996,0.06030792957878184,11.779743062946721,0.07160224871049081
SQuADDS_fqOnly,11,chip_simple_dxm7p273_dym7p273__Lj12p0nH_Cj2p0fF__roL8p5mm__tee_fl160um_fc12_cg1p2um__rpg1p4um,4.72538962076,6.12848580344,6.047306581918716,251.02953182785623,5.876810016672627,2,chip_simple_dxm9p091_dy10p000__Lj12p0nH_Cj2p0fF__roL8p5mm__tee_fl160um_fc12_cg1p2um__rpg1p4um,4.7252089608,6.13650588385,5.541704983503341,241.53134360669733,5.967068128664825,1.4616674421542287e-09,0.0001806599599998293,0.008020080409999686,0.5056015984153746,9.498188221158898,0.09025811199219813
SQuADDS_fqOnly,11,chip_simple_dxm7p273_dym7p273__Lj12p0nH_Cj2p0fF__roL8p5mm__tee_fl160um_fc12_cg1p2um__rpg1p4um,4.72538962076,6.12848580344,6.047306581918716,251.02953182785623,5.876810016672627,3,chip_simple_dxm3p636_dym10p000__Lj12p0nH_Cj2p0fF__roL8p5mm__tee_fl160um_fc12_cg1p2um__rpg1p4um,4.72557516817,6.0961813609,5.652686272777557,237.36475682712327,5.807200983518184,1.5418230961185405e-09,0.00018554741000009756,0.03230444254000009,0.39462030914115864,13.66477500073296,0.06960903315444256
SQuADDS_fqOnly,11,chip_simple_dxm7p273_dym7p273__Lj12p0nH_Cj2p0fF__roL8p5mm__tee_fl160um_fc12_cg1p2um__rpg1p4um,4.72538962076,6.12848580344,6.047306581918716,251.02953182785623,5.876810016672627,4,chip_simple_dxm4p545_dy7p273__Lj12p0nH_Cj2p0fF__roL8p5mm__tee_fl160um_fc12_cg1p2um__rpg1p4um,4.72503834706,6.09396858071,5.364709826208115,230.88388505499736,5.8866465937490124,5.526065450030689e-09,0.00035127369999976565,0.03451722272999991,0.682596755710601,20.145646772858868,0.009836577076385744
SQuADDS_fqOnly,11,chip_simple_dxm7p273_dym7p273__Lj12p0nH_Cj2p0fF__roL8p5mm__tee_fl160um_fc12_cg1p2um__rpg1p4um,4.72538962076,6.12848580344,6.047306581918716,251.02953182785623,5.876810016672627,5,chip_simple_dx2p727_dy8p182__Lj12p0nH_Cj2p0fF__roL8p5mm__tee_fl160um_fc12_cg1p2um__rpg1p4um,4.72577115301,6.11702248151,5.67343218500328,241.13444090201696,5.90532555190526,6.5190942713637e-09,0.0003815322500004825,0.011463321929999992,0.37387439691543545,9.89509092583927,0.02851553523263295
SQuADDS_fqOnly,11,chip_simple_dxm7p273_dym7p273__Lj12p0nH_Cj2p0fF__roL8p5mm__tee_fl160um_fc12_cg1p2um__rpg1p4um,4.72538962076,6.12848580344,6.047306581918716,251.02953182785623,5.876810016672627,6,chip_simple_dxm8p182_dy4p545__Lj12p0nH_Cj2p0fF__roL8p5mm__tee_fl160um_fc12_cg1p2um__rpg1p4um,4.72472338379,6.07232041902,5.541016860761642,231.3279258836254,5.809423706845696,1.9878435942646418e-08,0.0006662369699999005,0.05616538441999985,0.5062897211570734,19.701605944230835,0.06738630982693028
SQuADDS_fqOnly,11,chip_simple_dxm7p273_dym7p273__Lj12p0nH_Cj2p0fF__roL8p5mm__tee_fl160um_fc12_cg1p2um__rpg1p4um,4.72538962076,6.12848580344,6.047306581918716,251.02953182785623,5.876810016672627,7,chip_simple_dx0p000_dym10p000__Lj12p0nH_Cj2p0fF__roL8p5mm__tee_fl160um_fc12_cg1p2um__rpg1p4um,4.72617335759,6.18783165048,5.473578181682586,247.93824058661983,5.979999407972001,2.750839588653907e-08,0.0007837368299998815,0.059345847039999455,0.5737284002361296,3.091291241236405,0.10318939129937466
SQuADDS_fqOnly,11,chip_simple_dxm7p273_dym7p273__Lj12p0nH_Cj2p0fF__roL8p5mm__tee_fl160um_fc12_cg1p2um__rpg1p4um,4.72538962076,6.12848580344,6.047306581918716,251.02953182785623,5.876810016672627,8,chip_simple_dxm7p273_dym0p909__Lj12p0nH_Cj2p0fF__roL8p5mm__tee_fl160um_fc12_cg1p2um__rpg1p4um,4.72621293074,6.21473069466,5.538169261859894,253.698082410752,6.053599860673863,3.035648715405074e-08,0.0008233099800003529,0.08624489121999979,0.5091373200588221,2.6685505828957616,0.17678984400123632
SQuADDS_fqOnly,11,chip_simple_dxm7p273_dym7p273__Lj12p0nH_Cj2p0fF__roL8p5mm__tee_fl160um_fc12_cg1p2um__rpg1p4um,4.72538962076,6.12848580344,6.047306581918716,251.02953182785623,5.876810016672627,9,chip_simple_dx2p727_dy4p545__Lj12p0nH_Cj2p0fF__roL8p5mm__tee_fl160um_fc12_cg1p2um__rpg1p4um,4.72661637865,6.17653112846,5.815809796421051,253.68702655650372,5.959841194906359,6.739729612281952e-08,0.001226757890000485,0.048045325019999474,0.23149678549766506,2.6574947286474924,0.08303117823373274
SQuADDS_fqOnly,11,chip_simple_dxm7p273_dym7p273__Lj12p0nH_Cj2p0fF__roL8p5mm__tee_fl160um_fc12_cg1p2um__rpg1p4um,4.72538962076,6.12848580344,6.047306581918716,251.02953182785623,5.876810016672627,10,chip_simple_dx5p455_dym2p727__Lj12p0nH_Cj2p0fF__roL8p5mm__tee_fl160um_fc12_cg1p2um__rpg1p4um,4.72671328787,6.1181183266,5.450069299165725,236.2126742133905,5.905966219312021,7.846614374382333e-08,0.001323667110000315,0.010367476839999945,0.5972372827529906,14.816857614465732,0.029156202639394557
SQuADDS_fqOnly,12,chip_simple_dxm7p273_dym6p364__Lj12p0nH_Cj2p0fF__roL8p5mm__tee_fl160um_fc12_cg1p2um__rpg1p4um,4.65347230611,6.0179480245,6.143081427398681,250.29134412810515,5.756747050636442,1,chip_simple_dx10p000_dym2p727__Lj12p0nH_Cj2p0fF__roL8p5mm__tee_fl160um_fc12_cg1p2um__rpg1p4um,4.65444657204,6.15198201158,6.55648122142601,282.16818861633897,5.938804420909544,4.3832956432151034e-08,0.0009742659300000511,0.13403398708000047,0.4133997940273284,31.876844488233814,0.18205737027310143
SQuADDS_fqOnly,12,chip_simple_dxm7p273_dym6p364__Lj12p0nH_Cj2p0fF__roL8p5mm__tee_fl160um_fc12_cg1p2um__rpg1p4um,4.65347230611,6.0179480245,6.143081427398681,250.29134412810515,5.756747050636442,2,chip_simple_dxm3p636_dym0p909__Lj12p0nH_Cj2p0fF__roL8p5mm__tee_fl160um_fc12_cg1p2um__rpg1p4um,4.65506711635,6.11685204232,5.844073087778091,260.04582883155393,5.873141705336975,1.1745290525105228e-07,0.0015948102399994113,0.0989040178199998,0.29900833962059004,9.754484703448782,0.11639465470053256
SQuADDS_fqOnly,12,chip_simple_dxm7p273_dym6p364__Lj12p0nH_Cj2p0fF__roL8p5mm__tee_fl160um_fc12_cg1p2um__rpg1p4um,4.65347230611,6.0179480245,6.143081427398681,250.29134412810515,5.756747050636442,3,fig5_cg3p5um_rpg1p0um__Lj12p0nH_Cj0p0fF__roL8p5mm__tee_fl160um_fc12,4.65151549232,6.42206990109,5.782993409578324,310.4906595751157,6.336782825594393,1.7682543419296817e-07,0.0019568137900005667,0.40412187659000054,0.36008801782035693,60.19931544701058,0.5800357749579508
SQuADDS_fqOnly,12,chip_simple_dxm7p273_dym6p364__Lj12p0nH_Cj2p0fF__roL8p5mm__tee_fl160um_fc12_cg1p2um__rpg1p4um,4.65347230611,6.0179480245,6.143081427398681,250.29134412810515,5.756747050636442,4,chip_simple_dxm5p455_dy0p000__Lj12p0nH_Cj2p0fF__roL8p5mm__tee_fl160um_fc12_cg1p2um__rpg1p4um,4.65565922761,5.90826363148,7.568158031253814,256.87142805930426,5.620050825837231,2.2085748436737628e-07,0.002186921499999883,0.10968439302000021,1.4250766038551328,6.580083931199113,0.13669622479921184
SQuADDS_fqOnly,12,chip_simple_dxm7p273_dym6p364__Lj12p0nH_Cj2p0fF__roL8p5mm__tee_fl160um_fc12_cg1p2um__rpg1p4um,4.65347230611,6.0179480245,6.143081427398681,250.29134412810515,5.756747050636442,5,chip_simple_dx7p273_dym3p636__Lj12p0nH_Cj2p0fF__roL8p5mm__tee_fl160um_fc12_cg1p2um__rpg1p4um,4.65586186884,6.04211101025,6.308590197654723,257.18686837855205,5.818673028469142,2.6368328744866864e-07,0.0023895627299994615,0.02416298575000031,0.16550877025604205,6.895524250446897,0.06192597783269971
SQuADDS_fqOnly,12,chip_simple_dxm7p273_dym6p364__Lj12p0nH_Cj2p0fF__roL8p5mm__tee_fl160um_fc12_cg1p2um__rpg1p4um,4.65347230611,6.0179480245,6.143081427398681,250.29134412810515,5.756747050636442,6,chip_simple_dx4p545_dy0p909__Lj12p0nH_Cj2p0fF__roL8p5mm__tee_fl160um_fc12_cg1p2um__rpg1p4um,4.64954724763,5.93861749966,6.834223768831253,250.81131158321867,5.575584422923479,7.114395361438309e-07,0.003925058480000132,0.07933052483999958,0.6911423414325712,0.519967455113516,0.181162627712963
SQuADDS_fqOnly,12,chip_simple_dxm7p273_dym6p364__Lj12p0nH_Cj2p0fF__roL8p5mm__tee_fl160um_fc12_cg1p2um__rpg1p4um,4.65347230611,6.0179480245,6.143081427398681,250.29134412810515,5.756747050636442,7,chip_simple_dxm10p000_dym10p000__Lj12p0nH_Cj2p0fF__roL8p5mm__tee_fl160um_fc12_cg1p2um__rpg1p4um,4.64946141178,6.18114822933,5.55338666771698,264.9235520746813,5.965679116322728,7.428962622893183e-07,0.0040108943300003475,0.16320020482999986,0.5896947596817013,14.632207946576159,0.20893206568628564
SQuADDS_fqOnly,12,chip_simple_dxm7p273_dym6p364__Lj12p0nH_Cj2p0fF__roL8p5mm__tee_fl160um_fc12_cg1p2um__rpg1p4um,4.65347230611,6.0179480245,6.143081427398681,250.29134412810515,5.756747050636442,8,chip_simple_dxm10p000_dym1p818__Lj12p0nH_Cj2p0fF__roL8p5mm__tee_fl160um_fc12_cg1p2um__rpg1p4um,4.65858122614,6.01234045492,6.319054457366943,251.70355065904783,5.749348826520186,1.2053243827914626e-06,0.005108920029999631,0.005607569579999527,0.17597302996826159,1.412206530942683,0.007398224116256458
SQuADDS_fqOnly,12,chip_simple_dxm7p273_dym6p364__Lj12p0nH_Cj2p0fF__roL8p5mm__tee_fl160um_fc12_cg1p2um__rpg1p4um,4.65347230611,6.0179480245,6.143081427398681,250.29134412810515,5.756747050636442,9,chip_simple_dx2p727_dy10p000__Lj12p0nH_Cj2p0fF__roL8p5mm__tee_fl160um_fc12_cg1p2um__rpg1p4um,4.65896495843,6.23455703196,5.910671091032028,280.3326352659665,6.066617974357407,1.3931887264649167e-06,0.005492652320000069,0.21660900745999978,0.23241033636665342,30.04129113786132,0.3098709237209647
SQuADDS_fqOnly,12,chip_simple_dxm7p273_dym6p364__Lj12p0nH_Cj2p0fF__roL8p5mm__tee_fl160um_fc12_cg1p2um__rpg1p4um,4.65347230611,6.0179480245,6.143081427398681,250.29134412810515,5.756747050636442,10,chip_simple_dxm9p091_dym6p364__Lj12p0nH_Cj2p0fF__roL8p5mm__tee_fl160um_fc12_cg1p2um__rpg1p4um,4.66020332147,6.12956510902,5.931523023582458,263.0344249512455,5.964119118926944,2.0922178156234573e-06,0.006731015359999759,0.11161708451999974,0.21155840381622326,12.74308082314036,0.2073720682905016
SQuADDS_fqOnly,13,chip_simple_dxm7p273_dym3p636__Lj12p0nH_Cj2p0fF__roL8p5mm__tee_fl160um_fc12_cg1p2um__rpg1p4um,4.73480918565,6.04038903556,6.218829399219513,237.6303531091748,5.832068017454491,1,chip_simple_dxm5p455_dy4p545__Lj12p0nH_Cj2p0fF__roL8p5mm__tee_fl160um_fc12_cg1p2um__rpg1p4um,4.73477972348,6.05163166502,5.542912740110397,226.10829519663807,5.807693664303362,3.8719032722991896e-11,2.9462169999661114e-05,0.011242629460000764,0.6759166591091157,11.522057912536724,0.02437435315112868
SQuADDS_fqOnly,13,chip_simple_dxm7p273_dym3p636__Lj12p0nH_Cj2p0fF__roL8p5mm__tee_fl160um_fc12_cg1p2um__rpg1p4um,4.73480918565,6.04038903556,6.218829399219513,237.6303531091748,5.832068017454491,2,chip_simple_dxm5p455_dym5p455__Lj12p0nH_Cj2p0fF__roL8p5mm__tee_fl160um_fc12_cg1p2um__rpg1p4um,4.73470923401,6.08624842403,5.670676468399048,234.1906472022272,5.826739823305008,4.456304779234836e-10,9.995163999931833e-05,0.04585938847000026,0.5481529308204651,3.43970590694758,0.005328194149482712
SQuADDS_fqOnly,13,chip_simple_dxm7p273_dym3p636__Lj12p0nH_Cj2p0fF__roL8p5mm__tee_fl160um_fc12_cg1p2um__rpg1p4um,4.73480918565,6.04038903556,6.218829399219513,237.6303531091748,5.832068017454491,3,chip_simple_dx10p000_dy2p727__Lj12p0nH_Cj2p0fF__roL8p5mm__tee_fl160um_fc12_cg1p2um__rpg1p4um,4.73462079534,6.18985040369,5.828325863840103,254.44098843935748,5.937285281374463,1.5831138871202837e-09,0.00018839030999995288,0.14946136813000077,0.39050353537940996,16.81063533018269,0.10521726391997266
SQuADDS_fqOnly,13,chip_simple_dxm7p273_dym3p636__Lj12p0nH_Cj2p0fF__roL8p5mm__tee_fl160um_fc12_cg1p2um__rpg1p4um,4.73480918565,6.04038903556,6.218829399219513,237.6303531091748,5.832068017454491,4,chip_simple_dx4p545_dy0p000__Lj12p0nH_Cj2p0fF__roL8p5mm__tee_fl160um_fc12_cg1p2um__rpg1p4um,4.7350581972,5.93645736802,6.4650667580204,224.52510583681948,5.625215131929476,2.765884370864675e-09,0.00024901155000023323,0.1039316675399995,0.24623735880088748,13.105247272355314,0.20685288552501468
SQuADDS_fqOnly,13,chip_simple_dxm7p273_dym3p636__Lj12p0nH_Cj2p0fF__roL8p5mm__tee_fl160um_fc12_cg1p2um__rpg1p4um,4.73480918565,6.04038903556,6.218829399219513,237.6303531091748,5.832068017454491,5,chip_simple_dx8p182_dym0p909__Lj12p0nH_Cj2p0fF__roL8p5mm__tee_fl160um_fc12_cg1p2um__rpg1p4um,4.73453222964,6.07916206739,5.5368717016582485,230.278664506644,5.804701724358442,3.421500633585811e-09,0.0002769560099995516,0.038773031830000804,0.6819576975612645,7.3516886025308,0.027366293096048544
SQuADDS_fqOnly,13,chip_simple_dxm7p273_dym3p636__Lj12p0nH_Cj2p0fF__roL8p5mm__tee_fl160um_fc12_cg1p2um__rpg1p4um,4.73480918565,6.04038903556,6.218829399219513,237.6303531091748,5.832068017454491,6,chip_simple_dx0p909_dym6p364__Lj12p0nH_Cj2p0fF__roL8p5mm__tee_fl160um_fc12_cg1p2um__rpg1p4um,4.73510361269,6.23672959736,4.948697823696136,241.1308794035408,6.055025464850598,3.866788539155229e-09,0.0002944270400000448,0.19634056180000048,1.2701315755233766,3.5005262943660114,0.2229574473961069
SQuADDS_fqOnly,13,chip_simple_dxm7p273_dym3p636__Lj12p0nH_Cj2p0fF__roL8p5mm__tee_fl160um_fc12_cg1p2um__rpg1p4um,4.73480918565,6.04038903556,6.218829399219513,237.6303531091748,5.832068017454491,7,chip_simple_dxm9p091_dy8p182__Lj12p0nH_Cj2p0fF__roL8p5mm__tee_fl160um_fc12_cg1p2um__rpg1p4um,4.73445099138,6.15478155079,5.603587422172546,243.7500148862952,5.951852940269059,5.723112795923864e-09,0.0003581942699995011,0.11439251523000049,0.615241977046967,6.119661777120399,0.11978492281456798
SQuADDS_fqOnly,13,chip_simple_dxm7p273_dym3p636__Lj12p0nH_Cj2p0fF__roL8p5mm__tee_fl160um_fc12_cg1p2um__rpg1p4um,4.73480918565,6.04038903556,6.218829399219513,237.6303531091748,5.832068017454491,8,chip_simple_dx5p455_dy9p091__Lj12p0nH_Cj2p0fF__roL8p5mm__tee_fl160um_fc12_cg1p2um__rpg1p4um,4.73434437587,6.01886558958,5.922171247373581,228.427960579758,5.8379166125756985,9.637081945164156e-09,0.0004648097799995199,0.021523445979999778,0.29665815184593214,9.202392529416784,0.0058485951212077225
SQuADDS_fqOnly,13,chip_simple_dxm7p273_dym3p636__Lj12p0nH_Cj2p0fF__roL8p5mm__tee_fl160um_fc12_cg1p2um__rpg1p4um,4.73480918565,6.04038903556,6.218829399219513,237.6303531091748,5.832068017454491,9,chip_simple_dxm10p000_dy9p091__Lj12p0nH_Cj2p0fF__roL8p5mm__tee_fl160um_fc12_cg1p2um__rpg1p4um,4.73431310321,5.9588117706,5.945221753843307,219.04223037505847,5.629570893196313,1.0977482309724236e-08,0.0004960824399997676,0.08157726495999995,0.27360764537620597,18.588122734116325,0.20249712425817812
SQuADDS_fqOnly,13,chip_simple_dxm7p273_dym3p636__Lj12p0nH_Cj2p0fF__roL8p5mm__tee_fl160um_fc12_cg1p2um__rpg1p4um,4.73480918565,6.04038903556,6.218829399219513,237.6303531091748,5.832068017454491,10,chip_simple_dx0p000_dy0p000__Lj12p0nH_Cj2p0fF__roL8p5mm__tee_fl160um_fc12_cg1p2um__rpg1p4um,4.73427745419,6.0988951142,5.960086310180664,242.41626861962845,5.922689635063685,1.2611877664350244e-08,0.0005317314599997403,0.05850607864000068,0.25874308903884913,4.785915510453663,0.09062161760919452
SQuADDS_fqOnly,14,chip_simple_dxm7p273_dy1p818__Lj12p0nH_Cj2p0fF__roL8p5mm__tee_fl160um_fc12_cg1p2um__rpg1p4um,4.72771702229,5.972340521,5.773035212522506,219.24495923206857,5.714431158523696,1,chip_simple_dxm2p727_dy3p636__Lj12p0nH_Cj2p0fF__roL8p5mm__tee_fl160um_fc12_cg1p2um__rpg1p4um,4.72771327144,6.17379279793,5.623312453847885,248.72072138405872,5.943747599398507,6.294430541797993e-13,3.750850000372452e-06,0.20145227693000045,0.14972275867462148,29.475762151990153,0.22931644087481118
SQuADDS_fqOnly,14,chip_simple_dxm7p273_dy1p818__Lj12p0nH_Cj2p0fF__roL8p5mm__tee_fl160um_fc12_cg1p2um__rpg1p4um,4.72771702229,5.972340521,5.773035212522506,219.24495923206857,5.714431158523696,2,chip_simple_dx10p000_dym8p182__Lj12p0nH_Cj2p0fF__roL8p5mm__tee_fl160um_fc12_cg1p2um__rpg1p4um,4.7278291272,6.203667918,5.357714031663894,247.43915307278945,5.999006200112647,5.622718236194679e-10,0.00011210490999946643,0.23132739700000027,0.41532118085861214,28.194193840720885,0.2845750415889512
SQuADDS_fqOnly,14,chip_simple_dxm7p273_dy1p818__Lj12p0nH_Cj2p0fF__roL8p5mm__tee_fl160um_fc12_cg1p2um__rpg1p4um,4.72771702229,5.972340521,5.773035212522506,219.24495923206857,5.714431158523696,3,chip_simple_dx6p364_dy0p000__Lj12p0nH_Cj2p0fF__roL8p5mm__tee_fl160um_fc12_cg1p2um__rpg1p4um,4.72795173232,6.02599393944,6.214404765487671,236.6306190453716,5.800547756468861,2.4646789165108272e-09,0.0002347100299999738,0.0536534184400006,0.4413695529651642,17.385659813303022,0.08611659794516502
SQuADDS_fqOnly,14,chip_simple_dxm7p273_dy1p818__Lj12p0nH_Cj2p0fF__roL8p5mm__tee_fl160um_fc12_cg1p2um__rpg1p4um,4.72771702229,5.972340521,5.773035212522506,219.24495923206857,5.714431158523696,4,chip_simple_dxm10p000_dym4p545__Lj12p0nH_Cj2p0fF__roL8p5mm__tee_fl160um_fc12_cg1p2um__rpg1p4um,4.72747685651,6.02391173404,6.181771411222457,235.80879165767425,5.79330242515557,2.5805917602854076e-09,0.00024016578000018995,0.051571213040000785,0.4087361986999509,16.563832425605682,0.07887126663187427
SQuADDS_fqOnly,14,chip_simple_dxm7p273_dy1p818__Lj12p0nH_Cj2p0fF__roL8p5mm__tee_fl160um_fc12_cg1p2um__rpg1p4um,4.72771702229,5.972340521,5.773035212522506,219.24495923206857,5.714431158523696,5,chip_simple_dx7p273_dy8p182__Lj12p0nH_Cj2p0fF__roL8p5mm__tee_fl160um_fc12_cg1p2um__rpg1p4um,4.72840082103,5.97315210181,5.691267652456284,217.62866557447816,5.647951458913108,2.091961292579032e-08,0.0006837987399999079,0.0008115808100006561,0.08176756006622199,1.616293657590404,0.06647969961058742
SQuADDS_fqOnly,14,chip_simple_dxm7p273_dy1p818__Lj12p0nH_Cj2p0fF__roL8p5mm__tee_fl160um_fc12_cg1p2um__rpg1p4um,4.72771702229,5.972340521,5.773035212522506,219.24495923206857,5.714431158523696,6,chip_simple_dxm1p818_dym2p727__Lj12p0nH_Cj2p0fF__roL8p5mm__tee_fl160um_fc12_cg1p2um__rpg1p4um,4.72848954954,6.17252809279,5.260969237106323,240.1187954409885,5.943850833343463,2.6700824198195352e-08,0.0007725272499996549,0.2001875717900008,0.5120659754161832,20.873836208919926,0.22941967481976722
SQuADDS_fqOnly,14,chip_simple_dxm7p273_dy1p818__Lj12p0nH_Cj2p0fF__roL8p5mm__tee_fl160um_fc12_cg1p2um__rpg1p4um,4.72771702229,5.972340521,5.773035212522506,219.24495923206857,5.714431158523696,7,chip_simple_dx2p727_dym3p636__Lj12p0nH_Cj2p0fF__roL8p5mm__tee_fl160um_fc12_cg1p2um__rpg1p4um,4.72851008449,6.15393913849,5.502300477457046,242.70006914810185,5.946585208298799,2.8139187479974242e-08,0.000793062199999639,0.1815986174900006,0.2707347350654601,23.45510991603328,0.23215404977510357
SQuADDS_fqOnly,14,chip_simple_dxm7p273_dy1p818__Lj12p0nH_Cj2p0fF__roL8p5mm__tee_fl160um_fc12_cg1p2um__rpg1p4um,4.72771702229,5.972340521,5.773035212522506,219.24495923206857,5.714431158523696,8,chip_simple_dx10p000_dym6p364__Lj12p0nH_Cj2p0fF__roL8p5mm__tee_fl160um_fc12_cg1p2um__rpg1p4um,4.72676334755,6.12769509524,5.428620394487381,237.2099123366833,5.930169327664392,4.069092957924308e-08,0.0009536747399998546,0.15535457424000043,0.3444148180351254,17.96495310461472,0.2157381691406961
SQuADDS_fqOnly,14,chip_simple_dxm7p273_dy1p818__Lj12p0nH_Cj2p0fF__roL8p5mm__tee_fl160um_fc12_cg1p2um__rpg1p4um,4.72771702229,5.972340521,5.773035212522506,219.24495923206857,5.714431158523696,9,chip_simple_dx5p455_dym2p727__Lj12p0nH_Cj2p0fF__roL8p5mm__tee_fl160um_fc12_cg1p2um__rpg1p4um,4.72671328787,6.1181183266,5.450069299165725,236.2126742133905,5.905966219312021,4.5074891140453296e-08,0.0010037344200002352,0.14577780560000075,0.32296591335678126,16.967714981321933,0.1915350607883255
SQuADDS_fqOnly,14,chip_simple_dxm7p273_dy1p818__Lj12p0nH_Cj2p0fF__roL8p5mm__tee_fl160um_fc12_cg1p2um__rpg1p4um,4.72771702229,5.972340521,5.773035212522506,219.24495923206857,5.714431158523696,10,chip_simple_dx2p727_dy4p545__Lj12p0nH_Cj2p0fF__roL8p5mm__tee_fl160um_fc12_cg1p2um__rpg1p4um,4.72661637865,6.17653112846,5.815809796421051,253.68702655650372,5.959841194906359,5.419890456121652e-08,0.0011006436400000652,0.20419060746000017,0.04277458389854427,34.44206732443516,0.24541003638266368
SQuADDS_fqOnly,15,chip_simple_dxm7p273_dy8p182__Lj12p0nH_Cj2p0fF__roL8p5mm__tee_fl160um_fc12_cg1p2um__rpg1p4um,4.73311969721,6.1823618083,5.650964117544174,249.6016788017964,5.977576415438447,1,chip_simple_dxm0p909_dy4p545__Lj12p0nH_Cj2p0fF__roL8p5mm__tee_fl160um_fc12_cg1p2um__rpg1p4um,4.7332354087,5.97981485633,6.195107574489593,227.38497188220632,5.728661585836097,5.976652380345785e-10,0.00011571148999944825,0.2025469519699996,0.5441434569454193,22.21670691959008,0.24891482960235045
SQuADDS_fqOnly,15,chip_simple_dxm7p273_dy8p182__Lj12p0nH_Cj2p0fF__roL8p5mm__tee_fl160um_fc12_cg1p2um__rpg1p4um,4.73311969721,6.1823618083,5.650964117544174,249.6016788017964,5.977576415438447,2,chip_simple_dx0p909_dym9p091__Lj12p0nH_Cj2p0fF__roL8p5mm__tee_fl160um_fc12_cg1p2um__rpg1p4um,4.73292662921,6.13968220021,5.629279759424209,242.34971323214788,5.904117804172508,1.6638938642840928e-09,0.00019306800000062907,0.04267960808999938,0.021684358119964386,7.251965569648519,0.07345861126593878
SQuADDS_fqOnly,15,chip_simple_dxm7p273_dy8p182__Lj12p0nH_Cj2p0fF__roL8p5mm__tee_fl160um_fc12_cg1p2um__rpg1p4um,4.73311969721,6.1823618083,5.650964117544174,249.6016788017964,5.977576415438447,3,chip_simple_dx0p909_dym2p727__Lj12p0nH_Cj2p0fF__roL8p5mm__tee_fl160um_fc12_cg1p2um__rpg1p4um,4.73288476866,6.15144010433,5.802761653125763,248.0066040101604,5.946582947290083,2.4636364513365048e-09,0.00023492855000029067,0.030921703969999825,0.15179753558158904,1.5950747916359944,0.030993468148364123
SQuADDS_fqOnly,15,chip_simple_dxm7p273_dy8p182__Lj12p0nH_Cj2p0fF__roL8p5mm__tee_fl160um_fc12_cg1p2um__rpg1p4um,4.73311969721,6.1823618083,5.650964117544174,249.6016788017964,5.977576415438447,4,chip_simple_dx7p273_dy0p000__Lj12p0nH_Cj2p0fF__roL8p5mm__tee_fl160um_fc12_cg1p2um__rpg1p4um,4.73285614666,6.06364786636,5.47772784601593,226.8629872413658,5.835642549018717,3.100508159091975e-09,0.0002635505500006019,0.1187139419399994,0.1732362715282436,22.738691560430595,0.1419338664197305
SQuADDS_fqOnly,15,chip_simple_dxm7p273_dy8p182__Lj12p0nH_Cj2p0fF__roL8p5mm__tee_fl160um_fc12_cg1p2um__rpg1p4um,4.73311969721,6.1823618083,5.650964117544174,249.6016788017964,5.977576415438447,5,chip_simple_dx1p818_dy0p909__Lj12p0nH_Cj2p0fF__roL8p5mm__tee_fl160um_fc12_cg1p2um__rpg1p4um,4.73339806695,6.17800054586,5.078991615425109,235.7135315610368,5.950849899742133,3.458988135842942e-09,0.0002783697400001728,0.004361262439999791,0.5719725021190643,13.888147240759594,0.026726515696314124
SQuADDS_fqOnly,15,chip_simple_dxm7p273_dy8p182__Lj12p0nH_Cj2p0fF__roL8p5mm__tee_fl160um_fc12_cg1p2um__rpg1p4um,4.73311969721,6.1823618083,5.650964117544174,249.6016788017964,5.977576415438447,6,chip_simple_dxm3p636_dy5p455__Lj12p0nH_Cj2p0fF__roL8p5mm__tee_fl160um_fc12_cg1p2um__rpg1p4um,4.73355235582,6.19906730127,5.355365528022766,245.4102411439443,6.010259557626816,8.35594795229913e-09,0.0004326586099994145,0.01670549297000079,0.2955985895214077,4.191437657852106,0.032683142188369096
SQuADDS_fqOnly,15,chip_simple_dxm7p273_dy8p182__Lj12p0nH_Cj2p0fF__roL8p5mm__tee_fl160um_fc12_cg1p2um__rpg1p4um,4.73311969721,6.1823618083,5.650964117544174,249.6016788017964,5.977576415438447,7,chip_simple_dxm4p545_dy9p091__Lj12p0nH_Cj2p0fF__roL8p5mm__tee_fl160um_fc12_cg1p2um__rpg1p4um,4.73257191675,5.96883434545,5.846838404302597,219.15587205568883,5.667058133519072,1.3394240651534384e-08,0.0005477804599998137,0.21352746284999924,0.1958742867584231,30.445806746107564,0.310518281919375
SQuADDS_fqOnly,15,chip_simple_dxm7p273_dy8p182__Lj12p0nH_Cj2p0fF__roL8p5mm__tee_fl160um_fc12_cg1p2um__rpg1p4um,4.73311969721,6.1823618083,5.650964117544174,249.6016788017964,5.977576415438447,8,chip_simple_dxm7p273_dy0p000__Lj12p0nH_Cj2p0fF__roL8p5mm__tee_fl160um_fc12_cg1p2um__rpg1p4um,4.73251374973,6.12333432529,5.90339426124382,245.63052496269063,5.833142733315017,1.6389850499309046e-08,0.0006059474800004239,0.05902748300999949,0.25243014369964634,3.9711538391057672,0.14443368212343
SQuADDS_fqOnly,15,chip_simple_dxm7p273_dy8p182__Lj12p0nH_Cj2p0fF__roL8p5mm__tee_fl160um_fc12_cg1p2um__rpg1p4um,4.73311969721,6.1823618083,5.650964117544174,249.6016788017964,5.977576415438447,9,chip_simple_dxm1p818_dy0p909__Lj12p0nH_Cj2p0fF__roL8p5mm__tee_fl160um_fc12_cg1p2um__rpg1p4um,4.73247725261,6.06032547334,5.647781850090027,230.0219004377902,5.758222245971617,1.8423680386643287e-08,0.0006424446000004025,0.12203633495999977,0.0031822674541466256,19.579778364006188,0.21935416946682995
SQuADDS_fqOnly,15,chip_simple_dxm7p273_dy8p182__Lj12p0nH_Cj2p0fF__roL8p5mm__tee_fl160um_fc12_cg1p2um__rpg1p4um,4.73311969721,6.1823618083,5.650964117544174,249.6016788017964,5.977576415438447,10,chip_simple_dx1p818_dym9p091__Lj12p0nH_Cj2p0fF__roL8p5mm__tee_fl160um_fc12_cg1p2um__rpg1p4um,4.73395858035,5.98672827489,5.994751743192673,224.6710358694394,5.7112226948008775,3.1412894571699664e-08,0.0008388831400001351,0.19563353340999967,0.3437876256484991,24.93064293235699,0.2663537206375697
SQuADDS_fqOnly,16,chip_simple_dxm7p273_dy9p091__Lj12p0nH_Cj2p0fF__roL8p5mm__tee_fl160um_fc12_cg1p2um__rpg1p4um,4.72336710509,6.1048577147,5.895831980884552,244.34013210942783,5.873176370681271,1,chip_simple_dx9p091_dy1p818__Lj12p0nH_Cj2p0fF__roL8p5mm__tee_fl160um_fc12_cg1p2um__rpg1p4um,4.72332163382,6.08397777989,5.362149336601257,229.5526193491085,5.856220715335205,9.267674387059518e-11,4.5471269999985964e-05,0.020879934809999945,0.5336826442832949,14.787512760319316,0.016955655346066578
SQuADDS_fqOnly,16,chip_simple_dxm7p273_dy9p091__Lj12p0nH_Cj2p0fF__roL8p5mm__tee_fl160um_fc12_cg1p2um__rpg1p4um,4.72336710509,6.1048577147,5.895831980884552,244.34013210942783,5.873176370681271,2,chip_simple_dxm2p727_dy9p091__Lj12p0nH_Cj2p0fF__roL8p5mm__tee_fl160um_fc12_cg1p2um__rpg1p4um,4.72354496119,6.06782180308,5.766568409368515,235.52036104141203,5.815573617333097,1.4178625395941143e-09,0.00017785609999965146,0.03703591161999942,0.12926357151603707,8.819771068015797,0.05760275334817422
SQuADDS_fqOnly,16,chip_simple_dxm7p273_dy9p091__Lj12p0nH_Cj2p0fF__roL8p5mm__tee_fl160um_fc12_cg1p2um__rpg1p4um,4.72336710509,6.1048577147,5.895831980884552,244.34013210942783,5.873176370681271,3,chip_simple_dx0p000_dym2p727__Lj12p0nH_Cj2p0fF__roL8p5mm__tee_fl160um_fc12_cg1p2um__rpg1p4um,4.72308106304,6.01925382396,5.781981496412277,228.09975736372985,5.690176383635383,3.66738380064501e-09,0.000286042049999935,0.08560389073999985,0.11385048447227497,16.240374745697977,0.18299998704588827
SQuADDS_fqOnly,16,chip_simple_dxm7p273_dy9p091__Lj12p0nH_Cj2p0fF__roL8p5mm__tee_fl160um_fc12_cg1p2um__rpg1p4um,4.72336710509,6.1048577147,5.895831980884552,244.34013210942783,5.873176370681271,4,chip_simple_dxm1p818_dy6p364__Lj12p0nH_Cj2p0fF__roL8p5mm__tee_fl160um_fc12_cg1p2um__rpg1p4um,4.72288255884,6.16611156985,5.942852807521819,255.57392589996,5.983119778272944,1.0523666393193903e-08,0.0004845462500000508,0.06125385515000037,0.04702082663726781,11.233793790532161,0.10994340759167276
SQuADDS_fqOnly,16,chip_simple_dxm7p273_dy9p091__Lj12p0nH_Cj2p0fF__roL8p5mm__tee_fl160um_fc12_cg1p2um__rpg1p4um,4.72336710509,6.1048577147,5.895831980884552,244.34013210942783,5.873176370681271,5,chip_simple_dxm8p182_dym9p091__Lj12p0nH_Cj2p0fF__roL8p5mm__tee_fl160um_fc12_cg1p2um__rpg1p4um,4.72257063561,6.05880267073,5.941739992261886,237.9009092435265,5.759912137527704,2.843379814125558e-08,0.0007964694800000061,0.04605504397000004,0.04590801137733447,6.439222865901314,0.1132642331535676
SQuADDS_fqOnly,16,chip_simple_dxm7p273_dy9p091__Lj12p0nH_Cj2p0fF__roL8p5mm__tee_fl160um_fc12_cg1p2um__rpg1p4um,4.72336710509,6.1048577147,5.895831980884552,244.34013210942783,5.873176370681271,6,chip_simple_dxm3p636_dy3p636__Lj12p0nH_Cj2p0fF__roL8p5mm__tee_fl160um_fc12_cg1p2um__rpg1p4um,4.72242714711,6.18673541231,5.336548379825592,245.26485810969444,5.972626156449373,3.9601667870165234e-08,0.0009399579800000168,0.08187769761000041,0.5592836010589597,0.9247260002666167,0.09944978576810115
SQuADDS_fqOnly,16,chip_simple_dxm7p273_dy9p091__Lj12p0nH_Cj2p0fF__roL8p5mm__tee_fl160um_fc12_cg1p2um__rpg1p4um,4.72336710509,6.1048577147,5.895831980884552,244.34013210942783,5.873176370681271,7,chip_simple_dxm2p727_dym7p273__Lj12p0nH_Cj2p0fF__roL8p5mm__tee_fl160um_fc12_cg1p2um__rpg1p4um,4.7222040576,6.12237034652,5.983692367204666,249.3544121969452,5.891422873734137,6.063054824435708e-08,0.0011630474900004018,0.017512631820000735,0.08786038632011461,5.014280087517363,0.01824650305286557
SQuADDS_fqOnly,16,chip_simple_dxm7p273_dy9p091__Lj12p0nH_Cj2p0fF__roL8p5mm__tee_fl160um_fc12_cg1p2um__rpg1p4um,4.72336710509,6.1048577147,5.895831980884552,244.34013210942783,5.873176370681271,8,chip_simple_dxm6p364_dym5p455__Lj12p0nH_Cj2p0fF__roL8p5mm__tee_fl160um_fc12_cg1p2um__rpg1p4um,4.72213994007,6.1303933455,5.1282290317249295,231.82863900091743,5.879820249776217,6.749980733809614e-08,0.0012271650200004203,0.02553563080000032,0.7676029491596221,12.511493108510393,0.006643879094945682
SQuADDS_fqOnly,16,chip_simple_dxm7p273_dy9p091__Lj12p0nH_Cj2p0fF__roL8p5mm__tee_fl160um_fc12_cg1p2um__rpg1p4um,4.72336710509,6.1048577147,5.895831980884552,244.34013210942783,5.873176370681271,9,chip_simple_dxm1p818_dym10p000__Lj12p0nH_Cj2p0fF__roL8p5mm__tee_fl160um_fc12_cg1p2um__rpg1p4um,4.72213098232,5.99382514578,6.216597866516113,232.5260761215951,5.710682925319376,6.848884012826842e-08,0.0012361227699999588,0.1110325689199998,0.3207658856315616,11.814055987832717,0.16249344536189536
SQuADDS_fqOnly,16,chip_simple_dxm7p273_dy9p091__Lj12p0nH_Cj2p0fF__roL8p5mm__tee_fl160um_fc12_cg1p2um__rpg1p4um,4.72336710509,6.1048577147,5.895831980884552,244.34013210942783,5.873176370681271,10,chip_simple_dxm8p182_dy4p545__Lj12p0nH_Cj2p0fF__roL8p5mm__tee_fl160um_fc12_cg1p2um__rpg1p4um,4.72472338379,6.07232041902,5.541016860761642,231.3279258836254,5.809423706845696,8.245072545901102e-08,0.0013562786999994358,0.03253729567999919,0.3548151201229093,13.01220622580243,0.06375266383557499
SQuADDS_fqOnly,17,chip_simple_dxm6p364_dym10p000__Lj12p0nH_Cj2p0fF__roL8p5mm__tee_fl160um_fc12_cg1p2um__rpg1p4um,4.74671380996,6.03991593661,5.848658886358261,227.8865591340732,5.768117311750657,1,chip_simple_dxm10p000_dym5p455__Lj12p0nH_Cj2p0fF__roL8p5mm__tee_fl160um_fc12_cg1p2um__rpg1p4um,4.74663028203,6.09244739086,5.497690521795272,229.06180088997965,5.833596212181217,3.0965446154098e-10,8.352793000021563e-05,0.05253145425000039,0.35096836456298863,1.1752417559064554,0.06547890043056004
SQuADDS_fqOnly,17,chip_simple_dxm6p364_dym10p000__Lj12p0nH_Cj2p0fF__roL8p5mm__tee_fl160um_fc12_cg1p2um__rpg1p4um,4.74671380996,6.03991593661,5.848658886358261,227.8865591340732,5.768117311750657,2,chip_simple_dx3p636_dym0p909__Lj12p0nH_Cj2p0fF__roL8p5mm__tee_fl160um_fc12_cg1p2um__rpg1p4um,4.74682723468,6.06657591767,5.891095231824875,232.95693903075104,5.84385390194947,5.70991095875218e-10,0.00011342471999942205,0.026659981059999893,0.0424363454666139,5.070379896677849,0.0757365901988134
SQuADDS_fqOnly,17,chip_simple_dxm6p364_dym10p000__Lj12p0nH_Cj2p0fF__roL8p5mm__tee_fl160um_fc12_cg1p2um__rpg1p4um,4.74671380996,6.03991593661,5.848658886358261,227.8865591340732,5.768117311750657,3,chip_simple_dx0p909_dy0p909__Lj12p0nH_Cj2p0fF__roL8p5mm__tee_fl160um_fc12_cg1p2um__rpg1p4um,4.74629473326,6.04239971887,5.894084815874099,229.19790488610408,5.810269347557483,7.794727463135873e-09,0.00041907670000007613,0.0024837822599996784,0.04542592951583835,1.3113457520308884,0.04215203580682658
SQuADDS_fqOnly,17,chip_simple_dxm6p364_dym10p000__Lj12p0nH_Cj2p0fF__roL8p5mm__tee_fl160um_fc12_cg1p2um__rpg1p4um,4.74671380996,6.03991593661,5.848658886358261,227.8865591340732,5.768117311750657,4,chip_simple_dxm6p364_dy5p455__Lj12p0nH_Cj2p0fF__roL8p5mm__tee_fl160um_fc12_cg1p2um__rpg1p4um,4.74714722938,6.10190388125,5.5239915411624905,230.99470980116783,5.886184494438364,8.337399989584273e-09,0.00043341942000019174,0.061987944640000237,0.32466734519577045,3.108150667094634,0.11806718268770755
SQuADDS_fqOnly,17,chip_simple_dxm6p364_dym10p000__Lj12p0nH_Cj2p0fF__roL8p5mm__tee_fl160um_fc12_cg1p2um__rpg1p4um,4.74671380996,6.03991593661,5.848658886358261,227.8865591340732,5.768117311750657,5,chip_simple_dxm2p727_dy1p818__Lj12p0nH_Cj2p0fF__roL8p5mm__tee_fl160um_fc12_cg1p2um__rpg1p4um,4.74603018436,6.11585771515,5.539317374271392,233.78375966019303,5.921034401913258,2.0741995670131926e-08,0.0006836255999997931,0.07594177853999984,0.3093415120868688,5.897200526119832,0.15291709016260135
SQuADDS_fqOnly,17,chip_simple_dxm6p364_dym10p000__Lj12p0nH_Cj2p0fF__roL8p5mm__tee_fl160um_fc12_cg1p2um__rpg1p4um,4.74671380996,6.03991593661,5.848658886358261,227.8865591340732,5.768117311750657,6,chip_simple_dx3p636_dym9p091__Lj12p0nH_Cj2p0fF__roL8p5mm__tee_fl160um_fc12_cg1p2um__rpg1p4um,4.74762783623,6.02799146582,5.311174287874222,214.95375549931185,5.736266000675814,3.7079277232991344e-08,0.0009140262700002566,0.011924470790000363,0.5374845984840393,12.932803634761342,0.03185131107484285
SQuADDS_fqOnly,17,chip_simple_dxm6p364_dym10p000__Lj12p0nH_Cj2p0fF__roL8p5mm__tee_fl160um_fc12_cg1p2um__rpg1p4um,4.74671380996,6.03991593661,5.848658886358261,227.8865591340732,5.768117311750657,7,chip_simple_dxm8p182_dym2p727__Lj12p0nH_Cj2p0fF__roL8p5mm__tee_fl160um_fc12_cg1p2um__rpg1p4um,4.74763898771,6.06492901197,5.550595968381882,225.6424239894449,5.805846601859689,3.7989560001083974e-08,0.0009251777500001168,0.025013075360000414,0.2980629179763792,2.244135144628302,0.037729290109032476
SQuADDS_fqOnly,17,chip_simple_dxm6p364_dym10p000__Lj12p0nH_Cj2p0fF__roL8p5mm__tee_fl160um_fc12_cg1p2um__rpg1p4um,4.74671380996,6.03991593661,5.848658886358261,227.8865591340732,5.768117311750657,8,chip_simple_dx9p091_dym3p636__Lj12p0nH_Cj2p0fF__roL8p5mm__tee_fl160um_fc12_cg1p2um__rpg1p4um,4.74768350608,6.11192641656,5.676827084125518,235.79656019646745,5.912170509194911,4.1733539532766734e-08,0.0009696961199994192,0.07201047995000032,0.17183180223274253,7.910001062394258,0.14405319744425427
SQuADDS_fqOnly,17,chip_simple_dxm6p364_dym10p000__Lj12p0nH_Cj2p0fF__roL8p5mm__tee_fl160um_fc12_cg1p2um__rpg1p4um,4.74671380996,6.03991593661,5.848658886358261,227.8865591340732,5.768117311750657,9,chip_simple_dx10p000_dym7p273__Lj12p0nH_Cj2p0fF__roL8p5mm__tee_fl160um_fc12_cg1p2um__rpg1p4um,4.74780746006,6.110765979,5.967518097417831,241.6074469436823,5.84184513151947,5.308486266857112e-08,0.0010936500999996213,0.07085004239000003,0.11885921105957031,13.72088780960911,0.0737278197688136
SQuADDS_fqOnly,17,chip_simple_dxm6p364_dym10p000__Lj12p0nH_Cj2p0fF__roL8p5mm__tee_fl160um_fc12_cg1p2um__rpg1p4um,4.74671380996,6.03991593661,5.848658886358261,227.8865591340732,5.768117311750657,10,chip_simple_dxm4p545_dym5p455__Lj12p0nH_Cj2p0fF__roL8p5mm__tee_fl160um_fc12_cg1p2um__rpg1p4um,4.74780934755,6.01171066353,5.136955881889343,208.8049312132329,5.762839564068083,5.326825516438693e-08,0.0010955375899994735,0.028205273080000204,0.7117030044689177,19.081627920840305,0.005277747682573164
SQuADDS_fqOnly,18,chip_simple_dxm6p364_dym8p182__Lj12p0nH_Cj2p0fF__roL8p5mm__tee_fl160um_fc12_cg1p2um__rpg1p4um,4.66921934467,5.95957733907,6.531350151489257,244.2974230799728,5.682759542301245,1,chip_simple_dxm10p000_dy4p545__Lj12p0nH_Cj2p0fF__roL8p5mm__tee_fl160um_fc12_cg1p2um__rpg1p4um,4.6696821001,6.13115899928,6.015155077039719,263.1000057078415,5.898867515034506,9.822329405110854e-09,0.00046275543000007247,0.1715816602100002,0.5161950744495387,18.802582627868702,0.2161079727332611
SQuADDS_fqOnly,18,chip_simple_dxm6p364_dym8p182__Lj12p0nH_Cj2p0fF__roL8p5mm__tee_fl160um_fc12_cg1p2um__rpg1p4um,4.66921934467,5.95957733907,6.531350151489257,244.2974230799728,5.682759542301245,2,fig5_cg5p0um_rpg1p0um__Lj12p0nH_Cj0p0fF__roL8p5mm__tee_fl160um_fc12,4.67009412056,6.40368347107,5.386180753400803,292.5653068578806,6.313414733179575,3.5099833576218494e-08,0.0008747758899998459,0.44410613199999993,1.1451693980884547,48.26788377790783,0.63065519087833
SQuADDS_fqOnly,18,chip_simple_dxm6p364_dym8p182__Lj12p0nH_Cj2p0fF__roL8p5mm__tee_fl160um_fc12_cg1p2um__rpg1p4um,4.66921934467,5.95957733907,6.531350151489257,244.2974230799728,5.682759542301245,3,chip_simple_dx3p636_dym6p364__Lj12p0nH_Cj2p0fF__roL8p5mm__tee_fl160um_fc12_cg1p2um__rpg1p4um,4.66828138852,6.04703662438,6.612629444187164,261.5727515261907,5.795748305248993,4.035306420164591e-08,0.000937956150000474,0.08745928530999958,0.08127929269790624,17.275328446217912,0.11298876294774818
SQuADDS_fqOnly,18,chip_simple_dxm6p364_dym8p182__Lj12p0nH_Cj2p0fF__roL8p5mm__tee_fl160um_fc12_cg1p2um__rpg1p4um,4.66921934467,5.95957733907,6.531350151489257,244.2974230799728,5.682759542301245,4,chip_simple_dx1p818_dym0p909__Lj12p0nH_Cj2p0fF__roL8p5mm__tee_fl160um_fc12_cg1p2um__rpg1p4um,4.67045299221,6.02263130277,6.254178175308227,249.60885360509675,5.769639685358345,6.980614287688465e-08,0.0012336475400003266,0.06305396369999983,0.2771719761810303,5.311430525123967,0.08688014305710023
SQuADDS_fqOnly,18,chip_simple_dxm6p364_dym8p182__Lj12p0nH_Cj2p0fF__roL8p5mm__tee_fl160um_fc12_cg1p2um__rpg1p4um,4.66921934467,5.95957733907,6.531350151489257,244.2974230799728,5.682759542301245,5,chip_simple_dxm5p455_dym0p909__Lj12p0nH_Cj2p0fF__roL8p5mm__tee_fl160um_fc12_cg1p2um__rpg1p4um,4.66763587514,6.08883806006,6.21373459135437,260.5856028778693,5.875563466003383,1.1500874633802753e-07,0.0015834695299998813,0.12926072098999963,0.3176155601348878,16.288179797896504,0.1928039237021384
SQuADDS_fqOnly,18,chip_simple_dxm6p364_dym8p182__Lj12p0nH_Cj2p0fF__roL8p5mm__tee_fl160um_fc12_cg1p2um__rpg1p4um,4.66921934467,5.95957733907,6.531350151489257,244.2974230799728,5.682759542301245,6,chip_simple_dxm4p545_dy0p909__Lj12p0nH_Cj2p0fF__roL8p5mm__tee_fl160um_fc12_cg1p2um__rpg1p4um,4.66753639778,5.99187167802,6.510056455795287,249.924203814837,5.720749090470385,1.2991289757844441e-07,0.0016829468899999256,0.03229433894999989,0.021293695693969994,5.626780734864212,0.03798954816913991
SQuADDS_fqOnly,18,chip_simple_dxm6p364_dym8p182__Lj12p0nH_Cj2p0fF__roL8p5mm__tee_fl160um_fc12_cg1p2um__rpg1p4um,4.66921934467,5.95957733907,6.531350151489257,244.2974230799728,5.682759542301245,7,chip_simple_dxm2p000_dym2p000__Lj12p0nH_Cj2p0fF__roL8p5mm__tee_fl160um_fc12_cg1p2um__rpg1p4um,4.66750846399,5.99576429238,6.200288068849563,244.5650742862331,5.692685446377873,1.342613135775655e-07,0.0017108806800001375,0.03618695330999966,0.3310620826396944,0.2676512062603251,0.009925904076628633
SQuADDS_fqOnly,18,chip_simple_dxm6p364_dym8p182__Lj12p0nH_Cj2p0fF__roL8p5mm__tee_fl160um_fc12_cg1p2um__rpg1p4um,4.66921934467,5.95957733907,6.531350151489257,244.2974230799728,5.682759542301245,8,chip_simple_dxm2p000_dym2p000__Lj12p0nH_Cj2p0fF__roL8p5mm__tee_fl160um_fc12_cg1p2um__rpg1p4um,4.66750846399,5.99576429238,6.200288068849563,244.5650742862331,5.69268544637786,1.342613135775655e-07,0.0017108806800001375,0.03618695330999966,0.3310620826396944,0.2676512062603251,0.00992590407661531
SQuADDS_fqOnly,18,chip_simple_dxm6p364_dym8p182__Lj12p0nH_Cj2p0fF__roL8p5mm__tee_fl160um_fc12_cg1p2um__rpg1p4um,4.66921934467,5.95957733907,6.531350151489257,244.2974230799728,5.682759542301245,9,chip_simple_dxm6p364_dy0p000__Lj12p0nH_Cj2p0fF__roL8p5mm__tee_fl160um_fc12_cg1p2um__rpg1p4um,4.6715110421,6.11602371104,5.946437598886489,258.5796032420524,5.886712731567605,2.4089401113169533e-07,0.002291697429999573,0.15644637197000044,0.5849125526027681,14.28218016207964,0.2039531892663602
SQuADDS_fqOnly,18,chip_simple_dxm6p364_dym8p182__Lj12p0nH_Cj2p0fF__roL8p5mm__tee_fl160um_fc12_cg1p2um__rpg1p4um,4.66921934467,5.95957733907,6.531350151489257,244.2974230799728,5.682759542301245,10,chip_simple_dx2p727_dym0p909__Lj12p0nH_Cj2p0fF__roL8p5mm__tee_fl160um_fc12_cg1p2um__rpg1p4um,4.66661421666,6.17255406828,6.023148980243683,270.8126186858037,5.967388615030237,3.112931645840553e-07,0.002605128009999902,0.21297672921000022,0.5082011712455747,26.51519560583094,0.2846290727289924
SQuADDS_fqOnly,19,chip_simple_dxm6p364_dy9p091__Lj12p0nH_Cj2p0fF__roL8p5mm__tee_fl160um_fc12_cg1p2um__rpg1p4um,4.74885472292,5.99133385186,5.729373200176239,217.19198862874947,5.68234360614363,1,chip_simple_dx7p273_dy1p818__Lj12p0nH_Cj2p0fF__roL8p5mm__tee_fl160um_fc12_cg1p2um__rpg1p4um,4.74884244552,6.18043323889,5.108353200099945,233.634889421262,5.957387601556484,6.683978484518545e-12,1.2277399999760519e-05,0.18909938702999973,0.6210200000762942,16.442900792512518,0.2750439954128545
SQuADDS_fqOnly,19,chip_simple_dxm6p364_dy9p091__Lj12p0nH_Cj2p0fF__roL8p5mm__tee_fl160um_fc12_cg1p2um__rpg1p4um,4.74885472292,5.99133385186,5.729373200176239,217.19198862874947,5.68234360614363,2,chip_simple_dxm8p182_dy2p727__Lj12p0nH_Cj2p0fF__roL8p5mm__tee_fl160um_fc12_cg1p2um__rpg1p4um,4.74905682439,6.19457611211,5.409443262643814,242.78883490510103,6.0021454172131445,1.8111781787802917e-09,0.0002021014700002155,0.2032422602499997,0.31992993753242516,25.596846276351556,0.31980181106951466
SQuADDS_fqOnly,19,chip_simple_dxm6p364_dy9p091__Lj12p0nH_Cj2p0fF__roL8p5mm__tee_fl160um_fc12_cg1p2um__rpg1p4um,4.74885472292,5.99133385186,5.729373200176239,217.19198862874947,5.68234360614363,3,chip_simple_dx5p455_dy8p182__Lj12p0nH_Cj2p0fF__roL8p5mm__tee_fl160um_fc12_cg1p2um__rpg1p4um,4.74855405086,6.03321750387,6.352321427940368,236.0766933371285,5.795288526783467,4.008744513105307e-09,0.00030067205999984026,0.041883652010000105,0.6229482277641294,18.88470470837902,0.11294492063983697
SQuADDS_fqOnly,19,chip_simple_dxm6p364_dy9p091__Lj12p0nH_Cj2p0fF__roL8p5mm__tee_fl160um_fc12_cg1p2um__rpg1p4um,4.74885472292,5.99133385186,5.729373200176239,217.19198862874947,5.68234360614363,4,chip_simple_dx8p182_dy2p727__Lj12p0nH_Cj2p0fF__roL8p5mm__tee_fl160um_fc12_cg1p2um__rpg1p4um,4.74852684297,6.13036381413,5.567534519544601,236.22808127869936,5.910382801372927,4.767074648737892e-09,0.00032787995000038705,0.13902996226999953,0.16183868063163764,19.036092649949893,0.2280391952292975
SQuADDS_fqOnly,19,chip_simple_dxm6p364_dy9p091__Lj12p0nH_Cj2p0fF__roL8p5mm__tee_fl160um_fc12_cg1p2um__rpg1p4um,4.74885472292,5.99133385186,5.729373200176239,217.19198862874947,5.68234360614363,5,chip_simple_dx7p273_dy5p455__Lj12p0nH_Cj2p0fF__roL8p5mm__tee_fl160um_fc12_cg1p2um__rpg1p4um,4.7485203046,6.15888690142,4.987842560365677,227.68960044213736,5.93785950448502,4.959094153883023e-09,0.0003344183199995854,0.1675530495599995,0.7415306398105619,10.497611813387891,0.25551589834139055
SQuADDS_fqOnly,19,chip_simple_dxm6p364_dy9p091__Lj12p0nH_Cj2p0fF__roL8p5mm__tee_fl160um_fc12_cg1p2um__rpg1p4um,4.74885472292,5.99133385186,5.729373200176239,217.19198862874947,5.68234360614363,6,chip_simple_dx8p182_dy3p636__Lj12p0nH_Cj2p0fF__roL8p5mm__tee_fl160um_fc12_cg1p2um__rpg1p4um,4.74833115983,6.10316137397,5.395294238792419,228.2050160306239,5.868324301832488,1.2155148715451522e-08,0.0005235630899997901,0.11182752210999958,0.33407896138381954,11.013027401874439,0.18598069568885833
SQuADDS_fqOnly,19,chip_simple_dxm6p364_dy9p091__Lj12p0nH_Cj2p0fF__roL8p5mm__tee_fl160um_fc12_cg1p2um__rpg1p4um,4.74885472292,5.99133385186,5.729373200176239,217.19198862874947,5.68234360614363,7,chip_simple_dx5p455_dym9p091__Lj12p0nH_Cj2p0fF__roL8p5mm__tee_fl160um_fc12_cg1p2um__rpg1p4um,4.74946000079,6.06973702281,5.756615043542862,230.21871320620863,5.823921246974269,1.624545290990013e-08,0.0006052778700000871,0.07840317094999971,0.02724184336662283,13.026724577459163,0.14157764083063906
SQuADDS_fqOnly,19,chip_simple_dxm6p364_dy9p091__Lj12p0nH_Cj2p0fF__roL8p5mm__tee_fl160um_fc12_cg1p2um__rpg1p4um,4.74885472292,5.99133385186,5.729373200176239,217.19198862874947,5.68234360614363,8,chip_simple_dx7p273_dy3p636__Lj12p0nH_Cj2p0fF__roL8p5mm__tee_fl160um_fc12_cg1p2um__rpg1p4um,4.74821889126,6.18095763125,5.310853707441329,238.5284024323724,5.986140819335255,1.792695507975809e-08,0.0006358316600003633,0.18962377938999975,0.4185194927349096,21.336413803622918,0.30379721319162556
SQuADDS_fqOnly,19,chip_simple_dxm6p364_dy9p091__Lj12p0nH_Cj2p0fF__roL8p5mm__tee_fl160um_fc12_cg1p2um__rpg1p4um,4.74885472292,5.99133385186,5.729373200176239,217.19198862874947,5.68234360614363,9,chip_simple_dx9p091_dym1p818__Lj12p0nH_Cj2p0fF__roL8p5mm__tee_fl160um_fc12_cg1p2um__rpg1p4um,4.74819591368,6.22592544422,5.092063777423858,240.3890325096089,6.030365991562808,1.924604937519011e-08,0.0006588092399999468,0.23459159235999927,0.6373094227523808,23.19704388085944,0.34802238541917774
SQuADDS_fqOnly,19,chip_simple_dxm6p364_dy9p091__Lj12p0nH_Cj2p0fF__roL8p5mm__tee_fl160um_fc12_cg1p2um__rpg1p4um,4.74885472292,5.99133385186,5.729373200176239,217.19198862874947,5.68234360614363,10,chip_simple_dx9p091_dy7p273__Lj12p0nH_Cj2p0fF__roL8p5mm__tee_fl160um_fc12_cg1p2um__rpg1p4um,4.74811539599,6.14296840617,5.273498021167755,231.89650692330616,5.867078405195409,2.4237916426257484e-08,0.000739326929999784,0.15163455430999928,0.4558751790084843,14.704518294556692,0.18473479905177914
SQuADDS_fqOnly,20,chip_simple_dxm5p455_dym10p000__Lj12p0nH_Cj2p0fF__roL8p5mm__tee_fl160um_fc12_cg1p2um__rpg1p4um,4.72643217895,6.07311770522,5.415196464242935,228.4549508946408,5.824557550812046,1,chip_simple_dx2p727_dy4p545__Lj12p0nH_Cj2p0fF__roL8p5mm__tee_fl160um_fc12_cg1p2um__rpg1p4um,4.72661637865,6.17653112846,5.815809796421051,253.68702655650372,5.959841194906359,1.5188363280193744e-09,0.000184199700000498,0.10341342324000014,0.400613332178116,25.232075661862922,0.13528364409431326
SQuADDS_fqOnly,20,chip_simple_dxm5p455_dym10p000__Lj12p0nH_Cj2p0fF__roL8p5mm__tee_fl160um_fc12_cg1p2um__rpg1p4um,4.72643217895,6.07311770522,5.415196464242935,228.4549508946408,5.824557550812046,2,chip_simple_dxm7p273_dym0p909__Lj12p0nH_Cj2p0fF__roL8p5mm__tee_fl160um_fc12_cg1p2um__rpg1p4um,4.72621293074,6.21473069466,5.538169261859894,253.698082410752,6.053599860673863,2.1518165915911113e-09,0.00021924820999963401,0.14161298944000045,0.122972797616959,25.24313151611119,0.22904230986181684
SQuADDS_fqOnly,20,chip_simple_dxm5p455_dym10p000__Lj12p0nH_Cj2p0fF__roL8p5mm__tee_fl160um_fc12_cg1p2um__rpg1p4um,4.72643217895,6.07311770522,5.415196464242935,228.4549508946408,5.824557550812046,3,chip_simple_dx0p000_dym10p000__Lj12p0nH_Cj2p0fF__roL8p5mm__tee_fl160um_fc12_cg1p2um__rpg1p4um,4.72617335759,6.18783165048,5.473578181682586,247.93824058661983,5.979999407972001,2.99870241169069e-09,0.00025882136000010547,0.11471394526000012,0.05838171743965148,19.483289691979024,0.15544185715995518
SQuADDS_fqOnly,20,chip_simple_dxm5p455_dym10p000__Lj12p0nH_Cj2p0fF__roL8p5mm__tee_fl160um_fc12_cg1p2um__rpg1p4um,4.72643217895,6.07311770522,5.415196464242935,228.4549508946408,5.824557550812046,4,chip_simple_dx5p455_dym2p727__Lj12p0nH_Cj2p0fF__roL8p5mm__tee_fl160um_fc12_cg1p2um__rpg1p4um,4.72671328787,6.1181183266,5.450069299165725,236.2126742133905,5.905966219312021,3.5373855088239415e-09,0.00028110892000032806,0.045000621380000716,0.034872834922790474,7.757723318749697,0.08140866849997508
SQuADDS_fqOnly,20,chip_simple_dxm5p455_dym10p000__Lj12p0nH_Cj2p0fF__roL8p5mm__tee_fl160um_fc12_cg1p2um__rpg1p4um,4.72643217895,6.07311770522,5.415196464242935,228.4549508946408,5.824557550812046,5,chip_simple_dx10p000_dym6p364__Lj12p0nH_Cj2p0fF__roL8p5mm__tee_fl160um_fc12_cg1p2um__rpg1p4um,4.72676334755,6.12769509524,5.428620394487381,237.2099123366833,5.930169327664392,4.909434196218866e-09,0.0003311686000007086,0.054577390020000394,0.013423930244446325,8.754961442042486,0.10561177685234568
SQuADDS_fqOnly,20,chip_simple_dxm5p455_dym10p000__Lj12p0nH_Cj2p0fF__roL8p5mm__tee_fl160um_fc12_cg1p2um__rpg1p4um,4.72643217895,6.07311770522,5.415196464242935,228.4549508946408,5.824557550812046,6,chip_simple_dx2p727_dy8p182__Lj12p0nH_Cj2p0fF__roL8p5mm__tee_fl160um_fc12_cg1p2um__rpg1p4um,4.72577115301,6.11702248151,5.67343218500328,241.13444090201696,5.90532555190526,1.956005825691097e-08,0.0006610259399995044,0.04390477629000067,0.2582357207603456,12.67949000737616,0.08076800109321347
SQuADDS_fqOnly,20,chip_simple_dxm5p455_dym10p000__Lj12p0nH_Cj2p0fF__roL8p5mm__tee_fl160um_fc12_cg1p2um__rpg1p4um,4.72643217895,6.07311770522,5.415196464242935,228.4549508946408,5.824557550812046,7,chip_simple_dxm3p636_dym10p000__Lj12p0nH_Cj2p0fF__roL8p5mm__tee_fl160um_fc12_cg1p2um__rpg1p4um,4.72557516817,6.0961813609,5.652686272777557,237.36475682712327,5.807200983518184,3.287802403860656e-08,0.0008570107799998894,0.023063655680000572,0.23748980853462243,8.90980593248247,0.017356567293862035
SQuADDS_fqOnly,20,chip_simple_dxm5p455_dym10p000__Lj12p0nH_Cj2p0fF__roL8p5mm__tee_fl160um_fc12_cg1p2um__rpg1p4um,4.72643217895,6.07311770522,5.415196464242935,228.4549508946408,5.824557550812046,8,chip_simple_dx4p545_dym0p909__Lj12p0nH_Cj2p0fF__roL8p5mm__tee_fl160um_fc12_cg1p2um__rpg1p4um,4.7255365678,6.0505170878,6.107614511497498,239.2497887649095,5.805207767962136,3.5906421324309476e-08,0.0008956111499998087,0.022600617419999303,0.6924180472545629,10.794837870268708,0.01934978284991029
SQuADDS_fqOnly,20,chip_simple_dxm5p455_dym10p000__Lj12p0nH_Cj2p0fF__roL8p5mm__tee_fl160um_fc12_cg1p2um__rpg1p4um,4.72643217895,6.07311770522,5.415196464242935,228.4549508946408,5.824557550812046,9,chip_simple_dxm10p000_dym4p545__Lj12p0nH_Cj2p0fF__roL8p5mm__tee_fl160um_fc12_cg1p2um__rpg1p4um,4.72747685651,6.02391173404,6.181771411222457,235.80879165767425,5.79330242515557,4.885372362107278e-08,0.0010446775600003733,0.04920597117999925,0.7665749469795227,7.353840763033446,0.031255125656476146
SQuADDS_fqOnly,20,chip_simple_dxm5p455_dym10p000__Lj12p0nH_Cj2p0fF__roL8p5mm__tee_fl160um_fc12_cg1p2um__rpg1p4um,4.72643217895,6.07311770522,5.415196464242935,228.4549508946408,5.824557550812046,10,chip_simple_dxm9p091_dy10p000__Lj12p0nH_Cj2p0fF__roL8p5mm__tee_fl160um_fc12_cg1p2um__rpg1p4um,4.7252089608,6.13650588385,5.541704983503341,241.53134360669733,5.967068128664825,6.697935669847082e-08,0.0012232181499998163,0.06338817863000035,0.12650851926040652,13.076392712056531,0.14251057785277865
SQuADDS_fqOnly,21,chip_simple_dxm5p455_dym7p273__Lj12p0nH_Cj2p0fF__roL8p5mm__tee_fl160um_fc12_cg1p2um__rpg1p4um,4.76562279632,6.24196953139,5.150254447881698,240.7444948936074,5.998838755030702,1,chip_simple_dxm4p545_dym10p000__Lj12p0nH_Cj2p0fF__roL8p5mm__tee_fl160um_fc12_cg1p2um__rpg1p4um,4.76556599406,6.03553476768,6.061428066526413,227.34392053119063,5.756743616673724,1.4206657214309883e-10,5.680225999959987e-05,0.2064347637099999,0.9111736186447148,13.400574362416762,0.24209513835697827
SQuADDS_fqOnly,21,chip_simple_dxm5p455_dym7p273__Lj12p0nH_Cj2p0fF__roL8p5mm__tee_fl160um_fc12_cg1p2um__rpg1p4um,4.76562279632,6.24196953139,5.150254447881698,240.7444948936074,5.998838755030702,2,chip_simple_dx1p818_dym8p182__Lj12p0nH_Cj2p0fF__roL8p5mm__tee_fl160um_fc12_cg1p2um__rpg1p4um,4.76522191074,6.12811728518,5.259760892496109,225.8993683259156,5.912892771819234,7.076223484197652e-09,0.00040088557999951036,0.11385224620999956,0.10950644461441073,14.845126567691807,0.0859459832114684
SQuADDS_fqOnly,21,chip_simple_dxm5p455_dym7p273__Lj12p0nH_Cj2p0fF__roL8p5mm__tee_fl160um_fc12_cg1p2um__rpg1p4um,4.76562279632,6.24196953139,5.150254447881698,240.7444948936074,5.998838755030702,3,chip_simple_dx2p727_dym8p182__Lj12p0nH_Cj2p0fF__roL8p5mm__tee_fl160um_fc12_cg1p2um__rpg1p4um,4.76605487334,6.062936783,5.504983878475189,220.70248592051564,5.824211585305177,8.22021182438649e-09,0.00043207702000014336,0.17903274839000005,0.3547294305934905,20.042008973091754,0.17462716972552528
SQuADDS_fqOnly,21,chip_simple_dxm5p455_dym7p273__Lj12p0nH_Cj2p0fF__roL8p5mm__tee_fl160um_fc12_cg1p2um__rpg1p4um,4.76562279632,6.24196953139,5.150254447881698,240.7444948936074,5.998838755030702,4,chip_simple_dx2p727_dy0p000__Lj12p0nH_Cj2p0fF__roL8p5mm__tee_fl160um_fc12_cg1p2um__rpg1p4um,4.76620966397,6.02515822259,6.254953544332504,229.04963471324572,5.809278275147736,1.5164951017889906e-08,0.0005868676500000447,0.21681130879999966,1.1046990964508057,11.694860180361673,0.18956047988296643
SQuADDS_fqOnly,21,chip_simple_dxm5p455_dym7p273__Lj12p0nH_Cj2p0fF__roL8p5mm__tee_fl160um_fc12_cg1p2um__rpg1p4um,4.76562279632,6.24196953139,5.150254447881698,240.7444948936074,5.998838755030702,5,chip_simple_dx8p182_dy1p818__Lj12p0nH_Cj2p0fF__roL8p5mm__tee_fl160um_fc12_cg1p2um__rpg1p4um,4.76499564866,6.18000898709,5.146479495965957,231.2755724396456,5.98978167470485,1.7318101603554808e-08,0.0006271476599994941,0.061960544299999754,0.003774951915740843,9.468922453961795,0.009057080325852063
SQuADDS_fqOnly,21,chip_simple_dxm5p455_dym7p273__Lj12p0nH_Cj2p0fF__roL8p5mm__tee_fl160um_fc12_cg1p2um__rpg1p4um,4.76562279632,6.24196953139,5.150254447881698,240.7444948936074,5.998838755030702,6,chip_simple_dx6p364_dy10p000__Lj12p0nH_Cj2p0fF__roL8p5mm__tee_fl160um_fc12_cg1p2um__rpg1p4um,4.76637826198,6.09129636663,5.637318817792893,227.8240871059492,5.906826600514835,2.5129863355138313e-08,0.0007554656600001763,0.1506731647599997,0.4870643699111943,12.920407787658206,0.0920121545158672
SQuADDS_fqOnly,21,chip_simple_dxm5p455_dym7p273__Lj12p0nH_Cj2p0fF__roL8p5mm__tee_fl160um_fc12_cg1p2um__rpg1p4um,4.76562279632,6.24196953139,5.150254447881698,240.7444948936074,5.998838755030702,7,chip_simple_dx6p364_dy3p636__Lj12p0nH_Cj2p0fF__roL8p5mm__tee_fl160um_fc12_cg1p2um__rpg1p4um,4.76479980051,6.19036006749,5.123603576623917,232.41981382677187,5.974646433325719,2.982331524616595e-08,0.0008229958100001156,0.05160946389999932,0.02665087125778154,8.324681066835524,0.024192321704982866
SQuADDS_fqOnly,21,chip_simple_dxm5p455_dym7p273__Lj12p0nH_Cj2p0fF__roL8p5mm__tee_fl160um_fc12_cg1p2um__rpg1p4um,4.76562279632,6.24196953139,5.150254447881698,240.7444948936074,5.998838755030702,8,chip_simple_dx10p000_dy1p818__Lj12p0nH_Cj2p0fF__roL8p5mm__tee_fl160um_fc12_cg1p2um__rpg1p4um,4.76477303538,6.13057821814,5.073033471744537,222.2726228692767,5.928541359590122,3.1794661078603356e-08,0.0008497609399995554,0.11139131324999951,0.07722097613716095,18.471872024330708,0.07029739544057989
SQuADDS_fqOnly,21,chip_simple_dxm5p455_dym7p273__Lj12p0nH_Cj2p0fF__roL8p5mm__tee_fl160um_fc12_cg1p2um__rpg1p4um,4.76562279632,6.24196953139,5.150254447881698,240.7444948936074,5.998838755030702,9,chip_simple_dx0p909_dy4p545__Lj12p0nH_Cj2p0fF__roL8p5mm__tee_fl160um_fc12_cg1p2um__rpg1p4um,4.76476123819,6.01779585812,5.4063290720748896,211.87633532782385,5.7317404606293385,3.268359654703901e-08,0.0008615581299995512,0.22417367326999926,0.25607462419319127,28.868159565783543,0.26709829440136357
SQuADDS_fqOnly,21,chip_simple_dxm5p455_dym7p273__Lj12p0nH_Cj2p0fF__roL8p5mm__tee_fl160um_fc12_cg1p2um__rpg1p4um,4.76562279632,6.24196953139,5.150254447881698,240.7444948936074,5.998838755030702,10,chip_simple_dx6p364_dym0p909__Lj12p0nH_Cj2p0fF__roL8p5mm__tee_fl160um_fc12_cg1p2um__rpg1p4um,4.76652297608,6.20853511611,5.17837090148735,236.1278148828435,6.028991125188209,3.567953277566503e-08,0.0009001797600003414,0.03343441527999946,0.028116453605651515,4.6166800107639006,0.030152370157506603
SQuADDS_fqOnly,22,chip_simple_dxm4p545_dym7p273__Lj12p0nH_Cj2p0fF__roL8p5mm__tee_fl160um_fc12_cg1p2um__rpg1p4um,4.7097511353,6.08178183472,5.842490033834457,242.45745720345244,5.865981699209207,1,chip_simple_dx4p545_dym7p273__Lj12p0nH_Cj2p0fF__roL8p5mm__tee_fl160um_fc12_cg1p2um__rpg1p4um,4.70975884229,6.16440380235,5.946511625797272,258.2466833663227,5.972072223380172,2.677772468137268e-12,7.706989999967107e-06,0.08262196762999974,0.10402159196281513,15.789226162870278,0.10609052417096532
SQuADDS_fqOnly,22,chip_simple_dxm4p545_dym7p273__Lj12p0nH_Cj2p0fF__roL8p5mm__tee_fl160um_fc12_cg1p2um__rpg1p4um,4.7097511353,6.08178183472,5.842490033834457,242.45745720345244,5.865981699209207,2,chip_simple_dxm8p182_dym5p455__Lj12p0nH_Cj2p0fF__roL8p5mm__tee_fl160um_fc12_cg1p2um__rpg1p4um,4.70967380269,5.81364142773,6.688367028955459,212.3696285393372,5.494419665893739,2.696059155589925e-10,7.73326100000915e-05,0.26814040698999975,0.8458769951210021,30.08782866411522,0.37156203331546767
SQuADDS_fqOnly,22,chip_simple_dxm4p545_dym7p273__Lj12p0nH_Cj2p0fF__roL8p5mm__tee_fl160um_fc12_cg1p2um__rpg1p4um,4.7097511353,6.08178183472,5.842490033834457,242.45745720345244,5.865981699209207,3,chip_simple_dx5p455_dym5p455__Lj12p0nH_Cj2p0fF__roL8p5mm__tee_fl160um_fc12_cg1p2um__rpg1p4um,4.709863899,5.99683327993,5.929605029994964,230.04974901021689,5.782561504070822,5.732482215228176e-10,0.00011276369999979607,0.08494855479000041,0.08711499616050755,12.40770819323555,0.08342019513838483
SQuADDS_fqOnly,22,chip_simple_dxm4p545_dym7p273__Lj12p0nH_Cj2p0fF__roL8p5mm__tee_fl160um_fc12_cg1p2um__rpg1p4um,4.7097511353,6.08178183472,5.842490033834457,242.45745720345244,5.865981699209207,4,chip_simple_dxm4p545_dy6p364__Lj12p0nH_Cj2p0fF__roL8p5mm__tee_fl160um_fc12_cg1p2um__rpg1p4um,4.70948631508,6.14137986712,5.8266296945228575,251.89687397293608,5.901594385955966,3.1615959390593013e-09,0.00026482021999996164,0.05959803240000028,0.015860339311599247,9.439416769483643,0.03561268674675944
SQuADDS_fqOnly,22,chip_simple_dxm4p545_dym7p273__Lj12p0nH_Cj2p0fF__roL8p5mm__tee_fl160um_fc12_cg1p2um__rpg1p4um,4.7097511353,6.08178183472,5.842490033834457,242.45745720345244,5.865981699209207,5,chip_simple_dxm2p727_dy0p000__Lj12p0nH_Cj2p0fF__roL8p5mm__tee_fl160um_fc12_cg1p2um__rpg1p4um,4.70946736854,6.17220265584,5.747707520002365,255.1766850154424,5.971067509373771,3.6301713428357102e-09,0.0002837667599999705,0.0904208211199995,0.09478251383209191,12.719227811989953,0.10508581016456464
SQuADDS_fqOnly,22,chip_simple_dxm4p545_dym7p273__Lj12p0nH_Cj2p0fF__roL8p5mm__tee_fl160um_fc12_cg1p2um__rpg1p4um,4.7097511353,6.08178183472,5.842490033834457,242.45745720345244,5.865981699209207,6,chip_simple_dx0p909_dym4p545__Lj12p0nH_Cj2p0fF__roL8p5mm__tee_fl160um_fc12_cg1p2um__rpg1p4um,4.70922868384,6.20956317751,5.678390382087708,259.6697894944625,6.020366326771191,1.2305406797062729e-08,0.0005224514600001839,0.12778134278999964,0.16409965174674834,17.212332291010085,0.154384627561984
SQuADDS_fqOnly,22,chip_simple_dxm4p545_dym7p273__Lj12p0nH_Cj2p0fF__roL8p5mm__tee_fl160um_fc12_cg1p2um__rpg1p4um,4.7097511353,6.08178183472,5.842490033834457,242.45745720345244,5.865981699209207,7,chip_simple_dx9p091_dy9p091__Lj12p0nH_Cj2p0fF__roL8p5mm__tee_fl160um_fc12_cg1p2um__rpg1p4um,4.71043253304,6.00858502332,6.520098717010498,243.3943878228609,5.702711731566599,2.0931746123881944e-08,0.0006813977399993121,0.0731968113999999,0.6776086831760413,0.9369306194084572,0.16326996764260748
SQuADDS_fqOnly,22,chip_simple_dxm4p545_dym7p273__Lj12p0nH_Cj2p0fF__roL8p5mm__tee_fl160um_fc12_cg1p2um__rpg1p4um,4.7097511353,6.08178183472,5.842490033834457,242.45745720345244,5.865981699209207,8,chip_simple_dx3p636_dy0p000__Lj12p0nH_Cj2p0fF__roL8p5mm__tee_fl160um_fc12_cg1p2um__rpg1p4um,4.70882035794,5.9422654803,6.4021899407176965,229.9937839696689,5.689626408771035,3.905671414840826e-08,0.0009307773600006897,0.13951635442000043,0.5596999068832398,12.463673233783538,0.17635529043817133
SQuADDS_fqOnly,22,chip_simple_dxm4p545_dym7p273__Lj12p0nH_Cj2p0fF__roL8p5mm__tee_fl160um_fc12_cg1p2um__rpg1p4um,4.7097511353,6.08178183472,5.842490033834457,242.45745720345244,5.865981699209207,9,chip_simple_dxm10p000_dym8p182__Lj12p0nH_Cj2p0fF__roL8p5mm__tee_fl160um_fc12_cg1p2um__rpg1p4um,4.70878498903,6.10283717632,5.43583358929634,237.26809301618,5.8968743535962265,4.208136746633324e-08,0.0009661462700005785,0.021055341599999444,0.40665644453811645,5.189364187272446,0.030892654387019824
SQuADDS_fqOnly,22,chip_simple_dxm4p545_dym7p273__Lj12p0nH_Cj2p0fF__roL8p5mm__tee_fl160um_fc12_cg1p2um__rpg1p4um,4.7097511353,6.08178183472,5.842490033834457,242.45745720345244,5.865981699209207,10,chip_simple_dxm9p091_dym0p909__Lj12p0nH_Cj2p0fF__roL8p5mm__tee_fl160um_fc12_cg1p2um__rpg1p4um,4.70861223691,5.97190035235,5.828280176078796,224.2856497209385,5.726841959580289,5.847551280373514e-08,0.0011388983900006977,0.1098814823700005,0.014209857755660416,18.17180748251394,0.13913973962891735
SQuADDS_fqOnly,23,chip_simple_dxm4p545_dym1p818__Lj12p0nH_Cj2p0fF__roL8p5mm__tee_fl160um_fc12_cg1p2um__rpg1p4um,4.74292533778,5.97835964817,6.083748388401031,222.98783488414,5.742140076411933,1,chip_simple_dx0p000_dym6p364__Lj12p0nH_Cj2p0fF__roL8p5mm__tee_fl160um_fc12_cg1p2um__rpg1p4um,4.74288579894,6.03308089793,5.782055475780487,226.2307596859305,5.794067523813237,6.949527394427828e-11,3.953884000029717e-05,0.054721249760000035,0.30169291262054454,3.242924801790508,0.051927447401304505
SQuADDS_fqOnly,23,chip_simple_dxm4p545_dym1p818__Lj12p0nH_Cj2p0fF__roL8p5mm__tee_fl160um_fc12_cg1p2um__rpg1p4um,4.74292533778,5.97835964817,6.083748388401031,222.98783488414,5.742140076411933,2,chip_simple_dx2p727_dy0p909__Lj12p0nH_Cj2p0fF__roL8p5mm__tee_fl160um_fc12_cg1p2um__rpg1p4um,4.74298606075,6.14557563555,5.577913346075058,240.00739016593903,5.859609361630187,1.6391301314248662e-10,6.0722969999815746e-05,0.16721598738000054,0.5058350423259732,17.01955528179903,0.11746928521825417
SQuADDS_fqOnly,23,chip_simple_dxm4p545_dym1p818__Lj12p0nH_Cj2p0fF__roL8p5mm__tee_fl160um_fc12_cg1p2um__rpg1p4um,4.74292533778,5.97835964817,6.083748388401031,222.98783488414,5.742140076411933,3,chip_simple_dx9p091_dym4p545__Lj12p0nH_Cj2p0fF__roL8p5mm__tee_fl160um_fc12_cg1p2um__rpg1p4um,4.74298968952,6.21595359683,5.546431172784805,250.5823135991841,6.029204485292758,1.8408907361020246e-10,6.435173999985722e-05,0.23759394866000072,0.537317215616226,27.59447871504409,0.2870644088808252
SQuADDS_fqOnly,23,chip_simple_dxm4p545_dym1p818__Lj12p0nH_Cj2p0fF__roL8p5mm__tee_fl160um_fc12_cg1p2um__rpg1p4um,4.74292533778,5.97835964817,6.083748388401031,222.98783488414,5.742140076411933,4,chip_simple_dx0p909_dym3p636__Lj12p0nH_Cj2p0fF__roL8p5mm__tee_fl160um_fc12_cg1p2um__rpg1p4um,4.74299007193,5.97185553704,5.585872956563949,212.43614000136665,5.67605929438614,1.8628347180997962e-10,6.473415000041172e-05,0.006504111129999934,0.49787543183708216,10.551694882773347,0.06608078202579293
SQuADDS_fqOnly,23,chip_simple_dxm4p545_dym1p818__Lj12p0nH_Cj2p0fF__roL8p5mm__tee_fl160um_fc12_cg1p2um__rpg1p4um,4.74292533778,5.97835964817,6.083748388401031,222.98783488414,5.742140076411933,5,chip_simple_dxm5p455_dy1p818__Lj12p0nH_Cj2p0fF__roL8p5mm__tee_fl160um_fc12_cg1p2um__rpg1p4um,4.7432212798,6.12396808672,5.238211283826828,229.0696122487726,5.878910838755778,3.893325295096703e-09,0.0002959420200001617,0.14560843855000005,0.8455371045742028,6.081777364632586,0.13677076234384522
SQuADDS_fqOnly,23,chip_simple_dxm4p545_dym1p818__Lj12p0nH_Cj2p0fF__roL8p5mm__tee_fl160um_fc12_cg1p2um__rpg1p4um,4.74292533778,5.97835964817,6.083748388401031,222.98783488414,5.742140076411933,6,chip_simple_dxm0p909_dym10p000__Lj12p0nH_Cj2p0fF__roL8p5mm__tee_fl160um_fc12_cg1p2um__rpg1p4um,4.743277674,6.16560338881,5.249255211336136,235.8522265924433,5.937221698084575,5.518512177677314e-09,0.0003523362199997493,0.1872437406400005,0.8344931770648953,12.864391708303287,0.1950816216726423
SQuADDS_fqOnly,23,chip_simple_dxm4p545_dym1p818__Lj12p0nH_Cj2p0fF__roL8p5mm__tee_fl160um_fc12_cg1p2um__rpg1p4um,4.74292533778,5.97835964817,6.083748388401031,222.98783488414,5.742140076411933,7,chip_simple_dxm3p636_dym4p545__Lj12p0nH_Cj2p0fF__roL8p5mm__tee_fl160um_fc12_cg1p2um__rpg1p4um,4.74235488793,6.04534109441,5.723736058847427,227.1294815057925,5.7373862078713325,1.446579693279405e-08,0.0005704498499996546,0.06698144624000069,0.3600123295536042,4.141646621652512,0.004753868540600337
SQuADDS_fqOnly,23,chip_simple_dxm4p545_dym1p818__Lj12p0nH_Cj2p0fF__roL8p5mm__tee_fl160um_fc12_cg1p2um__rpg1p4um,4.74292533778,5.97835964817,6.083748388401031,222.98783488414,5.742140076411933,8,chip_simple_dxm6p364_dy4p545__Lj12p0nH_Cj2p0fF__roL8p5mm__tee_fl160um_fc12_cg1p2um__rpg1p4um,4.74352808595,6.2301695732,5.073797546504975,241.488305000106,5.998964352979843,1.6150249081302026e-08,0.0006027481700003889,0.25180992503000077,1.0099508418960559,18.50047011596601,0.25682427656790985
SQuADDS_fqOnly,23,chip_simple_dxm4p545_dym1p818__Lj12p0nH_Cj2p0fF__roL8p5mm__tee_fl160um_fc12_cg1p2um__rpg1p4um,4.74292533778,5.97835964817,6.083748388401031,222.98783488414,5.742140076411933,9,chip_simple_dxm6p364_dy7p273__Lj12p0nH_Cj2p0fF__roL8p5mm__tee_fl160um_fc12_cg1p2um__rpg1p4um,4.74220530909,5.96110218154,6.471195480819702,227.23819529883824,5.728633425549979,2.304660862708928e-08,0.0007200286899999853,0.017257466629999385,0.3874470924186708,4.2503604146982354,0.013506650861954128
SQuADDS_fqOnly,23,chip_simple_dxm4p545_dym1p818__Lj12p0nH_Cj2p0fF__roL8p5mm__tee_fl160um_fc12_cg1p2um__rpg1p4um,4.74292533778,5.97835964817,6.083748388401031,222.98783488414,5.742140076411933,10,chip_simple_dx2p727_dy5p455__Lj12p0nH_Cj2p0fF__roL8p5mm__tee_fl160um_fc12_cg1p2um__rpg1p4um,4.74208651799,6.09436211613,5.726268231283187,235.1566146380877,5.880473450765719,3.12784166112656e-08,0.0008388197900002226,0.11600246796000047,0.35748015711784387,12.168779753947689,0.13833337435378645
SQuADDS_fqOnly,24,chip_simple_dxm4p545_dym0p909__Lj12p0nH_Cj2p0fF__roL8p5mm__tee_fl160um_fc12_cg1p2um__rpg1p4um,4.69458502276,6.15728792637,5.449536513744354,249.05568225684863,5.917296642686106,1,chip_simple_dx10p000_dym1p818__Lj12p0nH_Cj2p0fF__roL8p5mm__tee_fl160um_fc12_cg1p2um__rpg1p4um,4.69464793401,6.11019400861,6.101083616342544,255.8484712973412,5.818187065933997,1.795817547899873e-10,6.291124999968645e-05,0.047093917760000714,0.6515471025981903,6.792789040492579,0.09910957675210863
SQuADDS_fqOnly,24,chip_simple_dxm4p545_dym0p909__Lj12p0nH_Cj2p0fF__roL8p5mm__tee_fl160um_fc12_cg1p2um__rpg1p4um,4.69458502276,6.15728792637,5.449536513744354,249.05568225684863,5.917296642686106,2,chip_simple_dx8p182_dy5p455__Lj12p0nH_Cj2p0fF__roL8p5mm__tee_fl160um_fc12_cg1p2um__rpg1p4um,4.69475515897,6.18930512161,5.745368988786697,261.0935447038348,5.922836316982369,1.3134062858163776e-09,0.00017013620999950518,0.03201719523999991,0.2958324750423431,12.037862446986196,0.0055396742962630086
SQuADDS_fqOnly,24,chip_simple_dxm4p545_dym0p909__Lj12p0nH_Cj2p0fF__roL8p5mm__tee_fl160um_fc12_cg1p2um__rpg1p4um,4.69458502276,6.15728792637,5.449536513744354,249.05568225684863,5.917296642686106,3,chip_simple_dx10p000_dy4p545__Lj12p0nH_Cj2p0fF__roL8p5mm__tee_fl160um_fc12_cg1p2um__rpg1p4um,4.69438852903,6.23711654308,5.793405339859008,270.04668404490945,6.066853802259337,1.75187443851627e-09,0.00019649372999985815,0.07982861670999952,0.3438688261146545,20.991001788060828,0.14955715957323168
SQuADDS_fqOnly,24,chip_simple_dxm4p545_dym0p909__Lj12p0nH_Cj2p0fF__roL8p5mm__tee_fl160um_fc12_cg1p2um__rpg1p4um,4.69458502276,6.15728792637,5.449536513744354,249.05568225684863,5.917296642686106,4,chip_simple_dx8p182_dy10p000__Lj12p0nH_Cj2p0fF__roL8p5mm__tee_fl160um_fc12_cg1p2um__rpg1p4um,4.69432691439,6.09749818315,5.921394772914886,249.9961335217051,5.89790265333111,3.022802401434884e-09,0.0002581083699997322,0.059789743220000524,0.47185825917053226,0.9404512648564776,0.019393989354995256
SQuADDS_fqOnly,24,chip_simple_dxm4p545_dym0p909__Lj12p0nH_Cj2p0fF__roL8p5mm__tee_fl160um_fc12_cg1p2um__rpg1p4um,4.69458502276,6.15728792637,5.449536513744354,249.05568225684863,5.917296642686106,5,chip_simple_dxm6p364_dym6p364__Lj12p0nH_Cj2p0fF__roL8p5mm__tee_fl160um_fc12_cg1p2um__rpg1p4um,4.694303295,5.73292356703,7.78119146445465,217.5136410235189,5.349158182110234,3.6013461523788314e-09,0.00028172776000001676,0.42436435934000016,2.3316549507102957,31.54204123332974,0.5681384605758719
SQuADDS_fqOnly,24,chip_simple_dxm4p545_dym0p909__Lj12p0nH_Cj2p0fF__roL8p5mm__tee_fl160um_fc12_cg1p2um__rpg1p4um,4.69458502276,6.15728792637,5.449536513744354,249.05568225684863,5.917296642686106,6,chip_simple_dx1p818_dy9p091__Lj12p0nH_Cj2p0fF__roL8p5mm__tee_fl160um_fc12_cg1p2um__rpg1p4um,4.69496856783,6.12283227216,5.541488399610519,245.5961565570783,5.835966686470624,6.674802067675448e-09,0.00038354507000004645,0.0344556542100003,0.0919518858661652,3.4595256997703245,0.08132995621548123
SQuADDS_fqOnly,24,chip_simple_dxm4p545_dym0p909__Lj12p0nH_Cj2p0fF__roL8p5mm__tee_fl160um_fc12_cg1p2um__rpg1p4um,4.69458502276,6.15728792637,5.449536513744354,249.05568225684863,5.917296642686106,7,chip_simple_dx8p182_dy0p000__Lj12p0nH_Cj2p0fF__roL8p5mm__tee_fl160um_fc12_cg1p2um__rpg1p4um,4.69396142723,6.02675894613,5.976145094621658,239.3240589141231,5.749179643443574,1.764458991210667e-08,0.0006235955300004647,0.13052898024000026,0.526608580877304,9.731623342725527,0.16811699924253176
SQuADDS_fqOnly,24,chip_simple_dxm4p545_dym0p909__Lj12p0nH_Cj2p0fF__roL8p5mm__tee_fl160um_fc12_cg1p2um__rpg1p4um,4.69458502276,6.15728792637,5.449536513744354,249.05568225684863,5.917296642686106,8,chip_simple_dxm6p364_dy2p727__Lj12p0nH_Cj2p0fF__roL8p5mm__tee_fl160um_fc12_cg1p2um__rpg1p4um,4.69381999507,6.14208387603,5.425729793823242,246.2806752541244,5.919433779171552,2.6555830713212917e-08,0.0007650276899999753,0.015204050340000386,0.023806719921111608,2.7750070027242373,0.0021371364854463337
SQuADDS_fqOnly,24,chip_simple_dxm4p545_dym0p909__Lj12p0nH_Cj2p0fF__roL8p5mm__tee_fl160um_fc12_cg1p2um__rpg1p4um,4.69458502276,6.15728792637,5.449536513744354,249.05568225684863,5.917296642686106,9,chip_simple_dxm0p909_dy9p091__Lj12p0nH_Cj2p0fF__roL8p5mm__tee_fl160um_fc12_cg1p2um__rpg1p4um,4.69371229441,6.15775711443,5.5688977525024415,252.0576475169164,5.970794629409332,3.455920553539119e-08,0.0008727283500000738,0.0004691880599994036,0.11936123875808757,3.0019652600677773,0.05349798672322681
SQuADDS_fqOnly,24,chip_simple_dxm4p545_dym0p909__Lj12p0nH_Cj2p0fF__roL8p5mm__tee_fl160um_fc12_cg1p2um__rpg1p4um,4.69458502276,6.15728792637,5.449536513744354,249.05568225684863,5.917296642686106,10,chip_simple_dx6p364_dy9p091__Lj12p0nH_Cj2p0fF__roL8p5mm__tee_fl160um_fc12_cg1p2um__rpg1p4um,4.69570573869,6.09933720693,6.023506759710312,252.1584106638029,5.887771375415434,5.698973957652006e-08,0.0011207159299999603,0.05795071944000085,0.5739702459659579,3.10272840695427,0.02952526727067184
SQuADDS_fqOnly,25,chip_simple_dxm4p545_dy10p000__Lj12p0nH_Cj2p0fF__roL8p5mm__tee_fl160um_fc12_cg1p2um__rpg1p4um,4.70035054504,5.95896819038,5.994867300113678,227.0458030761218,5.61260875016549,1,chip_simple_dx4p545_dy8p182__Lj12p0nH_Cj2p0fF__roL8p5mm__tee_fl160um_fc12_cg1p2um__rpg1p4um,4.70036060337,6.01714554975,6.5398732121944425,247.5618554633448,5.735240697540928,4.579217416929806e-12,1.0058330000006777e-05,0.058177359370000126,0.5450059120807644,20.516052387223,0.12263194737543781
SQuADDS_fqOnly,25,chip_simple_dxm4p545_dy10p000__Lj12p0nH_Cj2p0fF__roL8p5mm__tee_fl160um_fc12_cg1p2um__rpg1p4um,4.70035054504,5.95896819038,5.994867300113678,227.0458030761218,5.61260875016549,2,chip_simple_dx1p818_dym3p636__Lj12p0nH_Cj2p0fF__roL8p5mm__tee_fl160um_fc12_cg1p2um__rpg1p4um,4.7002658343,6.11919403433,5.529006472345352,243.631041324958,5.866922254374302,3.2480032477852317e-10,8.471074000038215e-05,0.16022584395000017,0.46586082776832605,16.58523824883619,0.2543135042088114
SQuADDS_fqOnly,25,chip_simple_dxm4p545_dy10p000__Lj12p0nH_Cj2p0fF__roL8p5mm__tee_fl160um_fc12_cg1p2um__rpg1p4um,4.70035054504,5.95896819038,5.994867300113678,227.0458030761218,5.61260875016549,3,chip_simple_dxm9p091_dy4p545__Lj12p0nH_Cj2p0fF__roL8p5mm__tee_fl160um_fc12_cg1p2um__rpg1p4um,4.70020646758,6.16959521458,5.58720127576828,253.10207266424865,5.941758744245985,9.395752986887034e-10,0.00014407745999989174,0.2106270241999999,0.40766602434539845,26.05626958812684,0.3291499940804945
SQuADDS_fqOnly,25,chip_simple_dxm4p545_dy10p000__Lj12p0nH_Cj2p0fF__roL8p5mm__tee_fl160um_fc12_cg1p2um__rpg1p4um,4.70035054504,5.95896819038,5.994867300113678,227.0458030761218,5.61260875016549,4,chip_simple_dx0p909_dym8p182__Lj12p0nH_Cj2p0fF__roL8p5mm__tee_fl160um_fc12_cg1p2um__rpg1p4um,4.70055739372,6.00934439173,5.9578544504756925,234.711210840026,5.695445771960415,1.9366226694860565e-09,0.00020684867999953838,0.05037620134999976,0.03701284963798557,7.665407763904199,0.08283702179492458
SQuADDS_fqOnly,25,chip_simple_dxm4p545_dy10p000__Lj12p0nH_Cj2p0fF__roL8p5mm__tee_fl160um_fc12_cg1p2um__rpg1p4um,4.70035054504,5.95896819038,5.994867300113678,227.0458030761218,5.61260875016549,5,chip_simple_dxm6p364_dy10p000__Lj12p0nH_Cj2p0fF__roL8p5mm__tee_fl160um_fc12_cg1p2um__rpg1p4um,4.70012816843,6.17641107636,5.466408747419357,251.32112428887777,5.929765561427265,2.238297009291843e-09,0.00022237661000001907,0.21744288597999972,0.5284585526943211,24.275321212755955,0.31715681126177486
SQuADDS_fqOnly,25,chip_simple_dxm4p545_dy10p000__Lj12p0nH_Cj2p0fF__roL8p5mm__tee_fl160um_fc12_cg1p2um__rpg1p4um,4.70035054504,5.95896819038,5.994867300113678,227.0458030761218,5.61260875016549,6,chip_simple_dx6p364_dym7p273__Lj12p0nH_Cj2p0fF__roL8p5mm__tee_fl160um_fc12_cg1p2um__rpg1p4um,4.70011382488,6.16593969503,6.256451718360901,267.4374483181419,6.00177346918992,2.536354741378535e-09,0.00023672016000020335,0.20697150464999936,0.26158441824722267,40.391645242020076,0.3891647190244294
SQuADDS_fqOnly,25,chip_simple_dxm4p545_dy10p000__Lj12p0nH_Cj2p0fF__roL8p5mm__tee_fl160um_fc12_cg1p2um__rpg1p4um,4.70035054504,5.95896819038,5.994867300113678,227.0458030761218,5.61260875016549,7,chip_simple_dx10p000_dym3p636__Lj12p0nH_Cj2p0fF__roL8p5mm__tee_fl160um_fc12_cg1p2um__rpg1p4um,4.70070496194,6.04487004836,6.44764097164917,250.48907377671824,5.824760812131007,5.685495875795252e-09,0.0003544168999995989,0.08590185797999972,0.45277367153549175,23.44327070059643,0.21215206196551684
SQuADDS_fqOnly,25,chip_simple_dxm4p545_dy10p000__Lj12p0nH_Cj2p0fF__roL8p5mm__tee_fl160um_fc12_cg1p2um__rpg1p4um,4.70035054504,5.95896819038,5.994867300113678,227.0458030761218,5.61260875016549,8,chip_simple_dx7p273_dym0p909__Lj12p0nH_Cj2p0fF__roL8p5mm__tee_fl160um_fc12_cg1p2um__rpg1p4um,4.70073295522,6.09546452187,5.997347442768096,249.8225305417232,5.880204986381134,6.619091635623058e-09,0.00038241018000029214,0.13649633149000007,0.002480142654418316,22.776727465601397,0.26759623621564366
SQuADDS_fqOnly,25,chip_simple_dxm4p545_dy10p000__Lj12p0nH_Cj2p0fF__roL8p5mm__tee_fl160um_fc12_cg1p2um__rpg1p4um,4.70035054504,5.95896819038,5.994867300113678,227.0458030761218,5.61260875016549,9,chip_simple_dxm8p182_dy5p455__Lj12p0nH_Cj2p0fF__roL8p5mm__tee_fl160um_fc12_cg1p2um__rpg1p4um,4.70090830216,6.08954676117,6.185020620603561,252.7010445145384,5.852490302512357,1.4080878449473287e-08,0.0005577571200001685,0.13057857079000001,0.1901533204898831,25.655241438416596,0.23988155234686648
SQuADDS_fqOnly,25,chip_simple_dxm4p545_dy10p000__Lj12p0nH_Cj2p0fF__roL8p5mm__tee_fl160um_fc12_cg1p2um__rpg1p4um,4.70035054504,5.95896819038,5.994867300113678,227.0458030761218,5.61260875016549,10,chip_simple_dx5p455_dym6p364__Lj12p0nH_Cj2p0fF__roL8p5mm__tee_fl160um_fc12_cg1p2um__rpg1p4um,4.70113956644,6.15024864164,5.847728067014694,255.68062975343904,5.934076612123183,2.8178447928162163e-08,0.000789021400000145,0.19128045125999993,0.1471392330989838,28.63482667731722,0.32146786195769295
SQuADDS_fqOnly,26,chip_simple_dxm2p727_dym10p000__Lj12p0nH_Cj2p0fF__roL8p5mm__tee_fl160um_fc12_cg1p2um__rpg1p4um,4.75122729983,6.105353526,5.623504064191818,232.89882366879075,5.88978910347455,1,chip_simple_dxm4p545_dym2p727__Lj12p0nH_Cj2p0fF__roL8p5mm__tee_fl160um_fc12_cg1p2um__rpg1p4um,4.75133436782,6.26297506595,5.207407996995926,248.15573910645995,6.105858265342065,5.078175244911359e-10,0.00010706799000015366,0.15762153995000006,0.416096067195892,15.256915437669193,0.216069161867515
SQuADDS_fqOnly,26,chip_simple_dxm2p727_dym10p000__Lj12p0nH_Cj2p0fF__roL8p5mm__tee_fl160um_fc12_cg1p2um__rpg1p4um,4.75122729983,6.105353526,5.623504064191818,232.89882366879075,5.88978910347455,2,chip_simple_dxm2p727_dy4p545__Lj12p0nH_Cj2p0fF__roL8p5mm__tee_fl160um_fc12_cg1p2um__rpg1p4um,4.75153648539,6.12686754084,5.701167658432007,237.858845654832,5.866682937277906,4.234740379852311e-09,0.0003091855599999249,0.02151401484000015,0.07766359424018887,4.960021986041255,0.023106166196644295
SQuADDS_fqOnly,26,chip_simple_dxm2p727_dym10p000__Lj12p0nH_Cj2p0fF__roL8p5mm__tee_fl160um_fc12_cg1p2um__rpg1p4um,4.75122729983,6.105353526,5.623504064191818,232.89882366879075,5.88978910347455,3,chip_simple_dxm9p091_dy9p091__Lj12p0nH_Cj2p0fF__roL8p5mm__tee_fl160um_fc12_cg1p2um__rpg1p4um,4.75085202436,6.00137867716,5.41655916849327,212.3126314781783,5.701547260512729,6.238622967661608e-09,0.00037527546999971406,0.10397484884000008,0.20694489569854735,20.58619219061245,0.1882418429618209
SQuADDS_fqOnly,26,chip_simple_dxm2p727_dym10p000__Lj12p0nH_Cj2p0fF__roL8p5mm__tee_fl160um_fc12_cg1p2um__rpg1p4um,4.75122729983,6.105353526,5.623504064191818,232.89882366879075,5.88978910347455,4,chip_simple_dx6p364_dym5p455__Lj12p0nH_Cj2p0fF__roL8p5mm__tee_fl160um_fc12_cg1p2um__rpg1p4um,4.75078715707,6.03628209085,5.3055558983383175,215.55523015902745,5.731041446609096,8.581743101212886e-09,0.0004401427599995955,0.0690714351499997,0.31794816585350016,17.34359350976331,0.15874765686545445
SQuADDS_fqOnly,26,chip_simple_dxm2p727_dym10p000__Lj12p0nH_Cj2p0fF__roL8p5mm__tee_fl160um_fc12_cg1p2um__rpg1p4um,4.75122729983,6.105353526,5.623504064191818,232.89882366879075,5.88978910347455,5,chip_simple_dxm6p364_dym7p273__Lj12p0nH_Cj2p0fF__roL8p5mm__tee_fl160um_fc12_cg1p2um__rpg1p4um,4.75005432934,6.01899043043,5.655702243776322,219.9240164763736,5.705344706711049,6.094843477325232e-08,0.0011729704899998694,0.08636309557000033,0.03219817958450388,12.97480719241716,0.18444439676350122
SQuADDS_fqOnly,26,chip_simple_dxm2p727_dym10p000__Lj12p0nH_Cj2p0fF__roL8p5mm__tee_fl160um_fc12_cg1p2um__rpg1p4um,4.75122729983,6.105353526,5.623504064191818,232.89882366879075,5.88978910347455,6,chip_simple_dx3p636_dy10p000__Lj12p0nH_Cj2p0fF__roL8p5mm__tee_fl160um_fc12_cg1p2um__rpg1p4um,4.75276132751,6.0254162175,6.153329925121307,230.03465147640503,5.771482613463284,1.0424489034866777e-07,0.0015340276799999941,0.07993730849999992,0.5298258609294892,2.8641721923857233,0.11830649001126581
SQuADDS_fqOnly,26,chip_simple_dxm2p727_dym10p000__Lj12p0nH_Cj2p0fF__roL8p5mm__tee_fl160um_fc12_cg1p2um__rpg1p4um,4.75122729983,6.105353526,5.623504064191818,232.89882366879075,5.88978910347455,7,chip_simple_dxm8p182_dym6p364__Lj12p0nH_Cj2p0fF__roL8p5mm__tee_fl160um_fc12_cg1p2um__rpg1p4um,4.74965194892,6.20869132521,5.27103725569725,241.6389530940361,6.043633765216636,1.0993677707959615e-07,0.0015753509099996066,0.10333779921000019,0.3524668084945679,8.740129425245357,0.15384466174208544
SQuADDS_fqOnly,26,chip_simple_dxm2p727_dym10p000__Lj12p0nH_Cj2p0fF__roL8p5mm__tee_fl160um_fc12_cg1p2um__rpg1p4um,4.75122729983,6.105353526,5.623504064191818,232.89882366879075,5.88978910347455,8,chip_simple_dx0p000_dy4p545__Lj12p0nH_Cj2p0fF__roL8p5mm__tee_fl160um_fc12_cg1p2um__rpg1p4um,4.75286142116,6.08882350457,5.892952473888397,235.49238786023307,5.8850993721358345,1.1829243790527192e-07,0.0016341213300004043,0.016530021430000374,0.26944840969657946,2.5935641914423115,0.004689731338715752
SQuADDS_fqOnly,26,chip_simple_dxm2p727_dym10p000__Lj12p0nH_Cj2p0fF__roL8p5mm__tee_fl160um_fc12_cg1p2um__rpg1p4um,4.75122729983,6.105353526,5.623504064191818,232.89882366879075,5.88978910347455,9,chip_simple_dx6p364_dy2p727__Lj12p0nH_Cj2p0fF__roL8p5mm__tee_fl160um_fc12_cg1p2um__rpg1p4um,4.75293196551,6.07708289994,5.740933858938217,230.41754424422072,5.810778700049102,1.2872616170677516e-07,0.0017046656800001614,0.028270626060000303,0.11742979474639892,2.481279424570033,0.07901040342544796
SQuADDS_fqOnly,26,chip_simple_dxm2p727_dym10p000__Lj12p0nH_Cj2p0fF__roL8p5mm__tee_fl160um_fc12_cg1p2um__rpg1p4um,4.75122729983,6.105353526,5.623504064191818,232.89882366879075,5.88978910347455,10,chip_simple_dx5p455_dym9p091__Lj12p0nH_Cj2p0fF__roL8p5mm__tee_fl160um_fc12_cg1p2um__rpg1p4um,4.74946000079,6.06973702281,5.756615043542862,230.21871320620863,5.823921246974269,1.3835933556490912e-07,0.0017672990399999478,0.03561650318999998,0.1331109793510441,2.680110462582121,0.06586785650028126
SQuADDS_fqOnly,27,chip_simple_dxm2p727_dym9p091__Lj12p0nH_Cj2p0fF__roL8p5mm__tee_fl160um_fc12_cg1p2um__rpg1p4um,4.72015103762,6.02686116111,5.63770322990036,227.05641480493912,5.701718662415321,1,chip_simple_dx1p818_dy8p182__Lj12p0nH_Cj2p0fF__roL8p5mm__tee_fl160um_fc12_cg1p2um__rpg1p4um,4.72017945709,6.08731558494,5.7091661056575775,238.19641006055008,5.858573926089484,3.625101388605856e-11,2.8419470000429214e-05,0.06045442382999955,0.07146287575721733,11.139995255610955,0.1568552636741627
SQuADDS_fqOnly,27,chip_simple_dxm2p727_dym9p091__Lj12p0nH_Cj2p0fF__roL8p5mm__tee_fl160um_fc12_cg1p2um__rpg1p4um,4.72015103762,6.02686116111,5.63770322990036,227.05641480493912,5.701718662415321,2,chip_simple_dxm10p000_dym6p364__Lj12p0nH_Cj2p0fF__roL8p5mm__tee_fl160um_fc12_cg1p2um__rpg1p4um,4.72003215394,6.21311585123,5.277381808307648,248.5653481614014,5.993540423418498,6.343554696435693e-10,0.00011888367999990379,0.18625469012000018,0.36032142159271263,21.50893335646228,0.2918217610031766
SQuADDS_fqOnly,27,chip_simple_dxm2p727_dym9p091__Lj12p0nH_Cj2p0fF__roL8p5mm__tee_fl160um_fc12_cg1p2um__rpg1p4um,4.72015103762,6.02686116111,5.63770322990036,227.05641480493912,5.701718662415321,3,chip_simple_dxm10p000_dy6p364__Lj12p0nH_Cj2p0fF__roL8p5mm__tee_fl160um_fc12_cg1p2um__rpg1p4um,4.72047666907,6.13292859683,5.448801997238159,239.8053726208776,5.897409581121149,4.759276041722013e-09,0.0003256314499999746,0.10606743571999999,0.18890123266220105,12.748957815938468,0.19569091870582778
SQuADDS_fqOnly,27,chip_simple_dxm2p727_dym9p091__Lj12p0nH_Cj2p0fF__roL8p5mm__tee_fl160um_fc12_cg1p2um__rpg1p4um,4.72015103762,6.02686116111,5.63770322990036,227.05641480493912,5.701718662415321,4,chip_simple_dx9p091_dym7p273__Lj12p0nH_Cj2p0fF__roL8p5mm__tee_fl160um_fc12_cg1p2um__rpg1p4um,4.72050597097,6.13312512239,5.72029589563942,245.89801240972525,5.881474199794399,5.654338771380332e-09,0.0003549333499996976,0.10626396127999982,0.08259266573905943,18.84159760478613,0.17975553737907735
SQuADDS_fqOnly,27,chip_simple_dxm2p727_dym9p091__Lj12p0nH_Cj2p0fF__roL8p5mm__tee_fl160um_fc12_cg1p2um__rpg1p4um,4.72015103762,6.02686116111,5.63770322990036,227.05641480493912,5.701718662415321,5,chip_simple_dxm4p545_dy2p727__Lj12p0nH_Cj2p0fF__roL8p5mm__tee_fl160um_fc12_cg1p2um__rpg1p4um,4.72053982598,6.13986277241,6.137880284189224,256.0182577176675,5.892363472706823,6.7844511041953124e-09,0.00038878836000044714,0.11300161129999964,0.5001770542888639,28.961842912728372,0.19064481029150127
SQuADDS_fqOnly,27,chip_simple_dxm2p727_dym9p091__Lj12p0nH_Cj2p0fF__roL8p5mm__tee_fl160um_fc12_cg1p2um__rpg1p4um,4.72015103762,6.02686116111,5.63770322990036,227.05641480493912,5.701718662415321,6,chip_simple_dxm1p818_dy0p000__Lj12p0nH_Cj2p0fF__roL8p5mm__tee_fl160um_fc12_cg1p2um__rpg1p4um,4.72085109882,6.13674306549,5.771197805171966,247.53443243124363,5.9292022682777255,2.1996836409310463e-08,0.0007000611999998796,0.1098819043799999,0.13349457527160613,20.478017626304506,0.22748360586240413
SQuADDS_fqOnly,27,chip_simple_dxm2p727_dym9p091__Lj12p0nH_Cj2p0fF__roL8p5mm__tee_fl160um_fc12_cg1p2um__rpg1p4um,4.72015103762,6.02686116111,5.63770322990036,227.05641480493912,5.701718662415321,7,chip_simple_dx9p091_dym9p091__Lj12p0nH_Cj2p0fF__roL8p5mm__tee_fl160um_fc12_cg1p2um__rpg1p4um,4.71934786872,6.08163378867,5.753670983188629,238.5232525782091,5.841539739032603,2.895356037333948e-08,0.0008031689000000952,0.05477262755999934,0.11596775328826858,11.466837773269987,0.13982107661728183
SQuADDS_fqOnly,27,chip_simple_dxm2p727_dym9p091__Lj12p0nH_Cj2p0fF__roL8p5mm__tee_fl160um_fc12_cg1p2um__rpg1p4um,4.72015103762,6.02686116111,5.63770322990036,227.05641480493912,5.701718662415321,8,chip_simple_dx5p455_dym8p182__Lj12p0nH_Cj2p0fF__roL8p5mm__tee_fl160um_fc12_cg1p2um__rpg1p4um,4.72112014614,6.01414813913,6.374000339464187,239.1567683741239,5.777326992270697,4.215344101924994e-08,0.0009691085199996508,0.012713021980000683,0.7362971095638269,12.10035356918479,0.0756083298553758
SQuADDS_fqOnly,27,chip_simple_dxm2p727_dym9p091__Lj12p0nH_Cj2p0fF__roL8p5mm__tee_fl160um_fc12_cg1p2um__rpg1p4um,4.72015103762,6.02686116111,5.63770322990036,227.05641480493912,5.701718662415321,9,chip_simple_dxm7p273_dy6p364__Lj12p0nH_Cj2p0fF__roL8p5mm__tee_fl160um_fc12_cg1p2um__rpg1p4um,4.72123017621,6.04785216083,6.333465595045089,244.1985025363444,5.848505024648974,5.226881511293852e-08,0.0010791385899997508,0.020990999719999515,0.6957623651447289,17.14208773140527,0.1467863622336525
SQuADDS_fqOnly,27,chip_simple_dxm2p727_dym9p091__Lj12p0nH_Cj2p0fF__roL8p5mm__tee_fl160um_fc12_cg1p2um__rpg1p4um,4.72015103762,6.02686116111,5.63770322990036,227.05641480493912,5.701718662415321,10,chip_simple_dxm9p091_dym5p455__Lj12p0nH_Cj2p0fF__roL8p5mm__tee_fl160um_fc12_cg1p2um__rpg1p4um,4.72124097169,5.87168331743,7.066613950735092,226.27240344768032,5.555273420769576,5.331981886459375e-08,0.0010899340700003535,0.15517784368000065,1.4289107208347316,0.7840113572588052,0.14644524164574513
SQuADDS_fqOnly,28,chip_simple_dxm2p727_dym6p364__Lj12p0nH_Cj2p0fF__roL8p5mm__tee_fl160um_fc12_cg1p2um__rpg1p4um,4.60341040304,5.94990007975,6.526389731407165,257.4646182502716,5.655704714947341,1,chip_simple_dx4p545_dym6p364__Lj12p0nH_Cj2p0fF__roL8p5mm__tee_fl160um_fc12_cg1p2um__rpg1p4um,4.61231478285,6.1335076061,6.798953771820068,294.2549832930316,5.929705086318325,3.741519067772967e-06,0.008904379810000584,0.18360752635000033,0.2725640404129033,36.790365042760016,0.27400037137098376
SQuADDS_fqOnly,28,chip_simple_dxm2p727_dym6p364__Lj12p0nH_Cj2p0fF__roL8p5mm__tee_fl160um_fc12_cg1p2um__rpg1p4um,4.60341040304,5.94990007975,6.526389731407165,257.4646182502716,5.655704714947341,2,chip_simple_dx4p545_dym2p727__Lj12p0nH_Cj2p0fF__roL8p5mm__tee_fl160um_fc12_cg1p2um__rpg1p4um,4.61269243006,6.02903831277,6.513506029554367,269.0501313175289,5.767352914265127,4.065615158767834e-06,0.00928202702000025,0.07913823302000011,0.012883701852797635,11.585513067257295,0.11164819931778602
SQuADDS_fqOnly,28,chip_simple_dxm2p727_dym6p364__Lj12p0nH_Cj2p0fF__roL8p5mm__tee_fl160um_fc12_cg1p2um__rpg1p4um,4.60341040304,5.94990007975,6.526389731407165,257.4646182502716,5.655704714947341,3,chip_simple_dx6p364_dym9p091__Lj12p0nH_Cj2p0fF__roL8p5mm__tee_fl160um_fc12_cg1p2um__rpg1p4um,4.61408891639,5.8348431258,7.157018945320129,245.81994975321848,5.524957872223877,5.3809901892199504e-06,0.010678513350000252,0.11505695394999993,0.6306292139129637,11.644668497053118,0.1307468427234646
SQuADDS_fqOnly,28,chip_simple_dxm2p727_dym6p364__Lj12p0nH_Cj2p0fF__roL8p5mm__tee_fl160um_fc12_cg1p2um__rpg1p4um,4.60341040304,5.94990007975,6.526389731407165,257.4646182502716,5.655704714947341,4,fig5_cg3p0um_rpg1p0um__Lj12p0nH_Cj0p0fF__roL8p5mm__tee_fl160um_fc12,4.5918495592,6.3683346429,6.310808488025665,329.7787087605889,6.339102179225892,6.306954243059255e-06,0.01156084383999989,0.41843456314999994,0.2155812433815001,72.31409051031733,0.683397464278551
SQuADDS_fqOnly,28,chip_simple_dxm2p727_dym6p364__Lj12p0nH_Cj2p0fF__roL8p5mm__tee_fl160um_fc12_cg1p2um__rpg1p4um,4.60341040304,5.94990007975,6.526389731407165,257.4646182502716,5.655704714947341,5,fig5_cg1p5um_rpg0p5um__Lj12p0nH_Cj0p0fF__roL8p5mm__tee_fl160um_fc12,4.58877032672,6.22033143163,7.875931111408233,340.7758897032887,6.21478508076179,1.0114101131209527e-05,0.014640076320000084,0.2704313518800001,1.3495413800010683,83.31127145301713,0.5590803658144488
SQuADDS_fqOnly,28,chip_simple_dxm2p727_dym6p364__Lj12p0nH_Cj2p0fF__roL8p5mm__tee_fl160um_fc12_cg1p2um__rpg1p4um,4.60341040304,5.94990007975,6.526389731407165,257.4646182502716,5.655704714947341,6,chip_simple_dxm8p182_dym3p636__Lj12p0nH_Cj2p0fF__roL8p5mm__tee_fl160um_fc12_cg1p2um__rpg1p4um,4.62081617264,6.04082312115,6.552176032234192,270.0441205602928,5.824573659816503,1.4296412524787198e-05,0.017405769599999843,0.09092304139999996,0.025786300827027375,12.579502310021212,0.16886894486916137
SQuADDS_fqOnly,28,chip_simple_dxm2p727_dym6p364__Lj12p0nH_Cj2p0fF__roL8p5mm__tee_fl160um_fc12_cg1p2um__rpg1p4um,4.60341040304,5.94990007975,6.526389731407165,257.4646182502716,5.655704714947341,7,chip_simple_dxm3p636_dy9p091__Lj12p0nH_Cj2p0fF__roL8p5mm__tee_fl160um_fc12_cg1p2um__rpg1p4um,4.62084919539,5.95705478637,6.328790958219528,250.74156710024863,5.650228638303578,1.4350711152798038e-05,0.01743879235000012,0.007154706619999729,0.19759877318763674,6.723051150022968,0.00547607664376315
SQuADDS_fqOnly,28,chip_simple_dxm2p727_dym6p364__Lj12p0nH_Cj2p0fF__roL8p5mm__tee_fl160um_fc12_cg1p2um__rpg1p4um,4.60341040304,5.94990007975,6.526389731407165,257.4646182502716,5.655704714947341,8,chip_simple_dx5p455_dy7p273__Lj12p0nH_Cj2p0fF__roL8p5mm__tee_fl160um_fc12_cg1p2um__rpg1p4um,4.63016259455,5.90653520192,7.5051360739383695,261.5882571358774,5.619886396297611,3.377219901392593e-05,0.026752191509999967,0.043364877830000204,0.9787463425312044,4.123638885605828,0.03581831864973051
SQuADDS_fqOnly,28,chip_simple_dxm2p727_dym6p364__Lj12p0nH_Cj2p0fF__roL8p5mm__tee_fl160um_fc12_cg1p2um__rpg1p4um,4.60341040304,5.94990007975,6.526389731407165,257.4646182502716,5.655704714947341,9,chip_simple_dx4p545_dy3p636__Lj12p0nH_Cj2p0fF__roL8p5mm__tee_fl160um_fc12_cg1p2um__rpg1p4um,4.6391490467,6.1400873545,6.087010506978988,273.04723708403606,5.896341322884301,6.0272158223303154e-05,0.035738643660000236,0.1901872747500004,0.4393792244281771,15.582618833764457,0.24063660793695973
SQuADDS_fqOnly,28,chip_simple_dxm2p727_dym6p364__Lj12p0nH_Cj2p0fF__roL8p5mm__tee_fl160um_fc12_cg1p2um__rpg1p4um,4.60341040304,5.94990007975,6.526389731407165,257.4646182502716,5.655704714947341,10,chip_simple_dx3p636_dy3p636__Lj12p0nH_Cj2p0fF__roL8p5mm__tee_fl160um_fc12_cg1p2um__rpg1p4um,4.64027560624,6.0453856762,6.692517402437209,269.36381961114404,5.806133906462158,6.413186570791094e-05,0.03686520320000053,0.09548559644999965,0.16612767103004433,11.89920136087244,0.15042919151481637
SQuADDS_fqOnly,29,chip_simple_dxm2p727_dym4p545__Lj12p0nH_Cj2p0fF__roL8p5mm__tee_fl160um_fc12_cg1p2um__rpg1p4um,4.74980651086,6.09022137188,5.5267328888435365,228.6746087658278,5.875417349924537,1,chip_simple_dxm8p182_dym6p364__Lj12p0nH_Cj2p0fF__roL8p5mm__tee_fl160um_fc12_cg1p2um__rpg1p4um,4.74965194892,6.20869132521,5.27103725569725,241.6389530940361,6.043633765216636,1.058895940743418e-09,0.0001545619399996312,0.11846995332999999,0.25569563314628674,12.964344328208313,0.16821641529209863
SQuADDS_fqOnly,29,chip_simple_dxm2p727_dym4p545__Lj12p0nH_Cj2p0fF__roL8p5mm__tee_fl160um_fc12_cg1p2um__rpg1p4um,4.74980651086,6.09022137188,5.5267328888435365,228.6746087658278,5.875417349924537,2,chip_simple_dxm6p364_dym7p273__Lj12p0nH_Cj2p0fF__roL8p5mm__tee_fl160um_fc12_cg1p2um__rpg1p4um,4.75005432934,6.01899043043,5.655702243776322,219.9240164763736,5.705344706711049,2.7221718638994997e-09,0.000247818480000106,0.07123094145000053,0.12896935493278505,8.750592289454204,0.17007264321348803
SQuADDS_fqOnly,29,chip_simple_dxm2p727_dym4p545__Lj12p0nH_Cj2p0fF__roL8p5mm__tee_fl160um_fc12_cg1p2um__rpg1p4um,4.74980651086,6.09022137188,5.5267328888435365,228.6746087658278,5.875417349924537,3,chip_simple_dx5p455_dym9p091__Lj12p0nH_Cj2p0fF__roL8p5mm__tee_fl160um_fc12_cg1p2um__rpg1p4um,4.74946000079,6.06973702281,5.756615043542862,230.21871320620863,5.823921246974269,5.322061435678458e-09,0.00034651006999997236,0.020484349070000185,0.22988215469932527,1.5441044403808348,0.051496102950268074
SQuADDS_fqOnly,29,chip_simple_dxm2p727_dym4p545__Lj12p0nH_Cj2p0fF__roL8p5mm__tee_fl160um_fc12_cg1p2um__rpg1p4um,4.74980651086,6.09022137188,5.5267328888435365,228.6746087658278,5.875417349924537,4,chip_simple_dxm8p182_dy2p727__Lj12p0nH_Cj2p0fF__roL8p5mm__tee_fl160um_fc12_cg1p2um__rpg1p4um,4.74905682439,6.19457611211,5.409443262643814,242.78883490510103,6.0021454172131445,2.4911937691633005e-08,0.000749686469999844,0.1043547402299998,0.11728962619972272,14.114226139273228,0.12672806728860753
SQuADDS_fqOnly,29,chip_simple_dxm2p727_dym4p545__Lj12p0nH_Cj2p0fF__roL8p5mm__tee_fl160um_fc12_cg1p2um__rpg1p4um,4.74980651086,6.09022137188,5.5267328888435365,228.6746087658278,5.875417349924537,5,chip_simple_dx7p273_dy1p818__Lj12p0nH_Cj2p0fF__roL8p5mm__tee_fl160um_fc12_cg1p2um__rpg1p4um,4.74884244552,6.18043323889,5.108353200099945,233.634889421262,5.957387601556484,4.119657412072138e-08,0.00096406533999982,0.09021186700999984,0.41837968874359177,4.96028065543419,0.08197025163194738
SQuADDS_fqOnly,29,chip_simple_dxm2p727_dym4p545__Lj12p0nH_Cj2p0fF__roL8p5mm__tee_fl160um_fc12_cg1p2um__rpg1p4um,4.74980651086,6.09022137188,5.5267328888435365,228.6746087658278,5.875417349924537,6,chip_simple_dx6p364_dym5p455__Lj12p0nH_Cj2p0fF__roL8p5mm__tee_fl160um_fc12_cg1p2um__rpg1p4um,4.75078715707,6.03628209085,5.3055558983383175,215.55523015902745,5.731041446609096,4.262583224956041e-08,0.0009806462100003799,0.0539392810299999,0.221176990505219,13.119378606800353,0.14437590331544126
SQuADDS_fqOnly,29,chip_simple_dxm2p727_dym4p545__Lj12p0nH_Cj2p0fF__roL8p5mm__tee_fl160um_fc12_cg1p2um__rpg1p4um,4.74980651086,6.09022137188,5.5267328888435365,228.6746087658278,5.875417349924537,7,chip_simple_dxm9p091_dy9p091__Lj12p0nH_Cj2p0fF__roL8p5mm__tee_fl160um_fc12_cg1p2um__rpg1p4um,4.75085202436,6.00137867716,5.41655916849327,212.3126314781783,5.701547260512729,4.845152522488051e-08,0.0010455135000002613,0.08884269472000028,0.11017372035026618,16.361977287649495,0.1738700894118077
SQuADDS_fqOnly,29,chip_simple_dxm2p727_dym4p545__Lj12p0nH_Cj2p0fF__roL8p5mm__tee_fl160um_fc12_cg1p2um__rpg1p4um,4.74980651086,6.09022137188,5.5267328888435365,228.6746087658278,5.875417349924537,8,chip_simple_dx5p455_dy8p182__Lj12p0nH_Cj2p0fF__roL8p5mm__tee_fl160um_fc12_cg1p2um__rpg1p4um,4.74855405086,6.03321750387,6.352321427940368,236.0766933371285,5.795288526783467,6.953058643429148e-08,0.0012524599999998998,0.05700386800999979,0.8255885390968318,7.402084571300691,0.08012882314107017
SQuADDS_fqOnly,29,chip_simple_dxm2p727_dym4p545__Lj12p0nH_Cj2p0fF__roL8p5mm__tee_fl160um_fc12_cg1p2um__rpg1p4um,4.74980651086,6.09022137188,5.5267328888435365,228.6746087658278,5.875417349924537,9,chip_simple_dx8p182_dy2p727__Lj12p0nH_Cj2p0fF__roL8p5mm__tee_fl160um_fc12_cg1p2um__rpg1p4um,4.74852684297,6.13036381413,5.567534519544601,236.22808127869936,5.910382801372927,7.258430256338814e-08,0.0012796678900004466,0.04014244224999963,0.040801630701064795,7.553472512871565,0.03496545144839036
SQuADDS_fqOnly,29,chip_simple_dxm2p727_dym4p545__Lj12p0nH_Cj2p0fF__roL8p5mm__tee_fl160um_fc12_cg1p2um__rpg1p4um,4.74980651086,6.09022137188,5.5267328888435365,228.6746087658278,5.875417349924537,10,chip_simple_dx7p273_dy5p455__Lj12p0nH_Cj2p0fF__roL8p5mm__tee_fl160um_fc12_cg1p2um__rpg1p4um,4.7485203046,6.15888690142,4.987842560365677,227.68960044213736,5.93785950448502,7.332792589524895e-08,0.0012862062599996449,0.0686655295399996,0.5388903284778594,0.9850083236904368,0.06244215456048341
SQuADDS_fqOnly,30,chip_simple_dxm2p727_dym0p909__Lj12p0nH_Cj2p0fF__roL8p5mm__tee_fl160um_fc12_cg1p2um__rpg1p4um,4.67072704929,6.033110391,6.3982936910362245,254.17679291960144,5.72023740726515,1,chip_simple_dx1p818_dym0p909__Lj12p0nH_Cj2p0fF__roL8p5mm__tee_fl160um_fc12_cg1p2um__rpg1p4um,4.67045299221,6.02263130277,6.254178175308227,249.60885360509675,5.769639685358345,3.4428101551366817e-09,0.00027405707999950124,0.010479088230000322,0.1441155157279974,4.5679393145046845,0.049402278093195306
SQuADDS_fqOnly,30,chip_simple_dxm2p727_dym0p909__Lj12p0nH_Cj2p0fF__roL8p5mm__tee_fl160um_fc12_cg1p2um__rpg1p4um,4.67072704929,6.033110391,6.3982936910362245,254.17679291960144,5.72023740726515,2,fig5_cg5p0um_rpg1p0um__Lj12p0nH_Cj0p0fF__roL8p5mm__tee_fl160um_fc12,4.67009412056,6.40368347107,5.386180753400803,292.5653068578806,6.313414733179575,1.8362873500391473e-08,0.000632928729999982,0.3705730800699998,1.0121129376354219,38.388513938279175,0.5931773259144251
SQuADDS_fqOnly,30,chip_simple_dxm2p727_dym0p909__Lj12p0nH_Cj2p0fF__roL8p5mm__tee_fl160um_fc12_cg1p2um__rpg1p4um,4.67072704929,6.033110391,6.3982936910362245,254.17679291960144,5.72023740726515,3,chip_simple_dxm6p364_dy0p000__Lj12p0nH_Cj2p0fF__roL8p5mm__tee_fl160um_fc12_cg1p2um__rpg1p4um,4.6715110421,6.11602371104,5.946437598886489,258.5796032420524,5.886712731567605,2.817443285984767e-08,0.0007839928099997451,0.0829133200400003,0.4518560921497352,4.402810322450989,0.16647532430245526
SQuADDS_fqOnly,30,chip_simple_dxm2p727_dym0p909__Lj12p0nH_Cj2p0fF__roL8p5mm__tee_fl160um_fc12_cg1p2um__rpg1p4um,4.67072704929,6.033110391,6.3982936910362245,254.17679291960144,5.72023740726515,4,chip_simple_dxm10p000_dy4p545__Lj12p0nH_Cj2p0fF__roL8p5mm__tee_fl160um_fc12_cg1p2um__rpg1p4um,4.6696821001,6.13115899928,6.015155077039719,263.1000057078415,5.898867515034506,5.0051992450016655e-08,0.0010449491899997554,0.09804860828000006,0.38313861399650584,8.92321278824005,0.17863010776935617
SQuADDS_fqOnly,30,chip_simple_dxm2p727_dym0p909__Lj12p0nH_Cj2p0fF__roL8p5mm__tee_fl160um_fc12_cg1p2um__rpg1p4um,4.67072704929,6.033110391,6.3982936910362245,254.17679291960144,5.72023740726515,5,chip_simple_dx5p455_dym3p636__Lj12p0nH_Cj2p0fF__roL8p5mm__tee_fl160um_fc12_cg1p2um__rpg1p4um,4.67222577172,5.8917275848,6.889162298254012,237.96735201507968,5.58728786892167,1.0296116243982199e-07,0.0014987224300000435,0.1413828062000002,0.4908686072177879,16.209440904521756,0.13294953834348
SQuADDS_fqOnly,30,chip_simple_dxm2p727_dym0p909__Lj12p0nH_Cj2p0fF__roL8p5mm__tee_fl160um_fc12_cg1p2um__rpg1p4um,4.67072704929,6.033110391,6.3982936910362245,254.17679291960144,5.72023740726515,6,chip_simple_dxm0p909_dym1p818__Lj12p0nH_Cj2p0fF__roL8p5mm__tee_fl160um_fc12_cg1p2um__rpg1p4um,4.672625604,6.15896625974,5.890477626493453,264.17818518642616,5.957573698522844,1.65225569015733e-07,0.001898554710000333,0.12585586873999954,0.5078160645427712,10.001392266824723,0.2373362912576944
SQuADDS_fqOnly,30,chip_simple_dxm2p727_dym0p909__Lj12p0nH_Cj2p0fF__roL8p5mm__tee_fl160um_fc12_cg1p2um__rpg1p4um,4.67072704929,6.033110391,6.3982936910362245,254.17679291960144,5.72023740726515,7,chip_simple_dxm4p545_dym3p636__Lj12p0nH_Cj2p0fF__roL8p5mm__tee_fl160um_fc12_cg1p2um__rpg1p4um,4.67304431925,6.03199474143,6.125895672599793,247.8916504390452,5.756437524837708,2.461411846146536e-07,0.0023172699599998126,0.001115649569999988,0.27239801843643185,6.285142480556232,0.03620011757255881
SQuADDS_fqOnly,30,chip_simple_dxm2p727_dym0p909__Lj12p0nH_Cj2p0fF__roL8p5mm__tee_fl160um_fc12_cg1p2um__rpg1p4um,4.67072704929,6.033110391,6.3982936910362245,254.17679291960144,5.72023740726515,8,chip_simple_dx3p636_dym6p364__Lj12p0nH_Cj2p0fF__roL8p5mm__tee_fl160um_fc12_cg1p2um__rpg1p4um,4.66828138852,6.04703662438,6.612629444187164,261.5727515261907,5.795748305248993,2.7417222565133456e-07,0.002445660770000302,0.013926233379999431,0.2143357531509391,7.395958606589261,0.07551089798384325
SQuADDS_fqOnly,30,chip_simple_dxm2p727_dym0p909__Lj12p0nH_Cj2p0fF__roL8p5mm__tee_fl160um_fc12_cg1p2um__rpg1p4um,4.67072704929,6.033110391,6.3982936910362245,254.17679291960144,5.72023740726515,9,fig5_cg0p5um_rpg1p0um__Lj12p0nH_Cj0p0fF__roL8p5mm__tee_fl160um_fc12,4.67332763234,5.16611622725,17.142235439027786,169.6815537049959,4.775652263368383,3.100076980173493e-07,0.002600583050000438,0.8669941637500003,10.743941747991562,84.49523921460553,0.9445851438967665
SQuADDS_fqOnly,30,chip_simple_dxm2p727_dym0p909__Lj12p0nH_Cj2p0fF__roL8p5mm__tee_fl160um_fc12_cg1p2um__rpg1p4um,4.67072704929,6.033110391,6.3982936910362245,254.17679291960144,5.72023740726515,10,chip_simple_dxm3p636_dy0p909__Lj12p0nH_Cj2p0fF__roL8p5mm__tee_fl160um_fc12_cg1p2um__rpg1p4um,4.67370270888,6.01212956717,5.972365206701278,241.2318799818838,5.710985206034561,4.0587987458090763e-07,0.0029756595899996796,0.02098082383000044,0.42592848433494623,12.944912937717646,0.009252201230588675
SQuADDS_fqOnly,31,chip_simple_dxm1p818_dym9p091__Lj12p0nH_Cj2p0fF__roL8p5mm__tee_fl160um_fc12_cg1p2um__rpg1p4um,4.74969784785,6.2030248277,5.352145627542496,242.6223832530139,6.0075688817595525,1,chip_simple_dxm8p182_dym6p364__Lj12p0nH_Cj2p0fF__roL8p5mm__tee_fl160um_fc12_cg1p2um__rpg1p4um,4.74965194892,6.20869132521,5.27103725569725,241.6389530940361,6.043633765216636,9.338414717797154e-11,4.5898929999843574e-05,0.005666497510000035,0.08110837184524655,0.9834301589777965,0.03606488345708314
SQuADDS_fqOnly,31,chip_simple_dxm1p818_dym9p091__Lj12p0nH_Cj2p0fF__roL8p5mm__tee_fl160um_fc12_cg1p2um__rpg1p4um,4.74969784785,6.2030248277,5.352145627542496,242.6223832530139,6.0075688817595525,2,chip_simple_dx5p455_dym9p091__Lj12p0nH_Cj2p0fF__roL8p5mm__tee_fl160um_fc12_cg1p2um__rpg1p4um,4.74946000079,6.06973702281,5.756615043542862,230.21871320620863,5.823921246974269,2.5076308804158793e-09,0.00023784706000018474,0.13328780489000014,0.40446941600036546,12.403670046805274,0.18364763478528356
SQuADDS_fqOnly,31,chip_simple_dxm1p818_dym9p091__Lj12p0nH_Cj2p0fF__roL8p5mm__tee_fl160um_fc12_cg1p2um__rpg1p4um,4.74969784785,6.2030248277,5.352145627542496,242.6223832530139,6.0075688817595525,3,chip_simple_dxm6p364_dym7p273__Lj12p0nH_Cj2p0fF__roL8p5mm__tee_fl160um_fc12_cg1p2um__rpg1p4um,4.75005432934,6.01899043043,5.655702243776322,219.9240164763736,5.705344706711049,5.633029207808978e-09,0.0003564814899998936,0.18403439727000048,0.30355661623382524,22.698366776640313,0.3022241750485035
SQuADDS_fqOnly,31,chip_simple_dxm1p818_dym9p091__Lj12p0nH_Cj2p0fF__roL8p5mm__tee_fl160um_fc12_cg1p2um__rpg1p4um,4.74969784785,6.2030248277,5.352145627542496,242.6223832530139,6.0075688817595525,4,chip_simple_dxm8p182_dy2p727__Lj12p0nH_Cj2p0fF__roL8p5mm__tee_fl160um_fc12_cg1p2um__rpg1p4um,4.74905682439,6.19457611211,5.409443262643814,242.78883490510103,6.0021454172131445,1.8214442467394526e-08,0.0006410234600000564,0.008448715590000155,0.05729763510131747,0.16645165208711887,0.005423464546407963
SQuADDS_fqOnly,31,chip_simple_dxm1p818_dym9p091__Lj12p0nH_Cj2p0fF__roL8p5mm__tee_fl160um_fc12_cg1p2um__rpg1p4um,4.74969784785,6.2030248277,5.352145627542496,242.6223832530139,6.0075688817595525,5,chip_simple_dx7p273_dy1p818__Lj12p0nH_Cj2p0fF__roL8p5mm__tee_fl160um_fc12_cg1p2um__rpg1p4um,4.74884244552,6.18043323889,5.108353200099945,233.634889421262,5.957387601556484,3.24346258185763e-08,0.0008554023300000324,0.02259158881000012,0.24379242744255158,8.98749383175192,0.05018128020306811
SQuADDS_fqOnly,31,chip_simple_dxm1p818_dym9p091__Lj12p0nH_Cj2p0fF__roL8p5mm__tee_fl160um_fc12_cg1p2um__rpg1p4um,4.74969784785,6.2030248277,5.352145627542496,242.6223832530139,6.0075688817595525,6,chip_simple_dx6p364_dym5p455__Lj12p0nH_Cj2p0fF__roL8p5mm__tee_fl160um_fc12_cg1p2um__rpg1p4um,4.75078715707,6.03628209085,5.3055558983383175,215.55523015902745,5.731041446609096,5.259814081187965e-08,0.0010893092200001675,0.16674273684999985,0.04658972920417881,27.067153093986462,0.27652743515045675
SQuADDS_fqOnly,31,chip_simple_dxm1p818_dym9p091__Lj12p0nH_Cj2p0fF__roL8p5mm__tee_fl160um_fc12_cg1p2um__rpg1p4um,4.74969784785,6.2030248277,5.352145627542496,242.6223832530139,6.0075688817595525,7,chip_simple_dx5p455_dy8p182__Lj12p0nH_Cj2p0fF__roL8p5mm__tee_fl160um_fc12_cg1p2um__rpg1p4um,4.74855405086,6.03321750387,6.352321427940368,236.0766933371285,5.795288526783467,5.7991712402635505e-08,0.0011437969900001121,0.16980732382999975,1.000175800397872,6.5456899158854185,0.21228035497608566
SQuADDS_fqOnly,31,chip_simple_dxm1p818_dym9p091__Lj12p0nH_Cj2p0fF__roL8p5mm__tee_fl160um_fc12_cg1p2um__rpg1p4um,4.74969784785,6.2030248277,5.352145627542496,242.6223832530139,6.0075688817595525,8,chip_simple_dxm9p091_dy9p091__Lj12p0nH_Cj2p0fF__roL8p5mm__tee_fl160um_fc12_cg1p2um__rpg1p4um,4.75085202436,6.00137867716,5.41655916849327,212.3126314781783,5.701547260512729,5.904899314159224e-08,0.001154176510000049,0.20164615054000024,0.064413540950774,30.309751774835604,0.3060216212468232
SQuADDS_fqOnly,31,chip_simple_dxm1p818_dym9p091__Lj12p0nH_Cj2p0fF__roL8p5mm__tee_fl160um_fc12_cg1p2um__rpg1p4um,4.74969784785,6.2030248277,5.352145627542496,242.6223832530139,6.0075688817595525,9,chip_simple_dx8p182_dy2p727__Lj12p0nH_Cj2p0fF__roL8p5mm__tee_fl160um_fc12_cg1p2um__rpg1p4um,4.74852684297,6.13036381413,5.567534519544601,236.22808127869936,5.910382801372927,6.078346366986291e-08,0.001171004880000659,0.07266101357000032,0.21538889200210498,6.394301974314544,0.09718608038662513
SQuADDS_fqOnly,31,chip_simple_dxm1p818_dym9p091__Lj12p0nH_Cj2p0fF__roL8p5mm__tee_fl160um_fc12_cg1p2um__rpg1p4um,4.74969784785,6.2030248277,5.352145627542496,242.6223832530139,6.0075688817595525,10,chip_simple_dx7p273_dy5p455__Lj12p0nH_Cj2p0fF__roL8p5mm__tee_fl160um_fc12_cg1p2um__rpg1p4um,4.7485203046,6.15888690142,4.987842560365677,227.68960044213736,5.93785950448502,6.146413426933258e-08,0.0011775432499998573,0.04413792628000035,0.36430306717681926,14.932782810876546,0.06970937727453208
SQuADDS_fqOnly,32,chip_simple_dxm1p818_dy8p182__Lj12p0nH_Cj2p0fF__roL8p5mm__tee_fl160um_fc12_cg1p2um__rpg1p4um,4.68706864521,6.07511708902,5.952970358833313,248.5187126523267,5.817319914222084,1,chip_simple_dxm3p636_dym3p636__Lj12p0nH_Cj2p0fF__roL8p5mm__tee_fl160um_fc12_cg1p2um__rpg1p4um,4.68717781389,5.97834346452,6.698308181764602,246.63062343353235,5.688222825454348,5.424921897594844e-10,0.00010916867999988256,0.09677362449999993,0.7453378229312895,1.888089218794363,0.12909708876773607
SQuADDS_fqOnly,32,chip_simple_dxm1p818_dy8p182__Lj12p0nH_Cj2p0fF__roL8p5mm__tee_fl160um_fc12_cg1p2um__rpg1p4um,4.68706864521,6.07511708902,5.952970358833313,248.5187126523267,5.817319914222084,2,chip_simple_dx0p000_dy6p364__Lj12p0nH_Cj2p0fF__roL8p5mm__tee_fl160um_fc12_cg1p2um__rpg1p4um,4.68684275544,6.22626285193,5.869558168603897,271.87390077175473,6.055488773398548,2.3226859787262513e-09,0.0002258897700002649,0.1511457629099997,0.08341219022941626,23.35518811942802,0.23816885917646413
SQuADDS_fqOnly,32,chip_simple_dxm1p818_dy8p182__Lj12p0nH_Cj2p0fF__roL8p5mm__tee_fl160um_fc12_cg1p2um__rpg1p4um,4.68706864521,6.07511708902,5.952970358833313,248.5187126523267,5.817319914222084,3,chip_simple_dxm8p182_dy9p091__Lj12p0nH_Cj2p0fF__roL8p5mm__tee_fl160um_fc12_cg1p2um__rpg1p4um,4.68682128785,6.05207856918,6.670654395746231,259.2924998926468,5.805209593914802,2.785140098778056e-09,0.0002473573600001444,0.02303851984000005,0.7176840369129183,10.773787240320075,0.012110320307281874
SQuADDS_fqOnly,32,chip_simple_dxm1p818_dy8p182__Lj12p0nH_Cj2p0fF__roL8p5mm__tee_fl160um_fc12_cg1p2um__rpg1p4um,4.68706864521,6.07511708902,5.952970358833313,248.5187126523267,5.817319914222084,4,chip_simple_dxm1p818_dy4p545__Lj12p0nH_Cj2p0fF__roL8p5mm__tee_fl160um_fc12_cg1p2um__rpg1p4um,4.68668729165,6.13606112963,6.136175126768112,262.7664710804651,5.930337346209187,6.619923667209013e-09,0.0003813535599999085,0.06094404060999992,0.18320476793479923,14.247758428138411,0.11301743198710312
SQuADDS_fqOnly,32,chip_simple_dxm1p818_dy8p182__Lj12p0nH_Cj2p0fF__roL8p5mm__tee_fl160um_fc12_cg1p2um__rpg1p4um,4.68706864521,6.07511708902,5.952970358833313,248.5187126523267,5.817319914222084,5,chip_simple_dxm0p909_dym0p909__Lj12p0nH_Cj2p0fF__roL8p5mm__tee_fl160um_fc12_cg1p2um__rpg1p4um,4.68632924459,6.17134248768,5.411161615444184,252.1794734270908,5.976285666069374,2.4886108634826216e-08,0.0007394006199996639,0.09622539865999968,0.5418087433891285,3.6607607747641,0.15896575184728956
SQuADDS_fqOnly,32,chip_simple_dxm1p818_dy8p182__Lj12p0nH_Cj2p0fF__roL8p5mm__tee_fl160um_fc12_cg1p2um__rpg1p4um,4.68706864521,6.07511708902,5.952970358833313,248.5187126523267,5.817319914222084,6,chip_simple_dxm9p091_dy2p727__Lj12p0nH_Cj2p0fF__roL8p5mm__tee_fl160um_fc12_cg1p2um__rpg1p4um,4.68785660116,6.14920505102,6.378877137207031,269.97376724564526,5.9601401255266735,2.8261893169936277e-08,0.0007879559499999189,0.07408796200000012,0.4259067783737178,21.45505459331855,0.14282021130458933
SQuADDS_fqOnly,32,chip_simple_dxm1p818_dy8p182__Lj12p0nH_Cj2p0fF__roL8p5mm__tee_fl160um_fc12_cg1p2um__rpg1p4um,4.68706864521,6.07511708902,5.952970358833313,248.5187126523267,5.817319914222084,7,chip_simple_dx4p545_dy9p091__Lj12p0nH_Cj2p0fF__roL8p5mm__tee_fl160um_fc12_cg1p2um__rpg1p4um,4.68609575245,6.11430901066,5.943070262321472,255.0398969000135,5.911313507537606,4.3085120788159827e-08,0.0009728927600001214,0.039191921640000515,0.009900096511841205,6.52118424768679,0.09399359331552226
SQuADDS_fqOnly,32,chip_simple_dxm1p818_dy8p182__Lj12p0nH_Cj2p0fF__roL8p5mm__tee_fl160um_fc12_cg1p2um__rpg1p4um,4.68706864521,6.07511708902,5.952970358833313,248.5187126523267,5.817319914222084,8,chip_simple_dx6p364_dy8p182__Lj12p0nH_Cj2p0fF__roL8p5mm__tee_fl160um_fc12_cg1p2um__rpg1p4um,4.68815638567,6.01539640302,6.651202537282943,252.1465005767916,5.735438248599257,5.38577167371757e-08,0.0010877404600000418,0.059720686000000356,0.6982321784496301,3.627787924464883,0.08188166562282717
SQuADDS_fqOnly,32,chip_simple_dxm1p818_dy8p182__Lj12p0nH_Cj2p0fF__roL8p5mm__tee_fl160um_fc12_cg1p2um__rpg1p4um,4.68706864521,6.07511708902,5.952970358833313,248.5187126523267,5.817319914222084,9,chip_simple_dx2p727_dy1p818__Lj12p0nH_Cj2p0fF__roL8p5mm__tee_fl160um_fc12_cg1p2um__rpg1p4um,4.68563403825,6.08133316983,5.72811288560295,245.0156338090338,5.777845440182654,9.368352831088537e-08,0.0014346069600001954,0.006216080809999802,0.22485747323036254,3.5030788432929114,0.03947447403943016
SQuADDS_fqOnly,32,chip_simple_dxm1p818_dy8p182__Lj12p0nH_Cj2p0fF__roL8p5mm__tee_fl160um_fc12_cg1p2um__rpg1p4um,4.68706864521,6.07511708902,5.952970358833313,248.5187126523267,5.817319914222084,10,chip_simple_dx8p182_dym1p818__Lj12p0nH_Cj2p0fF__roL8p5mm__tee_fl160um_fc12_cg1p2um__rpg1p4um,4.68525295522,6.09379748036,6.095650871637344,255.11644504269023,5.8822544461123405,1.5006546918019095e-07,0.0018156899899999246,0.018680391340000213,0.1426805128040307,6.597732390363518,0.06493453189025633
SQuADDS_fqOnly,33,chip_simple_dxm0p909_dym9p091__Lj12p0nH_Cj2p0fF__roL8p5mm__tee_fl160um_fc12_cg1p2um__rpg1p4um,4.79013705882,6.1195332543,5.13624333574295,216.91057737244603,5.892737425611814,1,chip_simple_dx10p000_dy6p364__Lj12p0nH_Cj2p0fF__roL8p5mm__tee_fl160um_fc12_cg1p2um__rpg1p4um,4.78966551444,6.19573101445,5.30974208485794,232.5106784208788,6.026638854738782,9.690568738062101e-09,0.0004715443799998553,0.07619776014999946,0.17349874911498997,15.600101048432776,0.13390142912696845
SQuADDS_fqOnly,33,chip_simple_dxm0p909_dym9p091__Lj12p0nH_Cj2p0fF__roL8p5mm__tee_fl160um_fc12_cg1p2um__rpg1p4um,4.79013705882,6.1195332543,5.13624333574295,216.91057737244603,5.892737425611814,2,chip_simple_dxm4p545_dy1p818__Lj12p0nH_Cj2p0fF__roL8p5mm__tee_fl160um_fc12_cg1p2um__rpg1p4um,4.7912337707,6.04949503992,5.623098915470123,215.8825327452169,5.82735004160752,5.2419058463512125e-08,0.0010967118799998232,0.07003821438000024,0.4868555797271732,1.0280446272291215,0.06538738400429356
SQuADDS_fqOnly,33,chip_simple_dxm0p909_dym9p091__Lj12p0nH_Cj2p0fF__roL8p5mm__tee_fl160um_fc12_cg1p2um__rpg1p4um,4.79013705882,6.1195332543,5.13624333574295,216.91057737244603,5.892737425611814,3,chip_simple_dx5p455_dy5p455__Lj12p0nH_Cj2p0fF__roL8p5mm__tee_fl160um_fc12_cg1p2um__rpg1p4um,4.79166371185,6.05484777073,5.335296250137329,211.0122938310696,5.777759592215692,1.0157452688750952e-07,0.0015266530299999914,0.06468548356999992,0.1990529143943789,5.898283541376429,0.11497783339612155
SQuADDS_fqOnly,33,chip_simple_dxm0p909_dym9p091__Lj12p0nH_Cj2p0fF__roL8p5mm__tee_fl160um_fc12_cg1p2um__rpg1p4um,4.79013705882,6.1195332543,5.13624333574295,216.91057737244603,5.892737425611814,4,chip_simple_dx0p909_dy7p273__Lj12p0nH_Cj2p0fF__roL8p5mm__tee_fl160um_fc12_cg1p2um__rpg1p4um,4.787298265,6.12194872056,5.503688935358047,225.6752448335204,5.946141167085224,3.512140024508825e-07,0.00283879381999963,0.0024154662599995547,0.36744559961509715,8.764667461074367,0.053403741473410093
SQuADDS_fqOnly,33,chip_simple_dxm0p909_dym9p091__Lj12p0nH_Cj2p0fF__roL8p5mm__tee_fl160um_fc12_cg1p2um__rpg1p4um,4.79013705882,6.1195332543,5.13624333574295,216.91057737244603,5.892737425611814,5,chip_simple_dx5p455_dym0p909__Lj12p0nH_Cj2p0fF__roL8p5mm__tee_fl160um_fc12_cg1p2um__rpg1p4um,4.7930652742,6.12875251186,5.394133037059784,223.2748147250602,5.91572486547393,3.736888630362848e-07,0.0029282153799998767,0.00921925755999986,0.25788970131683353,6.364237352614168,0.022987439862116155
SQuADDS_fqOnly,33,chip_simple_dxm0p909_dym9p091__Lj12p0nH_Cj2p0fF__roL8p5mm__tee_fl160um_fc12_cg1p2um__rpg1p4um,4.79013705882,6.1195332543,5.13624333574295,216.91057737244603,5.892737425611814,6,fig5_cg0p5um_rpg1p5um__Lj12p0nH_Cj0p0fF__roL8p5mm__tee_fl160um_fc12,4.79374824014,5.11789735856,18.8786309748764,123.35933929082648,4.718805625509781,5.683327862474541e-07,0.0036111813200001563,1.0016358957400007,13.742387639133451,93.55123808161954,1.1739318001020322
SQuADDS_fqOnly,33,chip_simple_dxm0p909_dym9p091__Lj12p0nH_Cj2p0fF__roL8p5mm__tee_fl160um_fc12_cg1p2um__rpg1p4um,4.79013705882,6.1195332543,5.13624333574295,216.91057737244603,5.892737425611814,7,chip_simple_dxm6p364_dym2p727__Lj12p0nH_Cj2p0fF__roL8p5mm__tee_fl160um_fc12_cg1p2um__rpg1p4um,4.78643161529,6.07447748154,5.571383293457031,219.776855663418,5.804018163338089,5.983902633925612e-07,0.003705443530000352,0.0450557727600005,0.43513995771408087,2.8662782909719624,0.08871926227372473
SQuADDS_fqOnly,33,chip_simple_dxm0p909_dym9p091__Lj12p0nH_Cj2p0fF__roL8p5mm__tee_fl160um_fc12_cg1p2um__rpg1p4um,4.79013705882,6.1195332543,5.13624333574295,216.91057737244603,5.892737425611814,8,chip_simple_dxm10p000_dym0p909__Lj12p0nH_Cj2p0fF__roL8p5mm__tee_fl160um_fc12_cg1p2um__rpg1p4um,4.78631013217,6.11749499502,5.0396452458877565,215.32562253250407,5.829430491241084,6.382699477885508e-07,0.003826926650000395,0.002038259279999899,0.09659808985519369,1.5849548399419575,0.06330693437072998
SQuADDS_fqOnly,33,chip_simple_dxm0p909_dym9p091__Lj12p0nH_Cj2p0fF__roL8p5mm__tee_fl160um_fc12_cg1p2um__rpg1p4um,4.79013705882,6.1195332543,5.13624333574295,216.91057737244603,5.892737425611814,9,chip_simple_dxm9p091_dym8p182__Lj12p0nH_Cj2p0fF__roL8p5mm__tee_fl160um_fc12_cg1p2um__rpg1p4um,4.78614806685,6.17470795526,5.145299386573791,226.2783372692303,5.977980880387692,6.934744171919702e-07,0.003988991970000022,0.055174700959999434,0.009056050830841045,9.367759896784264,0.08524345477587847
SQuADDS_fqOnly,33,chip_simple_dxm0p909_dym9p091__Lj12p0nH_Cj2p0fF__roL8p5mm__tee_fl160um_fc12_cg1p2um__rpg1p4um,4.79013705882,6.1195332543,5.13624333574295,216.91057737244603,5.892737425611814,10,chip_simple_dx4p545_dy5p455__Lj12p0nH_Cj2p0fF__roL8p5mm__tee_fl160um_fc12_cg1p2um__rpg1p4um,4.79418626685,6.08500156739,5.524672909627914,218.89374055263784,5.839393681887264,7.145692099767857e-07,0.00404920802999964,0.0345316869100003,0.3884295738849639,1.9831631801918093,0.05334374372454942
SQuADDS_fqOnly,34,chip_simple_dxm0p909_dy0p909__Lj12p0nH_Cj2p0fF__roL8p5mm__tee_fl160um_fc12_cg1p2um__rpg1p4um,4.70544106074,5.99746757962,5.927770181566238,231.070657809695,5.70049614019032,1,chip_simple_dx0p000_dym0p909__Lj12p0nH_Cj2p0fF__roL8p5mm__tee_fl160um_fc12_cg1p2um__rpg1p4um,4.70544472234,6.05296552521,6.243624574357987,246.6853389858112,5.843999870541234,6.055376108916654e-13,3.6616000000933013e-06,0.055497945589999986,0.3158543927917483,15.614681176116193,0.1435037303509139
SQuADDS_fqOnly,34,chip_simple_dxm0p909_dy0p909__Lj12p0nH_Cj2p0fF__roL8p5mm__tee_fl160um_fc12_cg1p2um__rpg1p4um,4.70544106074,5.99746757962,5.927770181566238,231.070657809695,5.70049614019032,2,chip_simple_dx6p364_dym4p545__Lj12p0nH_Cj2p0fF__roL8p5mm__tee_fl160um_fc12_cg1p2um__rpg1p4um,4.70542995999,5.98920452189,6.345821467342376,237.78954520480733,5.738142979039027,5.565497195091513e-12,1.1100750000103687e-05,0.008263057730000689,0.41805128577613804,6.7188873951123185,0.037646838848706565
SQuADDS_fqOnly,34,chip_simple_dxm0p909_dy0p909__Lj12p0nH_Cj2p0fF__roL8p5mm__tee_fl160um_fc12_cg1p2um__rpg1p4um,4.70544106074,5.99746757962,5.927770181566238,231.070657809695,5.70049614019032,3,chip_simple_dx0p000_dy3p636__Lj12p0nH_Cj2p0fF__roL8p5mm__tee_fl160um_fc12_cg1p2um__rpg1p4um,4.70597831203,5.97410979195,6.13302826451683,230.9917126460824,5.688203723513988,1.3036297355330221e-08,0.0005372512899999293,0.023357787670000185,0.2052580829505919,0.07894516361261594,0.012292416676332074
SQuADDS_fqOnly,34,chip_simple_dxm0p909_dy0p909__Lj12p0nH_Cj2p0fF__roL8p5mm__tee_fl160um_fc12_cg1p2um__rpg1p4um,4.70544106074,5.99746757962,5.927770181566238,231.070657809695,5.70049614019032,4,fig5_cg3p5um_rpg1p5um__Lj12p0nH_Cj0p0fF__roL8p5mm__tee_fl160um_fc12,4.70486631048,6.33112792154,5.111963850152969,266.195772124899,6.191175501007713,1.4919617083336234e-08,0.0005747502600002008,0.33366034191999994,0.8158063314132695,35.125114315204,0.49067936081739294
SQuADDS_fqOnly,34,chip_simple_dxm0p909_dy0p909__Lj12p0nH_Cj2p0fF__roL8p5mm__tee_fl160um_fc12_cg1p2um__rpg1p4um,4.70544106074,5.99746757962,5.927770181566238,231.070657809695,5.70049614019032,5,chip_simple_dxm6p364_dy3p636__Lj12p0nH_Cj2p0fF__roL8p5mm__tee_fl160um_fc12_cg1p2um__rpg1p4um,4.70606182979,6.1671545843,5.89281384662056,258.3575285965225,5.954585492025992,1.740441523141803e-08,0.0006207690500001917,0.1696870046800001,0.03495633494567851,27.286870786827507,0.25408935183567216
SQuADDS_fqOnly,34,chip_simple_dxm0p909_dy0p909__Lj12p0nH_Cj2p0fF__roL8p5mm__tee_fl160um_fc12_cg1p2um__rpg1p4um,4.70544106074,5.99746757962,5.927770181566238,231.070657809695,5.70049614019032,6,chip_simple_dxm7p273_dy0p909__Lj12p0nH_Cj2p0fF__roL8p5mm__tee_fl160um_fc12_cg1p2um__rpg1p4um,4.70480535526,6.0807996172,5.528063487434387,236.5351690893424,5.835624195047371,1.8252032549613157e-08,0.0006357054799996931,0.08333203757999996,0.39970669413185167,5.4645112796473825,0.13512805485705126
SQuADDS_fqOnly,34,chip_simple_dxm0p909_dy0p909__Lj12p0nH_Cj2p0fF__roL8p5mm__tee_fl160um_fc12_cg1p2um__rpg1p4um,4.70544106074,5.99746757962,5.927770181566238,231.070657809695,5.70049614019032,7,chip_simple_dxm0p909_dy7p273__Lj12p0nH_Cj2p0fF__roL8p5mm__tee_fl160um_fc12_cg1p2um__rpg1p4um,4.70613110667,5.99730794943,5.718138606563568,226.7890078045864,5.726349608257517,2.1505786080457038e-08,0.0006900459299998829,0.00015963019000064804,0.20963157500267027,4.281650005108617,0.025853468067197127
SQuADDS_fqOnly,34,chip_simple_dxm0p909_dy0p909__Lj12p0nH_Cj2p0fF__roL8p5mm__tee_fl160um_fc12_cg1p2um__rpg1p4um,4.70544106074,5.99746757962,5.927770181566238,231.070657809695,5.70049614019032,8,chip_simple_dx4p545_dym5p455__Lj12p0nH_Cj2p0fF__roL8p5mm__tee_fl160um_fc12_cg1p2um__rpg1p4um,4.70617489989,5.89616472893,7.011028146039963,233.1801251320865,5.601828529906815,2.4322100523580906e-08,0.0007338391499995822,0.10130285069000067,1.0832579644737246,2.109467322391481,0.09866761028350535
SQuADDS_fqOnly,34,chip_simple_dxm0p909_dy0p909__Lj12p0nH_Cj2p0fF__roL8p5mm__tee_fl160um_fc12_cg1p2um__rpg1p4um,4.70544106074,5.99746757962,5.927770181566238,231.070657809695,5.70049614019032,9,chip_simple_dxm1p818_dy9p091__Lj12p0nH_Cj2p0fF__roL8p5mm__tee_fl160um_fc12_cg1p2um__rpg1p4um,4.70620268841,6.09896881824,6.45488197671318,258.7726640480461,5.871112110850504,2.619900220366602e-08,0.0007616276700002089,0.10150123862000004,0.5271117951469417,27.702006238351117,0.17061597066018397
SQuADDS_fqOnly,34,chip_simple_dxm0p909_dy0p909__Lj12p0nH_Cj2p0fF__roL8p5mm__tee_fl160um_fc12_cg1p2um__rpg1p4um,4.70544106074,5.99746757962,5.927770181566238,231.070657809695,5.70049614019032,10,chip_simple_dxm5p455_dy6p364__Lj12p0nH_Cj2p0fF__roL8p5mm__tee_fl160um_fc12_cg1p2um__rpg1p4um,4.7062138106,6.06522709251,6.311736516672134,250.0218379600024,5.815405762039038,2.6969766988123746e-08,0.0007727498600003102,0.06775951288999948,0.38396633510589595,18.95118015030738,0.11490962184871822
SQuADDS_fqOnly,35,chip_simple_dxm0p909_dy5p455__Lj12p0nH_Cj2p0fF__roL8p5mm__tee_fl160um_fc12_cg1p2um__rpg1p4um,4.72272816644,6.03503005138,6.337249859149932,241.7065879254781,5.820442264738436,1,chip_simple_dxm1p818_dy6p364__Lj12p0nH_Cj2p0fF__roL8p5mm__tee_fl160um_fc12_cg1p2um__rpg1p4um,4.72288255884,6.16611156985,5.942852807521819,255.57392589996,5.983119778272944,1.0687249263010233e-09,0.00015439240000070242,0.13108151847000027,0.394397051628113,13.867337974481899,0.16267751353450777
SQuADDS_fqOnly,35,chip_simple_dxm0p909_dy5p455__Lj12p0nH_Cj2p0fF__roL8p5mm__tee_fl160um_fc12_cg1p2um__rpg1p4um,4.72272816644,6.03503005138,6.337249859149932,241.7065879254781,5.820442264738436,2,chip_simple_dxm8p182_dym9p091__Lj12p0nH_Cj2p0fF__roL8p5mm__tee_fl160um_fc12_cg1p2um__rpg1p4um,4.72257063561,6.05880267073,5.941739992261886,237.9009092435265,5.759912137527704,1.112615804223456e-09,0.00015753082999925283,0.023772619349999857,0.39550986688804635,3.8056786819515764,0.06053012721073259
SQuADDS_fqOnly,35,chip_simple_dxm0p909_dy5p455__Lj12p0nH_Cj2p0fF__roL8p5mm__tee_fl160um_fc12_cg1p2um__rpg1p4um,4.72272816644,6.03503005138,6.337249859149932,241.7065879254781,5.820442264738436,3,chip_simple_dxm3p636_dy3p636__Lj12p0nH_Cj2p0fF__roL8p5mm__tee_fl160um_fc12_cg1p2um__rpg1p4um,4.72242714711,6.18673541231,5.336548379825592,245.26485810969444,5.972626156449373,4.062588845012043e-09,0.0003010193299992636,0.1517053609300003,1.0007014793243405,3.5582701842163544,0.15218389171093616
SQuADDS_fqOnly,35,chip_simple_dxm0p909_dy5p455__Lj12p0nH_Cj2p0fF__roL8p5mm__tee_fl160um_fc12_cg1p2um__rpg1p4um,4.72272816644,6.03503005138,6.337249859149932,241.7065879254781,5.820442264738436,4,chip_simple_dx0p000_dym2p727__Lj12p0nH_Cj2p0fF__roL8p5mm__tee_fl160um_fc12_cg1p2um__rpg1p4um,4.72308106304,6.01925382396,5.781981496412277,228.09975736372985,5.690176383635383,5.5835325268123304e-09,0.00035289660000081824,0.015776227419999955,0.5552683627376558,13.60683056174824,0.13026588110305326
SQuADDS_fqOnly,35,chip_simple_dxm0p909_dy5p455__Lj12p0nH_Cj2p0fF__roL8p5mm__tee_fl160um_fc12_cg1p2um__rpg1p4um,4.72272816644,6.03503005138,6.337249859149932,241.7065879254781,5.820442264738436,5,chip_simple_dxm2p727_dym7p273__Lj12p0nH_Cj2p0fF__roL8p5mm__tee_fl160um_fc12_cg1p2um__rpg1p4um,4.7222040576,6.12237034652,5.983692367204666,249.3544121969452,5.891422873734137,1.231564245125817e-08,0.0005241088399996485,0.08734029514000063,0.3535574919452662,7.647824271467101,0.07098060899570058
SQuADDS_fqOnly,35,chip_simple_dxm0p909_dy5p455__Lj12p0nH_Cj2p0fF__roL8p5mm__tee_fl160um_fc12_cg1p2um__rpg1p4um,4.72272816644,6.03503005138,6.337249859149932,241.7065879254781,5.820442264738436,6,chip_simple_dxm6p364_dym5p455__Lj12p0nH_Cj2p0fF__roL8p5mm__tee_fl160um_fc12_cg1p2um__rpg1p4um,4.72213994007,6.1303933455,5.1282290317249295,231.82863900091743,5.879820249776217,1.5513260381335412e-08,0.000588226369999667,0.09536329412000022,1.209020827425003,9.877948924560656,0.05937798503778069
SQuADDS_fqOnly,35,chip_simple_dxm0p909_dy5p455__Lj12p0nH_Cj2p0fF__roL8p5mm__tee_fl160um_fc12_cg1p2um__rpg1p4um,4.72272816644,6.03503005138,6.337249859149932,241.7065879254781,5.820442264738436,7,chip_simple_dx9p091_dy1p818__Lj12p0nH_Cj2p0fF__roL8p5mm__tee_fl160um_fc12_cg1p2um__rpg1p4um,4.72332163382,6.08397777989,5.362149336601257,229.5526193491085,5.856220715335205,1.5790933622181514e-08,0.0005934673800007673,0.048947728509999955,0.9751005225486757,12.153968576369579,0.03577845059676843
SQuADDS_fqOnly,35,chip_simple_dxm0p909_dy5p455__Lj12p0nH_Cj2p0fF__roL8p5mm__tee_fl160um_fc12_cg1p2um__rpg1p4um,4.72272816644,6.03503005138,6.337249859149932,241.7065879254781,5.820442264738436,8,chip_simple_dxm1p818_dym10p000__Lj12p0nH_Cj2p0fF__roL8p5mm__tee_fl160um_fc12_cg1p2um__rpg1p4um,4.72213098232,5.99382514578,6.216597866516113,232.5260761215951,5.710682925319376,1.5989342429756253e-08,0.0005971841199992056,0.0412049055999999,0.1206519926338192,9.180511803882979,0.10975933941906035
SQuADDS_fqOnly,35,chip_simple_dxm0p909_dy5p455__Lj12p0nH_Cj2p0fF__roL8p5mm__tee_fl160um_fc12_cg1p2um__rpg1p4um,4.72272816644,6.03503005138,6.337249859149932,241.7065879254781,5.820442264738436,9,chip_simple_dxm2p727_dy9p091__Lj12p0nH_Cj2p0fF__roL8p5mm__tee_fl160um_fc12_cg1p2um__rpg1p4um,4.72354496119,6.06782180308,5.766568409368515,235.52036104141203,5.815573617333097,2.991162293148698e-08,0.0008167947500004047,0.03279175170000048,0.5706814497814179,6.186226884066059,0.00486864740533921
SQuADDS_fqOnly,35,chip_simple_dxm0p909_dy5p455__Lj12p0nH_Cj2p0fF__roL8p5mm__tee_fl160um_fc12_cg1p2um__rpg1p4um,4.72272816644,6.03503005138,6.337249859149932,241.7065879254781,5.820442264738436,10,chip_simple_dx8p182_dy9p091__Lj12p0nH_Cj2p0fF__roL8p5mm__tee_fl160um_fc12_cg1p2um__rpg1p4um,4.72158254912,6.12778684598,5.69784814260292,244.34494700729925,5.923186679041649,5.8842788313124335e-08,0.0011456173199997366,0.09275679460000053,0.6394017165470123,2.6383590818211644,0.10274441430321257
SQuADDS_fqOnly,36,chip_simple_dx0p000_dym5p455__Lj12p0nH_Cj2p0fF__roL8p5mm__tee_fl160um_fc12_cg1p2um__rpg1p4um,4.72839728936,5.92461245195,5.86921667430687,213.1829395597018,5.58090723401915,1,chip_simple_dx7p273_dy8p182__Lj12p0nH_Cj2p0fF__roL8p5mm__tee_fl160um_fc12_cg1p2um__rpg1p4um,4.72840082103,5.97315210181,5.691267652456284,217.62866557447816,5.647951458913108,5.578691080719747e-13,3.531670000000986e-06,0.04853964986000037,0.17794902185058525,4.445726014776369,0.06704422489395867
SQuADDS_fqOnly,36,chip_simple_dx0p000_dym5p455__Lj12p0nH_Cj2p0fF__roL8p5mm__tee_fl160um_fc12_cg1p2um__rpg1p4um,4.72839728936,5.92461245195,5.86921667430687,213.1829395597018,5.58090723401915,2,chip_simple_dxm1p818_dym2p727__Lj12p0nH_Cj2p0fF__roL8p5mm__tee_fl160um_fc12_cg1p2um__rpg1p4um,4.72848954954,6.17252809279,5.260969237106323,240.1187954409885,5.943850833343463,3.80715602786014e-10,9.2260179999748e-05,0.2479156408400005,0.6082474372005464,26.9358558812867,0.3629435993243133
SQuADDS_fqOnly,36,chip_simple_dx0p000_dym5p455__Lj12p0nH_Cj2p0fF__roL8p5mm__tee_fl160um_fc12_cg1p2um__rpg1p4um,4.72839728936,5.92461245195,5.86921667430687,213.1829395597018,5.58090723401915,3,chip_simple_dx2p727_dym3p636__Lj12p0nH_Cj2p0fF__roL8p5mm__tee_fl160um_fc12_cg1p2um__rpg1p4um,4.72851008449,6.15393913849,5.502300477457046,242.70006914810185,5.946585208298799,5.690530807093178e-10,0.00011279512999973207,0.22932668654000032,0.36691619684982335,29.517129588400053,0.36567797427964965
SQuADDS_fqOnly,36,chip_simple_dx0p000_dym5p455__Lj12p0nH_Cj2p0fF__roL8p5mm__tee_fl160um_fc12_cg1p2um__rpg1p4um,4.72839728936,5.92461245195,5.86921667430687,213.1829395597018,5.58090723401915,4,chip_simple_dx6p364_dy0p000__Lj12p0nH_Cj2p0fF__roL8p5mm__tee_fl160um_fc12_cg1p2um__rpg1p4um,4.72795173232,6.02599393944,6.214404765487671,236.6306190453716,5.800547756468861,8.879299413582546e-09,0.0004455570399999331,0.10138148749000031,0.34518809118080096,23.447679485669795,0.2196405224497111
SQuADDS_fqOnly,36,chip_simple_dx0p000_dym5p455__Lj12p0nH_Cj2p0fF__roL8p5mm__tee_fl160um_fc12_cg1p2um__rpg1p4um,4.72839728936,5.92461245195,5.86921667430687,213.1829395597018,5.58090723401915,5,chip_simple_dx10p000_dym4p545__Lj12p0nH_Cj2p0fF__roL8p5mm__tee_fl160um_fc12_cg1p2um__rpg1p4um,4.72887741733,6.11605763171,5.721568623006821,241.3895574816467,5.882844555175796,1.0310651167243228e-08,0.000480127969999522,0.19144517976000053,0.14764805130004888,28.20661792194491,0.30193732115664673
SQuADDS_fqOnly,36,chip_simple_dx0p000_dym5p455__Lj12p0nH_Cj2p0fF__roL8p5mm__tee_fl160um_fc12_cg1p2um__rpg1p4um,4.72839728936,5.92461245195,5.86921667430687,213.1829395597018,5.58090723401915,6,chip_simple_dx10p000_dym8p182__Lj12p0nH_Cj2p0fF__roL8p5mm__tee_fl160um_fc12_cg1p2um__rpg1p4um,4.7278291272,6.203667918,5.357714031663894,247.43915307278945,5.999006200112647,1.4438320987993025e-08,0.0005681621600004405,0.27905546605,0.5115026426429754,34.25621351308766,0.4180989660934973
SQuADDS_fqOnly,36,chip_simple_dx0p000_dym5p455__Lj12p0nH_Cj2p0fF__roL8p5mm__tee_fl160um_fc12_cg1p2um__rpg1p4um,4.72839728936,5.92461245195,5.86921667430687,213.1829395597018,5.58090723401915,7,chip_simple_dxm2p727_dy3p636__Lj12p0nH_Cj2p0fF__roL8p5mm__tee_fl160um_fc12_cg1p2um__rpg1p4um,4.72771327144,6.17379279793,5.623312453847885,248.72072138405872,5.943747599398507,2.092700315427851e-08,0.0006840179200002794,0.24918034598000016,0.24590422045898475,35.53778182435693,0.36284036537935727
SQuADDS_fqOnly,36,chip_simple_dx0p000_dym5p455__Lj12p0nH_Cj2p0fF__roL8p5mm__tee_fl160um_fc12_cg1p2um__rpg1p4um,4.72839728936,5.92461245195,5.86921667430687,213.1829395597018,5.58090723401915,8,chip_simple_dxm10p000_dym4p545__Lj12p0nH_Cj2p0fF__roL8p5mm__tee_fl160um_fc12_cg1p2um__rpg1p4um,4.72747685651,6.02391173404,6.181771411222457,235.80879165767425,5.79330242515557,3.7892765381007975e-08,0.0009204328500000969,0.0992992820900005,0.31255473691558766,22.625852097972455,0.21239519113642036
SQuADDS_fqOnly,36,chip_simple_dx0p000_dym5p455__Lj12p0nH_Cj2p0fF__roL8p5mm__tee_fl160um_fc12_cg1p2um__rpg1p4um,4.72839728936,5.92461245195,5.86921667430687,213.1829395597018,5.58090723401915,9,chip_simple_dxm1p818_dym7p273__Lj12p0nH_Cj2p0fF__roL8p5mm__tee_fl160um_fc12_cg1p2um__rpg1p4um,4.72966798924,6.05250642258,5.009293360359192,215.8384701913219,5.825431465095559,7.222009550850875e-08,0.001270699880000059,0.12789397062999974,0.8599233139476778,2.6555306316201097,0.24452423107640975
SQuADDS_fqOnly,36,chip_simple_dx0p000_dym5p455__Lj12p0nH_Cj2p0fF__roL8p5mm__tee_fl160um_fc12_cg1p2um__rpg1p4um,4.72839728936,5.92461245195,5.86921667430687,213.1829395597018,5.58090723401915,10,chip_simple_dx10p000_dym6p364__Lj12p0nH_Cj2p0fF__roL8p5mm__tee_fl160um_fc12_cg1p2um__rpg1p4um,4.72676334755,6.12769509524,5.428620394487381,237.2099123366833,5.930169327664392,1.1941125211614653e-07,0.0016339418099997616,0.20308264329000014,0.4405962798194887,24.026972776981495,0.3492620936452422
SQuADDS_fqOnly,37,chip_simple_dx0p000_dym3p636__Lj12p0nH_Cj2p0fF__roL8p5mm__tee_fl160um_fc12_cg1p2um__rpg1p4um,4.72612336149,6.18704295133,5.69404318081665,252.795946074152,6.004656007623384,1,chip_simple_dx0p000_dym10p000__Lj12p0nH_Cj2p0fF__roL8p5mm__tee_fl160um_fc12_cg1p2um__rpg1p4um,4.72617335759,6.18783165048,5.473578181682586,247.93824058661983,5.979999407972001,1.1190826156119907e-10,4.9996099999560784e-05,0.0007886991500001272,0.22046499913406414,4.857705487532172,0.024656599651383004
SQuADDS_fqOnly,37,chip_simple_dx0p000_dym3p636__Lj12p0nH_Cj2p0fF__roL8p5mm__tee_fl160um_fc12_cg1p2um__rpg1p4um,4.72612336149,6.18704295133,5.69404318081665,252.795946074152,6.004656007623384,2,chip_simple_dxm7p273_dym0p909__Lj12p0nH_Cj2p0fF__roL8p5mm__tee_fl160um_fc12_cg1p2um__rpg1p4um,4.72621293074,6.21473069466,5.538169261859894,253.698082410752,6.053599860673863,3.591763796033192e-10,8.956925000003224e-05,0.02768774333000046,0.15587391895675662,0.9021363365999946,0.04894385305047866
SQuADDS_fqOnly,37,chip_simple_dx0p000_dym3p636__Lj12p0nH_Cj2p0fF__roL8p5mm__tee_fl160um_fc12_cg1p2um__rpg1p4um,4.72612336149,6.18704295133,5.69404318081665,252.795946074152,6.004656007623384,3,chip_simple_dx2p727_dy8p182__Lj12p0nH_Cj2p0fF__roL8p5mm__tee_fl160um_fc12_cg1p2um__rpg1p4um,4.72577115301,6.11702248151,5.67343218500328,241.13444090201696,5.90532555190526,5.5537907060718026e-09,0.0003522084799998382,0.07002046981999932,0.020610995813370003,11.661505172135037,0.09933045571812471
SQuADDS_fqOnly,37,chip_simple_dx0p000_dym3p636__Lj12p0nH_Cj2p0fF__roL8p5mm__tee_fl160um_fc12_cg1p2um__rpg1p4um,4.72612336149,6.18704295133,5.69404318081665,252.795946074152,6.004656007623384,4,chip_simple_dx2p727_dy4p545__Lj12p0nH_Cj2p0fF__roL8p5mm__tee_fl160um_fc12_cg1p2um__rpg1p4um,4.72661637865,6.17653112846,5.815809796421051,253.68702655650372,5.959841194906359,1.0882131369712664e-08,0.0004930171600001643,0.010511822869999854,0.12176661560440039,0.8910804823517253,0.04481481271702492
SQuADDS_fqOnly,37,chip_simple_dx0p000_dym3p636__Lj12p0nH_Cj2p0fF__roL8p5mm__tee_fl160um_fc12_cg1p2um__rpg1p4um,4.72612336149,6.18704295133,5.69404318081665,252.795946074152,6.004656007623384,5,chip_simple_dxm3p636_dym10p000__Lj12p0nH_Cj2p0fF__roL8p5mm__tee_fl160um_fc12_cg1p2um__rpg1p4um,4.72557516817,6.0961813609,5.652686272777557,237.36475682712327,5.807200983518184,1.3454184267696425e-08,0.0005481933200002231,0.09086159042999942,0.0413569080390932,15.431189247028726,0.19745502410520022
SQuADDS_fqOnly,37,chip_simple_dx0p000_dym3p636__Lj12p0nH_Cj2p0fF__roL8p5mm__tee_fl160um_fc12_cg1p2um__rpg1p4um,4.72612336149,6.18704295133,5.69404318081665,252.795946074152,6.004656007623384,6,chip_simple_dx4p545_dym0p909__Lj12p0nH_Cj2p0fF__roL8p5mm__tee_fl160um_fc12_cg1p2um__rpg1p4um,4.7255365678,6.0505170878,6.107614511497498,239.2497887649095,5.805207767962136,1.541561173056838e-08,0.0005867936900001425,0.1365258635299993,0.4135713306808473,13.546157309242489,0.19944823966124847
SQuADDS_fqOnly,37,chip_simple_dx0p000_dym3p636__Lj12p0nH_Cj2p0fF__roL8p5mm__tee_fl160um_fc12_cg1p2um__rpg1p4um,4.72612336149,6.18704295133,5.69404318081665,252.795946074152,6.004656007623384,7,chip_simple_dx5p455_dym2p727__Lj12p0nH_Cj2p0fF__roL8p5mm__tee_fl160um_fc12_cg1p2um__rpg1p4um,4.72671328787,6.1181183266,5.450069299165725,236.2126742133905,5.905966219312021,1.5580648409132745e-08,0.0005899263799999943,0.06892462472999927,0.24397388165092515,16.5832718607615,0.0986897883113631
SQuADDS_fqOnly,37,chip_simple_dx0p000_dym3p636__Lj12p0nH_Cj2p0fF__roL8p5mm__tee_fl160um_fc12_cg1p2um__rpg1p4um,4.72612336149,6.18704295133,5.69404318081665,252.795946074152,6.004656007623384,8,chip_simple_dx10p000_dym6p364__Lj12p0nH_Cj2p0fF__roL8p5mm__tee_fl160um_fc12_cg1p2um__rpg1p4um,4.72676334755,6.12769509524,5.428620394487381,237.2099123366833,5.930169327664392,1.833711134043808e-08,0.0006399860600003748,0.059347856089999595,0.2654227863292693,15.58603373746871,0.0744866799589925
SQuADDS_fqOnly,37,chip_simple_dx0p000_dym3p636__Lj12p0nH_Cj2p0fF__roL8p5mm__tee_fl160um_fc12_cg1p2um__rpg1p4um,4.72612336149,6.18704295133,5.69404318081665,252.795946074152,6.004656007623384,9,chip_simple_dxm9p091_dy10p000__Lj12p0nH_Cj2p0fF__roL8p5mm__tee_fl160um_fc12_cg1p2um__rpg1p4um,4.7252089608,6.13650588385,5.541704983503341,241.53134360669733,5.967068128664825,3.743371963931086e-08,0.00091440069000015,0.05053706747999964,0.1523381973133091,11.264602467454665,0.03758787895855953
SQuADDS_fqOnly,37,chip_simple_dx0p000_dym3p636__Lj12p0nH_Cj2p0fF__roL8p5mm__tee_fl160um_fc12_cg1p2um__rpg1p4um,4.72612336149,6.18704295133,5.69404318081665,252.795946074152,6.004656007623384,10,chip_simple_dxm4p545_dy7p273__Lj12p0nH_Cj2p0fF__roL8p5mm__tee_fl160um_fc12_cg1p2um__rpg1p4um,4.72503834706,6.09396858071,5.364709826208115,230.88388505499736,5.8866465937490124,5.270610480632804e-08,0.0010850144300000863,0.09307437061999924,0.3293333546085355,21.912061019154635,0.11800941387437192
SQuADDS_fqOnly,38,chip_simple_dx0p000_dy7p273__Lj12p0nH_Cj2p0fF__roL8p5mm__tee_fl160um_fc12_cg1p2um__rpg1p4um,4.60121050011,6.17360640727,6.32578533212471,293.2158087846097,5.983718913317313,1,fig5_cg3p0um_rpg1p0um__Lj12p0nH_Cj0p0fF__roL8p5mm__tee_fl160um_fc12,4.5918495592,6.3683346429,6.310808488025665,329.7787087605889,6.339102179225892,4.1389940609710264e-06,0.009360940909999727,0.19472823562999952,0.014976844099044762,36.562899975979235,0.3553832659085794
SQuADDS_fqOnly,38,chip_simple_dx0p000_dy7p273__Lj12p0nH_Cj2p0fF__roL8p5mm__tee_fl160um_fc12_cg1p2um__rpg1p4um,4.60121050011,6.17360640727,6.32578533212471,293.2158087846097,5.983718913317313,2,chip_simple_dx4p545_dym6p364__Lj12p0nH_Cj2p0fF__roL8p5mm__tee_fl160um_fc12_cg1p2um__rpg1p4um,4.61231478285,6.1335076061,6.798953771820068,294.2549832930316,5.929705086318325,5.824207219451428e-06,0.011104282740000748,0.04009880117000009,0.4731684396953586,1.0391745084219224,0.054013826998987824
SQuADDS_fqOnly,38,chip_simple_dx0p000_dy7p273__Lj12p0nH_Cj2p0fF__roL8p5mm__tee_fl160um_fc12_cg1p2um__rpg1p4um,4.60121050011,6.17360640727,6.32578533212471,293.2158087846097,5.983718913317313,3,chip_simple_dx4p545_dym2p727__Lj12p0nH_Cj2p0fF__roL8p5mm__tee_fl160um_fc12_cg1p2um__rpg1p4um,4.61269243006,6.02903831277,6.513506029554367,269.0501313175289,5.767352914265127,6.2270962932516815e-06,0.011481929950000413,0.1445680945000003,0.1877206974296577,24.165677467080798,0.21636599905218556
SQuADDS_fqOnly,38,chip_simple_dx0p000_dy7p273__Lj12p0nH_Cj2p0fF__roL8p5mm__tee_fl160um_fc12_cg1p2um__rpg1p4um,4.60121050011,6.17360640727,6.32578533212471,293.2158087846097,5.983718913317313,4,fig5_cg1p5um_rpg0p5um__Lj12p0nH_Cj0p0fF__roL8p5mm__tee_fl160um_fc12,4.58877032672,6.22033143163,7.875931111408233,340.7758897032887,6.21478508076179,7.309853324297176e-06,0.01244017338999992,0.0467250243599997,1.5501457792835236,47.560080918679034,0.23106616744447717
SQuADDS_fqOnly,38,chip_simple_dx0p000_dy7p273__Lj12p0nH_Cj2p0fF__roL8p5mm__tee_fl160um_fc12_cg1p2um__rpg1p4um,4.60121050011,6.17360640727,6.32578533212471,293.2158087846097,5.983718913317313,5,chip_simple_dx6p364_dym9p091__Lj12p0nH_Cj2p0fF__roL8p5mm__tee_fl160um_fc12_cg1p2um__rpg1p4um,4.61408891639,5.8348431258,7.157018945320129,245.81994975321848,5.524957872223877,7.833948527538414e-06,0.012878416280000415,0.33876328147000034,0.831233613195419,47.39585903139121,0.4587610410934362
SQuADDS_fqOnly,38,chip_simple_dx0p000_dy7p273__Lj12p0nH_Cj2p0fF__roL8p5mm__tee_fl160um_fc12_cg1p2um__rpg1p4um,4.60121050011,6.17360640727,6.32578533212471,293.2158087846097,5.983718913317313,6,chip_simple_dxm8p182_dym3p636__Lj12p0nH_Cj2p0fF__roL8p5mm__tee_fl160um_fc12_cg1p2um__rpg1p4um,4.62081617264,6.04082312115,6.552176032234192,270.0441205602928,5.824573659816503,1.8155962808869688e-05,0.019605672530000007,0.13278328612000045,0.2263907001094827,23.17168822431688,0.1591452535008102
SQuADDS_fqOnly,38,chip_simple_dx0p000_dy7p273__Lj12p0nH_Cj2p0fF__roL8p5mm__tee_fl160um_fc12_cg1p2um__rpg1p4um,4.60121050011,6.17360640727,6.32578533212471,293.2158087846097,5.983718913317313,7,chip_simple_dxm3p636_dy9p091__Lj12p0nH_Cj2p0fF__roL8p5mm__tee_fl160um_fc12_cg1p2um__rpg1p4um,4.62084919539,5.95705478637,6.328790958219528,250.74156710024863,5.650228638303578,1.8217176190174404e-05,0.019638695280000285,0.21655162090000069,0.003005626094818581,42.47424168436106,0.33349027501373474
SQuADDS_fqOnly,38,chip_simple_dx0p000_dy7p273__Lj12p0nH_Cj2p0fF__roL8p5mm__tee_fl160um_fc12_cg1p2um__rpg1p4um,4.60121050011,6.17360640727,6.32578533212471,293.2158087846097,5.983718913317313,8,chip_simple_dx5p455_dy7p273__Lj12p0nH_Cj2p0fF__roL8p5mm__tee_fl160um_fc12_cg1p2um__rpg1p4um,4.63016259455,5.90653520192,7.5051360739383695,261.5882571358774,5.619886396297611,3.959275924783992e-05,0.02895209444000013,0.2670712053500006,1.1793507418136597,31.627551648732265,0.3638325170197021
SQuADDS_fqOnly,38,chip_simple_dx0p000_dy7p273__Lj12p0nH_Cj2p0fF__roL8p5mm__tee_fl160um_fc12_cg1p2um__rpg1p4um,4.60121050011,6.17360640727,6.32578533212471,293.2158087846097,5.983718913317313,9,fig5_cg2p0um_rpg0p5um__Lj12p0nH_Cj0p0fF__roL8p5mm__tee_fl160um_fc12,4.56457478395,6.29107307619,7.123120399354934,343.529891336186,6.286368287736043,6.339648319100362e-05,0.036635716159999276,0.11746666891999968,0.7973350672302244,50.31408255157629,0.3026493744187304
SQuADDS_fqOnly,38,chip_simple_dx0p000_dy7p273__Lj12p0nH_Cj2p0fF__roL8p5mm__tee_fl160um_fc12_cg1p2um__rpg1p4um,4.60121050011,6.17360640727,6.32578533212471,293.2158087846097,5.983718913317313,10,chip_simple_dx4p545_dy3p636__Lj12p0nH_Cj2p0fF__roL8p5mm__tee_fl160um_fc12_cg1p2um__rpg1p4um,4.6391490467,6.1400873545,6.087010506978988,273.04723708403606,5.896341322884301,6.798563746798367e-05,0.0379385465900004,0.03351905277,0.2387748251457218,20.168571700573636,0.08737759043301185
SQuADDS_fqOnly,39,chip_simple_dx0p000_dy9p091__Lj12p0nH_Cj2p0fF__roL8p5mm__tee_fl160um_fc12_cg1p2um__rpg1p4um,4.69248631541,6.18716502488,5.242757017772674,249.32244368071773,5.952568618706093,1,chip_simple_dx6p364_dy4p545__Lj12p0nH_Cj2p0fF__roL8p5mm__tee_fl160um_fc12_cg1p2um__rpg1p4um,4.69228317141,6.1818937723,6.127078645599365,269.0377447147971,5.989088593117621,1.874139740273661e-09,0.0002031440000003215,0.005271252580000052,0.884321627826691,19.715301034079374,0.036519974411528544
SQuADDS_fqOnly,39,chip_simple_dx0p000_dy9p091__Lj12p0nH_Cj2p0fF__roL8p5mm__tee_fl160um_fc12_cg1p2um__rpg1p4um,4.69248631541,6.18716502488,5.242757017772674,249.32244368071773,5.952568618706093,2,chip_simple_dx7p273_dym9p091__Lj12p0nH_Cj2p0fF__roL8p5mm__tee_fl160um_fc12_cg1p2um__rpg1p4um,4.6928216438,6.0417170803,6.165310552288055,246.04724963381204,5.790205003998438,5.106632654480794e-09,0.0003353283900002779,0.14544794457999988,0.922553534515381,3.275194046905682,0.1623636147076546
SQuADDS_fqOnly,39,chip_simple_dx0p000_dy9p091__Lj12p0nH_Cj2p0fF__roL8p5mm__tee_fl160um_fc12_cg1p2um__rpg1p4um,4.69248631541,6.18716502488,5.242757017772674,249.32244368071773,5.952568618706093,3,chip_simple_dx5p455_dy6p364__Lj12p0nH_Cj2p0fF__roL8p5mm__tee_fl160um_fc12_cg1p2um__rpg1p4um,4.69287787871,6.10805951866,5.762084338729858,248.49446089822925,5.901551024983598,6.963024614357909e-09,0.0003915633000000085,0.07910550621999946,0.519327320957184,0.8279827824884762,0.051017593722495036
SQuADDS_fqOnly,39,chip_simple_dx0p000_dy9p091__Lj12p0nH_Cj2p0fF__roL8p5mm__tee_fl160um_fc12_cg1p2um__rpg1p4um,4.69248631541,6.18716502488,5.242757017772674,249.32244368071773,5.952568618706093,4,chip_simple_dxm2p727_dy2p727__Lj12p0nH_Cj2p0fF__roL8p5mm__tee_fl160um_fc12_cg1p2um__rpg1p4um,4.69292169855,6.12459458775,6.071658140985488,258.0113497070096,5.889099829288583,8.608692294062824e-09,0.000435383140000134,0.06257043712999977,0.8289011232128143,8.688906026291846,0.06346878941750944
SQuADDS_fqOnly,39,chip_simple_dx0p000_dy9p091__Lj12p0nH_Cj2p0fF__roL8p5mm__tee_fl160um_fc12_cg1p2um__rpg1p4um,4.69248631541,6.18716502488,5.242757017772674,249.32244368071773,5.952568618706093,5,chip_simple_dx9p091_dym6p364__Lj12p0nH_Cj2p0fF__roL8p5mm__tee_fl160um_fc12_cg1p2um__rpg1p4um,4.69330723701,5.96815675403,5.833106887407302,226.8800540792516,5.674148599783987,3.060534900570028e-08,0.0008209215999999131,0.21900827084999985,0.5903498696346281,22.442389601466118,0.2784200189221062
SQuADDS_fqOnly,39,chip_simple_dx0p000_dy9p091__Lj12p0nH_Cj2p0fF__roL8p5mm__tee_fl160um_fc12_cg1p2um__rpg1p4um,4.69248631541,6.18716502488,5.242757017772674,249.32244368071773,5.952568618706093,6,chip_simple_dxm0p909_dy9p091__Lj12p0nH_Cj2p0fF__roL8p5mm__tee_fl160um_fc12_cg1p2um__rpg1p4um,4.69371229441,6.15775711443,5.5688977525024415,252.0576475169164,5.970794629409332,6.825901747794837e-08,0.0012259789999999882,0.029407910449999797,0.32614073472976735,2.7352038361986786,0.01822601070323948
SQuADDS_fqOnly,39,chip_simple_dx0p000_dy9p091__Lj12p0nH_Cj2p0fF__roL8p5mm__tee_fl160um_fc12_cg1p2um__rpg1p4um,4.69248631541,6.18716502488,5.242757017772674,249.32244368071773,5.952568618706093,7,chip_simple_dxm6p364_dy2p727__Lj12p0nH_Cj2p0fF__roL8p5mm__tee_fl160um_fc12_cg1p2um__rpg1p4um,4.69381999507,6.14208387603,5.425729793823242,246.2806752541244,5.919433779171552,8.077873094673792e-08,0.0013336796600000866,0.045081148849999586,0.18297277605056816,3.041768426593336,0.033134839534540994
SQuADDS_fqOnly,39,chip_simple_dx0p000_dy9p091__Lj12p0nH_Cj2p0fF__roL8p5mm__tee_fl160um_fc12_cg1p2um__rpg1p4um,4.69248631541,6.18716502488,5.242757017772674,249.32244368071773,5.952568618706093,8,chip_simple_dxm6p364_dy0p909__Lj12p0nH_Cj2p0fF__roL8p5mm__tee_fl160um_fc12_cg1p2um__rpg1p4um,4.69107050135,6.04188144188,5.995209583665847,242.9076041180208,5.775200553792946,9.103458404337261e-08,0.0014158140600004643,0.14528358299999944,0.7524525658931731,6.414839562696926,0.17736806491314727
SQuADDS_fqOnly,39,chip_simple_dx0p000_dy9p091__Lj12p0nH_Cj2p0fF__roL8p5mm__tee_fl160um_fc12_cg1p2um__rpg1p4um,4.69248631541,6.18716502488,5.242757017772674,249.32244368071773,5.952568618706093,9,chip_simple_dx8p182_dy0p000__Lj12p0nH_Cj2p0fF__roL8p5mm__tee_fl160um_fc12_cg1p2um__rpg1p4um,4.69396142723,6.02675894613,5.976145094621658,239.3240589141231,5.749179643443574,9.881977403134348e-08,0.0014751118199995972,0.16040607874999946,0.7333880768489838,9.998384766594626,0.2033889752625191
SQuADDS_fqOnly,39,chip_simple_dx0p000_dy9p091__Lj12p0nH_Cj2p0fF__roL8p5mm__tee_fl160um_fc12_cg1p2um__rpg1p4um,4.69248631541,6.18716502488,5.242757017772674,249.32244368071773,5.952568618706093,10,chip_simple_dxm6p364_dym6p364__Lj12p0nH_Cj2p0fF__roL8p5mm__tee_fl160um_fc12_cg1p2um__rpg1p4um,4.694303295,5.73292356703,7.78119146445465,217.5136410235189,5.349158182110234,1.4993190819570697e-07,0.0018169795900000452,0.45424145784999936,2.5384344466819755,31.80880265719884,0.6034104365958592
SQuADDS_fqOnly,40,chip_simple_dx0p909_dym10p000__Lj12p0nH_Cj2p0fF__roL8p5mm__tee_fl160um_fc12_cg1p2um__rpg1p4um,4.75971213917,6.07465492096,5.310514949054718,219.69317393009035,5.782856387995313,1,chip_simple_dx6p364_dy5p455__Lj12p0nH_Cj2p0fF__roL8p5mm__tee_fl160um_fc12_cg1p2um__rpg1p4um,4.75961106113,6.17987418055,5.471624193309784,239.6637891813426,5.978039249428953,4.509747722617379e-10,0.00010107804000014653,0.10521925959000011,0.16110924425506568,19.97061525125224,0.19518286143363994
SQuADDS_fqOnly,40,chip_simple_dx0p909_dym10p000__Lj12p0nH_Cj2p0fF__roL8p5mm__tee_fl160um_fc12_cg1p2um__rpg1p4um,4.75971213917,6.07465492096,5.310514949054718,219.69317393009035,5.782856387995313,2,chip_simple_dxm0p909_dy10p000__Lj12p0nH_Cj2p0fF__roL8p5mm__tee_fl160um_fc12_cg1p2um__rpg1p4um,4.7596073888,6.17130833515,5.436190106533051,237.52990155709296,5.985712615463627,4.843393508408202e-10,0.00010475037000023946,0.0966534141900004,0.1256751574783328,17.836727627002603,0.2028562274683141
SQuADDS_fqOnly,40,chip_simple_dx0p909_dym10p000__Lj12p0nH_Cj2p0fF__roL8p5mm__tee_fl160um_fc12_cg1p2um__rpg1p4um,4.75971213917,6.07465492096,5.310514949054718,219.69317393009035,5.782856387995313,3,chip_simple_dxm5p455_dym1p818__Lj12p0nH_Cj2p0fF__roL8p5mm__tee_fl160um_fc12_cg1p2um__rpg1p4um,4.75999782134,6.06096972586,6.083840508966445,233.18069262989704,5.818607968498037,3.6025075204412735e-09,0.00028568216999946827,0.01368519509999988,0.7733255599117275,13.487518699806685,0.03575158050272442
SQuADDS_fqOnly,40,chip_simple_dx0p909_dym10p000__Lj12p0nH_Cj2p0fF__roL8p5mm__tee_fl160um_fc12_cg1p2um__rpg1p4um,4.75971213917,6.07465492096,5.310514949054718,219.69317393009035,5.782856387995313,4,chip_simple_dxm10p000_dy7p273__Lj12p0nH_Cj2p0fF__roL8p5mm__tee_fl160um_fc12_cg1p2um__rpg1p4um,4.75999951361,6.22178916275,5.0841642122612,237.2013025682522,6.078326997296887,3.645313634661857e-09,0.0002873744400000433,0.14713424179000079,0.2263507367935178,17.50812863816185,0.2954706093015744
SQuADDS_fqOnly,40,chip_simple_dx0p909_dym10p000__Lj12p0nH_Cj2p0fF__roL8p5mm__tee_fl160um_fc12_cg1p2um__rpg1p4um,4.75971213917,6.07465492096,5.310514949054718,219.69317393009035,5.782856387995313,5,fig5_cg1p5um_rpg1p0um__Lj12p0nH_Cj0p0fF__roL8p5mm__tee_fl160um_fc12,4.7605818776,6.21817087681,5.831666317903518,253.65164600383045,6.132701943451215,3.338996349478102e-08,0.0008697384299996003,0.14351595585000076,0.5211513688488001,33.9584720737401,0.3498455554559019
SQuADDS_fqOnly,40,chip_simple_dx0p909_dym10p000__Lj12p0nH_Cj2p0fF__roL8p5mm__tee_fl160um_fc12_cg1p2um__rpg1p4um,4.75971213917,6.07465492096,5.310514949054718,219.69317393009035,5.782856387995313,6,chip_simple_dxm5p455_dym9p091__Lj12p0nH_Cj2p0fF__roL8p5mm__tee_fl160um_fc12_cg1p2um__rpg1p4um,4.76071606991,6.19247843515,5.276129411603927,237.048860050158,6.024670026728766,4.448833258676597e-08,0.0010039307399996034,0.11782351419000037,0.03438553745079087,17.355686120067645,0.2418136387334533
SQuADDS_fqOnly,40,chip_simple_dx0p909_dym10p000__Lj12p0nH_Cj2p0fF__roL8p5mm__tee_fl160um_fc12_cg1p2um__rpg1p4um,4.75971213917,6.07465492096,5.310514949054718,219.69317393009035,5.782856387995313,7,chip_simple_dx9p091_dy0p000__Lj12p0nH_Cj2p0fF__roL8p5mm__tee_fl160um_fc12_cg1p2um__rpg1p4um,4.76124240378,5.85151588254,6.177502768482208,199.56867499694044,5.536085214131183,1.0336456782455595e-07,0.0015302646099994988,0.22313903841999938,0.8669878194274903,20.12449893314991,0.24677117386413006
SQuADDS_fqOnly,40,chip_simple_dx0p909_dym10p000__Lj12p0nH_Cj2p0fF__roL8p5mm__tee_fl160um_fc12_cg1p2um__rpg1p4um,4.75971213917,6.07465492096,5.310514949054718,219.69317393009035,5.782856387995313,8,chip_simple_dxm0p909_dym7p273__Lj12p0nH_Cj2p0fF__roL8p5mm__tee_fl160um_fc12_cg1p2um__rpg1p4um,4.75815924126,6.1503762955,5.517979939285278,236.3512702128378,5.986477532708683,1.0644479623262778e-07,0.0015528979100007945,0.0757213745400005,0.20746499023056053,16.658096282747437,0.20362114471337023
SQuADDS_fqOnly,40,chip_simple_dx0p909_dym10p000__Lj12p0nH_Cj2p0fF__roL8p5mm__tee_fl160um_fc12_cg1p2um__rpg1p4um,4.75971213917,6.07465492096,5.310514949054718,219.69317393009035,5.782856387995313,9,chip_simple_dx0p909_dym7p273__Lj12p0nH_Cj2p0fF__roL8p5mm__tee_fl160um_fc12_cg1p2um__rpg1p4um,4.7614879753,6.08901350731,5.709311675077438,229.9700636116568,5.849530220387646,1.3920165516992987e-07,0.0017758361299993197,0.014358586350000202,0.3987967260227201,10.276889681566445,0.0666738323923326
SQuADDS_fqOnly,40,chip_simple_dx0p909_dym10p000__Lj12p0nH_Cj2p0fF__roL8p5mm__tee_fl160um_fc12_cg1p2um__rpg1p4um,4.75971213917,6.07465492096,5.310514949054718,219.69317393009035,5.782856387995313,10,chip_simple_dx9p091_dy5p455__Lj12p0nH_Cj2p0fF__roL8p5mm__tee_fl160um_fc12_cg1p2um__rpg1p4um,4.7579347478,6.14116345285,5.347422351387023,231.2241237006332,5.920297827562249,1.3944558171045154e-07,0.0017773913700001032,0.06650853189000028,0.036907402332305494,11.530949770542861,0.13744143956693566
SQuADDS_fqOnly,41,chip_simple_dx0p909_dym0p909__Lj12p0nH_Cj2p0fF__roL8p5mm__tee_fl160um_fc12_cg1p2um__rpg1p4um,4.73041475635,6.13915705239,5.531350560152053,240.65162948709263,5.907224899753467,1,chip_simple_dxm8p182_dym4p545__Lj12p0nH_Cj2p0fF__roL8p5mm__tee_fl160um_fc12_cg1p2um__rpg1p4um,4.73043071526,6.17100144044,5.767042214794159,250.8990176723497,5.986730956844874,1.1381722939331805e-11,1.5958909999724824e-05,0.03184438805000056,0.23569165464210595,10.247388185257051,0.07950605709140746
SQuADDS_fqOnly,41,chip_simple_dx0p909_dym0p909__Lj12p0nH_Cj2p0fF__roL8p5mm__tee_fl160um_fc12_cg1p2um__rpg1p4um,4.73041475635,6.13915705239,5.531350560152053,240.65162948709263,5.907224899753467,2,chip_simple_dx1p818_dy2p727__Lj12p0nH_Cj2p0fF__roL8p5mm__tee_fl160um_fc12_cg1p2um__rpg1p4um,4.73051218304,6.12803325906,5.421712024963378,236.38667356093669,5.88764607320176,4.2418709746988453e-10,9.742669000001314e-05,0.011123793329999465,0.10963853518867506,4.264955926155949,0.019578826551706285
SQuADDS_fqOnly,41,chip_simple_dx0p909_dym0p909__Lj12p0nH_Cj2p0fF__roL8p5mm__tee_fl160um_fc12_cg1p2um__rpg1p4um,4.73041475635,6.13915705239,5.531350560152053,240.65162948709263,5.907224899753467,3,chip_simple_dx3p636_dy8p182__Lj12p0nH_Cj2p0fF__roL8p5mm__tee_fl160um_fc12_cg1p2um__rpg1p4um,4.73023832949,6.13512220294,5.346158240707397,235.8529741168492,5.904860917666218,1.3910122926104325e-09,0.00017642686000041152,0.004034849449999989,0.1851923194446563,4.798655370243438,0.0023639820872487505
SQuADDS_fqOnly,41,chip_simple_dx0p909_dym0p909__Lj12p0nH_Cj2p0fF__roL8p5mm__tee_fl160um_fc12_cg1p2um__rpg1p4um,4.73041475635,6.13915705239,5.531350560152053,240.65162948709263,5.907224899753467,4,chip_simple_dx4p545_dy7p273__Lj12p0nH_Cj2p0fF__roL8p5mm__tee_fl160um_fc12_cg1p2um__rpg1p4um,4.73077815544,6.15447000621,5.330749682794571,238.4649203761867,5.9255175601275605,5.901592647264989e-09,0.0003633990900002715,0.01531295382000053,0.20060087735748233,2.186709110905923,0.018292660374093828
SQuADDS_fqOnly,41,chip_simple_dx0p909_dym0p909__Lj12p0nH_Cj2p0fF__roL8p5mm__tee_fl160um_fc12_cg1p2um__rpg1p4um,4.73041475635,6.13915705239,5.531350560152053,240.65162948709263,5.907224899753467,5,chip_simple_dxm1p818_dym7p273__Lj12p0nH_Cj2p0fF__roL8p5mm__tee_fl160um_fc12_cg1p2um__rpg1p4um,4.72966798924,6.05250642258,5.009293360359192,215.8384701913219,5.825431465095559,2.492137053863914e-08,0.0007467671099998796,0.08665062981000027,0.5220571997928616,24.81315929577073,0.08179343465790723
SQuADDS_fqOnly,41,chip_simple_dx0p909_dym0p909__Lj12p0nH_Cj2p0fF__roL8p5mm__tee_fl160um_fc12_cg1p2um__rpg1p4um,4.73041475635,6.13915705239,5.531350560152053,240.65162948709263,5.907224899753467,6,chip_simple_dx2p727_dy2p727__Lj12p0nH_Cj2p0fF__roL8p5mm__tee_fl160um_fc12_cg1p2um__rpg1p4um,4.73128014823,6.18706920741,5.709969924663543,252.0300867867861,5.997949180219245,3.3467801943843035e-08,0.0008653918799996774,0.04791215502000057,0.17861936451148974,11.378457299693451,0.0907242804657784
SQuADDS_fqOnly,41,chip_simple_dx0p909_dym0p909__Lj12p0nH_Cj2p0fF__roL8p5mm__tee_fl160um_fc12_cg1p2um__rpg1p4um,4.73041475635,6.13915705239,5.531350560152053,240.65162948709263,5.907224899753467,7,chip_simple_dx3p636_dy0p909__Lj12p0nH_Cj2p0fF__roL8p5mm__tee_fl160um_fc12_cg1p2um__rpg1p4um,4.73143429893,6.12491806194,5.389206310459136,234.98575964773192,5.885525347962422,4.6452842604117975e-08,0.0010195425799999214,0.014238990449999989,0.14214424969291706,5.66586983936071,0.02169955179104477
SQuADDS_fqOnly,41,chip_simple_dx0p909_dym0p909__Lj12p0nH_Cj2p0fF__roL8p5mm__tee_fl160um_fc12_cg1p2um__rpg1p4um,4.73041475635,6.13915705239,5.531350560152053,240.65162948709263,5.907224899753467,8,chip_simple_dxm0p909_dym4p545__Lj12p0nH_Cj2p0fF__roL8p5mm__tee_fl160um_fc12_cg1p2um__rpg1p4um,4.73152601443,6.08098781521,5.6054915347919465,232.6416415790713,5.819711093719061,5.5186318363066046e-08,0.0011112580799998995,0.058169237179999556,0.07414097463989311,8.009987908021344,0.08751380603440584
SQuADDS_fqOnly,41,chip_simple_dx0p909_dym0p909__Lj12p0nH_Cj2p0fF__roL8p5mm__tee_fl160um_fc12_cg1p2um__rpg1p4um,4.73041475635,6.13915705239,5.531350560152053,240.65162948709263,5.907224899753467,9,chip_simple_dx0p000_dy2p727__Lj12p0nH_Cj2p0fF__roL8p5mm__tee_fl160um_fc12_cg1p2um__rpg1p4um,4.73163640607,6.01912983001,6.151782347061157,233.4506181073812,5.795791516246615,6.669525817913775e-08,0.0012216497199997178,0.12002722238000008,0.6204317869091032,7.201011379711446,0.11143338350685195
SQuADDS_fqOnly,41,chip_simple_dx0p909_dym0p909__Lj12p0nH_Cj2p0fF__roL8p5mm__tee_fl160um_fc12_cg1p2um__rpg1p4um,4.73041475635,6.13915705239,5.531350560152053,240.65162948709263,5.907224899753467,10,chip_simple_dxm7p273_dym5p455__Lj12p0nH_Cj2p0fF__roL8p5mm__tee_fl160um_fc12_cg1p2um__rpg1p4um,4.73184455751,6.20479563684,5.572578645385742,251.6877216406616,6.007676605765333,9.135931794495439e-08,0.0014298011599995775,0.06563858445000026,0.041228085233688816,11.036092153568973,0.10045170601186637
SQuADDS_fqOnly,42,chip_simple_dx0p909_dy1p818__Lj12p0nH_Cj2p0fF__roL8p5mm__tee_fl160um_fc12_cg1p2um__rpg1p4um,4.72805541503,5.96254016051,6.395456623533248,229.17457992820783,5.710812142211281,1,chip_simple_dx6p364_dy0p000__Lj12p0nH_Cj2p0fF__roL8p5mm__tee_fl160um_fc12_cg1p2um__rpg1p4um,4.72795173232,6.02599393944,6.214404765487671,236.6306190453716,5.800547756468861,4.808920128887122e-10,0.00010368270999983054,0.06345377893000048,0.18105185804557777,7.456039117163755,0.08973561425758003
SQuADDS_fqOnly,42,chip_simple_dx0p909_dy1p818__Lj12p0nH_Cj2p0fF__roL8p5mm__tee_fl160um_fc12_cg1p2um__rpg1p4um,4.72805541503,5.96254016051,6.395456623533248,229.17457992820783,5.710812142211281,2,chip_simple_dx10p000_dym8p182__Lj12p0nH_Cj2p0fF__roL8p5mm__tee_fl160um_fc12_cg1p2um__rpg1p4um,4.7278291272,6.203667918,5.357714031663894,247.43915307278945,5.999006200112647,2.2906423164788748e-09,0.00022628783000033792,0.24112775749000015,1.0377425918693541,18.264573144581618,0.2881940579013662
SQuADDS_fqOnly,42,chip_simple_dx0p909_dy1p818__Lj12p0nH_Cj2p0fF__roL8p5mm__tee_fl160um_fc12_cg1p2um__rpg1p4um,4.72805541503,5.96254016051,6.395456623533248,229.17457992820783,5.710812142211281,3,chip_simple_dxm2p727_dy3p636__Lj12p0nH_Cj2p0fF__roL8p5mm__tee_fl160um_fc12_cg1p2um__rpg1p4um,4.72771327144,6.17379279793,5.623312453847885,248.72072138405872,5.943747599398507,5.2366277145728044e-09,0.0003421435900001768,0.21125263742000033,0.7721441696853635,19.546141455850886,0.2329354571872262
SQuADDS_fqOnly,42,chip_simple_dx0p909_dy1p818__Lj12p0nH_Cj2p0fF__roL8p5mm__tee_fl160um_fc12_cg1p2um__rpg1p4um,4.72805541503,5.96254016051,6.395456623533248,229.17457992820783,5.710812142211281,4,chip_simple_dx7p273_dy8p182__Lj12p0nH_Cj2p0fF__roL8p5mm__tee_fl160um_fc12_cg1p2um__rpg1p4um,4.72840082103,5.97315210181,5.691267652456284,217.62866557447816,5.647951458913108,5.336968489556554e-09,0.0003454060000001036,0.010611941300000538,0.704188971076964,11.545914353729671,0.0628606832981724
SQuADDS_fqOnly,42,chip_simple_dx0p909_dy1p818__Lj12p0nH_Cj2p0fF__roL8p5mm__tee_fl160um_fc12_cg1p2um__rpg1p4um,4.72805541503,5.96254016051,6.395456623533248,229.17457992820783,5.710812142211281,5,chip_simple_dxm1p818_dym2p727__Lj12p0nH_Cj2p0fF__roL8p5mm__tee_fl160um_fc12_cg1p2um__rpg1p4um,4.72848954954,6.17252809279,5.260969237106323,240.1187954409885,5.943850833343463,8.431085699080492e-09,0.0004341345099998506,0.20998793228000068,1.1344873864269251,10.944215512780659,0.23303869113218223
SQuADDS_fqOnly,42,chip_simple_dx0p909_dy1p818__Lj12p0nH_Cj2p0fF__roL8p5mm__tee_fl160um_fc12_cg1p2um__rpg1p4um,4.72805541503,5.96254016051,6.395456623533248,229.17457992820783,5.710812142211281,6,chip_simple_dx2p727_dym3p636__Lj12p0nH_Cj2p0fF__roL8p5mm__tee_fl160um_fc12_cg1p2um__rpg1p4um,4.72851008449,6.15393913849,5.502300477457046,242.70006914810185,5.946585208298799,9.247544959894026e-09,0.00045466945999983466,0.1913989779800005,0.8931561460762021,13.525489219894013,0.23577306608751858
SQuADDS_fqOnly,42,chip_simple_dx0p909_dy1p818__Lj12p0nH_Cj2p0fF__roL8p5mm__tee_fl160um_fc12_cg1p2um__rpg1p4um,4.72805541503,5.96254016051,6.395456623533248,229.17457992820783,5.710812142211281,7,chip_simple_dxm10p000_dym4p545__Lj12p0nH_Cj2p0fF__roL8p5mm__tee_fl160um_fc12_cg1p2um__rpg1p4um,4.72747685651,6.02391173404,6.181771411222457,235.80879165767425,5.79330242515557,1.4973711832569336e-08,0.0005785585199999943,0.06137157353000067,0.21368521231079107,6.634211729466415,0.08249028294428928
SQuADDS_fqOnly,42,chip_simple_dx0p909_dy1p818__Lj12p0nH_Cj2p0fF__roL8p5mm__tee_fl160um_fc12_cg1p2um__rpg1p4um,4.72805541503,5.96254016051,6.395456623533248,229.17457992820783,5.710812142211281,8,chip_simple_dx10p000_dym4p545__Lj12p0nH_Cj2p0fF__roL8p5mm__tee_fl160um_fc12_cg1p2um__rpg1p4um,4.72887741733,6.11605763171,5.721568623006821,241.3895574816467,5.882844555175796,3.022601888510009e-08,0.0008220022999996246,0.1535174712000007,0.6738880005264276,12.214977553438871,0.17203241296451566
SQuADDS_fqOnly,42,chip_simple_dx0p909_dy1p818__Lj12p0nH_Cj2p0fF__roL8p5mm__tee_fl160um_fc12_cg1p2um__rpg1p4um,4.72805541503,5.96254016051,6.395456623533248,229.17457992820783,5.710812142211281,9,chip_simple_dx10p000_dym6p364__Lj12p0nH_Cj2p0fF__roL8p5mm__tee_fl160um_fc12_cg1p2um__rpg1p4um,4.72676334755,6.12769509524,5.428620394487381,237.2099123366833,5.930169327664392,7.468016617970345e-08,0.001292067479999659,0.1651549347300003,0.9668362290458674,8.035332408475455,0.21935718545311111
SQuADDS_fqOnly,42,chip_simple_dx0p909_dy1p818__Lj12p0nH_Cj2p0fF__roL8p5mm__tee_fl160um_fc12_cg1p2um__rpg1p4um,4.72805541503,5.96254016051,6.395456623533248,229.17457992820783,5.710812142211281,10,chip_simple_dx5p455_dym2p727__Lj12p0nH_Cj2p0fF__roL8p5mm__tee_fl160um_fc12_cg1p2um__rpg1p4um,4.72671328787,6.1181183266,5.450069299165725,236.2126742133905,5.905966219312021,8.057906320272463e-08,0.0013421271600000395,0.15557816609000064,0.9453873243675233,7.038094285182666,0.1951540771007405
SQuADDS_fqOnly,43,chip_simple_dx0p909_dy8p182__Lj12p0nH_Cj2p0fF__roL8p5mm__tee_fl160um_fc12_cg1p2um__rpg1p4um,4.68790432134,6.07605330218,6.1550839484939575,252.6847248926069,5.829326184395551,1,chip_simple_dxm9p091_dy2p727__Lj12p0nH_Cj2p0fF__roL8p5mm__tee_fl160um_fc12_cg1p2um__rpg1p4um,4.68785660116,6.14920505102,6.378877137207031,269.97376724564526,5.9601401255266735,1.0362073481909358e-10,4.772017999954414e-05,0.07315174883999997,0.2237931887130733,17.289042353038354,0.1308139411311222
SQuADDS_fqOnly,43,chip_simple_dx0p909_dy8p182__Lj12p0nH_Cj2p0fF__roL8p5mm__tee_fl160um_fc12_cg1p2um__rpg1p4um,4.68790432134,6.07605330218,6.1550839484939575,252.6847248926069,5.829326184395551,2,chip_simple_dx6p364_dy8p182__Lj12p0nH_Cj2p0fF__roL8p5mm__tee_fl160um_fc12_cg1p2um__rpg1p4um,4.68815638567,6.01539640302,6.651202537282943,252.1465005767916,5.735438248599257,2.891114595206066e-09,0.0002520643300005787,0.0606568991600005,0.4961185887889856,0.538224315815313,0.09388793579629429
SQuADDS_fqOnly,43,chip_simple_dx0p909_dy8p182__Lj12p0nH_Cj2p0fF__roL8p5mm__tee_fl160um_fc12_cg1p2um__rpg1p4um,4.68790432134,6.07605330218,6.1550839484939575,252.6847248926069,5.829326184395551,3,chip_simple_dxm3p636_dym3p636__Lj12p0nH_Cj2p0fF__roL8p5mm__tee_fl160um_fc12_cg1p2um__rpg1p4um,4.68717781389,5.97834346452,6.698308181764602,246.63062343353235,5.688222825454348,2.4017216098728263e-08,0.0007265074499995805,0.09770983766000008,0.543224233270645,6.054101459074559,0.14110335894120318
SQuADDS_fqOnly,43,chip_simple_dx0p909_dy8p182__Lj12p0nH_Cj2p0fF__roL8p5mm__tee_fl160um_fc12_cg1p2um__rpg1p4um,4.68790432134,6.07605330218,6.1550839484939575,252.6847248926069,5.829326184395551,4,chip_simple_dx0p000_dy6p364__Lj12p0nH_Cj2p0fF__roL8p5mm__tee_fl160um_fc12_cg1p2um__rpg1p4um,4.68684275544,6.22626285193,5.869558168603897,271.87390077175473,6.055488773398548,5.127863315825757e-08,0.001061565899999728,0.15020954974999956,0.2855257798900608,19.189175879147825,0.22616258900299702
SQuADDS_fqOnly,43,chip_simple_dx0p909_dy8p182__Lj12p0nH_Cj2p0fF__roL8p5mm__tee_fl160um_fc12_cg1p2um__rpg1p4um,4.68790432134,6.07605330218,6.1550839484939575,252.6847248926069,5.829326184395551,5,chip_simple_dxm8p182_dy9p091__Lj12p0nH_Cj2p0fF__roL8p5mm__tee_fl160um_fc12_cg1p2um__rpg1p4um,4.68682128785,6.05207856918,6.670654395746231,259.2924998926468,5.805209593914802,5.337357510103127e-08,0.0010830334899996075,0.023974733000000192,0.5155704472522737,6.607775000039879,0.02411659048074899
SQuADDS_fqOnly,43,chip_simple_dx0p909_dy8p182__Lj12p0nH_Cj2p0fF__roL8p5mm__tee_fl160um_fc12_cg1p2um__rpg1p4um,4.68790432134,6.07605330218,6.1550839484939575,252.6847248926069,5.829326184395551,6,chip_simple_dxm1p818_dy4p545__Lj12p0nH_Cj2p0fF__roL8p5mm__tee_fl160um_fc12_cg1p2um__rpg1p4um,4.68668729165,6.13606112963,6.136175126768112,262.7664710804651,5.930337346209187,6.739766766324039e-08,0.0012170296899993716,0.06000782744999977,0.018908821725845293,10.081746187858215,0.10101116181363601
SQuADDS_fqOnly,43,chip_simple_dx0p909_dy8p182__Lj12p0nH_Cj2p0fF__roL8p5mm__tee_fl160um_fc12_cg1p2um__rpg1p4um,4.68790432134,6.07605330218,6.1550839484939575,252.6847248926069,5.829326184395551,7,chip_simple_dxm0p909_dym0p909__Lj12p0nH_Cj2p0fF__roL8p5mm__tee_fl160um_fc12_cg1p2um__rpg1p4um,4.68632924459,6.17134248768,5.411161615444184,252.1794734270908,5.976285666069374,1.1288752803113134e-07,0.001575076749999127,0.09528918549999954,0.7439223330497731,0.5052514655160962,0.14695948167382245
SQuADDS_fqOnly,43,chip_simple_dx0p909_dy8p182__Lj12p0nH_Cj2p0fF__roL8p5mm__tee_fl160um_fc12_cg1p2um__rpg1p4um,4.68790432134,6.07605330218,6.1550839484939575,252.6847248926069,5.829326184395551,8,chip_simple_dx0p909_dy2p727__Lj12p0nH_Cj2p0fF__roL8p5mm__tee_fl160um_fc12_cg1p2um__rpg1p4um,4.68950459777,6.08766133854,6.096332340703964,253.08284499290465,5.866286461039824,1.1652860269149864e-07,0.0016002764300004912,0.011608036360000185,0.05875160778999344,0.3981201002977457,0.03696027664427248
SQuADDS_fqOnly,43,chip_simple_dx0p909_dy8p182__Lj12p0nH_Cj2p0fF__roL8p5mm__tee_fl160um_fc12_cg1p2um__rpg1p4um,4.68790432134,6.07605330218,6.1550839484939575,252.6847248926069,5.829326184395551,9,chip_simple_dx7p273_dym5p455__Lj12p0nH_Cj2p0fF__roL8p5mm__tee_fl160um_fc12_cg1p2um__rpg1p4um,4.68956975271,6.00915982967,6.033120924316406,238.5769642035002,5.707892283474967,1.2621064986143932e-07,0.0016654313700001921,0.06689347251000033,0.12196302417755156,14.107760689106698,0.12143390092058404
SQuADDS_fqOnly,43,chip_simple_dx0p909_dy8p182__Lj12p0nH_Cj2p0fF__roL8p5mm__tee_fl160um_fc12_cg1p2um__rpg1p4um,4.68790432134,6.07605330218,6.1550839484939575,252.6847248926069,5.829326184395551,10,chip_simple_dx2p727_dy7p273__Lj12p0nH_Cj2p0fF__roL8p5mm__tee_fl160um_fc12_cg1p2um__rpg1p4um,4.68966238365,6.08117321467,5.692696949018478,243.42591072707387,5.793400597005795,1.4064070940339187e-07,0.001758062310000419,0.005119912489999656,0.4623869994754797,9.258814165533039,0.03592558738975615
SQuADDS_fqOnly,44,chip_simple_dx1p818_dym7p273__Lj12p0nH_Cj2p0fF__roL8p5mm__tee_fl160um_fc12_cg1p2um__rpg1p4um,4.74666112839,6.08358454415,5.664541106372833,231.1803356314868,5.849984420391888,1,chip_simple_dxm10p000_dym5p455__Lj12p0nH_Cj2p0fF__roL8p5mm__tee_fl160um_fc12_cg1p2um__rpg1p4um,4.74663028203,6.09244739086,5.497690521795272,229.06180088997965,5.833596212181217,4.223100239285305e-11,3.084636000050267e-05,0.008862846710000483,0.16685058457756075,2.1185347415071476,0.016388208210670996
SQuADDS_fqOnly,44,chip_simple_dx1p818_dym7p273__Lj12p0nH_Cj2p0fF__roL8p5mm__tee_fl160um_fc12_cg1p2um__rpg1p4um,4.74666112839,6.08358454415,5.664541106372833,231.1803356314868,5.849984420391888,2,chip_simple_dx3p636_dym0p909__Lj12p0nH_Cj2p0fF__roL8p5mm__tee_fl160um_fc12_cg1p2um__rpg1p4um,4.74682723468,6.06657591767,5.891095231824875,232.95693903075104,5.84385390194947,1.2246040769098491e-09,0.00016610628999913502,0.01700862648000001,0.2265541254520418,1.7766033992642463,0.006130518442417632
SQuADDS_fqOnly,44,chip_simple_dx1p818_dym7p273__Lj12p0nH_Cj2p0fF__roL8p5mm__tee_fl160um_fc12_cg1p2um__rpg1p4um,4.74666112839,6.08358454415,5.664541106372833,231.1803356314868,5.849984420391888,3,chip_simple_dx0p909_dy0p909__Lj12p0nH_Cj2p0fF__roL8p5mm__tee_fl160um_fc12_cg1p2um__rpg1p4um,4.74629473326,6.04239971887,5.894084815874099,229.19790488610408,5.810269347557483,5.958307727303071e-09,0.00036639513000036317,0.041184825280000226,0.22954370950126624,1.9824307453827146,0.03971507283440445
SQuADDS_fqOnly,44,chip_simple_dx1p818_dym7p273__Lj12p0nH_Cj2p0fF__roL8p5mm__tee_fl160um_fc12_cg1p2um__rpg1p4um,4.74666112839,6.08358454415,5.664541106372833,231.1803356314868,5.849984420391888,4,chip_simple_dxm6p364_dy5p455__Lj12p0nH_Cj2p0fF__roL8p5mm__tee_fl160um_fc12_cg1p2um__rpg1p4um,4.74714722938,6.10190388125,5.5239915411624905,230.99470980116783,5.886184494438364,1.0487610638173685e-08,0.0004861009899999047,0.018319337100000332,0.14054956521034256,0.18562583031896907,0.036200074046476516
SQuADDS_fqOnly,44,chip_simple_dx1p818_dym7p273__Lj12p0nH_Cj2p0fF__roL8p5mm__tee_fl160um_fc12_cg1p2um__rpg1p4um,4.74666112839,6.08358454415,5.664541106372833,231.1803356314868,5.849984420391888,5,chip_simple_dxm2p727_dy1p818__Lj12p0nH_Cj2p0fF__roL8p5mm__tee_fl160um_fc12_cg1p2um__rpg1p4um,4.74603018436,6.11585771515,5.539317374271392,233.78375966019303,5.921034401913258,1.7668725153075036e-08,0.0006309440300000801,0.032273170999999934,0.1252237321014409,2.603424028706229,0.07104998152137032
SQuADDS_fqOnly,44,chip_simple_dx1p818_dym7p273__Lj12p0nH_Cj2p0fF__roL8p5mm__tee_fl160um_fc12_cg1p2um__rpg1p4um,4.74666112839,6.08358454415,5.664541106372833,231.1803356314868,5.849984420391888,6,chip_simple_dx3p636_dym9p091__Lj12p0nH_Cj2p0fF__roL8p5mm__tee_fl160um_fc12_cg1p2um__rpg1p4um,4.74762783623,6.02799146582,5.311174287874222,214.95375549931185,5.736266000675814,4.147763884208117e-08,0.0009667078399999696,0.05559307833000027,0.3533668184986114,16.226580132174945,0.11371841971607388
SQuADDS_fqOnly,44,chip_simple_dx1p818_dym7p273__Lj12p0nH_Cj2p0fF__roL8p5mm__tee_fl160um_fc12_cg1p2um__rpg1p4um,4.74666112839,6.08358454415,5.664541106372833,231.1803356314868,5.849984420391888,7,chip_simple_dxm8p182_dym2p727__Lj12p0nH_Cj2p0fF__roL8p5mm__tee_fl160um_fc12_cg1p2um__rpg1p4um,4.74763898771,6.06492901197,5.550595968381882,225.6424239894449,5.805846601859689,4.244009066891393e-08,0.0009778593199998298,0.01865553217999949,0.1139451379909513,5.537911642041905,0.04413781853219856
SQuADDS_fqOnly,44,chip_simple_dx1p818_dym7p273__Lj12p0nH_Cj2p0fF__roL8p5mm__tee_fl160um_fc12_cg1p2um__rpg1p4um,4.74666112839,6.08358454415,5.664541106372833,231.1803356314868,5.849984420391888,8,chip_simple_dx9p091_dym3p636__Lj12p0nH_Cj2p0fF__roL8p5mm__tee_fl160um_fc12_cg1p2um__rpg1p4um,4.74768350608,6.11192641656,5.676827084125518,235.79656019646745,5.912170509194911,4.6392339299145986e-08,0.0010223776899991321,0.028341872410000413,0.012285977752685362,4.616224564980655,0.06218608880302323
SQuADDS_fqOnly,44,chip_simple_dx1p818_dym7p273__Lj12p0nH_Cj2p0fF__roL8p5mm__tee_fl160um_fc12_cg1p2um__rpg1p4um,4.74666112839,6.08358454415,5.664541106372833,231.1803356314868,5.849984420391888,9,chip_simple_dx10p000_dym7p273__Lj12p0nH_Cj2p0fF__roL8p5mm__tee_fl160um_fc12_cg1p2um__rpg1p4um,4.74780746006,6.110765979,5.967518097417831,241.6074469436823,5.84184513151947,5.832357359455755e-08,0.0011463316699993342,0.02718143485000013,0.3029769910449982,10.427111312195507,0.008139288872417438
SQuADDS_fqOnly,44,chip_simple_dx1p818_dym7p273__Lj12p0nH_Cj2p0fF__roL8p5mm__tee_fl160um_fc12_cg1p2um__rpg1p4um,4.74666112839,6.08358454415,5.664541106372833,231.1803356314868,5.849984420391888,10,chip_simple_dxm4p545_dym5p455__Lj12p0nH_Cj2p0fF__roL8p5mm__tee_fl160um_fc12_cg1p2um__rpg1p4um,4.74780934755,6.01171066353,5.136955881889343,208.8049312132329,5.762839564068083,5.8515796831592126e-08,0.0011482191599991864,0.07187388062000011,0.5275852244834898,22.375404418253908,0.0871448563238042
SQuADDS_fqOnly,45,chip_simple_dx1p818_dy3p636__Lj12p0nH_Cj2p0fF__roL8p5mm__tee_fl160um_fc12_cg1p2um__rpg1p4um,4.7147704111,6.16119909555,5.562345516431808,248.05193508888928,5.9861451046852325,1,chip_simple_dx8p182_dym4p545__Lj12p0nH_Cj2p0fF__roL8p5mm__tee_fl160um_fc12_cg1p2um__rpg1p4um,4.71494974134,6.02611343627,5.731930271121978,229.83680963166307,5.802565180291682,1.4467249148603726e-09,0.0001793302399999419,0.1350856592799996,0.16958475469017031,18.215125457226208,0.18357992439355098
SQuADDS_fqOnly,45,chip_simple_dx1p818_dy3p636__Lj12p0nH_Cj2p0fF__roL8p5mm__tee_fl160um_fc12_cg1p2um__rpg1p4um,4.7147704111,6.16119909555,5.562345516431808,248.05193508888928,5.9861451046852325,2,chip_simple_dx0p000_dy5p455__Lj12p0nH_Cj2p0fF__roL8p5mm__tee_fl160um_fc12_cg1p2um__rpg1p4um,4.71422601792,6.04446957881,6.030727920024871,239.0603629876928,5.790300833858292,1.3332274690832102e-08,0.0005443931800002133,0.11672951673999954,0.46838240359306305,8.991572101196482,0.19584427082694056
SQuADDS_fqOnly,45,chip_simple_dx1p818_dy3p636__Lj12p0nH_Cj2p0fF__roL8p5mm__tee_fl160um_fc12_cg1p2um__rpg1p4um,4.7147704111,6.16119909555,5.562345516431808,248.05193508888928,5.9861451046852325,3,chip_simple_dx7p273_dym10p000__Lj12p0nH_Cj2p0fF__roL8p5mm__tee_fl160um_fc12_cg1p2um__rpg1p4um,4.71410593197,6.1449710615,5.722861017044068,249.15509170209992,5.909600201967471,1.9862851313643565e-08,0.0006644791300001174,0.016228034050000062,0.16051550061226028,1.1031566132106434,0.07654490271776115
SQuADDS_fqOnly,45,chip_simple_dx1p818_dy3p636__Lj12p0nH_Cj2p0fF__roL8p5mm__tee_fl160um_fc12_cg1p2um__rpg1p4um,4.7147704111,6.16119909555,5.562345516431808,248.05193508888928,5.9861451046852325,4,chip_simple_dxm7p273_dym9p091__Lj12p0nH_Cj2p0fF__roL8p5mm__tee_fl160um_fc12_cg1p2um__rpg1p4um,4.71567791686,6.13728570621,5.180978092977524,235.3471631881372,5.912038976187492,3.704910164191789e-08,0.0009075057599998715,0.023913389339999647,0.3813674234542841,12.704771900752093,0.0741061284977409
SQuADDS_fqOnly,45,chip_simple_dx1p818_dy3p636__Lj12p0nH_Cj2p0fF__roL8p5mm__tee_fl160um_fc12_cg1p2um__rpg1p4um,4.7147704111,6.16119909555,5.562345516431808,248.05193508888928,5.9861451046852325,5,chip_simple_dxm4p545_dy5p455__Lj12p0nH_Cj2p0fF__roL8p5mm__tee_fl160um_fc12_cg1p2um__rpg1p4um,4.71582269895,6.12400360673,5.595842418161392,242.67790535088983,5.858169998149668,4.9813609653066614e-08,0.001052287850000333,0.03719548882000012,0.03349690172958386,5.37402973799945,0.12797510653556454
SQuADDS_fqOnly,45,chip_simple_dx1p818_dy3p636__Lj12p0nH_Cj2p0fF__roL8p5mm__tee_fl160um_fc12_cg1p2um__rpg1p4um,4.7147704111,6.16119909555,5.562345516431808,248.05193508888928,5.9861451046852325,6,chip_simple_dxm3p636_dy4p545__Lj12p0nH_Cj2p0fF__roL8p5mm__tee_fl160um_fc12_cg1p2um__rpg1p4um,4.71363061095,6.14572418614,5.668436658781052,248.2621666113731,5.949051840746841,5.8443514040732796e-08,0.0011398001499998145,0.01547490940999996,0.10609114234924366,0.21023152248380939,0.03709326393839163
SQuADDS_fqOnly,45,chip_simple_dx1p818_dy3p636__Lj12p0nH_Cj2p0fF__roL8p5mm__tee_fl160um_fc12_cg1p2um__rpg1p4um,4.7147704111,6.16119909555,5.562345516431808,248.05193508888928,5.9861451046852325,7,chip_simple_dx1p818_dy4p545__Lj12p0nH_Cj2p0fF__roL8p5mm__tee_fl160um_fc12_cg1p2um__rpg1p4um,4.71625141136,6.09699178177,5.937363158708572,245.50271805823053,5.844152234649521,9.867091848332648e-08,0.0014810002600000871,0.06420731377999989,0.37501764227676393,2.5492170306587525,0.14199287003571115
SQuADDS_fqOnly,45,chip_simple_dx1p818_dy3p636__Lj12p0nH_Cj2p0fF__roL8p5mm__tee_fl160um_fc12_cg1p2um__rpg1p4um,4.7147704111,6.16119909555,5.562345516431808,248.05193508888928,5.9861451046852325,8,chip_simple_dxm5p455_dym8p182__Lj12p0nH_Cj2p0fF__roL8p5mm__tee_fl160um_fc12_cg1p2um__rpg1p4um,4.71323634559,5.96308581689,6.014703723955154,225.4138802593673,5.645748272445109,1.0586848862972159e-07,0.0015340655099995715,0.19811327866000017,0.4523582075233463,22.63805482952199,0.3403968322401232
SQuADDS_fqOnly,45,chip_simple_dx1p818_dy3p636__Lj12p0nH_Cj2p0fF__roL8p5mm__tee_fl160um_fc12_cg1p2um__rpg1p4um,4.7147704111,6.16119909555,5.562345516431808,248.05193508888928,5.9861451046852325,9,chip_simple_dx1p818_dym2p727__Lj12p0nH_Cj2p0fF__roL8p5mm__tee_fl160um_fc12_cg1p2um__rpg1p4um,4.71634435567,6.07993823183,6.091754240879059,245.7478362240464,5.8738401283262975,1.1144427637332961e-07,0.001573944570000485,0.08126086371999985,0.5294087244472507,2.304098864842871,0.112304976358935
SQuADDS_fqOnly,45,chip_simple_dx1p818_dy3p636__Lj12p0nH_Cj2p0fF__roL8p5mm__tee_fl160um_fc12_cg1p2um__rpg1p4um,4.7147704111,6.16119909555,5.562345516431808,248.05193508888928,5.9861451046852325,10,chip_simple_dx9p091_dy0p909__Lj12p0nH_Cj2p0fF__roL8p5mm__tee_fl160um_fc12_cg1p2um__rpg1p4um,4.7163601662,6.23569834714,5.613257433452606,260.8716160934938,6.0763823396662895,1.1369447356911954e-07,0.0015897551000003673,0.07449925158999982,0.050911917020798114,12.819681004604519,0.09023723498105696
SQuADDS_fqOnly,46,chip_simple_dx1p818_dy5p455__Lj12p0nH_Cj2p0fF__roL8p5mm__tee_fl160um_fc12_cg1p2um__rpg1p4um,4.76504494824,6.06753025245,5.516957339994431,221.8716816785297,5.805015849622223,1,chip_simple_dx8p182_dy1p818__Lj12p0nH_Cj2p0fF__roL8p5mm__tee_fl160um_fc12_cg1p2um__rpg1p4um,4.76499564866,6.18000898709,5.146479495965957,231.2755724396456,5.98978167470485,1.0704156140068652e-10,4.929957999966206e-05,0.1124787346399998,0.37047784402847395,9.403890761115889,0.18476582508262673
SQuADDS_fqOnly,46,chip_simple_dx1p818_dy5p455__Lj12p0nH_Cj2p0fF__roL8p5mm__tee_fl160um_fc12_cg1p2um__rpg1p4um,4.76504494824,6.06753025245,5.516957339994431,221.8716816785297,5.805015849622223,2,chip_simple_dx1p818_dym8p182__Lj12p0nH_Cj2p0fF__roL8p5mm__tee_fl160um_fc12_cg1p2um__rpg1p4um,4.76522191074,6.12811728518,5.259760892496109,225.8993683259156,5.912892771819234,1.379203932676053e-09,0.00017696250000032165,0.06058703272999999,0.2571964474983224,4.0276866473858774,0.1078769221970104
SQuADDS_fqOnly,46,chip_simple_dx1p818_dy5p455__Lj12p0nH_Cj2p0fF__roL8p5mm__tee_fl160um_fc12_cg1p2um__rpg1p4um,4.76504494824,6.06753025245,5.516957339994431,221.8716816785297,5.805015849622223,3,chip_simple_dx6p364_dy3p636__Lj12p0nH_Cj2p0fF__roL8p5mm__tee_fl160um_fc12_cg1p2um__rpg1p4um,4.76479980051,6.19036006749,5.123603576623917,232.41981382677187,5.974646433325719,2.646803797043739e-09,0.00024514773000028356,0.12282981504000023,0.39335376337051464,10.54813214824216,0.16963058370349593
SQuADDS_fqOnly,46,chip_simple_dx1p818_dy5p455__Lj12p0nH_Cj2p0fF__roL8p5mm__tee_fl160um_fc12_cg1p2um__rpg1p4um,4.76504494824,6.06753025245,5.516957339994431,221.8716816785297,5.805015849622223,4,chip_simple_dx10p000_dy1p818__Lj12p0nH_Cj2p0fF__roL8p5mm__tee_fl160um_fc12_cg1p2um__rpg1p4um,4.76477303538,6.13057821814,5.073033471744537,222.2726228692767,5.928541359590122,3.256308121375616e-09,0.00027191285999972337,0.06304796569000004,0.44392386824989405,0.40094119074697687,0.1235255099678989
SQuADDS_fqOnly,46,chip_simple_dx1p818_dy5p455__Lj12p0nH_Cj2p0fF__roL8p5mm__tee_fl160um_fc12_cg1p2um__rpg1p4um,4.76504494824,6.06753025245,5.516957339994431,221.8716816785297,5.805015849622223,5,chip_simple_dx0p909_dy4p545__Lj12p0nH_Cj2p0fF__roL8p5mm__tee_fl160um_fc12_cg1p2um__rpg1p4um,4.76476123819,6.01779585812,5.4063290720748896,211.87633532782385,5.7317404606293385,3.5449934515904678e-09,0.00028371004999971916,0.04973439432999971,0.11062826791954183,9.995346350705859,0.07327538899288477
SQuADDS_fqOnly,46,chip_simple_dx1p818_dy5p455__Lj12p0nH_Cj2p0fF__roL8p5mm__tee_fl160um_fc12_cg1p2um__rpg1p4um,4.76504494824,6.06753025245,5.516957339994431,221.8716816785297,5.805015849622223,6,chip_simple_dx7p273_dy4p545__Lj12p0nH_Cj2p0fF__roL8p5mm__tee_fl160um_fc12_cg1p2um__rpg1p4um,4.76463364249,6.06778348676,5.540035029947281,222.43563515503288,5.83218068473875,7.45067394935841e-09,0.000411305750000146,0.00025323430999968366,0.023077689952849312,0.5639534765031726,0.02716483511652701
SQuADDS_fqOnly,46,chip_simple_dx1p818_dy5p455__Lj12p0nH_Cj2p0fF__roL8p5mm__tee_fl160um_fc12_cg1p2um__rpg1p4um,4.76504494824,6.06753025245,5.516957339994431,221.8716816785297,5.805015849622223,7,chip_simple_dx1p818_dy10p000__Lj12p0nH_Cj2p0fF__roL8p5mm__tee_fl160um_fc12_cg1p2um__rpg1p4um,4.76456970698,6.12469469811,5.715602728620529,235.17172413097128,5.857749191271262,9.947049381847823e-09,0.00047524126000020317,0.057164445659999785,0.19864538862609749,13.300042452441573,0.052733341649038756
SQuADDS_fqOnly,46,chip_simple_dx1p818_dy5p455__Lj12p0nH_Cj2p0fF__roL8p5mm__tee_fl160um_fc12_cg1p2um__rpg1p4um,4.76504494824,6.06753025245,5.516957339994431,221.8716816785297,5.805015849622223,8,chip_simple_dxm4p545_dym10p000__Lj12p0nH_Cj2p0fF__roL8p5mm__tee_fl160um_fc12_cg1p2um__rpg1p4um,4.76556599406,6.03553476768,6.061428066526413,227.34392053119063,5.756743616673724,1.195687885524426e-08,0.0005210458200002321,0.03199548477000036,0.5444707265319817,5.472238852660922,0.04827223294849947
SQuADDS_fqOnly,46,chip_simple_dx1p818_dy5p455__Lj12p0nH_Cj2p0fF__roL8p5mm__tee_fl160um_fc12_cg1p2um__rpg1p4um,4.76504494824,6.06753025245,5.516957339994431,221.8716816785297,5.805015849622223,9,chip_simple_dxm9p091_dym1p818__Lj12p0nH_Cj2p0fF__roL8p5mm__tee_fl160um_fc12_cg1p2um__rpg1p4um,4.76442571482,6.22787098411,5.046186967498779,236.31743027914425,6.075829813333849,1.6887865871401832e-08,0.0006192334200001426,0.16034073165999985,0.470770372495652,14.445748600614536,0.2708139637116256
SQuADDS_fqOnly,46,chip_simple_dx1p818_dy5p455__Lj12p0nH_Cj2p0fF__roL8p5mm__tee_fl160um_fc12_cg1p2um__rpg1p4um,4.76504494824,6.06753025245,5.516957339994431,221.8716816785297,5.805015849622223,10,chip_simple_dxm7p273_dym1p818__Lj12p0nH_Cj2p0fF__roL8p5mm__tee_fl160um_fc12_cg1p2um__rpg1p4um,4.76438654102,6.12161083912,5.439724164207458,228.93417802659692,5.912665026004023,1.9092164426993738e-08,0.0006584072199995461,0.0540805866699996,0.07723317578697309,7.062496348067214,0.10764917638180016
SQuADDS_fqOnly,47,chip_simple_dx2p727_dym10p000__Lj12p0nH_Cj2p0fF__roL8p5mm__tee_fl160um_fc12_cg1p2um__rpg1p4um,4.74229331487,6.15078958492,5.620493009893417,241.95026076677843,5.9601362593327005,1,chip_simple_dxm3p636_dym4p545__Lj12p0nH_Cj2p0fF__roL8p5mm__tee_fl160um_fc12_cg1p2um__rpg1p4um,4.74235488793,6.04534109441,5.723736058847427,227.1294815057925,5.7373862078713325,1.6857945701369865e-10,6.157305999998641e-05,0.10544849050999971,0.10324304895400971,14.820779260985915,0.22275005146136806
SQuADDS_fqOnly,47,chip_simple_dx2p727_dym10p000__Lj12p0nH_Cj2p0fF__roL8p5mm__tee_fl160um_fc12_cg1p2um__rpg1p4um,4.74229331487,6.15078958492,5.620493009893417,241.95026076677843,5.9601362593327005,2,chip_simple_dxm6p364_dy7p273__Lj12p0nH_Cj2p0fF__roL8p5mm__tee_fl160um_fc12_cg1p2um__rpg1p4um,4.74220530909,5.96110218154,6.471195480819702,227.23819529883824,5.728633425549979,3.443860641091113e-10,8.80057800003442e-05,0.18968740337999979,0.8507024709262847,14.712065467940192,0.23150283378272185
SQuADDS_fqOnly,47,chip_simple_dx2p727_dym10p000__Lj12p0nH_Cj2p0fF__roL8p5mm__tee_fl160um_fc12_cg1p2um__rpg1p4um,4.74229331487,6.15078958492,5.620493009893417,241.95026076677843,5.9601362593327005,3,chip_simple_dx2p727_dy5p455__Lj12p0nH_Cj2p0fF__roL8p5mm__tee_fl160um_fc12_cg1p2um__rpg1p4um,4.74208651799,6.09436211613,5.726268231283187,235.1566146380877,5.880473450765719,1.9015648475531788e-09,0.0002067968800005815,0.056427468789999935,0.10577522138977002,6.793646128690739,0.07966280856698127
SQuADDS_fqOnly,47,chip_simple_dx2p727_dym10p000__Lj12p0nH_Cj2p0fF__roL8p5mm__tee_fl160um_fc12_cg1p2um__rpg1p4um,4.74229331487,6.15078958492,5.620493009893417,241.95026076677843,5.9601362593327005,4,chip_simple_dxm5p455_dym2p727__Lj12p0nH_Cj2p0fF__roL8p5mm__tee_fl160um_fc12_cg1p2um__rpg1p4um,4.74191288272,6.16037786476,5.586993185428619,242.8607467730461,5.939829633011445,6.435430425522193e-09,0.00038043215000005404,0.009588279839999991,0.0334998244647986,0.9104860062676607,0.020306626321255905
SQuADDS_fqOnly,47,chip_simple_dx2p727_dym10p000__Lj12p0nH_Cj2p0fF__roL8p5mm__tee_fl160um_fc12_cg1p2um__rpg1p4um,4.74229331487,6.15078958492,5.620493009893417,241.95026076677843,5.9601362593327005,5,chip_simple_dx0p000_dym6p364__Lj12p0nH_Cj2p0fF__roL8p5mm__tee_fl160um_fc12_cg1p2um__rpg1p4um,4.74288579894,6.03308089793,5.782055475780487,226.2307596859305,5.794067523813237,1.560905217117333e-08,0.0005924840699993439,0.11770868699000037,0.16156246588706935,15.71950108084792,0.16606873551946322
SQuADDS_fqOnly,47,chip_simple_dx2p727_dym10p000__Lj12p0nH_Cj2p0fF__roL8p5mm__tee_fl160um_fc12_cg1p2um__rpg1p4um,4.74229331487,6.15078958492,5.620493009893417,241.95026076677843,5.9601362593327005,6,chip_simple_dx2p727_dy0p909__Lj12p0nH_Cj2p0fF__roL8p5mm__tee_fl160um_fc12_cg1p2um__rpg1p4um,4.74298606075,6.14557563555,5.577913346075058,240.00739016593903,5.859609361630187,2.133885337199071e-08,0.0006927458799994568,0.00521394936999986,0.042579663818359315,1.9428706008393988,0.10052689770251355
SQuADDS_fqOnly,47,chip_simple_dx2p727_dym10p000__Lj12p0nH_Cj2p0fF__roL8p5mm__tee_fl160um_fc12_cg1p2um__rpg1p4um,4.74229331487,6.15078958492,5.620493009893417,241.95026076677843,5.9601362593327005,7,chip_simple_dx9p091_dym4p545__Lj12p0nH_Cj2p0fF__roL8p5mm__tee_fl160um_fc12_cg1p2um__rpg1p4um,4.74298968952,6.21595359683,5.546431172784805,250.5823135991841,6.029204485292758,2.1562995013621548e-08,0.0006963746499994983,0.06516401191000032,0.07406183710861214,8.632052832405662,0.06906822596005746
SQuADDS_fqOnly,47,chip_simple_dx2p727_dym10p000__Lj12p0nH_Cj2p0fF__roL8p5mm__tee_fl160um_fc12_cg1p2um__rpg1p4um,4.74229331487,6.15078958492,5.620493009893417,241.95026076677843,5.9601362593327005,8,chip_simple_dx0p909_dym3p636__Lj12p0nH_Cj2p0fF__roL8p5mm__tee_fl160um_fc12_cg1p2um__rpg1p4um,4.74299007193,5.97185553704,5.585872956563949,212.43614000136665,5.67605929438614,2.158668389727051e-08,0.0006967570600000528,0.17893404788000034,0.03462005332946827,29.514120765411775,0.28407696494656065
SQuADDS_fqOnly,47,chip_simple_dx2p727_dym10p000__Lj12p0nH_Cj2p0fF__roL8p5mm__tee_fl160um_fc12_cg1p2um__rpg1p4um,4.74229331487,6.15078958492,5.620493009893417,241.95026076677843,5.9601362593327005,9,chip_simple_dxm5p455_dy1p818__Lj12p0nH_Cj2p0fF__roL8p5mm__tee_fl160um_fc12_cg1p2um__rpg1p4um,4.7432212798,6.12396808672,5.238211283826828,229.0696122487726,5.878910838755778,3.8290082590272135e-08,0.0009279649299998027,0.02682149820000035,0.38228172606658894,12.880648518005842,0.0812254205769225
SQuADDS_fqOnly,47,chip_simple_dx2p727_dym10p000__Lj12p0nH_Cj2p0fF__roL8p5mm__tee_fl160um_fc12_cg1p2um__rpg1p4um,4.74229331487,6.15078958492,5.620493009893417,241.95026076677843,5.9601362593327005,10,chip_simple_dxm5p455_dy9p091__Lj12p0nH_Cj2p0fF__roL8p5mm__tee_fl160um_fc12_cg1p2um__rpg1p4um,4.7413283149,6.24294215951,5.426167698335648,252.3619899121704,6.063293621149046,4.140738227309702e-08,0.0009649999700007683,0.09215257459000004,0.194325311557769,10.411729145391973,0.10315736181634527
SQuADDS_fqOnly,48,chip_simple_dx3p636_dym5p455__Lj12p0nH_Cj2p0fF__roL8p5mm__tee_fl160um_fc12_cg1p2um__rpg1p4um,4.63197173575,6.19329916872,6.540510196891784,294.34437514212726,6.010793791569966,1,chip_simple_dx5p455_dy7p273__Lj12p0nH_Cj2p0fF__roL8p5mm__tee_fl160um_fc12_cg1p2um__rpg1p4um,4.63016259455,5.90653520192,7.5051360739383695,261.5882571358774,5.619886396297611,1.5255032131702667e-07,0.0018091411999998641,0.2867639668000006,0.9646258770465854,32.756118006249835,0.39090739527235474
SQuADDS_fqOnly,48,chip_simple_dx3p636_dym5p455__Lj12p0nH_Cj2p0fF__roL8p5mm__tee_fl160um_fc12_cg1p2um__rpg1p4um,4.63197173575,6.19329916872,6.540510196891784,294.34437514212726,6.010793791569966,2,chip_simple_dx4p545_dy3p636__Lj12p0nH_Cj2p0fF__roL8p5mm__tee_fl160um_fc12_cg1p2um__rpg1p4um,4.6391490467,6.1400873545,6.087010506978988,273.04723708403606,5.896341322884301,2.400997582164461e-06,0.007177310950000404,0.05321181421999999,0.4534996899127961,21.297138058091207,0.1144524686856645
SQuADDS_fqOnly,48,chip_simple_dx3p636_dym5p455__Lj12p0nH_Cj2p0fF__roL8p5mm__tee_fl160um_fc12_cg1p2um__rpg1p4um,4.63197173575,6.19329916872,6.540510196891784,294.34437514212726,6.010793791569966,3,chip_simple_dx3p636_dy3p636__Lj12p0nH_Cj2p0fF__roL8p5mm__tee_fl160um_fc12_cg1p2um__rpg1p4um,4.64027560624,6.0453856762,6.692517402437209,269.36381961114404,5.806133906462158,3.2138776019474997e-06,0.008303870490000698,0.14791349252000074,0.15200720554542535,24.980555530983224,0.20465988510780786
SQuADDS_fqOnly,48,chip_simple_dx3p636_dym5p455__Lj12p0nH_Cj2p0fF__roL8p5mm__tee_fl160um_fc12_cg1p2um__rpg1p4um,4.63197173575,6.19329916872,6.540510196891784,294.34437514212726,6.010793791569966,4,chip_simple_dxm10p000_dy3p636__Lj12p0nH_Cj2p0fF__roL8p5mm__tee_fl160um_fc12_cg1p2um__rpg1p4um,4.6418768344,5.98369428669,6.249091382169723,249.1251595778436,5.676013980362334,4.572837927347252e-06,0.00990509865,0.20960488203000072,0.29141881472206066,45.21921556428367,0.3347798112076319
SQuADDS_fqOnly,48,chip_simple_dx3p636_dym5p455__Lj12p0nH_Cj2p0fF__roL8p5mm__tee_fl160um_fc12_cg1p2um__rpg1p4um,4.63197173575,6.19329916872,6.540510196891784,294.34437514212726,6.010793791569966,5,chip_simple_dx7p273_dy6p364__Lj12p0nH_Cj2p0fF__roL8p5mm__tee_fl160um_fc12_cg1p2um__rpg1p4um,4.64195686026,6.15054121396,6.064661784154891,273.66878744595965,5.93995769375592,4.647026703085339e-06,0.009985124509999999,0.04275795475999988,0.4758484127368927,20.67558769616761,0.07083609781404565
SQuADDS_fqOnly,48,chip_simple_dx3p636_dym5p455__Lj12p0nH_Cj2p0fF__roL8p5mm__tee_fl160um_fc12_cg1p2um__rpg1p4um,4.63197173575,6.19329916872,6.540510196891784,294.34437514212726,6.010793791569966,6,chip_simple_dx0p909_dy9p091__Lj12p0nH_Cj2p0fF__roL8p5mm__tee_fl160um_fc12_cg1p2um__rpg1p4um,4.64262010646,6.01719400783,7.119226298389434,272.16782032574594,5.7859474059590505,5.2848726067812015e-06,0.010648370710000243,0.1761051608900006,0.5787161014976503,22.176554816381326,0.22484638561091508
SQuADDS_fqOnly,48,chip_simple_dx3p636_dym5p455__Lj12p0nH_Cj2p0fF__roL8p5mm__tee_fl160um_fc12_cg1p2um__rpg1p4um,4.63197173575,6.19329916872,6.540510196891784,294.34437514212726,6.010793791569966,7,chip_simple_dx3p636_dym1p818__Lj12p0nH_Cj2p0fF__roL8p5mm__tee_fl160um_fc12_cg1p2um__rpg1p4um,4.64263027066,6.04873906928,5.965470440525055,254.1147038644968,5.708747532691113,5.294966571509941e-06,0.010658534910000128,0.14456009944000048,0.5750397563667287,40.22967127763047,0.3020462588788524
SQuADDS_fqOnly,48,chip_simple_dx3p636_dym5p455__Lj12p0nH_Cj2p0fF__roL8p5mm__tee_fl160um_fc12_cg1p2um__rpg1p4um,4.63197173575,6.19329916872,6.540510196891784,294.34437514212726,6.010793791569966,8,chip_simple_dx3p636_dy7p273__Lj12p0nH_Cj2p0fF__roL8p5mm__tee_fl160um_fc12_cg1p2um__rpg1p4um,4.64301310099,6.06890912074,6.122459167245864,260.94499649016126,5.802140772643392,5.682163828428561e-06,0.011041365240000545,0.12439004798000042,0.41805102964591967,33.399378651966,0.20865301892657406
SQuADDS_fqOnly,48,chip_simple_dx3p636_dym5p455__Lj12p0nH_Cj2p0fF__roL8p5mm__tee_fl160um_fc12_cg1p2um__rpg1p4um,4.63197173575,6.19329916872,6.540510196891784,294.34437514212726,6.010793791569966,9,chip_simple_dxm3p636_dy9p091__Lj12p0nH_Cj2p0fF__roL8p5mm__tee_fl160um_fc12_cg1p2um__rpg1p4um,4.62084919539,5.95705478637,6.328790958219528,250.74156710024863,5.650228638303578,5.7660204631744165e-06,0.01112254035999971,0.23624438235000067,0.21171923867225573,43.60280804187863,0.3605651532663874
SQuADDS_fqOnly,48,chip_simple_dx3p636_dym5p455__Lj12p0nH_Cj2p0fF__roL8p5mm__tee_fl160um_fc12_cg1p2um__rpg1p4um,4.63197173575,6.19329916872,6.540510196891784,294.34437514212726,6.010793791569966,10,chip_simple_dxm8p182_dym3p636__Lj12p0nH_Cj2p0fF__roL8p5mm__tee_fl160um_fc12_cg1p2um__rpg1p4um,4.62081617264,6.04082312115,6.552176032234192,270.0441205602928,5.824573659816503,5.80030984471611e-06,0.011155563109999989,0.15247604757000044,0.011665835342408393,24.30025458183445,0.18622013175346286
SQuADDS_fqOnly,49,chip_simple_dx4p545_dym9p091__Lj12p0nH_Cj2p0fF__roL8p5mm__tee_fl160um_fc12_cg1p2um__rpg1p4um,4.69845603184,6.03996782339,6.099931291072846,243.1226746857453,5.71065108426744,1,chip_simple_dxm9p091_dym3p636__Lj12p0nH_Cj2p0fF__roL8p5mm__tee_fl160um_fc12_cg1p2um__rpg1p4um,4.69849918476,6.1890369169,5.88604940322876,263.4189569943742,6.029108285903374,8.435484702126651e-11,4.315292000001136e-05,0.14906909351000053,0.21388188784408602,20.29628230862889,0.31845720163593416
SQuADDS_fqOnly,49,chip_simple_dx4p545_dym9p091__Lj12p0nH_Cj2p0fF__roL8p5mm__tee_fl160um_fc12_cg1p2um__rpg1p4um,4.69845603184,6.03996782339,6.099931291072846,243.1226746857453,5.71065108426744,2,chip_simple_dx9p091_dym0p909__Lj12p0nH_Cj2p0fF__roL8p5mm__tee_fl160um_fc12_cg1p2um__rpg1p4um,4.69833241253,5.9700084278,6.424561027713775,237.54943824235883,5.679426145956277,6.922489348860176e-10,0.0001236193100000449,0.06995939558999975,0.3246297366409294,5.573236443386463,0.03122493831116291
SQuADDS_fqOnly,49,chip_simple_dx4p545_dym9p091__Lj12p0nH_Cj2p0fF__roL8p5mm__tee_fl160um_fc12_cg1p2um__rpg1p4um,4.69845603184,6.03996782339,6.099931291072846,243.1226746857453,5.71065108426744,3,chip_simple_dxm8p182_dy8p182__Lj12p0nH_Cj2p0fF__roL8p5mm__tee_fl160um_fc12_cg1p2um__rpg1p4um,4.69817066512,6.00885580001,6.295239226005554,241.8291948786944,5.700576278405732,3.6888951622722592e-09,0.0002853667200000132,0.03111202337999952,0.1953079349327087,1.2934798070508862,0.010074805861707503
SQuADDS_fqOnly,49,chip_simple_dx4p545_dym9p091__Lj12p0nH_Cj2p0fF__roL8p5mm__tee_fl160um_fc12_cg1p2um__rpg1p4um,4.69845603184,6.03996782339,6.099931291072846,243.1226746857453,5.71065108426744,4,chip_simple_dx8p182_dym9p091__Lj12p0nH_Cj2p0fF__roL8p5mm__tee_fl160um_fc12_cg1p2um__rpg1p4um,4.69794764375,5.92675568612,6.2352093673686975,226.629875520666,5.613791258445734,1.1707937662473292e-08,0.0005083880900000892,0.11321213726999968,0.13527807629585187,16.492799165079305,0.09685982582170549
SQuADDS_fqOnly,49,chip_simple_dx4p545_dym9p091__Lj12p0nH_Cj2p0fF__roL8p5mm__tee_fl160um_fc12_cg1p2um__rpg1p4um,4.69845603184,6.03996782339,6.099931291072846,243.1226746857453,5.71065108426744,5,chip_simple_dxm4p545_dym9p091__Lj12p0nH_Cj2p0fF__roL8p5mm__tee_fl160um_fc12_cg1p2um__rpg1p4um,4.69773021733,5.95687180339,6.086008621444702,228.9567271397228,5.6533002689778415,2.38638745869963e-08,0.000725814509999978,0.08309601999999927,0.013922669628144035,14.165947546022494,0.05735081528959807
SQuADDS_fqOnly,49,chip_simple_dx4p545_dym9p091__Lj12p0nH_Cj2p0fF__roL8p5mm__tee_fl160um_fc12_cg1p2um__rpg1p4um,4.69845603184,6.03996782339,6.099931291072846,243.1226746857453,5.71065108426744,6,chip_simple_dxm3p636_dym6p364__Lj12p0nH_Cj2p0fF__roL8p5mm__tee_fl160um_fc12_cg1p2um__rpg1p4um,4.69919145175,6.17226446551,5.555493060129165,252.9426854633619,5.946935337018482,2.4499681161644206e-08,0.0007354199099998127,0.13229664212000003,0.5444382309436806,9.820010777616602,0.2362842527510427
SQuADDS_fqOnly,49,chip_simple_dx4p545_dym9p091__Lj12p0nH_Cj2p0fF__roL8p5mm__tee_fl160um_fc12_cg1p2um__rpg1p4um,4.69845603184,6.03996782339,6.099931291072846,243.1226746857453,5.71065108426744,7,chip_simple_dxm7p273_dy7p273__Lj12p0nH_Cj2p0fF__roL8p5mm__tee_fl160um_fc12_cg1p2um__rpg1p4um,4.69770669043,6.09161802121,5.5645804030818935,240.523075125168,5.8060088329952375,2.5436018501142675e-08,0.0007493414099997153,0.0516501978200008,0.5353508879909521,2.5995995605773032,0.0953577487277979
SQuADDS_fqOnly,49,chip_simple_dx4p545_dym9p091__Lj12p0nH_Cj2p0fF__roL8p5mm__tee_fl160um_fc12_cg1p2um__rpg1p4um,4.69845603184,6.03996782339,6.099931291072846,243.1226746857453,5.71065108426744,8,chip_simple_dxm0p909_dym8p182__Lj12p0nH_Cj2p0fF__roL8p5mm__tee_fl160um_fc12_cg1p2um__rpg1p4um,4.69924154033,6.09992513873,5.408171934171676,238.0058622200954,5.864927398734324,2.7950619147703423e-08,0.0007855084899999198,0.05995731534000015,0.6917593569011693,5.1168124656499,0.15427631446688395
SQuADDS_fqOnly,49,chip_simple_dx4p545_dym9p091__Lj12p0nH_Cj2p0fF__roL8p5mm__tee_fl160um_fc12_cg1p2um__rpg1p4um,4.69845603184,6.03996782339,6.099931291072846,243.1226746857453,5.71065108426744,9,chip_simple_dx9p091_dy10p000__Lj12p0nH_Cj2p0fF__roL8p5mm__tee_fl160um_fc12_cg1p2um__rpg1p4um,4.69926836053,5.96788032666,6.480939449926376,237.9698333652788,5.70456835918075,2.989188135815435e-08,0.0008123286899994753,0.07208749673000003,0.3810081588535308,5.152841320466507,0.0060827250866895
SQuADDS_fqOnly,49,chip_simple_dx4p545_dym9p091__Lj12p0nH_Cj2p0fF__roL8p5mm__tee_fl160um_fc12_cg1p2um__rpg1p4um,4.69845603184,6.03996782339,6.099931291072846,243.1226746857453,5.71065108426744,10,chip_simple_dx8p182_dy8p182__Lj12p0nH_Cj2p0fF__roL8p5mm__tee_fl160um_fc12_cg1p2um__rpg1p4um,4.69745140842,6.12940857106,6.00176041119194,256.33160974703685,5.915191680844501,4.5718951558076804e-08,0.0010046234200000725,0.08944074767000032,0.09817087988090556,13.208935061291555,0.20454059657706125
SQuADDS_fqOnly,50,chip_simple_dx4p545_dym4p545__Lj12p0nH_Cj2p0fF__roL8p5mm__tee_fl160um_fc12_cg1p2um__rpg1p4um,4.67643617071,6.11785108748,6.043482551631927,259.952537892804,5.857168214888497,1,chip_simple_dx1p818_dym4p545__Lj12p0nH_Cj2p0fF__roL8p5mm__tee_fl160um_fc12_cg1p2um__rpg1p4um,4.67611044409,6.03156277056,6.628282534339904,257.2605786746093,5.725714977797822,4.851505001991422e-09,0.0003257266199998554,0.08628831692000016,0.5847999827079775,2.691959218194711,0.1314532370906747
SQuADDS_fqOnly,50,chip_simple_dx4p545_dym4p545__Lj12p0nH_Cj2p0fF__roL8p5mm__tee_fl160um_fc12_cg1p2um__rpg1p4um,4.67643617071,6.11785108748,6.043482551631927,259.952537892804,5.857168214888497,2,chip_simple_dxm8p182_dym1p818__Lj12p0nH_Cj2p0fF__roL8p5mm__tee_fl160um_fc12_cg1p2um__rpg1p4um,4.6768035342,6.11785091516,6.0153143460884095,259.1949206835079,5.894894638109007,6.1710911691780696e-09,0.0003673634900005496,1.7232000004696602e-07,0.02816820554351729,0.757617209296086,0.03772642322051034
SQuADDS_fqOnly,50,chip_simple_dx4p545_dym4p545__Lj12p0nH_Cj2p0fF__roL8p5mm__tee_fl160um_fc12_cg1p2um__rpg1p4um,4.67643617071,6.11785108748,6.043482551631927,259.952537892804,5.857168214888497,3,chip_simple_dxm8p182_dym0p909__Lj12p0nH_Cj2p0fF__roL8p5mm__tee_fl160um_fc12_cg1p2um__rpg1p4um,4.67698283085,5.97183120678,6.022471806894302,234.65949821455385,5.724825509126052,1.3664847663961542e-08,0.0005466601400003768,0.14601988069999994,0.021010744737624876,25.293039678250153,0.13234270576244533
SQuADDS_fqOnly,50,chip_simple_dx4p545_dym4p545__Lj12p0nH_Cj2p0fF__roL8p5mm__tee_fl160um_fc12_cg1p2um__rpg1p4um,4.67643617071,6.11785108748,6.043482551631927,259.952537892804,5.857168214888497,4,chip_simple_dxm3p636_dym2p727__Lj12p0nH_Cj2p0fF__roL8p5mm__tee_fl160um_fc12_cg1p2um__rpg1p4um,4.67568933524,6.05467155576,6.318260186975479,255.19867414634712,5.7406067779067245,2.5504678306877455e-08,0.0007468354699993185,0.06317953172000035,0.27477763534355226,4.7538637464568865,0.11656143698177246
SQuADDS_fqOnly,50,chip_simple_dx4p545_dym4p545__Lj12p0nH_Cj2p0fF__roL8p5mm__tee_fl160um_fc12_cg1p2um__rpg1p4um,4.67643617071,6.11785108748,6.043482551631927,259.952537892804,5.857168214888497,5,chip_simple_dx0p000_dy10p000__Lj12p0nH_Cj2p0fF__roL8p5mm__tee_fl160um_fc12_cg1p2um__rpg1p4um,4.67741845193,6.13257768703,5.642575284074783,253.24029852696432,5.911901291243499,4.4120625411152014e-08,0.000982281220000658,0.01472659955000033,0.4009072675571437,6.712239365839679,0.05473307635500202
SQuADDS_fqOnly,50,chip_simple_dx4p545_dym4p545__Lj12p0nH_Cj2p0fF__roL8p5mm__tee_fl160um_fc12_cg1p2um__rpg1p4um,4.67643617071,6.11785108748,6.043482551631927,259.952537892804,5.857168214888497,6,fig5_cg2p0um_rpg1p0um__Lj12p0nH_Cj0p0fF__roL8p5mm__tee_fl160um_fc12,4.67537317002,6.28144982257,6.80016774546051,305.861011614189,6.2286045622900525,5.166983454799442e-08,0.001063000689999427,0.1635987350899999,0.7566851938285835,45.90847372138501,0.3714363474015556
SQuADDS_fqOnly,50,chip_simple_dx4p545_dym4p545__Lj12p0nH_Cj2p0fF__roL8p5mm__tee_fl160um_fc12_cg1p2um__rpg1p4um,4.67643617071,6.11785108748,6.043482551631927,259.952537892804,5.857168214888497,7,chip_simple_dxm3p636_dym8p182__Lj12p0nH_Cj2p0fF__roL8p5mm__tee_fl160um_fc12_cg1p2um__rpg1p4um,4.67477993862,6.16530840037,6.238829511974334,272.6481468594707,5.96410442198707,1.2543316130902082e-07,0.001656232089999321,0.04745731288999977,0.19534696034240717,12.695608966666725,0.1069362070985731
SQuADDS_fqOnly,50,chip_simple_dx4p545_dym4p545__Lj12p0nH_Cj2p0fF__roL8p5mm__tee_fl160um_fc12_cg1p2um__rpg1p4um,4.67643617071,6.11785108748,6.043482551631927,259.952537892804,5.857168214888497,8,chip_simple_dx6p364_dym1p818__Lj12p0nH_Cj2p0fF__roL8p5mm__tee_fl160um_fc12_cg1p2um__rpg1p4um,4.67874935795,6.23246664146,5.579638315944671,267.7222829571044,6.063037930970048,2.446761025566447e-07,0.0023131872400004028,0.11461555398000023,0.4638442356872554,7.769745064300423,0.20586971608155125
SQuADDS_fqOnly,50,chip_simple_dx4p545_dym4p545__Lj12p0nH_Cj2p0fF__roL8p5mm__tee_fl160um_fc12_cg1p2um__rpg1p4um,4.67643617071,6.11785108748,6.043482551631927,259.952537892804,5.857168214888497,9,chip_simple_dxm5p455_dym6p364__Lj12p0nH_Cj2p0fF__roL8p5mm__tee_fl160um_fc12_cg1p2um__rpg1p4um,4.67880445973,6.13114230017,6.073318766338348,262.3201681940904,5.871519874338315,2.564716589674069e-07,0.0023682890200005247,0.013291212689999554,0.02983621470642106,2.367630301286397,0.014351659449817866
SQuADDS_fqOnly,50,chip_simple_dx4p545_dym4p545__Lj12p0nH_Cj2p0fF__roL8p5mm__tee_fl160um_fc12_cg1p2um__rpg1p4um,4.67643617071,6.11785108748,6.043482551631927,259.952537892804,5.857168214888497,10,chip_simple_dx5p455_dy1p818__Lj12p0nH_Cj2p0fF__roL8p5mm__tee_fl160um_fc12_cg1p2um__rpg1p4um,4.67891327598,5.87208041229,6.464409303920745,225.5826203201277,5.557233909503515,2.8058141726156705e-07,0.002477105270000557,0.24577067519000018,0.4209267522888185,34.369917572676314,0.29993430538498167
SQuADDS_fqOnly,51,chip_simple_dx4p545_dym3p636__Lj12p0nH_Cj2p0fF__roL8p5mm__tee_fl160um_fc12_cg1p2um__rpg1p4um,4.75526161807,6.06820241703,5.393554075391769,221.40091609806976,5.765231944176255,1,chip_simple_dxm5p455_dy7p273__Lj12p0nH_Cj2p0fF__roL8p5mm__tee_fl160um_fc12_cg1p2um__rpg1p4um,4.7550557353,6.0689882308,5.697021401802063,227.79860249670247,5.765618099955324,1.8745247322654087e-09,0.00020588276999955468,0.0007858137699994217,0.30346732641029384,6.397686398632715,0.00038615577906853105
SQuADDS_fqOnly,51,chip_simple_dx4p545_dym3p636__Lj12p0nH_Cj2p0fF__roL8p5mm__tee_fl160um_fc12_cg1p2um__rpg1p4um,4.75526161807,6.06820241703,5.393554075391769,221.40091609806976,5.765231944176255,2,chip_simple_dx7p273_dym2p727__Lj12p0nH_Cj2p0fF__roL8p5mm__tee_fl160um_fc12_cg1p2um__rpg1p4um,4.75484668771,6.06921513477,5.718313435150146,228.27848180607165,5.844076080583877,7.613802288185344e-09,0.0004149303599998433,0.001012717740000113,0.3247593597583771,6.877565708001896,0.07884413640762133
SQuADDS_fqOnly,51,chip_simple_dx4p545_dym3p636__Lj12p0nH_Cj2p0fF__roL8p5mm__tee_fl160um_fc12_cg1p2um__rpg1p4um,4.75526161807,6.06820241703,5.393554075391769,221.40091609806976,5.765231944176255,3,chip_simple_dx3p636_dy9p091__Lj12p0nH_Cj2p0fF__roL8p5mm__tee_fl160um_fc12_cg1p2um__rpg1p4um,4.75576570631,6.07168713414,5.601566335306168,226.12949018838373,5.825369051623113,1.1237360176386912e-08,0.0005040882400004776,0.0034847171100000907,0.20801225991439853,4.72857409031397,0.06013710744685774
SQuADDS_fqOnly,51,chip_simple_dx4p545_dym3p636__Lj12p0nH_Cj2p0fF__roL8p5mm__tee_fl160um_fc12_cg1p2um__rpg1p4um,4.75526161807,6.06820241703,5.393554075391769,221.40091609806976,5.765231944176255,4,chip_simple_dx8p182_dym7p273__Lj12p0nH_Cj2p0fF__roL8p5mm__tee_fl160um_fc12_cg1p2um__rpg1p4um,4.75453402814,6.05826619394,5.752804228256226,227.26530590646345,5.792570418204838,2.3411246017582246e-08,0.0007275899299994393,0.009936223090000418,0.3592501528644565,5.864389808393696,0.027338474028582915
SQuADDS_fqOnly,51,chip_simple_dx4p545_dym3p636__Lj12p0nH_Cj2p0fF__roL8p5mm__tee_fl160um_fc12_cg1p2um__rpg1p4um,4.75526161807,6.06820241703,5.393554075391769,221.40091609806976,5.765231944176255,5,chip_simple_dx10p000_dym0p909__Lj12p0nH_Cj2p0fF__roL8p5mm__tee_fl160um_fc12_cg1p2um__rpg1p4um,4.75606154742,6.16778888448,5.306044165422439,234.7878664070657,5.968817326650227,2.8297914672243406e-08,0.0007999293500002835,0.09958646745,0.08750990996932995,13.38695030899595,0.20358538247397195
SQuADDS_fqOnly,51,chip_simple_dx4p545_dym3p636__Lj12p0nH_Cj2p0fF__roL8p5mm__tee_fl160um_fc12_cg1p2um__rpg1p4um,4.75526161807,6.06820241703,5.393554075391769,221.40091609806976,5.765231944176255,6,chip_simple_dx9p091_dym2p727__Lj12p0nH_Cj2p0fF__roL8p5mm__tee_fl160um_fc12_cg1p2um__rpg1p4um,4.75421160279,6.18453840176,5.473107182682037,241.5748597938345,5.95940112810006,4.875760980163098e-08,0.0010500152799997053,0.11633598473000006,0.07955310729026799,20.173943695764734,0.19416918392380467
SQuADDS_fqOnly,51,chip_simple_dx4p545_dym3p636__Lj12p0nH_Cj2p0fF__roL8p5mm__tee_fl160um_fc12_cg1p2um__rpg1p4um,4.75526161807,6.06820241703,5.393554075391769,221.40091609806976,5.765231944176255,7,chip_simple_dxm7p273_dy5p455__Lj12p0nH_Cj2p0fF__roL8p5mm__tee_fl160um_fc12_cg1p2um__rpg1p4um,4.75652798608,6.12426292642,5.515357702396392,232.49421244469767,5.917856707186027,7.092037637570156e-08,0.0012663680100004626,0.05606050938999996,0.12180362700462233,11.093296346627909,0.15262476300977124
SQuADDS_fqOnly,51,chip_simple_dx4p545_dym3p636__Lj12p0nH_Cj2p0fF__roL8p5mm__tee_fl160um_fc12_cg1p2um__rpg1p4um,4.75526161807,6.06820241703,5.393554075391769,221.40091609806976,5.765231944176255,8,chip_simple_dx8p182_dy4p545__Lj12p0nH_Cj2p0fF__roL8p5mm__tee_fl160um_fc12_cg1p2um__rpg1p4um,4.75384775336,6.16753807894,5.472293931138992,238.92779525541928,6.000528213189532,8.840297463652189e-08,0.0014138647099999346,0.09933566190999965,0.07873985574722298,17.526879157349526,0.2352962690132765
SQuADDS_fqOnly,51,chip_simple_dx4p545_dym3p636__Lj12p0nH_Cj2p0fF__roL8p5mm__tee_fl160um_fc12_cg1p2um__rpg1p4um,4.75526161807,6.06820241703,5.393554075391769,221.40091609806976,5.765231944176255,9,chip_simple_dxm3p636_dym5p455__Lj12p0nH_Cj2p0fF__roL8p5mm__tee_fl160um_fc12_cg1p2um__rpg1p4um,4.75384647125,6.17600229225,5.254790726247787,235.36565084982217,5.967505983663928,8.856337715181448e-08,0.0014151468199994355,0.10779987521999956,0.13876334914398214,13.964734751752417,0.20227403948767275
SQuADDS_fqOnly,51,chip_simple_dx4p545_dym3p636__Lj12p0nH_Cj2p0fF__roL8p5mm__tee_fl160um_fc12_cg1p2um__rpg1p4um,4.75526161807,6.06820241703,5.393554075391769,221.40091609806976,5.765231944176255,10,chip_simple_dx0p000_dym8p182__Lj12p0nH_Cj2p0fF__roL8p5mm__tee_fl160um_fc12_cg1p2um__rpg1p4um,4.75699175292,6.13442162476,5.358933925123215,230.6041003651568,5.926697467393431,1.323765559243952e-07,0.0017301348500007308,0.06621920772999967,0.03462015026855436,9.203184267087039,0.161465523217176
SQuADDS_fqOnly,52,chip_simple_dx5p455_dym7p273__Lj12p0nH_Cj2p0fF__roL8p5mm__tee_fl160um_fc12_cg1p2um__rpg1p4um,4.77651693144,6.01267430814,5.288875754322052,206.53408976781333,5.687153108335405,1,chip_simple_dx7p273_dy7p273__Lj12p0nH_Cj2p0fF__roL8p5mm__tee_fl160um_fc12_cg1p2um__rpg1p4um,4.77632474172,6.11603268543,5.46948547539711,226.2400590105068,5.898415113466635,1.6189657645181002e-09,0.0001921897199999023,0.1033583772899993,0.1806097210750579,19.70596924269347,0.21126200513123017
SQuADDS_fqOnly,52,chip_simple_dx5p455_dym7p273__Lj12p0nH_Cj2p0fF__roL8p5mm__tee_fl160um_fc12_cg1p2um__rpg1p4um,4.77651693144,6.01267430814,5.288875754322052,206.53408976781333,5.687153108335405,2,chip_simple_dx0p000_dym7p273__Lj12p0nH_Cj2p0fF__roL8p5mm__tee_fl160um_fc12_cg1p2um__rpg1p4um,4.77705046101,6.10812065882,5.159243787857055,218.32852182588368,5.871090142169181,1.2476545245855007e-08,0.0005335295700001907,0.09544635067999963,0.12963196646499675,11.794432058070356,0.18393703383377602
SQuADDS_fqOnly,52,chip_simple_dx5p455_dym7p273__Lj12p0nH_Cj2p0fF__roL8p5mm__tee_fl160um_fc12_cg1p2um__rpg1p4um,4.77651693144,6.01267430814,5.288875754322052,206.53408976781333,5.687153108335405,3,chip_simple_dxm6p364_dym0p909__Lj12p0nH_Cj2p0fF__roL8p5mm__tee_fl160um_fc12_cg1p2um__rpg1p4um,4.77570732404,6.08443212228,5.519260666910172,222.3516389432408,5.895879300078792,2.8729382734619186e-08,0.000809607399999912,0.07175781413999971,0.23038491258811966,15.817549175427473,0.2087261917433869
SQuADDS_fqOnly,52,chip_simple_dx5p455_dym7p273__Lj12p0nH_Cj2p0fF__roL8p5mm__tee_fl160um_fc12_cg1p2um__rpg1p4um,4.77651693144,6.01267430814,5.288875754322052,206.53408976781333,5.687153108335405,4,chip_simple_dxm10p000_dym9p091__Lj12p0nH_Cj2p0fF__roL8p5mm__tee_fl160um_fc12_cg1p2um__rpg1p4um,4.7754619206,6.09514600369,5.6564125673236845,226.9561488182661,5.83519743876857,4.8785549469377196e-08,0.0010550108400000369,0.08247169554999978,0.36753681300163255,20.42205905045276,0.1480443304331649
SQuADDS_fqOnly,52,chip_simple_dx5p455_dym7p273__Lj12p0nH_Cj2p0fF__roL8p5mm__tee_fl160um_fc12_cg1p2um__rpg1p4um,4.77651693144,6.01267430814,5.288875754322052,206.53408976781333,5.687153108335405,5,fig5_cg2p0um_rpg1p5um__Lj12p0nH_Cj0p0fF__roL8p5mm__tee_fl160um_fc12,4.77793609257,6.1977870086,5.346981281085967,236.19198761457903,5.968418975392394,8.827561910176774e-08,0.0014191611300002904,0.1851127004599995,0.05810552676391545,29.657897846765707,0.2812658670569892
SQuADDS_fqOnly,52,chip_simple_dx5p455_dym7p273__Lj12p0nH_Cj2p0fF__roL8p5mm__tee_fl160um_fc12_cg1p2um__rpg1p4um,4.77651693144,6.01267430814,5.288875754322052,206.53408976781333,5.687153108335405,6,chip_simple_dx0p000_dym1p818__Lj12p0nH_Cj2p0fF__roL8p5mm__tee_fl160um_fc12_cg1p2um__rpg1p4um,4.77800352664,6.03900127346,5.563499463333129,215.7146221661486,5.782618175352404,9.6864091453545e-08,0.0014865952000002736,0.026326965320000006,0.27462370901107747,9.18053239833526,0.09546506701699897
SQuADDS_fqOnly,52,chip_simple_dx5p455_dym7p273__Lj12p0nH_Cj2p0fF__roL8p5mm__tee_fl160um_fc12_cg1p2um__rpg1p4um,4.77651693144,6.01267430814,5.288875754322052,206.53408976781333,5.687153108335405,7,chip_simple_dxm2p727_dy10p000__Lj12p0nH_Cj2p0fF__roL8p5mm__tee_fl160um_fc12_cg1p2um__rpg1p4um,4.77838859318,6.18575363873,5.375646119916915,234.7459061115084,5.983952516107753,1.5354372849257706e-07,0.0018716617400000857,0.17307933058999936,0.08677036559486329,28.211816343695062,0.29679940777234837
SQuADDS_fqOnly,52,chip_simple_dx5p455_dym7p273__Lj12p0nH_Cj2p0fF__roL8p5mm__tee_fl160um_fc12_cg1p2um__rpg1p4um,4.77651693144,6.01267430814,5.288875754322052,206.53408976781333,5.687153108335405,8,chip_simple_dxm5p455_dym3p636__Lj12p0nH_Cj2p0fF__roL8p5mm__tee_fl160um_fc12_cg1p2um__rpg1p4um,4.77861395761,6.11699498856,5.515590421457291,226.9690980462932,5.881045293305209,1.9274585953738233e-07,0.0020970261700004045,0.10432068041999987,0.2267146671352389,20.43500827847987,0.19389218496980387
SQuADDS_fqOnly,52,chip_simple_dx5p455_dym7p273__Lj12p0nH_Cj2p0fF__roL8p5mm__tee_fl160um_fc12_cg1p2um__rpg1p4um,4.77651693144,6.01267430814,5.288875754322052,206.53408976781333,5.687153108335405,9,chip_simple_dx7p273_dy2p727__Lj12p0nH_Cj2p0fF__roL8p5mm__tee_fl160um_fc12_cg1p2um__rpg1p4um,4.77873216069,6.13275040265,5.505240939167022,229.1445143426731,5.952577534882911,2.1508727200942627e-07,0.0022152292499999504,0.1200760945099999,0.21636518484497014,22.610424574859763,0.2654244265475061
SQuADDS_fqOnly,52,chip_simple_dx5p455_dym7p273__Lj12p0nH_Cj2p0fF__roL8p5mm__tee_fl160um_fc12_cg1p2um__rpg1p4um,4.77651693144,6.01267430814,5.288875754322052,206.53408976781333,5.687153108335405,10,chip_simple_dx9p091_dym5p455__Lj12p0nH_Cj2p0fF__roL8p5mm__tee_fl160um_fc12_cg1p2um__rpg1p4um,4.77403241356,6.14118663234,4.913194778823852,218.4790215050792,5.873795958930736,2.705587663087096e-07,0.0024845178800001477,0.12851232419999992,0.37568097549819957,11.944931737265875,0.18664285059533103
SQuADDS_fqOnly,53,chip_simple_dx5p455_dym1p818__Lj12p0nH_Cj2p0fF__roL8p5mm__tee_fl160um_fc12_cg1p2um__rpg1p4um,4.68773821557,6.16915297771,5.944327746189117,263.86610641901024,6.004178125569785,1,chip_simple_dxm9p091_dy2p727__Lj12p0nH_Cj2p0fF__roL8p5mm__tee_fl160um_fc12_cg1p2um__rpg1p4um,4.68785660116,6.14920505102,6.378877137207031,269.97376724564526,5.9601401255266735,6.377801294603095e-10,0.00011838559000043603,0.019947926689999562,0.4345493910179137,6.107660826635026,0.04403800004311176
SQuADDS_fqOnly,53,chip_simple_dx5p455_dym1p818__Lj12p0nH_Cj2p0fF__roL8p5mm__tee_fl160um_fc12_cg1p2um__rpg1p4um,4.68773821557,6.16915297771,5.944327746189117,263.86610641901024,6.004178125569785,2,chip_simple_dx6p364_dy8p182__Lj12p0nH_Cj2p0fF__roL8p5mm__tee_fl160um_fc12_cg1p2um__rpg1p4um,4.68815638567,6.01539640302,6.651202537282943,252.1465005767916,5.735438248599257,7.957547723552984e-09,0.0004181701000005589,0.15375657469000004,0.706874791093826,11.719605842218641,0.26873987697052826
SQuADDS_fqOnly,53,chip_simple_dx5p455_dym1p818__Lj12p0nH_Cj2p0fF__roL8p5mm__tee_fl160um_fc12_cg1p2um__rpg1p4um,4.68773821557,6.16915297771,5.944327746189117,263.86610641901024,6.004178125569785,3,chip_simple_dxm3p636_dym3p636__Lj12p0nH_Cj2p0fF__roL8p5mm__tee_fl160um_fc12_cg1p2um__rpg1p4um,4.68717781389,5.97834346452,6.698308181764602,246.63062343353235,5.688222825454348,1.4291313812327437e-08,0.0005604016799996003,0.1908095131899996,0.7539804355754853,17.235482985477887,0.31595530011543715
SQuADDS_fqOnly,53,chip_simple_dx5p455_dym1p818__Lj12p0nH_Cj2p0fF__roL8p5mm__tee_fl160um_fc12_cg1p2um__rpg1p4um,4.68773821557,6.16915297771,5.944327746189117,263.86610641901024,6.004178125569785,4,chip_simple_dx0p000_dy6p364__Lj12p0nH_Cj2p0fF__roL8p5mm__tee_fl160um_fc12_cg1p2um__rpg1p4um,4.68684275544,6.22626285193,5.869558168603897,271.87390077175473,6.055488773398548,3.648932303315485e-08,0.0008954601299997478,0.05710987422000002,0.0747695775852204,8.007794352744497,0.051310647828763045
SQuADDS_fqOnly,53,chip_simple_dx5p455_dym1p818__Lj12p0nH_Cj2p0fF__roL8p5mm__tee_fl160um_fc12_cg1p2um__rpg1p4um,4.68773821557,6.16915297771,5.944327746189117,263.86610641901024,6.004178125569785,5,chip_simple_dxm8p182_dy9p091__Lj12p0nH_Cj2p0fF__roL8p5mm__tee_fl160um_fc12_cg1p2um__rpg1p4um,4.68682128785,6.05207856918,6.670654395746231,259.2924998926468,5.805209593914802,3.8259871146579986e-08,0.0009169277199996273,0.11707440852999973,0.7263266495571141,4.573606526363449,0.19896853165498296
SQuADDS_fqOnly,53,chip_simple_dx5p455_dym1p818__Lj12p0nH_Cj2p0fF__roL8p5mm__tee_fl160um_fc12_cg1p2um__rpg1p4um,4.68773821557,6.16915297771,5.944327746189117,263.86610641901024,6.004178125569785,6,chip_simple_dxm1p818_dy4p545__Lj12p0nH_Cj2p0fF__roL8p5mm__tee_fl160um_fc12_cg1p2um__rpg1p4um,4.68668729165,6.13606112963,6.136175126768112,262.7664710804651,5.930337346209187,5.0259232553636757e-08,0.0010509239199993914,0.033091848079999764,0.19184738057899509,1.099635338545113,0.07384077936059796
SQuADDS_fqOnly,53,chip_simple_dx5p455_dym1p818__Lj12p0nH_Cj2p0fF__roL8p5mm__tee_fl160um_fc12_cg1p2um__rpg1p4um,4.68773821557,6.16915297771,5.944327746189117,263.86610641901024,6.004178125569785,7,chip_simple_dxm0p909_dym0p909__Lj12p0nH_Cj2p0fF__roL8p5mm__tee_fl160um_fc12_cg1p2um__rpg1p4um,4.68632924459,6.17134248768,5.411161615444184,252.1794734270908,5.976285666069374,9.033944018052922e-08,0.0014089709799991468,0.002189509970000003,0.5331661307449327,11.686632991919424,0.027892459500411526
SQuADDS_fqOnly,53,chip_simple_dx5p455_dym1p818__Lj12p0nH_Cj2p0fF__roL8p5mm__tee_fl160um_fc12_cg1p2um__rpg1p4um,4.68773821557,6.16915297771,5.944327746189117,263.86610641901024,6.004178125569785,8,chip_simple_dx4p545_dy9p091__Lj12p0nH_Cj2p0fF__roL8p5mm__tee_fl160um_fc12_cg1p2um__rpg1p4um,4.68609575245,6.11430901066,5.943070262321472,255.0398969000135,5.911313507537606,1.227621686570175e-07,0.0016424631199996043,0.054843967049999165,0.0012574838676453481,8.826209518996734,0.09286461803217883
SQuADDS_fqOnly,53,chip_simple_dx5p455_dym1p818__Lj12p0nH_Cj2p0fF__roL8p5mm__tee_fl160um_fc12_cg1p2um__rpg1p4um,4.68773821557,6.16915297771,5.944327746189117,263.86610641901024,6.004178125569785,9,chip_simple_dx0p909_dy2p727__Lj12p0nH_Cj2p0fF__roL8p5mm__tee_fl160um_fc12_cg1p2um__rpg1p4um,4.68950459777,6.08766133854,6.096332340703964,253.08284499290465,5.866286461039824,1.4198506278923854e-07,0.0017663822000004714,0.08149163916999935,0.15200459451484694,10.783261426105582,0.1378916645299615
SQuADDS_fqOnly,53,chip_simple_dx5p455_dym1p818__Lj12p0nH_Cj2p0fF__roL8p5mm__tee_fl160um_fc12_cg1p2um__rpg1p4um,4.68773821557,6.16915297771,5.944327746189117,263.86610641901024,6.004178125569785,10,chip_simple_dx7p273_dym5p455__Lj12p0nH_Cj2p0fF__roL8p5mm__tee_fl160um_fc12_cg1p2um__rpg1p4um,4.68956975271,6.00915982967,6.033120924316406,238.5769642035002,5.707892283474967,1.52652794151094e-07,0.0018315371400001723,0.15999314803999987,0.08879317812728882,25.289142215510026,0.296285842094818
SQuADDS_fqOnly,54,chip_simple_dx5p455_dy0p000__Lj12p0nH_Cj2p0fF__roL8p5mm__tee_fl160um_fc12_cg1p2um__rpg1p4um,4.79890317521,6.10186659077,5.400852404905319,218.1340294431616,5.86911477125879,1,chip_simple_dxm0p909_dym5p455__Lj12p0nH_Cj2p0fF__roL8p5mm__tee_fl160um_fc12_cg1p2um__rpg1p4um,4.79958492684,6.1502852982,4.78491466264534,212.0774651837224,5.99525621369233,2.0182194857235592e-08,0.0006817516299992832,0.04841870742999976,0.6159377422599785,6.056564259439199,0.12614144243354009
SQuADDS_fqOnly,54,chip_simple_dx5p455_dy0p000__Lj12p0nH_Cj2p0fF__roL8p5mm__tee_fl160um_fc12_cg1p2um__rpg1p4um,4.79890317521,6.10186659077,5.400852404905319,218.1340294431616,5.86911477125879,2,fig5_cg1p0um_rpg1p5um__Lj12p0nH_Cj0p0fF__roL8p5mm__tee_fl160um_fc12,4.79990762773,5.93734773014,7.211306133548736,222.8918736386996,5.66911545033236,4.381016111577697e-08,0.0010044525199992549,0.16451886063000032,1.8104537286434175,4.757844195537984,0.19999932092642947
SQuADDS_fqOnly,54,chip_simple_dx5p455_dy0p000__Lj12p0nH_Cj2p0fF__roL8p5mm__tee_fl160um_fc12_cg1p2um__rpg1p4um,4.79890317521,6.10186659077,5.400852404905319,218.1340294431616,5.86911477125879,3,chip_simple_dx0p000_dym4p545__Lj12p0nH_Cj2p0fF__roL8p5mm__tee_fl160um_fc12_cg1p2um__rpg1p4um,4.79428247445,6.13515444283,5.179095958950042,219.54335034771063,5.916681344787001,9.271109561465329e-07,0.004620700760000318,0.033287852059999956,0.22175644595527633,1.4093209045490198,0.047566573528211364
SQuADDS_fqOnly,54,chip_simple_dx5p455_dy0p000__Lj12p0nH_Cj2p0fF__roL8p5mm__tee_fl160um_fc12_cg1p2um__rpg1p4um,4.79890317521,6.10186659077,5.400852404905319,218.1340294431616,5.86911477125879,4,chip_simple_dx4p545_dy5p455__Lj12p0nH_Cj2p0fF__roL8p5mm__tee_fl160um_fc12_cg1p2um__rpg1p4um,4.79418626685,6.08500156739,5.524672909627914,218.89374055263784,5.839393681887264,9.661196218885554e-07,0.0047169083600007156,0.016865023380000288,0.12382050472259554,0.7597111094762283,0.029721089371525622
SQuADDS_fqOnly,54,chip_simple_dx5p455_dy0p000__Lj12p0nH_Cj2p0fF__roL8p5mm__tee_fl160um_fc12_cg1p2um__rpg1p4um,4.79890317521,6.10186659077,5.400852404905319,218.1340294431616,5.86911477125879,5,fig5_cg0p5um_rpg1p5um__Lj12p0nH_Cj0p0fF__roL8p5mm__tee_fl160um_fc12,4.79374824014,5.11789735856,18.8786309748764,123.35933929082648,4.718805625509781,1.1538847238592694e-06,0.0051549350700001995,0.9839692322100007,13.477778569971083,94.77469015233513,1.1503091457490084
SQuADDS_fqOnly,54,chip_simple_dx5p455_dy0p000__Lj12p0nH_Cj2p0fF__roL8p5mm__tee_fl160um_fc12_cg1p2um__rpg1p4um,4.79890317521,6.10186659077,5.400852404905319,218.1340294431616,5.86911477125879,6,chip_simple_dx5p455_dym0p909__Lj12p0nH_Cj2p0fF__roL8p5mm__tee_fl160um_fc12_cg1p2um__rpg1p4um,4.7930652742,6.12875251186,5.394133037059784,223.2748147250602,5.91572486547393,1.4798901454913898e-06,0.005837901010000479,0.026885921089999876,0.0067193678455348405,5.140785281898587,0.04661009421513995
SQuADDS_fqOnly,54,chip_simple_dx5p455_dy0p000__Lj12p0nH_Cj2p0fF__roL8p5mm__tee_fl160um_fc12_cg1p2um__rpg1p4um,4.79890317521,6.10186659077,5.400852404905319,218.1340294431616,5.86911477125879,7,chip_simple_dx5p455_dy5p455__Lj12p0nH_Cj2p0fF__roL8p5mm__tee_fl160um_fc12_cg1p2um__rpg1p4um,4.79166371185,6.05484777073,5.335296250137329,211.0122938310696,5.777759592215692,2.2757721261505057e-06,0.007239463360000364,0.04701882003999991,0.06555615476798948,7.12173561209201,0.09135517904309776
SQuADDS_fqOnly,54,chip_simple_dx5p455_dy0p000__Lj12p0nH_Cj2p0fF__roL8p5mm__tee_fl160um_fc12_cg1p2um__rpg1p4um,4.79890317521,6.10186659077,5.400852404905319,218.1340294431616,5.86911477125879,8,chip_simple_dx3p636_dy5p455__Lj12p0nH_Cj2p0fF__roL8p5mm__tee_fl160um_fc12_cg1p2um__rpg1p4um,4.80652602058,6.08918636259,5.510822755336761,216.8797583809785,5.847523096105645,2.5231916880084557e-06,0.007622845369999354,0.012680228180000697,0.10997035043144265,1.2542710621831077,0.021591675153144863
SQuADDS_fqOnly,54,chip_simple_dx5p455_dy0p000__Lj12p0nH_Cj2p0fF__roL8p5mm__tee_fl160um_fc12_cg1p2um__rpg1p4um,4.79890317521,6.10186659077,5.400852404905319,218.1340294431616,5.86911477125879,9,chip_simple_dxm4p545_dy1p818__Lj12p0nH_Cj2p0fF__roL8p5mm__tee_fl160um_fc12_cg1p2um__rpg1p4um,4.7912337707,6.04949503992,5.623098915470123,215.8825327452169,5.82735004160752,2.554108333115795e-06,0.007669404510000533,0.052371550850000226,0.22224651056480482,2.2514966979447024,0.04176472965126976
SQuADDS_fqOnly,54,chip_simple_dx5p455_dy0p000__Lj12p0nH_Cj2p0fF__roL8p5mm__tee_fl160um_fc12_cg1p2um__rpg1p4um,4.79890317521,6.10186659077,5.400852404905319,218.1340294431616,5.86911477125879,10,chip_simple_dx10p000_dy6p364__Lj12p0nH_Cj2p0fF__roL8p5mm__tee_fl160um_fc12_cg1p2um__rpg1p4um,4.78966551444,6.19573101445,5.30974208485794,232.5106784208788,6.026638854738782,3.7054422119909943e-06,0.009237660770000211,0.09386442367999948,0.0911103200473784,14.376648977717196,0.15752408347999225
SQuADDS_fqOnly,55,chip_simple_dx5p455_dy4p545__Lj12p0nH_Cj2p0fF__roL8p5mm__tee_fl160um_fc12_cg1p2um__rpg1p4um,4.76042805272,6.00426702014,5.580280214124679,214.12067118012288,5.701672548172258,1,fig5_cg1p5um_rpg1p0um__Lj12p0nH_Cj0p0fF__roL8p5mm__tee_fl160um_fc12,4.7605818776,6.21817087681,5.831666317903518,253.65164600383045,6.132701943451215,1.04414582995513e-09,0.00015382487999993089,0.21390385667,0.25138610377883897,39.53097482370757,0.4310293952789568
SQuADDS_fqOnly,55,chip_simple_dx5p455_dy4p545__Lj12p0nH_Cj2p0fF__roL8p5mm__tee_fl160um_fc12_cg1p2um__rpg1p4um,4.76042805272,6.00426702014,5.580280214124679,214.12067118012288,5.701672548172258,2,chip_simple_dxm5p455_dym9p091__Lj12p0nH_Cj2p0fF__roL8p5mm__tee_fl160um_fc12_cg1p2um__rpg1p4um,4.76071606991,6.19247843515,5.276129411603927,237.048860050158,6.024670026728766,3.660537044952515e-09,0.000288017189999934,0.1882114150099996,0.304150802520752,22.928188870035115,0.3229974785565082
SQuADDS_fqOnly,55,chip_simple_dx5p455_dy4p545__Lj12p0nH_Cj2p0fF__roL8p5mm__tee_fl160um_fc12_cg1p2um__rpg1p4um,4.76042805272,6.00426702014,5.580280214124679,214.12067118012288,5.701672548172258,3,chip_simple_dxm10p000_dy7p273__Lj12p0nH_Cj2p0fF__roL8p5mm__tee_fl160um_fc12_cg1p2um__rpg1p4um,4.75999951361,6.22178916275,5.0841642122612,237.2013025682522,6.078326997296887,8.103803748524266e-09,0.0004285391099996261,0.21752214261000002,0.49611600186347893,23.08063138812932,0.3766544491246293
SQuADDS_fqOnly,55,chip_simple_dx5p455_dy4p545__Lj12p0nH_Cj2p0fF__roL8p5mm__tee_fl160um_fc12_cg1p2um__rpg1p4um,4.76042805272,6.00426702014,5.580280214124679,214.12067118012288,5.701672548172258,4,chip_simple_dxm5p455_dym1p818__Lj12p0nH_Cj2p0fF__roL8p5mm__tee_fl160um_fc12_cg1p2um__rpg1p4um,4.75999782134,6.06096972586,6.083840508966445,233.18069262989704,5.818607968498037,8.167932791142971e-09,0.0004302313800002011,0.05670270571999936,0.5035602948417663,19.060021449774155,0.1169354203257793
SQuADDS_fqOnly,55,chip_simple_dx5p455_dy4p545__Lj12p0nH_Cj2p0fF__roL8p5mm__tee_fl160um_fc12_cg1p2um__rpg1p4um,4.76042805272,6.00426702014,5.580280214124679,214.12067118012288,5.701672548172258,5,chip_simple_dx9p091_dy0p000__Lj12p0nH_Cj2p0fF__roL8p5mm__tee_fl160um_fc12_cg1p2um__rpg1p4um,4.76124240378,5.85151588254,6.177502768482208,199.56867499694044,5.536085214131183,2.9263840459700783e-08,0.0008143510599998294,0.15275113760000014,0.5972225543575291,14.551996183182439,0.16558733404107517
SQuADDS_fqOnly,55,chip_simple_dx5p455_dy4p545__Lj12p0nH_Cj2p0fF__roL8p5mm__tee_fl160um_fc12_cg1p2um__rpg1p4um,4.76042805272,6.00426702014,5.580280214124679,214.12067118012288,5.701672548172258,6,chip_simple_dx6p364_dy5p455__Lj12p0nH_Cj2p0fF__roL8p5mm__tee_fl160um_fc12_cg1p2um__rpg1p4um,4.75961106113,6.17987418055,5.471624193309784,239.6637891813426,5.978039249428953,2.9453923900619764e-08,0.0008169915899998159,0.17560716040999935,0.10865602081489545,25.54311800121971,0.2763667012566948
SQuADDS_fqOnly,55,chip_simple_dx5p455_dy4p545__Lj12p0nH_Cj2p0fF__roL8p5mm__tee_fl160um_fc12_cg1p2um__rpg1p4um,4.76042805272,6.00426702014,5.580280214124679,214.12067118012288,5.701672548172258,7,chip_simple_dxm0p909_dy10p000__Lj12p0nH_Cj2p0fF__roL8p5mm__tee_fl160um_fc12_cg1p2um__rpg1p4um,4.7596073888,6.17130833515,5.436190106533051,237.52990155709296,5.985712615463627,2.9719306375398793e-08,0.0008206639199999088,0.16704131500999964,0.14409010759162832,23.409230376970072,0.284040067291369
SQuADDS_fqOnly,55,chip_simple_dx5p455_dy4p545__Lj12p0nH_Cj2p0fF__roL8p5mm__tee_fl160um_fc12_cg1p2um__rpg1p4um,4.76042805272,6.00426702014,5.580280214124679,214.12067118012288,5.701672548172258,8,chip_simple_dx0p909_dym7p273__Lj12p0nH_Cj2p0fF__roL8p5mm__tee_fl160um_fc12_cg1p2um__rpg1p4um,4.7614879753,6.08901350731,5.709311675077438,229.9700636116568,5.849530220387646,4.957426419014907e-08,0.0010599225799996503,0.08474648716999944,0.12903146095275897,15.849392431533914,0.14785767221538748
SQuADDS_fqOnly,55,chip_simple_dx5p455_dy4p545__Lj12p0nH_Cj2p0fF__roL8p5mm__tee_fl160um_fc12_cg1p2um__rpg1p4um,4.76042805272,6.00426702014,5.580280214124679,214.12067118012288,5.701672548172258,9,fig5_cg4p5um_rpg2p0um__Lj12p0nH_Cj0p0fF__roL8p5mm__tee_fl160um_fc12,4.76152326688,6.26061677056,4.183778731437683,220.21744270871204,6.0120493220772,5.2930511239373574e-08,0.0010952141600002463,0.2563497504200001,1.396501482686996,6.096771528589159,0.31037677390494167
SQuADDS_fqOnly,55,chip_simple_dx5p455_dy4p545__Lj12p0nH_Cj2p0fF__roL8p5mm__tee_fl160um_fc12_cg1p2um__rpg1p4um,4.76042805272,6.00426702014,5.580280214124679,214.12067118012288,5.701672548172258,10,chip_simple_dxm2p727_dym3p636__Lj12p0nH_Cj2p0fF__roL8p5mm__tee_fl160um_fc12_cg1p2um__rpg1p4um,4.76214497172,6.03479088527,5.587802219089507,218.7280150264405,5.793013457094686,1.3007912348379084e-07,0.0017169189999997059,0.030523865129999272,0.007522004964828355,4.607343846317605,0.09134090892242774
SQuADDS_fqOnly,56,chip_simple_dx6p364_dym6p364__Lj12p0nH_Cj2p0fF__roL8p5mm__tee_fl160um_fc12_cg1p2um__rpg1p4um,4.73299182388,6.11956228785,5.757296814630508,241.81304695721613,5.924140203230228,1,chip_simple_dx0p909_dym9p091__Lj12p0nH_Cj2p0fF__roL8p5mm__tee_fl160um_fc12_cg1p2um__rpg1p4um,4.73292662921,6.13968220021,5.629279759424209,242.34971323214788,5.904117804172508,1.8973728168875267e-10,6.519467000032364e-05,0.020119912360000214,0.1280170552062989,0.536666274931747,0.020022399057719298
SQuADDS_fqOnly,56,chip_simple_dx6p364_dym6p364__Lj12p0nH_Cj2p0fF__roL8p5mm__tee_fl160um_fc12_cg1p2um__rpg1p4um,4.73299182388,6.11956228785,5.757296814630508,241.81304695721613,5.924140203230228,2,chip_simple_dx0p909_dym2p727__Lj12p0nH_Cj2p0fF__roL8p5mm__tee_fl160um_fc12_cg1p2um__rpg1p4um,4.73288476866,6.15144010433,5.802761653125763,248.0066040101604,5.946582947290083,5.116160827091461e-10,0.00010705521999998524,0.031877816479999765,0.04546483849525451,6.193557052944271,0.022442744059855357
SQuADDS_fqOnly,56,chip_simple_dx6p364_dym6p364__Lj12p0nH_Cj2p0fF__roL8p5mm__tee_fl160um_fc12_cg1p2um__rpg1p4um,4.73299182388,6.11956228785,5.757296814630508,241.81304695721613,5.924140203230228,3,chip_simple_dx7p273_dy0p000__Lj12p0nH_Cj2p0fF__roL8p5mm__tee_fl160um_fc12_cg1p2um__rpg1p4um,4.73285614666,6.06364786636,5.47772784601593,226.8629872413658,5.835642549018717,8.217550171692492e-10,0.00013567722000029647,0.05591442148999981,0.27956896861457814,14.95005971585033,0.08849765421151101
SQuADDS_fqOnly,56,chip_simple_dx6p364_dym6p364__Lj12p0nH_Cj2p0fF__roL8p5mm__tee_fl160um_fc12_cg1p2um__rpg1p4um,4.73299182388,6.11956228785,5.757296814630508,241.81304695721613,5.924140203230228,4,chip_simple_dxm0p909_dy4p545__Lj12p0nH_Cj2p0fF__roL8p5mm__tee_fl160um_fc12_cg1p2um__rpg1p4um,4.7332354087,5.97981485633,6.195107574489593,227.38497188220632,5.728661585836097,2.6486765796763578e-09,0.00024358481999975368,0.13974743152000002,0.4378107598590848,14.428075075009815,0.19547861739413097
SQuADDS_fqOnly,56,chip_simple_dx6p364_dym6p364__Lj12p0nH_Cj2p0fF__roL8p5mm__tee_fl160um_fc12_cg1p2um__rpg1p4um,4.73299182388,6.11956228785,5.757296814630508,241.81304695721613,5.924140203230228,5,chip_simple_dx1p818_dy0p909__Lj12p0nH_Cj2p0fF__roL8p5mm__tee_fl160um_fc12_cg1p2um__rpg1p4um,4.73339806695,6.17800054586,5.078991615425109,235.7135315610368,5.950849899742133,7.367165438819585e-09,0.0004062430700004782,0.0584382580099998,0.6783051992053988,6.099515396179328,0.026709696511905356
SQuADDS_fqOnly,56,chip_simple_dx6p364_dym6p364__Lj12p0nH_Cj2p0fF__roL8p5mm__tee_fl160um_fc12_cg1p2um__rpg1p4um,4.73299182388,6.11956228785,5.757296814630508,241.81304695721613,5.924140203230228,6,chip_simple_dxm4p545_dy9p091__Lj12p0nH_Cj2p0fF__roL8p5mm__tee_fl160um_fc12_cg1p2um__rpg1p4um,4.73257191675,5.96883434545,5.846838404302597,219.15587205568883,5.667058133519072,7.871092016546914e-09,0.0004199071299995083,0.15072794239999965,0.08954158967208858,22.6571749015273,0.25708206971115555
SQuADDS_fqOnly,56,chip_simple_dx6p364_dym6p364__Lj12p0nH_Cj2p0fF__roL8p5mm__tee_fl160um_fc12_cg1p2um__rpg1p4um,4.73299182388,6.11956228785,5.757296814630508,241.81304695721613,5.924140203230228,7,chip_simple_dxm7p273_dy0p000__Lj12p0nH_Cj2p0fF__roL8p5mm__tee_fl160um_fc12_cg1p2um__rpg1p4um,4.73251374973,6.12333432529,5.90339426124382,245.63052496269063,5.833142733315017,1.0202791569014498e-08,0.00047807415000011844,0.0037720374400000978,0.1460974466133118,3.8174780054744986,0.09099746991521052
SQuADDS_fqOnly,56,chip_simple_dx6p364_dym6p364__Lj12p0nH_Cj2p0fF__roL8p5mm__tee_fl160um_fc12_cg1p2um__rpg1p4um,4.73299182388,6.11956228785,5.757296814630508,241.81304695721613,5.924140203230228,8,chip_simple_dxm1p818_dy0p909__Lj12p0nH_Cj2p0fF__roL8p5mm__tee_fl160um_fc12_cg1p2um__rpg1p4um,4.73247725261,6.06032547334,5.647781850090027,230.0219004377902,5.758222245971617,1.1820056726370017e-08,0.0005145712700000971,0.05923681451000018,0.10951496454048115,11.791146519425922,0.16591795725861047
SQuADDS_fqOnly,56,chip_simple_dx6p364_dym6p364__Lj12p0nH_Cj2p0fF__roL8p5mm__tee_fl160um_fc12_cg1p2um__rpg1p4um,4.73299182388,6.11956228785,5.757296814630508,241.81304695721613,5.924140203230228,9,chip_simple_dxm3p636_dy5p455__Lj12p0nH_Cj2p0fF__roL8p5mm__tee_fl160um_fc12_cg1p2um__rpg1p4um,4.73355235582,6.19906730127,5.355365528022766,245.4102411439443,6.010259557626816,1.4025850980797556e-08,0.00056053193999972,0.07950501342000038,0.40193128660774224,3.59719418672816,0.08611935439658858
SQuADDS_fqOnly,56,chip_simple_dx6p364_dym6p364__Lj12p0nH_Cj2p0fF__roL8p5mm__tee_fl160um_fc12_cg1p2um__rpg1p4um,4.73299182388,6.11956228785,5.757296814630508,241.81304695721613,5.924140203230228,10,chip_simple_dx6p364_dy7p273__Lj12p0nH_Cj2p0fF__roL8p5mm__tee_fl160um_fc12_cg1p2um__rpg1p4um,4.73212189971,6.07302882801,5.421970001947403,227.40830584937643,5.783914954042914,3.378246118544425e-08,0.0008699241699998694,0.04653345984000001,0.33532681268310505,14.404741107839698,0.1402252491873135
SQuADDS_fqOnly,57,chip_simple_dx7p273_dym1p818__Lj12p0nH_Cj2p0fF__roL8p5mm__tee_fl160um_fc12_cg1p2um__rpg1p4um,4.70663811853,6.16647237057,5.836125591398239,256.85236511832613,5.902282472045732,1,chip_simple_dxm1p818_dym0p909__Lj12p0nH_Cj2p0fF__roL8p5mm__tee_fl160um_fc12_cg1p2um__rpg1p4um,4.70639430606,5.99506656694,6.5980849503116605,243.31746149783123,5.745323603133637,2.6834296422484003e-09,0.00024381246999993778,0.1714058036299999,0.7619593589134217,13.534903620494902,0.15695886891209465
SQuADDS_fqOnly,57,chip_simple_dx7p273_dym1p818__Lj12p0nH_Cj2p0fF__roL8p5mm__tee_fl160um_fc12_cg1p2um__rpg1p4um,4.70663811853,6.16647237057,5.836125591398239,256.85236511832613,5.902282472045732,2,chip_simple_dxm10p000_dy0p909__Lj12p0nH_Cj2p0fF__roL8p5mm__tee_fl160um_fc12_cg1p2um__rpg1p4um,4.70703508171,6.1027913224,6.054301022790908,250.9771558944962,5.873941688086905,7.113426302219107e-09,0.0003969631800000428,0.06368104817000031,0.2181754313926696,5.875209223829927,0.028340783958826776
SQuADDS_fqOnly,57,chip_simple_dx7p273_dym1p818__Lj12p0nH_Cj2p0fF__roL8p5mm__tee_fl160um_fc12_cg1p2um__rpg1p4um,4.70663811853,6.16647237057,5.836125591398239,256.85236511832613,5.902282472045732,3,chip_simple_dxm5p455_dy6p364__Lj12p0nH_Cj2p0fF__roL8p5mm__tee_fl160um_fc12_cg1p2um__rpg1p4um,4.7062138106,6.06522709251,6.311736516672134,250.0218379600024,5.815405762039038,8.127195023549296e-09,0.00042430792999947897,0.10124527806000039,0.47561092527389537,6.830527158323747,0.08687671000669361
SQuADDS_fqOnly,57,chip_simple_dx7p273_dym1p818__Lj12p0nH_Cj2p0fF__roL8p5mm__tee_fl160um_fc12_cg1p2um__rpg1p4um,4.70663811853,6.16647237057,5.836125591398239,256.85236511832613,5.902282472045732,4,chip_simple_dxm1p818_dy9p091__Lj12p0nH_Cj2p0fF__roL8p5mm__tee_fl160um_fc12_cg1p2um__rpg1p4um,4.70620268841,6.09896881824,6.45488197671318,258.7726640480461,5.871112110850504,8.558848101746997e-09,0.00043543011999958026,0.06750355232999983,0.6187563853149411,1.9202989297199906,0.03117036119522787
SQuADDS_fqOnly,57,chip_simple_dx7p273_dym1p818__Lj12p0nH_Cj2p0fF__roL8p5mm__tee_fl160um_fc12_cg1p2um__rpg1p4um,4.70663811853,6.16647237057,5.836125591398239,256.85236511832613,5.902282472045732,5,chip_simple_dx4p545_dym5p455__Lj12p0nH_Cj2p0fF__roL8p5mm__tee_fl160um_fc12_cg1p2um__rpg1p4um,4.70617489989,5.89616472893,7.011028146039963,233.1801251320865,5.601828529906815,9.686133238698369e-09,0.00046321864000020696,0.27030764164000054,1.174902554641724,23.672239986239646,0.3004539421389172
SQuADDS_fqOnly,57,chip_simple_dx7p273_dym1p818__Lj12p0nH_Cj2p0fF__roL8p5mm__tee_fl160um_fc12_cg1p2um__rpg1p4um,4.70663811853,6.16647237057,5.836125591398239,256.85236511832613,5.902282472045732,6,chip_simple_dxm0p909_dy7p273__Lj12p0nH_Cj2p0fF__roL8p5mm__tee_fl160um_fc12_cg1p2um__rpg1p4um,4.70613110667,5.99730794943,5.718138606563568,226.7890078045864,5.726349608257517,1.1604184395783723e-08,0.0005070118599999063,0.16916442114000052,0.11798698483467085,30.063357313739743,0.1759328637882147
SQuADDS_fqOnly,57,chip_simple_dx7p273_dym1p818__Lj12p0nH_Cj2p0fF__roL8p5mm__tee_fl160um_fc12_cg1p2um__rpg1p4um,4.70663811853,6.16647237057,5.836125591398239,256.85236511832613,5.902282472045732,7,chip_simple_dxm6p364_dy3p636__Lj12p0nH_Cj2p0fF__roL8p5mm__tee_fl160um_fc12_cg1p2um__rpg1p4um,4.70606182979,6.1671545843,5.89281384662056,258.3575285965225,5.954585492025992,1.4991968206998212e-08,0.0005762887399995975,0.000682213730000214,0.056688255222320905,1.5051634781963799,0.052303019980260324
SQuADDS_fqOnly,57,chip_simple_dx7p273_dym1p818__Lj12p0nH_Cj2p0fF__roL8p5mm__tee_fl160um_fc12_cg1p2um__rpg1p4um,4.70663811853,6.16647237057,5.836125591398239,256.85236511832613,5.902282472045732,8,chip_simple_dx0p000_dy3p636__Lj12p0nH_Cj2p0fF__roL8p5mm__tee_fl160um_fc12_cg1p2um__rpg1p4um,4.70597831203,5.97410979195,6.13302826451683,230.9917126460824,5.688203723513988,1.9652217574830468e-08,0.0006598064999998599,0.19236257862000006,0.2969026731185913,25.860652472243743,0.2140787485317439
SQuADDS_fqOnly,57,chip_simple_dx7p273_dym1p818__Lj12p0nH_Cj2p0fF__roL8p5mm__tee_fl160um_fc12_cg1p2um__rpg1p4um,4.70663811853,6.16647237057,5.836125591398239,256.85236511832613,5.902282472045732,9,chip_simple_dx3p636_dy6p364__Lj12p0nH_Cj2p0fF__roL8p5mm__tee_fl160um_fc12_cg1p2um__rpg1p4um,4.70747191391,6.07732489971,6.088856940464019,247.2841235563809,5.838361767601531,3.138320930133471e-08,0.0008337953800001685,0.08914747086000041,0.25273134906578054,9.568241561945229,0.06392070444420117
SQuADDS_fqOnly,57,chip_simple_dx7p273_dym1p818__Lj12p0nH_Cj2p0fF__roL8p5mm__tee_fl160um_fc12_cg1p2um__rpg1p4um,4.70663811853,6.16647237057,5.836125591398239,256.85236511832613,5.902282472045732,10,chip_simple_dxm0p909_dy2p727__Lj12p0nH_Cj2p0fF__roL8p5mm__tee_fl160um_fc12_cg1p2um__rpg1p4um,4.70779688919,6.02364360744,5.465226220020294,225.5217206888144,5.792823970341947,6.061405869006783e-08,0.0011587706600000303,0.14282876312999981,0.37089937137794493,31.33064442951172,0.10945850170378524
SQuADDS_fqOnly,58,chip_simple_dx8p182_dym6p364__Lj12p0nH_Cj2p0fF__roL8p5mm__tee_fl160um_fc12_cg1p2um__rpg1p4um,4.74033005446,6.12730674018,5.791866146835327,242.2763131992824,5.874957661976247,1,chip_simple_dx4p545_dym10p000__Lj12p0nH_Cj2p0fF__roL8p5mm__tee_fl160um_fc12_cg1p2um__rpg1p4um,4.74063988225,6.06861380015,5.884236363721847,234.4946741312744,5.822012514288446,4.271924571224152e-09,0.00030982778999977256,0.05869294003000025,0.09237021688652014,7.781639068008019,0.052945147687801786
SQuADDS_fqOnly,58,chip_simple_dx8p182_dym6p364__Lj12p0nH_Cj2p0fF__roL8p5mm__tee_fl160um_fc12_cg1p2um__rpg1p4um,4.74033005446,6.12730674018,5.791866146835327,242.2763131992824,5.874957661976247,2,chip_simple_dxm8p182_dy7p273__Lj12p0nH_Cj2p0fF__roL8p5mm__tee_fl160um_fc12_cg1p2um__rpg1p4um,4.73980994773,6.11492139787,5.370422379964828,231.42365600136029,5.863101959116468,1.2038372688643941e-08,0.000520106729999803,0.012385342309999992,0.42144376687049867,10.852657197922127,0.011855702859778994
SQuADDS_fqOnly,58,chip_simple_dx8p182_dym6p364__Lj12p0nH_Cj2p0fF__roL8p5mm__tee_fl160um_fc12_cg1p2um__rpg1p4um,4.74033005446,6.12730674018,5.791866146835327,242.2763131992824,5.874957661976247,3,chip_simple_dxm4p545_dym6p364__Lj12p0nH_Cj2p0fF__roL8p5mm__tee_fl160um_fc12_cg1p2um__rpg1p4um,4.74104877837,6.16936058387,5.221749590709687,236.1747219770442,5.96712878511157,2.2988308845043455e-08,0.0007187239099994969,0.04205384368999976,0.5701165561256394,6.101591222238227,0.09217112313532283
SQuADDS_fqOnly,58,chip_simple_dx8p182_dym6p364__Lj12p0nH_Cj2p0fF__roL8p5mm__tee_fl160um_fc12_cg1p2um__rpg1p4um,4.74033005446,6.12730674018,5.791866146835327,242.2763131992824,5.874957661976247,4,chip_simple_dxm7p273_dy10p000__Lj12p0nH_Cj2p0fF__roL8p5mm__tee_fl160um_fc12_cg1p2um__rpg1p4um,4.74112824339,6.0338985905,5.849102284322738,228.0004194267305,5.782595714641922,2.835268794616527e-08,0.0007981889300001654,0.09340814968000011,0.0572361374874113,14.27589377255191,0.09236194733432512
SQuADDS_fqOnly,58,chip_simple_dx8p182_dym6p364__Lj12p0nH_Cj2p0fF__roL8p5mm__tee_fl160um_fc12_cg1p2um__rpg1p4um,4.74033005446,6.12730674018,5.791866146835327,242.2763131992824,5.874957661976247,5,chip_simple_dxm2p727_dy8p182__Lj12p0nH_Cj2p0fF__roL8p5mm__tee_fl160um_fc12_cg1p2um__rpg1p4um,4.73942012359,6.13041907966,5.303923094404221,232.28429467525183,5.936110371118198,3.684678798135265e-08,0.0009099308699997977,0.0031123394800003368,0.48794305243110614,9.992018524030584,0.06115270914195037
SQuADDS_fqOnly,58,chip_simple_dx8p182_dym6p364__Lj12p0nH_Cj2p0fF__roL8p5mm__tee_fl160um_fc12_cg1p2um__rpg1p4um,4.74033005446,6.12730674018,5.791866146835327,242.2763131992824,5.874957661976247,6,chip_simple_dx9p091_dym10p000__Lj12p0nH_Cj2p0fF__roL8p5mm__tee_fl160um_fc12_cg1p2um__rpg1p4um,4.74124585961,6.17364141087,5.191116545270919,236.053231103742,5.957930684959158,3.7324070430707366e-08,0.0009158051500000042,0.0463346706900003,0.6007496015644076,6.223082095540406,0.08297302298291065
SQuADDS_fqOnly,58,chip_simple_dx8p182_dym6p364__Lj12p0nH_Cj2p0fF__roL8p5mm__tee_fl160um_fc12_cg1p2um__rpg1p4um,4.74033005446,6.12730674018,5.791866146835327,242.2763131992824,5.874957661976247,7,chip_simple_dxm5p455_dy9p091__Lj12p0nH_Cj2p0fF__roL8p5mm__tee_fl160um_fc12_cg1p2um__rpg1p4um,4.7413283149,6.24294215951,5.426167698335648,252.3619899121704,6.063293621149046,4.434764466028182e-08,0.0009982604399993988,0.11563541933000021,0.36569844849967836,10.085676712887988,0.18833595917279844
SQuADDS_fqOnly,58,chip_simple_dx8p182_dym6p364__Lj12p0nH_Cj2p0fF__roL8p5mm__tee_fl160um_fc12_cg1p2um__rpg1p4um,4.74033005446,6.12730674018,5.791866146835327,242.2763131992824,5.874957661976247,8,chip_simple_dx0p000_dy1p818__Lj12p0nH_Cj2p0fF__roL8p5mm__tee_fl160um_fc12_cg1p2um__rpg1p4um,4.73893431681,6.15716579206,5.395158588809967,238.6641224689724,5.982980691110814,8.669427615997737e-08,0.0013957376500002283,0.02985905187999993,0.3967075580253594,3.6121907303100045,0.10802302913456696
SQuADDS_fqOnly,58,chip_simple_dx8p182_dym6p364__Lj12p0nH_Cj2p0fF__roL8p5mm__tee_fl160um_fc12_cg1p2um__rpg1p4um,4.74033005446,6.12730674018,5.791866146835327,242.2763131992824,5.874957661976247,9,chip_simple_dxm5p455_dym2p727__Lj12p0nH_Cj2p0fF__roL8p5mm__tee_fl160um_fc12_cg1p2um__rpg1p4um,4.74191288272,6.16037786476,5.586993185428619,242.8607467730461,5.939829633011445,1.1149372580851633e-07,0.0015828282600001131,0.033071124580000166,0.20487296140670797,0.5844335737636754,0.06487197103519726
SQuADDS_fqOnly,58,chip_simple_dx8p182_dym6p364__Lj12p0nH_Cj2p0fF__roL8p5mm__tee_fl160um_fc12_cg1p2um__rpg1p4um,4.74033005446,6.12730674018,5.791866146835327,242.2763131992824,5.874957661976247,10,chip_simple_dx7p273_dym8p182__Lj12p0nH_Cj2p0fF__roL8p5mm__tee_fl160um_fc12_cg1p2um__rpg1p4um,4.73860663357,6.13667098278,5.410198969038009,235.95734473947155,5.923419674600598,1.3217993776509743e-07,0.0017234208900003267,0.009364242600000239,0.3816671777973175,6.318968459810861,0.04846201262435024
SQuADDS_fqOnly,59,chip_simple_dx8p182_dy0p909__Lj12p0nH_Cj2p0fF__roL8p5mm__tee_fl160um_fc12_cg1p2um__rpg1p4um,4.75057675295,6.09441747765,5.722410437381744,233.314149120694,5.853407541855238,1,chip_simple_dx6p364_dym5p455__Lj12p0nH_Cj2p0fF__roL8p5mm__tee_fl160um_fc12_cg1p2um__rpg1p4um,4.75078715707,6.03628209085,5.3055558983383175,215.55523015902745,5.731041446609096,1.9616241560901158e-09,0.00021040412000061792,0.05813538680000008,0.4168545390434266,17.758918961666552,0.12236609524614206
SQuADDS_fqOnly,59,chip_simple_dx8p182_dy0p909__Lj12p0nH_Cj2p0fF__roL8p5mm__tee_fl160um_fc12_cg1p2um__rpg1p4um,4.75057675295,6.09441747765,5.722410437381744,233.314149120694,5.853407541855238,2,chip_simple_dxm9p091_dy9p091__Lj12p0nH_Cj2p0fF__roL8p5mm__tee_fl160um_fc12_cg1p2um__rpg1p4um,4.75085202436,6.00137867716,5.41655916849327,212.3126314781783,5.701547260512729,3.3576044861163126e-09,0.00027527141000049937,0.09303880049000046,0.3058512688884738,21.001517642515694,0.1518602813425085
SQuADDS_fqOnly,59,chip_simple_dx8p182_dy0p909__Lj12p0nH_Cj2p0fF__roL8p5mm__tee_fl160um_fc12_cg1p2um__rpg1p4um,4.75057675295,6.09441747765,5.722410437381744,233.314149120694,5.853407541855238,3,chip_simple_dxm6p364_dym7p273__Lj12p0nH_Cj2p0fF__roL8p5mm__tee_fl160um_fc12_cg1p2um__rpg1p4um,4.75005432934,6.01899043043,5.655702243776322,219.9240164763736,5.705344706711049,1.2093525185025332e-08,0.000522423609999656,0.07542704722000071,0.06670819360542257,13.390132644320403,0.14806283514418883
SQuADDS_fqOnly,59,chip_simple_dx8p182_dy0p909__Lj12p0nH_Cj2p0fF__roL8p5mm__tee_fl160um_fc12_cg1p2um__rpg1p4um,4.75057675295,6.09441747765,5.722410437381744,233.314149120694,5.853407541855238,4,chip_simple_dxm4p545_dym2p727__Lj12p0nH_Cj2p0fF__roL8p5mm__tee_fl160um_fc12_cg1p2um__rpg1p4um,4.75133436782,6.26297506595,5.207407996995926,248.15573910645995,6.105858265342065,2.5433392989840316e-08,0.0007576148700003671,0.16855758829999967,0.5150024403858184,14.84158998576595,0.2524507234868274
SQuADDS_fqOnly,59,chip_simple_dx8p182_dy0p909__Lj12p0nH_Cj2p0fF__roL8p5mm__tee_fl160um_fc12_cg1p2um__rpg1p4um,4.75057675295,6.09441747765,5.722410437381744,233.314149120694,5.853407541855238,5,chip_simple_dxm8p182_dym6p364__Lj12p0nH_Cj2p0fF__roL8p5mm__tee_fl160um_fc12_cg1p2um__rpg1p4um,4.74965194892,6.20869132521,5.27103725569725,241.6389530940361,6.043633765216636,3.789716728722765e-08,0.0009248040299993932,0.11427384755999981,0.45137318168449436,8.324803973342114,0.19022622336139783
SQuADDS_fqOnly,59,chip_simple_dx8p182_dy0p909__Lj12p0nH_Cj2p0fF__roL8p5mm__tee_fl160um_fc12_cg1p2um__rpg1p4um,4.75057675295,6.09441747765,5.722410437381744,233.314149120694,5.853407541855238,6,chip_simple_dxm2p727_dy4p545__Lj12p0nH_Cj2p0fF__roL8p5mm__tee_fl160um_fc12_cg1p2um__rpg1p4um,4.75153648539,6.12686754084,5.701167658432007,237.858845654832,5.866682937277906,4.081386005218252e-08,0.0009597324400001384,0.03245006318999977,0.021242778949737584,4.544696534138012,0.01327539542266809
SQuADDS_fqOnly,59,chip_simple_dx8p182_dy0p909__Lj12p0nH_Cj2p0fF__roL8p5mm__tee_fl160um_fc12_cg1p2um__rpg1p4um,4.75057675295,6.09441747765,5.722410437381744,233.314149120694,5.853407541855238,7,chip_simple_dx5p455_dym9p091__Lj12p0nH_Cj2p0fF__roL8p5mm__tee_fl160um_fc12_cg1p2um__rpg1p4um,4.74946000079,6.06973702281,5.756615043542862,230.21871320620863,5.823921246974269,5.526127793832955e-08,0.0011167521599997343,0.024680454840000365,0.034204606161117646,3.095435914485364,0.029486294880968877
SQuADDS_fqOnly,59,chip_simple_dx8p182_dy0p909__Lj12p0nH_Cj2p0fF__roL8p5mm__tee_fl160um_fc12_cg1p2um__rpg1p4um,4.75057675295,6.09441747765,5.722410437381744,233.314149120694,5.853407541855238,8,chip_simple_dxm8p182_dy2p727__Lj12p0nH_Cj2p0fF__roL8p5mm__tee_fl160um_fc12_cg1p2um__rpg1p4um,4.74905682439,6.19457611211,5.409443262643814,242.78883490510103,6.0021454172131445,1.0236551433279525e-07,0.001519928559999606,0.10015863445999962,0.31296717473793034,9.47468578440703,0.14873787535790672
SQuADDS_fqOnly,59,chip_simple_dx8p182_dy0p909__Lj12p0nH_Cj2p0fF__roL8p5mm__tee_fl160um_fc12_cg1p2um__rpg1p4um,4.75057675295,6.09441747765,5.722410437381744,233.314149120694,5.853407541855238,9,chip_simple_dx7p273_dy1p818__Lj12p0nH_Cj2p0fF__roL8p5mm__tee_fl160um_fc12_cg1p2um__rpg1p4um,4.74884244552,6.18043323889,5.108353200099945,233.634889421262,5.957387601556484,1.3327831424438201e-07,0.001734307429999582,0.08601576123999966,0.6140572372817994,0.32074030056799074,0.10398005970124657
SQuADDS_fqOnly,59,chip_simple_dx8p182_dy0p909__Lj12p0nH_Cj2p0fF__roL8p5mm__tee_fl160um_fc12_cg1p2um__rpg1p4um,4.75057675295,6.09441747765,5.722410437381744,233.314149120694,5.853407541855238,10,chip_simple_dx5p455_dy8p182__Lj12p0nH_Cj2p0fF__roL8p5mm__tee_fl160um_fc12_cg1p2um__rpg1p4um,4.74855405086,6.03321750387,6.352321427940368,236.0766933371285,5.795288526783467,1.8128888088927312e-07,0.0020227020899996617,0.06119997377999997,0.6299109905586242,2.7625442164344918,0.058119015071770974
SQuADDS_fqOnly,60,chip_simple_dx9p091_dym8p182__Lj12p0nH_Cj2p0fF__roL8p5mm__tee_fl160um_fc12_cg1p2um__rpg1p4um,4.73933459996,6.01297642346,4.979622645933151,207.4128246574417,5.665277094733514,1,chip_simple_dxm2p727_dy8p182__Lj12p0nH_Cj2p0fF__roL8p5mm__tee_fl160um_fc12_cg1p2um__rpg1p4um,4.73942012359,6.13041907966,5.303923094404221,232.28429467525183,5.936110371118198,3.256398225774247e-10,8.55236300001394e-05,0.1174426562000006,0.3243004484710692,24.87147001781014,0.2708332763846837
SQuADDS_fqOnly,60,chip_simple_dx9p091_dym8p182__Lj12p0nH_Cj2p0fF__roL8p5mm__tee_fl160um_fc12_cg1p2um__rpg1p4um,4.73933459996,6.01297642346,4.979622645933151,207.4128246574417,5.665277094733514,2,chip_simple_dx0p000_dy1p818__Lj12p0nH_Cj2p0fF__roL8p5mm__tee_fl160um_fc12_cg1p2um__rpg1p4um,4.73893431681,6.15716579206,5.395158588809967,238.6641224689724,5.982980691110814,7.133454164676045e-09,0.00040028315000029124,0.1441893686000002,0.41553594287681594,31.25129781153072,0.3177035963773003
SQuADDS_fqOnly,60,chip_simple_dx9p091_dym8p182__Lj12p0nH_Cj2p0fF__roL8p5mm__tee_fl160um_fc12_cg1p2um__rpg1p4um,4.73933459996,6.01297642346,4.979622645933151,207.4128246574417,5.665277094733514,3,chip_simple_dxm8p182_dy7p273__Lj12p0nH_Cj2p0fF__roL8p5mm__tee_fl160um_fc12_cg1p2um__rpg1p4um,4.73980994773,6.11492139787,5.370422379964828,231.42365600136029,5.863101959116468,1.0059772960228636e-08,0.00047534777000013406,0.10194497441000028,0.39079973403167667,24.010831343918596,0.19782486438295432
SQuADDS_fqOnly,60,chip_simple_dx9p091_dym8p182__Lj12p0nH_Cj2p0fF__roL8p5mm__tee_fl160um_fc12_cg1p2um__rpg1p4um,4.73933459996,6.01297642346,4.979622645933151,207.4128246574417,5.665277094733514,4,chip_simple_dx7p273_dym8p182__Lj12p0nH_Cj2p0fF__roL8p5mm__tee_fl160um_fc12_cg1p2um__rpg1p4um,4.73860663357,6.13667098278,5.410198969038009,235.95734473947155,5.923419674600598,2.3593257874227126e-08,0.0007279663900003897,0.12369455932000051,0.4305763231048578,28.544520082029862,0.25814257986708355
SQuADDS_fqOnly,60,chip_simple_dx9p091_dym8p182__Lj12p0nH_Cj2p0fF__roL8p5mm__tee_fl160um_fc12_cg1p2um__rpg1p4um,4.73933459996,6.01297642346,4.979622645933151,207.4128246574417,5.665277094733514,5,chip_simple_dxm2p727_dy0p909__Lj12p0nH_Cj2p0fF__roL8p5mm__tee_fl160um_fc12_cg1p2um__rpg1p4um,4.73845369417,6.16039546172,5.41090745403862,239.617009903282,5.951034616643697,3.4548101475890984e-08,0.0008809057899998862,0.1474190382600007,0.43128480810546854,32.20418524584031,0.2857575219101829
SQuADDS_fqOnly,60,chip_simple_dx9p091_dym8p182__Lj12p0nH_Cj2p0fF__roL8p5mm__tee_fl160um_fc12_cg1p2um__rpg1p4um,4.73933459996,6.01297642346,4.979622645933151,207.4128246574417,5.665277094733514,6,chip_simple_dxm0p909_dy6p364__Lj12p0nH_Cj2p0fF__roL8p5mm__tee_fl160um_fc12_cg1p2um__rpg1p4um,4.73809447586,6.07066105208,5.877909127601623,235.23156094873443,5.87197127716639,6.846924711923624e-08,0.001240124100000628,0.057684628620000566,0.8982864816684719,27.818736291292737,0.20669418243287563
SQuADDS_fqOnly,60,chip_simple_dx9p091_dym8p182__Lj12p0nH_Cj2p0fF__roL8p5mm__tee_fl160um_fc12_cg1p2um__rpg1p4um,4.73933459996,6.01297642346,4.979622645933151,207.4128246574417,5.665277094733514,7,chip_simple_dx4p545_dym10p000__Lj12p0nH_Cj2p0fF__roL8p5mm__tee_fl160um_fc12_cg1p2um__rpg1p4um,4.74063988225,6.06861380015,5.884236363721847,234.4946741312744,5.822012514288446,7.585324220994293e-08,0.0013052822899997096,0.05563737669000002,0.9046137177886955,27.081849473832705,0.15673541955493153
SQuADDS_fqOnly,60,chip_simple_dx9p091_dym8p182__Lj12p0nH_Cj2p0fF__roL8p5mm__tee_fl160um_fc12_cg1p2um__rpg1p4um,4.73933459996,6.01297642346,4.979622645933151,207.4128246574417,5.665277094733514,8,chip_simple_dxm4p545_dym6p364__Lj12p0nH_Cj2p0fF__roL8p5mm__tee_fl160um_fc12_cg1p2um__rpg1p4um,4.74104877837,6.16936058387,5.221749590709687,236.1747219770442,5.96712878511157,1.3082095021022422e-07,0.001714178409999434,0.15638416041000003,0.24212694477653596,28.761897319602497,0.30185169037805615
SQuADDS_fqOnly,60,chip_simple_dx9p091_dym8p182__Lj12p0nH_Cj2p0fF__roL8p5mm__tee_fl160um_fc12_cg1p2um__rpg1p4um,4.73933459996,6.01297642346,4.979622645933151,207.4128246574417,5.665277094733514,9,chip_simple_dxm7p273_dy10p000__Lj12p0nH_Cj2p0fF__roL8p5mm__tee_fl160um_fc12_cg1p2um__rpg1p4um,4.74112824339,6.0338985905,5.849102284322738,228.0004194267305,5.782595714641922,1.4323115025949406e-07,0.0017936434300001025,0.02092216704000016,0.8694796383895866,20.587594769288813,0.1173186199084082
SQuADDS_fqOnly,60,chip_simple_dx9p091_dym8p182__Lj12p0nH_Cj2p0fF__roL8p5mm__tee_fl160um_fc12_cg1p2um__rpg1p4um,4.73933459996,6.01297642346,4.979622645933151,207.4128246574417,5.665277094733514,10,chip_simple_dx9p091_dym10p000__Lj12p0nH_Cj2p0fF__roL8p5mm__tee_fl160um_fc12_cg1p2um__rpg1p4um,4.74124585961,6.17364141087,5.191116545270919,236.053231103742,5.957930684959158,1.626314896076437e-07,0.0019112596499999412,0.16066498741000057,0.21149389933776774,28.640406446300318,0.29265359022564397
SQuADDS_fqOnly,61,chip_simple_dx9p091_dy4p545__Lj12p0nH_Cj2p0fF__roL8p5mm__tee_fl160um_fc12_cg1p2um__rpg1p4um,4.68769054045,6.11988182644,6.106558018573761,259.16147921563146,5.906583897822457,1,chip_simple_dxm9p091_dy2p727__Lj12p0nH_Cj2p0fF__roL8p5mm__tee_fl160um_fc12_cg1p2um__rpg1p4um,4.68785660116,6.14920505102,6.378877137207031,269.97376724564526,5.9601401255266735,1.2549196311283821e-09,0.0001660607099998046,0.029323224579999696,0.27231911863326985,10.812288030013804,0.05355622770421675
SQuADDS_fqOnly,61,chip_simple_dx9p091_dy4p545__Lj12p0nH_Cj2p0fF__roL8p5mm__tee_fl160um_fc12_cg1p2um__rpg1p4um,4.68769054045,6.11988182644,6.106558018573761,259.16147921563146,5.906583897822457,2,chip_simple_dx6p364_dy8p182__Lj12p0nH_Cj2p0fF__roL8p5mm__tee_fl160um_fc12_cg1p2um__rpg1p4um,4.68815638567,6.01539640302,6.651202537282943,252.1465005767916,5.735438248599257,9.875643852140886e-09,0.00046584521999992745,0.10448542342000078,0.5446445187091822,7.014978638839864,0.17114564922319975
SQuADDS_fqOnly,61,chip_simple_dx9p091_dy4p545__Lj12p0nH_Cj2p0fF__roL8p5mm__tee_fl160um_fc12_cg1p2um__rpg1p4um,4.68769054045,6.11988182644,6.106558018573761,259.16147921563146,5.906583897822457,3,chip_simple_dxm3p636_dym3p636__Lj12p0nH_Cj2p0fF__roL8p5mm__tee_fl160um_fc12_cg1p2um__rpg1p4um,4.68717781389,5.97834346452,6.698308181764602,246.63062343353235,5.688222825454348,1.1963376276651906e-08,0.0005127265600002318,0.14153836192000036,0.5917501631908415,12.53085578209911,0.21836107236810864
SQuADDS_fqOnly,61,chip_simple_dx9p091_dy4p545__Lj12p0nH_Cj2p0fF__roL8p5mm__tee_fl160um_fc12_cg1p2um__rpg1p4um,4.68769054045,6.11988182644,6.106558018573761,259.16147921563146,5.906583897822457,4,chip_simple_dx0p000_dy6p364__Lj12p0nH_Cj2p0fF__roL8p5mm__tee_fl160um_fc12_cg1p2um__rpg1p4um,4.68684275544,6.22626285193,5.869558168603897,271.87390077175473,6.055488773398548,3.270797062594983e-08,0.0008477850100003792,0.10638102548999928,0.23699984996986423,12.712421556123275,0.14890487557609156
SQuADDS_fqOnly,61,chip_simple_dx9p091_dy4p545__Lj12p0nH_Cj2p0fF__roL8p5mm__tee_fl160um_fc12_cg1p2um__rpg1p4um,4.68769054045,6.11988182644,6.106558018573761,259.16147921563146,5.906583897822457,5,chip_simple_dxm8p182_dy9p091__Lj12p0nH_Cj2p0fF__roL8p5mm__tee_fl160um_fc12_cg1p2um__rpg1p4um,4.68682128785,6.05207856918,6.670654395746231,259.2924998926468,5.805209593914802,3.4385403819217423e-08,0.0008692526000002587,0.06780325726000047,0.5640963771724703,0.1310206770153286,0.10137430390765445
SQuADDS_fqOnly,61,chip_simple_dx9p091_dy4p545__Lj12p0nH_Cj2p0fF__roL8p5mm__tee_fl160um_fc12_cg1p2um__rpg1p4um,4.68769054045,6.11988182644,6.106558018573761,259.16147921563146,5.906583897822457,6,chip_simple_dxm1p818_dy4p545__Lj12p0nH_Cj2p0fF__roL8p5mm__tee_fl160um_fc12_cg1p2um__rpg1p4um,4.68668729165,6.13606112963,6.136175126768112,262.7664710804651,5.930337346209187,4.580358068163043e-08,0.0010032488000000228,0.016179303189999494,0.02961710819435126,3.6049918648336643,0.023753448386730547
SQuADDS_fqOnly,61,chip_simple_dx9p091_dy4p545__Lj12p0nH_Cj2p0fF__roL8p5mm__tee_fl160um_fc12_cg1p2um__rpg1p4um,4.68769054045,6.11988182644,6.106558018573761,259.16147921563146,5.906583897822457,7,chip_simple_dxm0p909_dym0p909__Lj12p0nH_Cj2p0fF__roL8p5mm__tee_fl160um_fc12_cg1p2um__rpg1p4um,4.68632924459,6.17134248768,5.411161615444184,252.1794734270908,5.976285666069374,8.433098631577959e-08,0.0013612958599997782,0.05146066123999926,0.6953964031295765,6.982005788540647,0.06970176824691698
SQuADDS_fqOnly,61,chip_simple_dx9p091_dy4p545__Lj12p0nH_Cj2p0fF__roL8p5mm__tee_fl160um_fc12_cg1p2um__rpg1p4um,4.68769054045,6.11988182644,6.106558018573761,259.16147921563146,5.906583897822457,8,chip_simple_dx4p545_dy9p091__Lj12p0nH_Cj2p0fF__roL8p5mm__tee_fl160um_fc12_cg1p2um__rpg1p4um,4.68609575245,6.11430901066,5.943070262321472,255.0398969000135,5.911313507537606,1.1574121860068034e-07,0.0015947880000002357,0.005572815779999907,0.16348775625228917,4.121582315617957,0.004729609715149685
SQuADDS_fqOnly,61,chip_simple_dx9p091_dy4p545__Lj12p0nH_Cj2p0fF__roL8p5mm__tee_fl160um_fc12_cg1p2um__rpg1p4um,4.68769054045,6.11988182644,6.106558018573761,259.16147921563146,5.906583897822457,9,chip_simple_dx0p909_dy2p727__Lj12p0nH_Cj2p0fF__roL8p5mm__tee_fl160um_fc12_cg1p2um__rpg1p4um,4.68950459777,6.08766133854,6.096332340703964,253.08284499290465,5.866286461039824,1.4975596968234716e-07,0.00181405731999984,0.032220487900000094,0.01022567786979689,6.078634222726805,0.04029743678263298
SQuADDS_fqOnly,61,chip_simple_dx9p091_dy4p545__Lj12p0nH_Cj2p0fF__roL8p5mm__tee_fl160um_fc12_cg1p2um__rpg1p4um,4.68769054045,6.11988182644,6.106558018573761,259.16147921563146,5.906583897822457,10,chip_simple_dx7p273_dym5p455__Lj12p0nH_Cj2p0fF__roL8p5mm__tee_fl160um_fc12_cg1p2um__rpg1p4um,4.68956975271,6.00915982967,6.033120924316406,238.5769642035002,5.707892283474967,1.6070663460863114e-07,0.0018792122599995409,0.11072199677000061,0.073437094257355,20.58451501213125,0.1986916143474895
SQuADDS_fqOnly,62,chip_simple_dx10p000_dym10p000__Lj12p0nH_Cj2p0fF__roL8p5mm__tee_fl160um_fc12_cg1p2um__rpg1p4um,4.71844531011,6.15809605656,5.707450486171722,250.04335074310168,5.943757997746209,1,chip_simple_dx3p636_dym7p273__Lj12p0nH_Cj2p0fF__roL8p5mm__tee_fl160um_fc12_cg1p2um__rpg1p4um,4.71844087505,6.09326872435,6.172192269672394,249.2646758562308,5.887827549157398,8.834890025679344e-13,4.4350600001408225e-06,0.06482733221000014,0.4647417835006715,0.7786748868708742,0.05593044858881058
SQuADDS_fqOnly,62,chip_simple_dx10p000_dym10p000__Lj12p0nH_Cj2p0fF__roL8p5mm__tee_fl160um_fc12_cg1p2um__rpg1p4um,4.71844531011,6.15809605656,5.707450486171722,250.04335074310168,5.943757997746209,2,chip_simple_dx2p727_dy6p364__Lj12p0nH_Cj2p0fF__roL8p5mm__tee_fl160um_fc12_cg1p2um__rpg1p4um,4.71827326294,6.10422533124,6.110669951080322,249.8252160711548,5.885426209420992,1.3295271650724295e-09,0.00017204716999952296,0.05387072531999948,0.4032194649085996,0.21813467194687064,0.05833178832521657
SQuADDS_fqOnly,62,chip_simple_dx10p000_dym10p000__Lj12p0nH_Cj2p0fF__roL8p5mm__tee_fl160um_fc12_cg1p2um__rpg1p4um,4.71844531011,6.15809605656,5.707450486171722,250.04335074310168,5.943757997746209,3,chip_simple_dx1p818_dym10p000__Lj12p0nH_Cj2p0fF__roL8p5mm__tee_fl160um_fc12_cg1p2um__rpg1p4um,4.71825339915,6.0249810499,5.668253818870544,227.73903094203945,5.741519544932768,1.6542521377175123e-09,0.00019191095999993024,0.13311500665999976,0.03919666730117832,22.304319801062235,0.20223845281344133
SQuADDS_fqOnly,62,chip_simple_dx10p000_dym10p000__Lj12p0nH_Cj2p0fF__roL8p5mm__tee_fl160um_fc12_cg1p2um__rpg1p4um,4.71844531011,6.15809605656,5.707450486171722,250.04335074310168,5.943757997746209,4,chip_simple_dxm8p182_dy0p000__Lj12p0nH_Cj2p0fF__roL8p5mm__tee_fl160um_fc12_cg1p2um__rpg1p4um,4.71825133181,6.07367777131,6.017017910228729,242.8397923358069,5.766522456286912,1.6900846078731537e-09,0.00019397829999956429,0.08441828524999995,0.30956742405700677,7.203558407294793,0.17723554145929654
SQuADDS_fqOnly,62,chip_simple_dx10p000_dym10p000__Lj12p0nH_Cj2p0fF__roL8p5mm__tee_fl160um_fc12_cg1p2um__rpg1p4um,4.71844531011,6.15809605656,5.707450486171722,250.04335074310168,5.943757997746209,5,chip_simple_dxm7p273_dym8p182__Lj12p0nH_Cj2p0fF__roL8p5mm__tee_fl160um_fc12_cg1p2um__rpg1p4um,4.71799800041,6.08547036476,5.387219844787597,231.5296678046592,5.812898055695297,8.987083582308828e-09,0.0004473097000001758,0.07262569179999989,0.32023064138412494,18.513682938442486,0.130859942050912
SQuADDS_fqOnly,62,chip_simple_dx10p000_dym10p000__Lj12p0nH_Cj2p0fF__roL8p5mm__tee_fl160um_fc12_cg1p2um__rpg1p4um,4.71844531011,6.15809605656,5.707450486171722,250.04335074310168,5.943757997746209,6,chip_simple_dx9p091_dym9p091__Lj12p0nH_Cj2p0fF__roL8p5mm__tee_fl160um_fc12_cg1p2um__rpg1p4um,4.71934786872,6.08163378867,5.753670983188629,238.5232525782091,5.841539739032603,3.658920520302906e-08,0.0009025586099999927,0.07646226789000021,0.04622049701690667,11.520098164892573,0.10221825871360579
SQuADDS_fqOnly,62,chip_simple_dx10p000_dym10p000__Lj12p0nH_Cj2p0fF__roL8p5mm__tee_fl160um_fc12_cg1p2um__rpg1p4um,4.71844531011,6.15809605656,5.707450486171722,250.04335074310168,5.943757997746209,7,chip_simple_dx3p636_dym10p000__Lj12p0nH_Cj2p0fF__roL8p5mm__tee_fl160um_fc12_cg1p2um__rpg1p4um,4.71703014209,6.07430842251,5.908099547199249,240.9557709371328,5.866915155687882,8.995351954265764e-08,0.0014151680200003014,0.08378763405000011,0.20064906102752644,9.087579805968886,0.07684284205832714
SQuADDS_fqOnly,62,chip_simple_dx10p000_dym10p000__Lj12p0nH_Cj2p0fF__roL8p5mm__tee_fl160um_fc12_cg1p2um__rpg1p4um,4.71844531011,6.15809605656,5.707450486171722,250.04335074310168,5.943757997746209,8,chip_simple_dxm0p909_dym2p727__Lj12p0nH_Cj2p0fF__roL8p5mm__tee_fl160um_fc12_cg1p2um__rpg1p4um,4.71688507337,6.1251687863,5.703840147447586,245.03748437158407,5.9299268561119325,1.0934102715084326e-07,0.0015602367399996098,0.032927270260000085,0.003610338724135964,5.005866371517612,0.013831141634276456
SQuADDS_fqOnly,62,chip_simple_dx10p000_dym10p000__Lj12p0nH_Cj2p0fF__roL8p5mm__tee_fl160um_fc12_cg1p2um__rpg1p4um,4.71844531011,6.15809605656,5.707450486171722,250.04335074310168,5.943757997746209,9,chip_simple_dxm10p000_dym6p364__Lj12p0nH_Cj2p0fF__roL8p5mm__tee_fl160um_fc12_cg1p2um__rpg1p4um,4.72003215394,6.21311585123,5.277381808307648,248.5653481614014,5.993540423418498,1.1310206227234886e-07,0.0015868438300001841,0.05501979467000062,0.43006867786407454,1.4780025817002809,0.049782425672288966
SQuADDS_fqOnly,62,chip_simple_dx10p000_dym10p000__Lj12p0nH_Cj2p0fF__roL8p5mm__tee_fl160um_fc12_cg1p2um__rpg1p4um,4.71844531011,6.15809605656,5.707450486171722,250.04335074310168,5.943757997746209,10,chip_simple_dx1p818_dy8p182__Lj12p0nH_Cj2p0fF__roL8p5mm__tee_fl160um_fc12_cg1p2um__rpg1p4um,4.72017945709,6.08731558494,5.7091661056575775,238.19641006055008,5.858573926089484,1.3507468285976705e-07,0.0017341469800005171,0.07078047162000001,0.001715619485855413,11.846940682551605,0.08518407165672492
SQuADDS_fqOnly,63,fig5_cg0p5um_rpg2p0um__Lj12p0nH_Cj0p0fF__roL8p5mm__tee_fl160um_fc12,4.85287016324,5.21716045759,15.140575747583387,120.11707109236671,4.734598279457381,1,fig5_cg0p5um_rpg3p0um__Lj12p0nH_Cj0p0fF__roL8p5mm__tee_fl160um_fc12,4.85228059761,5.17367615258,14.724469331972122,107.0517381501744,4.685228495113829,1.4759341133998172e-08,0.0005895656300003438,0.04348430501000067,0.4161064156112655,13.065332942192313,0.04936978434355144
SQuADDS_fqOnly,63,fig5_cg0p5um_rpg2p0um__Lj12p0nH_Cj0p0fF__roL8p5mm__tee_fl160um_fc12,4.85287016324,5.21716045759,15.140575747583387,120.11707109236671,4.734598279457381,2,fig5_cg3p5um_rpg2p5um__Lj12p0nH_Cj0p0fF__roL8p5mm__tee_fl160um_fc12,4.85348773769,6.38790903463,4.356288998512268,225.5893196577544,6.102737650921461,1.6195012829193978e-08,0.0006175744499996583,1.1707485770399995,10.78428674907112,105.47224856538769,1.3681393714640802
SQuADDS_fqOnly,63,fig5_cg0p5um_rpg2p0um__Lj12p0nH_Cj0p0fF__roL8p5mm__tee_fl160um_fc12,4.85287016324,5.21716045759,15.140575747583387,120.11707109236671,4.734598279457381,3,fig5_cg3p0um_rpg2p0um__Lj12p0nH_Cj0p0fF__roL8p5mm__tee_fl160um_fc12,4.85591843529,6.44095110726,4.270610977590561,230.04663618304903,6.1997071597004,3.945573189309049e-07,0.0030482720499991345,1.2237906496699997,10.869964769992826,109.92956509068232,1.4651088802430188
SQuADDS_fqOnly,63,fig5_cg0p5um_rpg2p0um__Lj12p0nH_Cj0p0fF__roL8p5mm__tee_fl160um_fc12,4.85287016324,5.21716045759,15.140575747583387,120.11707109236671,4.734598279457381,4,fig5_cg5p0um_rpg3p5um__Lj12p0nH_Cj0p0fF__roL8p5mm__tee_fl160um_fc12,4.8449296474,6.49114766601,3.579725257246017,218.56513466245417,6.134914389553229,2.677318806775651e-06,0.00794051584000055,1.2739872084199995,11.56085049033737,98.44806357008746,1.400316110095848
SQuADDS_fqOnly,63,fig5_cg0p5um_rpg2p0um__Lj12p0nH_Cj0p0fF__roL8p5mm__tee_fl160um_fc12,4.85287016324,5.21716045759,15.140575747583387,120.11707109236671,4.734598279457381,5,fig5_cg4p0um_rpg2p5um__Lj12p0nH_Cj0p0fF__roL8p5mm__tee_fl160um_fc12,4.84081846419,6.4170299131,4.2439929298172,228.91083087667948,6.164372524451142,6.167358755240006e-06,0.012051699050000586,1.19986945551,10.896582817766188,108.79375978431277,1.4297742449937614
SQuADDS_fqOnly,63,fig5_cg0p5um_rpg2p0um__Lj12p0nH_Cj0p0fF__roL8p5mm__tee_fl160um_fc12,4.85287016324,5.21716045759,15.140575747583387,120.11707109236671,4.734598279457381,6,fig5_cg4p5um_rpg3p0um__Lj12p0nH_Cj0p0fF__roL8p5mm__tee_fl160um_fc12,4.83995157357,6.4987501229,3.8456828279762254,228.4924012088084,6.243127364960313,7.086517500375907e-06,0.012918589670000813,1.2815896653099994,11.294892919607161,108.37533011644167,1.508529085502932
SQuADDS_fqOnly,63,fig5_cg0p5um_rpg2p0um__Lj12p0nH_Cj0p0fF__roL8p5mm__tee_fl160um_fc12,4.85287016324,5.21716045759,15.140575747583387,120.11707109236671,4.734598279457381,7,fig5_cg2p5um_rpg2p5um__Lj12p0nH_Cj0p0fF__roL8p5mm__tee_fl160um_fc12,4.86782605146,6.40620544852,4.850844314466476,237.9905673388129,6.17514285459043,9.497888721170167e-06,0.01495588821999938,1.1890449909299994,10.289731433116911,117.87349624644618,1.4405445751330488
SQuADDS_fqOnly,63,fig5_cg0p5um_rpg2p0um__Lj12p0nH_Cj0p0fF__roL8p5mm__tee_fl160um_fc12,4.85287016324,5.21716045759,15.140575747583387,120.11707109236671,4.734598279457381,8,chip_simple_dxm1p818_dy2p727__Lj12p0nH_Cj2p0fF__roL8p5mm__tee_fl160um_fc12_cg1p2um__rpg1p4um,4.83311972934,6.1178439336,4.724510482942581,199.83230045887737,5.831240867189456,1.656364592298793e-05,0.01975043390000053,0.9006834760099993,10.416065264640807,79.71522936651066,1.0966425877320747
SQuADDS_fqOnly,63,fig5_cg0p5um_rpg2p0um__Lj12p0nH_Cj0p0fF__roL8p5mm__tee_fl160um_fc12,4.85287016324,5.21716045759,15.140575747583387,120.11707109236671,4.734598279457381,9,fig5_cg2p5um_rpg2p0um__Lj12p0nH_Cj0p0fF__roL8p5mm__tee_fl160um_fc12,4.82985966256,6.3640851834,4.45615377314949,229.1245415394613,6.124821045393385,2.248302755780048e-05,0.023010500680000767,1.14692472581,10.684421974433898,109.00747044709458,1.390222765936004
SQuADDS_fqOnly,63,fig5_cg0p5um_rpg2p0um__Lj12p0nH_Cj0p0fF__roL8p5mm__tee_fl160um_fc12,4.85287016324,5.21716045759,15.140575747583387,120.11707109236671,4.734598279457381,10,fig5_cg1p0um_rpg2p5um__Lj12p0nH_Cj0p0fF__roL8p5mm__tee_fl160um_fc12,4.8761770008,5.99407925784,6.270368555709839,201.3919971854669,5.6148078415071,2.3065844211943214e-05,0.02330683755999985,0.7769188002499998,8.870207191873547,81.27492609310018,0.8802095620497195
SQuADDS_fqOnly,64,fig5_cg0p5um_rpg2p5um__Lj12p0nH_Cj0p0fF__roL8p5mm__tee_fl160um_fc12,4.86085203755,5.13967848351,17.965380264259338,105.70737983803429,4.613459377882024,1,fig5_cg3p0um_rpg2p0um__Lj12p0nH_Cj0p0fF__roL8p5mm__tee_fl160um_fc12,4.85591843529,6.44095110726,4.270610977590561,230.04663618304903,6.1997071597004,1.0301571132323643e-06,0.0049336022600003915,1.30127262375,13.694769286668777,124.33925634501475,1.5862477818183756
SQuADDS_fqOnly,64,fig5_cg0p5um_rpg2p5um__Lj12p0nH_Cj0p0fF__roL8p5mm__tee_fl160um_fc12,4.86085203755,5.13967848351,17.965380264259338,105.70737983803429,4.613459377882024,2,fig5_cg2p5um_rpg2p5um__Lj12p0nH_Cj0p0fF__roL8p5mm__tee_fl160um_fc12,4.86782605146,6.40620544852,4.850844314466476,237.9905673388129,6.17514285459043,2.058452337112907e-06,0.006974013909999854,1.2665269650099997,13.114535949792861,132.2831875007786,1.5616834767084056
SQuADDS_fqOnly,64,fig5_cg0p5um_rpg2p5um__Lj12p0nH_Cj0p0fF__roL8p5mm__tee_fl160um_fc12,4.86085203755,5.13967848351,17.965380264259338,105.70737983803429,4.613459377882024,3,fig5_cg3p5um_rpg2p5um__Lj12p0nH_Cj0p0fF__roL8p5mm__tee_fl160um_fc12,4.85348773769,6.38790903463,4.356288998512268,225.5893196577544,6.102737650921461,2.295292959787895e-06,0.007364299859999868,1.2482305511199998,13.60909126574707,119.88193981972012,1.489278273039437
SQuADDS_fqOnly,64,fig5_cg0p5um_rpg2p5um__Lj12p0nH_Cj0p0fF__roL8p5mm__tee_fl160um_fc12,4.86085203755,5.13967848351,17.965380264259338,105.70737983803429,4.613459377882024,4,fig5_cg0p5um_rpg3p0um__Lj12p0nH_Cj0p0fF__roL8p5mm__tee_fl160um_fc12,4.85228059761,5.17367615258,14.724469331972122,107.0517381501744,4.685228495113829,3.109444214849777e-06,0.00857143993999987,0.03399766906999968,3.240910932287216,1.3443583121401161,0.07176911723180535
SQuADDS_fqOnly,64,fig5_cg0p5um_rpg2p5um__Lj12p0nH_Cj0p0fF__roL8p5mm__tee_fl160um_fc12,4.86085203755,5.13967848351,17.965380264259338,105.70737983803429,4.613459377882024,5,fig5_cg1p0um_rpg2p5um__Lj12p0nH_Cj0p0fF__roL8p5mm__tee_fl160um_fc12,4.8761770008,5.99407925784,6.270368555709839,201.3919971854669,5.6148078415071,9.939718394409086e-06,0.015324963250000323,0.8544007743300002,11.695011708549497,95.6846173474326,1.0013484636250762
SQuADDS_fqOnly,64,fig5_cg0p5um_rpg2p5um__Lj12p0nH_Cj0p0fF__roL8p5mm__tee_fl160um_fc12,4.86085203755,5.13967848351,17.965380264259338,105.70737983803429,4.613459377882024,6,fig5_cg1p5um_rpg2p0um__Lj12p0nH_Cj0p0fF__roL8p5mm__tee_fl160um_fc12,4.87620084481,6.26170388145,4.99363361734581,218.7024888594067,5.970534325619533,9.970672742087065e-06,0.015348807259999653,1.12202539794,12.971746646913527,112.99510902137243,1.3570749477375088
SQuADDS_fqOnly,64,fig5_cg0p5um_rpg2p5um__Lj12p0nH_Cj0p0fF__roL8p5mm__tee_fl160um_fc12,4.86085203755,5.13967848351,17.965380264259338,105.70737983803429,4.613459377882024,7,fig5_cg5p0um_rpg3p5um__Lj12p0nH_Cj0p0fF__roL8p5mm__tee_fl160um_fc12,4.8449296474,6.49114766601,3.579725257246017,218.56513466245417,6.134914389553229,1.072980229001432e-05,0.015922390150000076,1.3514691824999998,14.38565500701332,112.85775482441989,1.521455011671205
SQuADDS_fqOnly,64,fig5_cg0p5um_rpg2p5um__Lj12p0nH_Cj0p0fF__roL8p5mm__tee_fl160um_fc12,4.86085203755,5.13967848351,17.965380264259338,105.70737983803429,4.613459377882024,8,fig5_cg1p5um_rpg4p0um__Lj12p0nH_Cj0p0fF__roL8p5mm__tee_fl160um_fc12,4.87824436992,6.24826740965,4.101225070188522,195.7599725835552,5.814198941096933,1.2802384000016355e-05,0.01739233237000004,1.1085889261400004,13.864155194070815,90.05259274552091,1.200739563214909
SQuADDS_fqOnly,64,fig5_cg0p5um_rpg2p5um__Lj12p0nH_Cj0p0fF__roL8p5mm__tee_fl160um_fc12,4.86085203755,5.13967848351,17.965380264259338,105.70737983803429,4.613459377882024,9,fig5_cg2p0um_rpg2p5um__Lj12p0nH_Cj0p0fF__roL8p5mm__tee_fl160um_fc12,4.88081947033,6.29200362079,4.710222612869263,215.78136757047287,6.007573423867593,1.6874062722357213e-05,0.019967432779999683,1.15232513728,13.255157651390075,110.07398773243858,1.3941140459855692
SQuADDS_fqOnly,64,fig5_cg0p5um_rpg2p5um__Lj12p0nH_Cj0p0fF__roL8p5mm__tee_fl160um_fc12,4.86085203755,5.13967848351,17.965380264259338,105.70737983803429,4.613459377882024,10,fig5_cg4p0um_rpg2p5um__Lj12p0nH_Cj0p0fF__roL8p5mm__tee_fl160um_fc12,4.84081846419,6.4170299131,4.2439929298172,228.91083087667948,6.164372524451142,1.6986035927879727e-05,0.020033573360000112,1.2773514295900004,13.721387334442138,123.2034510386452,1.5509131465691182
SQuADDS_fqOnly,65,fig5_cg0p5um_rpg3p5um__Lj12p0nH_Cj0p0fF__roL8p5mm__tee_fl160um_fc12,4.95220581627,5.47066739424,9.085998195718766,122.01967618339854,4.939635258326992,1,fig5_cg4p5um_rpg4p0um__Lj12p0nH_Cj0p0fF__roL8p5mm__tee_fl160um_fc12,4.95508593508,6.46782847243,3.2292443212566373,187.6687400196612,6.101974945599373,3.382388081450483e-07,0.002880118809999388,0.9971610781899996,5.856753874462129,65.64906383626264,1.1623396872723815
SQuADDS_fqOnly,65,fig5_cg0p5um_rpg3p5um__Lj12p0nH_Cj0p0fF__roL8p5mm__tee_fl160um_fc12,4.95220581627,5.47066739424,9.085998195718766,122.01967618339854,4.939635258326992,2,fig5_cg3p0um_rpg5p0um__Lj12p0nH_Cj0p0fF__roL8p5mm__tee_fl160um_fc12,4.95696839493,6.48702340891,3.0559725609760284,184.36721217201665,6.001161702196097,9.248833293687478e-07,0.004762578659999406,1.0163560146699995,6.030025634742737,62.347535988618105,1.0615264438691048
SQuADDS_fqOnly,65,fig5_cg0p5um_rpg3p5um__Lj12p0nH_Cj0p0fF__roL8p5mm__tee_fl160um_fc12,4.95220581627,5.47066739424,9.085998195718766,122.01967618339854,4.939635258326992,3,fig5_cg4p0um_rpg5p0um__Lj12p0nH_Cj0p0fF__roL8p5mm__tee_fl160um_fc12,4.96099742178,6.49590557052,2.804724396934509,176.9323707390244,6.042311831515487,3.151657485269957e-06,0.008791605509999911,1.0252381762799994,6.281273798784257,54.91269455562586,1.1026765731884955
SQuADDS_fqOnly,65,fig5_cg0p5um_rpg3p5um__Lj12p0nH_Cj0p0fF__roL8p5mm__tee_fl160um_fc12,4.95220581627,5.47066739424,9.085998195718766,122.01967618339854,4.939635258326992,4,fig5_cg4p5um_rpg5p0um__Lj12p0nH_Cj0p0fF__roL8p5mm__tee_fl160um_fc12,4.94315660456,6.31115108222,2.911423043390274,162.61750225797027,5.674525186765227,3.3390592530819257e-06,0.009049211709999838,0.84048368798,6.174575152328492,40.59782607457173,0.7348899284382355
SQuADDS_fqOnly,65,fig5_cg0p5um_rpg3p5um__Lj12p0nH_Cj0p0fF__roL8p5mm__tee_fl160um_fc12,4.95220581627,5.47066739424,9.085998195718766,122.01967618339854,4.939635258326992,5,fig5_cg5p0um_rpg4p5um__Lj12p0nH_Cj0p0fF__roL8p5mm__tee_fl160um_fc12,4.96268569067,6.31641479904,2.822264536901474,157.9558587252947,5.868187141227508,4.478316500369755e-06,0.010479874399999645,0.8457474048,6.263733658817292,35.936182541896144,0.9285518829005159
SQuADDS_fqOnly,65,fig5_cg0p5um_rpg3p5um__Lj12p0nH_Cj0p0fF__roL8p5mm__tee_fl160um_fc12,4.95220581627,5.47066739424,9.085998195718766,122.01967618339854,4.939635258326992,6,fig5_cg3p5um_rpg4p0um__Lj12p0nH_Cj0p0fF__roL8p5mm__tee_fl160um_fc12,4.9416939411,6.51548606738,3.315546014060974,197.788389720846,6.147249764815354,4.5057077403741646e-06,0.010511875170000629,1.04481867314,5.770452181657792,75.76871353744745,1.2076145064883619
SQuADDS_fqOnly,65,fig5_cg0p5um_rpg3p5um__Lj12p0nH_Cj0p0fF__roL8p5mm__tee_fl160um_fc12,4.95220581627,5.47066739424,9.085998195718766,122.01967618339854,4.939635258326992,7,fig5_cg2p5um_rpg4p5um__Lj12p0nH_Cj0p0fF__roL8p5mm__tee_fl160um_fc12,4.94106024347,6.27626260442,3.614401097434997,177.32648850399752,5.824223648241028,5.06532614727983e-06,0.01114557280000028,0.8055952101799999,5.471597098283769,55.30681232059898,0.8845883899140361
SQuADDS_fqOnly,65,fig5_cg0p5um_rpg3p5um__Lj12p0nH_Cj0p0fF__roL8p5mm__tee_fl160um_fc12,4.95220581627,5.47066739424,9.085998195718766,122.01967618339854,4.939635258326992,8,fig5_cg3p0um_rpg4p0um__Lj12p0nH_Cj0p0fF__roL8p5mm__tee_fl160um_fc12,4.940704631,6.42408762791,3.4702477960357663,191.51572092370972,6.040377137923779,5.3937129161510975e-06,0.011501185270000214,0.9534202336699993,5.615750399683,69.49604474031118,1.1007418795967876
SQuADDS_fqOnly,65,fig5_cg0p5um_rpg3p5um__Lj12p0nH_Cj0p0fF__roL8p5mm__tee_fl160um_fc12,4.95220581627,5.47066739424,9.085998195718766,122.01967618339854,4.939635258326992,9,fig5_cg3p5um_rpg4p5um__Lj12p0nH_Cj0p0fF__roL8p5mm__tee_fl160um_fc12,4.93974901061,6.38397286003,3.69327575235939,192.8740906594917,5.933832041481957,6.327264740666075e-06,0.012456805660000292,0.9133054657899997,5.392722443359375,70.85441447609317,0.9941967831549654
SQuADDS_fqOnly,65,fig5_cg0p5um_rpg3p5um__Lj12p0nH_Cj0p0fF__roL8p5mm__tee_fl160um_fc12,4.95220581627,5.47066739424,9.085998195718766,122.01967618339854,4.939635258326992,10,fig5_cg1p5um_rpg2p5um__Lj12p0nH_Cj0p0fF__roL8p5mm__tee_fl160um_fc12,4.93882770809,6.20515259596,4.85777295016098,196.1018444801448,5.919324796967785,7.297801311687685e-06,0.013378108180000403,0.7344852017199992,4.228225245557786,74.08216829674625,0.9796895386407929
SQuADDS_fqOnly,66,fig5_cg1p0um_rpg1p0um__Lj12p0nH_Cj0p0fF__roL8p5mm__tee_fl160um_fc12,4.67320004812,5.91640960993,8.50689958678627,269.90737452966613,5.733069631974926,1,fig5_cg0p5um_rpg1p0um__Lj12p0nH_Cj0p0fF__roL8p5mm__tee_fl160um_fc12,4.67332763234,5.16611622725,17.142235439027786,169.6815537049959,4.775652263368383,7.453584523741419e-10,0.00012758422000036518,0.7502933826799998,8.635335852241516,100.22582082467022,0.957417368606543
SQuADDS_fqOnly,66,fig5_cg1p0um_rpg1p0um__Lj12p0nH_Cj0p0fF__roL8p5mm__tee_fl160um_fc12,4.67320004812,5.91640960993,8.50689958678627,269.90737452966613,5.733069631974926,2,chip_simple_dxm4p545_dym3p636__Lj12p0nH_Cj2p0fF__roL8p5mm__tee_fl160um_fc12_cg1p2um__rpg1p4um,4.67304431925,6.03199474143,6.125895672599793,247.8916504390452,5.756437524837708,1.1104768763192858e-09,0.00015572887000026014,0.1155851315000005,2.3810039141864774,22.01572409062092,0.02336789286278229
SQuADDS_fqOnly,66,fig5_cg1p0um_rpg1p0um__Lj12p0nH_Cj0p0fF__roL8p5mm__tee_fl160um_fc12,4.67320004812,5.91640960993,8.50689958678627,269.90737452966613,5.733069631974926,3,chip_simple_dxm3p636_dy0p909__Lj12p0nH_Cj2p0fF__roL8p5mm__tee_fl160um_fc12_cg1p2um__rpg1p4um,4.67370270888,6.01212956717,5.972365206701278,241.2318799818838,5.710985206034561,1.156967666733362e-08,0.0005026607599996069,0.09571995724000004,2.5345343800849918,28.675494547782336,0.022084425940365193
SQuADDS_fqOnly,66,fig5_cg1p0um_rpg1p0um__Lj12p0nH_Cj0p0fF__roL8p5mm__tee_fl160um_fc12,4.67320004812,5.91640960993,8.50689958678627,269.90737452966613,5.733069631974926,4,chip_simple_dxm0p909_dym1p818__Lj12p0nH_Cj2p0fF__roL8p5mm__tee_fl160um_fc12_cg1p2um__rpg1p4um,4.672625604,6.15896625974,5.890477626493453,264.17818518642616,5.957573698522844,1.511008236717582e-08,0.0005744441199997397,0.24255664981000002,2.6164219602928167,5.729189343239966,0.22450406654791788
SQuADDS_fqOnly,66,fig5_cg1p0um_rpg1p0um__Lj12p0nH_Cj0p0fF__roL8p5mm__tee_fl160um_fc12,4.67320004812,5.91640960993,8.50689958678627,269.90737452966613,5.733069631974926,5,chip_simple_dx5p455_dym3p636__Lj12p0nH_Cj2p0fF__roL8p5mm__tee_fl160um_fc12_cg1p2um__rpg1p4um,4.67222577172,5.8917275848,6.889162298254012,237.96735201507968,5.58728786892167,4.346459331769849e-08,0.0009742764000000292,0.02468202512999973,1.6177372885322576,31.940022514586445,0.14578176305325652
SQuADDS_fqOnly,66,fig5_cg1p0um_rpg1p0um__Lj12p0nH_Cj0p0fF__roL8p5mm__tee_fl160um_fc12,4.67320004812,5.91640960993,8.50689958678627,269.90737452966613,5.733069631974926,6,chip_simple_dxm3p636_dym8p182__Lj12p0nH_Cj2p0fF__roL8p5mm__tee_fl160um_fc12_cg1p2um__rpg1p4um,4.67477993862,6.16530840037,6.238829511974334,272.6481468594707,5.96410442198707,1.1429447321949906e-07,0.0015798905000004027,0.24889879044000018,2.268070074811936,2.7407723298045994,0.2310347900121439
SQuADDS_fqOnly,66,fig5_cg1p0um_rpg1p0um__Lj12p0nH_Cj0p0fF__roL8p5mm__tee_fl160um_fc12,4.67320004812,5.91640960993,8.50689958678627,269.90737452966613,5.733069631974926,7,chip_simple_dxm6p364_dy0p000__Lj12p0nH_Cj2p0fF__roL8p5mm__tee_fl160um_fc12_cg1p2um__rpg1p4um,4.6715110421,6.11602371104,5.946437598886489,258.5796032420524,5.886712731567605,1.3062720967964398e-07,0.0016890060200003276,0.19961410111000077,2.5604619878997807,11.3277712876137,0.15364309959267874
SQuADDS_fqOnly,66,fig5_cg1p0um_rpg1p0um__Lj12p0nH_Cj0p0fF__roL8p5mm__tee_fl160um_fc12,4.67320004812,5.91640960993,8.50689958678627,269.90737452966613,5.733069631974926,8,fig5_cg2p0um_rpg1p0um__Lj12p0nH_Cj0p0fF__roL8p5mm__tee_fl160um_fc12,4.67537317002,6.28144982257,6.80016774546051,305.861011614189,6.2286045622900525,2.1624169256515206e-07,0.0021731219000002966,0.3650402126400003,1.7067318413257597,35.95363708452288,0.4955349303151264
SQuADDS_fqOnly,66,fig5_cg1p0um_rpg1p0um__Lj12p0nH_Cj0p0fF__roL8p5mm__tee_fl160um_fc12,4.67320004812,5.91640960993,8.50689958678627,269.90737452966613,5.733069631974926,9,chip_simple_dxm3p636_dym2p727__Lj12p0nH_Cj2p0fF__roL8p5mm__tee_fl160um_fc12_cg1p2um__rpg1p4um,4.67568933524,6.05467155576,6.318260186975479,255.19867414634712,5.7406067779067245,2.8374044075549815e-07,0.002489287120000405,0.13826194583000007,2.188639399810791,14.708700383319012,0.007537145931798328
SQuADDS_fqOnly,66,fig5_cg1p0um_rpg1p0um__Lj12p0nH_Cj0p0fF__roL8p5mm__tee_fl160um_fc12,4.67320004812,5.91640960993,8.50689958678627,269.90737452966613,5.733069631974926,10,chip_simple_dx1p818_dym0p909__Lj12p0nH_Cj2p0fF__roL8p5mm__tee_fl160um_fc12_cg1p2um__rpg1p4um,4.67045299221,6.02263130277,6.254178175308227,249.60885360509675,5.769639685358345,3.4554630407421915e-07,0.002747055909999574,0.10622169284000016,2.252721411478043,20.298520924569374,0.03657005338341879
SQuADDS_fqOnly,67,fig5_cg1p0um_rpg2p0um__Lj12p0nH_Cj0p0fF__roL8p5mm__tee_fl160um_fc12,4.88546910013,6.04518785501,6.151556719615936,205.9447691587804,5.705487976132026,1,fig5_cg4p5um_rpg4p5um__Lj12p0nH_Cj0p0fF__roL8p5mm__tee_fl160um_fc12,4.88663816113,6.38597506967,3.063956994333267,183.56382427683712,5.961119575854728,5.726137913125243e-08,0.0011690609999996937,0.3407872146599997,3.087599725282669,22.380944881943265,0.2556315997227028
SQuADDS_fqOnly,67,fig5_cg1p0um_rpg2p0um__Lj12p0nH_Cj0p0fF__roL8p5mm__tee_fl160um_fc12,4.88546910013,6.04518785501,6.151556719615936,205.9447691587804,5.705487976132026,2,fig5_cg5p0um_rpg4p0um__Lj12p0nH_Cj0p0fF__roL8p5mm__tee_fl160um_fc12,4.88774415429,6.45896799938,3.299699922574997,199.0926748998529,6.073027040692848,2.1685574811622592e-07,0.0022750541600000673,0.41378014437000044,2.851856797040939,6.85209425892748,0.3675390645608223
SQuADDS_fqOnly,67,fig5_cg1p0um_rpg2p0um__Lj12p0nH_Cj0p0fF__roL8p5mm__tee_fl160um_fc12,4.88546910013,6.04518785501,6.151556719615936,205.9447691587804,5.705487976132026,3,fig5_cg3p5um_rpg3p5um__Lj12p0nH_Cj0p0fF__roL8p5mm__tee_fl160um_fc12,4.88834773081,6.55440012204,3.58235393236351,219.15970791952185,6.190036689460878,3.4718372453165884e-07,0.0028786306799997163,0.5092122670299997,2.569202787252426,13.214938760741461,0.4845487133288522
SQuADDS_fqOnly,67,fig5_cg1p0um_rpg2p0um__Lj12p0nH_Cj0p0fF__roL8p5mm__tee_fl160um_fc12,4.88546910013,6.04518785501,6.151556719615936,205.9447691587804,5.705487976132026,4,fig5_cg4p5um_rpg3p5um__Lj12p0nH_Cj0p0fF__roL8p5mm__tee_fl160um_fc12,4.88861160423,6.4734435094,3.773440051719665,214.72133803964505,6.083690932056749,4.137511028526123e-07,0.0031425041000003873,0.42825565439,2.378116667896271,8.776568880864659,0.3782029559247233
SQuADDS_fqOnly,67,fig5_cg1p0um_rpg2p0um__Lj12p0nH_Cj0p0fF__roL8p5mm__tee_fl160um_fc12,4.88546910013,6.04518785501,6.151556719615936,205.9447691587804,5.705487976132026,5,fig5_cg2p0um_rpg2p5um__Lj12p0nH_Cj0p0fF__roL8p5mm__tee_fl160um_fc12,4.88081947033,6.29200362079,4.710222612869263,215.78136757047287,6.007573423867593,9.057830941014505e-07,0.004649629800000277,0.24681576578000008,1.4413341067466732,9.836598411692478,0.30208544773556767
SQuADDS_fqOnly,67,fig5_cg1p0um_rpg2p0um__Lj12p0nH_Cj0p0fF__roL8p5mm__tee_fl160um_fc12,4.88546910013,6.04518785501,6.151556719615936,205.9447691587804,5.705487976132026,6,fig5_cg1p5um_rpg4p0um__Lj12p0nH_Cj0p0fF__roL8p5mm__tee_fl160um_fc12,4.87824436992,6.24826740965,4.101225070188522,195.7599725835552,5.814198941096933,2.1869090738985537e-06,0.007224730209999919,0.20307955464000038,2.050331649427414,10.184796575225192,0.1087109649649074
SQuADDS_fqOnly,67,fig5_cg1p0um_rpg2p0um__Lj12p0nH_Cj0p0fF__roL8p5mm__tee_fl160um_fc12,4.88546910013,6.04518785501,6.151556719615936,205.9447691587804,5.705487976132026,7,fig5_cg1p5um_rpg2p0um__Lj12p0nH_Cj0p0fF__roL8p5mm__tee_fl160um_fc12,4.87620084481,6.26170388145,4.99363361734581,218.7024888594067,5.970534325619533,3.59901317687271e-06,0.009268255320000307,0.2165160264399999,1.157923102270126,12.757719700626325,0.26504634948750727
SQuADDS_fqOnly,67,fig5_cg1p0um_rpg2p0um__Lj12p0nH_Cj0p0fF__roL8p5mm__tee_fl160um_fc12,4.88546910013,6.04518785501,6.151556719615936,205.9447691587804,5.705487976132026,8,fig5_cg1p0um_rpg2p5um__Lj12p0nH_Cj0p0fF__roL8p5mm__tee_fl160um_fc12,4.8761770008,5.99407925784,6.270368555709839,201.3919971854669,5.6148078415071,3.617555025197364e-06,0.009292099329999637,0.051108597169999825,0.11881183609390344,4.552771973313497,0.0906801346249253
SQuADDS_fqOnly,67,fig5_cg1p0um_rpg2p0um__Lj12p0nH_Cj0p0fF__roL8p5mm__tee_fl160um_fc12,4.88546910013,6.04518785501,6.151556719615936,205.9447691587804,5.705487976132026,9,fig5_cg3p0um_rpg2p5um__Lj12p0nH_Cj0p0fF__roL8p5mm__tee_fl160um_fc12,4.89777742204,6.34923094667,4.391671866830825,213.14051325530752,6.096625432754106,6.347243373007968e-06,0.012308321909999975,0.30404309165999965,1.7598848527851105,7.195744096527136,0.3911374566220802
SQuADDS_fqOnly,67,fig5_cg1p0um_rpg2p0um__Lj12p0nH_Cj0p0fF__roL8p5mm__tee_fl160um_fc12,4.88546910013,6.04518785501,6.151556719615936,205.9447691587804,5.705487976132026,10,fig5_cg2p5um_rpg2p5um__Lj12p0nH_Cj0p0fF__roL8p5mm__tee_fl160um_fc12,4.86782605146,6.40620544852,4.850844314466476,237.9905673388129,6.17514285459043,1.3041715522852827e-05,0.017643048670000105,0.36101759350999973,1.3007124051494596,32.045798180032506,0.46965487845840403
SQuADDS_fqOnly,68,fig5_cg1p0um_rpg4p0um__Lj12p0nH_Cj0p0fF__roL8p5mm__tee_fl160um_fc12,4.95117759309,6.03382781382,4.543285076444626,163.8602966996751,5.582606418234732,1,fig5_cg4p5um_rpg4p0um__Lj12p0nH_Cj0p0fF__roL8p5mm__tee_fl160um_fc12,4.95508593508,6.46782847243,3.2292443212566373,187.6687400196612,6.101974945599373,6.23114860391542e-07,0.003908341989999897,0.4340006586099996,1.3140407551879885,23.808443319986083,0.5193685273646409
SQuADDS_fqOnly,68,fig5_cg1p0um_rpg4p0um__Lj12p0nH_Cj0p0fF__roL8p5mm__tee_fl160um_fc12,4.95117759309,6.03382781382,4.543285076444626,163.8602966996751,5.582606418234732,2,fig5_cg3p0um_rpg5p0um__Lj12p0nH_Cj0p0fF__roL8p5mm__tee_fl160um_fc12,4.95696839493,6.48702340891,3.0559725609760284,184.36721217201665,6.001161702196097,1.3679190538992037e-06,0.005790801839999915,0.4531955950899995,1.4873125154685973,20.506915472341547,0.4185552839613642
SQuADDS_fqOnly,68,fig5_cg1p0um_rpg4p0um__Lj12p0nH_Cj0p0fF__roL8p5mm__tee_fl160um_fc12,4.95117759309,6.03382781382,4.543285076444626,163.8602966996751,5.582606418234732,3,fig5_cg4p5um_rpg5p0um__Lj12p0nH_Cj0p0fF__roL8p5mm__tee_fl160um_fc12,4.94315660456,6.31115108222,2.911423043390274,162.61750225797027,5.674525186765227,2.6244528940644254e-06,0.008020988529999329,0.2773232684,1.6318620330543516,1.2427944417048309,0.09191876853049497
SQuADDS_fqOnly,68,fig5_cg1p0um_rpg4p0um__Lj12p0nH_Cj0p0fF__roL8p5mm__tee_fl160um_fc12,4.95117759309,6.03382781382,4.543285076444626,163.8602966996751,5.582606418234732,4,fig5_cg3p5um_rpg4p0um__Lj12p0nH_Cj0p0fF__roL8p5mm__tee_fl160um_fc12,4.9416939411,6.51548606738,3.315546014060974,197.788389720846,6.147249764815354,3.6688859291087135e-06,0.00948365199000012,0.48165825356,1.2277390623836517,33.928093021170895,0.5646433465806213
SQuADDS_fqOnly,68,fig5_cg1p0um_rpg4p0um__Lj12p0nH_Cj0p0fF__roL8p5mm__tee_fl160um_fc12,4.95117759309,6.03382781382,4.543285076444626,163.8602966996751,5.582606418234732,5,fig5_cg4p0um_rpg5p0um__Lj12p0nH_Cj0p0fF__roL8p5mm__tee_fl160um_fc12,4.96099742178,6.49590557052,2.804724396934509,176.9323707390244,6.042311831515487,3.933605607467852e-06,0.00981982869000042,0.4620777566999994,1.7385606795101167,13.072074039349303,0.459705413280755
SQuADDS_fqOnly,68,fig5_cg1p0um_rpg4p0um__Lj12p0nH_Cj0p0fF__roL8p5mm__tee_fl160um_fc12,4.95117759309,6.03382781382,4.543285076444626,163.8602966996751,5.582606418234732,6,fig5_cg2p5um_rpg4p5um__Lj12p0nH_Cj0p0fF__roL8p5mm__tee_fl160um_fc12,4.94106024347,6.27626260442,3.614401097434997,177.32648850399752,5.824223648241028,4.175577102278565e-06,0.010117349619999771,0.24243479059999995,0.9288839790096288,13.46619180432242,0.24161723000629554
SQuADDS_fqOnly,68,fig5_cg1p0um_rpg4p0um__Lj12p0nH_Cj0p0fF__roL8p5mm__tee_fl160um_fc12,4.95117759309,6.03382781382,4.543285076444626,163.8602966996751,5.582606418234732,7,fig5_cg3p0um_rpg4p0um__Lj12p0nH_Cj0p0fF__roL8p5mm__tee_fl160um_fc12,4.940704631,6.42408762791,3.4702477960357663,191.51572092370972,6.040377137923779,4.474268623309209e-06,0.010472962089999704,0.3902598140899993,1.0730372804088595,27.65542422403462,0.45777071968904703
SQuADDS_fqOnly,68,fig5_cg1p0um_rpg4p0um__Lj12p0nH_Cj0p0fF__roL8p5mm__tee_fl160um_fc12,4.95117759309,6.03382781382,4.543285076444626,163.8602966996751,5.582606418234732,8,fig5_cg3p5um_rpg4p5um__Lj12p0nH_Cj0p0fF__roL8p5mm__tee_fl160um_fc12,4.93974901061,6.38397286003,3.69327575235939,192.8740906594917,5.933832041481957,5.328043051667558e-06,0.011428582479999783,0.35014504620999976,0.8500093240852356,29.01379395981661,0.35122562324722484
SQuADDS_fqOnly,68,fig5_cg1p0um_rpg4p0um__Lj12p0nH_Cj0p0fF__roL8p5mm__tee_fl160um_fc12,4.95117759309,6.03382781382,4.543285076444626,163.8602966996751,5.582606418234732,9,fig5_cg5p0um_rpg4p5um__Lj12p0nH_Cj0p0fF__roL8p5mm__tee_fl160um_fc12,4.96268569067,6.31641479904,2.822264536901474,157.9558587252947,5.868187141227508,5.402441376615585e-06,0.011508097580000154,0.28258698522000003,1.7210205395431517,5.904437974380414,0.28558072299277537
SQuADDS_fqOnly,68,fig5_cg1p0um_rpg4p0um__Lj12p0nH_Cj0p0fF__roL8p5mm__tee_fl160um_fc12,4.95117759309,6.03382781382,4.543285076444626,163.8602966996751,5.582606418234732,10,fig5_cg1p5um_rpg2p5um__Lj12p0nH_Cj0p0fF__roL8p5mm__tee_fl160um_fc12,4.93882770809,6.20515259596,4.85777295016098,196.1018444801448,5.919324796967785,6.2216964505919495e-06,0.012349884999999894,0.17132478213999924,0.3144878737163541,32.24154778046969,0.3367183787330523
SQuADDS_fqOnly,69,fig5_cg1p5um_rpg1p5um__Lj12p0nH_Cj0p0fF__roL8p5mm__tee_fl160um_fc12,4.70205725312,6.11538531342,6.239270386688232,258.23019357418474,5.882120056560826,1,chip_simple_dxm4p545_dym8p182__Lj12p0nH_Cj2p0fF__roL8p5mm__tee_fl160um_fc12_cg1p2um__rpg1p4um,4.70192752994,6.05323396604,6.2145116127338405,246.8898807551624,5.839847717118128,7.611308882888113e-10,0.00012972317999970784,0.06215134738000039,0.024758773954391522,11.34031281902233,0.04227233944269759
SQuADDS_fqOnly,69,fig5_cg1p5um_rpg1p5um__Lj12p0nH_Cj0p0fF__roL8p5mm__tee_fl160um_fc12,4.70205725312,6.11538531342,6.239270386688232,258.23019357418474,5.882120056560826,2,chip_simple_dx0p000_dym9p091__Lj12p0nH_Cj2p0fF__roL8p5mm__tee_fl160um_fc12_cg1p2um__rpg1p4um,4.7018418351,6.22357422606,5.4432200777797695,258.0090048013629,6.040511605219947,2.098883018621558e-09,0.00021541801999980237,0.10818891264000019,0.7960503089084625,0.22118877282184712,0.15839154865912075
SQuADDS_fqOnly,69,fig5_cg1p5um_rpg1p5um__Lj12p0nH_Cj0p0fF__roL8p5mm__tee_fl160um_fc12,4.70205725312,6.11538531342,6.239270386688232,258.23019357418474,5.882120056560826,3,chip_simple_dxm9p091_dy3p636__Lj12p0nH_Cj2p0fF__roL8p5mm__tee_fl160um_fc12_cg1p2um__rpg1p4um,4.70131601707,6.06675184485,5.977826485769271,244.57965254380213,5.78091644854145,2.485062068288194e-08,0.0007412360499996495,0.04863346857000028,0.26144390091896064,13.650541030382612,0.10120360801937611
SQuADDS_fqOnly,69,fig5_cg1p5um_rpg1p5um__Lj12p0nH_Cj0p0fF__roL8p5mm__tee_fl160um_fc12,4.70205725312,6.11538531342,6.239270386688232,258.23019357418474,5.882120056560826,4,chip_simple_dx5p455_dym6p364__Lj12p0nH_Cj2p0fF__roL8p5mm__tee_fl160um_fc12_cg1p2um__rpg1p4um,4.70113956644,6.15024864164,5.847728067014694,255.68062975343904,5.934076612123183,3.809018047527759e-08,0.0009176866799993633,0.034863328220000156,0.3915423196735377,2.5495638207457034,0.051956555562357565
SQuADDS_fqOnly,69,fig5_cg1p5um_rpg1p5um__Lj12p0nH_Cj0p0fF__roL8p5mm__tee_fl160um_fc12,4.70205725312,6.11538531342,6.239270386688232,258.23019357418474,5.882120056560826,5,chip_simple_dxm8p182_dy5p455__Lj12p0nH_Cj2p0fF__roL8p5mm__tee_fl160um_fc12_cg1p2um__rpg1p4um,4.70090830216,6.08954676117,6.185020620603561,252.7010445145384,5.852490302512357,5.970726238287855e-08,0.0011489509599993397,0.025838552249999758,0.0542497660846708,5.529149059646329,0.029629754048468904
SQuADDS_fqOnly,69,fig5_cg1p5um_rpg1p5um__Lj12p0nH_Cj0p0fF__roL8p5mm__tee_fl160um_fc12,4.70205725312,6.11538531342,6.239270386688232,258.23019357418474,5.882120056560826,6,chip_simple_dxm9p091_dy0p909__Lj12p0nH_Cj2p0fF__roL8p5mm__tee_fl160um_fc12_cg1p2um__rpg1p4um,4.70337403482,6.04244085925,5.526243250297546,230.6768213566889,5.795186808847171,7.842449644933327e-08,0.0013167817000008242,0.07294445416999995,0.7130271363906857,27.55337221749585,0.08693324771365507
SQuADDS_fqOnly,69,fig5_cg1p5um_rpg1p5um__Lj12p0nH_Cj0p0fF__roL8p5mm__tee_fl160um_fc12,4.70205725312,6.11538531342,6.239270386688232,258.23019357418474,5.882120056560826,7,chip_simple_dx7p273_dym0p909__Lj12p0nH_Cj2p0fF__roL8p5mm__tee_fl160um_fc12_cg1p2um__rpg1p4um,4.70073295522,6.09546452187,5.997347442768096,249.8225305417232,5.880204986381134,7.932234687453821e-08,0.001324297899999216,0.019920791549999706,0.24192294392013558,8.407663032461528,0.0019150701796917247
SQuADDS_fqOnly,69,fig5_cg1p5um_rpg1p5um__Lj12p0nH_Cj0p0fF__roL8p5mm__tee_fl160um_fc12,4.70205725312,6.11538531342,6.239270386688232,258.23019357418474,5.882120056560826,8,chip_simple_dx10p000_dym3p636__Lj12p0nH_Cj2p0fF__roL8p5mm__tee_fl160um_fc12_cg1p2um__rpg1p4um,4.70070496194,6.04487004836,6.44764097164917,250.48907377671824,5.824760812131007,8.271125397852516e-08,0.0013522911799999093,0.07051526506000005,0.20837058496093785,7.741119797466496,0.057359244429818546
SQuADDS_fqOnly,69,fig5_cg1p5um_rpg1p5um__Lj12p0nH_Cj0p0fF__roL8p5mm__tee_fl160um_fc12,4.70205725312,6.11538531342,6.239270386688232,258.23019357418474,5.882120056560826,9,chip_simple_dx0p909_dym8p182__Lj12p0nH_Cj2p0fF__roL8p5mm__tee_fl160um_fc12_cg1p2um__rpg1p4um,4.70055739372,6.00934439173,5.9578544504756925,234.711210840026,5.695445771960415,1.0174785743904002e-07,0.0014998593999999699,0.10604092169000001,0.28141593621253946,23.518982734158726,0.1866742846004108
SQuADDS_fqOnly,69,fig5_cg1p5um_rpg1p5um__Lj12p0nH_Cj0p0fF__roL8p5mm__tee_fl160um_fc12,4.70205725312,6.11538531342,6.239270386688232,258.23019357418474,5.882120056560826,10,chip_simple_dx8p182_dym2p727__Lj12p0nH_Cj2p0fF__roL8p5mm__tee_fl160um_fc12_cg1p2um__rpg1p4um,4.70366645226,6.23032952005,5.441795454484939,258.6716946384921,6.064923365323344,1.1712342339128786e-07,0.0016091991400006833,0.11494420662999971,0.7974749322032926,0.44150106430737424,0.1828033087625185
SQuADDS_fqOnly,70,fig5_cg2p5um_rpg1p5um__Lj12p0nH_Cj0p0fF__roL8p5mm__tee_fl160um_fc12,4.80241603649,6.29023464501,4.767015867277145,231.6400696953025,6.131116456786552,1,fig5_cg1p0um_rpg1p5um__Lj12p0nH_Cj0p0fF__roL8p5mm__tee_fl160um_fc12,4.79990762773,5.93734773014,7.211306133548736,222.8918736386996,5.66911545033236,2.728205351040904e-07,0.002508408760000691,0.35288691487,2.444290266271591,8.748196056602893,0.46200100645419173
SQuADDS_fqOnly,70,fig5_cg2p5um_rpg1p5um__Lj12p0nH_Cj0p0fF__roL8p5mm__tee_fl160um_fc12,4.80241603649,6.29023464501,4.767015867277145,231.6400696953025,6.131116456786552,2,chip_simple_dxm0p909_dym5p455__Lj12p0nH_Cj2p0fF__roL8p5mm__tee_fl160um_fc12_cg1p2um__rpg1p4um,4.79958492684,6.1502852982,4.78491466264534,212.0774651837224,5.99525621369233,3.475312152764852e-07,0.0028311096500006627,0.13994934680999993,0.017898795368195053,19.562604511580076,0.13586024309422218
SQuADDS_fqOnly,70,fig5_cg2p5um_rpg1p5um__Lj12p0nH_Cj0p0fF__roL8p5mm__tee_fl160um_fc12,4.80241603649,6.29023464501,4.767015867277145,231.6400696953025,6.131116456786552,3,chip_simple_dx3p636_dy5p455__Lj12p0nH_Cj2p0fF__roL8p5mm__tee_fl160um_fc12_cg1p2um__rpg1p4um,4.80652602058,6.08918636259,5.510822755336761,216.8797583809785,5.847523096105645,7.324208858987952e-07,0.004109984089999408,0.2010482824200004,0.7438068880596163,14.760311314323985,0.2835933606809071
SQuADDS_fqOnly,70,fig5_cg2p5um_rpg1p5um__Lj12p0nH_Cj0p0fF__roL8p5mm__tee_fl160um_fc12,4.80241603649,6.29023464501,4.767015867277145,231.6400696953025,6.131116456786552,4,chip_simple_dx7p273_dym7p273__Lj12p0nH_Cj2p0fF__roL8p5mm__tee_fl160um_fc12_cg1p2um__rpg1p4um,4.80834531761,6.06143102986,5.869294067358017,219.01499856665555,5.8432544354458384,1.5243493931392718e-06,0.005929281119999352,0.22880361515000036,1.102278200080872,12.625071128646937,0.2878620213407137
SQuADDS_fqOnly,70,fig5_cg2p5um_rpg1p5um__Lj12p0nH_Cj0p0fF__roL8p5mm__tee_fl160um_fc12,4.80241603649,6.29023464501,4.767015867277145,231.6400696953025,6.131116456786552,5,chip_simple_dx9p091_dy6p364__Lj12p0nH_Cj2p0fF__roL8p5mm__tee_fl160um_fc12_cg1p2um__rpg1p4um,4.80886740306,6.13457594718,5.043484102472305,213.644745352194,5.8856847017557525,1.8046121528634799e-06,0.0064513665699994505,0.15565869782999986,0.27646823519515973,17.99532434310848,0.24543175503079961
SQuADDS_fqOnly,70,fig5_cg2p5um_rpg1p5um__Lj12p0nH_Cj0p0fF__roL8p5mm__tee_fl160um_fc12,4.80241603649,6.29023464501,4.767015867277145,231.6400696953025,6.131116456786552,6,fig5_cg3p0um_rpg1p5um__Lj12p0nH_Cj0p0fF__roL8p5mm__tee_fl160um_fc12,4.80934135586,6.34266483957,4.7338018228397365,237.2002446708589,6.176728175579623,2.07950539466819e-06,0.006925319369999627,0.05243019456000031,0.033214044437408496,5.560174975556407,0.045611718793070466
SQuADDS_fqOnly,70,fig5_cg2p5um_rpg1p5um__Lj12p0nH_Cj0p0fF__roL8p5mm__tee_fl160um_fc12,4.80241603649,6.29023464501,4.767015867277145,231.6400696953025,6.131116456786552,7,chip_simple_dx0p000_dym4p545__Lj12p0nH_Cj2p0fF__roL8p5mm__tee_fl160um_fc12_cg1p2um__rpg1p4um,4.79428247445,6.13515444283,5.179095958950042,219.54335034771063,5.916681344787001,2.868415140482122e-06,0.008133562040000264,0.15508020217999974,0.4120800916728973,12.096719347591858,0.2144351119995509
SQuADDS_fqOnly,70,fig5_cg2p5um_rpg1p5um__Lj12p0nH_Cj0p0fF__roL8p5mm__tee_fl160um_fc12,4.80241603649,6.29023464501,4.767015867277145,231.6400696953025,6.131116456786552,8,chip_simple_dx8p182_dym8p182__Lj12p0nH_Cj2p0fF__roL8p5mm__tee_fl160um_fc12_cg1p2um__rpg1p4um,4.81055394873,6.12847147153,5.122406896465301,214.0774671686353,5.920639094996056,2.8714842795458316e-06,0.0081379122399996,0.1617631734799998,0.3553910291881559,17.562602526667177,0.21047736179049625
SQuADDS_fqOnly,70,fig5_cg2p5um_rpg1p5um__Lj12p0nH_Cj0p0fF__roL8p5mm__tee_fl160um_fc12,4.80241603649,6.29023464501,4.767015867277145,231.6400696953025,6.131116456786552,9,chip_simple_dx4p545_dy5p455__Lj12p0nH_Cj2p0fF__roL8p5mm__tee_fl160um_fc12_cg1p2um__rpg1p4um,4.79418626685,6.08500156739,5.524672909627914,218.89374055263784,5.839393681887264,2.9366743969359524e-06,0.008229769640000661,0.20523307761999998,0.7576570423507691,12.74632914266465,0.2917227748992879
SQuADDS_fqOnly,70,fig5_cg2p5um_rpg1p5um__Lj12p0nH_Cj0p0fF__roL8p5mm__tee_fl160um_fc12,4.80241603649,6.29023464501,4.767015867277145,231.6400696953025,6.131116456786552,10,fig5_cg0p5um_rpg1p5um__Lj12p0nH_Cj0p0fF__roL8p5mm__tee_fl160um_fc12,4.79374824014,5.11789735856,18.8786309748764,123.35933929082648,4.718805625509781,3.2576006043045914e-06,0.008667796350000145,1.1723372864500003,14.111615107599256,108.280730404476,1.4123108312767707
SQuADDS_fqOnly,71,fig5_cg3p0um_rpg0p5um__Lj12p0nH_Cj0p0fF__roL8p5mm__tee_fl160um_fc12,4.47188676231,6.35862255887,6.674660419145583,369.2900233258177,6.365138339891879,1,fig5_cg0p5um_rpg0p5um__Lj12p0nH_Cj0p0fF__roL8p5mm__tee_fl160um_fc12,4.47431097986,4.90444674183,23.3718856869278,184.7937715709197,4.550708788499706,2.938742856176696e-07,0.0024242175500006624,1.4541758170399994,16.697225267782215,184.496251754898,1.8144295513921733
SQuADDS_fqOnly,71,fig5_cg3p0um_rpg0p5um__Lj12p0nH_Cj0p0fF__roL8p5mm__tee_fl160um_fc12,4.47188676231,6.35862255887,6.674660419145583,369.2900233258177,6.365138339891879,2,fig5_cg3p5um_rpg0p5um__Lj12p0nH_Cj0p0fF__roL8p5mm__tee_fl160um_fc12,4.48458805947,6.33290774525,6.273954957790375,350.28792536348936,6.333902670879128,8.067046462970226e-06,0.012701297160000458,0.02571481361999961,0.40070546135520857,19.00209796232832,0.031235669012750655
SQuADDS_fqOnly,71,fig5_cg3p0um_rpg0p5um__Lj12p0nH_Cj0p0fF__roL8p5mm__tee_fl160um_fc12,4.47188676231,6.35862255887,6.674660419145583,369.2900233258177,6.365138339891879,3,fig5_cg0p5um_rpg0p5um__Lj12p0nH_Cj2p0fF__roL8p5mm__tee_fl160um_fc12,4.44465026675,4.80732283499,25.013992153053284,166.80161753124978,4.376474376069207,3.709546841081383e-05,0.02723649555999952,1.5512997238799997,18.3393317339077,202.4884057945679,1.9886639638226722
SQuADDS_fqOnly,71,fig5_cg3p0um_rpg0p5um__Lj12p0nH_Cj0p0fF__roL8p5mm__tee_fl160um_fc12,4.47188676231,6.35862255887,6.674660419145583,369.2900233258177,6.365138339891879,4,fig5_cg4p5um_rpg0p5um__Lj12p0nH_Cj0p0fF__roL8p5mm__tee_fl160um_fc12,4.51249644149,6.35090511355,6.372151983530045,348.6053033569676,6.370880057120116,8.246649215947902e-05,0.040609679180000136,0.00771744531999996,0.30250843561553875,20.68471996885006,0.005741717228237242
SQuADDS_fqOnly,71,fig5_cg3p0um_rpg0p5um__Lj12p0nH_Cj0p0fF__roL8p5mm__tee_fl160um_fc12,4.47188676231,6.35862255887,6.674660419145583,369.2900233258177,6.365138339891879,5,fig5_cg4p0um_rpg0p5um__Lj12p0nH_Cj0p0fF__roL8p5mm__tee_fl160um_fc12,4.52155001594,6.39443554908,6.552557450353622,359.2700242399351,6.454069012219757,0.00012333568249231461,0.04966325363000035,0.03581299021000017,0.12210296879196125,10.019999085882603,0.08893067232787821
SQuADDS_fqOnly,71,fig5_cg3p0um_rpg0p5um__Lj12p0nH_Cj0p0fF__roL8p5mm__tee_fl160um_fc12,4.47188676231,6.35862255887,6.674660419145583,369.2900233258177,6.365138339891879,6,fig5_cg1p0um_rpg0p5um__Lj12p0nH_Cj0p0fF__roL8p5mm__tee_fl160um_fc12,4.54202192391,5.9187518934,9.338552303901672,320.1328277671616,5.801737822485728,0.0002459744558427298,0.07013516160000055,0.43987066547,2.6638918847560884,49.1571955586561,0.5634005174061514
SQuADDS_fqOnly,71,fig5_cg3p0um_rpg0p5um__Lj12p0nH_Cj0p0fF__roL8p5mm__tee_fl160um_fc12,4.47188676231,6.35862255887,6.674660419145583,369.2900233258177,6.365138339891879,7,fig5_cg2p5um_rpg0p5um__Lj12p0nH_Cj0p0fF__roL8p5mm__tee_fl160um_fc12,4.54592211662,6.38743350129,6.768334062421799,357.27924141069707,6.438170117514996,0.0002740922290238469,0.0740353543100003,0.028810942420000707,0.0936736432762153,12.010781915120617,0.0730317776231173
SQuADDS_fqOnly,71,fig5_cg3p0um_rpg0p5um__Lj12p0nH_Cj0p0fF__roL8p5mm__tee_fl160um_fc12,4.47188676231,6.35862255887,6.674660419145583,369.2900233258177,6.365138339891879,8,fig5_cg5p0um_rpg0p5um__Lj12p0nH_Cj0p0fF__roL8p5mm__tee_fl160um_fc12,4.54852290045,6.34578466778,6.117417553102493,331.8522825685193,6.365348751829195,0.00029368761177897735,0.07663613814000048,0.012837891089999331,0.5572428660430901,37.4377407572984,0.0002104119373163016
SQuADDS_fqOnly,71,fig5_cg3p0um_rpg0p5um__Lj12p0nH_Cj0p0fF__roL8p5mm__tee_fl160um_fc12,4.47188676231,6.35862255887,6.674660419145583,369.2900233258177,6.365138339891879,9,fig5_cg2p0um_rpg0p5um__Lj12p0nH_Cj0p0fF__roL8p5mm__tee_fl160um_fc12,4.56457478395,6.29107307619,7.123120399354934,343.529891336186,6.286368287736043,0.00042960134222988494,0.09268802164000078,0.0675494826799996,0.44845998020935074,25.760131989631702,0.07877005215583566
SQuADDS_fqOnly,71,fig5_cg3p0um_rpg0p5um__Lj12p0nH_Cj0p0fF__roL8p5mm__tee_fl160um_fc12,4.47188676231,6.35862255887,6.674660419145583,369.2900233258177,6.365138339891879,10,fig5_cg1p5um_rpg0p5um__Lj12p0nH_Cj0p0fF__roL8p5mm__tee_fl160um_fc12,4.58877032672,6.22033143163,7.875931111408233,340.7758897032887,6.21478508076179,0.0006831645128028821,0.11688356441000014,0.1382911272399996,1.20127069226265,28.51413362252896,0.1503532591300889
SQuADDS_fqOnly,72,fig5_cg3p0um_rpg3p5um__Lj12p0nH_Cj0p0fF__roL8p5mm__tee_fl160um_fc12,4.92829096791,6.45957340168,3.572039231496811,200.6949020597348,6.130580680249026,1,fig5_cg2p0um_rpg3p5um__Lj12p0nH_Cj0p0fF__roL8p5mm__tee_fl160um_fc12,4.92988654864,6.34828832398,4.071626393825531,199.5447640637109,5.952483565984568,1.048201757869682e-07,0.0015955807300001013,0.11128507769999985,0.4995871623287198,1.1501379960239149,0.1780971142644585
SQuADDS_fqOnly,72,fig5_cg3p0um_rpg3p5um__Lj12p0nH_Cj0p0fF__roL8p5mm__tee_fl160um_fc12,4.92829096791,6.45957340168,3.572039231496811,200.6949020597348,6.130580680249026,2,fig5_cg1p0um_rpg4p5um__Lj12p0nH_Cj0p0fF__roL8p5mm__tee_fl160um_fc12,4.92669215481,5.97329068938,5.158221075239181,170.16755028324246,5.4665157689459365,1.0524530098195173e-07,0.001598813100000207,0.4862827123000004,1.5861818437423705,30.52735177649234,0.6640649113030896
SQuADDS_fqOnly,72,fig5_cg3p0um_rpg3p5um__Lj12p0nH_Cj0p0fF__roL8p5mm__tee_fl160um_fc12,4.92829096791,6.45957340168,3.572039231496811,200.6949020597348,6.130580680249026,3,fig5_cg1p0um_rpg3p5um__Lj12p0nH_Cj0p0fF__roL8p5mm__tee_fl160um_fc12,4.93012574905,5.64408869323,6.575776153987884,136.7596168514535,5.1303535459575125,1.3860402845390877e-07,0.0018347811400003522,0.8154847084500005,3.0037369224910733,63.9352852082813,1.0002271342915137
SQuADDS_fqOnly,72,fig5_cg3p0um_rpg3p5um__Lj12p0nH_Cj0p0fF__roL8p5mm__tee_fl160um_fc12,4.92829096791,6.45957340168,3.572039231496811,200.6949020597348,6.130580680249026,4,fig5_cg3p5um_rpg5p0um__Lj12p0nH_Cj0p0fF__roL8p5mm__tee_fl160um_fc12,4.93155087737,6.50667264028,3.192206646333694,194.60845436094925,6.043189427188832,4.375406371305059e-07,0.003259909460000543,0.04709923859999954,0.3798325851631166,6.086447698785548,0.08739125306019435
SQuADDS_fqOnly,72,fig5_cg3p0um_rpg3p5um__Lj12p0nH_Cj0p0fF__roL8p5mm__tee_fl160um_fc12,4.92829096791,6.45957340168,3.572039231496811,200.6949020597348,6.130580680249026,5,fig5_cg4p0um_rpg4p5um__Lj12p0nH_Cj0p0fF__roL8p5mm__tee_fl160um_fc12,4.92435526103,6.48519909443,3.5933491122837067,205.0387458671971,6.080993342285782,6.377534407358088e-07,0.003935706880000112,0.025625692750000262,0.021309880786895885,4.343843807462292,0.04958733796324388
SQuADDS_fqOnly,72,fig5_cg3p0um_rpg3p5um__Lj12p0nH_Cj0p0fF__roL8p5mm__tee_fl160um_fc12,4.92829096791,6.45957340168,3.572039231496811,200.6949020597348,6.130580680249026,6,fig5_cg1p5um_rpg3p0um__Lj12p0nH_Cj0p0fF__roL8p5mm__tee_fl160um_fc12,4.93361547524,6.17501216383,4.052527205030441,175.89357788253568,5.703326979965164,1.1672561663456757e-06,0.005324507330000117,0.2845612378500002,0.48048797353363026,24.80132417719912,0.42725370028386234
SQuADDS_fqOnly,72,fig5_cg3p0um_rpg3p5um__Lj12p0nH_Cj0p0fF__roL8p5mm__tee_fl160um_fc12,4.92829096791,6.45957340168,3.572039231496811,200.6949020597348,6.130580680249026,7,fig5_cg0p5um_rpg4p0um__Lj12p0nH_Cj0p0fF__roL8p5mm__tee_fl160um_fc12,4.93444795175,5.31580660647,11.014610311313628,104.66300593655608,4.723900019540444,1.5607859460155483e-06,0.006156983840000407,1.1437667952100004,7.442571079816817,96.03189612317873,1.4066806607085818
SQuADDS_fqOnly,72,fig5_cg3p0um_rpg3p5um__Lj12p0nH_Cj0p0fF__roL8p5mm__tee_fl160um_fc12,4.92829096791,6.45957340168,3.572039231496811,200.6949020597348,6.130580680249026,8,fig5_cg2p0um_rpg4p0um__Lj12p0nH_Cj0p0fF__roL8p5mm__tee_fl160um_fc12,4.9386279194,6.36953775963,3.746125830854416,192.53030771266367,5.985478910669201,4.3993880902119645e-06,0.010336951490000246,0.09003564205000014,0.1740865993576053,8.16459434707113,0.14510176957982512
SQuADDS_fqOnly,72,fig5_cg3p0um_rpg3p5um__Lj12p0nH_Cj0p0fF__roL8p5mm__tee_fl160um_fc12,4.92829096791,6.45957340168,3.572039231496811,200.6949020597348,6.130580680249026,9,fig5_cg1p5um_rpg2p5um__Lj12p0nH_Cj0p0fF__roL8p5mm__tee_fl160um_fc12,4.93882770809,6.20515259596,4.85777295016098,196.1018444801448,5.919324796967785,4.571090931489443e-06,0.01053674018000006,0.2544208057200006,1.285733718664169,4.59305757959001,0.21125588328124145
SQuADDS_fqOnly,72,fig5_cg3p0um_rpg3p5um__Lj12p0nH_Cj0p0fF__roL8p5mm__tee_fl160um_fc12,4.92829096791,6.45957340168,3.572039231496811,200.6949020597348,6.130580680249026,10,fig5_cg1p5um_rpg3p5um__Lj12p0nH_Cj0p0fF__roL8p5mm__tee_fl160um_fc12,4.91739512178,6.2089293665,4.491181793327331,192.69828834759227,5.78727831204173,4.887977988169516e-06,0.010895846129999498,0.25064403518000056,0.9191425618305202,7.996613712142533,0.3433023682072962
SQuADDS_fqOnly,73,fig5_cg4p0um_rpg1p0um__Lj12p0nH_Cj0p0fF__roL8p5mm__tee_fl160um_fc12,4.65945895488,6.36376571745,5.935812954275131,303.21066175889354,6.3354729376276495,1,chip_simple_dx2p727_dy10p000__Lj12p0nH_Cj2p0fF__roL8p5mm__tee_fl160um_fc12_cg1p2um__rpg1p4um,4.65896495843,6.23455703196,5.910671091032028,280.3326352659665,6.066617974357407,1.1240268232502247e-08,0.0004939964499994787,0.12920868549000009,0.025141863243103302,22.878026492927063,0.2688549632702424
SQuADDS_fqOnly,73,fig5_cg4p0um_rpg1p0um__Lj12p0nH_Cj0p0fF__roL8p5mm__tee_fl160um_fc12,4.65945895488,6.36376571745,5.935812954275131,303.21066175889354,6.3354729376276495,2,chip_simple_dxm9p091_dym6p364__Lj12p0nH_Cj2p0fF__roL8p5mm__tee_fl160um_fc12_cg1p2um__rpg1p4um,4.66020332147,6.12956510902,5.931523023582458,263.0344249512455,5.964119118926944,2.5521298284108102e-08,0.0007443665900002117,0.23420060843000012,0.004289930692673138,40.176236807648024,0.3713538187007055
SQuADDS_fqOnly,73,fig5_cg4p0um_rpg1p0um__Lj12p0nH_Cj0p0fF__roL8p5mm__tee_fl160um_fc12,4.65945895488,6.36376571745,5.935812954275131,303.21066175889354,6.3354729376276495,3,chip_simple_dxm10p000_dym1p818__Lj12p0nH_Cj2p0fF__roL8p5mm__tee_fl160um_fc12_cg1p2um__rpg1p4um,4.65858122614,6.01234045492,6.319054457366943,251.70355065904783,5.749348826520186,3.548539608308167e-08,0.0008777287399999167,0.3514252625299994,0.3832415030918117,51.5071110998457,0.5861241111074635
SQuADDS_fqOnly,73,fig5_cg4p0um_rpg1p0um__Lj12p0nH_Cj0p0fF__roL8p5mm__tee_fl160um_fc12,4.65945895488,6.36376571745,5.935812954275131,303.21066175889354,6.3354729376276495,4,chip_simple_dx7p273_dym4p545__Lj12p0nH_Cj2p0fF__roL8p5mm__tee_fl160um_fc12_cg1p2um__rpg1p4um,4.66062735172,6.05659827963,6.401618414894104,260.52038403940827,5.824373347039268,6.287959946963977e-08,0.001168396839999808,0.30716743781999956,0.46580546061897277,42.690277719485266,0.5110995905883815
SQuADDS_fqOnly,73,fig5_cg4p0um_rpg1p0um__Lj12p0nH_Cj0p0fF__roL8p5mm__tee_fl160um_fc12,4.65945895488,6.36376571745,5.935812954275131,303.21066175889354,6.3354729376276495,5,chip_simple_dx10p000_dy7p273__Lj12p0nH_Cj2p0fF__roL8p5mm__tee_fl160um_fc12_cg1p2um__rpg1p4um,4.66101955519,6.03694119202,6.148507254526138,251.85392058988865,5.756378365268905,1.1217921507913412e-07,0.0015606003100003818,0.3268245254300002,0.2126943002510071,51.35674116900489,0.5790945723587448
SQuADDS_fqOnly,73,fig5_cg4p0um_rpg1p0um__Lj12p0nH_Cj0p0fF__roL8p5mm__tee_fl160um_fc12,4.65945895488,6.36376571745,5.935812954275131,303.21066175889354,6.3354729376276495,6,chip_simple_dx7p273_dym3p636__Lj12p0nH_Cj2p0fF__roL8p5mm__tee_fl160um_fc12_cg1p2um__rpg1p4um,4.65586186884,6.04211101025,6.308590197654723,257.18686837855205,5.818673028469142,5.959786075899197e-07,0.003597086040000086,0.32165470719999956,0.37277724337959217,46.02379338034149,0.5167999091585074
SQuADDS_fqOnly,73,fig5_cg4p0um_rpg1p0um__Lj12p0nH_Cj0p0fF__roL8p5mm__tee_fl160um_fc12,4.65945895488,6.36376571745,5.935812954275131,303.21066175889354,6.3354729376276495,7,chip_simple_dx0p909_dy3p636__Lj12p0nH_Cj2p0fF__roL8p5mm__tee_fl160um_fc12_cg1p2um__rpg1p4um,4.6631226493,6.11903436188,5.896621238670349,259.81911482762723,5.882535903816615,6.182548120751502e-07,0.003663694420000141,0.24473135556999992,0.039191715604782296,43.391546931266305,0.45293703381103434
SQuADDS_fqOnly,73,fig5_cg4p0um_rpg1p0um__Lj12p0nH_Cj0p0fF__roL8p5mm__tee_fl160um_fc12,4.65945895488,6.36376571745,5.935812954275131,303.21066175889354,6.3354729376276495,8,chip_simple_dxm5p455_dy0p000__Lj12p0nH_Cj2p0fF__roL8p5mm__tee_fl160um_fc12_cg1p2um__rpg1p4um,4.65565922761,5.90826363148,7.568158031253814,256.87142805930426,5.620050825837231,6.650187199777705e-07,0.0037997272699996643,0.4555020859700001,1.632345076978683,46.33923369958927,0.7154221117904189
SQuADDS_fqOnly,73,fig5_cg4p0um_rpg1p0um__Lj12p0nH_Cj0p0fF__roL8p5mm__tee_fl160um_fc12,4.65945895488,6.36376571745,5.935812954275131,303.21066175889354,6.3354729376276495,9,chip_simple_dxm2p000_dym2p000__Lj12p0nH_Cj2p0fF__roL8p5mm__tee_fl160um_fc12_cg1p2um__rpg1p4um,4.66357232032,6.17425760616,5.776347432731628,266.16679365567177,5.948772404826305,7.793339736407912e-07,0.004113365440000294,0.18950811128999945,0.15946552154350346,37.04386810322177,0.38670053280134464
SQuADDS_fqOnly,73,fig5_cg4p0um_rpg1p0um__Lj12p0nH_Cj0p0fF__roL8p5mm__tee_fl160um_fc12,4.65945895488,6.36376571745,5.935812954275131,303.21066175889354,6.3354729376276495,10,chip_simple_dxm3p636_dym0p909__Lj12p0nH_Cj2p0fF__roL8p5mm__tee_fl160um_fc12_cg1p2um__rpg1p4um,4.65506711635,6.11685204232,5.844073087778091,260.04582883155393,5.873141705336975,8.884269991464898e-07,0.004391838530000136,0.24691367513000007,0.09173986649703991,43.1648329273396,0.4623312322906745
SQuADDS_fqOnly,74,fig5_cg4p0um_rpg3p0um__Lj12p0nH_Cj0p0fF__roL8p5mm__tee_fl160um_fc12,4.87667302103,6.48726366025,3.8455599045352935,220.61578723885552,6.219368413627765,1,fig5_cg1p5um_rpg2p0um__Lj12p0nH_Cj0p0fF__roL8p5mm__tee_fl160um_fc12,4.87620084481,6.26170388145,4.99363361734581,218.7024888594067,5.970534325619533,9.374777038369292e-09,0.00047217622000061965,0.2255597788000001,1.1480737128105165,1.913298379448804,0.24883408800823226
SQuADDS_fqOnly,74,fig5_cg4p0um_rpg3p0um__Lj12p0nH_Cj0p0fF__roL8p5mm__tee_fl160um_fc12,4.87667302103,6.48726366025,3.8455599045352935,220.61578723885552,6.219368413627765,2,fig5_cg1p0um_rpg2p5um__Lj12p0nH_Cj0p0fF__roL8p5mm__tee_fl160um_fc12,4.8761770008,5.99407925784,6.270368555709839,201.3919971854669,5.6148078415071,1.034550045596628e-08,0.0004960202299999494,0.49318440240999983,2.424808651174546,19.223790053388626,0.6045605721206648
SQuADDS_fqOnly,74,fig5_cg4p0um_rpg3p0um__Lj12p0nH_Cj0p0fF__roL8p5mm__tee_fl160um_fc12,4.87667302103,6.48726366025,3.8455599045352935,220.61578723885552,6.219368413627765,3,fig5_cg1p5um_rpg4p0um__Lj12p0nH_Cj0p0fF__roL8p5mm__tee_fl160um_fc12,4.87824436992,6.24826740965,4.101225070188522,195.7599725835552,5.814198941096933,1.0382405134483875e-07,0.0015713488899997685,0.23899625059999963,0.2556651656532285,24.85581465530032,0.40516947253083213
SQuADDS_fqOnly,74,fig5_cg4p0um_rpg3p0um__Lj12p0nH_Cj0p0fF__roL8p5mm__tee_fl160um_fc12,4.87667302103,6.48726366025,3.8455599045352935,220.61578723885552,6.219368413627765,4,fig5_cg2p0um_rpg2p5um__Lj12p0nH_Cj0p0fF__roL8p5mm__tee_fl160um_fc12,4.88081947033,6.29200362079,4.710222612869263,215.78136757047287,6.007573423867593,7.229453095617886e-07,0.004146449299999411,0.19526003945999992,0.8646627083339693,4.834419668382651,0.21179498976017186
SQuADDS_fqOnly,74,fig5_cg4p0um_rpg3p0um__Lj12p0nH_Cj0p0fF__roL8p5mm__tee_fl160um_fc12,4.87667302103,6.48726366025,3.8455599045352935,220.61578723885552,6.219368413627765,5,fig5_cg2p5um_rpg2p5um__Lj12p0nH_Cj0p0fF__roL8p5mm__tee_fl160um_fc12,4.86782605146,6.40620544852,4.850844314466476,237.9905673388129,6.17514285459043,3.2911054094824697e-06,0.008846969570000418,0.08105821173000027,1.0052844099311828,17.374780099957377,0.04422555903733549
SQuADDS_fqOnly,74,fig5_cg4p0um_rpg3p0um__Lj12p0nH_Cj0p0fF__roL8p5mm__tee_fl160um_fc12,4.87667302103,6.48726366025,3.8455599045352935,220.61578723885552,6.219368413627765,6,fig5_cg4p5um_rpg4p5um__Lj12p0nH_Cj0p0fF__roL8p5mm__tee_fl160um_fc12,4.88663816113,6.38597506967,3.063956994333267,183.56382427683712,5.961119575854728,4.175606289463349e-06,0.009965140099999381,0.10128859058000028,0.7816029102020265,37.05196296201839,0.25824883777303675
SQuADDS_fqOnly,74,fig5_cg4p0um_rpg3p0um__Lj12p0nH_Cj0p0fF__roL8p5mm__tee_fl160um_fc12,4.87667302103,6.48726366025,3.8455599045352935,220.61578723885552,6.219368413627765,7,fig5_cg5p0um_rpg4p0um__Lj12p0nH_Cj0p0fF__roL8p5mm__tee_fl160um_fc12,4.88774415429,6.45896799938,3.299699922574997,199.0926748998529,6.073027040692848,5.153910611511047e-06,0.011071133259999755,0.028295660869999573,0.5458599819602967,21.52311233900261,0.14634137293491722
SQuADDS_fqOnly,74,fig5_cg4p0um_rpg3p0um__Lj12p0nH_Cj0p0fF__roL8p5mm__tee_fl160um_fc12,4.87667302103,6.48726366025,3.8455599045352935,220.61578723885552,6.219368413627765,8,fig5_cg3p5um_rpg3p5um__Lj12p0nH_Cj0p0fF__roL8p5mm__tee_fl160um_fc12,4.88834773081,6.55440012204,3.58235393236351,219.15970791952185,6.190036689460878,5.73119139384116e-06,0.011674709779999404,0.06713646178999966,0.26320597217178365,1.4560793193336679,0.02933172416688734
SQuADDS_fqOnly,74,fig5_cg4p0um_rpg3p0um__Lj12p0nH_Cj0p0fF__roL8p5mm__tee_fl160um_fc12,4.87667302103,6.48726366025,3.8455599045352935,220.61578723885552,6.219368413627765,9,fig5_cg4p5um_rpg3p5um__Lj12p0nH_Cj0p0fF__roL8p5mm__tee_fl160um_fc12,4.88861160423,6.4734435094,3.773440051719665,214.72133803964505,6.083690932056749,5.993193587125303e-06,0.011938583200000075,0.01382015084999999,0.0721198528156286,5.89444919921047,0.13567748157101622
SQuADDS_fqOnly,74,fig5_cg4p0um_rpg3p0um__Lj12p0nH_Cj0p0fF__roL8p5mm__tee_fl160um_fc12,4.87667302103,6.48726366025,3.8455599045352935,220.61578723885552,6.219368413627765,10,fig5_cg3p0um_rpg2p0um__Lj12p0nH_Cj0p0fF__roL8p5mm__tee_fl160um_fc12,4.85591843529,6.44095110726,4.270610977590561,230.04663618304903,6.1997071597004,1.811260282777523e-05,0.020754585740000664,0.04631255298999992,0.42505107305526746,9.430848944193514,0.019661253927365507
SQuADDS_fqOnly,75,fig5_cg4p0um_rpg4p0um__Lj12p0nH_Cj0p0fF__roL8p5mm__tee_fl160um_fc12,4.91173736256,6.48757988444,3.574671320106506,206.84312713324428,6.121370375963318,1,fig5_cg3p0um_rpg3p0um__Lj12p0nH_Cj0p0fF__roL8p5mm__tee_fl160um_fc12,4.91022642408,6.30951729449,3.4180947746620176,181.0996536786009,5.916928558404827,9.462879083565114e-08,0.001510938480000057,0.17806258994999968,0.1565765454444885,25.74347345464338,0.20444181755849122
SQuADDS_fqOnly,75,fig5_cg4p0um_rpg4p0um__Lj12p0nH_Cj0p0fF__roL8p5mm__tee_fl160um_fc12,4.91173736256,6.48757988444,3.574671320106506,206.84312713324428,6.121370375963318,2,fig5_cg2p5um_rpg3p5um__Lj12p0nH_Cj0p0fF__roL8p5mm__tee_fl160um_fc12,4.90933450729,6.40357690957,3.7329917837715145,201.2880257934344,6.003674917928219,2.3932328368878517e-07,0.0024028552700006145,0.08400297486999975,0.1583204636650084,5.55510133980988,0.11769545803509907
SQuADDS_fqOnly,75,fig5_cg4p0um_rpg4p0um__Lj12p0nH_Cj0p0fF__roL8p5mm__tee_fl160um_fc12,4.91173736256,6.48757988444,3.574671320106506,206.84312713324428,6.121370375963318,3,fig5_cg0p5um_rpg4p5um__Lj12p0nH_Cj0p0fF__roL8p5mm__tee_fl160um_fc12,4.91536795129,5.15896681443,15.940627231472014,88.96160903755928,4.628479910333719,5.463662162373808e-07,0.003630588730000106,1.3286130700099994,12.365955911365507,117.881518095685,1.492890465629599
SQuADDS_fqOnly,75,fig5_cg4p0um_rpg4p0um__Lj12p0nH_Cj0p0fF__roL8p5mm__tee_fl160um_fc12,4.91173736256,6.48757988444,3.574671320106506,206.84312713324428,6.121370375963318,4,fig5_cg2p0um_rpg3p0um__Lj12p0nH_Cj0p0fF__roL8p5mm__tee_fl160um_fc12,4.90691227134,6.26460466713,4.076762608140945,192.584502898011,5.878506475506168,9.650299313907722e-07,0.004825091219999855,0.22297521730999925,0.502091288034439,14.25862423523327,0.24286390045715045
SQuADDS_fqOnly,75,fig5_cg4p0um_rpg4p0um__Lj12p0nH_Cj0p0fF__roL8p5mm__tee_fl160um_fc12,4.91173736256,6.48757988444,3.574671320106506,206.84312713324428,6.121370375963318,5,fig5_cg1p5um_rpg3p5um__Lj12p0nH_Cj0p0fF__roL8p5mm__tee_fl160um_fc12,4.91739512178,6.2089293665,4.491181793327331,192.69828834759227,5.78727831204173,1.3268402859055012e-06,0.005657759220000003,0.27865051794000006,0.9165104732208249,14.144838785652013,0.3340920639215881
SQuADDS_fqOnly,75,fig5_cg4p0um_rpg4p0um__Lj12p0nH_Cj0p0fF__roL8p5mm__tee_fl160um_fc12,4.91173736256,6.48757988444,3.574671320106506,206.84312713324428,6.121370375963318,6,fig5_cg4p0um_rpg4p5um__Lj12p0nH_Cj0p0fF__roL8p5mm__tee_fl160um_fc12,4.92435526103,6.48519909443,3.5933491122837067,205.0387458671971,6.080993342285782,6.599389846025314e-06,0.012617898469999389,0.002380790009999245,0.01867779217720056,1.8043812660471872,0.040377033677535756
SQuADDS_fqOnly,75,fig5_cg4p0um_rpg4p0um__Lj12p0nH_Cj0p0fF__roL8p5mm__tee_fl160um_fc12,4.91173736256,6.48757988444,3.574671320106506,206.84312713324428,6.121370375963318,7,fig5_cg3p0um_rpg2p5um__Lj12p0nH_Cj0p0fF__roL8p5mm__tee_fl160um_fc12,4.89777742204,6.34923094667,4.391671866830825,213.14051325530752,6.096625432754106,8.07787006041207e-06,0.01395994052000038,0.13834893777,0.8170005467243193,6.297386122063244,0.024744943209212167
SQuADDS_fqOnly,75,fig5_cg4p0um_rpg4p0um__Lj12p0nH_Cj0p0fF__roL8p5mm__tee_fl160um_fc12,4.91173736256,6.48757988444,3.574671320106506,206.84312713324428,6.121370375963318,8,fig5_cg1p0um_rpg4p5um__Lj12p0nH_Cj0p0fF__roL8p5mm__tee_fl160um_fc12,4.92669215481,5.97329068938,5.158221075239181,170.16755028324246,5.4665157689459365,9.270229706777516e-06,0.014954792249999294,0.5142891950599999,1.5835497551326752,36.67557685000182,0.6548546070173815
SQuADDS_fqOnly,75,fig5_cg4p0um_rpg4p0um__Lj12p0nH_Cj0p0fF__roL8p5mm__tee_fl160um_fc12,4.91173736256,6.48757988444,3.574671320106506,206.84312713324428,6.121370375963318,9,fig5_cg2p0um_rpg3p5um__Lj12p0nH_Cj0p0fF__roL8p5mm__tee_fl160um_fc12,4.92988654864,6.34828832398,4.071626393825531,199.5447640637109,5.952483565984568,1.3653501235289192e-05,0.018149186079999602,0.13929156045999935,0.4969550737190245,7.298363069533394,0.16888680997875039
SQuADDS_fqOnly,75,fig5_cg4p0um_rpg4p0um__Lj12p0nH_Cj0p0fF__roL8p5mm__tee_fl160um_fc12,4.91173736256,6.48757988444,3.574671320106506,206.84312713324428,6.121370375963318,10,fig5_cg1p0um_rpg3p5um__Lj12p0nH_Cj0p0fF__roL8p5mm__tee_fl160um_fc12,4.93012574905,5.64408869323,6.575776153987884,136.7596168514535,5.1303535459575125,1.4015770373380262e-05,0.018388386489999853,0.84349119121,3.001104833881378,70.08351028179078,0.9910168300058055
SQuADDS_fqOnly,76,fig5_cg5p0um_rpg3p0um__Lj12p0nH_Cj0p0fF__roL8p5mm__tee_fl160um_fc12,4.85322800026,6.38094867422,4.023637352510452,215.8306076900033,6.005703433060704,1,fig5_cg3p5um_rpg2p5um__Lj12p0nH_Cj0p0fF__roL8p5mm__tee_fl160um_fc12,4.85348773769,6.38790903463,4.356288998512268,225.5893196577544,6.102737650921461,2.8642286792669497e-09,0.0002597374300004063,0.006960360409999922,0.33265164600181585,9.758711967751111,0.09703421786075683
SQuADDS_fqOnly,76,fig5_cg5p0um_rpg3p0um__Lj12p0nH_Cj0p0fF__roL8p5mm__tee_fl160um_fc12,4.85322800026,6.38094867422,4.023637352510452,215.8306076900033,6.005703433060704,2,fig5_cg0p5um_rpg3p0um__Lj12p0nH_Cj0p0fF__roL8p5mm__tee_fl160um_fc12,4.85228059761,5.17367615258,14.724469331972122,107.0517381501744,4.685228495113829,3.810726685327547e-08,0.0009474026499995958,1.2072725216400002,10.70083197946167,108.77886953982889,1.3204749379468748
SQuADDS_fqOnly,76,fig5_cg5p0um_rpg3p0um__Lj12p0nH_Cj0p0fF__roL8p5mm__tee_fl160um_fc12,4.85322800026,6.38094867422,4.023637352510452,215.8306076900033,6.005703433060704,3,fig5_cg3p0um_rpg2p0um__Lj12p0nH_Cj0p0fF__roL8p5mm__tee_fl160um_fc12,4.85591843529,6.44095110726,4.270610977590561,230.04663618304903,6.1997071597004,3.073149081169725e-07,0.0026904350299998825,0.06000243304000019,0.24697362508010912,14.21602849304574,0.19400372663969545
SQuADDS_fqOnly,76,fig5_cg5p0um_rpg3p0um__Lj12p0nH_Cj0p0fF__roL8p5mm__tee_fl160um_fc12,4.85322800026,6.38094867422,4.023637352510452,215.8306076900033,6.005703433060704,4,fig5_cg5p0um_rpg3p5um__Lj12p0nH_Cj0p0fF__roL8p5mm__tee_fl160um_fc12,4.8449296474,6.49114766601,3.579725257246017,218.56513466245417,6.134914389553229,2.923629979171227e-06,0.008298352859999802,0.11019899178999992,0.44391209526443465,2.7345269724508796,0.1292109564925248
SQuADDS_fqOnly,76,fig5_cg5p0um_rpg3p0um__Lj12p0nH_Cj0p0fF__roL8p5mm__tee_fl160um_fc12,4.85322800026,6.38094867422,4.023637352510452,215.8306076900033,6.005703433060704,5,fig5_cg4p0um_rpg2p5um__Lj12p0nH_Cj0p0fF__roL8p5mm__tee_fl160um_fc12,4.84081846419,6.4170299131,4.2439929298172,228.91083087667948,6.164372524451142,6.538072051553681e-06,0.012409536069999838,0.03608123888000048,0.22035557730674782,13.080223186676193,0.15866909139043806
SQuADDS_fqOnly,76,fig5_cg5p0um_rpg3p0um__Lj12p0nH_Cj0p0fF__roL8p5mm__tee_fl160um_fc12,4.85322800026,6.38094867422,4.023637352510452,215.8306076900033,6.005703433060704,6,fig5_cg4p5um_rpg3p0um__Lj12p0nH_Cj0p0fF__roL8p5mm__tee_fl160um_fc12,4.83995157357,6.4987501229,3.8456828279762254,228.4924012088084,6.243127364960313,7.483435405366965e-06,0.013276426690000065,0.11780144867999987,0.17795452453422644,12.661793518805098,0.23742393189960875
SQuADDS_fqOnly,76,fig5_cg5p0um_rpg3p0um__Lj12p0nH_Cj0p0fF__roL8p5mm__tee_fl160um_fc12,4.85322800026,6.38094867422,4.023637352510452,215.8306076900033,6.005703433060704,7,fig5_cg2p5um_rpg2p5um__Lj12p0nH_Cj0p0fF__roL8p5mm__tee_fl160um_fc12,4.86782605146,6.40620544852,4.850844314466476,237.9905673388129,6.17514285459043,9.047495503455324e-06,0.014598051200000128,0.02525677429999984,0.8272069619560245,22.159959648809604,0.16943942152972546
SQuADDS_fqOnly,76,fig5_cg5p0um_rpg3p0um__Lj12p0nH_Cj0p0fF__roL8p5mm__tee_fl160um_fc12,4.85322800026,6.38094867422,4.023637352510452,215.8306076900033,6.005703433060704,8,chip_simple_dxm1p818_dy2p727__Lj12p0nH_Cj2p0fF__roL8p5mm__tee_fl160um_fc12_cg1p2um__rpg1p4um,4.83311972934,6.1178439336,4.724510482942581,199.83230045887737,5.831240867189456,1.716674937110951e-05,0.020108270919999782,0.2631047406200002,0.7008731304321287,15.99830723112592,0.17446256587124864
SQuADDS_fqOnly,76,fig5_cg5p0um_rpg3p0um__Lj12p0nH_Cj0p0fF__roL8p5mm__tee_fl160um_fc12,4.85322800026,6.38094867422,4.023637352510452,215.8306076900033,6.005703433060704,9,fig5_cg1p0um_rpg2p5um__Lj12p0nH_Cj0p0fF__roL8p5mm__tee_fl160um_fc12,4.8761770008,5.99407925784,6.270368555709839,201.3919971854669,5.6148078415071,2.2359709828905158e-05,0.022949000540000597,0.3868694163799997,2.2467312031993876,14.438610504536399,0.39089559155360387
SQuADDS_fqOnly,76,fig5_cg5p0um_rpg3p0um__Lj12p0nH_Cj0p0fF__roL8p5mm__tee_fl160um_fc12,4.85322800026,6.38094867422,4.023637352510452,215.8306076900033,6.005703433060704,10,fig5_cg1p5um_rpg2p0um__Lj12p0nH_Cj0p0fF__roL8p5mm__tee_fl160um_fc12,4.87620084481,6.26170388145,4.99363361734581,218.7024888594067,5.970534325619533,2.2406197440659523e-05,0.022972844549999927,0.11924479277,0.9699962648353582,2.871881169403423,0.0351691074411713
SQuADDS_fqOnly,77,chip_simple_dxm10p000_dym7p273__Lj12p0nH_Cj2p0fF__roL8p5mm__tee_fl160um_fc12_cg1p2um__rpg1p4um,4.73346264299,6.12196729623,5.803193593448639,243.08709551981173,5.917441531031344,1,chip_simple_dx1p818_dy0p909__Lj12p0nH_Cj2p0fF__roL8p5mm__tee_fl160um_fc12_cg1p2um__rpg1p4um,4.73339806695,6.17800054586,5.078991615425109,235.7135315610368,5.950849899742133,1.8611651443562688e-10,6.457603999976413e-05,0.05603324962999956,0.7242019780235296,7.373563958774923,0.03340836871078867
SQuADDS_fqOnly,77,chip_simple_dxm10p000_dym7p273__Lj12p0nH_Cj2p0fF__roL8p5mm__tee_fl160um_fc12_cg1p2um__rpg1p4um,4.73346264299,6.12196729623,5.803193593448639,243.08709551981173,5.917441531031344,2,chip_simple_dxm3p636_dy5p455__Lj12p0nH_Cj2p0fF__roL8p5mm__tee_fl160um_fc12_cg1p2um__rpg1p4um,4.73355235582,6.19906730127,5.355365528022766,245.4102411439443,6.010259557626816,3.592123052815237e-10,8.97128299994776e-05,0.07710000504000014,0.44782806542587306,2.3231456241325645,0.09281802659547189
SQuADDS_fqOnly,77,chip_simple_dxm10p000_dym7p273__Lj12p0nH_Cj2p0fF__roL8p5mm__tee_fl160um_fc12_cg1p2um__rpg1p4um,4.73346264299,6.12196729623,5.803193593448639,243.08709551981173,5.917441531031344,3,chip_simple_dxm0p909_dy4p545__Lj12p0nH_Cj2p0fF__roL8p5mm__tee_fl160um_fc12_cg1p2um__rpg1p4um,4.7332354087,5.97981485633,6.195107574489593,227.38497188220632,5.728661585836097,2.304569593121705e-09,0.00022723429000048867,0.14215243990000026,0.391913981040954,15.70212363760541,0.18877994519524766
SQuADDS_fqOnly,77,chip_simple_dxm10p000_dym7p273__Lj12p0nH_Cj2p0fF__roL8p5mm__tee_fl160um_fc12_cg1p2um__rpg1p4um,4.73346264299,6.12196729623,5.803193593448639,243.08709551981173,5.917441531031344,4,chip_simple_dx1p818_dym9p091__Lj12p0nH_Cj2p0fF__roL8p5mm__tee_fl160um_fc12_cg1p2um__rpg1p4um,4.73395858035,5.98672827489,5.994751743192673,224.6710358694394,5.7112226948008775,1.0977305320199063e-08,0.0004959373600001982,0.13523902134000032,0.19155814974403373,18.41605965037232,0.20621883623046688
SQuADDS_fqOnly,77,chip_simple_dxm10p000_dym7p273__Lj12p0nH_Cj2p0fF__roL8p5mm__tee_fl160um_fc12_cg1p2um__rpg1p4um,4.73346264299,6.12196729623,5.803193593448639,243.08709551981173,5.917441531031344,5,chip_simple_dx0p909_dym9p091__Lj12p0nH_Cj2p0fF__roL8p5mm__tee_fl160um_fc12_cg1p2um__rpg1p4um,4.73292662921,6.13968220021,5.629279759424209,242.34971323214788,5.904117804172508,1.2823128716882774e-08,0.000536013780000566,0.017714903979999974,0.17391383402442973,0.7373822876638485,0.013323726858835983
SQuADDS_fqOnly,77,chip_simple_dxm10p000_dym7p273__Lj12p0nH_Cj2p0fF__roL8p5mm__tee_fl160um_fc12_cg1p2um__rpg1p4um,4.73346264299,6.12196729623,5.803193593448639,243.08709551981173,5.917441531031344,6,chip_simple_dx0p909_dym2p727__Lj12p0nH_Cj2p0fF__roL8p5mm__tee_fl160um_fc12_cg1p2um__rpg1p4um,4.73288476866,6.15144010433,5.802761653125763,248.0066040101604,5.946582947290083,1.490420782996733e-08,0.0005778743300002276,0.029472808099999526,0.0004319403228763008,4.919508490348676,0.029141416258738673
SQuADDS_fqOnly,77,chip_simple_dxm10p000_dym7p273__Lj12p0nH_Cj2p0fF__roL8p5mm__tee_fl160um_fc12_cg1p2um__rpg1p4um,4.73346264299,6.12196729623,5.803193593448639,243.08709551981173,5.917441531031344,7,chip_simple_dx7p273_dy0p000__Lj12p0nH_Cj2p0fF__roL8p5mm__tee_fl160um_fc12_cg1p2um__rpg1p4um,4.73285614666,6.06364786636,5.47772784601593,226.8629872413658,5.835642549018717,1.6417175715341387e-08,0.0006064963300005388,0.05831942987000005,0.32546574743270895,16.224108278445925,0.0817989820126277
SQuADDS_fqOnly,77,chip_simple_dxm10p000_dym7p273__Lj12p0nH_Cj2p0fF__roL8p5mm__tee_fl160um_fc12_cg1p2um__rpg1p4um,4.73346264299,6.12196729623,5.803193593448639,243.08709551981173,5.917441531031344,8,chip_simple_dx0p000_dy0p000__Lj12p0nH_Cj2p0fF__roL8p5mm__tee_fl160um_fc12_cg1p2um__rpg1p4um,4.73427745419,6.0988951142,5.960086310180664,242.41626861962845,5.922689635063685,2.9631666151876336e-08,0.0008148111999997099,0.023072182029999944,0.15689271673202487,0.6708269001832718,0.005248104032340883
SQuADDS_fqOnly,77,chip_simple_dxm10p000_dym7p273__Lj12p0nH_Cj2p0fF__roL8p5mm__tee_fl160um_fc12_cg1p2um__rpg1p4um,4.73346264299,6.12196729623,5.803193593448639,243.08709551981173,5.917441531031344,9,chip_simple_dxm10p000_dy9p091__Lj12p0nH_Cj2p0fF__roL8p5mm__tee_fl160um_fc12_cg1p2um__rpg1p4um,4.73431310321,5.9588117706,5.945221753843307,219.04223037505847,5.629570893196313,3.2281231993290054e-08,0.0008504602199996825,0.16315552563000058,0.14202816039466803,24.04486514475326,0.28787063783503175
SQuADDS_fqOnly,77,chip_simple_dxm10p000_dym7p273__Lj12p0nH_Cj2p0fF__roL8p5mm__tee_fl160um_fc12_cg1p2um__rpg1p4um,4.73346264299,6.12196729623,5.803193593448639,243.08709551981173,5.917441531031344,10,chip_simple_dx5p455_dy9p091__Lj12p0nH_Cj2p0fF__roL8p5mm__tee_fl160um_fc12_cg1p2um__rpg1p4um,4.73434437587,6.01886558958,5.922171247373581,228.427960579758,5.8379166125756985,3.469893649727428e-08,0.0008817328799999302,0.1031017066500004,0.11897765392494186,14.659134940053718,0.07952491845564591
SQuADDS_fqOnly,78,chip_simple_dxm10p000_dy1p818__Lj12p0nH_Cj2p0fF__roL8p5mm__tee_fl160um_fc12_cg1p2um__rpg1p4um,4.72226988205,6.17696340758,5.36773969219017,244.6012788259304,5.984641715447427,1,chip_simple_dxm2p727_dym7p273__Lj12p0nH_Cj2p0fF__roL8p5mm__tee_fl160um_fc12_cg1p2um__rpg1p4um,4.7222040576,6.12237034652,5.983692367204666,249.3544121969452,5.891422873734137,1.9430003126502731e-10,6.582445000002934e-05,0.05459306105999939,0.6159526750144959,4.753133371014798,0.09321884171329042
SQuADDS_fqOnly,78,chip_simple_dxm10p000_dy1p818__Lj12p0nH_Cj2p0fF__roL8p5mm__tee_fl160um_fc12_cg1p2um__rpg1p4um,4.72226988205,6.17696340758,5.36773969219017,244.6012788259304,5.984641715447427,2,chip_simple_dxm6p364_dym5p455__Lj12p0nH_Cj2p0fF__roL8p5mm__tee_fl160um_fc12_cg1p2um__rpg1p4um,4.72213994007,6.1303933455,5.1282290317249295,231.82863900091743,5.879820249776217,7.571768940288264e-10,0.00012994198000004786,0.04657006207999981,0.23951066046524083,12.77263982501296,0.10482146567121031
SQuADDS_fqOnly,78,chip_simple_dxm10p000_dy1p818__Lj12p0nH_Cj2p0fF__roL8p5mm__tee_fl160um_fc12_cg1p2um__rpg1p4um,4.72226988205,6.17696340758,5.36773969219017,244.6012788259304,5.984641715447427,3,chip_simple_dxm1p818_dym10p000__Lj12p0nH_Cj2p0fF__roL8p5mm__tee_fl160um_fc12_cg1p2um__rpg1p4um,4.72213098232,5.99382514578,6.216597866516113,232.5260761215951,5.710682925319376,8.651694895348555e-10,0.00013889972999958644,0.18313826179999992,0.8488581743259429,12.075202704335283,0.27395879012805135
SQuADDS_fqOnly,78,chip_simple_dxm10p000_dy1p818__Lj12p0nH_Cj2p0fF__roL8p5mm__tee_fl160um_fc12_cg1p2um__rpg1p4um,4.72226988205,6.17696340758,5.36773969219017,244.6012788259304,5.984641715447427,4,chip_simple_dxm3p636_dy3p636__Lj12p0nH_Cj2p0fF__roL8p5mm__tee_fl160um_fc12_cg1p2um__rpg1p4um,4.72242714711,6.18673541231,5.336548379825592,245.26485810969444,5.972626156449373,1.109080022059802e-09,0.00015726506000035556,0.009772004730000283,0.031191312364578394,0.6635792837640508,0.012015558998054843
SQuADDS_fqOnly,78,chip_simple_dxm10p000_dy1p818__Lj12p0nH_Cj2p0fF__roL8p5mm__tee_fl160um_fc12_cg1p2um__rpg1p4um,4.72226988205,6.17696340758,5.36773969219017,244.6012788259304,5.984641715447427,5,chip_simple_dxm8p182_dym9p091__Lj12p0nH_Cj2p0fF__roL8p5mm__tee_fl160um_fc12_cg1p2um__rpg1p4um,4.72257063561,6.05880267073,5.941739992261886,237.9009092435265,5.759912137527704,4.056205466035626e-09,0.00030075356000036635,0.11816073685000017,0.5740003000717158,6.70036958240388,0.2247295779197236
SQuADDS_fqOnly,78,chip_simple_dxm10p000_dy1p818__Lj12p0nH_Cj2p0fF__roL8p5mm__tee_fl160um_fc12_cg1p2um__rpg1p4um,4.72226988205,6.17696340758,5.36773969219017,244.6012788259304,5.984641715447427,6,chip_simple_dxm1p818_dy6p364__Lj12p0nH_Cj2p0fF__roL8p5mm__tee_fl160um_fc12_cg1p2um__rpg1p4um,4.72288255884,6.16611156985,5.942852807521819,255.57392589996,5.983119778272944,1.683298936438738e-08,0.0006126767900003216,0.010851837729999758,0.5751131153316491,10.972647074029595,0.0015219371744832344
SQuADDS_fqOnly,78,chip_simple_dxm10p000_dy1p818__Lj12p0nH_Cj2p0fF__roL8p5mm__tee_fl160um_fc12_cg1p2um__rpg1p4um,4.72226988205,6.17696340758,5.36773969219017,244.6012788259304,5.984641715447427,7,chip_simple_dx8p182_dy9p091__Lj12p0nH_Cj2p0fF__roL8p5mm__tee_fl160um_fc12_cg1p2um__rpg1p4um,4.72158254912,6.12778684598,5.69784814260292,244.34494700729925,5.923186679041649,2.1185206188545584e-08,0.0006873329300001174,0.0491765615999995,0.33010845041274983,0.2563318186311392,0.06145503640577843
SQuADDS_fqOnly,78,chip_simple_dxm10p000_dy1p818__Lj12p0nH_Cj2p0fF__roL8p5mm__tee_fl160um_fc12_cg1p2um__rpg1p4um,4.72226988205,6.17696340758,5.36773969219017,244.6012788259304,5.984641715447427,8,chip_simple_dx1p818_dym1p818__Lj12p0nH_Cj2p0fF__roL8p5mm__tee_fl160um_fc12_cg1p2um__rpg1p4um,4.72149319155,6.00383369896,5.970341072605133,229.6082734110952,5.650635763318174,2.7051688555176598e-08,0.0007766905000003987,0.17312970861999943,0.6026013804149626,14.993005414835181,0.3340059521292531
SQuADDS_fqOnly,78,chip_simple_dxm10p000_dy1p818__Lj12p0nH_Cj2p0fF__roL8p5mm__tee_fl160um_fc12_cg1p2um__rpg1p4um,4.72226988205,6.17696340758,5.36773969219017,244.6012788259304,5.984641715447427,9,chip_simple_dx0p000_dym2p727__Lj12p0nH_Cj2p0fF__roL8p5mm__tee_fl160um_fc12_cg1p2um__rpg1p4um,4.72308106304,6.01925382396,5.781981496412277,228.09975736372985,5.690176383635383,2.9507602289724633e-08,0.0008111809900004374,0.15770958361999998,0.4142418042221063,16.501521462200543,0.29446533181204426
SQuADDS_fqOnly,78,chip_simple_dxm10p000_dy1p818__Lj12p0nH_Cj2p0fF__roL8p5mm__tee_fl160um_fc12_cg1p2um__rpg1p4um,4.72226988205,6.17696340758,5.36773969219017,244.6012788259304,5.984641715447427,10,chip_simple_dxm9p091_dym5p455__Lj12p0nH_Cj2p0fF__roL8p5mm__tee_fl160um_fc12_cg1p2um__rpg1p4um,4.72124097169,5.87168331743,7.066613950735092,226.27240344768032,5.555273420769576,4.74737428106217e-08,0.0010289103599996352,0.3052800901500001,1.6988742585449215,18.328875378250075,0.4293682946778512
SQuADDS_fqOnly,79,chip_simple_dxm10p000_dy2p727__Lj12p0nH_Cj2p0fF__roL8p5mm__tee_fl160um_fc12_cg1p2um__rpg1p4um,4.70723767854,6.21132532849,5.669662891471862,260.2253909274522,6.040061613915569,1,chip_simple_dxm10p000_dy0p909__Lj12p0nH_Cj2p0fF__roL8p5mm__tee_fl160um_fc12_cg1p2um__rpg1p4um,4.70703508171,6.1027913224,6.054301022790908,250.9771558944962,5.873941688086905,1.8523925976571415e-09,0.00020259683000034556,0.10853400609000019,0.3846381313190461,9.248235032956018,0.16611992582866364
SQuADDS_fqOnly,79,chip_simple_dxm10p000_dy2p727__Lj12p0nH_Cj2p0fF__roL8p5mm__tee_fl160um_fc12_cg1p2um__rpg1p4um,4.70723767854,6.21132532849,5.669662891471862,260.2253909274522,6.040061613915569,2,chip_simple_dx3p636_dy6p364__Lj12p0nH_Cj2p0fF__roL8p5mm__tee_fl160um_fc12_cg1p2um__rpg1p4um,4.70747191391,6.07732489971,6.088856940464019,247.2841235563809,5.838361767601531,2.4761257432925824e-09,0.00023423536999978012,0.1340004287800003,0.41919404899215706,12.94126737107132,0.20169984631403803
SQuADDS_fqOnly,79,chip_simple_dxm10p000_dy2p727__Lj12p0nH_Cj2p0fF__roL8p5mm__tee_fl160um_fc12_cg1p2um__rpg1p4um,4.70723767854,6.21132532849,5.669662891471862,260.2253909274522,6.040061613915569,3,chip_simple_dxm0p909_dy2p727__Lj12p0nH_Cj2p0fF__roL8p5mm__tee_fl160um_fc12_cg1p2um__rpg1p4um,4.70779688919,6.02364360744,5.465226220020294,225.5217206888144,5.792823970341947,1.4112976325561967e-08,0.0005592106499996419,0.1876817210499997,0.2044366714515684,34.70367023863781,0.2472376435736221
SQuADDS_fqOnly,79,chip_simple_dxm10p000_dy2p727__Lj12p0nH_Cj2p0fF__roL8p5mm__tee_fl160um_fc12_cg1p2um__rpg1p4um,4.70723767854,6.21132532849,5.669662891471862,260.2253909274522,6.040061613915569,4,chip_simple_dxm4p545_dym4p545__Lj12p0nH_Cj2p0fF__roL8p5mm__tee_fl160um_fc12_cg1p2um__rpg1p4um,4.70789377737,6.12082590646,5.205027347890853,235.00595587143232,5.917412643190793,1.9427023787323282e-08,0.0006560988299995074,0.09049942202999972,0.464635543581009,25.219435056019904,0.12264897072477599
SQuADDS_fqOnly,79,chip_simple_dxm10p000_dy2p727__Lj12p0nH_Cj2p0fF__roL8p5mm__tee_fl160um_fc12_cg1p2um__rpg1p4um,4.70723767854,6.21132532849,5.669662891471862,260.2253909274522,6.040061613915569,5,chip_simple_dx7p273_dy10p000__Lj12p0nH_Cj2p0fF__roL8p5mm__tee_fl160um_fc12_cg1p2um__rpg1p4um,4.70805055796,6.13632743544,5.907291461717605,253.14031044935945,5.903929399723399,2.982084890779169e-08,0.0008128794199997458,0.07499789304999993,0.23762857024574302,7.085080478092777,0.1361322141921697
SQuADDS_fqOnly,79,chip_simple_dxm10p000_dy2p727__Lj12p0nH_Cj2p0fF__roL8p5mm__tee_fl160um_fc12_cg1p2um__rpg1p4um,4.70723767854,6.21132532849,5.669662891471862,260.2253909274522,6.040061613915569,6,chip_simple_dxm1p818_dym0p909__Lj12p0nH_Cj2p0fF__roL8p5mm__tee_fl160um_fc12_cg1p2um__rpg1p4um,4.70639430606,5.99506656694,6.5980849503116605,243.31746149783123,5.745323603133637,3.210011559541181e-08,0.0008433724800003262,0.2162587615499998,0.9284220588397982,16.907929429620992,0.2947380107819315
SQuADDS_fqOnly,79,chip_simple_dxm10p000_dy2p727__Lj12p0nH_Cj2p0fF__roL8p5mm__tee_fl160um_fc12_cg1p2um__rpg1p4um,4.70723767854,6.21132532849,5.669662891471862,260.2253909274522,6.040061613915569,7,chip_simple_dxm5p455_dy6p364__Lj12p0nH_Cj2p0fF__roL8p5mm__tee_fl160um_fc12_cg1p2um__rpg1p4um,4.7062138106,6.06522709251,6.311736516672134,250.0218379600024,5.815405762039038,4.731029259289689e-08,0.0010238679399998674,0.14609823598000027,0.6420736252002719,10.203552967449838,0.22465585187653048
SQuADDS_fqOnly,79,chip_simple_dxm10p000_dy2p727__Lj12p0nH_Cj2p0fF__roL8p5mm__tee_fl160um_fc12_cg1p2um__rpg1p4um,4.70723767854,6.21132532849,5.669662891471862,260.2253909274522,6.040061613915569,8,chip_simple_dx1p818_dy7p273__Lj12p0nH_Cj2p0fF__roL8p5mm__tee_fl160um_fc12_cg1p2um__rpg1p4um,4.70826655373,5.99263086685,5.863451439090729,228.39791043317305,5.715696208117421,4.777416829840171e-08,0.0010288751899993898,0.21869446164000017,0.19378854761886632,31.827480494279172,0.3243654057981473
SQuADDS_fqOnly,79,chip_simple_dxm10p000_dy2p727__Lj12p0nH_Cj2p0fF__roL8p5mm__tee_fl160um_fc12_cg1p2um__rpg1p4um,4.70723767854,6.21132532849,5.669662891471862,260.2253909274522,6.040061613915569,9,chip_simple_dxm1p818_dy9p091__Lj12p0nH_Cj2p0fF__roL8p5mm__tee_fl160um_fc12_cg1p2um__rpg1p4um,4.70620268841,6.09896881824,6.45488197671318,258.7726640480461,5.871112110850504,4.8343730682121395e-08,0.0010349901299999686,0.11235651024999971,0.7852190852413177,1.4527268794061001,0.16894950306506473
SQuADDS_fqOnly,79,chip_simple_dxm10p000_dy2p727__Lj12p0nH_Cj2p0fF__roL8p5mm__tee_fl160um_fc12_cg1p2um__rpg1p4um,4.70723767854,6.21132532849,5.669662891471862,260.2253909274522,6.040061613915569,10,chip_simple_dx4p545_dym5p455__Lj12p0nH_Cj2p0fF__roL8p5mm__tee_fl160um_fc12_cg1p2um__rpg1p4um,4.70617489989,5.89616472893,7.011028146039963,233.1801251320865,5.601828529906815,5.097454853437248e-08,0.0010627786500005953,0.3151605995600004,1.3413652545681005,27.045265795365736,0.43823308400875405
SQuADDS_fqOnly,80,chip_simple_dxm9p091_dym2p727__Lj12p0nH_Cj2p0fF__roL8p5mm__tee_fl160um_fc12_cg1p2um__rpg1p4um,4.7483244385,6.10698090701,5.363995685260773,228.13889295861065,5.896412931889758,1,chip_simple_dx8p182_dy3p636__Lj12p0nH_Cj2p0fF__roL8p5mm__tee_fl160um_fc12_cg1p2um__rpg1p4um,4.74833115983,6.10316137397,5.395294238792419,228.2050160306239,5.868324301832488,2.003686013832025e-12,6.721330000125647e-06,0.003819533039999712,0.03129855353164679,0.06612307201325507,0.028088630057269803
SQuADDS_fqOnly,80,chip_simple_dxm9p091_dym2p727__Lj12p0nH_Cj2p0fF__roL8p5mm__tee_fl160um_fc12_cg1p2um__rpg1p4um,4.7483244385,6.10698090701,5.363995685260773,228.13889295861065,5.896412931889758,2,chip_simple_dx7p273_dy3p636__Lj12p0nH_Cj2p0fF__roL8p5mm__tee_fl160um_fc12_cg1p2um__rpg1p4um,4.74821889126,6.18095763125,5.310853707441329,238.5284024323724,5.986140819335255,4.940978815606029e-10,0.00010554724000044757,0.07397672424000046,0.0531419778194433,10.389509473761734,0.08972788744549742
SQuADDS_fqOnly,80,chip_simple_dxm9p091_dym2p727__Lj12p0nH_Cj2p0fF__roL8p5mm__tee_fl160um_fc12_cg1p2um__rpg1p4um,4.7483244385,6.10698090701,5.363995685260773,228.13889295861065,5.896412931889758,3,chip_simple_dx9p091_dym1p818__Lj12p0nH_Cj2p0fF__roL8p5mm__tee_fl160um_fc12_cg1p2um__rpg1p4um,4.74819591368,6.22592544422,5.092063777423858,240.3890325096089,6.030365991562808,7.326444060434864e-10,0.00012852482000003107,0.11894453720999998,0.27193190783691445,12.250139550998256,0.1339530596730496
SQuADDS_fqOnly,80,chip_simple_dxm9p091_dym2p727__Lj12p0nH_Cj2p0fF__roL8p5mm__tee_fl160um_fc12_cg1p2um__rpg1p4um,4.7483244385,6.10698090701,5.363995685260773,228.13889295861065,5.896412931889758,4,chip_simple_dx7p273_dy5p455__Lj12p0nH_Cj2p0fF__roL8p5mm__tee_fl160um_fc12_cg1p2um__rpg1p4um,4.7485203046,6.15888690142,4.987842560365677,227.68960044213736,5.93785950448502,1.701522832608324e-09,0.00019586610000033033,0.05190599441000021,0.37615312489509556,0.4492925164732924,0.04144657259526241
SQuADDS_fqOnly,80,chip_simple_dxm9p091_dym2p727__Lj12p0nH_Cj2p0fF__roL8p5mm__tee_fl160um_fc12_cg1p2um__rpg1p4um,4.7483244385,6.10698090701,5.363995685260773,228.13889295861065,5.896412931889758,5,chip_simple_dx8p182_dy2p727__Lj12p0nH_Cj2p0fF__roL8p5mm__tee_fl160um_fc12_cg1p2um__rpg1p4um,4.74852684297,6.13036381413,5.567534519544601,236.22808127869936,5.910382801372927,1.8170188312058713e-09,0.00020240446999952866,0.02338290712000024,0.20353883428382868,8.08918832008871,0.013969869483169362
SQuADDS_fqOnly,80,chip_simple_dxm9p091_dym2p727__Lj12p0nH_Cj2p0fF__roL8p5mm__tee_fl160um_fc12_cg1p2um__rpg1p4um,4.7483244385,6.10698090701,5.363995685260773,228.13889295861065,5.896412931889758,6,chip_simple_dx9p091_dy7p273__Lj12p0nH_Cj2p0fF__roL8p5mm__tee_fl160um_fc12_cg1p2um__rpg1p4um,4.74811539599,6.14296840617,5.273498021167755,231.89650692330616,5.867078405195409,1.9381547599726692e-09,0.0002090425099998683,0.03598749915999999,0.09049766409301796,3.7576139646955085,0.029334526694348995
SQuADDS_fqOnly,80,chip_simple_dxm9p091_dym2p727__Lj12p0nH_Cj2p0fF__roL8p5mm__tee_fl160um_fc12_cg1p2um__rpg1p4um,4.7483244385,6.10698090701,5.363995685260773,228.13889295861065,5.896412931889758,7,chip_simple_dx5p455_dy8p182__Lj12p0nH_Cj2p0fF__roL8p5mm__tee_fl160um_fc12_cg1p2um__rpg1p4um,4.74855405086,6.03321750387,6.352321427940368,236.0766933371285,5.795288526783467,2.33835128146193e-09,0.00022961236000007545,0.07376340313999918,0.9883257426795957,7.937800378517835,0.10112440510629117
SQuADDS_fqOnly,80,chip_simple_dxm9p091_dym2p727__Lj12p0nH_Cj2p0fF__roL8p5mm__tee_fl160um_fc12_cg1p2um__rpg1p4um,4.7483244385,6.10698090701,5.363995685260773,228.13889295861065,5.896412931889758,8,chip_simple_dxm1p818_dym8p182__Lj12p0nH_Cj2p0fF__roL8p5mm__tee_fl160um_fc12_cg1p2um__rpg1p4um,4.74798045488,6.11757693515,5.274850255846023,227.969236976316,5.908298446157694,5.248011216262595e-09,0.0003439836199996549,0.010596028140000158,0.08914542941474934,0.16965598229464263,0.01188551426793616
SQuADDS_fqOnly,80,chip_simple_dxm9p091_dym2p727__Lj12p0nH_Cj2p0fF__roL8p5mm__tee_fl160um_fc12_cg1p2um__rpg1p4um,4.7483244385,6.10698090701,5.363995685260773,228.13889295861065,5.896412931889758,9,chip_simple_dxm4p545_dym5p455__Lj12p0nH_Cj2p0fF__roL8p5mm__tee_fl160um_fc12_cg1p2um__rpg1p4um,4.74780934755,6.01171066353,5.136955881889343,208.8049312132329,5.762839564068083,1.1767577532787673e-08,0.000515090950000463,0.0952702434799999,0.22703980337142937,19.333961745377763,0.13357336782167462
SQuADDS_fqOnly,80,chip_simple_dxm9p091_dym2p727__Lj12p0nH_Cj2p0fF__roL8p5mm__tee_fl160um_fc12_cg1p2um__rpg1p4um,4.7483244385,6.10698090701,5.363995685260773,228.13889295861065,5.896412931889758,10,chip_simple_dx10p000_dym7p273__Lj12p0nH_Cj2p0fF__roL8p5mm__tee_fl160um_fc12_cg1p2um__rpg1p4um,4.74780746006,6.110765979,5.967518097417831,241.6074469436823,5.84184513151947,1.1853977342563332e-08,0.0005169784400003152,0.0037850719900003327,0.6035224121570586,13.468553985071651,0.054567800370287856
SQuADDS_fqOnly,81,chip_simple_dxm9p091_dy6p364__Lj12p0nH_Cj2p0fF__roL8p5mm__tee_fl160um_fc12_cg1p2um__rpg1p4um,4.71440404127,6.1075884134,5.646440187353134,241.39030605665508,5.857032072007844,1,chip_simple_dx0p000_dy5p455__Lj12p0nH_Cj2p0fF__roL8p5mm__tee_fl160um_fc12_cg1p2um__rpg1p4um,4.71422601792,6.04446957881,6.030727920024871,239.0603629876928,5.790300833858292,1.4259369984825283e-09,0.0001780233500001671,0.06311883459,0.3842877326717371,2.3299430689622795,0.0667312381495524
SQuADDS_fqOnly,81,chip_simple_dxm9p091_dy6p364__Lj12p0nH_Cj2p0fF__roL8p5mm__tee_fl160um_fc12_cg1p2um__rpg1p4um,4.71440404127,6.1075884134,5.646440187353134,241.39030605665508,5.857032072007844,2,chip_simple_dx7p273_dym10p000__Lj12p0nH_Cj2p0fF__roL8p5mm__tee_fl160um_fc12_cg1p2um__rpg1p4um,4.71410593197,6.1449710615,5.722861017044068,249.15509170209992,5.909600201967471,3.9985032078926914e-09,0.0002981093000000712,0.03738264809999947,0.07642082969093433,7.764785645444846,0.05256812995962701
SQuADDS_fqOnly,81,chip_simple_dxm9p091_dy6p364__Lj12p0nH_Cj2p0fF__roL8p5mm__tee_fl160um_fc12_cg1p2um__rpg1p4um,4.71440404127,6.1075884134,5.646440187353134,241.39030605665508,5.857032072007844,3,chip_simple_dx8p182_dym4p545__Lj12p0nH_Cj2p0fF__roL8p5mm__tee_fl160um_fc12_cg1p2um__rpg1p4um,4.71494974134,6.02611343627,5.731930271121978,229.83680963166307,5.802565180291682,1.3398445629557385e-08,0.0005457000699999881,0.08147497713000007,0.08549008376884437,11.553496424992005,0.05446689171616281
SQuADDS_fqOnly,81,chip_simple_dxm9p091_dy6p364__Lj12p0nH_Cj2p0fF__roL8p5mm__tee_fl160um_fc12_cg1p2um__rpg1p4um,4.71440404127,6.1075884134,5.646440187353134,241.39030605665508,5.857032072007844,4,chip_simple_dxm3p636_dy4p545__Lj12p0nH_Cj2p0fF__roL8p5mm__tee_fl160um_fc12_cg1p2um__rpg1p4um,4.71363061095,6.14572418614,5.668436658781052,248.2621666113731,5.949051840746841,2.69146530498187e-08,0.0007734303199997683,0.038135772739999574,0.02199647142791772,6.871860554718012,0.09201976873899653
SQuADDS_fqOnly,81,chip_simple_dxm9p091_dy6p364__Lj12p0nH_Cj2p0fF__roL8p5mm__tee_fl160um_fc12_cg1p2um__rpg1p4um,4.71440404127,6.1075884134,5.646440187353134,241.39030605665508,5.857032072007844,5,chip_simple_dxm5p455_dym8p182__Lj12p0nH_Cj2p0fF__roL8p5mm__tee_fl160um_fc12_cg1p2um__rpg1p4um,4.71323634559,5.96308581689,6.014703723955154,225.4138802593673,5.645748272445109,6.134875395305077e-08,0.0011676956799995253,0.14450259651000064,0.3682635366020204,15.976425797287789,0.21128379956273502
SQuADDS_fqOnly,81,chip_simple_dxm9p091_dy6p364__Lj12p0nH_Cj2p0fF__roL8p5mm__tee_fl160um_fc12_cg1p2um__rpg1p4um,4.71440404127,6.1075884134,5.646440187353134,241.39030605665508,5.857032072007844,6,chip_simple_dxm7p273_dym9p091__Lj12p0nH_Cj2p0fF__roL8p5mm__tee_fl160um_fc12_cg1p2um__rpg1p4um,4.71567791686,6.13728570621,5.180978092977524,235.3471631881372,5.912038976187492,7.301303991025447e-08,0.0012738755899999177,0.029697292809999887,0.46546209437561004,6.04314286851789,0.055006904179647265
SQuADDS_fqOnly,81,chip_simple_dxm9p091_dy6p364__Lj12p0nH_Cj2p0fF__roL8p5mm__tee_fl160um_fc12_cg1p2um__rpg1p4um,4.71440404127,6.1075884134,5.646440187353134,241.39030605665508,5.857032072007844,7,chip_simple_dxm4p545_dy5p455__Lj12p0nH_Cj2p0fF__roL8p5mm__tee_fl160um_fc12_cg1p2um__rpg1p4um,4.71582269895,6.12400360673,5.595842418161392,242.67790535088983,5.858169998149668,9.055274630213814e-08,0.0014186576800003792,0.01641519332999941,0.05059776919174208,1.2875992942347523,0.0011379261418236197
SQuADDS_fqOnly,81,chip_simple_dxm9p091_dy6p364__Lj12p0nH_Cj2p0fF__roL8p5mm__tee_fl160um_fc12_cg1p2um__rpg1p4um,4.71440404127,6.1075884134,5.646440187353134,241.39030605665508,5.857032072007844,8,chip_simple_dxm5p455_dym4p545__Lj12p0nH_Cj2p0fF__roL8p5mm__tee_fl160um_fc12_cg1p2um__rpg1p4um,4.71287290209,6.10521129892,5.888910904247283,246.5344439765854,5.876905965021521,1.0548136437911588e-07,0.0015311391799999186,0.002377114480000664,0.24247071689414934,5.14413791993033,0.019873893013676813
SQuADDS_fqOnly,81,chip_simple_dxm9p091_dy6p364__Lj12p0nH_Cj2p0fF__roL8p5mm__tee_fl160um_fc12_cg1p2um__rpg1p4um,4.71440404127,6.1075884134,5.646440187353134,241.39030605665508,5.857032072007844,9,chip_simple_dx1p818_dy4p545__Lj12p0nH_Cj2p0fF__roL8p5mm__tee_fl160um_fc12_cg1p2um__rpg1p4um,4.71625141136,6.09699178177,5.937363158708572,245.50271805823053,5.844152234649521,1.5355155363044227e-07,0.0018473700900001333,0.010596631630000353,0.290922971355438,4.11241200157545,0.012879837358322987
SQuADDS_fqOnly,81,chip_simple_dxm9p091_dy6p364__Lj12p0nH_Cj2p0fF__roL8p5mm__tee_fl160um_fc12_cg1p2um__rpg1p4um,4.71440404127,6.1075884134,5.646440187353134,241.39030605665508,5.857032072007844,10,chip_simple_dx1p818_dym2p727__Lj12p0nH_Cj2p0fF__roL8p5mm__tee_fl160um_fc12_cg1p2um__rpg1p4um,4.71634435567,6.07993823183,6.091754240879059,245.7478362240464,5.8738401283262975,1.6939110958706687e-07,0.0019403144000005312,0.02765018157000032,0.4453140535259248,4.357530167391332,0.01680805631845317
SQuADDS_fqOnly,82,chip_simple_dxm8p182_dy3p636__Lj12p0nH_Cj2p0fF__roL8p5mm__tee_fl160um_fc12_cg1p2um__rpg1p4um,4.66348012176,6.05793179463,5.963364992448806,250.89943484547044,5.766429864350439,1,chip_simple_dxm2p000_dym2p000__Lj12p0nH_Cj2p0fF__roL8p5mm__tee_fl160um_fc12_cg1p2um__rpg1p4um,4.66357232032,6.17425760616,5.776347432731628,266.16679365567177,5.948772404826305,3.908661097818684e-10,9.219855999997861e-05,0.11632581153000032,0.18701755971717837,15.26735881020133,0.18234254047586607
SQuADDS_fqOnly,82,chip_simple_dxm8p182_dy3p636__Lj12p0nH_Cj2p0fF__roL8p5mm__tee_fl160um_fc12_cg1p2um__rpg1p4um,4.66348012176,6.05793179463,5.963364992448806,250.89943484547044,5.766429864350439,2,chip_simple_dx0p909_dy3p636__Lj12p0nH_Cj2p0fF__roL8p5mm__tee_fl160um_fc12_cg1p2um__rpg1p4um,4.6631226493,6.11903436188,5.896621238670349,259.81911482762723,5.882535903816615,5.875771767605038e-09,0.0003574724600001744,0.06110256724999985,0.0667437537784572,8.919679982156794,0.11610603946617637
SQuADDS_fqOnly,82,chip_simple_dxm8p182_dy3p636__Lj12p0nH_Cj2p0fF__roL8p5mm__tee_fl160um_fc12_cg1p2um__rpg1p4um,4.66348012176,6.05793179463,5.963364992448806,250.89943484547044,5.766429864350439,3,chip_simple_dx2p727_dy9p091__Lj12p0nH_Cj2p0fF__roL8p5mm__tee_fl160um_fc12_cg1p2um__rpg1p4um,4.66405896257,5.9877620988,6.321251501457214,246.19094484973783,5.715712771067524,1.540628846781245e-08,0.0005788408100002584,0.07016969582999977,0.35788650900840757,4.708489995732606,0.050717093282914405
SQuADDS_fqOnly,82,chip_simple_dxm8p182_dy3p636__Lj12p0nH_Cj2p0fF__roL8p5mm__tee_fl160um_fc12_cg1p2um__rpg1p4um,4.66348012176,6.05793179463,5.963364992448806,250.89943484547044,5.766429864350439,4,chip_simple_dxm0p909_dy1p818__Lj12p0nH_Cj2p0fF__roL8p5mm__tee_fl160um_fc12_cg1p2um__rpg1p4um,4.66450390523,6.13858364091,5.557019098932266,255.0274764591106,5.910793383351408,4.819433215611005e-08,0.0010237834699999837,0.08065184628000033,0.4063458935165398,4.128041613640164,0.14436351900096955
SQuADDS_fqOnly,82,chip_simple_dxm8p182_dy3p636__Lj12p0nH_Cj2p0fF__roL8p5mm__tee_fl160um_fc12_cg1p2um__rpg1p4um,4.66348012176,6.05793179463,5.963364992448806,250.89943484547044,5.766429864350439,5,chip_simple_dx0p000_dy8p182__Lj12p0nH_Cj2p0fF__roL8p5mm__tee_fl160um_fc12_cg1p2um__rpg1p4um,4.66459917098,6.11256654579,5.540656121810913,250.4325233233085,5.83856908361424,5.758085614062378e-08,0.0011190492199997237,0.05463475116000005,0.4227088706378934,0.46691152216195064,0.07213921926380085
SQuADDS_fqOnly,82,chip_simple_dxm8p182_dy3p636__Lj12p0nH_Cj2p0fF__roL8p5mm__tee_fl160um_fc12_cg1p2um__rpg1p4um,4.66348012176,6.05793179463,5.963364992448806,250.89943484547044,5.766429864350439,6,chip_simple_dxm6p364_dy1p818__Lj12p0nH_Cj2p0fF__roL8p5mm__tee_fl160um_fc12_cg1p2um__rpg1p4um,4.6653952178,5.89233877471,7.111206174053192,243.65760514397687,5.596123213023553,1.6864010218420108e-07,0.0019150960400002859,0.1655930199200002,1.1478411816043863,7.241829701493572,0.17030665132688583
SQuADDS_fqOnly,82,chip_simple_dxm8p182_dy3p636__Lj12p0nH_Cj2p0fF__roL8p5mm__tee_fl160um_fc12_cg1p2um__rpg1p4um,4.66348012176,6.05793179463,5.963364992448806,250.89943484547044,5.766429864350439,7,fig5_cg4p5um_rpg1p0um__Lj12p0nH_Cj0p0fF__roL8p5mm__tee_fl160um_fc12,4.66547453942,6.44365646453,5.568490972890854,305.09213979648246,6.526420054379522,1.8289926588240725e-07,0.0019944176599997476,0.3857246699000001,0.3948740195579523,54.19270495101202,0.7599901900290833
SQuADDS_fqOnly,82,chip_simple_dxm8p182_dy3p636__Lj12p0nH_Cj2p0fF__roL8p5mm__tee_fl160um_fc12_cg1p2um__rpg1p4um,4.66348012176,6.05793179463,5.963364992448806,250.89943484547044,5.766429864350439,8,chip_simple_dx10p000_dy7p273__Lj12p0nH_Cj2p0fF__roL8p5mm__tee_fl160um_fc12_cg1p2um__rpg1p4um,4.66101955519,6.03694119202,6.148507254526138,251.85392058988865,5.756378365268905,2.7838765882098893e-07,0.0024605665699999335,0.02099060261000041,0.1851422620773322,0.9544857444182071,0.010051499081534132
SQuADDS_fqOnly,82,chip_simple_dxm8p182_dy3p636__Lj12p0nH_Cj2p0fF__roL8p5mm__tee_fl160um_fc12_cg1p2um__rpg1p4um,4.66348012176,6.05793179463,5.963364992448806,250.89943484547044,5.766429864350439,9,chip_simple_dxm9p091_dym4p545__Lj12p0nH_Cj2p0fF__roL8p5mm__tee_fl160um_fc12_cg1p2um__rpg1p4um,4.66620755842,6.05848621559,6.590826199697494,263.47418021866304,5.836340997965548,3.4204960045237626e-07,0.00272743665999986,0.0005544209600003569,0.6274612072486878,12.574745373192599,0.06991113361510948
SQuADDS_fqOnly,82,chip_simple_dxm8p182_dy3p636__Lj12p0nH_Cj2p0fF__roL8p5mm__tee_fl160um_fc12_cg1p2um__rpg1p4um,4.66348012176,6.05793179463,5.963364992448806,250.89943484547044,5.766429864350439,10,chip_simple_dx1p818_dy1p818__Lj12p0nH_Cj2p0fF__roL8p5mm__tee_fl160um_fc12_cg1p2um__rpg1p4um,4.66629595995,5.92142073329,6.557780968717575,238.696006949125,5.62692425316149,3.6458192169577825e-07,0.002815838190000086,0.13651106134000024,0.5944159762687686,12.203427896345431,0.139505611188949
SQuADDS_fqOnly,83,chip_simple_dxm8p182_dy10p000__Lj12p0nH_Cj2p0fF__roL8p5mm__tee_fl160um_fc12_cg1p2um__rpg1p4um,4.72789217151,6.02697172035,6.188374780282974,236.31888715968915,5.7728279248915735,1,chip_simple_dx6p364_dy0p000__Lj12p0nH_Cj2p0fF__roL8p5mm__tee_fl160um_fc12_cg1p2um__rpg1p4um,4.72795173232,6.02599393944,6.214404765487671,236.6306190453716,5.800547756468861,1.5870333915196768e-10,5.9560810000469644e-05,0.0009777809099995594,0.026029985204696793,0.31173188568243404,0.0277198315772873
SQuADDS_fqOnly,83,chip_simple_dxm8p182_dy10p000__Lj12p0nH_Cj2p0fF__roL8p5mm__tee_fl160um_fc12_cg1p2um__rpg1p4um,4.72789217151,6.02697172035,6.188374780282974,236.31888715968915,5.7728279248915735,2,chip_simple_dx10p000_dym8p182__Lj12p0nH_Cj2p0fF__roL8p5mm__tee_fl160um_fc12_cg1p2um__rpg1p4um,4.7278291272,6.203667918,5.357714031663894,247.43915307278945,5.999006200112647,1.7781019800543083e-10,6.304431000003774e-05,0.1766961976500001,0.8306607486190796,11.120265913100297,0.22617827522107348
SQuADDS_fqOnly,83,chip_simple_dxm8p182_dy10p000__Lj12p0nH_Cj2p0fF__roL8p5mm__tee_fl160um_fc12_cg1p2um__rpg1p4um,4.72789217151,6.02697172035,6.188374780282974,236.31888715968915,5.7728279248915735,3,chip_simple_dxm2p727_dy3p636__Lj12p0nH_Cj2p0fF__roL8p5mm__tee_fl160um_fc12_cg1p2um__rpg1p4um,4.72771327144,6.17379279793,5.623312453847885,248.72072138405872,5.943747599398507,1.431811660149588e-09,0.00017890006999987662,0.1468210775800003,0.5650623264350889,12.401834224369566,0.17091967450693346
SQuADDS_fqOnly,83,chip_simple_dxm8p182_dy10p000__Lj12p0nH_Cj2p0fF__roL8p5mm__tee_fl160um_fc12_cg1p2um__rpg1p4um,4.72789217151,6.02697172035,6.188374780282974,236.31888715968915,5.7728279248915735,4,chip_simple_dxm10p000_dym4p545__Lj12p0nH_Cj2p0fF__roL8p5mm__tee_fl160um_fc12_cg1p2um__rpg1p4um,4.72747685651,6.02391173404,6.181771411222457,235.80879165767425,5.79330242515557,7.716495505947733e-09,0.0004153149999996941,0.003059986309999374,0.006603369060516506,0.5100955020149058,0.020474500263996553
SQuADDS_fqOnly,83,chip_simple_dxm8p182_dy10p000__Lj12p0nH_Cj2p0fF__roL8p5mm__tee_fl160um_fc12_cg1p2um__rpg1p4um,4.72789217151,6.02697172035,6.188374780282974,236.31888715968915,5.7728279248915735,5,chip_simple_dx7p273_dy8p182__Lj12p0nH_Cj2p0fF__roL8p5mm__tee_fl160um_fc12_cg1p2um__rpg1p4um,4.72840082103,5.97315210181,5.691267652456284,217.62866557447816,5.647951458913108,1.1574497669997327e-08,0.0005086495200004038,0.0538196185399995,0.4971071278266894,18.690221585210992,0.12487646597846513
SQuADDS_fqOnly,83,chip_simple_dxm8p182_dy10p000__Lj12p0nH_Cj2p0fF__roL8p5mm__tee_fl160um_fc12_cg1p2um__rpg1p4um,4.72789217151,6.02697172035,6.188374780282974,236.31888715968915,5.7728279248915735,6,chip_simple_dxm1p818_dym2p727__Lj12p0nH_Cj2p0fF__roL8p5mm__tee_fl160um_fc12_cg1p2um__rpg1p4um,4.72848954954,6.17252809279,5.260969237106323,240.1187954409885,5.943850833343463,1.5964795745817915e-08,0.0005973780300001508,0.14555637244000064,0.9274055431766506,3.799908281299338,0.1710229084518895
SQuADDS_fqOnly,83,chip_simple_dxm8p182_dy10p000__Lj12p0nH_Cj2p0fF__roL8p5mm__tee_fl160um_fc12_cg1p2um__rpg1p4um,4.72789217151,6.02697172035,6.188374780282974,236.31888715968915,5.7728279248915735,7,chip_simple_dx2p727_dym3p636__Lj12p0nH_Cj2p0fF__roL8p5mm__tee_fl160um_fc12_cg1p2um__rpg1p4um,4.72851008449,6.15393913849,5.502300477457046,242.70006914810185,5.946585208298799,1.708124453961001e-08,0.0006179129800001348,0.12696741814000045,0.6860743028259275,6.381181988412692,0.17375728340722585
SQuADDS_fqOnly,83,chip_simple_dxm8p182_dy10p000__Lj12p0nH_Cj2p0fF__roL8p5mm__tee_fl160um_fc12_cg1p2um__rpg1p4um,4.72789217151,6.02697172035,6.188374780282974,236.31888715968915,5.7728279248915735,8,chip_simple_dx10p000_dym4p545__Lj12p0nH_Cj2p0fF__roL8p5mm__tee_fl160um_fc12_cg1p2um__rpg1p4um,4.72887741733,6.11605763171,5.721568623006821,241.3895574816467,5.882844555175796,4.3426424750188425e-08,0.0009852458199999248,0.08908591136000066,0.46680615727615304,5.07067032195755,0.11001663028422293
SQuADDS_fqOnly,83,chip_simple_dxm8p182_dy10p000__Lj12p0nH_Cj2p0fF__roL8p5mm__tee_fl160um_fc12_cg1p2um__rpg1p4um,4.72789217151,6.02697172035,6.188374780282974,236.31888715968915,5.7728279248915735,9,chip_simple_dx10p000_dym6p364__Lj12p0nH_Cj2p0fF__roL8p5mm__tee_fl160um_fc12_cg1p2um__rpg1p4um,4.72676334755,6.12769509524,5.428620394487381,237.2099123366833,5.930169327664392,5.7005572536028347e-08,0.0011288239599993588,0.10072337489000027,0.7597543857955928,0.891025176994134,0.15734140277281838
SQuADDS_fqOnly,83,chip_simple_dxm8p182_dy10p000__Lj12p0nH_Cj2p0fF__roL8p5mm__tee_fl160um_fc12_cg1p2um__rpg1p4um,4.72789217151,6.02697172035,6.188374780282974,236.31888715968915,5.7728279248915735,10,chip_simple_dx5p455_dym2p727__Lj12p0nH_Cj2p0fF__roL8p5mm__tee_fl160um_fc12_cg1p2um__rpg1p4um,4.72671328787,6.1181183266,5.450069299165725,236.2126742133905,5.905966219312021,6.217370603270782e-08,0.0011788836399997393,0.0911466062500006,0.7383054811172487,0.10621294629865474,0.13313829442044778
SQuADDS_fqOnly,84,chip_simple_dxm7p273_dym10p000__Lj12p0nH_Cj2p0fF__roL8p5mm__tee_fl160um_fc12_cg1p2um__rpg1p4um,4.7126813443,6.13908473444,5.581218069385528,245.41483597333,5.892340005717795,1,chip_simple_dxm5p455_dym4p545__Lj12p0nH_Cj2p0fF__roL8p5mm__tee_fl160um_fc12_cg1p2um__rpg1p4um,4.71287290209,6.10521129892,5.888910904247283,246.5344439765854,5.876905965021521,1.6522033007871454e-09,0.0001915577900000187,0.03387343552000033,0.30769283486175514,1.1196080032553937,0.015434040696273854
SQuADDS_fqOnly,84,chip_simple_dxm7p273_dym10p000__Lj12p0nH_Cj2p0fF__roL8p5mm__tee_fl160um_fc12_cg1p2um__rpg1p4um,4.7126813443,6.13908473444,5.581218069385528,245.41483597333,5.892340005717795,2,chip_simple_dx4p545_dy2p727__Lj12p0nH_Cj2p0fF__roL8p5mm__tee_fl160um_fc12_cg1p2um__rpg1p4um,4.71245271602,6.05903925985,5.93248411000824,239.9388799189516,5.748576863203549,2.353551726939082e-09,0.00022862828000036473,0.08004547459000033,0.35126604062271216,5.4759560543784005,0.1437631425142456
SQuADDS_fqOnly,84,chip_simple_dxm7p273_dym10p000__Lj12p0nH_Cj2p0fF__roL8p5mm__tee_fl160um_fc12_cg1p2um__rpg1p4um,4.7126813443,6.13908473444,5.581218069385528,245.41483597333,5.892340005717795,3,chip_simple_dxm6p364_dym9p091__Lj12p0nH_Cj2p0fF__roL8p5mm__tee_fl160um_fc12_cg1p2um__rpg1p4um,4.71233913521,6.02901270922,5.663697428594589,229.5055713320909,5.813836152709171,5.272868399914136e-09,0.0003422090900002672,0.11007202522000004,0.08247935920906091,15.909264641239105,0.07850385300862417
SQuADDS_fqOnly,84,chip_simple_dxm7p273_dym10p000__Lj12p0nH_Cj2p0fF__roL8p5mm__tee_fl160um_fc12_cg1p2um__rpg1p4um,4.7126813443,6.13908473444,5.581218069385528,245.41483597333,5.892340005717795,4,chip_simple_dxm4p545_dy0p000__Lj12p0nH_Cj2p0fF__roL8p5mm__tee_fl160um_fc12_cg1p2um__rpg1p4um,4.71230064412,6.08710688098,5.719542095273972,240.0625294385203,5.795795047141197,6.525743716511334e-09,0.0003807001800000265,0.0519778534599995,0.13832402588844417,5.352306534809713,0.09654495857659828
SQuADDS_fqOnly,84,chip_simple_dxm7p273_dym10p000__Lj12p0nH_Cj2p0fF__roL8p5mm__tee_fl160um_fc12_cg1p2um__rpg1p4um,4.7126813443,6.13908473444,5.581218069385528,245.41483597333,5.892340005717795,5,chip_simple_dx6p364_dym10p000__Lj12p0nH_Cj2p0fF__roL8p5mm__tee_fl160um_fc12_cg1p2um__rpg1p4um,4.71222287437,6.11776336869,5.892424395643234,248.8381761745651,5.8779333128535365,9.464236029603251e-09,0.0004584699299998718,0.021321365749999543,0.3112063262577056,3.423340201235078,0.014406692864258552
SQuADDS_fqOnly,84,chip_simple_dxm7p273_dym10p000__Lj12p0nH_Cj2p0fF__roL8p5mm__tee_fl160um_fc12_cg1p2um__rpg1p4um,4.7126813443,6.13908473444,5.581218069385528,245.41483597333,5.892340005717795,6,chip_simple_dxm5p455_dym8p182__Lj12p0nH_Cj2p0fF__roL8p5mm__tee_fl160um_fc12_cg1p2um__rpg1p4um,4.71323634559,5.96308581689,6.014703723955154,225.4138802593673,5.645748272445109,1.3869213533145624e-08,0.000555001290000412,0.1759989175500003,0.4334856545696262,20.000955713962725,0.2465917332726857
SQuADDS_fqOnly,84,chip_simple_dxm7p273_dym10p000__Lj12p0nH_Cj2p0fF__roL8p5mm__tee_fl160um_fc12_cg1p2um__rpg1p4um,4.7126813443,6.13908473444,5.581218069385528,245.41483597333,5.892340005717795,7,chip_simple_dx10p000_dy0p000__Lj12p0nH_Cj2p0fF__roL8p5mm__tee_fl160um_fc12_cg1p2um__rpg1p4um,4.71208036912,6.12933282299,5.748897754478454,247.69335881399888,5.914392877730971,1.6262111033385955e-08,0.0006009751800002405,0.00975191144999954,0.16767968509292608,2.2785228406688702,0.02205287201317585
SQuADDS_fqOnly,84,chip_simple_dxm7p273_dym10p000__Lj12p0nH_Cj2p0fF__roL8p5mm__tee_fl160um_fc12_cg1p2um__rpg1p4um,4.7126813443,6.13908473444,5.581218069385528,245.41483597333,5.892340005717795,8,chip_simple_dxm3p636_dy4p545__Lj12p0nH_Cj2p0fF__roL8p5mm__tee_fl160um_fc12_cg1p2um__rpg1p4um,4.71363061095,6.14572418614,5.668436658781052,248.2621666113731,5.949051840746841,4.057329664429215e-08,0.000949266650000169,0.00663945169999991,0.08721858939552352,2.8473306380430756,0.056711835029045865
SQuADDS_fqOnly,84,chip_simple_dxm7p273_dym10p000__Lj12p0nH_Cj2p0fF__roL8p5mm__tee_fl160um_fc12_cg1p2um__rpg1p4um,4.7126813443,6.13908473444,5.581218069385528,245.41483597333,5.892340005717795,9,chip_simple_dxm7p273_dy2p727__Lj12p0nH_Cj2p0fF__roL8p5mm__tee_fl160um_fc12_cg1p2um__rpg1p4um,4.71160179643,6.11112305572,5.860711649211884,247.21366970382263,5.902975749327858,5.247442148187858e-08,0.001079547869999864,0.02796167871999966,0.27949357982635537,1.7988337304926176,0.010635743610063031
SQuADDS_fqOnly,84,chip_simple_dxm7p273_dym10p000__Lj12p0nH_Cj2p0fF__roL8p5mm__tee_fl160um_fc12_cg1p2um__rpg1p4um,4.7126813443,6.13908473444,5.581218069385528,245.41483597333,5.892340005717795,10,chip_simple_dx7p273_dym10p000__Lj12p0nH_Cj2p0fF__roL8p5mm__tee_fl160um_fc12_cg1p2um__rpg1p4um,4.71410593197,6.1449710615,5.722861017044068,249.15509170209992,5.909600201967471,9.137811856076419e-08,0.001424587669999866,0.005886327059999807,0.14164294765854013,3.7402557287699096,0.01726019624967634
SQuADDS_fqOnly,85,chip_simple_dxm7p273_dy3p636__Lj12p0nH_Cj2p0fF__roL8p5mm__tee_fl160um_fc12_cg1p2um__rpg1p4um,4.74239033124,6.19637507253,5.681721828037261,250.6248885555281,5.991999899644134,1,chip_simple_dxm3p636_dym4p545__Lj12p0nH_Cj2p0fF__roL8p5mm__tee_fl160um_fc12_cg1p2um__rpg1p4um,4.74235488793,6.04534109441,5.723736058847427,227.1294815057925,5.7373862078713325,5.585653014226825e-11,3.544330999982748e-05,0.15103397812000008,0.04201423081016653,23.495407049735576,0.2546136917728017
SQuADDS_fqOnly,85,chip_simple_dxm7p273_dy3p636__Lj12p0nH_Cj2p0fF__roL8p5mm__tee_fl160um_fc12_cg1p2um__rpg1p4um,4.74239033124,6.19637507253,5.681721828037261,250.6248885555281,5.991999899644134,2,chip_simple_dxm6p364_dy7p273__Lj12p0nH_Cj2p0fF__roL8p5mm__tee_fl160um_fc12_cg1p2um__rpg1p4um,4.74220530909,5.96110218154,6.471195480819702,227.23819529883824,5.728633425549979,1.5221338826642326e-09,0.0001850221500001581,0.23527289099000015,0.7894736527824415,23.386693256689853,0.2633664740941555
SQuADDS_fqOnly,85,chip_simple_dxm7p273_dy3p636__Lj12p0nH_Cj2p0fF__roL8p5mm__tee_fl160um_fc12_cg1p2um__rpg1p4um,4.74239033124,6.19637507253,5.681721828037261,250.6248885555281,5.991999899644134,3,chip_simple_dx2p727_dy5p455__Lj12p0nH_Cj2p0fF__roL8p5mm__tee_fl160um_fc12_cg1p2um__rpg1p4um,4.74208651799,6.09436211613,5.726268231283187,235.1566146380877,5.880473450765719,4.1041084465093985e-09,0.0003038132500003954,0.1020129564000003,0.04454640324592685,15.4682739174404,0.1115264488784149
SQuADDS_fqOnly,85,chip_simple_dxm7p273_dy3p636__Lj12p0nH_Cj2p0fF__roL8p5mm__tee_fl160um_fc12_cg1p2um__rpg1p4um,4.74239033124,6.19637507253,5.681721828037261,250.6248885555281,5.991999899644134,4,chip_simple_dxm5p455_dym2p727__Lj12p0nH_Cj2p0fF__roL8p5mm__tee_fl160um_fc12_cg1p2um__rpg1p4um,4.74191288272,6.16037786476,5.586993185428619,242.8607467730461,5.939829633011445,1.0135811141778671e-08,0.0004774485199998679,0.03599720777000037,0.09472864260864178,7.764141782482,0.05217026663268953
SQuADDS_fqOnly,85,chip_simple_dxm7p273_dy3p636__Lj12p0nH_Cj2p0fF__roL8p5mm__tee_fl160um_fc12_cg1p2um__rpg1p4um,4.74239033124,6.19637507253,5.681721828037261,250.6248885555281,5.991999899644134,5,chip_simple_dx0p000_dym6p364__Lj12p0nH_Cj2p0fF__roL8p5mm__tee_fl160um_fc12_cg1p2um__rpg1p4um,4.74288579894,6.03308089793,5.782055475780487,226.2307596859305,5.794067523813237,1.0915310701756876e-08,0.00049546769999953,0.16329417460000073,0.10033364774322617,24.39412886959758,0.19793237583089685
SQuADDS_fqOnly,85,chip_simple_dxm7p273_dy3p636__Lj12p0nH_Cj2p0fF__roL8p5mm__tee_fl160um_fc12_cg1p2um__rpg1p4um,4.74239033124,6.19637507253,5.681721828037261,250.6248885555281,5.991999899644134,6,chip_simple_dx2p727_dy0p909__Lj12p0nH_Cj2p0fF__roL8p5mm__tee_fl160um_fc12_cg1p2um__rpg1p4um,4.74298606075,6.14557563555,5.577913346075058,240.00739016593903,5.859609361630187,1.5779877758442142e-08,0.0005957295099996429,0.05079943698000022,0.10380848196220249,10.61749838958906,0.13239053801394718
SQuADDS_fqOnly,85,chip_simple_dxm7p273_dy3p636__Lj12p0nH_Cj2p0fF__roL8p5mm__tee_fl160um_fc12_cg1p2um__rpg1p4um,4.74239033124,6.19637507253,5.681721828037261,250.6248885555281,5.991999899644134,7,chip_simple_dx9p091_dym4p545__Lj12p0nH_Cj2p0fF__roL8p5mm__tee_fl160um_fc12_cg1p2um__rpg1p4um,4.74298968952,6.21595359683,5.546431172784805,250.5823135991841,6.029204485292758,1.597270334393695e-08,0.0005993582799996844,0.019578524299999955,0.13529065525245532,0.04257495634399788,0.037204585648623834
SQuADDS_fqOnly,85,chip_simple_dxm7p273_dy3p636__Lj12p0nH_Cj2p0fF__roL8p5mm__tee_fl160um_fc12_cg1p2um__rpg1p4um,4.74239033124,6.19637507253,5.681721828037261,250.6248885555281,5.991999899644134,8,chip_simple_dx0p909_dym3p636__Lj12p0nH_Cj2p0fF__roL8p5mm__tee_fl160um_fc12_cg1p2um__rpg1p4um,4.74299007193,5.97185553704,5.585872956563949,212.43614000136665,5.67605929438614,1.5993092050619423e-08,0.0005997406900002389,0.2245195354900007,0.09584887147331145,38.188748554161435,0.3159406052579943
SQuADDS_fqOnly,85,chip_simple_dxm7p273_dy3p636__Lj12p0nH_Cj2p0fF__roL8p5mm__tee_fl160um_fc12_cg1p2um__rpg1p4um,4.74239033124,6.19637507253,5.681721828037261,250.6248885555281,5.991999899644134,9,chip_simple_dxm5p455_dy1p818__Lj12p0nH_Cj2p0fF__roL8p5mm__tee_fl160um_fc12_cg1p2um__rpg1p4um,4.7432212798,6.12396808672,5.238211283826828,229.0696122487726,5.878910838755778,3.070108231326168e-08,0.0008309485599999888,0.07240698581000071,0.4435105442104321,21.555276306755502,0.11308906088835613
SQuADDS_fqOnly,85,chip_simple_dxm7p273_dy3p636__Lj12p0nH_Cj2p0fF__roL8p5mm__tee_fl160um_fc12_cg1p2um__rpg1p4um,4.74239033124,6.19637507253,5.681721828037261,250.6248885555281,5.991999899644134,10,chip_simple_dxm0p909_dym10p000__Lj12p0nH_Cj2p0fF__roL8p5mm__tee_fl160um_fc12_cg1p2um__rpg1p4um,4.743277674,6.16560338881,5.249255211336136,235.8522265924433,5.937221698084575,3.500968693917591e-08,0.0008873427599995765,0.030771683720000276,0.43246661670112463,14.7726619630848,0.05477820155955904
SQuADDS_fqOnly,86,chip_simple_dxm5p455_dy10p000__Lj12p0nH_Cj2p0fF__roL8p5mm__tee_fl160um_fc12_cg1p2um__rpg1p4um,4.75382768337,6.07114357609,5.742745215496063,229.3685246164135,5.84654579468076,1,chip_simple_dxm3p636_dym5p455__Lj12p0nH_Cj2p0fF__roL8p5mm__tee_fl160um_fc12_cg1p2um__rpg1p4um,4.75384647125,6.17600229225,5.254790726247787,235.36565084982217,5.967505983663928,1.5619556000767432e-11,1.8787880000203927e-05,0.10485871615999987,0.4879544892482759,5.997126233408665,0.12096018898316796
SQuADDS_fqOnly,86,chip_simple_dxm5p455_dy10p000__Lj12p0nH_Cj2p0fF__roL8p5mm__tee_fl160um_fc12_cg1p2um__rpg1p4um,4.75382768337,6.07114357609,5.742745215496063,229.3685246164135,5.84654579468076,2,chip_simple_dx8p182_dy4p545__Lj12p0nH_Cj2p0fF__roL8p5mm__tee_fl160um_fc12_cg1p2um__rpg1p4um,4.75384775336,6.16753807894,5.472293931138992,238.92779525541928,6.000528213189532,1.7824093078794973e-11,2.0069989999704774e-05,0.09639450284999995,0.2704512843570708,9.559270639005774,0.1539824185087717
SQuADDS_fqOnly,86,chip_simple_dxm5p455_dy10p000__Lj12p0nH_Cj2p0fF__roL8p5mm__tee_fl160um_fc12_cg1p2um__rpg1p4um,4.75382768337,6.07114357609,5.742745215496063,229.3685246164135,5.84654579468076,3,chip_simple_dx2p727_dym7p273__Lj12p0nH_Cj2p0fF__roL8p5mm__tee_fl160um_fc12_cg1p2um__rpg1p4um,4.75350553829,6.23137226029,5.515988144140243,250.035837607935,6.081021639957449,4.592150734514767e-09,0.00032214508000016906,0.1602286841999998,0.22675707135582002,20.6673129915215,0.2344758452766884
SQuADDS_fqOnly,86,chip_simple_dxm5p455_dy10p000__Lj12p0nH_Cj2p0fF__roL8p5mm__tee_fl160um_fc12_cg1p2um__rpg1p4um,4.75382768337,6.07114357609,5.742745215496063,229.3685246164135,5.84654579468076,4,chip_simple_dx9p091_dym2p727__Lj12p0nH_Cj2p0fF__roL8p5mm__tee_fl160um_fc12_cg1p2um__rpg1p4um,4.75421160279,6.18453840176,5.473107182682037,241.5748597938345,5.95940112810006,6.5221876670322095e-09,0.00038391941999993406,0.11339482567000037,0.26963803281402576,12.206335177420982,0.11285533341929987
SQuADDS_fqOnly,86,chip_simple_dxm5p455_dy10p000__Lj12p0nH_Cj2p0fF__roL8p5mm__tee_fl160um_fc12_cg1p2um__rpg1p4um,4.75382768337,6.07114357609,5.742745215496063,229.3685246164135,5.84654579468076,5,chip_simple_dx8p182_dym7p273__Lj12p0nH_Cj2p0fF__roL8p5mm__tee_fl160um_fc12_cg1p2um__rpg1p4um,4.75453402814,6.05826619394,5.752804228256226,227.26530590646345,5.792570418204838,2.2077332422626477e-08,0.0007063447700002001,0.012877382150000116,0.010059012760162744,2.103218709950056,0.05397537647592188
SQuADDS_fqOnly,86,chip_simple_dxm5p455_dy10p000__Lj12p0nH_Cj2p0fF__roL8p5mm__tee_fl160um_fc12_cg1p2um__rpg1p4um,4.75382768337,6.07114357609,5.742745215496063,229.3685246164135,5.84654579468076,6,chip_simple_dx6p364_dy2p727__Lj12p0nH_Cj2p0fF__roL8p5mm__tee_fl160um_fc12_cg1p2um__rpg1p4um,4.75293196551,6.07708289994,5.740933858938217,230.41754424422072,5.810778700049102,3.550222703050238e-08,0.0008957178599997562,0.005939323849999845,0.0018113565578463664,1.049019627807212,0.03576709463165795
SQuADDS_fqOnly,86,chip_simple_dxm5p455_dy10p000__Lj12p0nH_Cj2p0fF__roL8p5mm__tee_fl160um_fc12_cg1p2um__rpg1p4um,4.75382768337,6.07114357609,5.742745215496063,229.3685246164135,5.84654579468076,7,chip_simple_dx0p000_dy4p545__Lj12p0nH_Cj2p0fF__roL8p5mm__tee_fl160um_fc12_cg1p2um__rpg1p4um,4.75286142116,6.08882350457,5.892952473888397,235.49238786023307,5.8850993721358345,4.131455876770571e-08,0.0009662622099995133,0.017679928479999774,0.15020725839233418,6.123863243819557,0.03855357745507426
SQuADDS_fqOnly,86,chip_simple_dxm5p455_dy10p000__Lj12p0nH_Cj2p0fF__roL8p5mm__tee_fl160um_fc12_cg1p2um__rpg1p4um,4.75382768337,6.07114357609,5.742745215496063,229.3685246164135,5.84654579468076,8,chip_simple_dx7p273_dym2p727__Lj12p0nH_Cj2p0fF__roL8p5mm__tee_fl160um_fc12_cg1p2um__rpg1p4um,4.75484668771,6.06921513477,5.718313435150146,228.27848180607165,5.844076080583877,4.5947850213349654e-08,0.0010190043399997961,0.0019284413199995853,0.024431780345916643,1.0900428103418562,0.0024697140968834574
SQuADDS_fqOnly,86,chip_simple_dxm5p455_dy10p000__Lj12p0nH_Cj2p0fF__roL8p5mm__tee_fl160um_fc12_cg1p2um__rpg1p4um,4.75382768337,6.07114357609,5.742745215496063,229.3685246164135,5.84654579468076,9,chip_simple_dx3p636_dy10p000__Lj12p0nH_Cj2p0fF__roL8p5mm__tee_fl160um_fc12_cg1p2um__rpg1p4um,4.75276132751,6.0254162175,6.153329925121307,230.03465147640503,5.771482613463284,5.0317313899860556e-08,0.0010663558599999234,0.04572735858999977,0.41058470962524396,0.6661268599915218,0.0750631812174758
SQuADDS_fqOnly,86,chip_simple_dxm5p455_dy10p000__Lj12p0nH_Cj2p0fF__roL8p5mm__tee_fl160um_fc12_cg1p2um__rpg1p4um,4.75382768337,6.07114357609,5.742745215496063,229.3685246164135,5.84654579468076,10,chip_simple_dxm5p455_dy7p273__Lj12p0nH_Cj2p0fF__roL8p5mm__tee_fl160um_fc12_cg1p2um__rpg1p4um,4.7550557353,6.0689882308,5.697021401802063,227.79860249670247,5.765618099955324,6.673391336460435e-08,0.0012280519300000847,0.0021553452900002767,0.045723813693999915,1.5699221197110376,0.08092769472543626
SQuADDS_fqOnly,87,chip_simple_dxm4p545_dy3p636__Lj12p0nH_Cj2p0fF__roL8p5mm__tee_fl160um_fc12_cg1p2um__rpg1p4um,4.75468111361,6.06015537266,5.269286218986511,217.6085822265456,5.73890366119554,1,chip_simple_dx8p182_dym7p273__Lj12p0nH_Cj2p0fF__roL8p5mm__tee_fl160um_fc12_cg1p2um__rpg1p4um,4.75453402814,6.05826619394,5.752804228256226,227.26530590646345,5.792570418204838,9.569665444303282e-10,0.00014708547000008565,0.00188917871999994,0.4835180092697149,9.65672367991786,0.05366675700929857
SQuADDS_fqOnly,87,chip_simple_dxm4p545_dy3p636__Lj12p0nH_Cj2p0fF__roL8p5mm__tee_fl160um_fc12_cg1p2um__rpg1p4um,4.75468111361,6.06015537266,5.269286218986511,217.6085822265456,5.73890366119554,2,chip_simple_dx7p273_dym2p727__Lj12p0nH_Cj2p0fF__roL8p5mm__tee_fl160um_fc12_cg1p2um__rpg1p4um,4.75484668771,6.06921513477,5.718313435150146,228.27848180607165,5.844076080583877,1.2126682751013486e-09,0.00016557409999951034,0.009059762110000591,0.4490272161636355,10.66989957952606,0.10517241938833699
SQuADDS_fqOnly,87,chip_simple_dxm4p545_dy3p636__Lj12p0nH_Cj2p0fF__roL8p5mm__tee_fl160um_fc12_cg1p2um__rpg1p4um,4.75468111361,6.06015537266,5.269286218986511,217.6085822265456,5.73890366119554,3,chip_simple_dxm5p455_dy7p273__Lj12p0nH_Cj2p0fF__roL8p5mm__tee_fl160um_fc12_cg1p2um__rpg1p4um,4.7550557353,6.0689882308,5.697021401802063,227.79860249670247,5.765618099955324,6.207876198801138e-09,0.00037462168999979895,0.0088328581399999,0.42773518281555223,10.190020270156879,0.026714438759784187
SQuADDS_fqOnly,87,chip_simple_dxm4p545_dy3p636__Lj12p0nH_Cj2p0fF__roL8p5mm__tee_fl160um_fc12_cg1p2um__rpg1p4um,4.75468111361,6.06015537266,5.269286218986511,217.6085822265456,5.73890366119554,4,chip_simple_dx9p091_dym2p727__Lj12p0nH_Cj2p0fF__roL8p5mm__tee_fl160um_fc12_cg1p2um__rpg1p4um,4.75421160279,6.18453840176,5.473107182682037,241.5748597938345,5.95940112810006,9.750983470014599e-09,0.0004695108200003517,0.12438302910000054,0.20382096369552638,23.9662775672889,0.22049746690452032
SQuADDS_fqOnly,87,chip_simple_dxm4p545_dy3p636__Lj12p0nH_Cj2p0fF__roL8p5mm__tee_fl160um_fc12_cg1p2um__rpg1p4um,4.75468111361,6.06015537266,5.269286218986511,217.6085822265456,5.73890366119554,5,chip_simple_dx8p182_dy4p545__Lj12p0nH_Cj2p0fF__roL8p5mm__tee_fl160um_fc12_cg1p2um__rpg1p4um,4.75384775336,6.16753807894,5.472293931138992,238.92779525541928,6.000528213189532,3.0720110449150485e-08,0.000833360250000581,0.10738270628000013,0.20300771215248137,21.31921302887369,0.26162455199399215
SQuADDS_fqOnly,87,chip_simple_dxm4p545_dy3p636__Lj12p0nH_Cj2p0fF__roL8p5mm__tee_fl160um_fc12_cg1p2um__rpg1p4um,4.75468111361,6.06015537266,5.269286218986511,217.6085822265456,5.73890366119554,6,chip_simple_dxm3p636_dym5p455__Lj12p0nH_Cj2p0fF__roL8p5mm__tee_fl160um_fc12_cg1p2um__rpg1p4um,4.75384647125,6.17600229225,5.254790726247787,235.36565084982217,5.967505983663928,3.081470785418881e-08,0.0008346423600000819,0.11584691959000004,0.014495492738723748,17.75706862327658,0.2286023224683884
SQuADDS_fqOnly,87,chip_simple_dxm4p545_dy3p636__Lj12p0nH_Cj2p0fF__roL8p5mm__tee_fl160um_fc12_cg1p2um__rpg1p4um,4.75468111361,6.06015537266,5.269286218986511,217.6085822265456,5.73890366119554,7,chip_simple_dx3p636_dy9p091__Lj12p0nH_Cj2p0fF__roL8p5mm__tee_fl160um_fc12_cg1p2um__rpg1p4um,4.75576570631,6.07168713414,5.601566335306168,226.12949018838373,5.825369051623113,5.203440153762046e-08,0.0010845926999998312,0.011531761480000569,0.3322801163196569,8.520907961838134,0.0864653904275734
SQuADDS_fqOnly,87,chip_simple_dxm4p545_dy3p636__Lj12p0nH_Cj2p0fF__roL8p5mm__tee_fl160um_fc12_cg1p2um__rpg1p4um,4.75468111361,6.06015537266,5.269286218986511,217.6085822265456,5.73890366119554,8,chip_simple_dx2p727_dym7p273__Lj12p0nH_Cj2p0fF__roL8p5mm__tee_fl160um_fc12_cg1p2um__rpg1p4um,4.75350553829,6.23137226029,5.515988144140243,250.035837607935,6.081021639957449,6.113052558742181e-08,0.0011755753200004548,0.17121688762999998,0.24670192515373213,32.427255381389415,0.34211797876190886
SQuADDS_fqOnly,87,chip_simple_dxm4p545_dy3p636__Lj12p0nH_Cj2p0fF__roL8p5mm__tee_fl160um_fc12_cg1p2um__rpg1p4um,4.75468111361,6.06015537266,5.269286218986511,217.6085822265456,5.73890366119554,9,chip_simple_dx10p000_dym0p909__Lj12p0nH_Cj2p0fF__roL8p5mm__tee_fl160um_fc12_cg1p2um__rpg1p4um,4.75606154742,6.16778888448,5.306044165422439,234.7878664070657,5.968817326650227,8.429239335813332e-08,0.0013804338099996372,0.10763351182000047,0.036757946435928446,17.179284180520114,0.2299136654546876
SQuADDS_fqOnly,87,chip_simple_dxm4p545_dy3p636__Lj12p0nH_Cj2p0fF__roL8p5mm__tee_fl160um_fc12_cg1p2um__rpg1p4um,4.75468111361,6.06015537266,5.269286218986511,217.6085822265456,5.73890366119554,10,chip_simple_dx6p364_dy2p727__Lj12p0nH_Cj2p0fF__roL8p5mm__tee_fl160um_fc12_cg1p2um__rpg1p4um,4.75293196551,6.07708289994,5.740933858938217,230.41754424422072,5.810778700049102,1.353350772686923e-07,0.001749148100000042,0.01692752728000002,0.4716476399517058,12.808962017675128,0.0718750388535625
SQuADDS_fqOnly,88,chip_simple_dxm4p545_dy8p182__Lj12p0nH_Cj2p0fF__roL8p5mm__tee_fl160um_fc12_cg1p2um__rpg1p4um,4.67322344557,5.98395316967,6.190873927841186,240.9406241300008,5.72043645068073,1,fig5_cg0p5um_rpg1p0um__Lj12p0nH_Cj0p0fF__roL8p5mm__tee_fl160um_fc12,4.67332763234,5.16611622725,17.142235439027786,169.6815537049959,4.775652263368383,4.970408172750449e-10,0.00010418677000068044,0.8178369424200005,10.951361511186601,71.2590704250049,0.9447841873123473
SQuADDS_fqOnly,88,chip_simple_dxm4p545_dy8p182__Lj12p0nH_Cj2p0fF__roL8p5mm__tee_fl160um_fc12_cg1p2um__rpg1p4um,4.67322344557,5.98395316967,6.190873927841186,240.9406241300008,5.72043645068073,2,chip_simple_dxm4p545_dym3p636__Lj12p0nH_Cj2p0fF__roL8p5mm__tee_fl160um_fc12_cg1p2um__rpg1p4um,4.67304431925,6.03199474143,6.125895672599793,247.8916504390452,5.756437524837708,1.4692162183784848e-09,0.00017912631999994488,0.04804157175999979,0.06497825524139333,6.951026309044408,0.03600107415697806
SQuADDS_fqOnly,88,chip_simple_dxm4p545_dy8p182__Lj12p0nH_Cj2p0fF__roL8p5mm__tee_fl160um_fc12_cg1p2um__rpg1p4um,4.67322344557,5.98395316967,6.190873927841186,240.9406241300008,5.72043645068073,3,chip_simple_dxm3p636_dy0p909__Lj12p0nH_Cj2p0fF__roL8p5mm__tee_fl160um_fc12_cg1p2um__rpg1p4um,4.67370270888,6.01212956717,5.972365206701278,241.2318799818838,5.710985206034561,1.0517566628442057e-08,0.00047926330999992217,0.02817639749999934,0.2185087211399077,0.29125585188299397,0.009451244646169421
SQuADDS_fqOnly,88,chip_simple_dxm4p545_dy8p182__Lj12p0nH_Cj2p0fF__roL8p5mm__tee_fl160um_fc12_cg1p2um__rpg1p4um,4.67322344557,5.98395316967,6.190873927841186,240.9406241300008,5.72043645068073,4,chip_simple_dxm0p909_dym1p818__Lj12p0nH_Cj2p0fF__roL8p5mm__tee_fl160um_fc12_cg1p2um__rpg1p4um,4.672625604,6.15896625974,5.890477626493453,264.17818518642616,5.957573698522844,1.63658710796181e-08,0.0005978415699994244,0.17501309006999932,0.30039630134773265,23.237561056425363,0.23713724784211365
SQuADDS_fqOnly,88,chip_simple_dxm4p545_dy8p182__Lj12p0nH_Cj2p0fF__roL8p5mm__tee_fl160um_fc12_cg1p2um__rpg1p4um,4.67322344557,5.98395316967,6.190873927841186,240.9406241300008,5.72043645068073,5,chip_simple_dx5p455_dym3p636__Lj12p0nH_Cj2p0fF__roL8p5mm__tee_fl160um_fc12_cg1p2um__rpg1p4um,4.67222577172,5.8917275848,6.889162298254012,237.96735201507968,5.58728786892167,4.5576826741259055e-08,0.000997673849999714,0.09222558487000043,0.6982883704128264,2.973272114921116,0.13314858175906075
SQuADDS_fqOnly,88,chip_simple_dxm4p545_dy8p182__Lj12p0nH_Cj2p0fF__roL8p5mm__tee_fl160um_fc12_cg1p2um__rpg1p4um,4.67322344557,5.98395316967,6.190873927841186,240.9406241300008,5.72043645068073,6,chip_simple_dxm3p636_dym8p182__Lj12p0nH_Cj2p0fF__roL8p5mm__tee_fl160um_fc12_cg1p2um__rpg1p4um,4.67477993862,6.16530840037,6.238829511974334,272.6481468594707,5.96410442198707,1.1093313281492645e-07,0.001556493050000718,0.18135523069999948,0.047955584133148044,31.70752272946993,0.24366797130633966
SQuADDS_fqOnly,88,chip_simple_dxm4p545_dy8p182__Lj12p0nH_Cj2p0fF__roL8p5mm__tee_fl160um_fc12_cg1p2um__rpg1p4um,4.67322344557,5.98395316967,6.190873927841186,240.9406241300008,5.72043645068073,7,chip_simple_dxm6p364_dy0p000__Lj12p0nH_Cj2p0fF__roL8p5mm__tee_fl160um_fc12_cg1p2um__rpg1p4um,4.6715110421,6.11602371104,5.946437598886489,258.5796032420524,5.886712731567605,1.3427003578455023e-07,0.0017124034700000124,0.13207054137000007,0.2444363289546967,17.63897911205163,0.16627628088687452
SQuADDS_fqOnly,88,chip_simple_dxm4p545_dy8p182__Lj12p0nH_Cj2p0fF__roL8p5mm__tee_fl160um_fc12_cg1p2um__rpg1p4um,4.67322344557,5.98395316967,6.190873927841186,240.9406241300008,5.72043645068073,8,fig5_cg2p0um_rpg1p0um__Lj12p0nH_Cj0p0fF__roL8p5mm__tee_fl160um_fc12,4.67537317002,6.28144982257,6.80016774546051,305.861011614189,6.2286045622900525,2.1160820251957956e-07,0.002149724450000612,0.2974966528999996,0.6092938176193243,64.92038748418821,0.5081681116093222
SQuADDS_fqOnly,88,chip_simple_dxm4p545_dy8p182__Lj12p0nH_Cj2p0fF__roL8p5mm__tee_fl160um_fc12_cg1p2um__rpg1p4um,4.67322344557,5.98395316967,6.190873927841186,240.9406241300008,5.72043645068073,9,chip_simple_dxm3p636_dym2p727__Lj12p0nH_Cj2p0fF__roL8p5mm__tee_fl160um_fc12_cg1p2um__rpg1p4um,4.67568933524,6.05467155576,6.318260186975479,255.19867414634712,5.7406067779067245,2.784288212687437e-07,0.0024658896700007205,0.07071838608999936,0.12738625913429313,14.258050016346317,0.0201703272259941
SQuADDS_fqOnly,88,chip_simple_dxm4p545_dy8p182__Lj12p0nH_Cj2p0fF__roL8p5mm__tee_fl160um_fc12_cg1p2um__rpg1p4um,4.67322344557,5.98395316967,6.190873927841186,240.9406241300008,5.72043645068073,10,chip_simple_dx1p818_dym0p909__Lj12p0nH_Cj2p0fF__roL8p5mm__tee_fl160um_fc12_cg1p2um__rpg1p4um,4.67045299221,6.02263130277,6.254178175308227,249.60885360509675,5.769639685358345,3.5145408280561057e-07,0.0027704533599992587,0.03867813309999946,0.06330424746704111,8.668229475095956,0.04920323467761456
SQuADDS_fqOnly,89,chip_simple_dxm3p636_dym9p091__Lj12p0nH_Cj2p0fF__roL8p5mm__tee_fl160um_fc12_cg1p2um__rpg1p4um,4.6860923718,6.15572974559,5.265247003330231,246.28336462848563,5.931427421476935,1,chip_simple_dx4p545_dy9p091__Lj12p0nH_Cj2p0fF__roL8p5mm__tee_fl160um_fc12_cg1p2um__rpg1p4um,4.68609575245,6.11430901066,5.943070262321472,255.0398969000135,5.911313507537606,5.204496617157499e-13,3.380649999940033e-06,0.04142073492999998,0.677823258991241,8.756532271527874,0.02011391393932893
SQuADDS_fqOnly,89,chip_simple_dxm3p636_dym9p091__Lj12p0nH_Cj2p0fF__roL8p5mm__tee_fl160um_fc12_cg1p2um__rpg1p4um,4.6860923718,6.15572974559,5.265247003330231,246.28336462848563,5.931427421476935,2,chip_simple_dxm0p909_dym0p909__Lj12p0nH_Cj2p0fF__roL8p5mm__tee_fl160um_fc12_cg1p2um__rpg1p4um,4.68632924459,6.17134248768,5.411161615444184,252.1794734270908,5.976285666069374,2.555104463194922e-09,0.00023687279000039752,0.015612742089999188,0.14591461211395362,5.896108798605184,0.04485824459243837
SQuADDS_fqOnly,89,chip_simple_dxm3p636_dym9p091__Lj12p0nH_Cj2p0fF__roL8p5mm__tee_fl160um_fc12_cg1p2um__rpg1p4um,4.6860923718,6.15572974559,5.265247003330231,246.28336462848563,5.931427421476935,3,chip_simple_dx2p727_dy1p818__Lj12p0nH_Cj2p0fF__roL8p5mm__tee_fl160um_fc12_cg1p2um__rpg1p4um,4.68563403825,6.08133316983,5.72811288560295,245.0156338090338,5.777845440182654,9.566247377215804e-09,0.000458333550000134,0.0743965757600007,0.46286588227271963,1.2677308194518275,0.15358198129428136
SQuADDS_fqOnly,89,chip_simple_dxm3p636_dym9p091__Lj12p0nH_Cj2p0fF__roL8p5mm__tee_fl160um_fc12_cg1p2um__rpg1p4um,4.6860923718,6.15572974559,5.265247003330231,246.28336462848563,5.931427421476935,4,chip_simple_dxm1p818_dy4p545__Lj12p0nH_Cj2p0fF__roL8p5mm__tee_fl160um_fc12_cg1p2um__rpg1p4um,4.68668729165,6.13606112963,6.136175126768112,262.7664710804651,5.930337346209187,1.611740909156845e-08,0.0005949198500001529,0.01966861596000058,0.8709281234378814,16.483106451979495,0.0010900752677480696
SQuADDS_fqOnly,89,chip_simple_dxm3p636_dym9p091__Lj12p0nH_Cj2p0fF__roL8p5mm__tee_fl160um_fc12_cg1p2um__rpg1p4um,4.6860923718,6.15572974559,5.265247003330231,246.28336462848563,5.931427421476935,5,chip_simple_dxm8p182_dy9p091__Lj12p0nH_Cj2p0fF__roL8p5mm__tee_fl160um_fc12_cg1p2um__rpg1p4um,4.68682128785,6.05207856918,6.670654395746231,259.2924998926468,5.805209593914802,2.41954295052296e-08,0.000728916049999917,0.10365117641000055,1.4054073924160004,13.00913526416116,0.12621782756213307
SQuADDS_fqOnly,89,chip_simple_dxm3p636_dym9p091__Lj12p0nH_Cj2p0fF__roL8p5mm__tee_fl160um_fc12_cg1p2um__rpg1p4um,4.6860923718,6.15572974559,5.265247003330231,246.28336462848563,5.931427421476935,6,chip_simple_dx0p000_dy6p364__Lj12p0nH_Cj2p0fF__roL8p5mm__tee_fl160um_fc12_cg1p2um__rpg1p4um,4.68684275544,6.22626285193,5.869558168603897,271.87390077175473,6.055488773398548,2.5641594244651102e-08,0.0007503836399997965,0.07053310633999921,0.6043111652736659,25.590536143269105,0.12406135192161294
SQuADDS_fqOnly,89,chip_simple_dxm3p636_dym9p091__Lj12p0nH_Cj2p0fF__roL8p5mm__tee_fl160um_fc12_cg1p2um__rpg1p4um,4.6860923718,6.15572974559,5.265247003330231,246.28336462848563,5.931427421476935,7,chip_simple_dx8p182_dym1p818__Lj12p0nH_Cj2p0fF__roL8p5mm__tee_fl160um_fc12_cg1p2um__rpg1p4um,4.68525295522,6.09379748036,6.095650871637344,255.11644504269023,5.8822544461123405,3.208731634035591e-08,0.0008394165799998632,0.06193226523000028,0.8304038683071129,8.833080414204602,0.04917297536459486
SQuADDS_fqOnly,89,chip_simple_dxm3p636_dym9p091__Lj12p0nH_Cj2p0fF__roL8p5mm__tee_fl160um_fc12_cg1p2um__rpg1p4um,4.6860923718,6.15572974559,5.265247003330231,246.28336462848563,5.931427421476935,8,chip_simple_dxm3p636_dym3p636__Lj12p0nH_Cj2p0fF__roL8p5mm__tee_fl160um_fc12_cg1p2um__rpg1p4um,4.68717781389,5.97834346452,6.698308181764602,246.63062343353235,5.688222825454348,5.365270542260556e-08,0.001085442089999944,0.17738628107000043,1.4330611784343716,0.3472588050467209,0.24320459602258726
SQuADDS_fqOnly,89,chip_simple_dxm3p636_dym9p091__Lj12p0nH_Cj2p0fF__roL8p5mm__tee_fl160um_fc12_cg1p2um__rpg1p4um,4.6860923718,6.15572974559,5.265247003330231,246.28336462848563,5.931427421476935,9,chip_simple_dx5p455_dy0p909__Lj12p0nH_Cj2p0fF__roL8p5mm__tee_fl160um_fc12_cg1p2um__rpg1p4um,4.6845086068,5.95404649239,6.827135555116653,245.27673673400903,5.696349405850168,1.142246384518373e-07,0.0015837650000003478,0.20168325320000058,1.5618885517864225,1.006627894476594,0.2350780156267671
SQuADDS_fqOnly,89,chip_simple_dxm3p636_dym9p091__Lj12p0nH_Cj2p0fF__roL8p5mm__tee_fl160um_fc12_cg1p2um__rpg1p4um,4.6860923718,6.15572974559,5.265247003330231,246.28336462848563,5.931427421476935,10,chip_simple_dxm10p000_dy5p455__Lj12p0nH_Cj2p0fF__roL8p5mm__tee_fl160um_fc12_cg1p2um__rpg1p4um,4.68450586588,5.93930419909,6.332968150115967,233.56816593343532,5.606035397677945,1.1462034300416865e-07,0.0015865059199997589,0.2164255465,1.0677211467857362,12.715198695050304,0.32539202379899024
SQuADDS_fqOnly,90,chip_simple_dxm3p636_dym7p273__Lj12p0nH_Cj2p0fF__roL8p5mm__tee_fl160um_fc12_cg1p2um__rpg1p4um,4.70656141043,6.12250313634,6.093136621461868,255.126111021594,5.854507694338232,1,chip_simple_dxm1p818_dym0p909__Lj12p0nH_Cj2p0fF__roL8p5mm__tee_fl160um_fc12_cg1p2um__rpg1p4um,4.70639430606,5.99506656694,6.5980849503116605,243.31746149783123,5.745323603133637,1.260573449020342e-09,0.0001671043700000041,0.12743656939999948,0.5049483288497925,11.808649523762767,0.10918409120459494
SQuADDS_fqOnly,90,chip_simple_dxm3p636_dym7p273__Lj12p0nH_Cj2p0fF__roL8p5mm__tee_fl160um_fc12_cg1p2um__rpg1p4um,4.70656141043,6.12250313634,6.093136621461868,255.126111021594,5.854507694338232,2,chip_simple_dxm5p455_dy6p364__Lj12p0nH_Cj2p0fF__roL8p5mm__tee_fl160um_fc12_cg1p2um__rpg1p4um,4.7062138106,6.06522709251,6.311736516672134,250.0218379600024,5.815405762039038,5.454458621001837e-09,0.0003475998299995453,0.057276043829999956,0.21859989521026613,5.104273061591613,0.0391019322991939
SQuADDS_fqOnly,90,chip_simple_dxm3p636_dym7p273__Lj12p0nH_Cj2p0fF__roL8p5mm__tee_fl160um_fc12_cg1p2um__rpg1p4um,4.70656141043,6.12250313634,6.093136621461868,255.126111021594,5.854507694338232,3,chip_simple_dxm1p818_dy9p091__Lj12p0nH_Cj2p0fF__roL8p5mm__tee_fl160um_fc12_cg1p2um__rpg1p4um,4.70620268841,6.09896881824,6.45488197671318,258.7726640480461,5.871112110850504,5.809096802909311e-09,0.0003587220199996466,0.023534318099999396,0.3617453552513119,3.646553026452125,0.016604416512271847
SQuADDS_fqOnly,90,chip_simple_dxm3p636_dym7p273__Lj12p0nH_Cj2p0fF__roL8p5mm__tee_fl160um_fc12_cg1p2um__rpg1p4um,4.70656141043,6.12250313634,6.093136621461868,255.126111021594,5.854507694338232,4,chip_simple_dx4p545_dym5p455__Lj12p0nH_Cj2p0fF__roL8p5mm__tee_fl160um_fc12_cg1p2um__rpg1p4um,4.70617489989,5.89616472893,7.011028146039963,233.1801251320865,5.601828529906815,6.743963694000755e-09,0.0003865105400002733,0.2263384074100001,0.9178915245780948,21.94598588950751,0.25267916443141747
SQuADDS_fqOnly,90,chip_simple_dxm3p636_dym7p273__Lj12p0nH_Cj2p0fF__roL8p5mm__tee_fl160um_fc12_cg1p2um__rpg1p4um,4.70656141043,6.12250313634,6.093136621461868,255.126111021594,5.854507694338232,5,chip_simple_dxm0p909_dy7p273__Lj12p0nH_Cj2p0fF__roL8p5mm__tee_fl160um_fc12_cg1p2um__rpg1p4um,4.70613110667,5.99730794943,5.718138606563568,226.7890078045864,5.726349608257517,8.358778608507539e-09,0.0004303037599999726,0.1251951869100001,0.3749980148983001,28.33710321700761,0.128158086080715
SQuADDS_fqOnly,90,chip_simple_dxm3p636_dym7p273__Lj12p0nH_Cj2p0fF__roL8p5mm__tee_fl160um_fc12_cg1p2um__rpg1p4um,4.70656141043,6.12250313634,6.093136621461868,255.126111021594,5.854507694338232,6,chip_simple_dxm10p000_dy0p909__Lj12p0nH_Cj2p0fF__roL8p5mm__tee_fl160um_fc12_cg1p2um__rpg1p4um,4.70703508171,6.1027913224,6.054301022790908,250.9771558944962,5.873941688086905,1.012853531714299e-08,0.0004736712799999765,0.019711813939999878,0.03883559867095965,4.148955127097793,0.01943399374867294
SQuADDS_fqOnly,90,chip_simple_dxm3p636_dym7p273__Lj12p0nH_Cj2p0fF__roL8p5mm__tee_fl160um_fc12_cg1p2um__rpg1p4um,4.70656141043,6.12250313634,6.093136621461868,255.126111021594,5.854507694338232,7,chip_simple_dxm6p364_dy3p636__Lj12p0nH_Cj2p0fF__roL8p5mm__tee_fl160um_fc12_cg1p2um__rpg1p4um,4.70606182979,6.1671545843,5.89281384662056,258.3575285965225,5.954585492025992,1.1266881865970835e-08,0.0004995806399996638,0.044651447960000645,0.20032277484130834,3.231417574928514,0.10007779768776004
SQuADDS_fqOnly,90,chip_simple_dxm3p636_dym7p273__Lj12p0nH_Cj2p0fF__roL8p5mm__tee_fl160um_fc12_cg1p2um__rpg1p4um,4.70656141043,6.12250313634,6.093136621461868,255.126111021594,5.854507694338232,8,chip_simple_dx0p000_dy3p636__Lj12p0nH_Cj2p0fF__roL8p5mm__tee_fl160um_fc12_cg1p2um__rpg1p4um,4.70597831203,5.97410979195,6.13302826451683,230.9917126460824,5.688203723513988,1.5348864075658307e-08,0.0005830983999999262,0.14839334438999963,0.03989164305496207,24.13439837551161,0.1663039708242442
SQuADDS_fqOnly,90,chip_simple_dxm3p636_dym7p273__Lj12p0nH_Cj2p0fF__roL8p5mm__tee_fl160um_fc12_cg1p2um__rpg1p4um,4.70656141043,6.12250313634,6.093136621461868,255.126111021594,5.854507694338232,9,chip_simple_dx3p636_dy6p364__Lj12p0nH_Cj2p0fF__roL8p5mm__tee_fl160um_fc12_cg1p2um__rpg1p4um,4.70747191391,6.07732489971,6.088856940464019,247.2841235563809,5.838361767601531,3.742447879826659e-08,0.0009105034800001022,0.04517823662999998,0.0042796809978487005,7.841987465213094,0.016145926736701455
SQuADDS_fqOnly,90,chip_simple_dxm3p636_dym7p273__Lj12p0nH_Cj2p0fF__roL8p5mm__tee_fl160um_fc12_cg1p2um__rpg1p4um,4.70656141043,6.12250313634,6.093136621461868,255.126111021594,5.854507694338232,10,chip_simple_dx0p000_dym0p909__Lj12p0nH_Cj2p0fF__roL8p5mm__tee_fl160um_fc12_cg1p2um__rpg1p4um,4.70544472234,6.05296552521,6.243624574357987,246.6853389858112,5.843999870541234,5.629324823932552e-08,0.0011166880899997622,0.06953761112999945,0.1504879528961185,8.4407720357828,0.010507823796998217
SQuADDS_fqOnly,91,chip_simple_dxm3p636_dy1p818__Lj12p0nH_Cj2p0fF__roL8p5mm__tee_fl160um_fc12_cg1p2um__rpg1p4um,4.65948056766,6.03083989622,6.176426648702622,251.6809113919346,5.759649809678368,1,chip_simple_dx2p727_dy10p000__Lj12p0nH_Cj2p0fF__roL8p5mm__tee_fl160um_fc12_cg1p2um__rpg1p4um,4.65896495843,6.23455703196,5.910671091032028,280.3326352659665,6.066617974357407,1.2245213356975038e-08,0.000515609229999825,0.20371713573999983,0.26575555767059367,28.651723874031887,0.30696816467903876
SQuADDS_fqOnly,91,chip_simple_dxm3p636_dy1p818__Lj12p0nH_Cj2p0fF__roL8p5mm__tee_fl160um_fc12_cg1p2um__rpg1p4um,4.65948056766,6.03083989622,6.176426648702622,251.6809113919346,5.759649809678368,2,chip_simple_dxm9p091_dym6p364__Lj12p0nH_Cj2p0fF__roL8p5mm__tee_fl160um_fc12_cg1p2um__rpg1p4um,4.66020332147,6.12956510902,5.931523023582458,263.0344249512455,5.964119118926944,2.4060562139259137e-08,0.0007227538099998654,0.0987252127999998,0.2449036251201635,11.353513559310926,0.20446930924857565
SQuADDS_fqOnly,91,chip_simple_dxm3p636_dy1p818__Lj12p0nH_Cj2p0fF__roL8p5mm__tee_fl160um_fc12_cg1p2um__rpg1p4um,4.65948056766,6.03083989622,6.176426648702622,251.6809113919346,5.759649809678368,3,chip_simple_dxm10p000_dym1p818__Lj12p0nH_Cj2p0fF__roL8p5mm__tee_fl160um_fc12_cg1p2um__rpg1p4um,4.65858122614,6.01234045492,6.319054457366943,251.70355065904783,5.749348826520186,3.725411735355636e-08,0.000899341520000263,0.018499441299999475,0.14262780866432134,0.022639267113248707,0.010300983158182397
SQuADDS_fqOnly,91,chip_simple_dxm3p636_dy1p818__Lj12p0nH_Cj2p0fF__roL8p5mm__tee_fl160um_fc12_cg1p2um__rpg1p4um,4.65948056766,6.03083989622,6.176426648702622,251.6809113919346,5.759649809678368,4,chip_simple_dx7p273_dym4p545__Lj12p0nH_Cj2p0fF__roL8p5mm__tee_fl160um_fc12_cg1p2um__rpg1p4um,4.66062735172,6.05659827963,6.401618414894104,260.52038403940827,5.824373347039268,6.057428349477159e-08,0.0011467840599994616,0.025758383410000363,0.2251917661914824,8.839472647473684,0.06472353736089964
SQuADDS_fqOnly,91,chip_simple_dxm3p636_dy1p818__Lj12p0nH_Cj2p0fF__roL8p5mm__tee_fl160um_fc12_cg1p2um__rpg1p4um,4.65948056766,6.03083989622,6.176426648702622,251.6809113919346,5.759649809678368,5,chip_simple_dx10p000_dy7p273__Lj12p0nH_Cj2p0fF__roL8p5mm__tee_fl160um_fc12_cg1p2um__rpg1p4um,4.66101955519,6.03694119202,6.148507254526138,251.85392058988865,5.756378365268905,1.090925747919285e-07,0.0015389875300000355,0.00610129579999974,0.02791939417648326,0.1730091979540589,0.0032714444094636974
SQuADDS_fqOnly,91,chip_simple_dxm3p636_dy1p818__Lj12p0nH_Cj2p0fF__roL8p5mm__tee_fl160um_fc12_cg1p2um__rpg1p4um,4.65948056766,6.03083989622,6.176426648702622,251.6809113919346,5.759649809678368,6,chip_simple_dx7p273_dym3p636__Lj12p0nH_Cj2p0fF__roL8p5mm__tee_fl160um_fc12_cg1p2um__rpg1p4um,4.65586186884,6.04211101025,6.308590197654723,257.18686837855205,5.818673028469142,6.031562992857851e-07,0.003618698820000432,0.011271114030000362,0.1321635489521018,5.505956986617463,0.05902321879077377
SQuADDS_fqOnly,91,chip_simple_dxm3p636_dy1p818__Lj12p0nH_Cj2p0fF__roL8p5mm__tee_fl160um_fc12_cg1p2um__rpg1p4um,4.65948056766,6.03083989622,6.176426648702622,251.6809113919346,5.759649809678368,7,chip_simple_dx0p909_dy3p636__Lj12p0nH_Cj2p0fF__roL8p5mm__tee_fl160um_fc12_cg1p2um__rpg1p4um,4.6631226493,6.11903436188,5.896621238670349,259.81911482762723,5.882535903816615,6.109762710010412e-07,0.0036420816399997946,0.08819446566,0.27980541003227266,8.138203435692645,0.1228860941382468
SQuADDS_fqOnly,91,chip_simple_dxm3p636_dy1p818__Lj12p0nH_Cj2p0fF__roL8p5mm__tee_fl160um_fc12_cg1p2um__rpg1p4um,4.65948056766,6.03083989622,6.176426648702622,251.6809113919346,5.759649809678368,8,chip_simple_dxm5p455_dy0p000__Lj12p0nH_Cj2p0fF__roL8p5mm__tee_fl160um_fc12_cg1p2um__rpg1p4um,4.65565922761,5.90826363148,7.568158031253814,256.87142805930426,5.620050825837231,6.725992246447206e-07,0.0038213400500000105,0.12257626474000016,1.3917313825511926,5.190516667369678,0.13959898384113778
SQuADDS_fqOnly,91,chip_simple_dxm3p636_dy1p818__Lj12p0nH_Cj2p0fF__roL8p5mm__tee_fl160um_fc12_cg1p2um__rpg1p4um,4.65948056766,6.03083989622,6.176426648702622,251.6809113919346,5.759649809678368,9,chip_simple_dxm2p000_dym2p000__Lj12p0nH_Cj2p0fF__roL8p5mm__tee_fl160um_fc12_cg1p2um__rpg1p4um,4.66357232032,6.17425760616,5.776347432731628,266.16679365567177,5.948772404826305,7.711586548826739e-07,0.004091752659999948,0.14341770994000047,0.40007921597099383,14.485882263737182,0.1891225951479365
SQuADDS_fqOnly,91,chip_simple_dxm3p636_dy1p818__Lj12p0nH_Cj2p0fF__roL8p5mm__tee_fl160um_fc12_cg1p2um__rpg1p4um,4.65948056766,6.03083989622,6.176426648702622,251.6809113919346,5.759649809678368,10,chip_simple_dxm3p636_dym0p909__Lj12p0nH_Cj2p0fF__roL8p5mm__tee_fl160um_fc12_cg1p2um__rpg1p4um,4.65506711635,6.11685204232,5.844073087778091,260.04582883155393,5.873141705336975,8.971843094861664e-07,0.004413451310000482,0.08601214609999985,0.3323535609245303,8.364917439619347,0.11349189565860662
SQuADDS_fqOnly,92,chip_simple_dxm3p636_dy10p000__Lj12p0nH_Cj2p0fF__roL8p5mm__tee_fl160um_fc12_cg1p2um__rpg1p4um,4.73815107358,6.05231853835,6.033662920442581,235.33044959964005,5.811514966384675,1,chip_simple_dxm0p909_dy6p364__Lj12p0nH_Cj2p0fF__roL8p5mm__tee_fl160um_fc12_cg1p2um__rpg1p4um,4.73809447586,6.07066105208,5.877909127601623,235.23156094873443,5.87197127716639,1.4268557339777122e-10,5.659772000043972e-05,0.018342513730000398,0.15575379284095803,0.09888865090562149,0.06045631078171443
SQuADDS_fqOnly,92,chip_simple_dxm3p636_dy10p000__Lj12p0nH_Cj2p0fF__roL8p5mm__tee_fl160um_fc12_cg1p2um__rpg1p4um,4.73815107358,6.05231853835,6.033662920442581,235.33044959964005,5.811514966384675,2,chip_simple_dxm2p727_dy0p909__Lj12p0nH_Cj2p0fF__roL8p5mm__tee_fl160um_fc12_cg1p2um__rpg1p4um,4.73845369417,6.16039546172,5.41090745403862,239.617009903282,5.951034616643697,4.079238891657599e-09,0.00030262059000030206,0.10807692337000052,0.6227554664039614,4.286560303641949,0.1395196502590217
SQuADDS_fqOnly,92,chip_simple_dxm3p636_dy10p000__Lj12p0nH_Cj2p0fF__roL8p5mm__tee_fl160um_fc12_cg1p2um__rpg1p4um,4.73815107358,6.05231853835,6.033662920442581,235.33044959964005,5.811514966384675,3,chip_simple_dx7p273_dym8p182__Lj12p0nH_Cj2p0fF__roL8p5mm__tee_fl160um_fc12_cg1p2um__rpg1p4um,4.73860663357,6.13667098278,5.410198969038009,235.95734473947155,5.923419674600598,9.244285329933213e-09,0.00045555998999979863,0.08435244443000034,0.6234639514045721,0.6268951398315039,0.11190470821592235
SQuADDS_fqOnly,92,chip_simple_dxm3p636_dy10p000__Lj12p0nH_Cj2p0fF__roL8p5mm__tee_fl160um_fc12_cg1p2um__rpg1p4um,4.73815107358,6.05231853835,6.033662920442581,235.33044959964005,5.811514966384675,4,chip_simple_dx0p000_dy1p818__Lj12p0nH_Cj2p0fF__roL8p5mm__tee_fl160um_fc12_cg1p2um__rpg1p4um,4.73893431681,6.15716579206,5.395158588809967,238.6641224689724,5.982980691110814,2.7325963991325543e-08,0.000783243229999897,0.10484725371000003,0.638504331632614,3.3336728693323607,0.17146572472613908
SQuADDS_fqOnly,92,chip_simple_dxm3p636_dy10p000__Lj12p0nH_Cj2p0fF__roL8p5mm__tee_fl160um_fc12_cg1p2um__rpg1p4um,4.73815107358,6.05231853835,6.033662920442581,235.33044959964005,5.811514966384675,5,chip_simple_dxm3p636_dy8p182__Lj12p0nH_Cj2p0fF__roL8p5mm__tee_fl160um_fc12_cg1p2um__rpg1p4um,4.73729832468,6.03809876203,5.615429738752365,224.8091277096963,5.742262433762976,3.239101282039186e-08,0.0008527488999998667,0.014219776320000044,0.4182331816902165,10.52132188994375,0.06925253262169928
SQuADDS_fqOnly,92,chip_simple_dxm3p636_dy10p000__Lj12p0nH_Cj2p0fF__roL8p5mm__tee_fl160um_fc12_cg1p2um__rpg1p4um,4.73815107358,6.05231853835,6.033662920442581,235.33044959964005,5.811514966384675,6,chip_simple_dxm2p727_dy8p182__Lj12p0nH_Cj2p0fF__roL8p5mm__tee_fl160um_fc12_cg1p2um__rpg1p4um,4.73942012359,6.13041907966,5.303923094404221,232.28429467525183,5.936110371118198,7.173641447176013e-08,0.0012690500100003277,0.07810054131000044,0.7297398260383607,3.046154924388219,0.12459540473352249
SQuADDS_fqOnly,92,chip_simple_dxm3p636_dy10p000__Lj12p0nH_Cj2p0fF__roL8p5mm__tee_fl160um_fc12_cg1p2um__rpg1p4um,4.73815107358,6.05231853835,6.033662920442581,235.33044959964005,5.811514966384675,7,chip_simple_dxm8p182_dy7p273__Lj12p0nH_Cj2p0fF__roL8p5mm__tee_fl160um_fc12_cg1p2um__rpg1p4um,4.73980994773,6.11492139787,5.370422379964828,231.42365600136029,5.863101959116468,1.2257702357231036e-07,0.0016588741500003223,0.06260285952000011,0.6632405404777533,3.906793598279762,0.051586992731793124
SQuADDS_fqOnly,92,chip_simple_dxm3p636_dy10p000__Lj12p0nH_Cj2p0fF__roL8p5mm__tee_fl160um_fc12_cg1p2um__rpg1p4um,4.73815107358,6.05231853835,6.033662920442581,235.33044959964005,5.811514966384675,8,chip_simple_dxm5p455_dy8p182__Lj12p0nH_Cj2p0fF__roL8p5mm__tee_fl160um_fc12_cg1p2um__rpg1p4um,4.73624038147,6.10517374819,5.883827769510269,241.3915804124541,5.9183738212690695,1.6261612677402237e-07,0.0019106921100000562,0.05285520984000058,0.14983515093231237,6.061130812814042,0.10685885488439428
SQuADDS_fqOnly,92,chip_simple_dxm3p636_dy10p000__Lj12p0nH_Cj2p0fF__roL8p5mm__tee_fl160um_fc12_cg1p2um__rpg1p4um,4.73815107358,6.05231853835,6.033662920442581,235.33044959964005,5.811514966384675,9,chip_simple_dx3p636_dym4p545__Lj12p0nH_Cj2p0fF__roL8p5mm__tee_fl160um_fc12_cg1p2um__rpg1p4um,4.73608663371,6.03725752393,5.823189326255798,229.1116188550764,5.733624292767639,1.8983953789409367e-07,0.0020644398699998234,0.01506101441999963,0.21047359418678369,6.218830744563661,0.07789067361703594
SQuADDS_fqOnly,92,chip_simple_dxm3p636_dy10p000__Lj12p0nH_Cj2p0fF__roL8p5mm__tee_fl160um_fc12_cg1p2um__rpg1p4um,4.73815107358,6.05231853835,6.033662920442581,235.33044959964005,5.811514966384675,10,chip_simple_dxm1p818_dy5p455__Lj12p0nH_Cj2p0fF__roL8p5mm__tee_fl160um_fc12_cg1p2um__rpg1p4um,4.73603070326,6.09721269024,5.885714801893234,240.218625475818,5.910505601584163,2.0026526301430332e-07,0.00212037032000012,0.044894151890000344,0.14794811854934764,4.8881758761779395,0.09899063519948736
SQuADDS_fqOnly,93,chip_simple_dxm2p727_dym8p182__Lj12p0nH_Cj2p0fF__roL8p5mm__tee_fl160um_fc12_cg1p2um__rpg1p4um,4.75792911556,6.08928538059,5.430974245897293,224.8860487804459,5.836762695096986,1,chip_simple_dx9p091_dy5p455__Lj12p0nH_Cj2p0fF__roL8p5mm__tee_fl160um_fc12_cg1p2um__rpg1p4um,4.7579347478,6.14116345285,5.347422351387023,231.2241237006332,5.920297827562249,1.4012846678273416e-12,5.632240000608135e-06,0.051878072260000074,0.08355189451026934,6.338074920187324,0.08353513246526223
SQuADDS_fqOnly,93,chip_simple_dxm2p727_dym8p182__Lj12p0nH_Cj2p0fF__roL8p5mm__tee_fl160um_fc12_cg1p2um__rpg1p4um,4.75792911556,6.08928538059,5.430974245897293,224.8860487804459,5.836762695096986,2,chip_simple_dxm1p818_dym4p545__Lj12p0nH_Cj2p0fF__roL8p5mm__tee_fl160um_fc12_cg1p2um__rpg1p4um,4.7578510672,6.15914042544,5.390935790428161,235.0013169384904,5.933580595314555,2.690863256967171e-10,7.804835999980497e-05,0.0698550448500006,0.04003845546913176,10.1152681580445,0.09681790021756864
SQuADDS_fqOnly,93,chip_simple_dxm2p727_dym8p182__Lj12p0nH_Cj2p0fF__roL8p5mm__tee_fl160um_fc12_cg1p2um__rpg1p4um,4.75792911556,6.08928538059,5.430974245897293,224.8860487804459,5.836762695096986,3,chip_simple_dxm0p909_dym7p273__Lj12p0nH_Cj2p0fF__roL8p5mm__tee_fl160um_fc12_cg1p2um__rpg1p4um,4.75815924126,6.1503762955,5.517979939285278,236.3512702128378,5.986477532708683,2.3393451882379887e-09,0.00023012569999991683,0.061090914910000294,0.0870056933879857,11.4652214323919,0.1497148376116968
SQuADDS_fqOnly,93,chip_simple_dxm2p727_dym8p182__Lj12p0nH_Cj2p0fF__roL8p5mm__tee_fl160um_fc12_cg1p2um__rpg1p4um,4.75792911556,6.08928538059,5.430974245897293,224.8860487804459,5.836762695096986,4,chip_simple_dx0p000_dym8p182__Lj12p0nH_Cj2p0fF__roL8p5mm__tee_fl160um_fc12_cg1p2um__rpg1p4um,4.75699175292,6.13442162476,5.358933925123215,230.6041003651568,5.926697467393431,3.881319060602418e-08,0.0009373626399993285,0.04513624417000006,0.07204032077407785,5.718051584710906,0.08993477229644498
SQuADDS_fqOnly,93,chip_simple_dxm2p727_dym8p182__Lj12p0nH_Cj2p0fF__roL8p5mm__tee_fl160um_fc12_cg1p2um__rpg1p4um,4.75792911556,6.08928538059,5.430974245897293,224.8860487804459,5.836762695096986,5,chip_simple_dxm7p273_dy5p455__Lj12p0nH_Cj2p0fF__roL8p5mm__tee_fl160um_fc12_cg1p2um__rpg1p4um,4.75652798608,6.12426292642,5.515357702396392,232.49421244469767,5.917856707186027,8.672026703014177e-08,0.0014011294799995966,0.034977545830000345,0.08438345649909884,7.6081636642517765,0.08109401208904021
SQuADDS_fqOnly,93,chip_simple_dxm2p727_dym8p182__Lj12p0nH_Cj2p0fF__roL8p5mm__tee_fl160um_fc12_cg1p2um__rpg1p4um,4.75792911556,6.08928538059,5.430974245897293,224.8860487804459,5.836762695096986,6,chip_simple_dxm0p909_dy10p000__Lj12p0nH_Cj2p0fF__roL8p5mm__tee_fl160um_fc12_cg1p2um__rpg1p4um,4.7596073888,6.17130833515,5.436190106533051,237.52990155709296,5.985712615463627,1.2441977296500284e-07,0.0016782732400004718,0.0820229545600002,0.005215860635757963,12.643852776647066,0.14894992036664068
SQuADDS_fqOnly,93,chip_simple_dxm2p727_dym8p182__Lj12p0nH_Cj2p0fF__roL8p5mm__tee_fl160um_fc12_cg1p2um__rpg1p4um,4.75792911556,6.08928538059,5.430974245897293,224.8860487804459,5.836762695096986,7,chip_simple_dx6p364_dy5p455__Lj12p0nH_Cj2p0fF__roL8p5mm__tee_fl160um_fc12_cg1p2um__rpg1p4um,4.75961106113,6.17987418055,5.471624193309784,239.6637891813426,5.978039249428953,1.2496486937780706e-07,0.0016819455700005648,0.09058879995999991,0.04064994741249084,14.777740400896704,0.1412765543319665
SQuADDS_fqOnly,93,chip_simple_dxm2p727_dym8p182__Lj12p0nH_Cj2p0fF__roL8p5mm__tee_fl160um_fc12_cg1p2um__rpg1p4um,4.75792911556,6.08928538059,5.430974245897293,224.8860487804459,5.836762695096986,8,chip_simple_dx10p000_dym0p909__Lj12p0nH_Cj2p0fF__roL8p5mm__tee_fl160um_fc12_cg1p2um__rpg1p4um,4.75606154742,6.16778888448,5.306044165422439,234.7878664070657,5.968817326650227,1.5406960805094452e-07,0.0018675681399997757,0.07850350389000038,0.12493008047485343,9.901817626619817,0.13205463155324093
SQuADDS_fqOnly,93,chip_simple_dxm2p727_dym8p182__Lj12p0nH_Cj2p0fF__roL8p5mm__tee_fl160um_fc12_cg1p2um__rpg1p4um,4.75792911556,6.08928538059,5.430974245897293,224.8860487804459,5.836762695096986,9,chip_simple_dxm5p455_dym1p818__Lj12p0nH_Cj2p0fF__roL8p5mm__tee_fl160um_fc12_cg1p2um__rpg1p4um,4.75999782134,6.06096972586,6.083840508966445,233.18069262989704,5.818607968498037,1.8904340045146113e-07,0.0020687057800001796,0.028315654730000084,0.6528662630691526,8.294643849451148,0.01815472659894901
SQuADDS_fqOnly,93,chip_simple_dxm2p727_dym8p182__Lj12p0nH_Cj2p0fF__roL8p5mm__tee_fl160um_fc12_cg1p2um__rpg1p4um,4.75792911556,6.08928538059,5.430974245897293,224.8860487804459,5.836762695096986,10,chip_simple_dxm10p000_dy7p273__Lj12p0nH_Cj2p0fF__roL8p5mm__tee_fl160um_fc12_cg1p2um__rpg1p4um,4.75999951361,6.22178916275,5.0841642122612,237.2013025682522,6.078326997296887,1.8935281450927168e-07,0.0020703980500007546,0.13250378216000058,0.34681003363609264,12.315253787806313,0.241564302199901
SQuADDS_fqOnly,94,chip_simple_dxm2p727_dym5p455__Lj12p0nH_Cj2p0fF__roL8p5mm__tee_fl160um_fc12_cg1p2um__rpg1p4um,4.76150653148,6.0438906881,5.615447397510528,220.81109276355625,5.795859860949257,1,fig5_cg4p5um_rpg2p0um__Lj12p0nH_Cj0p0fF__roL8p5mm__tee_fl160um_fc12,4.76152326688,6.26061677056,4.183778731437683,220.21744270871204,6.0120493220772,1.235331242923405e-11,1.673540000002305e-05,0.21672608246000014,1.431668666072845,0.5936500548442041,0.2161894611279429
SQuADDS_fqOnly,94,chip_simple_dxm2p727_dym5p455__Lj12p0nH_Cj2p0fF__roL8p5mm__tee_fl160um_fc12_cg1p2um__rpg1p4um,4.76150653148,6.0438906881,5.615447397510528,220.81109276355625,5.795859860949257,2,chip_simple_dx0p909_dym7p273__Lj12p0nH_Cj2p0fF__roL8p5mm__tee_fl160um_fc12_cg1p2um__rpg1p4um,4.7614879753,6.08901350731,5.709311675077438,229.9700636116568,5.849530220387646,1.518757321337243e-11,1.8556180000572908e-05,0.0451228192099995,0.09386427756690985,9.158970848100552,0.053670359438388715
SQuADDS_fqOnly,94,chip_simple_dxm2p727_dym5p455__Lj12p0nH_Cj2p0fF__roL8p5mm__tee_fl160um_fc12_cg1p2um__rpg1p4um,4.76150653148,6.0438906881,5.615447397510528,220.81109276355625,5.795859860949257,3,chip_simple_dx9p091_dy0p000__Lj12p0nH_Cj2p0fF__roL8p5mm__tee_fl160um_fc12_cg1p2um__rpg1p4um,4.76124240378,5.85151588254,6.177502768482208,199.56867499694044,5.536085214131183,3.0770824294944782e-09,0.00026412770000039387,0.19237480556000008,0.56205537097168,21.2424177666158,0.25977464681807394
SQuADDS_fqOnly,94,chip_simple_dxm2p727_dym5p455__Lj12p0nH_Cj2p0fF__roL8p5mm__tee_fl160um_fc12_cg1p2um__rpg1p4um,4.76150653148,6.0438906881,5.615447397510528,220.81109276355625,5.795859860949257,4,chip_simple_dxm2p727_dym3p636__Lj12p0nH_Cj2p0fF__roL8p5mm__tee_fl160um_fc12_cg1p2um__rpg1p4um,4.76214497172,6.03479088527,5.587802219089507,218.7280150264405,5.793013457094686,1.7978428844584693e-08,0.0006384402399994826,0.00909980283000067,0.027645178421020766,2.083077737115758,0.0028464038545710224
SQuADDS_fqOnly,94,chip_simple_dxm2p727_dym5p455__Lj12p0nH_Cj2p0fF__roL8p5mm__tee_fl160um_fc12_cg1p2um__rpg1p4um,4.76150653148,6.0438906881,5.615447397510528,220.81109276355625,5.795859860949257,5,chip_simple_dxm10p000_dy0p000__Lj12p0nH_Cj2p0fF__roL8p5mm__tee_fl160um_fc12_cg1p2um__rpg1p4um,4.76222104131,6.18688945934,5.1325110863227845,232.6398550827633,5.950376985358044,2.25178876168962e-08,0.0007145098299998764,0.14299877123999938,0.4829363111877436,11.828762319207044,0.1545171244087875
SQuADDS_fqOnly,94,chip_simple_dxm2p727_dym5p455__Lj12p0nH_Cj2p0fF__roL8p5mm__tee_fl160um_fc12_cg1p2um__rpg1p4um,4.76150653148,6.0438906881,5.615447397510528,220.81109276355625,5.795859860949257,6,chip_simple_dxm9p091_dym9p091__Lj12p0nH_Cj2p0fF__roL8p5mm__tee_fl160um_fc12_cg1p2um__rpg1p4um,4.76222853406,6.13587369233,4.9540459911632535,220.8099167398637,5.916366501043142,2.2992634208838897e-08,0.0007220025799998808,0.09198300422999939,0.6614014063472746,0.001176023692551098,0.12050664009388523
SQuADDS_fqOnly,94,chip_simple_dxm2p727_dym5p455__Lj12p0nH_Cj2p0fF__roL8p5mm__tee_fl160um_fc12_cg1p2um__rpg1p4um,4.76150653148,6.0438906881,5.615447397510528,220.81109276355625,5.795859860949257,7,chip_simple_dxm5p455_dym9p091__Lj12p0nH_Cj2p0fF__roL8p5mm__tee_fl160um_fc12_cg1p2um__rpg1p4um,4.76071606991,6.19247843515,5.276129411603927,237.048860050158,6.024670026728766,2.7559590005341517e-08,0.0007904615700002893,0.14858774704999966,0.3393179859066011,16.237767286601752,0.2288101657795094
SQuADDS_fqOnly,94,chip_simple_dxm2p727_dym5p455__Lj12p0nH_Cj2p0fF__roL8p5mm__tee_fl160um_fc12_cg1p2um__rpg1p4um,4.76150653148,6.0438906881,5.615447397510528,220.81109276355625,5.795859860949257,8,fig5_cg1p5um_rpg1p0um__Lj12p0nH_Cj0p0fF__roL8p5mm__tee_fl160um_fc12,4.7605818776,6.21817087681,5.831666317903518,253.65164600383045,6.132701943451215,3.7711136762466173e-08,0.0009246538800002924,0.17428018871000006,0.21621892039298984,32.840553240274204,0.336842082501958
SQuADDS_fqOnly,94,chip_simple_dxm2p727_dym5p455__Lj12p0nH_Cj2p0fF__roL8p5mm__tee_fl160um_fc12_cg1p2um__rpg1p4um,4.76150653148,6.0438906881,5.615447397510528,220.81109276355625,5.795859860949257,9,chip_simple_dxm0p909_dy8p182__Lj12p0nH_Cj2p0fF__roL8p5mm__tee_fl160um_fc12_cg1p2um__rpg1p4um,4.76253327326,6.09281262101,5.302599734979629,221.8855650743731,5.804085218059851,4.6497938681571325e-08,0.0010267417799996181,0.04892193290999991,0.31284766253089913,1.0744723108168444,0.008225357110593912
SQuADDS_fqOnly,94,chip_simple_dxm2p727_dym5p455__Lj12p0nH_Cj2p0fF__roL8p5mm__tee_fl160um_fc12_cg1p2um__rpg1p4um,4.76150653148,6.0438906881,5.615447397510528,220.81109276355625,5.795859860949257,10,chip_simple_dx5p455_dy10p000__Lj12p0nH_Cj2p0fF__roL8p5mm__tee_fl160um_fc12_cg1p2um__rpg1p4um,4.76274116066,6.11721103757,5.712053706623077,234.31572975750703,5.908680685836695,6.723328100569398e-08,0.0012346291799998355,0.07332034946999944,0.0966063091125493,13.504636993950783,0.1128208248874385
SQuADDS_fqOnly,95,chip_simple_dxm2p727_dy5p455__Lj12p0nH_Cj2p0fF__roL8p5mm__tee_fl160um_fc12_cg1p2um__rpg1p4um,4.69743144278,5.95177627861,6.58547302658081,237.55915169859625,5.688443329457153,1,chip_simple_dx8p182_dy8p182__Lj12p0nH_Cj2p0fF__roL8p5mm__tee_fl160um_fc12_cg1p2um__rpg1p4um,4.69745140842,6.12940857106,6.00176041119194,256.33160974703685,5.915191680844501,1.8065316357192576e-11,1.99656399999526e-05,0.17763229245000023,0.5837126153888699,18.772458048440598,0.22674835138734828
SQuADDS_fqOnly,95,chip_simple_dxm2p727_dy5p455__Lj12p0nH_Cj2p0fF__roL8p5mm__tee_fl160um_fc12_cg1p2um__rpg1p4um,4.69743144278,5.95177627861,6.58547302658081,237.55915169859625,5.688443329457153,2,chip_simple_dxm7p273_dy7p273__Lj12p0nH_Cj2p0fF__roL8p5mm__tee_fl160um_fc12_cg1p2um__rpg1p4um,4.69770669043,6.09161802121,5.5645804030818935,240.523075125168,5.8060088329952375,3.4334153038144397e-09,0.0002752476500003098,0.1398417426000007,1.0208926234989164,2.963923426571739,0.11756550353808493
SQuADDS_fqOnly,95,chip_simple_dxm2p727_dy5p455__Lj12p0nH_Cj2p0fF__roL8p5mm__tee_fl160um_fc12_cg1p2um__rpg1p4um,4.69743144278,5.95177627861,6.58547302658081,237.55915169859625,5.688443329457153,3,chip_simple_dxm4p545_dym9p091__Lj12p0nH_Cj2p0fF__roL8p5mm__tee_fl160um_fc12_cg1p2um__rpg1p4um,4.69773021733,5.95687180339,6.086008621444702,228.9567271397228,5.6533002689778415,4.045444999248343e-09,0.00029877455000004716,0.005095524780000638,0.49946440513610835,8.602424558873452,0.03514306047931104
SQuADDS_fqOnly,95,chip_simple_dxm2p727_dy5p455__Lj12p0nH_Cj2p0fF__roL8p5mm__tee_fl160um_fc12_cg1p2um__rpg1p4um,4.69743144278,5.95177627861,6.58547302658081,237.55915169859625,5.688443329457153,4,chip_simple_dx8p182_dym9p091__Lj12p0nH_Cj2p0fF__roL8p5mm__tee_fl160um_fc12_cg1p2um__rpg1p4um,4.69794764375,5.92675568612,6.2352093673686975,226.629875520666,5.613791258445734,1.2075822802723669e-08,0.0005162009699999359,0.02502059248999977,0.35026365921211244,10.929276177930262,0.07465207101141846
SQuADDS_fqOnly,95,chip_simple_dxm2p727_dy5p455__Lj12p0nH_Cj2p0fF__roL8p5mm__tee_fl160um_fc12_cg1p2um__rpg1p4um,4.69743144278,5.95177627861,6.58547302658081,237.55915169859625,5.688443329457153,5,chip_simple_dxm8p182_dy8p182__Lj12p0nH_Cj2p0fF__roL8p5mm__tee_fl160um_fc12_cg1p2um__rpg1p4um,4.69817066512,6.00885580001,6.295239226005554,241.8291948786944,5.700576278405732,2.4764482982909583e-08,0.000739222340000012,0.05707952140000039,0.2902338005752556,4.270043180098156,0.012132948948579525
SQuADDS_fqOnly,95,chip_simple_dxm2p727_dy5p455__Lj12p0nH_Cj2p0fF__roL8p5mm__tee_fl160um_fc12_cg1p2um__rpg1p4um,4.69743144278,5.95177627861,6.58547302658081,237.55915169859625,5.688443329457153,6,chip_simple_dxm5p455_dy5p455__Lj12p0nH_Cj2p0fF__roL8p5mm__tee_fl160um_fc12_cg1p2um__rpg1p4um,4.69664345676,6.00251231895,6.402382590307235,243.11298591036652,5.78257654231619,2.813948366138884e-08,0.0007879860199997424,0.05073604034000034,0.18309043627357457,5.5538342117702655,0.09413321285903731
SQuADDS_fqOnly,95,chip_simple_dxm2p727_dy5p455__Lj12p0nH_Cj2p0fF__roL8p5mm__tee_fl160um_fc12_cg1p2um__rpg1p4um,4.69743144278,5.95177627861,6.58547302658081,237.55915169859625,5.688443329457153,7,chip_simple_dx9p091_dym0p909__Lj12p0nH_Cj2p0fF__roL8p5mm__tee_fl160um_fc12_cg1p2um__rpg1p4um,4.69833241253,5.9700084278,6.424561027713775,237.54943824235883,5.679426145956277,3.678743592899669e-08,0.0009009697499999803,0.018232149190000158,0.1609119988670349,0.009713456237420814,0.00901718350087588
SQuADDS_fqOnly,95,chip_simple_dxm2p727_dy5p455__Lj12p0nH_Cj2p0fF__roL8p5mm__tee_fl160um_fc12_cg1p2um__rpg1p4um,4.69743144278,5.95177627861,6.58547302658081,237.55915169859625,5.688443329457153,8,chip_simple_dxm10p000_dym2p727__Lj12p0nH_Cj2p0fF__roL8p5mm__tee_fl160um_fc12_cg1p2um__rpg1p4um,4.69648610827,6.09443998851,5.715832865936279,244.495662496188,5.876106178755235,4.049954311017982e-08,0.0009453345099998955,0.14266370989999988,0.869640160644531,6.936510797591751,0.18766284929808208
SQuADDS_fqOnly,95,chip_simple_dxm2p727_dy5p455__Lj12p0nH_Cj2p0fF__roL8p5mm__tee_fl160um_fc12_cg1p2um__rpg1p4um,4.69743144278,5.95177627861,6.58547302658081,237.55915169859625,5.688443329457153,9,chip_simple_dxm9p091_dym3p636__Lj12p0nH_Cj2p0fF__roL8p5mm__tee_fl160um_fc12_cg1p2um__rpg1p4um,4.69849918476,6.1890369169,5.88604940322876,263.4189569943742,6.029108285903374,5.166682034028101e-08,0.0010677419800000365,0.23726063829000044,0.6994236233520503,25.85980529577793,0.3406649564462212
SQuADDS_fqOnly,95,chip_simple_dxm2p727_dy5p455__Lj12p0nH_Cj2p0fF__roL8p5mm__tee_fl160um_fc12_cg1p2um__rpg1p4um,4.69743144278,5.95177627861,6.58547302658081,237.55915169859625,5.688443329457153,10,chip_simple_dxm0p909_dy0p000__Lj12p0nH_Cj2p0fF__roL8p5mm__tee_fl160um_fc12_cg1p2um__rpg1p4um,4.69626954521,6.14735410107,6.1351076983375545,262.49424737044404,5.930132502605975,6.118074849770306e-08,0.001161897570000292,0.19557782246000066,0.45036532824325537,24.93509567184779,0.24168917314882243
SQuADDS_fqOnly,96,chip_simple_dxm2p727_dy6p364__Lj12p0nH_Cj2p0fF__roL8p5mm__tee_fl160um_fc12_cg1p2um__rpg1p4um,4.65832113829,5.97027326234,6.963625674341201,256.8590426189228,5.683821567758439,1,chip_simple_dxm10p000_dym1p818__Lj12p0nH_Cj2p0fF__roL8p5mm__tee_fl160um_fc12_cg1p2um__rpg1p4um,4.65858122614,6.01234045492,6.319054457366943,251.70355065904783,5.749348826520186,3.117319235836046e-09,0.00026008785000009027,0.042067192580000246,0.6445712169742581,5.155491959874951,0.06552725876174659
SQuADDS_fqOnly,96,chip_simple_dxm2p727_dy6p364__Lj12p0nH_Cj2p0fF__roL8p5mm__tee_fl160um_fc12_cg1p2um__rpg1p4um,4.65832113829,5.97027326234,6.963625674341201,256.8590426189228,5.683821567758439,2,chip_simple_dx2p727_dy10p000__Lj12p0nH_Cj2p0fF__roL8p5mm__tee_fl160um_fc12_cg1p2um__rpg1p4um,4.65896495843,6.23455703196,5.910671091032028,280.3326352659665,6.066617974357407,1.9101622877322273e-08,0.0006438201400005283,0.26428376961999955,1.0529545833091731,23.473592647043688,0.38279640659896774
SQuADDS_fqOnly,96,chip_simple_dxm2p727_dy6p364__Lj12p0nH_Cj2p0fF__roL8p5mm__tee_fl160um_fc12_cg1p2um__rpg1p4um,4.65832113829,5.97027326234,6.963625674341201,256.8590426189228,5.683821567758439,3,chip_simple_dxm9p091_dym6p364__Lj12p0nH_Cj2p0fF__roL8p5mm__tee_fl160um_fc12_cg1p2um__rpg1p4um,4.66020332147,6.12956510902,5.931523023582458,263.0344249512455,5.964119118926944,1.6325441172539742e-07,0.0018821831800002187,0.15929184667999952,1.032102650758743,6.175382332322727,0.28029755116850463
SQuADDS_fqOnly,96,chip_simple_dxm2p727_dy6p364__Lj12p0nH_Cj2p0fF__roL8p5mm__tee_fl160um_fc12_cg1p2um__rpg1p4um,4.65832113829,5.97027326234,6.963625674341201,256.8590426189228,5.683821567758439,4,chip_simple_dx7p273_dym4p545__Lj12p0nH_Cj2p0fF__roL8p5mm__tee_fl160um_fc12_cg1p2um__rpg1p4um,4.66062735172,6.05659827963,6.401618414894104,260.52038403940827,5.824373347039268,2.450982125035552e-07,0.002306213429999815,0.08632501729000008,0.5620072594470971,3.661341420485485,0.14055177928082863
SQuADDS_fqOnly,96,chip_simple_dxm2p727_dy6p364__Lj12p0nH_Cj2p0fF__roL8p5mm__tee_fl160um_fc12_cg1p2um__rpg1p4um,4.65832113829,5.97027326234,6.963625674341201,256.8590426189228,5.683821567758439,5,chip_simple_dx7p273_dym3p636__Lj12p0nH_Cj2p0fF__roL8p5mm__tee_fl160um_fc12_cg1p2um__rpg1p4um,4.65586186884,6.04211101025,6.308590197654723,257.18686837855205,5.818673028469142,2.787105317539877e-07,0.002459269450000079,0.07183774791000008,0.6550354766864777,0.3278257596292633,0.13485146071070275
SQuADDS_fqOnly,96,chip_simple_dxm2p727_dy6p364__Lj12p0nH_Cj2p0fF__roL8p5mm__tee_fl160um_fc12_cg1p2um__rpg1p4um,4.65832113829,5.97027326234,6.963625674341201,256.8590426189228,5.683821567758439,6,chip_simple_dxm5p455_dy0p000__Lj12p0nH_Cj2p0fF__roL8p5mm__tee_fl160um_fc12_cg1p2um__rpg1p4um,4.65565922761,5.90826363148,7.568158031253814,256.87142805930426,5.620050825837231,3.265337738308358e-07,0.0026619106799996572,0.06200963086000044,0.6045323569126131,0.01238544038147893,0.0637707419212088
SQuADDS_fqOnly,96,chip_simple_dxm2p727_dy6p364__Lj12p0nH_Cj2p0fF__roL8p5mm__tee_fl160um_fc12_cg1p2um__rpg1p4um,4.65832113829,5.97027326234,6.963625674341201,256.8590426189228,5.683821567758439,7,chip_simple_dx10p000_dy7p273__Lj12p0nH_Cj2p0fF__roL8p5mm__tee_fl160um_fc12_cg1p2um__rpg1p4um,4.66101955519,6.03694119202,6.148507254526138,251.85392058988865,5.756378365268905,3.3555154785155654e-07,0.002698416900000389,0.06666792967999946,0.8151184198150627,5.0051220290341405,0.07255679751046529
SQuADDS_fqOnly,96,chip_simple_dxm2p727_dy6p364__Lj12p0nH_Cj2p0fF__roL8p5mm__tee_fl160um_fc12_cg1p2um__rpg1p4um,4.65832113829,5.97027326234,6.963625674341201,256.8590426189228,5.683821567758439,8,chip_simple_dxm3p636_dym0p909__Lj12p0nH_Cj2p0fF__roL8p5mm__tee_fl160um_fc12_cg1p2um__rpg1p4um,4.65506711635,6.11685204232,5.844073087778091,260.04582883155393,5.873141705336975,4.879576193704929e-07,0.003254021940000129,0.14657877997999957,1.1195525865631097,3.186786212631148,0.1893201375785356
SQuADDS_fqOnly,96,chip_simple_dxm2p727_dy6p364__Lj12p0nH_Cj2p0fF__roL8p5mm__tee_fl160um_fc12_cg1p2um__rpg1p4um,4.65832113829,5.97027326234,6.963625674341201,256.8590426189228,5.683821567758439,9,chip_simple_dx10p000_dym2p727__Lj12p0nH_Cj2p0fF__roL8p5mm__tee_fl160um_fc12_cg1p2um__rpg1p4um,4.65444657204,6.15198201158,6.55648122142601,282.16818861633897,5.938804420909544,6.918107919211616e-07,0.0038745662499994893,0.18170874924000024,0.4071444529151913,25.30914599741618,0.25498285315110447
SQuADDS_fqOnly,96,chip_simple_dxm2p727_dy6p364__Lj12p0nH_Cj2p0fF__roL8p5mm__tee_fl160um_fc12_cg1p2um__rpg1p4um,4.65832113829,5.97027326234,6.963625674341201,256.8590426189228,5.683821567758439,10,chip_simple_dx0p909_dy3p636__Lj12p0nH_Cj2p0fF__roL8p5mm__tee_fl160um_fc12_cg1p2um__rpg1p4um,4.6631226493,6.11903436188,5.896621238670349,259.81911482762723,5.882535903816615,1.0624218852095717e-06,0.004801511010000148,0.14876109953999972,1.0670044356708521,2.960072208704446,0.1987143360581758
SQuADDS_fqOnly,97,chip_simple_dxm1p818_dym3p636__Lj12p0nH_Cj2p0fF__roL8p5mm__tee_fl160um_fc12_cg1p2um__rpg1p4um,4.75565613885,6.15842245489,5.839258372745514,245.1008754910855,5.917462910914268,1,chip_simple_dx3p636_dy9p091__Lj12p0nH_Cj2p0fF__roL8p5mm__tee_fl160um_fc12_cg1p2um__rpg1p4um,4.75576570631,6.07168713414,5.601566335306168,226.12949018838373,5.825369051623113,5.308139131630052e-10,0.00010956746000001516,0.0867353207499999,0.23769203743934586,18.971385302701776,0.09209385929115488
SQuADDS_fqOnly,97,chip_simple_dxm1p818_dym3p636__Lj12p0nH_Cj2p0fF__roL8p5mm__tee_fl160um_fc12_cg1p2um__rpg1p4um,4.75565613885,6.15842245489,5.839258372745514,245.1008754910855,5.917462910914268,2,chip_simple_dx10p000_dym0p909__Lj12p0nH_Cj2p0fF__roL8p5mm__tee_fl160um_fc12_cg1p2um__rpg1p4um,4.75606154742,6.16778888448,5.306044165422439,234.7878664070657,5.968817326650227,7.267163979965078e-09,0.0004054085699998211,0.009366429590000003,0.5332142073230743,10.313009084019797,0.051354415735959336
SQuADDS_fqOnly,97,chip_simple_dxm1p818_dym3p636__Lj12p0nH_Cj2p0fF__roL8p5mm__tee_fl160um_fc12_cg1p2um__rpg1p4um,4.75565613885,6.15842245489,5.839258372745514,245.1008754910855,5.917462910914268,3,chip_simple_dxm5p455_dy7p273__Lj12p0nH_Cj2p0fF__roL8p5mm__tee_fl160um_fc12_cg1p2um__rpg1p4um,4.7550557353,6.0689882308,5.697021401802063,227.79860249670247,5.765618099955324,1.593916669688094e-08,0.0006004035500000171,0.08943422409000057,0.14223697094345056,17.30227299438303,0.1518448109589441
SQuADDS_fqOnly,97,chip_simple_dxm1p818_dym3p636__Lj12p0nH_Cj2p0fF__roL8p5mm__tee_fl160um_fc12_cg1p2um__rpg1p4um,4.75565613885,6.15842245489,5.839258372745514,245.1008754910855,5.917462910914268,4,chip_simple_dx7p273_dym2p727__Lj12p0nH_Cj2p0fF__roL8p5mm__tee_fl160um_fc12_cg1p2um__rpg1p4um,4.75484668771,6.06921513477,5.718313435150146,228.27848180607165,5.844076080583877,2.897079332234603e-08,0.0008094511400003057,0.08920732011999988,0.12094493759536729,16.82239368501385,0.07338683033039128
SQuADDS_fqOnly,97,chip_simple_dxm1p818_dym3p636__Lj12p0nH_Cj2p0fF__roL8p5mm__tee_fl160um_fc12_cg1p2um__rpg1p4um,4.75565613885,6.15842245489,5.839258372745514,245.1008754910855,5.917462910914268,5,chip_simple_dxm7p273_dy5p455__Lj12p0nH_Cj2p0fF__roL8p5mm__tee_fl160um_fc12_cg1p2um__rpg1p4um,4.75652798608,6.12426292642,5.515357702396392,232.49421244469767,5.917856707186027,3.360933301793139e-08,0.0008718472300000002,0.03415952847000003,0.32390067034912207,12.606663046387837,0.0003937962717586174
SQuADDS_fqOnly,97,chip_simple_dxm1p818_dym3p636__Lj12p0nH_Cj2p0fF__roL8p5mm__tee_fl160um_fc12_cg1p2um__rpg1p4um,4.75565613885,6.15842245489,5.839258372745514,245.1008754910855,5.917462910914268,6,chip_simple_dx8p182_dym7p273__Lj12p0nH_Cj2p0fF__roL8p5mm__tee_fl160um_fc12_cg1p2um__rpg1p4um,4.75453402814,6.05826619394,5.752804228256226,227.26530590646345,5.792570418204838,5.567375639536256e-08,0.0011221107099999017,0.10015626095000041,0.0864541444892879,17.83556958462205,0.1248924927094297
SQuADDS_fqOnly,97,chip_simple_dxm1p818_dym3p636__Lj12p0nH_Cj2p0fF__roL8p5mm__tee_fl160um_fc12_cg1p2um__rpg1p4um,4.75565613885,6.15842245489,5.839258372745514,245.1008754910855,5.917462910914268,7,chip_simple_dx0p000_dym8p182__Lj12p0nH_Cj2p0fF__roL8p5mm__tee_fl160um_fc12_cg1p2um__rpg1p4um,4.75699175292,6.13442162476,5.358933925123215,230.6041003651568,5.926697467393431,7.887531028902889e-08,0.0013356140700002683,0.024000830130000317,0.48032444762229876,14.496775125928707,0.00923455647916338
SQuADDS_fqOnly,97,chip_simple_dxm1p818_dym3p636__Lj12p0nH_Cj2p0fF__roL8p5mm__tee_fl160um_fc12_cg1p2um__rpg1p4um,4.75565613885,6.15842245489,5.839258372745514,245.1008754910855,5.917462910914268,8,chip_simple_dx9p091_dym2p727__Lj12p0nH_Cj2p0fF__roL8p5mm__tee_fl160um_fc12_cg1p2um__rpg1p4um,4.75421160279,6.18453840176,5.473107182682037,241.5748597938345,5.95940112810006,9.22647660852999e-08,0.0014445360600001678,0.026115946870000073,0.3661511900634764,3.5260156972510117,0.04193821718579205
SQuADDS_fqOnly,97,chip_simple_dxm1p818_dym3p636__Lj12p0nH_Cj2p0fF__roL8p5mm__tee_fl160um_fc12_cg1p2um__rpg1p4um,4.75565613885,6.15842245489,5.839258372745514,245.1008754910855,5.917462910914268,9,chip_simple_dx8p182_dy4p545__Lj12p0nH_Cj2p0fF__roL8p5mm__tee_fl160um_fc12_cg1p2um__rpg1p4um,4.75384775336,6.16753807894,5.472293931138992,238.92779525541928,6.000528213189532,1.4459761748797885e-07,0.001808385490000397,0.00911562404999966,0.3669644416065214,6.1730802356662196,0.08306530227526387
SQuADDS_fqOnly,97,chip_simple_dxm1p818_dym3p636__Lj12p0nH_Cj2p0fF__roL8p5mm__tee_fl160um_fc12_cg1p2um__rpg1p4um,4.75565613885,6.15842245489,5.839258372745514,245.1008754910855,5.917462910914268,10,chip_simple_dxm3p636_dym5p455__Lj12p0nH_Cj2p0fF__roL8p5mm__tee_fl160um_fc12_cg1p2um__rpg1p4um,4.75384647125,6.17600229225,5.254790726247787,235.36565084982217,5.967505983663928,1.448027239448421e-07,0.001809667599999898,0.017579837359999573,0.5844676464977265,9.73522464126333,0.050043072749660134
SQuADDS_fqOnly,98,chip_simple_dxm1p818_dym1p818__Lj12p0nH_Cj2p0fF__roL8p5mm__tee_fl160um_fc12_cg1p2um__rpg1p4um,4.73721367161,6.13567698727,5.951634760875701,247.7004995876065,5.9295256555453815,1,chip_simple_dxm3p636_dy8p182__Lj12p0nH_Cj2p0fF__roL8p5mm__tee_fl160um_fc12_cg1p2um__rpg1p4um,4.73729832468,6.03809876203,5.615429738752365,224.8091277096963,5.742262433762976,3.1932982092910627e-10,8.46530700000514e-05,0.09757822524000037,0.3362050221233366,22.89137187791019,0.1872632217824055
SQuADDS_fqOnly,98,chip_simple_dxm1p818_dym1p818__Lj12p0nH_Cj2p0fF__roL8p5mm__tee_fl160um_fc12_cg1p2um__rpg1p4um,4.73721367161,6.13567698727,5.951634760875701,247.7004995876065,5.9295256555453815,2,chip_simple_dxm0p909_dy6p364__Lj12p0nH_Cj2p0fF__roL8p5mm__tee_fl160um_fc12_cg1p2um__rpg1p4um,4.73809447586,6.07066105208,5.877909127601623,235.23156094873443,5.87197127716639,3.457107267019859e-08,0.0008808042499994784,0.06501593518999993,0.0737256332740781,12.46893863887206,0.0575543783789918
SQuADDS_fqOnly,98,chip_simple_dxm1p818_dym1p818__Lj12p0nH_Cj2p0fF__roL8p5mm__tee_fl160um_fc12_cg1p2um__rpg1p4um,4.73721367161,6.13567698727,5.951634760875701,247.7004995876065,5.9295256555453815,3,chip_simple_dxm5p455_dy8p182__Lj12p0nH_Cj2p0fF__roL8p5mm__tee_fl160um_fc12_cg1p2um__rpg1p4um,4.73624038147,6.10517374819,5.883827769510269,241.3915804124541,5.9183738212690695,4.221226923997846e-08,0.0009732901400001381,0.030503239079999744,0.06780699136543245,6.308919175152397,0.011151834276311945
SQuADDS_fqOnly,98,chip_simple_dxm1p818_dym1p818__Lj12p0nH_Cj2p0fF__roL8p5mm__tee_fl160um_fc12_cg1p2um__rpg1p4um,4.73721367161,6.13567698727,5.951634760875701,247.7004995876065,5.9295256555453815,4,chip_simple_dx3p636_dym4p545__Lj12p0nH_Cj2p0fF__roL8p5mm__tee_fl160um_fc12_cg1p2um__rpg1p4um,4.73608663371,6.03725752393,5.823189326255798,229.1116188550764,5.733624292767639,5.660191091738431e-08,0.0011270378999999053,0.09841946333999996,0.12844543461990376,18.5888807325301,0.19590136277774217
SQuADDS_fqOnly,98,chip_simple_dxm1p818_dym1p818__Lj12p0nH_Cj2p0fF__roL8p5mm__tee_fl160um_fc12_cg1p2um__rpg1p4um,4.73721367161,6.13567698727,5.951634760875701,247.7004995876065,5.9295256555453815,5,chip_simple_dxm1p818_dy5p455__Lj12p0nH_Cj2p0fF__roL8p5mm__tee_fl160um_fc12_cg1p2um__rpg1p4um,4.73603070326,6.09721269024,5.885714801893234,240.218625475818,5.910505601584163,6.235916664496552e-08,0.001182968350000202,0.03846429702999998,0.06591995898246772,7.4818741117885,0.019020053961218863
SQuADDS_fqOnly,98,chip_simple_dxm1p818_dym1p818__Lj12p0nH_Cj2p0fF__roL8p5mm__tee_fl160um_fc12_cg1p2um__rpg1p4um,4.73721367161,6.13567698727,5.951634760875701,247.7004995876065,5.9295256555453815,6,chip_simple_dxm6p364_dym1p818__Lj12p0nH_Cj2p0fF__roL8p5mm__tee_fl160um_fc12_cg1p2um__rpg1p4um,4.73601951856,6.17855243564,5.233884300392151,238.90916206015703,6.012417870973948,6.354392492780334e-08,0.0011941530500001463,0.042875448370000235,0.7177504604835505,8.791337527449457,0.08289221542856673
SQuADDS_fqOnly,98,chip_simple_dxm1p818_dym1p818__Lj12p0nH_Cj2p0fF__roL8p5mm__tee_fl160um_fc12_cg1p2um__rpg1p4um,4.73721367161,6.13567698727,5.951634760875701,247.7004995876065,5.9295256555453815,7,chip_simple_dxm2p727_dy0p909__Lj12p0nH_Cj2p0fF__roL8p5mm__tee_fl160um_fc12_cg1p2um__rpg1p4um,4.73845369417,6.16039546172,5.41090745403862,239.617009903282,5.951034616643697,6.851934850004878e-08,0.0012400225600002202,0.024718474450000194,0.5407273068370815,8.08348968432449,0.02150896109831546
SQuADDS_fqOnly,98,chip_simple_dxm1p818_dym1p818__Lj12p0nH_Cj2p0fF__roL8p5mm__tee_fl160um_fc12_cg1p2um__rpg1p4um,4.73721367161,6.13567698727,5.951634760875701,247.7004995876065,5.9295256555453815,8,chip_simple_dx7p273_dym8p182__Lj12p0nH_Cj2p0fF__roL8p5mm__tee_fl160um_fc12_cg1p2um__rpg1p4um,4.73860663357,6.13667098278,5.410198969038009,235.95734473947155,5.923419674600598,8.646345093919565e-08,0.0013929619599997167,0.000993995510000012,0.5414357918376922,11.743154848134935,0.006105980944783873
SQuADDS_fqOnly,98,chip_simple_dxm1p818_dym1p818__Lj12p0nH_Cj2p0fF__roL8p5mm__tee_fl160um_fc12_cg1p2um__rpg1p4um,4.73721367161,6.13567698727,5.951634760875701,247.7004995876065,5.9295256555453815,9,chip_simple_dx9p091_dy2p727__Lj12p0nH_Cj2p0fF__roL8p5mm__tee_fl160um_fc12_cg1p2um__rpg1p4um,4.73573589761,5.98065811264,6.137298337150574,225.8565206861277,5.714952670110322,9.731282820053889e-08,0.0014777740000004869,0.15501887463000052,0.18566357627487218,21.843978901478778,0.21457298543505932
SQuADDS_fqOnly,98,chip_simple_dxm1p818_dym1p818__Lj12p0nH_Cj2p0fF__roL8p5mm__tee_fl160um_fc12_cg1p2um__rpg1p4um,4.73721367161,6.13567698727,5.951634760875701,247.7004995876065,5.9295256555453815,10,chip_simple_dx8p182_dym10p000__Lj12p0nH_Cj2p0fF__roL8p5mm__tee_fl160um_fc12_cg1p2um__rpg1p4um,4.73563005446,6.15362550307,5.325074096298217,237.175550951066,5.915441773143484,1.1175177881020367e-07,0.0015836171500005491,0.017948515799999676,0.6265606645774842,10.5249486365405,0.014083882401897618
SQuADDS_fqOnly,99,chip_simple_dxm1p818_dy1p818__Lj12p0nH_Cj2p0fF__roL8p5mm__tee_fl160um_fc12_cg1p2um__rpg1p4um,4.71658813345,5.98678880657,6.365563063159942,235.3370986289206,5.714595461499598,1,chip_simple_dxm8p182_dy1p818__Lj12p0nH_Cj2p0fF__roL8p5mm__tee_fl160um_fc12_cg1p2um__rpg1p4um,4.71664457901,6.13034053841,5.655800553245544,244.77506405259857,5.930245532265892,1.4321999825151818e-10,5.6445559999396266e-05,0.1435517318399997,0.7097625099143983,9.43796542367798,0.21565007076629428
SQuADDS_fqOnly,99,chip_simple_dxm1p818_dy1p818__Lj12p0nH_Cj2p0fF__roL8p5mm__tee_fl160um_fc12_cg1p2um__rpg1p4um,4.71658813345,5.98678880657,6.365563063159942,235.3370986289206,5.714595461499598,2,chip_simple_dxm4p545_dy4p545__Lj12p0nH_Cj2p0fF__roL8p5mm__tee_fl160um_fc12_cg1p2um__rpg1p4um,4.71642795927,6.13578113095,5.930907612184524,251.74673425045364,5.924740428666518,1.1532649964162507e-09,0.00016017418000036088,0.14899232437999999,0.43465545097541813,16.409635621533056,0.21014496716692044
SQuADDS_fqOnly,99,chip_simple_dxm1p818_dy1p818__Lj12p0nH_Cj2p0fF__roL8p5mm__tee_fl160um_fc12_cg1p2um__rpg1p4um,4.71658813345,5.98678880657,6.365563063159942,235.3370986289206,5.714595461499598,3,chip_simple_dxm5p455_dy2p727__Lj12p0nH_Cj2p0fF__roL8p5mm__tee_fl160um_fc12_cg1p2um__rpg1p4um,4.71638631695,6.04240059633,6.065049773584366,238.98986735764416,5.770011812343904,1.8308696785649516e-09,0.00020181649999972961,0.05561178976000036,0.30051328957557644,3.652768728723572,0.05541635084430663
SQuADDS_fqOnly,99,chip_simple_dxm1p818_dy1p818__Lj12p0nH_Cj2p0fF__roL8p5mm__tee_fl160um_fc12_cg1p2um__rpg1p4um,4.71658813345,5.98678880657,6.365563063159942,235.3370986289206,5.714595461499598,4,chip_simple_dx9p091_dy0p909__Lj12p0nH_Cj2p0fF__roL8p5mm__tee_fl160um_fc12_cg1p2um__rpg1p4um,4.7163601662,6.23569834714,5.613257433452606,260.8716160934938,6.0763823396662895,2.3360869997776805e-09,0.00022796724999984974,0.2489095405699997,0.7523056297073358,25.534517464573213,0.36178687816669175
SQuADDS_fqOnly,99,chip_simple_dxm1p818_dy1p818__Lj12p0nH_Cj2p0fF__roL8p5mm__tee_fl160um_fc12_cg1p2um__rpg1p4um,4.71658813345,5.98678880657,6.365563063159942,235.3370986289206,5.714595461499598,5,chip_simple_dx1p818_dym2p727__Lj12p0nH_Cj2p0fF__roL8p5mm__tee_fl160um_fc12_cg1p2um__rpg1p4um,4.71634435567,6.07993823183,6.091754240879059,245.7478362240464,5.8738401283262975,2.6713594389005832e-09,0.00024377777999973205,0.09314942526000003,0.2738088222808832,10.410737595125823,0.1592446668266998
SQuADDS_fqOnly,99,chip_simple_dxm1p818_dy1p818__Lj12p0nH_Cj2p0fF__roL8p5mm__tee_fl160um_fc12_cg1p2um__rpg1p4um,4.71658813345,5.98678880657,6.365563063159942,235.3370986289206,5.714595461499598,6,chip_simple_dxm0p909_dym2p727__Lj12p0nH_Cj2p0fF__roL8p5mm__tee_fl160um_fc12_cg1p2um__rpg1p4um,4.71688507337,6.1251687863,5.703840147447586,245.03748437158407,5.9299268561119325,3.96352193809951e-09,0.0002969399200001277,0.13837997972999982,0.6617229157123559,9.700385742663485,0.21533139461233475
SQuADDS_fqOnly,99,chip_simple_dxm1p818_dy1p818__Lj12p0nH_Cj2p0fF__roL8p5mm__tee_fl160um_fc12_cg1p2um__rpg1p4um,4.71658813345,5.98678880657,6.365563063159942,235.3370986289206,5.714595461499598,7,chip_simple_dx1p818_dy4p545__Lj12p0nH_Cj2p0fF__roL8p5mm__tee_fl160um_fc12_cg1p2um__rpg1p4um,4.71625141136,6.09699178177,5.937363158708572,245.50271805823053,5.844152234649521,5.096679317861549e-09,0.00033672209000013,0.1102029752,0.42819990445137,10.165619429309942,0.12955677314992364
SQuADDS_fqOnly,99,chip_simple_dxm1p818_dy1p818__Lj12p0nH_Cj2p0fF__roL8p5mm__tee_fl160um_fc12_cg1p2um__rpg1p4um,4.71658813345,5.98678880657,6.365563063159942,235.3370986289206,5.714595461499598,8,chip_simple_dx3p636_dym10p000__Lj12p0nH_Cj2p0fF__roL8p5mm__tee_fl160um_fc12_cg1p2um__rpg1p4um,4.71703014209,6.07430842251,5.908099547199249,240.9557709371328,5.866915155687882,8.782246227991229e-09,0.00044200863999943607,0.0875196159399998,0.45746351596069346,5.618672308212211,0.15231969418828406
SQuADDS_fqOnly,99,chip_simple_dxm1p818_dy1p818__Lj12p0nH_Cj2p0fF__roL8p5mm__tee_fl160um_fc12_cg1p2um__rpg1p4um,4.71658813345,5.98678880657,6.365563063159942,235.3370986289206,5.714595461499598,9,chip_simple_dxm4p545_dy5p455__Lj12p0nH_Cj2p0fF__roL8p5mm__tee_fl160um_fc12_cg1p2um__rpg1p4um,4.71582269895,6.12400360673,5.595842418161392,242.67790535088983,5.858169998149668,2.633662730873785e-08,0.0007654344999998841,0.13721480015999976,0.7697206449985501,7.340806721969244,0.14357453665007025
SQuADDS_fqOnly,99,chip_simple_dxm1p818_dy1p818__Lj12p0nH_Cj2p0fF__roL8p5mm__tee_fl160um_fc12_cg1p2um__rpg1p4um,4.71658813345,5.98678880657,6.365563063159942,235.3370986289206,5.714595461499598,10,chip_simple_dxm7p273_dym9p091__Lj12p0nH_Cj2p0fF__roL8p5mm__tee_fl160um_fc12_cg1p2um__rpg1p4um,4.71567791686,6.13728570621,5.180978092977524,235.3471631881372,5.912038976187492,3.724205059170727e-08,0.0009102165900003456,0.15049689964000024,1.184584970182418,0.010064559216601765,0.1974435146878939
SQuADDS_fqOnly,100,chip_simple_dxm1p818_dy3p636__Lj12p0nH_Cj2p0fF__roL8p5mm__tee_fl160um_fc12_cg1p2um__rpg1p4um,4.72466810462,6.01834362229,5.96028201146698,231.13712300128543,5.753478884920279,1,chip_simple_dxm8p182_dy4p545__Lj12p0nH_Cj2p0fF__roL8p5mm__tee_fl160um_fc12_cg1p2um__rpg1p4um,4.72472338379,6.07232041902,5.541016860761642,231.3279258836254,5.809423706845696,1.368927397426869e-10,5.527916999970017e-05,0.053976796730000665,0.4192651507053373,0.19080288233996612,0.05594482192541772
SQuADDS_fqOnly,100,chip_simple_dxm1p818_dy3p636__Lj12p0nH_Cj2p0fF__roL8p5mm__tee_fl160um_fc12_cg1p2um__rpg1p4um,4.72466810462,6.01834362229,5.96028201146698,231.13712300128543,5.753478884920279,2,chip_simple_dxm4p545_dy7p273__Lj12p0nH_Cj2p0fF__roL8p5mm__tee_fl160um_fc12_cg1p2um__rpg1p4um,4.72503834706,6.09396858071,5.364709826208115,230.88388505499736,5.8866465937490124,6.140868351489737e-09,0.00037024243999983497,0.07562495842000061,0.5955721852588649,0.25323794628806695,0.13316770882873374
SQuADDS_fqOnly,100,chip_simple_dxm1p818_dy3p636__Lj12p0nH_Cj2p0fF__roL8p5mm__tee_fl160um_fc12_cg1p2um__rpg1p4um,4.72466810462,6.01834362229,5.96028201146698,231.13712300128543,5.753478884920279,3,chip_simple_dxm9p091_dy10p000__Lj12p0nH_Cj2p0fF__roL8p5mm__tee_fl160um_fc12_cg1p2um__rpg1p4um,4.7252089608,6.13650588385,5.541704983503341,241.53134360669733,5.967068128664825,1.3104515871453569e-08,0.0005408561799997713,0.1181622615600002,0.4185770279636385,10.394220605411903,0.21358924374454613
SQuADDS_fqOnly,100,chip_simple_dxm1p818_dy3p636__Lj12p0nH_Cj2p0fF__roL8p5mm__tee_fl160um_fc12_cg1p2um__rpg1p4um,4.72466810462,6.01834362229,5.96028201146698,231.13712300128543,5.753478884920279,4,chip_simple_dx4p545_dym0p909__Lj12p0nH_Cj2p0fF__roL8p5mm__tee_fl160um_fc12_cg1p2um__rpg1p4um,4.7255365678,6.0505170878,6.107614511497498,239.2497887649095,5.805207767962136,3.3787822907730535e-08,0.0008684631799997788,0.032173465510000554,0.1473325000305179,8.11266576362408,0.05172888304185719
SQuADDS_fqOnly,100,chip_simple_dxm1p818_dy3p636__Lj12p0nH_Cj2p0fF__roL8p5mm__tee_fl160um_fc12_cg1p2um__rpg1p4um,4.72466810462,6.01834362229,5.96028201146698,231.13712300128543,5.753478884920279,5,chip_simple_dxm3p636_dym10p000__Lj12p0nH_Cj2p0fF__roL8p5mm__tee_fl160um_fc12_cg1p2um__rpg1p4um,4.72557516817,6.0961813609,5.652686272777557,237.36475682712327,5.807200983518184,3.6858089384172717e-08,0.0009070635499996982,0.07783773861000043,0.3075957386894226,6.227633825837842,0.05372209859790544
SQuADDS_fqOnly,100,chip_simple_dxm1p818_dy3p636__Lj12p0nH_Cj2p0fF__roL8p5mm__tee_fl160um_fc12_cg1p2um__rpg1p4um,4.72466810462,6.01834362229,5.96028201146698,231.13712300128543,5.753478884920279,6,chip_simple_dx2p727_dy8p182__Lj12p0nH_Cj2p0fF__roL8p5mm__tee_fl160um_fc12_cg1p2um__rpg1p4um,4.72577115301,6.11702248151,5.67343218500328,241.13444090201696,5.90532555190526,5.4506276925405935e-08,0.0011030483900000831,0.09867885922000053,0.2868498264636994,9.997317900731531,0.15184666698498095
SQuADDS_fqOnly,100,chip_simple_dxm1p818_dy3p636__Lj12p0nH_Cj2p0fF__roL8p5mm__tee_fl160um_fc12_cg1p2um__rpg1p4um,4.72466810462,6.01834362229,5.96028201146698,231.13712300128543,5.753478884920279,7,chip_simple_dxm2p727_dy9p091__Lj12p0nH_Cj2p0fF__roL8p5mm__tee_fl160um_fc12_cg1p2um__rpg1p4um,4.72354496119,6.06782180308,5.766568409368515,235.52036104141203,5.815573617333097,5.651032827802041e-08,0.0011231434300000842,0.04947818079000044,0.1937136020984651,4.383238040126599,0.06209473241281849
SQuADDS_fqOnly,100,chip_simple_dxm1p818_dy3p636__Lj12p0nH_Cj2p0fF__roL8p5mm__tee_fl160um_fc12_cg1p2um__rpg1p4um,4.72466810462,6.01834362229,5.96028201146698,231.13712300128543,5.753478884920279,8,chip_simple_dx9p091_dy1p818__Lj12p0nH_Cj2p0fF__roL8p5mm__tee_fl160um_fc12_cg1p2um__rpg1p4um,4.72332163382,6.08397777989,5.362149336601257,229.5526193491085,5.856220715335205,8.121780862849095e-08,0.0013464707999997216,0.06563415759999991,0.598132674865723,1.5845036521769202,0.10274183041492613
SQuADDS_fqOnly,100,chip_simple_dxm1p818_dy3p636__Lj12p0nH_Cj2p0fF__roL8p5mm__tee_fl160um_fc12_cg1p2um__rpg1p4um,4.72466810462,6.01834362229,5.96028201146698,231.13712300128543,5.753478884920279,9,chip_simple_dx0p000_dym10p000__Lj12p0nH_Cj2p0fF__roL8p5mm__tee_fl160um_fc12_cg1p2um__rpg1p4um,4.72617335759,6.18783165048,5.473578181682586,247.93824058661983,5.979999407972001,1.015024146394882e-07,0.001505252969999482,0.16948802818999997,0.4867038297843935,16.801117585334396,0.22652052305172266
SQuADDS_fqOnly,100,chip_simple_dxm1p818_dy3p636__Lj12p0nH_Cj2p0fF__roL8p5mm__tee_fl160um_fc12_cg1p2um__rpg1p4um,4.72466810462,6.01834362229,5.96028201146698,231.13712300128543,5.753478884920279,10,chip_simple_dxm7p273_dym0p909__Lj12p0nH_Cj2p0fF__roL8p5mm__tee_fl160um_fc12_cg1p2um__rpg1p4um,4.72621293074,6.21473069466,5.538169261859894,253.698082410752,6.053599860673863,1.0690957326639636e-07,0.0015448261199999536,0.1963870723700003,0.422112749607086,22.560959409466562,0.3001209757535843
SQuADDS_fqOnly,101,chip_simple_dxm1p818_dy10p000__Lj12p0nH_Cj2p0fF__roL8p5mm__tee_fl160um_fc12_cg1p2um__rpg1p4um,4.77817000938,6.12893558245,5.456556175081253,227.5213594644575,5.917687244651611,1,chip_simple_dx0p000_dym1p818__Lj12p0nH_Cj2p0fF__roL8p5mm__tee_fl160um_fc12_cg1p2um__rpg1p4um,4.77800352664,6.03900127346,5.563499463333129,215.7146221661486,5.782618175352404,1.2139903477669926e-09,0.00016648274000008456,0.08993430898999932,0.10694328825187682,11.806737298308917,0.13506906929920692
SQuADDS_fqOnly,101,chip_simple_dxm1p818_dy10p000__Lj12p0nH_Cj2p0fF__roL8p5mm__tee_fl160um_fc12_cg1p2um__rpg1p4um,4.77817000938,6.12893558245,5.456556175081253,227.5213594644575,5.917687244651611,2,chip_simple_dxm2p727_dy10p000__Lj12p0nH_Cj2p0fF__roL8p5mm__tee_fl160um_fc12_cg1p2um__rpg1p4um,4.77838859318,6.18575363873,5.375646119916915,234.7459061115084,5.983952516107753,2.092727818185491e-09,0.00021858379999972755,0.05681805628000003,0.08091005516433736,7.224546647050886,0.06626527145614247
SQuADDS_fqOnly,101,chip_simple_dxm1p818_dy10p000__Lj12p0nH_Cj2p0fF__roL8p5mm__tee_fl160um_fc12_cg1p2um__rpg1p4um,4.77817000938,6.12893558245,5.456556175081253,227.5213594644575,5.917687244651611,3,fig5_cg2p0um_rpg1p5um__Lj12p0nH_Cj0p0fF__roL8p5mm__tee_fl160um_fc12,4.77793609257,6.1977870086,5.346981281085967,236.19198761457903,5.968418975392394,2.3966227041987104e-09,0.0002339168100000677,0.06885142615000017,0.1095748939952852,8.67062815012153,0.0507317307407833
SQuADDS_fqOnly,101,chip_simple_dxm1p818_dy10p000__Lj12p0nH_Cj2p0fF__roL8p5mm__tee_fl160um_fc12_cg1p2um__rpg1p4um,4.77817000938,6.12893558245,5.456556175081253,227.5213594644575,5.917687244651611,4,chip_simple_dxm5p455_dym3p636__Lj12p0nH_Cj2p0fF__roL8p5mm__tee_fl160um_fc12_cg1p2um__rpg1p4um,4.77861395761,6.11699498856,5.515590421457291,226.9690980462932,5.881045293305209,8.632596890492872e-09,0.00044394823000004635,0.011940593889999462,0.05903424637603827,0.5522614181643064,0.036641951346402024
SQuADDS_fqOnly,101,chip_simple_dxm1p818_dy10p000__Lj12p0nH_Cj2p0fF__roL8p5mm__tee_fl160um_fc12_cg1p2um__rpg1p4um,4.77817000938,6.12893558245,5.456556175081253,227.5213594644575,5.917687244651611,5,chip_simple_dx7p273_dy2p727__Lj12p0nH_Cj2p0fF__roL8p5mm__tee_fl160um_fc12_cg1p2um__rpg1p4um,4.77873216069,6.13275040265,5.505240939167022,229.1445143426731,5.952577534882911,1.3841503215549964e-08,0.0005621513099995923,0.003814820200000568,0.048684764085769494,1.623154878215587,0.03489029023130019
SQuADDS_fqOnly,101,chip_simple_dxm1p818_dy10p000__Lj12p0nH_Cj2p0fF__roL8p5mm__tee_fl160um_fc12_cg1p2um__rpg1p4um,4.77817000938,6.12893558245,5.456556175081253,227.5213594644575,5.917687244651611,6,chip_simple_dx0p000_dym7p273__Lj12p0nH_Cj2p0fF__roL8p5mm__tee_fl160um_fc12_cg1p2um__rpg1p4um,4.77705046101,6.10812065882,5.159243787857055,218.32852182588368,5.871090142169181,5.4898759073229234e-08,0.0011195483700001674,0.020814923629999704,0.2973123872241974,9.19283763857382,0.046597102482429875
SQuADDS_fqOnly,101,chip_simple_dxm1p818_dy10p000__Lj12p0nH_Cj2p0fF__roL8p5mm__tee_fl160um_fc12_cg1p2um__rpg1p4um,4.77817000938,6.12893558245,5.456556175081253,227.5213594644575,5.917687244651611,7,chip_simple_dxm6p364_dy6p364__Lj12p0nH_Cj2p0fF__roL8p5mm__tee_fl160um_fc12_cg1p2um__rpg1p4um,4.77968562303,6.13817726431,4.976445117803573,218.3155079469365,5.901178274814836,1.0061293540405797e-07,0.0015156136499996364,0.009241681860000739,0.48011105727767944,9.205851517521012,0.0165089698367753
SQuADDS_fqOnly,101,chip_simple_dxm1p818_dy10p000__Lj12p0nH_Cj2p0fF__roL8p5mm__tee_fl160um_fc12_cg1p2um__rpg1p4um,4.77817000938,6.12893558245,5.456556175081253,227.5213594644575,5.917687244651611,8,chip_simple_dxm10p000_dym3p636__Lj12p0nH_Cj2p0fF__roL8p5mm__tee_fl160um_fc12_cg1p2um__rpg1p4um,4.77990037302,6.04333626236,5.1115355472545625,206.9079404411617,5.789534002440126,1.3114494801929795e-07,0.001730363640000121,0.08559932008999915,0.3450206278266901,20.61341902329579,0.12815324221148483
SQuADDS_fqOnly,101,chip_simple_dxm1p818_dy10p000__Lj12p0nH_Cj2p0fF__roL8p5mm__tee_fl160um_fc12_cg1p2um__rpg1p4um,4.77817000938,6.12893558245,5.456556175081253,227.5213594644575,5.917687244651611,9,chip_simple_dx7p273_dy7p273__Lj12p0nH_Cj2p0fF__roL8p5mm__tee_fl160um_fc12_cg1p2um__rpg1p4um,4.77632474172,6.11603268543,5.46948547539711,226.2400590105068,5.898415113466635,1.491404827968691e-07,0.0018452676600002604,0.012902897020000026,0.012929300315857262,1.2813004539507062,0.019272131184975727
SQuADDS_fqOnly,101,chip_simple_dxm1p818_dy10p000__Lj12p0nH_Cj2p0fF__roL8p5mm__tee_fl160um_fc12_cg1p2um__rpg1p4um,4.77817000938,6.12893558245,5.456556175081253,227.5213594644575,5.917687244651611,10,chip_simple_dxm8p182_dym10p000__Lj12p0nH_Cj2p0fF__roL8p5mm__tee_fl160um_fc12_cg1p2um__rpg1p4um,4.78025389039,6.09076123044,4.817649636772155,207.67545271807887,5.847096382639144,1.9020531037945548e-07,0.0020838810099998994,0.038174352009999524,0.6389065383090973,19.84590674637863,0.07059086201246689
SQuADDS_fqOnly,102,chip_simple_dxm0p909_dym6p364__Lj12p0nH_Cj2p0fF__roL8p5mm__tee_fl160um_fc12_cg1p2um__rpg1p4um,4.73641698179,6.08792263054,5.621972734323501,233.0698299477765,5.852490232076104,1,chip_simple_dxm5p455_dy8p182__Lj12p0nH_Cj2p0fF__roL8p5mm__tee_fl160um_fc12_cg1p2um__rpg1p4um,4.73624038147,6.10517374819,5.883827769510269,241.3915804124541,5.9183738212690695,1.3902186593624526e-09,0.00017660031999966463,0.017251117650000758,0.2618550351867679,8.321750464677592,0.06588358919296589
SQuADDS_fqOnly,102,chip_simple_dxm0p909_dym6p364__Lj12p0nH_Cj2p0fF__roL8p5mm__tee_fl160um_fc12_cg1p2um__rpg1p4um,4.73641698179,6.08792263054,5.621972734323501,233.0698299477765,5.852490232076104,2,chip_simple_dx3p636_dym4p545__Lj12p0nH_Cj2p0fF__roL8p5mm__tee_fl160um_fc12_cg1p2um__rpg1p4um,4.73608663371,6.03725752393,5.823189326255798,229.1116188550764,5.733624292767639,4.8645616859924815e-09,0.00033034807999943183,0.050665106609999455,0.20121659193229657,3.958211092700111,0.11886593930846434
SQuADDS_fqOnly,102,chip_simple_dxm0p909_dym6p364__Lj12p0nH_Cj2p0fF__roL8p5mm__tee_fl160um_fc12_cg1p2um__rpg1p4um,4.73641698179,6.08792263054,5.621972734323501,233.0698299477765,5.852490232076104,3,chip_simple_dxm1p818_dy5p455__Lj12p0nH_Cj2p0fF__roL8p5mm__tee_fl160um_fc12_cg1p2um__rpg1p4um,4.73603070326,6.09721269024,5.885714801893234,240.218625475818,5.910505601584163,6.6512195075258505e-09,0.00038627852999972845,0.00929005970000052,0.2637420675697326,7.148795528041489,0.05801536950805897
SQuADDS_fqOnly,102,chip_simple_dxm0p909_dym6p364__Lj12p0nH_Cj2p0fF__roL8p5mm__tee_fl160um_fc12_cg1p2um__rpg1p4um,4.73641698179,6.08792263054,5.621972734323501,233.0698299477765,5.852490232076104,4,chip_simple_dxm6p364_dym1p818__Lj12p0nH_Cj2p0fF__roL8p5mm__tee_fl160um_fc12_cg1p2um__rpg1p4um,4.73601951856,6.17855243564,5.233884300392151,238.90916206015703,6.012417870973948,7.041968141575385e-09,0.00039746322999967276,0.09062980510000074,0.3880884339313502,5.839332112380532,0.15992763889784456
SQuADDS_fqOnly,102,chip_simple_dxm0p909_dym6p364__Lj12p0nH_Cj2p0fF__roL8p5mm__tee_fl160um_fc12_cg1p2um__rpg1p4um,4.73641698179,6.08792263054,5.621972734323501,233.0698299477765,5.852490232076104,5,chip_simple_dx9p091_dy2p727__Lj12p0nH_Cj2p0fF__roL8p5mm__tee_fl160um_fc12_cg1p2um__rpg1p4um,4.73573589761,5.98065811264,6.137298337150574,225.8565206861277,5.714952670110322,2.06776760164998e-08,0.0006810841800000134,0.10726451790000002,0.5153256028270725,7.213309261648789,0.13753756196578149
SQuADDS_fqOnly,102,chip_simple_dxm0p909_dym6p364__Lj12p0nH_Cj2p0fF__roL8p5mm__tee_fl160um_fc12_cg1p2um__rpg1p4um,4.73641698179,6.08792263054,5.621972734323501,233.0698299477765,5.852490232076104,6,chip_simple_dx8p182_dym10p000__Lj12p0nH_Cj2p0fF__roL8p5mm__tee_fl160um_fc12_cg1p2um__rpg1p4um,4.73563005446,6.15362550307,5.325074096298217,237.175550951066,5.915441773143484,2.7603833434876767e-08,0.0007869273300000756,0.06570287253000018,0.2968986380252838,4.105721003289489,0.06295154106738021
SQuADDS_fqOnly,102,chip_simple_dxm0p909_dym6p364__Lj12p0nH_Cj2p0fF__roL8p5mm__tee_fl160um_fc12_cg1p2um__rpg1p4um,4.73641698179,6.08792263054,5.621972734323501,233.0698299477765,5.852490232076104,7,chip_simple_dxm3p636_dy8p182__Lj12p0nH_Cj2p0fF__roL8p5mm__tee_fl160um_fc12_cg1p2um__rpg1p4um,4.73729832468,6.03809876203,5.615429738752365,224.8091277096963,5.742262433762976,3.462501350874469e-08,0.0008813428900005249,0.04982386850999987,0.006542995571136245,8.2607022380802,0.11022779831312768
SQuADDS_fqOnly,102,chip_simple_dxm0p909_dym6p364__Lj12p0nH_Cj2p0fF__roL8p5mm__tee_fl160um_fc12_cg1p2um__rpg1p4um,4.73641698179,6.08792263054,5.621972734323501,233.0698299477765,5.852490232076104,8,chip_simple_dx0p909_dym6p364__Lj12p0nH_Cj2p0fF__roL8p5mm__tee_fl160um_fc12_cg1p2um__rpg1p4um,4.73510361269,6.23672959736,4.948697823696136,241.1308794035408,6.055025464850598,7.689068492303201e-08,0.001313369100000017,0.1488069668200005,0.6732749106273648,8.061049455764305,0.20253523277449403
SQuADDS_fqOnly,102,chip_simple_dxm0p909_dym6p364__Lj12p0nH_Cj2p0fF__roL8p5mm__tee_fl160um_fc12_cg1p2um__rpg1p4um,4.73641698179,6.08792263054,5.621972734323501,233.0698299477765,5.852490232076104,9,chip_simple_dx4p545_dy0p000__Lj12p0nH_Cj2p0fF__roL8p5mm__tee_fl160um_fc12_cg1p2um__rpg1p4um,4.7350581972,5.93645736802,6.4650667580204,224.52510583681948,5.625215131929476,8.230029021548988e-08,0.0013587845899998285,0.15146526251999948,0.8430940236968993,8.54472411095702,0.22727510014662755
SQuADDS_fqOnly,102,chip_simple_dxm0p909_dym6p364__Lj12p0nH_Cj2p0fF__roL8p5mm__tee_fl160um_fc12_cg1p2um__rpg1p4um,4.73641698179,6.08792263054,5.621972734323501,233.0698299477765,5.852490232076104,10,chip_simple_dxm5p455_dy4p545__Lj12p0nH_Cj2p0fF__roL8p5mm__tee_fl160um_fc12_cg1p2um__rpg1p4um,4.73477972348,6.05163166502,5.542912740110397,226.10829519663807,5.807693664303362,1.1949082171162002e-07,0.0016372583099997229,0.03629096551999922,0.07905999421310383,6.96153475113843,0.04479656777274155
SQuADDS_fqOnly,103,chip_simple_dx0p909_dy0p000__Lj12p0nH_Cj2p0fF__roL8p5mm__tee_fl160um_fc12_cg1p2um__rpg1p4um,4.74139838894,6.04523834088,5.675883268123626,226.36996000978667,5.713551955173814,1,chip_simple_dxm5p455_dy9p091__Lj12p0nH_Cj2p0fF__roL8p5mm__tee_fl160um_fc12_cg1p2um__rpg1p4um,4.7413283149,6.24294215951,5.426167698335648,252.3619899121704,6.063293621149046,2.1842453401597888e-10,7.007404000081152e-05,0.19770381862999997,0.24971556978797782,25.992029902383734,0.34974166597523215
SQuADDS_fqOnly,103,chip_simple_dx0p909_dy0p000__Lj12p0nH_Cj2p0fF__roL8p5mm__tee_fl160um_fc12_cg1p2um__rpg1p4um,4.74139838894,6.04523834088,5.675883268123626,226.36996000978667,5.713551955173814,2,chip_simple_dx9p091_dym10p000__Lj12p0nH_Cj2p0fF__roL8p5mm__tee_fl160um_fc12_cg1p2um__rpg1p4um,4.74124585961,6.17364141087,5.191116545270919,236.053231103742,5.957930684959158,1.0348891400787348e-09,0.0001525293300002062,0.12840306999000006,0.48476672285270705,9.68327109395534,0.24437872978534436
SQuADDS_fqOnly,103,chip_simple_dx0p909_dy0p000__Lj12p0nH_Cj2p0fF__roL8p5mm__tee_fl160um_fc12_cg1p2um__rpg1p4um,4.74139838894,6.04523834088,5.675883268123626,226.36996000978667,5.713551955173814,3,chip_simple_dxm7p273_dy10p000__Lj12p0nH_Cj2p0fF__roL8p5mm__tee_fl160um_fc12_cg1p2um__rpg1p4um,4.74112824339,6.0338985905,5.849102284322738,228.0004194267305,5.782595714641922,3.246255813225345e-09,0.0002701455500000449,0.011339750380000346,0.17321901619911184,1.630459416943836,0.06904375946810859
SQuADDS_fqOnly,103,chip_simple_dx0p909_dy0p000__Lj12p0nH_Cj2p0fF__roL8p5mm__tee_fl160um_fc12_cg1p2um__rpg1p4um,4.74139838894,6.04523834088,5.675883268123626,226.36996000978667,5.713551955173814,4,chip_simple_dxm4p545_dym6p364__Lj12p0nH_Cj2p0fF__roL8p5mm__tee_fl160um_fc12_cg1p2um__rpg1p4um,4.74104877837,6.16936058387,5.221749590709687,236.1747219770442,5.96712878511157,5.436960944494261e-09,0.0003496105700007135,0.12412224298999952,0.45413367741393884,9.80476196725752,0.25357682993775654
SQuADDS_fqOnly,103,chip_simple_dx0p909_dy0p000__Lj12p0nH_Cj2p0fF__roL8p5mm__tee_fl160um_fc12_cg1p2um__rpg1p4um,4.74139838894,6.04523834088,5.675883268123626,226.36996000978667,5.713551955173814,5,chip_simple_dxm5p455_dym2p727__Lj12p0nH_Cj2p0fF__roL8p5mm__tee_fl160um_fc12_cg1p2um__rpg1p4um,4.74191288272,6.16037786476,5.586993185428619,242.8607467730461,5.939829633011445,1.1774632517171714e-08,0.0005144937799999028,0.11513952387999993,0.08889008269500742,16.490786763259422,0.22627767783763097
SQuADDS_fqOnly,103,chip_simple_dx0p909_dy0p000__Lj12p0nH_Cj2p0fF__roL8p5mm__tee_fl160um_fc12_cg1p2um__rpg1p4um,4.74139838894,6.04523834088,5.675883268123626,226.36996000978667,5.713551955173814,6,chip_simple_dx2p727_dy5p455__Lj12p0nH_Cj2p0fF__roL8p5mm__tee_fl160um_fc12_cg1p2um__rpg1p4um,4.74208651799,6.09436211613,5.726268231283187,235.1566146380877,5.880473450765719,2.106332307576144e-08,0.0006881290499993753,0.04912377525,0.0503849631595612,8.786654628301022,0.1669214955919056
SQuADDS_fqOnly,103,chip_simple_dx0p909_dy0p000__Lj12p0nH_Cj2p0fF__roL8p5mm__tee_fl160um_fc12_cg1p2um__rpg1p4um,4.74139838894,6.04523834088,5.675883268123626,226.36996000978667,5.713551955173814,7,chip_simple_dx4p545_dym10p000__Lj12p0nH_Cj2p0fF__roL8p5mm__tee_fl160um_fc12_cg1p2um__rpg1p4um,4.74063988225,6.06861380015,5.884236363721847,234.4946741312744,5.822012514288446,2.559210067983865e-08,0.0007585066900004378,0.02337545926999951,0.20835309559822068,8.124714121487727,0.10846055911463193
SQuADDS_fqOnly,103,chip_simple_dx0p909_dy0p000__Lj12p0nH_Cj2p0fF__roL8p5mm__tee_fl160um_fc12_cg1p2um__rpg1p4um,4.74139838894,6.04523834088,5.675883268123626,226.36996000978667,5.713551955173814,8,chip_simple_dxm6p364_dy7p273__Lj12p0nH_Cj2p0fF__roL8p5mm__tee_fl160um_fc12_cg1p2um__rpg1p4um,4.74220530909,5.96110218154,6.471195480819702,227.23819529883824,5.728633425549979,2.8963312196705296e-08,0.0008069201499996126,0.08413615933999985,0.7953122126960759,0.8682352890515688,0.01508147037616503
SQuADDS_fqOnly,103,chip_simple_dx0p909_dy0p000__Lj12p0nH_Cj2p0fF__roL8p5mm__tee_fl160um_fc12_cg1p2um__rpg1p4um,4.74139838894,6.04523834088,5.675883268123626,226.36996000978667,5.713551955173814,9,chip_simple_dxm3p636_dym4p545__Lj12p0nH_Cj2p0fF__roL8p5mm__tee_fl160um_fc12_cg1p2um__rpg1p4um,4.74235488793,6.04534109441,5.723736058847427,227.1294815057925,5.7373862078713325,4.06964133704237e-08,0.0009564989899999432,0.00010275353000022136,0.047852790723800886,0.7595214960058456,0.02383425269751882
SQuADDS_fqOnly,103,chip_simple_dx0p909_dy0p000__Lj12p0nH_Cj2p0fF__roL8p5mm__tee_fl160um_fc12_cg1p2um__rpg1p4um,4.74139838894,6.04523834088,5.675883268123626,226.36996000978667,5.713551955173814,10,chip_simple_dx0p000_dym6p364__Lj12p0nH_Cj2p0fF__roL8p5mm__tee_fl160um_fc12_cg1p2um__rpg1p4um,4.74288579894,6.03308089793,5.782055475780487,226.2307596859305,5.794067523813237,9.841209979252594e-08,0.0014874099999993007,0.01215744295000043,0.10617220765686053,0.13920032385615855,0.08051556863942366
SQuADDS_fqOnly,104,chip_simple_dx0p909_dy6p364__Lj12p0nH_Cj2p0fF__roL8p5mm__tee_fl160um_fc12_cg1p2um__rpg1p4um,4.70997564431,5.99512074395,5.736094124229431,225.95671781879915,5.714840812333396,1,chip_simple_dx5p455_dym5p455__Lj12p0nH_Cj2p0fF__roL8p5mm__tee_fl160um_fc12_cg1p2um__rpg1p4um,4.709863899,5.99683327993,5.929605029994964,230.04974901021689,5.782561504070822,5.628870880569665e-10,0.00011174530999991106,0.00171253597999943,0.19351090576553354,4.093031191417737,0.06772069173742601
SQuADDS_fqOnly,104,chip_simple_dx0p909_dy6p364__Lj12p0nH_Cj2p0fF__roL8p5mm__tee_fl160um_fc12_cg1p2um__rpg1p4um,4.70997564431,5.99512074395,5.736094124229431,225.95671781879915,5.714840812333396,2,chip_simple_dx4p545_dym7p273__Lj12p0nH_Cj2p0fF__roL8p5mm__tee_fl160um_fc12_cg1p2um__rpg1p4um,4.70975884229,6.16440380235,5.946511625797272,258.2466833663227,5.972072223380172,2.1187968856771803e-09,0.00021680201999974003,0.16928305839999958,0.21041750156784111,32.289965547523565,0.25723141104677616
SQuADDS_fqOnly,104,chip_simple_dx0p909_dy6p364__Lj12p0nH_Cj2p0fF__roL8p5mm__tee_fl160um_fc12_cg1p2um__rpg1p4um,4.70997564431,5.99512074395,5.736094124229431,225.95671781879915,5.714840812333396,3,chip_simple_dxm8p182_dym5p455__Lj12p0nH_Cj2p0fF__roL8p5mm__tee_fl160um_fc12_cg1p2um__rpg1p4um,4.70967380269,5.81364142773,6.688367028955459,212.3696285393372,5.494419665893739,4.106964259309143e-09,0.00030184161999979864,0.1814793162199999,0.9522729047260281,13.587089279461935,0.22042114643965682
SQuADDS_fqOnly,104,chip_simple_dx0p909_dy6p364__Lj12p0nH_Cj2p0fF__roL8p5mm__tee_fl160um_fc12_cg1p2um__rpg1p4um,4.70997564431,5.99512074395,5.736094124229431,225.95671781879915,5.714840812333396,4,chip_simple_dx9p091_dy9p091__Lj12p0nH_Cj2p0fF__roL8p5mm__tee_fl160um_fc12_cg1p2um__rpg1p4um,4.71043253304,6.00858502332,6.520098717010498,243.3943878228609,5.702711731566599,9.409868802742209e-09,0.00045688872999960495,0.013464279369999943,0.7840045927810673,17.437670004061744,0.01212908076679664
SQuADDS_fqOnly,104,chip_simple_dx0p909_dy6p364__Lj12p0nH_Cj2p0fF__roL8p5mm__tee_fl160um_fc12_cg1p2um__rpg1p4um,4.70997564431,5.99512074395,5.736094124229431,225.95671781879915,5.714840812333396,5,chip_simple_dxm4p545_dy6p364__Lj12p0nH_Cj2p0fF__roL8p5mm__tee_fl160um_fc12_cg1p2um__rpg1p4um,4.70948631508,6.14137986712,5.8266296945228575,251.89687397293608,5.901594385955966,1.0793567090855055e-08,0.0004893292299996688,0.14625912317000012,0.09053557029342674,25.94015615413693,0.18675357362257028
SQuADDS_fqOnly,104,chip_simple_dx0p909_dy6p364__Lj12p0nH_Cj2p0fF__roL8p5mm__tee_fl160um_fc12_cg1p2um__rpg1p4um,4.70997564431,5.99512074395,5.736094124229431,225.95671781879915,5.714840812333396,6,chip_simple_dxm2p727_dy0p000__Lj12p0nH_Cj2p0fF__roL8p5mm__tee_fl160um_fc12_cg1p2um__rpg1p4um,4.70946736854,6.17220265584,5.747707520002365,255.1766850154424,5.971067509373771,1.164558986916421e-08,0.0005082757699996776,0.17708191188999933,0.011613395772934076,29.21996719664324,0.2562266970403755
SQuADDS_fqOnly,104,chip_simple_dx0p909_dy6p364__Lj12p0nH_Cj2p0fF__roL8p5mm__tee_fl160um_fc12_cg1p2um__rpg1p4um,4.70997564431,5.99512074395,5.736094124229431,225.95671781879915,5.714840812333396,7,chip_simple_dx0p909_dym4p545__Lj12p0nH_Cj2p0fF__roL8p5mm__tee_fl160um_fc12_cg1p2um__rpg1p4um,4.70922868384,6.20956317751,5.678390382087708,259.6697894944625,6.020366326771191,2.5151153942322348e-08,0.0007469604699998911,0.21444243355999948,0.05770374214172236,33.71307167566337,0.30552551443779485
SQuADDS_fqOnly,104,chip_simple_dx0p909_dy6p364__Lj12p0nH_Cj2p0fF__roL8p5mm__tee_fl160um_fc12_cg1p2um__rpg1p4um,4.70997564431,5.99512074395,5.736094124229431,225.95671781879915,5.714840812333396,8,chip_simple_dxm9p091_dym10p000__Lj12p0nH_Cj2p0fF__roL8p5mm__tee_fl160um_fc12_cg1p2um__rpg1p4um,4.71107489741,6.18535581306,5.952367972948074,261.5686595159561,6.018524976031365,5.447008780754261e-08,0.0010992530999995864,0.19023506910999988,0.21627384871864308,35.61194169715694,0.30368416369796947
SQuADDS_fqOnly,104,chip_simple_dx0p909_dy6p364__Lj12p0nH_Cj2p0fF__roL8p5mm__tee_fl160um_fc12_cg1p2um__rpg1p4um,4.70997564431,5.99512074395,5.736094124229431,225.95671781879915,5.714840812333396,9,chip_simple_dx3p636_dy0p000__Lj12p0nH_Cj2p0fF__roL8p5mm__tee_fl160um_fc12_cg1p2um__rpg1p4um,4.70882035794,5.9422654803,6.4021899407176965,229.9937839696689,5.689626408771035,6.01647306090053e-08,0.0011552863700003968,0.052855263650000595,0.6660958164882658,4.037066150869748,0.025214403562360488
SQuADDS_fqOnly,104,chip_simple_dx0p909_dy6p364__Lj12p0nH_Cj2p0fF__roL8p5mm__tee_fl160um_fc12_cg1p2um__rpg1p4um,4.70997564431,5.99512074395,5.736094124229431,225.95671781879915,5.714840812333396,10,chip_simple_dxm10p000_dym8p182__Lj12p0nH_Cj2p0fF__roL8p5mm__tee_fl160um_fc12_cg1p2um__rpg1p4um,4.70878498903,6.10283717632,5.43583358929634,237.26809301618,5.8968743535962265,6.390498859608972e-08,0.0011906552800002856,0.10771643236999928,0.30026053493309046,11.31137519738084,0.18203354126283067
SQuADDS_fqOnly,105,chip_simple_dx0p909_dy10p000__Lj12p0nH_Cj2p0fF__roL8p5mm__tee_fl160um_fc12_cg1p2um__rpg1p4um,4.6871433385,6.02047336532,6.148103960992813,243.26442283681763,5.760159287002021,1,chip_simple_dxm3p636_dym3p636__Lj12p0nH_Cj2p0fF__roL8p5mm__tee_fl160um_fc12_cg1p2um__rpg1p4um,4.68717781389,5.97834346452,6.698308181764602,246.63062343353235,5.688222825454348,5.4100578073499996e-11,3.4475389999677475e-05,0.04212990080000001,0.5502042207717892,3.3662005967147195,0.07193646154767297
SQuADDS_fqOnly,105,chip_simple_dx0p909_dy10p000__Lj12p0nH_Cj2p0fF__roL8p5mm__tee_fl160um_fc12_cg1p2um__rpg1p4um,4.6871433385,6.02047336532,6.148103960992813,243.26442283681763,5.760159287002021,2,chip_simple_dx0p000_dy6p364__Lj12p0nH_Cj2p0fF__roL8p5mm__tee_fl160um_fc12_cg1p2um__rpg1p4um,4.68684275544,6.22626285193,5.869558168603897,271.87390077175473,6.055488773398548,4.112562704768087e-09,0.00030058306000046997,0.20578948660999963,0.2785457923889165,28.609477934937104,0.29532948639652723
SQuADDS_fqOnly,105,chip_simple_dx0p909_dy10p000__Lj12p0nH_Cj2p0fF__roL8p5mm__tee_fl160um_fc12_cg1p2um__rpg1p4um,4.6871433385,6.02047336532,6.148103960992813,243.26442283681763,5.760159287002021,3,chip_simple_dxm8p182_dy9p091__Lj12p0nH_Cj2p0fF__roL8p5mm__tee_fl160um_fc12_cg1p2um__rpg1p4um,4.68682128785,6.05207856918,6.670654395746231,259.2924998926468,5.805209593914802,4.72097705999821e-09,0.0003220506500003495,0.031605203859999875,0.522550434753418,16.028077055829158,0.045050306912781224
SQuADDS_fqOnly,105,chip_simple_dx0p909_dy10p000__Lj12p0nH_Cj2p0fF__roL8p5mm__tee_fl160um_fc12_cg1p2um__rpg1p4um,4.6871433385,6.02047336532,6.148103960992813,243.26442283681763,5.760159287002021,4,chip_simple_dxm1p818_dy4p545__Lj12p0nH_Cj2p0fF__roL8p5mm__tee_fl160um_fc12_cg1p2um__rpg1p4um,4.68668729165,6.13606112963,6.136175126768112,262.7664710804651,5.930337346209187,9.466783620663303e-09,0.0004560468500001136,0.11558776430999984,0.011928834224701035,19.502048243647494,0.17017805920716622
SQuADDS_fqOnly,105,chip_simple_dx0p909_dy10p000__Lj12p0nH_Cj2p0fF__roL8p5mm__tee_fl160um_fc12_cg1p2um__rpg1p4um,4.6871433385,6.02047336532,6.148103960992813,243.26442283681763,5.760159287002021,5,chip_simple_dxm9p091_dy2p727__Lj12p0nH_Cj2p0fF__roL8p5mm__tee_fl160um_fc12_cg1p2um__rpg1p4um,4.68785660116,6.14920505102,6.378877137207031,269.97376724564526,5.9601401255266735,2.3157011312140777e-08,0.0007132626599997138,0.12873168570000004,0.23077317621421756,26.709344408827633,0.19998083852465243
SQuADDS_fqOnly,105,chip_simple_dx0p909_dy10p000__Lj12p0nH_Cj2p0fF__roL8p5mm__tee_fl160um_fc12_cg1p2um__rpg1p4um,4.6871433385,6.02047336532,6.148103960992813,243.26442283681763,5.760159287002021,6,chip_simple_dxm0p909_dym0p909__Lj12p0nH_Cj2p0fF__roL8p5mm__tee_fl160um_fc12_cg1p2um__rpg1p4um,4.68632924459,6.17134248768,5.411161615444184,252.1794734270908,5.976285666069374,3.016702907750022e-08,0.000814093909999869,0.1508691223599996,0.7369423455486288,8.915050590273182,0.21612637906735266
SQuADDS_fqOnly,105,chip_simple_dx0p909_dy10p000__Lj12p0nH_Cj2p0fF__roL8p5mm__tee_fl160um_fc12_cg1p2um__rpg1p4um,4.6871433385,6.02047336532,6.148103960992813,243.26442283681763,5.760159287002021,7,chip_simple_dx6p364_dy8p182__Lj12p0nH_Cj2p0fF__roL8p5mm__tee_fl160um_fc12_cg1p2um__rpg1p4um,4.68815638567,6.01539640302,6.651202537282943,252.1465005767916,5.735438248599257,4.671354920367581e-08,0.0010130471699998367,0.005076962300000432,0.5030985762901299,8.882077739973965,0.024721038402764073
SQuADDS_fqOnly,105,chip_simple_dx0p909_dy10p000__Lj12p0nH_Cj2p0fF__roL8p5mm__tee_fl160um_fc12_cg1p2um__rpg1p4um,4.6871433385,6.02047336532,6.148103960992813,243.26442283681763,5.760159287002021,8,chip_simple_dx4p545_dy9p091__Lj12p0nH_Cj2p0fF__roL8p5mm__tee_fl160um_fc12_cg1p2um__rpg1p4um,4.68609575245,6.11430901066,5.943070262321472,255.0398969000135,5.911313507537606,4.99531573134693e-08,0.0010475860500003265,0.09383564534000044,0.20503369867134147,11.775474063195873,0.15115422053558536
SQuADDS_fqOnly,105,chip_simple_dx0p909_dy10p000__Lj12p0nH_Cj2p0fF__roL8p5mm__tee_fl160um_fc12_cg1p2um__rpg1p4um,4.6871433385,6.02047336532,6.148103960992813,243.26442283681763,5.760159287002021,9,chip_simple_dx2p727_dy1p818__Lj12p0nH_Cj2p0fF__roL8p5mm__tee_fl160um_fc12_cg1p2um__rpg1p4um,4.68563403825,6.08133316983,5.72811288560295,245.0156338090338,5.777845440182654,1.0368950901120528e-07,0.0015093002500004005,0.060859804509999726,0.4199910753898628,1.751210972216171,0.017686153180632935
SQuADDS_fqOnly,105,chip_simple_dx0p909_dy10p000__Lj12p0nH_Cj2p0fF__roL8p5mm__tee_fl160um_fc12_cg1p2um__rpg1p4um,4.6871433385,6.02047336532,6.148103960992813,243.26442283681763,5.760159287002021,10,chip_simple_dx8p182_dym1p818__Lj12p0nH_Cj2p0fF__roL8p5mm__tee_fl160um_fc12_cg1p2um__rpg1p4um,4.68525295522,6.09379748036,6.095650871637344,255.11644504269023,5.8822544461123405,1.6266093519009665e-07,0.0018903832800001297,0.07332411504000014,0.05245308935546955,11.8520222058726,0.12209515911031943
SQuADDS_fqOnly,106,chip_simple_dx1p818_dym5p455__Lj12p0nH_Cj2p0fF__roL8p5mm__tee_fl160um_fc12_cg1p2um__rpg1p4um,4.75276332089,6.12142191828,5.658263751716613,235.8553039603668,5.927860977969706,1,chip_simple_dx3p636_dy10p000__Lj12p0nH_Cj2p0fF__roL8p5mm__tee_fl160um_fc12_cg1p2um__rpg1p4um,4.75276132751,6.0254162175,6.153329925121307,230.03465147640503,5.771482613463284,1.759089018964555e-13,1.9933799997318147e-06,0.09600570078000015,0.4950661734046937,5.820652483961766,0.15637836450642162
SQuADDS_fqOnly,106,chip_simple_dx1p818_dym5p455__Lj12p0nH_Cj2p0fF__roL8p5mm__tee_fl160um_fc12_cg1p2um__rpg1p4um,4.75276332089,6.12142191828,5.658263751716613,235.8553039603668,5.927860977969706,2,chip_simple_dx0p000_dy4p545__Lj12p0nH_Cj2p0fF__roL8p5mm__tee_fl160um_fc12_cg1p2um__rpg1p4um,4.75286142116,6.08882350457,5.892952473888397,235.49238786023307,5.8850993721358345,4.260376984696579e-10,9.810027000067834e-05,0.03259841371000061,0.23468872217178394,0.3629161001337309,0.04276160583387156
SQuADDS_fqOnly,106,chip_simple_dx1p818_dym5p455__Lj12p0nH_Cj2p0fF__roL8p5mm__tee_fl160um_fc12_cg1p2um__rpg1p4um,4.75276332089,6.12142191828,5.658263751716613,235.8553039603668,5.927860977969706,3,chip_simple_dx6p364_dy2p727__Lj12p0nH_Cj2p0fF__roL8p5mm__tee_fl160um_fc12_cg1p2um__rpg1p4um,4.75293196551,6.07708289994,5.740933858938217,230.41754424422072,5.810778700049102,1.259077916716038e-09,0.00016864462000043545,0.044339018340000536,0.0826701072216034,5.437759716146076,0.11708227792060377
SQuADDS_fqOnly,106,chip_simple_dx1p818_dym5p455__Lj12p0nH_Cj2p0fF__roL8p5mm__tee_fl160um_fc12_cg1p2um__rpg1p4um,4.75276332089,6.12142191828,5.658263751716613,235.8553039603668,5.927860977969706,4,chip_simple_dx2p727_dym7p273__Lj12p0nH_Cj2p0fF__roL8p5mm__tee_fl160um_fc12_cg1p2um__rpg1p4um,4.75350553829,6.23137226029,5.515988144140243,250.035837607935,6.081021639957449,2.4387646278654635e-08,0.0007422174000000226,0.10995034200999942,0.14227560757637026,14.180533647568211,0.15316066198774259
SQuADDS_fqOnly,106,chip_simple_dx1p818_dym5p455__Lj12p0nH_Cj2p0fF__roL8p5mm__tee_fl160um_fc12_cg1p2um__rpg1p4um,4.75276332089,6.12142191828,5.658263751716613,235.8553039603668,5.927860977969706,5,chip_simple_dxm3p636_dym5p455__Lj12p0nH_Cj2p0fF__roL8p5mm__tee_fl160um_fc12_cg1p2um__rpg1p4um,4.75384647125,6.17600229225,5.254790726247787,235.36565084982217,5.967505983663928,5.19379879519614e-08,0.0010831503600003956,0.054580373969999485,0.40347302546882613,0.4896531105446229,0.039645005694222135
SQuADDS_fqOnly,106,chip_simple_dx1p818_dym5p455__Lj12p0nH_Cj2p0fF__roL8p5mm__tee_fl160um_fc12_cg1p2um__rpg1p4um,4.75276332089,6.12142191828,5.658263751716613,235.8553039603668,5.927860977969706,6,chip_simple_dx8p182_dy4p545__Lj12p0nH_Cj2p0fF__roL8p5mm__tee_fl160um_fc12_cg1p2um__rpg1p4um,4.75384775336,6.16753807894,5.472293931138992,238.92779525541928,6.000528213189532,5.206101726926048e-08,0.0010844324699998964,0.04611616065999957,0.18596982057762101,3.0724912950524867,0.07266723521982588
SQuADDS_fqOnly,106,chip_simple_dx1p818_dym5p455__Lj12p0nH_Cj2p0fF__roL8p5mm__tee_fl160um_fc12_cg1p2um__rpg1p4um,4.75276332089,6.12142191828,5.658263751716613,235.8553039603668,5.927860977969706,7,chip_simple_dxm2p727_dy4p545__Lj12p0nH_Cj2p0fF__roL8p5mm__tee_fl160um_fc12_cg1p2um__rpg1p4um,4.75153648539,6.12686754084,5.701167658432007,237.858845654832,5.866682937277906,6.663160786181616e-08,0.001226835499999801,0.005445622559999919,0.04290390671539335,2.0035416944652127,0.061178040691800106
SQuADDS_fqOnly,106,chip_simple_dx1p818_dym5p455__Lj12p0nH_Cj2p0fF__roL8p5mm__tee_fl160um_fc12_cg1p2um__rpg1p4um,4.75276332089,6.12142191828,5.658263751716613,235.8553039603668,5.927860977969706,8,chip_simple_dxm4p545_dym2p727__Lj12p0nH_Cj2p0fF__roL8p5mm__tee_fl160um_fc12_cg1p2um__rpg1p4um,4.75133436782,6.26297506595,5.207407996995926,248.15573910645995,6.105858265342065,9.039482246867291e-08,0.0014289530699995723,0.14155314766999982,0.4508557547206875,12.30043514609315,0.1779972873723592
SQuADDS_fqOnly,106,chip_simple_dx1p818_dym5p455__Lj12p0nH_Cj2p0fF__roL8p5mm__tee_fl160um_fc12_cg1p2um__rpg1p4um,4.75276332089,6.12142191828,5.658263751716613,235.8553039603668,5.927860977969706,9,chip_simple_dx9p091_dym2p727__Lj12p0nH_Cj2p0fF__roL8p5mm__tee_fl160um_fc12_cg1p2um__rpg1p4um,4.75421160279,6.18453840176,5.473107182682037,241.5748597938345,5.95940112810006,9.285682514676537e-08,0.0014482819000001257,0.06311648347999999,0.185156569034576,5.719555833467695,0.03154015013035405
SQuADDS_fqOnly,106,chip_simple_dx1p818_dym5p455__Lj12p0nH_Cj2p0fF__roL8p5mm__tee_fl160um_fc12_cg1p2um__rpg1p4um,4.75276332089,6.12142191828,5.658263751716613,235.8553039603668,5.927860977969706,10,chip_simple_dx8p182_dym7p273__Lj12p0nH_Cj2p0fF__roL8p5mm__tee_fl160um_fc12_cg1p2um__rpg1p4um,4.75453402814,6.05826619394,5.752804228256226,227.26530590646345,5.792570418204838,1.3880373594711026e-07,0.0017707072500003918,0.0631557243400005,0.0945404765396125,8.589998053903344,0.1352905597648677
SQuADDS_fqOnly,107,chip_simple_dx2p727_dym9p091__Lj12p0nH_Cj2p0fF__roL8p5mm__tee_fl160um_fc12_cg1p2um__rpg1p4um,4.71854167281,6.10937869643,5.389543067037582,235.1503843898085,5.897915052557842,1,chip_simple_dx3p636_dym7p273__Lj12p0nH_Cj2p0fF__roL8p5mm__tee_fl160um_fc12_cg1p2um__rpg1p4um,4.71844087505,6.09326872435,6.172192269672394,249.2646758562308,5.887827549157398,4.563375139374275e-10,0.0001007977600000487,0.016109972080000645,0.7826492026348113,14.114291466422316,0.01008750340044351
SQuADDS_fqOnly,107,chip_simple_dx2p727_dym9p091__Lj12p0nH_Cj2p0fF__roL8p5mm__tee_fl160um_fc12_cg1p2um__rpg1p4um,4.71854167281,6.10937869643,5.389543067037582,235.1503843898085,5.897915052557842,2,chip_simple_dx2p727_dy6p364__Lj12p0nH_Cj2p0fF__roL8p5mm__tee_fl160um_fc12_cg1p2um__rpg1p4um,4.71827326294,6.10422533124,6.110669951080322,249.8252160711548,5.885426209420992,3.235797785897852e-09,0.00026840986999943084,0.005153365189999981,0.7211268840427394,14.674831681346319,0.012488843136849503
SQuADDS_fqOnly,107,chip_simple_dx2p727_dym9p091__Lj12p0nH_Cj2p0fF__roL8p5mm__tee_fl160um_fc12_cg1p2um__rpg1p4um,4.71854167281,6.10937869643,5.389543067037582,235.1503843898085,5.897915052557842,3,chip_simple_dx1p818_dym10p000__Lj12p0nH_Cj2p0fF__roL8p5mm__tee_fl160um_fc12_cg1p2um__rpg1p4um,4.71825339915,6.0249810499,5.668253818870544,227.73903094203945,5.741519544932768,3.732452883962627e-09,0.0002882736599998381,0.08439764653000026,0.27871075183296146,7.411353447769045,0.15639550762507426
SQuADDS_fqOnly,107,chip_simple_dx2p727_dym9p091__Lj12p0nH_Cj2p0fF__roL8p5mm__tee_fl160um_fc12_cg1p2um__rpg1p4um,4.71854167281,6.10937869643,5.389543067037582,235.1503843898085,5.897915052557842,4,chip_simple_dxm8p182_dy0p000__Lj12p0nH_Cj2p0fF__roL8p5mm__tee_fl160um_fc12_cg1p2um__rpg1p4um,4.71825133181,6.07367777131,6.017017910228729,242.8397923358069,5.766522456286912,3.786179037710877e-09,0.00029034099999947216,0.03570092512000045,0.6274748431911465,7.689407945998397,0.13139259627092947
SQuADDS_fqOnly,107,chip_simple_dx2p727_dym9p091__Lj12p0nH_Cj2p0fF__roL8p5mm__tee_fl160um_fc12_cg1p2um__rpg1p4um,4.71854167281,6.10937869643,5.389543067037582,235.1503843898085,5.897915052557842,5,chip_simple_dxm7p273_dym8p182__Lj12p0nH_Cj2p0fF__roL8p5mm__tee_fl160um_fc12_cg1p2um__rpg1p4um,4.71799800041,6.08547036476,5.387219844787597,231.5296678046592,5.812898055695297,1.3275747464282338e-08,0.0005436724000000837,0.023908331670000393,0.0023232222499851574,3.620716585149296,0.08501699686254494
SQuADDS_fqOnly,107,chip_simple_dx2p727_dym9p091__Lj12p0nH_Cj2p0fF__roL8p5mm__tee_fl160um_fc12_cg1p2um__rpg1p4um,4.71854167281,6.10937869643,5.389543067037582,235.1503843898085,5.897915052557842,6,chip_simple_dx9p091_dym9p091__Lj12p0nH_Cj2p0fF__roL8p5mm__tee_fl160um_fc12_cg1p2um__rpg1p4um,4.71934786872,6.08163378867,5.753670983188629,238.5232525782091,5.841539739032603,2.9192117013283467e-08,0.0008061959100000848,0.027744907760000714,0.36412791615104645,3.3728681884006164,0.056375313525238724
SQuADDS_fqOnly,107,chip_simple_dx2p727_dym9p091__Lj12p0nH_Cj2p0fF__roL8p5mm__tee_fl160um_fc12_cg1p2um__rpg1p4um,4.71854167281,6.10937869643,5.389543067037582,235.1503843898085,5.897915052557842,7,chip_simple_dxm10p000_dym6p364__Lj12p0nH_Cj2p0fF__roL8p5mm__tee_fl160um_fc12_cg1p2um__rpg1p4um,4.72003215394,6.21311585123,5.277381808307648,248.5653481614014,5.993540423418498,9.977859269631593e-08,0.0014904811300002763,0.10373715480000012,0.11216125872993477,13.414963771592909,0.09562537086065603
SQuADDS_fqOnly,107,chip_simple_dx2p727_dym9p091__Lj12p0nH_Cj2p0fF__roL8p5mm__tee_fl160um_fc12_cg1p2um__rpg1p4um,4.71854167281,6.10937869643,5.389543067037582,235.1503843898085,5.897915052557842,8,chip_simple_dx3p636_dym10p000__Lj12p0nH_Cj2p0fF__roL8p5mm__tee_fl160um_fc12_cg1p2um__rpg1p4um,4.71703014209,6.07430842251,5.908099547199249,240.9557709371328,5.866915155687882,1.0261677608208199e-07,0.0015115307200002093,0.035070273920000616,0.5185564801616662,5.805386547324304,0.030999896869960075
SQuADDS_fqOnly,107,chip_simple_dx2p727_dym9p091__Lj12p0nH_Cj2p0fF__roL8p5mm__tee_fl160um_fc12_cg1p2um__rpg1p4um,4.71854167281,6.10937869643,5.389543067037582,235.1503843898085,5.897915052557842,9,chip_simple_dx1p818_dy8p182__Lj12p0nH_Cj2p0fF__roL8p5mm__tee_fl160um_fc12_cg1p2um__rpg1p4um,4.72017945709,6.08731558494,5.7091661056575775,238.19641006055008,5.858573926089484,1.2047524180861563e-07,0.0016377842800006093,0.02206311149000051,0.3196230386199952,3.046025670741585,0.03934112646835786
SQuADDS_fqOnly,107,chip_simple_dx2p727_dym9p091__Lj12p0nH_Cj2p0fF__roL8p5mm__tee_fl160um_fc12_cg1p2um__rpg1p4um,4.71854167281,6.10937869643,5.389543067037582,235.1503843898085,5.897915052557842,10,chip_simple_dxm0p909_dym2p727__Lj12p0nH_Cj2p0fF__roL8p5mm__tee_fl160um_fc12_cg1p2um__rpg1p4um,4.71688507337,6.1251687863,5.703840147447586,245.03748437158407,5.9299268561119325,1.2325922435974992e-07,0.0016565994399995176,0.015790089869999413,0.3142970804100038,9.887099981775577,0.03201180355409061
SQuADDS_fqOnly,108,chip_simple_dx2p727_dym6p364__Lj12p0nH_Cj2p0fF__roL8p5mm__tee_fl160um_fc12_cg1p2um__rpg1p4um,4.72708638401,6.15667409709,5.543435228425979,244.333560948847,5.937980422389637,1,chip_simple_dx10p000_dym6p364__Lj12p0nH_Cj2p0fF__roL8p5mm__tee_fl160um_fc12_cg1p2um__rpg1p4um,4.72676334755,6.12769509524,5.428620394487381,237.2099123366833,5.930169327664392,4.669990608981714e-09,0.0003230364599993152,0.028979001849999797,0.11481483393859815,7.12364861216372,0.0078110947252447716
SQuADDS_fqOnly,108,chip_simple_dx2p727_dym6p364__Lj12p0nH_Cj2p0fF__roL8p5mm__tee_fl160um_fc12_cg1p2um__rpg1p4um,4.72708638401,6.15667409709,5.543435228425979,244.333560948847,5.937980422389637,2,chip_simple_dx5p455_dym2p727__Lj12p0nH_Cj2p0fF__roL8p5mm__tee_fl160um_fc12_cg1p2um__rpg1p4um,4.72671328787,6.1181183266,5.450069299165725,236.2126742133905,5.905966219312021,6.229517845207115e-09,0.0003730961399996957,0.038555770489999475,0.093365929260254,8.120886735456509,0.03201420307761538
SQuADDS_fqOnly,108,chip_simple_dx2p727_dym6p364__Lj12p0nH_Cj2p0fF__roL8p5mm__tee_fl160um_fc12_cg1p2um__rpg1p4um,4.72708638401,6.15667409709,5.543435228425979,244.333560948847,5.937980422389637,3,chip_simple_dxm10p000_dym4p545__Lj12p0nH_Cj2p0fF__roL8p5mm__tee_fl160um_fc12_cg1p2um__rpg1p4um,4.72747685651,6.02391173404,6.181771411222457,235.80879165767425,5.79330242515557,6.823289978461781e-09,0.0003904725000003495,0.13276236304999944,0.6383361827964782,8.52476929117276,0.1446779972340666
SQuADDS_fqOnly,108,chip_simple_dx2p727_dym6p364__Lj12p0nH_Cj2p0fF__roL8p5mm__tee_fl160um_fc12_cg1p2um__rpg1p4um,4.72708638401,6.15667409709,5.543435228425979,244.333560948847,5.937980422389637,4,chip_simple_dx2p727_dy4p545__Lj12p0nH_Cj2p0fF__roL8p5mm__tee_fl160um_fc12_cg1p2um__rpg1p4um,4.72661637865,6.17653112846,5.815809796421051,253.68702655650372,5.959841194906359,9.88595305586574e-09,0.00047000535999952575,0.019857031369999945,0.27237456799507154,9.353465607656716,0.021860772516722804
SQuADDS_fqOnly,108,chip_simple_dx2p727_dym6p364__Lj12p0nH_Cj2p0fF__roL8p5mm__tee_fl160um_fc12_cg1p2um__rpg1p4um,4.72708638401,6.15667409709,5.543435228425979,244.333560948847,5.937980422389637,5,chip_simple_dxm2p727_dy3p636__Lj12p0nH_Cj2p0fF__roL8p5mm__tee_fl160um_fc12_cg1p2um__rpg1p4um,4.72771327144,6.17379279793,5.623312453847885,248.72072138405872,5.943747599398507,1.758701142899154e-08,0.000626887430000167,0.017118700840000223,0.07987722542190578,4.387160435211712,0.005767177008870306
SQuADDS_fqOnly,108,chip_simple_dx2p727_dym6p364__Lj12p0nH_Cj2p0fF__roL8p5mm__tee_fl160um_fc12_cg1p2um__rpg1p4um,4.72708638401,6.15667409709,5.543435228425979,244.333560948847,5.937980422389637,6,chip_simple_dx10p000_dym8p182__Lj12p0nH_Cj2p0fF__roL8p5mm__tee_fl160um_fc12_cg1p2um__rpg1p4um,4.7278291272,6.203667918,5.357714031663894,247.43915307278945,5.999006200112647,2.4688248467707597e-08,0.0007427431900000059,0.04699382091000004,0.18572119676208487,3.1055921239424435,0.06102577772301032
SQuADDS_fqOnly,108,chip_simple_dx2p727_dym6p364__Lj12p0nH_Cj2p0fF__roL8p5mm__tee_fl160um_fc12_cg1p2um__rpg1p4um,4.72708638401,6.15667409709,5.543435228425979,244.333560948847,5.937980422389637,7,chip_simple_dx6p364_dy0p000__Lj12p0nH_Cj2p0fF__roL8p5mm__tee_fl160um_fc12_cg1p2um__rpg1p4um,4.72795173232,6.02599393944,6.214404765487671,236.6306190453716,5.800547756468861,3.351157365301121e-08,0.0008653483100005133,0.13068015764999963,0.6709695370616915,7.70294190347542,0.13743266592077585
SQuADDS_fqOnly,108,chip_simple_dx2p727_dym6p364__Lj12p0nH_Cj2p0fF__roL8p5mm__tee_fl160um_fc12_cg1p2um__rpg1p4um,4.72708638401,6.15667409709,5.543435228425979,244.333560948847,5.937980422389637,8,chip_simple_dxm7p273_dym0p909__Lj12p0nH_Cj2p0fF__roL8p5mm__tee_fl160um_fc12_cg1p2um__rpg1p4um,4.72621293074,6.21473069466,5.538169261859894,253.698082410752,6.053599860673863,3.414226057336486e-08,0.0008734532699996578,0.05805659757000026,0.005265966566085467,9.364521461904985,0.11561943828422638
SQuADDS_fqOnly,108,chip_simple_dx2p727_dym6p364__Lj12p0nH_Cj2p0fF__roL8p5mm__tee_fl160um_fc12_cg1p2um__rpg1p4um,4.72708638401,6.15667409709,5.543435228425979,244.333560948847,5.937980422389637,9,chip_simple_dx0p000_dym10p000__Lj12p0nH_Cj2p0fF__roL8p5mm__tee_fl160um_fc12_cg1p2um__rpg1p4um,4.72617335759,6.18783165048,5.473578181682586,247.93824058661983,5.979999407972001,3.730607955166983e-08,0.0009130264200001292,0.031157553389999926,0.06985704674339299,3.6046796377728185,0.04201898558236472
SQuADDS_fqOnly,108,chip_simple_dx2p727_dym6p364__Lj12p0nH_Cj2p0fF__roL8p5mm__tee_fl160um_fc12_cg1p2um__rpg1p4um,4.72708638401,6.15667409709,5.543435228425979,244.333560948847,5.937980422389637,10,chip_simple_dx7p273_dy8p182__Lj12p0nH_Cj2p0fF__roL8p5mm__tee_fl160um_fc12_cg1p2um__rpg1p4um,4.72840082103,5.97315210181,5.691267652456284,217.62866557447816,5.647951458913108,7.732011418143835e-08,0.0013144370200004474,0.18352199527999957,0.14783242403030528,26.704895374368846,0.2900289634765283
SQuADDS_fqOnly,109,chip_simple_dx2p727_dym2p727__Lj12p0nH_Cj2p0fF__roL8p5mm__tee_fl160um_fc12_cg1p2um__rpg1p4um,4.74631445878,6.09700835048,5.432559073844909,228.52115913635785,5.873822536131756,1,chip_simple_dx0p909_dy0p909__Lj12p0nH_Cj2p0fF__roL8p5mm__tee_fl160um_fc12_cg1p2um__rpg1p4um,4.74629473326,6.04239971887,5.894084815874099,229.19790488610408,5.810269347557483,1.7272050737623942e-11,1.9725519999624908e-05,0.054608631610000735,0.46152574202919006,0.6767457497462317,0.06355318857427328
SQuADDS_fqOnly,109,chip_simple_dx2p727_dym2p727__Lj12p0nH_Cj2p0fF__roL8p5mm__tee_fl160um_fc12_cg1p2um__rpg1p4um,4.74631445878,6.09700835048,5.432559073844909,228.52115913635785,5.873822536131756,2,chip_simple_dxm2p727_dy1p818__Lj12p0nH_Cj2p0fF__roL8p5mm__tee_fl160um_fc12_cg1p2um__rpg1p4um,4.74603018436,6.11585771515,5.539317374271392,233.78375966019303,5.921034401913258,3.587257462573043e-09,0.0002842744199993419,0.018849364669999424,0.10675830042648293,5.262600523835175,0.047211865781501494
SQuADDS_fqOnly,109,chip_simple_dx2p727_dym2p727__Lj12p0nH_Cj2p0fF__roL8p5mm__tee_fl160um_fc12_cg1p2um__rpg1p4um,4.74631445878,6.09700835048,5.432559073844909,228.52115913635785,5.873822536131756,3,chip_simple_dxm10p000_dym5p455__Lj12p0nH_Cj2p0fF__roL8p5mm__tee_fl160um_fc12_cg1p2um__rpg1p4um,4.74663028203,6.09244739086,5.497690521795272,229.06180088997965,5.833596212181217,4.427669340650815e-09,0.0003158232500002356,0.004560959620000027,0.06513144795036307,0.5406417536217987,0.04022632395053982
SQuADDS_fqOnly,109,chip_simple_dx2p727_dym2p727__Lj12p0nH_Cj2p0fF__roL8p5mm__tee_fl160um_fc12_cg1p2um__rpg1p4um,4.74631445878,6.09700835048,5.432559073844909,228.52115913635785,5.873822536131756,4,chip_simple_dx3p636_dym0p909__Lj12p0nH_Cj2p0fF__roL8p5mm__tee_fl160um_fc12_cg1p2um__rpg1p4um,4.74682723468,6.06657591767,5.891095231824875,232.95693903075104,5.84385390194947,1.1671917107096742e-08,0.0005127758999998733,0.03043243281000052,0.4585361579799656,4.4357798943931925,0.029968634182286458
SQuADDS_fqOnly,109,chip_simple_dx2p727_dym2p727__Lj12p0nH_Cj2p0fF__roL8p5mm__tee_fl160um_fc12_cg1p2um__rpg1p4um,4.74631445878,6.09700835048,5.432559073844909,228.52115913635785,5.873822536131756,5,chip_simple_dxm6p364_dy5p455__Lj12p0nH_Cj2p0fF__roL8p5mm__tee_fl160um_fc12_cg1p2um__rpg1p4um,4.74714722938,6.10190388125,5.5239915411624905,230.99470980116783,5.886184494438364,3.078490037676739e-08,0.000832770600000643,0.004895530769999823,0.09143246731758126,2.473550664809977,0.01236195830660769
SQuADDS_fqOnly,109,chip_simple_dx2p727_dym2p727__Lj12p0nH_Cj2p0fF__roL8p5mm__tee_fl160um_fc12_cg1p2um__rpg1p4um,4.74631445878,6.09700835048,5.432559073844909,228.52115913635785,5.873822536131756,6,chip_simple_dx3p636_dym9p091__Lj12p0nH_Cj2p0fF__roL8p5mm__tee_fl160um_fc12_cg1p2um__rpg1p4um,4.74762783623,6.02799146582,5.311174287874222,214.95375549931185,5.736266000675814,7.657131302048473e-08,0.0013133774500007078,0.06901688466000078,0.12138478597068758,13.567403637045999,0.1375565354559427
SQuADDS_fqOnly,109,chip_simple_dx2p727_dym2p727__Lj12p0nH_Cj2p0fF__roL8p5mm__tee_fl160um_fc12_cg1p2um__rpg1p4um,4.74631445878,6.09700835048,5.432559073844909,228.52115913635785,5.873822536131756,7,chip_simple_dxm8p182_dym2p727__Lj12p0nH_Cj2p0fF__roL8p5mm__tee_fl160um_fc12_cg1p2um__rpg1p4um,4.74763898771,6.06492901197,5.550595968381882,225.6424239894449,5.805846601859689,7.787711965719582e-08,0.001324528930000568,0.03207933851,0.11803689453697253,2.878735146912959,0.06797593427206738
SQuADDS_fqOnly,109,chip_simple_dx2p727_dym2p727__Lj12p0nH_Cj2p0fF__roL8p5mm__tee_fl160um_fc12_cg1p2um__rpg1p4um,4.74631445878,6.09700835048,5.432559073844909,228.52115913635785,5.873822536131756,8,chip_simple_dx9p091_dym3p636__Lj12p0nH_Cj2p0fF__roL8p5mm__tee_fl160um_fc12_cg1p2um__rpg1p4um,4.74768350608,6.11192641656,5.676827084125518,235.79656019646745,5.912170509194911,8.320010792558917e-08,0.0013690472999998704,0.014918066079999903,0.24426801028060918,7.275401060109601,0.038347973063154406
SQuADDS_fqOnly,109,chip_simple_dx2p727_dym2p727__Lj12p0nH_Cj2p0fF__roL8p5mm__tee_fl160um_fc12_cg1p2um__rpg1p4um,4.74631445878,6.09700835048,5.432559073844909,228.52115913635785,5.873822536131756,9,chip_simple_dx3p636_dym8p182__Lj12p0nH_Cj2p0fF__roL8p5mm__tee_fl160um_fc12_cg1p2um__rpg1p4um,4.74482600745,6.1760125541,6.058807715967178,255.0247737127476,5.96832645813201,9.834590030726176e-08,0.0014884513299993074,0.07900420361999938,0.6262486421222686,26.503614576389737,0.09450392200025348
SQuADDS_fqOnly,109,chip_simple_dx2p727_dym2p727__Lj12p0nH_Cj2p0fF__roL8p5mm__tee_fl160um_fc12_cg1p2um__rpg1p4um,4.74631445878,6.09700835048,5.432559073844909,228.52115913635785,5.873822536131756,10,chip_simple_dx10p000_dym7p273__Lj12p0nH_Cj2p0fF__roL8p5mm__tee_fl160um_fc12_cg1p2um__rpg1p4um,4.74780746006,6.110765979,5.967518097417831,241.6074469436823,5.84184513151947,9.894807363932821e-08,0.0014930012800000725,0.01375762851999962,0.534959023572922,13.086287807324453,0.031977404612286264
SQuADDS_fqOnly,110,chip_simple_dx2p727_dym1p818__Lj12p0nH_Cj2p0fF__roL8p5mm__tee_fl160um_fc12_cg1p2um__rpg1p4um,4.79645156373,6.00832875415,5.780460235179901,211.2241767155577,5.742636683458404,1,chip_simple_dx0p000_dym4p545__Lj12p0nH_Cj2p0fF__roL8p5mm__tee_fl160um_fc12_cg1p2um__rpg1p4um,4.79428247445,6.13515444283,5.179095958950042,219.54335034771063,5.916681344787001,2.0451008520742568e-07,0.002169089279999703,0.12682568868000033,0.6013642762298588,8.319173632152939,0.17404466132859753
SQuADDS_fqOnly,110,chip_simple_dx2p727_dym1p818__Lj12p0nH_Cj2p0fF__roL8p5mm__tee_fl160um_fc12_cg1p2um__rpg1p4um,4.79645156373,6.00832875415,5.780460235179901,211.2241767155577,5.742636683458404,2,chip_simple_dx4p545_dy5p455__Lj12p0nH_Cj2p0fF__roL8p5mm__tee_fl160um_fc12_cg1p2um__rpg1p4um,4.79418626685,6.08500156739,5.524672909627914,218.89374055263784,5.839393681887264,2.230540572831106e-07,0.0022652968800001005,0.07667281324000008,0.2557873255519869,7.6695638370801476,0.09675699842886054
SQuADDS_fqOnly,110,chip_simple_dx2p727_dym1p818__Lj12p0nH_Cj2p0fF__roL8p5mm__tee_fl160um_fc12_cg1p2um__rpg1p4um,4.79645156373,6.00832875415,5.780460235179901,211.2241767155577,5.742636683458404,3,fig5_cg0p5um_rpg1p5um__Lj12p0nH_Cj0p0fF__roL8p5mm__tee_fl160um_fc12,4.79374824014,5.11789735856,18.8786309748764,123.35933929082648,4.718805625509781,3.17655180229534e-07,0.0027033235899995844,0.8904313955900003,13.0981707396965,87.8648374247312,1.0238310579486223
SQuADDS_fqOnly,110,chip_simple_dx2p727_dym1p818__Lj12p0nH_Cj2p0fF__roL8p5mm__tee_fl160um_fc12_cg1p2um__rpg1p4um,4.79645156373,6.00832875415,5.780460235179901,211.2241767155577,5.742636683458404,4,chip_simple_dxm0p909_dym5p455__Lj12p0nH_Cj2p0fF__roL8p5mm__tee_fl160um_fc12_cg1p2um__rpg1p4um,4.79958492684,6.1502852982,4.78491466264534,212.0774651837224,5.99525621369233,4.267576606033481e-07,0.003133363109999898,0.14195654405000013,0.995545572534561,0.8532884681647204,0.25261953023392625
SQuADDS_fqOnly,110,chip_simple_dx2p727_dym1p818__Lj12p0nH_Cj2p0fF__roL8p5mm__tee_fl160um_fc12_cg1p2um__rpg1p4um,4.79645156373,6.00832875415,5.780460235179901,211.2241767155577,5.742636683458404,5,chip_simple_dx5p455_dym0p909__Lj12p0nH_Cj2p0fF__roL8p5mm__tee_fl160um_fc12_cg1p2um__rpg1p4um,4.7930652742,6.12875251186,5.394133037059784,223.2748147250602,5.91572486547393,4.984344474203594e-07,0.003386289529999864,0.12042375771000025,0.3863271981201173,12.050638009502507,0.17308818201552612
SQuADDS_fqOnly,110,chip_simple_dx2p727_dym1p818__Lj12p0nH_Cj2p0fF__roL8p5mm__tee_fl160um_fc12_cg1p2um__rpg1p4um,4.79645156373,6.00832875415,5.780460235179901,211.2241767155577,5.742636683458404,6,fig5_cg1p0um_rpg1p5um__Lj12p0nH_Cj0p0fF__roL8p5mm__tee_fl160um_fc12,4.79990762773,5.93734773014,7.211306133548736,222.8918736386996,5.66911545033236,5.191865415893397e-07,0.00345606399999987,0.07098102400999995,1.430845898368835,11.667696923141904,0.0735212331260433
SQuADDS_fqOnly,110,chip_simple_dx2p727_dym1p818__Lj12p0nH_Cj2p0fF__roL8p5mm__tee_fl160um_fc12_cg1p2um__rpg1p4um,4.79645156373,6.00832875415,5.780460235179901,211.2241767155577,5.742636683458404,7,chip_simple_dx5p455_dy5p455__Lj12p0nH_Cj2p0fF__roL8p5mm__tee_fl160um_fc12_cg1p2um__rpg1p4um,4.79166371185,6.05484777073,5.335296250137329,211.0122938310696,5.777759592215692,9.964173621616293e-07,0.004787851879999749,0.04651901658000046,0.44516398504257193,0.2118828844880909,0.03512290875728841
SQuADDS_fqOnly,110,chip_simple_dx2p727_dym1p818__Lj12p0nH_Cj2p0fF__roL8p5mm__tee_fl160um_fc12_cg1p2um__rpg1p4um,4.79645156373,6.00832875415,5.780460235179901,211.2241767155577,5.742636683458404,8,chip_simple_dxm4p545_dy1p818__Lj12p0nH_Cj2p0fF__roL8p5mm__tee_fl160um_fc12_cg1p2um__rpg1p4um,4.7912337707,6.04949503992,5.623098915470123,215.8825327452169,5.82735004160752,1.183405464251314e-06,0.0052177930299999176,0.041166285770000144,0.15736131970977763,4.658356029659217,0.0847133581491164
SQuADDS_fqOnly,110,chip_simple_dx2p727_dym1p818__Lj12p0nH_Cj2p0fF__roL8p5mm__tee_fl160um_fc12_cg1p2um__rpg1p4um,4.79645156373,6.00832875415,5.780460235179901,211.2241767155577,5.742636683458404,9,chip_simple_dx10p000_dy6p364__Lj12p0nH_Cj2p0fF__roL8p5mm__tee_fl160um_fc12_cg1p2um__rpg1p4um,4.78966551444,6.19573101445,5.30974208485794,232.5106784208788,6.026638854738782,2.0016765125502904e-06,0.006786049289999596,0.18740226029999985,0.47071815032196085,21.286501705321115,0.2840021712803784
SQuADDS_fqOnly,110,chip_simple_dx2p727_dym1p818__Lj12p0nH_Cj2p0fF__roL8p5mm__tee_fl160um_fc12_cg1p2um__rpg1p4um,4.79645156373,6.00832875415,5.780460235179901,211.2241767155577,5.742636683458404,10,chip_simple_dx0p909_dy7p273__Lj12p0nH_Cj2p0fF__roL8p5mm__tee_fl160um_fc12_cg1p2um__rpg1p4um,4.787298265,6.12194872056,5.503688935358047,225.6752448335204,5.946141167085224,3.641792074190648e-06,0.00915329872999937,0.11361996640999994,0.27677129982185367,14.451068117962706,0.20350448362682005
SQuADDS_fqOnly,111,chip_simple_dx3p636_dym3p636__Lj12p0nH_Cj2p0fF__roL8p5mm__tee_fl160um_fc12_cg1p2um__rpg1p4um,4.74777878771,6.12954537699,6.021033943702697,245.8580906627232,5.948433271599349,1,chip_simple_dx10p000_dym7p273__Lj12p0nH_Cj2p0fF__roL8p5mm__tee_fl160um_fc12_cg1p2um__rpg1p4um,4.74780746006,6.110765979,5.967518097417831,241.6074469436823,5.84184513151947,3.647082833820008e-11,2.8672350000036317e-05,0.01877939799000039,0.053515846284866164,4.250643719040909,0.10658814007987871
SQuADDS_fqOnly,111,chip_simple_dx3p636_dym3p636__Lj12p0nH_Cj2p0fF__roL8p5mm__tee_fl160um_fc12_cg1p2um__rpg1p4um,4.74777878771,6.12954537699,6.021033943702697,245.8580906627232,5.948433271599349,2,chip_simple_dxm4p545_dym5p455__Lj12p0nH_Cj2p0fF__roL8p5mm__tee_fl160um_fc12_cg1p2um__rpg1p4um,4.74780934755,6.01171066353,5.136955881889343,208.8049312132329,5.762839564068083,4.143059788873946e-11,3.055983999988854e-05,0.11783471346000063,0.8840780618133541,37.05315944949032,0.18559370753126547
SQuADDS_fqOnly,111,chip_simple_dx3p636_dym3p636__Lj12p0nH_Cj2p0fF__roL8p5mm__tee_fl160um_fc12_cg1p2um__rpg1p4um,4.74777878771,6.12954537699,6.021033943702697,245.8580906627232,5.948433271599349,3,chip_simple_dx9p091_dym3p636__Lj12p0nH_Cj2p0fF__roL8p5mm__tee_fl160um_fc12_cg1p2um__rpg1p4um,4.74768350608,6.11192641656,5.676827084125518,235.79656019646745,5.912170509194911,4.0275172080146594e-10,9.528163000016576e-05,0.017618960430000108,0.344206859577179,10.06153046625576,0.03626276240443804
SQuADDS_fqOnly,111,chip_simple_dx3p636_dym3p636__Lj12p0nH_Cj2p0fF__roL8p5mm__tee_fl160um_fc12_cg1p2um__rpg1p4um,4.74777878771,6.12954537699,6.021033943702697,245.8580906627232,5.948433271599349,4,chip_simple_dxm8p182_dym2p727__Lj12p0nH_Cj2p0fF__roL8p5mm__tee_fl160um_fc12_cg1p2um__rpg1p4um,4.74763898771,6.06492901197,5.550595968381882,225.6424239894449,5.805846601859689,8.670285358136411e-10,0.00013979999999946813,0.06461636502000001,0.47043797532081566,20.21566667327832,0.14258666973965983
SQuADDS_fqOnly,111,chip_simple_dx3p636_dym3p636__Lj12p0nH_Cj2p0fF__roL8p5mm__tee_fl160um_fc12_cg1p2um__rpg1p4um,4.74777878771,6.12954537699,6.021033943702697,245.8580906627232,5.948433271599349,5,chip_simple_dx3p636_dym9p091__Lj12p0nH_Cj2p0fF__roL8p5mm__tee_fl160um_fc12_cg1p2um__rpg1p4um,4.74762783623,6.02799146582,5.311174287874222,214.95375549931185,5.736266000675814,1.0108664883204895e-09,0.00015095147999932834,0.10155391117000079,0.7098596558284758,30.90433516341136,0.21216727092353516
SQuADDS_fqOnly,111,chip_simple_dx3p636_dym3p636__Lj12p0nH_Cj2p0fF__roL8p5mm__tee_fl160um_fc12_cg1p2um__rpg1p4um,4.74777878771,6.12954537699,6.021033943702697,245.8580906627232,5.948433271599349,6,chip_simple_dxm1p818_dym8p182__Lj12p0nH_Cj2p0fF__roL8p5mm__tee_fl160um_fc12_cg1p2um__rpg1p4um,4.74798045488,6.11757693515,5.274850255846023,227.969236976316,5.908298446157694,1.804219848413066e-09,0.00020166717000069667,0.011968441840000565,0.7461836878566741,17.888853686407202,0.0401348254416547
SQuADDS_fqOnly,111,chip_simple_dx3p636_dym3p636__Lj12p0nH_Cj2p0fF__roL8p5mm__tee_fl160um_fc12_cg1p2um__rpg1p4um,4.74777878771,6.12954537699,6.021033943702697,245.8580906627232,5.948433271599349,7,chip_simple_dx9p091_dy7p273__Lj12p0nH_Cj2p0fF__roL8p5mm__tee_fl160um_fc12_cg1p2um__rpg1p4um,4.74811539599,6.14296840617,5.273498021167755,231.89650692330616,5.867078405195409,5.0265341544478425e-09,0.00033660828000048326,0.013423029179999268,0.7475359225349427,13.961583739417051,0.08135486640393985
SQuADDS_fqOnly,111,chip_simple_dx3p636_dym3p636__Lj12p0nH_Cj2p0fF__roL8p5mm__tee_fl160um_fc12_cg1p2um__rpg1p4um,4.74777878771,6.12954537699,6.021033943702697,245.8580906627232,5.948433271599349,8,chip_simple_dx9p091_dym1p818__Lj12p0nH_Cj2p0fF__roL8p5mm__tee_fl160um_fc12_cg1p2um__rpg1p4um,4.74819591368,6.22592544422,5.092063777423858,240.3890325096089,6.030365991562808,7.718866107389899e-09,0.0004171259700003205,0.09638006722999926,0.9289701662788392,5.469058153114304,0.08193271996345874
SQuADDS_fqOnly,111,chip_simple_dx3p636_dym3p636__Lj12p0nH_Cj2p0fF__roL8p5mm__tee_fl160um_fc12_cg1p2um__rpg1p4um,4.74777878771,6.12954537699,6.021033943702697,245.8580906627232,5.948433271599349,9,chip_simple_dx7p273_dy3p636__Lj12p0nH_Cj2p0fF__roL8p5mm__tee_fl160um_fc12_cg1p2um__rpg1p4um,4.74821889126,6.18095763125,5.310853707441329,238.5284024323724,5.986140819335255,8.592683034819069e-09,0.000440103549999904,0.051412254259999735,0.7101802362613681,7.3296882303508255,0.037707547735906566
SQuADDS_fqOnly,111,chip_simple_dx3p636_dym3p636__Lj12p0nH_Cj2p0fF__roL8p5mm__tee_fl160um_fc12_cg1p2um__rpg1p4um,4.74777878771,6.12954537699,6.021033943702697,245.8580906627232,5.948433271599349,10,chip_simple_dx8p182_dy3p636__Lj12p0nH_Cj2p0fF__roL8p5mm__tee_fl160um_fc12_cg1p2um__rpg1p4um,4.74833115983,6.10316137397,5.395294238792419,228.2050160306239,5.868324301832488,1.3535756993875576e-08,0.0005523721200004772,0.026384003020000435,0.625739704910278,17.653074632099305,0.08010896976686066
SQuADDS_fqOnly,112,chip_simple_dx4p545_dym8p182__Lj12p0nH_Cj2p0fF__roL8p5mm__tee_fl160um_fc12_cg1p2um__rpg1p4um,4.75308547284,6.17343119835,5.396160117353439,238.3080880769413,5.979312965249873,1,chip_simple_dx6p364_dy2p727__Lj12p0nH_Cj2p0fF__roL8p5mm__tee_fl160um_fc12_cg1p2um__rpg1p4um,4.75293196551,6.07708289994,5.740933858938217,230.41754424422072,5.810778700049102,1.0430544677818195e-09,0.00015350732999941386,0.09634829841000059,0.3447737415847776,7.890543832720567,0.16853426520077086
SQuADDS_fqOnly,112,chip_simple_dx4p545_dym8p182__Lj12p0nH_Cj2p0fF__roL8p5mm__tee_fl160um_fc12_cg1p2um__rpg1p4um,4.75308547284,6.17343119835,5.396160117353439,238.3080880769413,5.979312965249873,2,chip_simple_dx0p000_dy4p545__Lj12p0nH_Cj2p0fF__roL8p5mm__tee_fl160um_fc12_cg1p2um__rpg1p4um,4.75286142116,6.08882350457,5.892952473888397,235.49238786023307,5.8850993721358345,2.2220056618061687e-09,0.00022405167999917097,0.08460769378000066,0.4967923565349581,2.8157002167082226,0.09421359311403865
SQuADDS_fqOnly,112,chip_simple_dx4p545_dym8p182__Lj12p0nH_Cj2p0fF__roL8p5mm__tee_fl160um_fc12_cg1p2um__rpg1p4um,4.75308547284,6.17343119835,5.396160117353439,238.3080880769413,5.979312965249873,3,chip_simple_dx3p636_dy10p000__Lj12p0nH_Cj2p0fF__roL8p5mm__tee_fl160um_fc12_cg1p2um__rpg1p4um,4.75276132751,6.0254162175,6.153329925121307,230.03465147640503,5.771482613463284,4.650806704725304e-09,0.0003241453299995811,0.1480149808500002,0.7571698077678679,8.273436600536257,0.2078303517865887
SQuADDS_fqOnly,112,chip_simple_dx4p545_dym8p182__Lj12p0nH_Cj2p0fF__roL8p5mm__tee_fl160um_fc12_cg1p2um__rpg1p4um,4.75308547284,6.17343119835,5.396160117353439,238.3080880769413,5.979312965249873,4,chip_simple_dx2p727_dym7p273__Lj12p0nH_Cj2p0fF__roL8p5mm__tee_fl160um_fc12_cg1p2um__rpg1p4um,4.75350553829,6.23137226029,5.515988144140243,250.035837607935,6.081021639957449,7.810569067623136e-09,0.00042006545000017326,0.05794106193999937,0.11982802678680393,11.72774953099372,0.1017086747075755
SQuADDS_fqOnly,112,chip_simple_dx4p545_dym8p182__Lj12p0nH_Cj2p0fF__roL8p5mm__tee_fl160um_fc12_cg1p2um__rpg1p4um,4.75308547284,6.17343119835,5.396160117353439,238.3080880769413,5.979312965249873,5,chip_simple_dxm3p636_dym5p455__Lj12p0nH_Cj2p0fF__roL8p5mm__tee_fl160um_fc12_cg1p2um__rpg1p4um,4.75384647125,6.17600229225,5.254790726247787,235.36565084982217,5.967505983663928,2.5633992359253008e-08,0.0007609984100005462,0.0025710938999994326,0.14136939110565194,2.9424372271191146,0.011806981585944953
SQuADDS_fqOnly,112,chip_simple_dx4p545_dym8p182__Lj12p0nH_Cj2p0fF__roL8p5mm__tee_fl160um_fc12_cg1p2um__rpg1p4um,4.75308547284,6.17343119835,5.396160117353439,238.3080880769413,5.979312965249873,6,chip_simple_dx8p182_dy4p545__Lj12p0nH_Cj2p0fF__roL8p5mm__tee_fl160um_fc12_cg1p2um__rpg1p4um,4.75384775336,6.16753807894,5.472293931138992,238.92779525541928,6.000528213189532,2.572044006543441e-08,0.0007622805200000471,0.00589311941000048,0.07613381378555317,0.6197071784779951,0.021215247939658788
SQuADDS_fqOnly,112,chip_simple_dx4p545_dym8p182__Lj12p0nH_Cj2p0fF__roL8p5mm__tee_fl160um_fc12_cg1p2um__rpg1p4um,4.75308547284,6.17343119835,5.396160117353439,238.3080880769413,5.979312965249873,7,chip_simple_dx9p091_dym2p727__Lj12p0nH_Cj2p0fF__roL8p5mm__tee_fl160um_fc12_cg1p2um__rpg1p4um,4.75421160279,6.18453840176,5.473107182682037,241.5748597938345,5.95940112810006,5.613397147313389e-08,0.0011261299500002764,0.011107203409999933,0.07694706532859819,3.266771716893203,0.01991183714981304
SQuADDS_fqOnly,112,chip_simple_dx4p545_dym8p182__Lj12p0nH_Cj2p0fF__roL8p5mm__tee_fl160um_fc12_cg1p2um__rpg1p4um,4.75308547284,6.17343119835,5.396160117353439,238.3080880769413,5.979312965249873,8,chip_simple_dx8p182_dym7p273__Lj12p0nH_Cj2p0fF__roL8p5mm__tee_fl160um_fc12_cg1p2um__rpg1p4um,4.75453402814,6.05826619394,5.752804228256226,227.26530590646345,5.792570418204838,9.287929510392596e-08,0.0014485553000005424,0.11516500441000055,0.3566441109027867,11.042782170477835,0.1867425470450348
SQuADDS_fqOnly,112,chip_simple_dx4p545_dym8p182__Lj12p0nH_Cj2p0fF__roL8p5mm__tee_fl160um_fc12_cg1p2um__rpg1p4um,4.75308547284,6.17343119835,5.396160117353439,238.3080880769413,5.979312965249873,9,chip_simple_dxm2p727_dy4p545__Lj12p0nH_Cj2p0fF__roL8p5mm__tee_fl160um_fc12_cg1p2um__rpg1p4um,4.75153648539,6.12686754084,5.701167658432007,237.858845654832,5.866682937277906,1.0620489892631877e-07,0.0015489874499996503,0.046563657510000134,0.30500754107856753,0.449242422109279,0.1126300279719672
SQuADDS_fqOnly,112,chip_simple_dx4p545_dym8p182__Lj12p0nH_Cj2p0fF__roL8p5mm__tee_fl160um_fc12_cg1p2um__rpg1p4um,4.75308547284,6.17343119835,5.396160117353439,238.3080880769413,5.979312965249873,10,chip_simple_dxm4p545_dym2p727__Lj12p0nH_Cj2p0fF__roL8p5mm__tee_fl160um_fc12_cg1p2um__rpg1p4um,4.75133436782,6.26297506595,5.207407996995926,248.15573910645995,6.105858265342065,1.3572915266800328e-07,0.0017511050199994216,0.08954386759999977,0.18875212035751332,9.847651029518659,0.12654530009219211
SQuADDS_fqOnly,113,chip_simple_dx4p545_dy1p818__Lj12p0nH_Cj2p0fF__roL8p5mm__tee_fl160um_fc12_cg1p2um__rpg1p4um,4.69868257573,6.0187323908,6.370664913076401,244.86051310279487,5.748930898042892,1,chip_simple_dxm9p091_dym3p636__Lj12p0nH_Cj2p0fF__roL8p5mm__tee_fl160um_fc12_cg1p2um__rpg1p4um,4.69849918476,6.1890369169,5.88604940322876,263.4189569943742,6.029108285903374,1.5233639769307246e-09,0.00018339097000019677,0.1703045260999998,0.48461550984764123,18.558443891579316,0.28017738786048163
SQuADDS_fqOnly,113,chip_simple_dx4p545_dy1p818__Lj12p0nH_Cj2p0fF__roL8p5mm__tee_fl160um_fc12_cg1p2um__rpg1p4um,4.69868257573,6.0187323908,6.370664913076401,244.86051310279487,5.748930898042892,2,chip_simple_dx9p091_dym0p909__Lj12p0nH_Cj2p0fF__roL8p5mm__tee_fl160um_fc12_cg1p2um__rpg1p4um,4.69833241253,5.9700084278,6.424561027713775,237.54943824235883,5.679426145956277,5.553781523267796e-09,0.00035016320000025303,0.04872396300000048,0.053896114637374204,7.311074860436037,0.06950475208661544
SQuADDS_fqOnly,113,chip_simple_dx4p545_dy1p818__Lj12p0nH_Cj2p0fF__roL8p5mm__tee_fl160um_fc12_cg1p2um__rpg1p4um,4.69868257573,6.0187323908,6.370664913076401,244.86051310279487,5.748930898042892,3,chip_simple_dxm3p636_dym6p364__Lj12p0nH_Cj2p0fF__roL8p5mm__tee_fl160um_fc12_cg1p2um__rpg1p4um,4.69919145175,6.17226446551,5.555493060129165,252.9426854633619,5.946935337018482,1.1729290920188612e-08,0.0005088760199996045,0.1535320747099993,0.8151718529472358,8.082172360567029,0.19800443897559017
SQuADDS_fqOnly,113,chip_simple_dx4p545_dy1p818__Lj12p0nH_Cj2p0fF__roL8p5mm__tee_fl160um_fc12_cg1p2um__rpg1p4um,4.69868257573,6.0187323908,6.370664913076401,244.86051310279487,5.748930898042892,4,chip_simple_dxm8p182_dy8p182__Lj12p0nH_Cj2p0fF__roL8p5mm__tee_fl160um_fc12_cg1p2um__rpg1p4um,4.69817066512,6.00885580001,6.295239226005554,241.8291948786944,5.700576278405732,1.1869599032573353e-08,0.0005119106100002213,0.00987659079000025,0.07542568707084651,3.0313182241004597,0.048354619637160035
SQuADDS_fqOnly,113,chip_simple_dx4p545_dy1p818__Lj12p0nH_Cj2p0fF__roL8p5mm__tee_fl160um_fc12_cg1p2um__rpg1p4um,4.69868257573,6.0187323908,6.370664913076401,244.86051310279487,5.748930898042892,5,chip_simple_dxm0p909_dym8p182__Lj12p0nH_Cj2p0fF__roL8p5mm__tee_fl160um_fc12_cg1p2um__rpg1p4um,4.69924154033,6.09992513873,5.408171934171676,238.0058622200954,5.864927398734324,1.41519535665604e-08,0.0005589645999997117,0.08119274792999942,0.9624929789047245,6.854650882699474,0.11599650069143141
SQuADDS_fqOnly,113,chip_simple_dx4p545_dy1p818__Lj12p0nH_Cj2p0fF__roL8p5mm__tee_fl160um_fc12_cg1p2um__rpg1p4um,4.69868257573,6.0187323908,6.370664913076401,244.86051310279487,5.748930898042892,6,chip_simple_dx9p091_dy10p000__Lj12p0nH_Cj2p0fF__roL8p5mm__tee_fl160um_fc12_cg1p2um__rpg1p4um,4.69926836053,5.96788032666,6.480939449926376,237.9698333652788,5.70456835918075,1.5542611196853518e-08,0.0005857847999992671,0.05085206414000076,0.11027453684997557,6.890679737516081,0.04436253886214203
SQuADDS_fqOnly,113,chip_simple_dx4p545_dy1p818__Lj12p0nH_Cj2p0fF__roL8p5mm__tee_fl160um_fc12_cg1p2um__rpg1p4um,4.69868257573,6.0187323908,6.370664913076401,244.86051310279487,5.748930898042892,7,chip_simple_dx8p182_dym9p091__Lj12p0nH_Cj2p0fF__roL8p5mm__tee_fl160um_fc12_cg1p2um__rpg1p4um,4.69794764375,5.92675568612,6.2352093673686975,226.629875520666,5.613791258445734,2.4464822994596887e-08,0.0007349319800002974,0.09197670468000041,0.13545554570770335,18.230637582128878,0.13513963959715802
SQuADDS_fqOnly,113,chip_simple_dx4p545_dy1p818__Lj12p0nH_Cj2p0fF__roL8p5mm__tee_fl160um_fc12_cg1p2um__rpg1p4um,4.69868257573,6.0187323908,6.370664913076401,244.86051310279487,5.748930898042892,8,chip_simple_dxm4p545_dym9p091__Lj12p0nH_Cj2p0fF__roL8p5mm__tee_fl160um_fc12_cg1p2um__rpg1p4um,4.69773021733,5.95687180339,6.086008621444702,228.9567271397228,5.6533002689778415,4.1081720147933994e-08,0.0009523584000001861,0.06186058741,0.28465629163169925,15.903785963072067,0.0956306290650506
SQuADDS_fqOnly,113,chip_simple_dx4p545_dy1p818__Lj12p0nH_Cj2p0fF__roL8p5mm__tee_fl160um_fc12_cg1p2um__rpg1p4um,4.69868257573,6.0187323908,6.370664913076401,244.86051310279487,5.748930898042892,9,chip_simple_dxm7p273_dy7p273__Lj12p0nH_Cj2p0fF__roL8p5mm__tee_fl160um_fc12_cg1p2um__rpg1p4um,4.69770669043,6.09161802121,5.5645804030818935,240.523075125168,5.8060088329952375,4.3136543128065665e-08,0.0009758852999999235,0.07288563041000007,0.8060845099945073,4.337437977626877,0.057077934952345366
SQuADDS_fqOnly,113,chip_simple_dx4p545_dy1p818__Lj12p0nH_Cj2p0fF__roL8p5mm__tee_fl160um_fc12_cg1p2um__rpg1p4um,4.69868257573,6.0187323908,6.370664913076401,244.86051310279487,5.748930898042892,10,chip_simple_dx8p182_dy8p182__Lj12p0nH_Cj2p0fF__roL8p5mm__tee_fl160um_fc12_cg1p2um__rpg1p4um,4.69745140842,6.12940857106,6.00176041119194,256.33160974703685,5.915191680844501,6.865654387261996e-08,0.0012311673100002807,0.11067618025999959,0.3689045018844608,11.471096644241982,0.16626078280160872
SQuADDS_fqOnly,114,chip_simple_dx5p455_dym4p545__Lj12p0nH_Cj2p0fF__roL8p5mm__tee_fl160um_fc12_cg1p2um__rpg1p4um,4.69472936147,5.99210974881,6.508161545293808,243.8217298199476,5.725711006734401,1,chip_simple_dx8p182_dy5p455__Lj12p0nH_Cj2p0fF__roL8p5mm__tee_fl160um_fc12_cg1p2um__rpg1p4um,4.69475515897,6.18930512161,5.745368988786697,261.0935447038348,5.922836316982369,3.019493641494095e-11,2.57974999993138e-05,0.19719537280000043,0.7627925565071108,17.27181488388723,0.19712531024796753
SQuADDS_fqOnly,114,chip_simple_dx5p455_dym4p545__Lj12p0nH_Cj2p0fF__roL8p5mm__tee_fl160um_fc12_cg1p2um__rpg1p4um,4.69472936147,5.99210974881,6.508161545293808,243.8217298199476,5.725711006734401,2,chip_simple_dx10p000_dym1p818__Lj12p0nH_Cj2p0fF__roL8p5mm__tee_fl160um_fc12_cg1p2um__rpg1p4um,4.69464793401,6.11019400861,6.101083616342544,255.8484712973412,5.818187065933997,3.008296600512002e-10,8.142746000050494e-05,0.11808425979999981,0.4070779289512636,12.026741477393614,0.0924760591995959
SQuADDS_fqOnly,114,chip_simple_dx5p455_dym4p545__Lj12p0nH_Cj2p0fF__roL8p5mm__tee_fl160um_fc12_cg1p2um__rpg1p4um,4.69472936147,5.99210974881,6.508161545293808,243.8217298199476,5.725711006734401,3,chip_simple_dx1p818_dy9p091__Lj12p0nH_Cj2p0fF__roL8p5mm__tee_fl160um_fc12_cg1p2um__rpg1p4um,4.69496856783,6.12283227216,5.541488399610519,245.5961565570783,5.835966686470624,2.596117364852334e-09,0.00023920635999985507,0.13072252335000023,0.9666731456832887,1.7744267371307103,0.1102556797362233
SQuADDS_fqOnly,114,chip_simple_dx5p455_dym4p545__Lj12p0nH_Cj2p0fF__roL8p5mm__tee_fl160um_fc12_cg1p2um__rpg1p4um,4.69472936147,5.99210974881,6.508161545293808,243.8217298199476,5.725711006734401,4,chip_simple_dx10p000_dy4p545__Lj12p0nH_Cj2p0fF__roL8p5mm__tee_fl160um_fc12_cg1p2um__rpg1p4um,4.69438852903,6.23711654308,5.793405339859008,270.04668404490945,6.066853802259337,5.270608092334497e-09,0.00034083244000004953,0.24500679427000005,0.7147562054347993,26.224954224961863,0.3411427955249362
SQuADDS_fqOnly,114,chip_simple_dx5p455_dym4p545__Lj12p0nH_Cj2p0fF__roL8p5mm__tee_fl160um_fc12_cg1p2um__rpg1p4um,4.69472936147,5.99210974881,6.508161545293808,243.8217298199476,5.725711006734401,5,chip_simple_dx8p182_dy10p000__Lj12p0nH_Cj2p0fF__roL8p5mm__tee_fl160um_fc12_cg1p2um__rpg1p4um,4.69432691439,6.09749818315,5.921394772914886,249.9961335217051,5.89790265333111,7.348461759545568e-09,0.0004024470799999236,0.10538843434,0.5867667723789216,6.174403701757512,0.17219164659670927
SQuADDS_fqOnly,114,chip_simple_dx5p455_dym4p545__Lj12p0nH_Cj2p0fF__roL8p5mm__tee_fl160um_fc12_cg1p2um__rpg1p4um,4.69472936147,5.99210974881,6.508161545293808,243.8217298199476,5.725711006734401,6,chip_simple_dxm6p364_dym6p364__Lj12p0nH_Cj2p0fF__roL8p5mm__tee_fl160um_fc12_cg1p2um__rpg1p4um,4.694303295,5.73292356703,7.78119146445465,217.5136410235189,5.349158182110234,8.236327237253278e-09,0.00042606647000020814,0.25918618177999964,1.2730299191608418,26.308088796428706,0.3765528246241674
SQuADDS_fqOnly,114,chip_simple_dx5p455_dym4p545__Lj12p0nH_Cj2p0fF__roL8p5mm__tee_fl160um_fc12_cg1p2um__rpg1p4um,4.69472936147,5.99210974881,6.508161545293808,243.8217298199476,5.725711006734401,7,chip_simple_dx8p182_dy0p000__Lj12p0nH_Cj2p0fF__roL8p5mm__tee_fl160um_fc12_cg1p2um__rpg1p4um,4.69396142723,6.02675894613,5.976145094621658,239.3240589141231,5.749179643443574,2.6756354484776817e-08,0.0007679342400006561,0.03464919732000027,0.5320164506721499,4.497670905824492,0.023468636709172763
SQuADDS_fqOnly,114,chip_simple_dx5p455_dym4p545__Lj12p0nH_Cj2p0fF__roL8p5mm__tee_fl160um_fc12_cg1p2um__rpg1p4um,4.69472936147,5.99210974881,6.508161545293808,243.8217298199476,5.725711006734401,8,chip_simple_dxm6p364_dy2p727__Lj12p0nH_Cj2p0fF__roL8p5mm__tee_fl160um_fc12_cg1p2um__rpg1p4um,4.69381999507,6.14208387603,5.425729793823242,246.2806752541244,5.919433779171552,3.7519469073332354e-08,0.0009093664000001667,0.14997412722000014,1.0824317514705655,2.4589454341767976,0.19372277243715086
SQuADDS_fqOnly,114,chip_simple_dx5p455_dym4p545__Lj12p0nH_Cj2p0fF__roL8p5mm__tee_fl160um_fc12_cg1p2um__rpg1p4um,4.69472936147,5.99210974881,6.508161545293808,243.8217298199476,5.725711006734401,9,chip_simple_dx6p364_dy9p091__Lj12p0nH_Cj2p0fF__roL8p5mm__tee_fl160um_fc12_cg1p2um__rpg1p4um,4.69570573869,6.09933720693,6.023506759710312,252.1584106638029,5.887771375415434,4.325279269549844e-08,0.0009763772199997689,0.10722745811999967,0.48465478558349595,8.336680843855305,0.16206036868103268
SQuADDS_fqOnly,114,chip_simple_dx5p455_dym4p545__Lj12p0nH_Cj2p0fF__roL8p5mm__tee_fl160um_fc12_cg1p2um__rpg1p4um,4.69472936147,5.99210974881,6.508161545293808,243.8217298199476,5.725711006734401,10,chip_simple_dxm0p909_dy9p091__Lj12p0nH_Cj2p0fF__roL8p5mm__tee_fl160um_fc12_cg1p2um__rpg1p4um,4.69371229441,6.15775711443,5.5688977525024415,252.0576475169164,5.970794629409332,4.6932971843203863e-08,0.0010170670600002651,0.16564736561999993,0.9392637927913663,8.235917696968812,0.24508362267493133
SQuADDS_fqOnly,115,chip_simple_dx6p364_dym3p636__Lj12p0nH_Cj2p0fF__roL8p5mm__tee_fl160um_fc12_cg1p2um__rpg1p4um,4.71402075523,6.0245119494,5.5386759384231565,225.8283250558296,5.6832973122206925,1,chip_simple_dx7p273_dym10p000__Lj12p0nH_Cj2p0fF__roL8p5mm__tee_fl160um_fc12_cg1p2um__rpg1p4um,4.71410593197,6.1449710615,5.722861017044068,249.15509170209992,5.909600201967471,3.264818537076462e-10,8.517673999985931e-05,0.12045911209999982,0.18418507862091182,23.32676664627033,0.22630288974677892
SQuADDS_fqOnly,115,chip_simple_dx6p364_dym3p636__Lj12p0nH_Cj2p0fF__roL8p5mm__tee_fl160um_fc12_cg1p2um__rpg1p4um,4.71402075523,6.0245119494,5.5386759384231565,225.8283250558296,5.6832973122206925,2,chip_simple_dx0p000_dy5p455__Lj12p0nH_Cj2p0fF__roL8p5mm__tee_fl160um_fc12_cg1p2um__rpg1p4um,4.71422601792,6.04446957881,6.030727920024871,239.0603629876928,5.790300833858292,1.895994405508544e-09,0.00020526268999976338,0.019957629410000344,0.4920519816017146,13.232037931863204,0.10700352163759952
SQuADDS_fqOnly,115,chip_simple_dx6p364_dym3p636__Lj12p0nH_Cj2p0fF__roL8p5mm__tee_fl160um_fc12_cg1p2um__rpg1p4um,4.71402075523,6.0245119494,5.5386759384231565,225.8283250558296,5.6832973122206925,3,chip_simple_dxm3p636_dy4p545__Lj12p0nH_Cj2p0fF__roL8p5mm__tee_fl160um_fc12_cg1p2um__rpg1p4um,4.71363061095,6.14572418614,5.668436658781052,248.2621666113731,5.949051840746841,6.849636225384837e-09,0.0003901442799998378,0.12121223673999992,0.1297607203578952,22.433841555543495,0.26575452852614845
SQuADDS_fqOnly,115,chip_simple_dx6p364_dym3p636__Lj12p0nH_Cj2p0fF__roL8p5mm__tee_fl160um_fc12_cg1p2um__rpg1p4um,4.71402075523,6.0245119494,5.5386759384231565,225.8283250558296,5.6832973122206925,4,chip_simple_dxm5p455_dym8p182__Lj12p0nH_Cj2p0fF__roL8p5mm__tee_fl160um_fc12_cg1p2um__rpg1p4um,4.71323634559,5.96308581689,6.014703723955154,225.4138802593673,5.645748272445109,2.7688719002518587e-08,0.0007844096399995948,0.061426132510000286,0.47602778553199787,0.4144447964623055,0.037549039775583104
SQuADDS_fqOnly,115,chip_simple_dx6p364_dym3p636__Lj12p0nH_Cj2p0fF__roL8p5mm__tee_fl160um_fc12_cg1p2um__rpg1p4um,4.71402075523,6.0245119494,5.5386759384231565,225.8283250558296,5.6832973122206925,5,chip_simple_dx8p182_dym4p545__Lj12p0nH_Cj2p0fF__roL8p5mm__tee_fl160um_fc12_cg1p2um__rpg1p4um,4.71494974134,6.02611343627,5.731930271121978,229.83680963166307,5.802565180291682,3.8836086565579727e-08,0.0009289861099999186,0.0016014868700002793,0.19325433269882186,4.008484575833478,0.1192678680709891
SQuADDS_fqOnly,115,chip_simple_dx6p364_dym3p636__Lj12p0nH_Cj2p0fF__roL8p5mm__tee_fl160um_fc12_cg1p2um__rpg1p4um,4.71402075523,6.0245119494,5.5386759384231565,225.8283250558296,5.6832973122206925,6,chip_simple_dxm5p455_dym4p545__Lj12p0nH_Cj2p0fF__roL8p5mm__tee_fl160um_fc12_cg1p2um__rpg1p4um,4.71287290209,6.10521129892,5.888910904247283,246.5344439765854,5.876905965021521,5.929112250320144e-08,0.001147853139999988,0.08069934951999969,0.35023496582412683,20.706118920755813,0.19360865280082873
SQuADDS_fqOnly,115,chip_simple_dx6p364_dym3p636__Lj12p0nH_Cj2p0fF__roL8p5mm__tee_fl160um_fc12_cg1p2um__rpg1p4um,4.71402075523,6.0245119494,5.5386759384231565,225.8283250558296,5.6832973122206925,7,chip_simple_dx4p545_dy2p727__Lj12p0nH_Cj2p0fF__roL8p5mm__tee_fl160um_fc12_cg1p2um__rpg1p4um,4.71245271602,6.05903925985,5.93248411000824,239.9388799189516,5.748576863203549,1.1064476125376708e-07,0.0015680392100003715,0.03452731044999968,0.39380817158508385,14.110554863122019,0.06527955098285698
SQuADDS_fqOnly,115,chip_simple_dx6p364_dym3p636__Lj12p0nH_Cj2p0fF__roL8p5mm__tee_fl160um_fc12_cg1p2um__rpg1p4um,4.71402075523,6.0245119494,5.5386759384231565,225.8283250558296,5.6832973122206925,8,chip_simple_dxm7p273_dym9p091__Lj12p0nH_Cj2p0fF__roL8p5mm__tee_fl160um_fc12_cg1p2um__rpg1p4um,4.71567791686,6.13728570621,5.180978092977524,235.3471631881372,5.912038976187492,1.2357959211747852e-07,0.0016571616299998482,0.11277375681000024,0.35769784544563255,9.518838132307593,0.22874166396679918
SQuADDS_fqOnly,115,chip_simple_dx6p364_dym3p636__Lj12p0nH_Cj2p0fF__roL8p5mm__tee_fl160um_fc12_cg1p2um__rpg1p4um,4.71402075523,6.0245119494,5.5386759384231565,225.8283250558296,5.6832973122206925,9,chip_simple_dxm6p364_dym9p091__Lj12p0nH_Cj2p0fF__roL8p5mm__tee_fl160um_fc12_cg1p2um__rpg1p4um,4.71233913521,6.02901270922,5.663697428594589,229.5055713320909,5.813836152709171,1.2725438530861932e-07,0.001681620020000274,0.004500759819999978,0.1250214901714326,3.6772462762613145,0.1305388404884784
SQuADDS_fqOnly,115,chip_simple_dx6p364_dym3p636__Lj12p0nH_Cj2p0fF__roL8p5mm__tee_fl160um_fc12_cg1p2um__rpg1p4um,4.71402075523,6.0245119494,5.5386759384231565,225.8283250558296,5.6832973122206925,10,chip_simple_dxm4p545_dy0p000__Lj12p0nH_Cj2p0fF__roL8p5mm__tee_fl160um_fc12_cg1p2um__rpg1p4um,4.71230064412,6.08710688098,5.719542095273972,240.0625294385203,5.795795047141197,1.3314658169501762e-07,0.0017201111100000332,0.06259493158000051,0.18086615685081586,14.234204382690706,0.1124977349205043
SQuADDS_fqOnly,116,chip_simple_dx6p364_dy1p818__Lj12p0nH_Cj2p0fF__roL8p5mm__tee_fl160um_fc12_cg1p2um__rpg1p4um,4.78660549975,6.1040397152,5.110710218223572,214.76827989123595,5.886049446197547,1,chip_simple_dxm6p364_dym2p727__Lj12p0nH_Cj2p0fF__roL8p5mm__tee_fl160um_fc12_cg1p2um__rpg1p4um,4.78643161529,6.07447748154,5.571383293457031,219.776855663418,5.804018163338089,1.319672816809898e-09,0.0001738844600005507,0.029562233660000103,0.46067307523345935,5.008575772182041,0.08203128285945827
SQuADDS_fqOnly,116,chip_simple_dx6p364_dy1p818__Lj12p0nH_Cj2p0fF__roL8p5mm__tee_fl160um_fc12_cg1p2um__rpg1p4um,4.78660549975,6.1040397152,5.110710218223572,214.76827989123595,5.886049446197547,2,chip_simple_dxm10p000_dym0p909__Lj12p0nH_Cj2p0fF__roL8p5mm__tee_fl160um_fc12_cg1p2um__rpg1p4um,4.78631013217,6.11749499502,5.0396452458877565,215.32562253250407,5.829430491241084,3.807767112598457e-09,0.00029536758000059393,0.013455279820000499,0.07106497233581521,0.5573426412681215,0.05661895495646352
SQuADDS_fqOnly,116,chip_simple_dx6p364_dy1p818__Lj12p0nH_Cj2p0fF__roL8p5mm__tee_fl160um_fc12_cg1p2um__rpg1p4um,4.78660549975,6.1040397152,5.110710218223572,214.76827989123595,5.886049446197547,3,chip_simple_dxm9p091_dym8p182__Lj12p0nH_Cj2p0fF__roL8p5mm__tee_fl160um_fc12_cg1p2um__rpg1p4um,4.78614806685,6.17470795526,5.145299386573791,226.2783372692303,5.977980880387692,9.132706975690714e-09,0.00045743290000022085,0.07066824005999983,0.034589168350219524,11.510057377994343,0.09193143419014493
SQuADDS_fqOnly,116,chip_simple_dx6p364_dy1p818__Lj12p0nH_Cj2p0fF__roL8p5mm__tee_fl160um_fc12_cg1p2um__rpg1p4um,4.78660549975,6.1040397152,5.110710218223572,214.76827989123595,5.886049446197547,4,chip_simple_dx0p909_dy7p273__Lj12p0nH_Cj2p0fF__roL8p5mm__tee_fl160um_fc12_cg1p2um__rpg1p4um,4.787298265,6.12194872056,5.503688935358047,225.6752448335204,5.946141167085224,2.094676298373401e-08,0.0006927652500001713,0.017909005359999952,0.39297871713447563,10.906964942284446,0.06009172088767656
SQuADDS_fqOnly,116,chip_simple_dx6p364_dy1p818__Lj12p0nH_Cj2p0fF__roL8p5mm__tee_fl160um_fc12_cg1p2um__rpg1p4um,4.78660549975,6.1040397152,5.110710218223572,214.76827989123595,5.886049446197547,5,fig5_cg3p5um_rpg2p0um__Lj12p0nH_Cj0p0fF__roL8p5mm__tee_fl160um_fc12,4.78544785971,6.42909571039,4.586441499513626,250.3896145461569,6.177842469599042,5.849137196208848e-08,0.0011576400400006293,0.3250559951900005,0.524268718709946,35.62133465492096,0.29179302340149516
SQuADDS_fqOnly,116,chip_simple_dx6p364_dy1p818__Lj12p0nH_Cj2p0fF__roL8p5mm__tee_fl160um_fc12_cg1p2um__rpg1p4um,4.78660549975,6.1040397152,5.110710218223572,214.76827989123595,5.886049446197547,6,chip_simple_dxm8p182_dym8p182__Lj12p0nH_Cj2p0fF__roL8p5mm__tee_fl160um_fc12_cg1p2um__rpg1p4um,4.78518514078,6.20385883832,4.999329228549957,227.600919745363,5.989457926068278,8.805235293764777e-08,0.0014203589699999242,0.09981912312000052,0.11138098967361465,12.832639854127052,0.10340847987073065
SQuADDS_fqOnly,116,chip_simple_dx6p364_dy1p818__Lj12p0nH_Cj2p0fF__roL8p5mm__tee_fl160um_fc12_cg1p2um__rpg1p4um,4.78660549975,6.1040397152,5.110710218223572,214.76827989123595,5.886049446197547,7,chip_simple_dx10p000_dy6p364__Lj12p0nH_Cj2p0fF__roL8p5mm__tee_fl160um_fc12_cg1p2um__rpg1p4um,4.78966551444,6.19573101445,5.30974208485794,232.5106784208788,6.026638854738782,4.086878736795843e-07,0.003060014689999946,0.09169129924999986,0.19903186663436845,17.742398529642855,0.14058940854123492
SQuADDS_fqOnly,116,chip_simple_dx6p364_dy1p818__Lj12p0nH_Cj2p0fF__roL8p5mm__tee_fl160um_fc12_cg1p2um__rpg1p4um,4.78660549975,6.1040397152,5.110710218223572,214.76827989123595,5.886049446197547,8,chip_simple_dx10p000_dym5p455__Lj12p0nH_Cj2p0fF__roL8p5mm__tee_fl160um_fc12_cg1p2um__rpg1p4um,4.78348404036,6.07595430882,5.212648472454071,213.32573538357212,5.832765407268815,4.252654566305332e-07,0.00312145938999997,0.02808540637999979,0.1019382542304994,1.4425445076638255,0.0532840389287319
SQuADDS_fqOnly,116,chip_simple_dx6p364_dy1p818__Lj12p0nH_Cj2p0fF__roL8p5mm__tee_fl160um_fc12_cg1p2um__rpg1p4um,4.78660549975,6.1040397152,5.110710218223572,214.76827989123595,5.886049446197547,9,chip_simple_dxm3p636_dy2p727__Lj12p0nH_Cj2p0fF__roL8p5mm__tee_fl160um_fc12_cg1p2um__rpg1p4um,4.7829960489,6.07393117645,5.700624039077758,222.99570142124225,5.7964108991521455,5.686263669071646e-07,0.0036094508499999733,0.030108538749999525,0.5899138208541865,8.227421530006296,0.08963854704540175
SQuADDS_fqOnly,116,chip_simple_dx6p364_dy1p818__Lj12p0nH_Cj2p0fF__roL8p5mm__tee_fl160um_fc12_cg1p2um__rpg1p4um,4.78660549975,6.1040397152,5.110710218223572,214.76827989123595,5.886049446197547,10,fig5_cg5p0um_rpg2p0um__Lj12p0nH_Cj0p0fF__roL8p5mm__tee_fl160um_fc12,4.7824799616,6.42903822535,4.148984312175751,238.4699741879,6.164233198851292,7.428582383507629e-07,0.004125538150000274,0.32499851015000036,0.9617259060478212,23.701694296664044,0.27818375265374495
SQuADDS_fqOnly,117,chip_simple_dx7p273_dym6p364__Lj12p0nH_Cj2p0fF__roL8p5mm__tee_fl160um_fc12_cg1p2um__rpg1p4um,4.7503430357,6.17492619199,5.804041626502991,248.14376491460783,5.971500738296518,1,chip_simple_dxm6p364_dym7p273__Lj12p0nH_Cj2p0fF__roL8p5mm__tee_fl160um_fc12_cg1p2um__rpg1p4um,4.75005432934,6.01899043043,5.655702243776322,219.9240164763736,5.705344706711049,3.6937096804054396e-09,0.00028870636000011274,0.15593576156000033,0.14833938272666902,28.219748438234234,0.26615603158546897
SQuADDS_fqOnly,117,chip_simple_dx7p273_dym6p364__Lj12p0nH_Cj2p0fF__roL8p5mm__tee_fl160um_fc12_cg1p2um__rpg1p4um,4.7503430357,6.17492619199,5.804041626502991,248.14376491460783,5.971500738296518,2,chip_simple_dx6p364_dym5p455__Lj12p0nH_Cj2p0fF__roL8p5mm__tee_fl160um_fc12_cg1p2um__rpg1p4um,4.75078715707,6.03628209085,5.3055558983383175,215.55523015902745,5.731041446609096,8.740844554274429e-09,0.00044412137000016116,0.1386441011399997,0.49848572816467307,32.58853475558038,0.2404592916874222
SQuADDS_fqOnly,117,chip_simple_dx7p273_dym6p364__Lj12p0nH_Cj2p0fF__roL8p5mm__tee_fl160um_fc12_cg1p2um__rpg1p4um,4.7503430357,6.17492619199,5.804041626502991,248.14376491460783,5.971500738296518,3,chip_simple_dxm9p091_dy9p091__Lj12p0nH_Cj2p0fF__roL8p5mm__tee_fl160um_fc12_cg1p2um__rpg1p4um,4.75085202436,6.00137867716,5.41655916849327,212.3126314781783,5.701547260512729,1.1480644480176054e-08,0.0005089886600000426,0.17354751483000008,0.38748245800972025,35.831133436429525,0.26995347778378864
SQuADDS_fqOnly,117,chip_simple_dx7p273_dym6p364__Lj12p0nH_Cj2p0fF__roL8p5mm__tee_fl160um_fc12_cg1p2um__rpg1p4um,4.7503430357,6.17492619199,5.804041626502991,248.14376491460783,5.971500738296518,4,chip_simple_dxm8p182_dym6p364__Lj12p0nH_Cj2p0fF__roL8p5mm__tee_fl160um_fc12_cg1p2um__rpg1p4um,4.74965194892,6.20869132521,5.27103725569725,241.6389530940361,6.043633765216636,2.116485150818039e-08,0.0006910867799998499,0.03376513322000019,0.5330043708057408,6.504811820571717,0.0721330269201177
SQuADDS_fqOnly,117,chip_simple_dx7p273_dym6p364__Lj12p0nH_Cj2p0fF__roL8p5mm__tee_fl160um_fc12_cg1p2um__rpg1p4um,4.7503430357,6.17492619199,5.804041626502991,248.14376491460783,5.971500738296518,5,chip_simple_dx5p455_dym9p091__Lj12p0nH_Cj2p0fF__roL8p5mm__tee_fl160um_fc12_cg1p2um__rpg1p4um,4.74946000079,6.06973702281,5.756615043542862,230.21871320620863,5.823921246974269,3.4554594586027094e-08,0.0008830349100001911,0.10518916917999999,0.047426582960128805,17.925051708399195,0.147579491322249
SQuADDS_fqOnly,117,chip_simple_dx7p273_dym6p364__Lj12p0nH_Cj2p0fF__roL8p5mm__tee_fl160um_fc12_cg1p2um__rpg1p4um,4.7503430357,6.17492619199,5.804041626502991,248.14376491460783,5.971500738296518,6,chip_simple_dxm4p545_dym2p727__Lj12p0nH_Cj2p0fF__roL8p5mm__tee_fl160um_fc12_cg1p2um__rpg1p4um,4.75133436782,6.26297506595,5.207407996995926,248.15573910645995,6.105858265342065,4.3550025240624723e-08,0.0009913321199999103,0.08804887396000005,0.5966336295070649,0.011974191852118565,0.13435752704554726
SQuADDS_fqOnly,117,chip_simple_dx7p273_dym6p364__Lj12p0nH_Cj2p0fF__roL8p5mm__tee_fl160um_fc12_cg1p2um__rpg1p4um,4.7503430357,6.17492619199,5.804041626502991,248.14376491460783,5.971500738296518,7,chip_simple_dxm2p727_dy4p545__Lj12p0nH_Cj2p0fF__roL8p5mm__tee_fl160um_fc12_cg1p2um__rpg1p4um,4.75153648539,6.12686754084,5.701167658432007,237.858845654832,5.866682937277906,6.311873512810194e-08,0.0011934496899996816,0.048058651149999854,0.10287396807098403,10.284919259775819,0.10481780101861204
SQuADDS_fqOnly,117,chip_simple_dx7p273_dym6p364__Lj12p0nH_Cj2p0fF__roL8p5mm__tee_fl160um_fc12_cg1p2um__rpg1p4um,4.7503430357,6.17492619199,5.804041626502991,248.14376491460783,5.971500738296518,8,chip_simple_dxm8p182_dy2p727__Lj12p0nH_Cj2p0fF__roL8p5mm__tee_fl160um_fc12_cg1p2um__rpg1p4um,4.74905682439,6.19457611211,5.409443262643814,242.78883490510103,6.0021454172131445,7.331193854979266e-08,0.0012862113100000627,0.019649920119999997,0.3945983638591768,5.354930009506802,0.03064467891662659
SQuADDS_fqOnly,117,chip_simple_dx7p273_dym6p364__Lj12p0nH_Cj2p0fF__roL8p5mm__tee_fl160um_fc12_cg1p2um__rpg1p4um,4.7503430357,6.17492619199,5.804041626502991,248.14376491460783,5.971500738296518,9,chip_simple_dx7p273_dy1p818__Lj12p0nH_Cj2p0fF__roL8p5mm__tee_fl160um_fc12_cg1p2um__rpg1p4um,4.74884244552,6.18043323889,5.108353200099945,233.634889421262,5.957387601556484,9.9787066440841e-08,0.0015005901800000387,0.005507046900000034,0.6956884264030458,14.50887549334584,0.01411313674003356
SQuADDS_fqOnly,117,chip_simple_dx7p273_dym6p364__Lj12p0nH_Cj2p0fF__roL8p5mm__tee_fl160um_fc12_cg1p2um__rpg1p4um,4.7503430357,6.17492619199,5.804041626502991,248.14376491460783,5.971500738296518,10,chip_simple_dx5p455_dy8p182__Lj12p0nH_Cj2p0fF__roL8p5mm__tee_fl160um_fc12_cg1p2um__rpg1p4um,4.74855405086,6.03321750387,6.352321427940368,236.0766933371285,5.795288526783467,1.4182845628520214e-07,0.0017889848400001185,0.1417086881199996,0.5482798014373778,12.06707157747934,0.1762122115130511
SQuADDS_fqOnly,118,chip_simple_dx8p182_dym5p455__Lj12p0nH_Cj2p0fF__roL8p5mm__tee_fl160um_fc12_cg1p2um__rpg1p4um,4.73816341164,6.10905258679,5.354065241529464,230.3995690846008,5.852343747262508,1,chip_simple_dxm0p909_dy6p364__Lj12p0nH_Cj2p0fF__roL8p5mm__tee_fl160um_fc12_cg1p2um__rpg1p4um,4.73809447586,6.07066105208,5.877909127601623,235.23156094873443,5.87197127716639,2.1167487811318652e-10,6.893578000077838e-05,0.038391534709999675,0.523843886072159,4.831991864133613,0.019627529903881502
SQuADDS_fqOnly,118,chip_simple_dx8p182_dym5p455__Lj12p0nH_Cj2p0fF__roL8p5mm__tee_fl160um_fc12_cg1p2um__rpg1p4um,4.73816341164,6.10905258679,5.354065241529464,230.3995690846008,5.852343747262508,2,chip_simple_dxm2p727_dy0p909__Lj12p0nH_Cj2p0fF__roL8p5mm__tee_fl160um_fc12_cg1p2um__rpg1p4um,4.73845369417,6.16039546172,5.41090745403862,239.617009903282,5.951034616643697,3.753373035236231e-09,0.0002902825299999634,0.05134287493000045,0.056842212509155665,9.217440818681183,0.09869086938118876
SQuADDS_fqOnly,118,chip_simple_dx8p182_dym5p455__Lj12p0nH_Cj2p0fF__roL8p5mm__tee_fl160um_fc12_cg1p2um__rpg1p4um,4.73816341164,6.10905258679,5.354065241529464,230.3995690846008,5.852343747262508,3,chip_simple_dx7p273_dym8p182__Lj12p0nH_Cj2p0fF__roL8p5mm__tee_fl160um_fc12_cg1p2um__rpg1p4um,4.73860663357,6.13667098278,5.410198969038009,235.95734473947155,5.923419674600598,8.750289294742425e-09,0.00044322192999946,0.027618395990000266,0.05613372750854495,5.557775654870738,0.07107592733808943
SQuADDS_fqOnly,118,chip_simple_dx8p182_dym5p455__Lj12p0nH_Cj2p0fF__roL8p5mm__tee_fl160um_fc12_cg1p2um__rpg1p4um,4.73816341164,6.10905258679,5.354065241529464,230.3995690846008,5.852343747262508,4,chip_simple_dx0p000_dy1p818__Lj12p0nH_Cj2p0fF__roL8p5mm__tee_fl160um_fc12_cg1p2um__rpg1p4um,4.73893431681,6.15716579206,5.395158588809967,238.6641224689724,5.982980691110814,2.6471700887387834e-08,0.0007709051699995584,0.04811320526999996,0.04109334728050307,8.264553384371595,0.13063694384830615
SQuADDS_fqOnly,118,chip_simple_dx8p182_dym5p455__Lj12p0nH_Cj2p0fF__roL8p5mm__tee_fl160um_fc12_cg1p2um__rpg1p4um,4.73816341164,6.10905258679,5.354065241529464,230.3995690846008,5.852343747262508,5,chip_simple_dxm3p636_dy8p182__Lj12p0nH_Cj2p0fF__roL8p5mm__tee_fl160um_fc12_cg1p2um__rpg1p4um,4.73729832468,6.03809876203,5.615429738752365,224.8091277096963,5.742262433762976,3.333492342432723e-08,0.0008650869600002054,0.07095382476000012,0.26136449722290056,5.590441374904515,0.11008131349953221
SQuADDS_fqOnly,118,chip_simple_dx8p182_dym5p455__Lj12p0nH_Cj2p0fF__roL8p5mm__tee_fl160um_fc12_cg1p2um__rpg1p4um,4.73816341164,6.10905258679,5.354065241529464,230.3995690846008,5.852343747262508,6,chip_simple_dxm2p727_dy8p182__Lj12p0nH_Cj2p0fF__roL8p5mm__tee_fl160um_fc12_cg1p2um__rpg1p4um,4.73942012359,6.13041907966,5.303923094404221,232.28429467525183,5.936110371118198,7.03479457554377e-08,0.001256711949999989,0.021366492870000364,0.050142147125243675,1.8847255906510156,0.08376662385568956
SQuADDS_fqOnly,118,chip_simple_dx8p182_dym5p455__Lj12p0nH_Cj2p0fF__roL8p5mm__tee_fl160um_fc12_cg1p2um__rpg1p4um,4.73816341164,6.10905258679,5.354065241529464,230.3995690846008,5.852343747262508,7,chip_simple_dxm8p182_dy7p273__Lj12p0nH_Cj2p0fF__roL8p5mm__tee_fl160um_fc12_cg1p2um__rpg1p4um,4.73980994773,6.11492139787,5.370422379964828,231.42365600136029,5.863101959116468,1.207598150355392e-07,0.0016465360899999837,0.005868811080000036,0.016357138435363794,1.0240869167594724,0.010758211853960198
SQuADDS_fqOnly,118,chip_simple_dx8p182_dym5p455__Lj12p0nH_Cj2p0fF__roL8p5mm__tee_fl160um_fc12_cg1p2um__rpg1p4um,4.73816341164,6.10905258679,5.354065241529464,230.3995690846008,5.852343747262508,8,chip_simple_dxm5p455_dy8p182__Lj12p0nH_Cj2p0fF__roL8p5mm__tee_fl160um_fc12_cg1p2um__rpg1p4um,4.73624038147,6.10517374819,5.883827769510269,241.3915804124541,5.9183738212690695,1.6472219702322666e-07,0.0019230301700003949,0.00387883859999949,0.5297625279808047,10.992011327853277,0.06603007400656136
SQuADDS_fqOnly,118,chip_simple_dx8p182_dym5p455__Lj12p0nH_Cj2p0fF__roL8p5mm__tee_fl160um_fc12_cg1p2um__rpg1p4um,4.73816341164,6.10905258679,5.354065241529464,230.3995690846008,5.852343747262508,9,chip_simple_dx3p636_dym4p545__Lj12p0nH_Cj2p0fF__roL8p5mm__tee_fl160um_fc12_cg1p2um__rpg1p4um,4.73608663371,6.03725752393,5.823189326255798,229.1116188550764,5.733624292767639,1.9211445815337333e-07,0.002076777930000162,0.0717950628599997,0.4691240847263334,1.2879502295244265,0.11871945449486887
SQuADDS_fqOnly,118,chip_simple_dx8p182_dym5p455__Lj12p0nH_Cj2p0fF__roL8p5mm__tee_fl160um_fc12_cg1p2um__rpg1p4um,4.73816341164,6.10905258679,5.354065241529464,230.3995690846008,5.852343747262508,10,chip_simple_dxm1p818_dy5p455__Lj12p0nH_Cj2p0fF__roL8p5mm__tee_fl160um_fc12_cg1p2um__rpg1p4um,4.73603070326,6.09721269024,5.885714801893234,240.218625475818,5.910505601584163,2.026016049084347e-07,0.0021327083800004587,0.011839896549999729,0.5316495603637694,9.819056391217174,0.05816185432165444
SQuADDS_fqOnly,119,chip_simple_dx8p182_dym3p636__Lj12p0nH_Cj2p0fF__roL8p5mm__tee_fl160um_fc12_cg1p2um__rpg1p4um,4.72575545687,6.04494433563,5.9379728162078855,234.943394381694,5.777304605739439,1,chip_simple_dx2p727_dy8p182__Lj12p0nH_Cj2p0fF__roL8p5mm__tee_fl160um_fc12_cg1p2um__rpg1p4um,4.72577115301,6.11702248151,5.67343218500328,241.13444090201696,5.90532555190526,1.1031720205602177e-11,1.5696140000187597e-05,0.07207814587999994,0.26454063120460525,6.1910465203229705,0.1280209461658206
SQuADDS_fqOnly,119,chip_simple_dx8p182_dym3p636__Lj12p0nH_Cj2p0fF__roL8p5mm__tee_fl160um_fc12_cg1p2um__rpg1p4um,4.72575545687,6.04494433563,5.9379728162078855,234.943394381694,5.777304605739439,2,chip_simple_dxm3p636_dym10p000__Lj12p0nH_Cj2p0fF__roL8p5mm__tee_fl160um_fc12_cg1p2um__rpg1p4um,4.72557516817,6.0961813609,5.652686272777557,237.36475682712327,5.807200983518184,1.4554407335783064e-09,0.00018028870000019737,0.05123702526999985,0.28528654343032844,2.4213624454292813,0.029896377778745098
SQuADDS_fqOnly,119,chip_simple_dx8p182_dym3p636__Lj12p0nH_Cj2p0fF__roL8p5mm__tee_fl160um_fc12_cg1p2um__rpg1p4um,4.72575545687,6.04494433563,5.9379728162078855,234.943394381694,5.777304605739439,3,chip_simple_dx4p545_dym0p909__Lj12p0nH_Cj2p0fF__roL8p5mm__tee_fl160um_fc12_cg1p2um__rpg1p4um,4.7255365678,6.0505170878,6.107614511497498,239.2497887649095,5.805207767962136,2.1453870912022357e-09,0.0002188890700001167,0.005572752169999973,0.16964169528961204,4.306394383215519,0.027903162222696842
SQuADDS_fqOnly,119,chip_simple_dx8p182_dym3p636__Lj12p0nH_Cj2p0fF__roL8p5mm__tee_fl160um_fc12_cg1p2um__rpg1p4um,4.72575545687,6.04494433563,5.9379728162078855,234.943394381694,5.777304605739439,4,chip_simple_dx0p000_dym10p000__Lj12p0nH_Cj2p0fF__roL8p5mm__tee_fl160um_fc12_cg1p2um__rpg1p4um,4.72617335759,6.18783165048,5.473578181682586,247.93824058661983,5.979999407972001,7.81994592276976e-09,0.00041790071999958656,0.1428873148499994,0.4643946345252994,12.994846204925835,0.2026948022325623
SQuADDS_fqOnly,119,chip_simple_dx8p182_dym3p636__Lj12p0nH_Cj2p0fF__roL8p5mm__tee_fl160um_fc12_cg1p2um__rpg1p4um,4.72575545687,6.04494433563,5.9379728162078855,234.943394381694,5.777304605739439,5,chip_simple_dxm7p273_dym0p909__Lj12p0nH_Cj2p0fF__roL8p5mm__tee_fl160um_fc12_cg1p2um__rpg1p4um,4.72621293074,6.21473069466,5.538169261859894,253.698082410752,6.053599860673863,9.371089747457807e-09,0.000457473870000058,0.16978635902999972,0.39980355434799186,18.754688029058002,0.276295254934424
SQuADDS_fqOnly,119,chip_simple_dx8p182_dym3p636__Lj12p0nH_Cj2p0fF__roL8p5mm__tee_fl160um_fc12_cg1p2um__rpg1p4um,4.72575545687,6.04494433563,5.9379728162078855,234.943394381694,5.777304605739439,6,chip_simple_dxm9p091_dy10p000__Lj12p0nH_Cj2p0fF__roL8p5mm__tee_fl160um_fc12_cg1p2um__rpg1p4um,4.7252089608,6.13650588385,5.541704983503341,241.53134360669733,5.967068128664825,1.3373084764238144e-08,0.0005464960700001242,0.09156154821999962,0.39626783270454435,6.587949225003342,0.18976352292538579
SQuADDS_fqOnly,119,chip_simple_dx8p182_dym3p636__Lj12p0nH_Cj2p0fF__roL8p5mm__tee_fl160um_fc12_cg1p2um__rpg1p4um,4.72575545687,6.04494433563,5.9379728162078855,234.943394381694,5.777304605739439,7,chip_simple_dxm4p545_dy7p273__Lj12p0nH_Cj2p0fF__roL8p5mm__tee_fl160um_fc12_cg1p2um__rpg1p4um,4.72503834706,6.09396858071,5.364709826208115,230.88388505499736,5.8866465937490124,2.3026548120252394e-08,0.0007171098100000606,0.04902424508000003,0.5732629899997708,4.059509326696627,0.1093419880095734
SQuADDS_fqOnly,119,chip_simple_dx8p182_dym3p636__Lj12p0nH_Cj2p0fF__roL8p5mm__tee_fl160um_fc12_cg1p2um__rpg1p4um,4.72575545687,6.04494433563,5.9379728162078855,234.943394381694,5.777304605739439,8,chip_simple_dx2p727_dy4p545__Lj12p0nH_Cj2p0fF__roL8p5mm__tee_fl160um_fc12_cg1p2um__rpg1p4um,4.72661637865,6.17653112846,5.815809796421051,253.68702655650372,5.959841194906359,3.318829187914369e-08,0.00086092178000019,0.1315867928299994,0.12216301978683486,18.743632174809733,0.1825365891669204
SQuADDS_fqOnly,119,chip_simple_dx8p182_dym3p636__Lj12p0nH_Cj2p0fF__roL8p5mm__tee_fl160um_fc12_cg1p2um__rpg1p4um,4.72575545687,6.04494433563,5.9379728162078855,234.943394381694,5.777304605739439,9,chip_simple_dx5p455_dym2p727__Lj12p0nH_Cj2p0fF__roL8p5mm__tee_fl160um_fc12_cg1p2um__rpg1p4um,4.72671328787,6.1181183266,5.450069299165725,236.2126742133905,5.905966219312021,4.1080459111379795e-08,0.0009578310000000201,0.07317399096999999,0.4879035170421604,1.2692798316965082,0.1286616135725822
SQuADDS_fqOnly,119,chip_simple_dx8p182_dym3p636__Lj12p0nH_Cj2p0fF__roL8p5mm__tee_fl160um_fc12_cg1p2um__rpg1p4um,4.72575545687,6.04494433563,5.9379728162078855,234.943394381694,5.777304605739439,10,chip_simple_dx10p000_dym6p364__Lj12p0nH_Cj2p0fF__roL8p5mm__tee_fl160um_fc12_cg1p2um__rpg1p4um,4.72676334755,6.12769509524,5.428620394487381,237.2099123366833,5.930169327664392,4.54866936222022e-08,0.0010078906800004006,0.08275075960999967,0.5093524217205045,2.266517954989297,0.15286472192495282
SQuADDS_fqOnly,120,chip_simple_dx8p182_dy6p364__Lj12p0nH_Cj2p0fF__roL8p5mm__tee_fl160um_fc12_cg1p2um__rpg1p4um,4.8164099367,6.12097847271,5.243484284074783,214.32152718251388,5.892330069038773,1,fig5_cg5p0um_rpg2p5um__Lj12p0nH_Cj0p0fF__roL8p5mm__tee_fl160um_fc12,4.81774089875,6.23547817573,4.9252252214355465,224.50085102947097,5.919781007367641,7.636325950247694e-08,0.0013309620499999397,0.1144997030199999,0.3182590626392363,10.17932384695709,0.027450938328867913
SQuADDS_fqOnly,120,chip_simple_dx8p182_dy6p364__Lj12p0nH_Cj2p0fF__roL8p5mm__tee_fl160um_fc12_cg1p2um__rpg1p4um,4.8164099367,6.12097847271,5.243484284074783,214.32152718251388,5.892330069038773,2,chip_simple_dx1p818_dy6p364__Lj12p0nH_Cj2p0fF__roL8p5mm__tee_fl160um_fc12_cg1p2um__rpg1p4um,4.81787671795,6.14073889835,4.750688247016907,206.5190178100561,5.920810132993132,9.274357057410841e-08,0.0014667812499995492,0.019760425640000356,0.4927960370578761,7.802509372457763,0.028480063954359203
SQuADDS_fqOnly,120,chip_simple_dx8p182_dy6p364__Lj12p0nH_Cj2p0fF__roL8p5mm__tee_fl160um_fc12_cg1p2um__rpg1p4um,4.8164099367,6.12097847271,5.243484284074783,214.32152718251388,5.892330069038773,3,chip_simple_dxm3p636_dym1p818__Lj12p0nH_Cj2p0fF__roL8p5mm__tee_fl160um_fc12_cg1p2um__rpg1p4um,4.81299464426,6.12418049997,5.540620308588028,221.6574218646432,5.908503587535207,5.028157884963582e-07,0.0034152924400006057,0.003202027259999518,0.29713602451324483,7.335894682129322,0.01617351849643356
SQuADDS_fqOnly,120,chip_simple_dx8p182_dy6p364__Lj12p0nH_Cj2p0fF__roL8p5mm__tee_fl160um_fc12_cg1p2um__rpg1p4um,4.8164099367,6.12097847271,5.243484284074783,214.32152718251388,5.892330069038773,4,chip_simple_dx2p727_dym5p455__Lj12p0nH_Cj2p0fF__roL8p5mm__tee_fl160um_fc12_cg1p2um__rpg1p4um,4.81291050374,6.08882773612,5.129732102048874,207.83881760065367,5.852353811754291,5.278961182463625e-07,0.003499432959999993,0.03215073659000023,0.11375218202590887,6.482709581860206,0.03997625728448195
SQuADDS_fqOnly,120,chip_simple_dx8p182_dy6p364__Lj12p0nH_Cj2p0fF__roL8p5mm__tee_fl160um_fc12_cg1p2um__rpg1p4um,4.8164099367,6.12097847271,5.243484284074783,214.32152718251388,5.892330069038773,5,fig5_cg4p5um_rpg2p5um__Lj12p0nH_Cj0p0fF__roL8p5mm__tee_fl160um_fc12,4.8208314661,6.41561937046,4.202300157867431,231.21565590524023,6.118632919744756,8.4274880774856e-07,0.00442152939999918,0.2946408977499999,1.0411841262073516,16.89412872272635,0.22630285070598255
SQuADDS_fqOnly,120,chip_simple_dx8p182_dy6p364__Lj12p0nH_Cj2p0fF__roL8p5mm__tee_fl160um_fc12_cg1p2um__rpg1p4um,4.8164099367,6.12097847271,5.243484284074783,214.32152718251388,5.892330069038773,6,fig5_cg2p5um_rpg3p0um__Lj12p0nH_Cj0p0fF__roL8p5mm__tee_fl160um_fc12,4.8216114018,6.30639910885,4.078658870691299,212.78053759295764,5.96985922957307,1.1662844636232039e-06,0.005201465099999858,0.18542063613999993,1.1648254133834834,1.5409895895562329,0.07752916053429715
SQuADDS_fqOnly,120,chip_simple_dx8p182_dy6p364__Lj12p0nH_Cj2p0fF__roL8p5mm__tee_fl160um_fc12_cg1p2um__rpg1p4um,4.8164099367,6.12097847271,5.243484284074783,214.32152718251388,5.892330069038773,7,chip_simple_dx8p182_dym8p182__Lj12p0nH_Cj2p0fF__roL8p5mm__tee_fl160um_fc12_cg1p2um__rpg1p4um,4.81055394873,6.12847147153,5.122406896465301,214.0774671686353,5.920639094996056,1.4782689819267791e-06,0.00585598797000042,0.007492998820000096,0.12107738760948195,0.2440600138785669,0.028309025957282685
SQuADDS_fqOnly,120,chip_simple_dx8p182_dy6p364__Lj12p0nH_Cj2p0fF__roL8p5mm__tee_fl160um_fc12_cg1p2um__rpg1p4um,4.8164099367,6.12097847271,5.243484284074783,214.32152718251388,5.892330069038773,8,fig5_cg3p0um_rpg1p5um__Lj12p0nH_Cj0p0fF__roL8p5mm__tee_fl160um_fc12,4.80934135586,6.34266483957,4.7338018228397365,237.2002446708589,6.176728175579623,2.1538604960437443e-06,0.0070685808400003936,0.2216863668600002,0.5096824612350463,22.878717488345018,0.2843981065408494
SQuADDS_fqOnly,120,chip_simple_dx8p182_dy6p364__Lj12p0nH_Cj2p0fF__roL8p5mm__tee_fl160um_fc12_cg1p2um__rpg1p4um,4.8164099367,6.12097847271,5.243484284074783,214.32152718251388,5.892330069038773,9,chip_simple_dx9p091_dy6p364__Lj12p0nH_Cj2p0fF__roL8p5mm__tee_fl160um_fc12_cg1p2um__rpg1p4um,4.80886740306,6.13457594718,5.043484102472305,213.644745352194,5.8856847017557525,2.452379201366958e-06,0.0075425336400005705,0.013597474470000037,0.20000018160247812,0.676781830319868,0.006645367283020676
SQuADDS_fqOnly,120,chip_simple_dx8p182_dy6p364__Lj12p0nH_Cj2p0fF__roL8p5mm__tee_fl160um_fc12_cg1p2um__rpg1p4um,4.8164099367,6.12097847271,5.243484284074783,214.32152718251388,5.892330069038773,10,chip_simple_dx7p273_dym7p273__Lj12p0nH_Cj2p0fF__roL8p5mm__tee_fl160um_fc12_cg1p2um__rpg1p4um,4.80834531761,6.06143102986,5.869294067358017,219.01499856665555,5.8432544354458384,2.8036308594115737e-06,0.008064619090000669,0.059547442850000465,0.6258097832832341,4.693471384141674,0.049075633592934764
SQuADDS_fqOnly,121,chip_simple_dx8p182_dy7p273__Lj12p0nH_Cj2p0fF__roL8p5mm__tee_fl160um_fc12_cg1p2um__rpg1p4um,4.69969106963,6.14084802289,5.903258055982589,255.60206895931188,5.914831339260037,1,chip_simple_dx9p091_dy10p000__Lj12p0nH_Cj2p0fF__roL8p5mm__tee_fl160um_fc12_cg1p2um__rpg1p4um,4.69926836053,5.96788032666,6.480939449926376,237.9698333652788,5.70456835918075,8.089926444381742e-09,0.00042270910000041795,0.17296769623000063,0.577681393943787,17.63223559403309,0.21026298007928723
SQuADDS_fqOnly,121,chip_simple_dx8p182_dy7p273__Lj12p0nH_Cj2p0fF__roL8p5mm__tee_fl160um_fc12_cg1p2um__rpg1p4um,4.69969106963,6.14084802289,5.903258055982589,255.60206895931188,5.914831339260037,2,chip_simple_dx6p364_dym7p273__Lj12p0nH_Cj2p0fF__roL8p5mm__tee_fl160um_fc12_cg1p2um__rpg1p4um,4.70011382488,6.16593969503,6.256451718360901,267.4374483181419,6.00177346918992,8.091693004320694e-09,0.0004227552499997955,0.02509167213999941,0.3531936623783114,11.83537935883001,0.08694212992988248
SQuADDS_fqOnly,121,chip_simple_dx8p182_dy7p273__Lj12p0nH_Cj2p0fF__roL8p5mm__tee_fl160um_fc12_cg1p2um__rpg1p4um,4.69969106963,6.14084802289,5.903258055982589,255.60206895931188,5.914831339260037,3,chip_simple_dxm6p364_dy10p000__Lj12p0nH_Cj2p0fF__roL8p5mm__tee_fl160um_fc12_cg1p2um__rpg1p4um,4.70012816843,6.17641107636,5.466408747419357,251.32112428887777,5.929765561427265,8.650089611792113e-09,0.0004370987999999798,0.03556305346999977,0.43684930856323234,4.28094467043411,0.01493422216722795
SQuADDS_fqOnly,121,chip_simple_dx8p182_dy7p273__Lj12p0nH_Cj2p0fF__roL8p5mm__tee_fl160um_fc12_cg1p2um__rpg1p4um,4.69969106963,6.14084802289,5.903258055982589,255.60206895931188,5.914831339260037,4,chip_simple_dxm0p909_dym8p182__Lj12p0nH_Cj2p0fF__roL8p5mm__tee_fl160um_fc12_cg1p2um__rpg1p4um,4.69924154033,6.09992513873,5.408171934171676,238.0058622200954,5.864927398734324,9.149079181186626e-09,0.0004495292999999734,0.04092288416000045,0.49508612181091305,17.596206739216484,0.049903940525713786
SQuADDS_fqOnly,121,chip_simple_dx8p182_dy7p273__Lj12p0nH_Cj2p0fF__roL8p5mm__tee_fl160um_fc12_cg1p2um__rpg1p4um,4.69969106963,6.14084802289,5.903258055982589,255.60206895931188,5.914831339260037,5,chip_simple_dxm3p636_dym6p364__Lj12p0nH_Cj2p0fF__roL8p5mm__tee_fl160um_fc12_cg1p2um__rpg1p4um,4.69919145175,6.17226446551,5.555493060129165,252.9426854633619,5.946935337018482,1.1301532094622011e-08,0.0004996178800000806,0.03141644261999943,0.34776499585342435,2.6593834959499816,0.03210399775844497
SQuADDS_fqOnly,121,chip_simple_dx8p182_dy7p273__Lj12p0nH_Cj2p0fF__roL8p5mm__tee_fl160um_fc12_cg1p2um__rpg1p4um,4.69969106963,6.14084802289,5.903258055982589,255.60206895931188,5.914831339260037,6,chip_simple_dxm9p091_dy4p545__Lj12p0nH_Cj2p0fF__roL8p5mm__tee_fl160um_fc12_cg1p2um__rpg1p4um,4.70020646758,6.16959521458,5.58720127576828,253.10207266424865,5.941758744245985,1.2026707588031861e-08,0.0005153979500001071,0.02874719168999995,0.3160567802143097,2.4999962950632266,0.02692740498594759
SQuADDS_fqOnly,121,chip_simple_dx8p182_dy7p273__Lj12p0nH_Cj2p0fF__roL8p5mm__tee_fl160um_fc12_cg1p2um__rpg1p4um,4.69969106963,6.14084802289,5.903258055982589,255.60206895931188,5.914831339260037,7,chip_simple_dx1p818_dym3p636__Lj12p0nH_Cj2p0fF__roL8p5mm__tee_fl160um_fc12_cg1p2um__rpg1p4um,4.7002658343,6.11919403433,5.529006472345352,243.631041324958,5.866922254374302,1.4956897169135883e-08,0.0005747646699996167,0.02165398855999978,0.3742515836372373,11.971027634353874,0.04790908488573553
SQuADDS_fqOnly,121,chip_simple_dx8p182_dy7p273__Lj12p0nH_Cj2p0fF__roL8p5mm__tee_fl160um_fc12_cg1p2um__rpg1p4um,4.69969106963,6.14084802289,5.903258055982589,255.60206895931188,5.914831339260037,8,chip_simple_dx4p545_dy8p182__Lj12p0nH_Cj2p0fF__roL8p5mm__tee_fl160um_fc12_cg1p2um__rpg1p4um,4.70036060337,6.01714554975,6.5398732121944425,247.5618554633448,5.735240697540928,2.0295806472468658e-08,0.0006695337400000057,0.12370247313999982,0.6366151562118532,8.040213495967066,0.1795906417191091
SQuADDS_fqOnly,121,chip_simple_dx8p182_dy7p273__Lj12p0nH_Cj2p0fF__roL8p5mm__tee_fl160um_fc12_cg1p2um__rpg1p4um,4.69969106963,6.14084802289,5.903258055982589,255.60206895931188,5.914831339260037,9,chip_simple_dx0p909_dym8p182__Lj12p0nH_Cj2p0fF__roL8p5mm__tee_fl160um_fc12_cg1p2um__rpg1p4um,4.70055739372,6.00934439173,5.9578544504756925,234.711210840026,5.695445771960415,3.397990500054424e-08,0.0008663240899995373,0.1315036311600002,0.05459639449310316,20.890858119285866,0.21938556729962233
SQuADDS_fqOnly,121,chip_simple_dx8p182_dy7p273__Lj12p0nH_Cj2p0fF__roL8p5mm__tee_fl160um_fc12_cg1p2um__rpg1p4um,4.69969106963,6.14084802289,5.903258055982589,255.60206895931188,5.914831339260037,10,chip_simple_dx10p000_dym3p636__Lj12p0nH_Cj2p0fF__roL8p5mm__tee_fl160um_fc12_cg1p2um__rpg1p4um,4.70070496194,6.04487004836,6.44764097164917,250.48907377671824,5.824760812131007,4.654199942341372e-08,0.0010138923099995978,0.09597797453000023,0.5443829156665805,5.112995182593636,0.09007052712903008
SQuADDS_fqOnly,122,chip_simple_dx10p000_dym9p091__Lj12p0nH_Cj2p0fF__roL8p5mm__tee_fl160um_fc12_cg1p2um__rpg1p4um,4.74335442636,5.96352019986,5.678793174303054,212.85016882186287,5.680023776609713,1,chip_simple_dxm0p909_dym10p000__Lj12p0nH_Cj2p0fF__roL8p5mm__tee_fl160um_fc12_cg1p2um__rpg1p4um,4.743277674,6.16560338881,5.249255211336136,235.8522265924433,5.937221698084575,2.618257299947734e-10,7.675236000004304e-05,0.20208318895000055,0.4295379629669185,23.00205777058042,0.2571979214748623
SQuADDS_fqOnly,122,chip_simple_dx10p000_dym9p091__Lj12p0nH_Cj2p0fF__roL8p5mm__tee_fl160um_fc12_cg1p2um__rpg1p4um,4.74335442636,5.96352019986,5.678793174303054,212.85016882186287,5.680023776609713,2,chip_simple_dxm5p455_dy1p818__Lj12p0nH_Cj2p0fF__roL8p5mm__tee_fl160um_fc12_cg1p2um__rpg1p4um,4.7432212798,6.12396808672,5.238211283826828,229.0696122487726,5.878910838755778,7.879320161342634e-10,0.00013314655999963065,0.1604478868600001,0.440581890476226,16.21944342690972,0.19888706214606522
SQuADDS_fqOnly,122,chip_simple_dx10p000_dym9p091__Lj12p0nH_Cj2p0fF__roL8p5mm__tee_fl160um_fc12_cg1p2um__rpg1p4um,4.74335442636,5.96352019986,5.678793174303054,212.85016882186287,5.680023776609713,3,chip_simple_dxm6p364_dy4p545__Lj12p0nH_Cj2p0fF__roL8p5mm__tee_fl160um_fc12_cg1p2um__rpg1p4um,4.74352808595,6.2301695732,5.073797546504975,241.488305000106,5.998964352979843,1.3403752174775831e-09,0.0001736595900005966,0.26664937334000083,0.604995627798079,28.638136178243144,0.31894057637012985
SQuADDS_fqOnly,122,chip_simple_dx10p000_dym9p091__Lj12p0nH_Cj2p0fF__roL8p5mm__tee_fl160um_fc12_cg1p2um__rpg1p4um,4.74335442636,5.96352019986,5.678793174303054,212.85016882186287,5.680023776609713,4,chip_simple_dx0p909_dym3p636__Lj12p0nH_Cj2p0fF__roL8p5mm__tee_fl160um_fc12_cg1p2um__rpg1p4um,4.74299007193,5.97185553704,5.585872956563949,212.43614000136665,5.67605929438614,5.900338875408511e-09,0.0003643544299993806,0.008335337180000124,0.0929202177391053,0.41402882049621326,0.003964482223572929
SQuADDS_fqOnly,122,chip_simple_dx10p000_dym9p091__Lj12p0nH_Cj2p0fF__roL8p5mm__tee_fl160um_fc12_cg1p2um__rpg1p4um,4.74335442636,5.96352019986,5.678793174303054,212.85016882186287,5.680023776609713,5,chip_simple_dx9p091_dym4p545__Lj12p0nH_Cj2p0fF__roL8p5mm__tee_fl160um_fc12_cg1p2um__rpg1p4um,4.74298968952,6.21595359683,5.546431172784805,250.5823135991841,6.029204485292758,5.912730834927451e-09,0.0003647368399999351,0.2524333969700008,0.13236200151824917,37.732144777321224,0.3491807086830452
SQuADDS_fqOnly,122,chip_simple_dx10p000_dym9p091__Lj12p0nH_Cj2p0fF__roL8p5mm__tee_fl160um_fc12_cg1p2um__rpg1p4um,4.74335442636,5.96352019986,5.678793174303054,212.85016882186287,5.680023776609713,6,chip_simple_dx2p727_dy0p909__Lj12p0nH_Cj2p0fF__roL8p5mm__tee_fl160um_fc12_cg1p2um__rpg1p4um,4.74298606075,6.14557563555,5.577913346075058,240.00739016593903,5.859609361630187,6.03096771464869e-09,0.0003683656099999766,0.1820554356900006,0.10087982822799635,27.157221344076163,0.17958558502047417
SQuADDS_fqOnly,122,chip_simple_dx10p000_dym9p091__Lj12p0nH_Cj2p0fF__roL8p5mm__tee_fl160um_fc12_cg1p2um__rpg1p4um,4.74335442636,5.96352019986,5.678793174303054,212.85016882186287,5.680023776609713,7,chip_simple_dx0p909_dym1p818__Lj12p0nH_Cj2p0fF__roL8p5mm__tee_fl160um_fc12_cg1p2um__rpg1p4um,4.74382125763,6.0716485122,5.499687352653504,226.4433546572846,5.834878033029041,9.686095008270863e-09,0.0004668312699998012,0.10812831234000075,0.17910582164955002,13.593185835421735,0.15485425641932782
SQuADDS_fqOnly,122,chip_simple_dx10p000_dym9p091__Lj12p0nH_Cj2p0fF__roL8p5mm__tee_fl160um_fc12_cg1p2um__rpg1p4um,4.74335442636,5.96352019986,5.678793174303054,212.85016882186287,5.680023776609713,8,chip_simple_dx0p000_dym6p364__Lj12p0nH_Cj2p0fF__roL8p5mm__tee_fl160um_fc12_cg1p2um__rpg1p4um,4.74288579894,6.03308089793,5.782055475780487,226.2307596859305,5.794067523813237,9.760773590315819e-09,0.0004686274200000895,0.0695606980700001,0.10326230147743232,13.380590864067642,0.1140437472035245
SQuADDS_fqOnly,122,chip_simple_dx10p000_dym9p091__Lj12p0nH_Cj2p0fF__roL8p5mm__tee_fl160um_fc12_cg1p2um__rpg1p4um,4.74335442636,5.96352019986,5.678793174303054,212.85016882186287,5.680023776609713,9,chip_simple_dx2p727_dy3p636__Lj12p0nH_Cj2p0fF__roL8p5mm__tee_fl160um_fc12_cg1p2um__rpg1p4um,4.74429494791,5.9687577148,6.039171265787124,220.3138057061849,5.653802310643351,3.931573042507608e-08,0.0009405215500004616,0.005237514940000132,0.36037809148406996,7.463636884322028,0.02622146596636199
SQuADDS_fqOnly,122,chip_simple_dx10p000_dym9p091__Lj12p0nH_Cj2p0fF__roL8p5mm__tee_fl160um_fc12_cg1p2um__rpg1p4um,4.74335442636,5.96352019986,5.678793174303054,212.85016882186287,5.680023776609713,10,chip_simple_dxm3p636_dym4p545__Lj12p0nH_Cj2p0fF__roL8p5mm__tee_fl160um_fc12_cg1p2um__rpg1p4um,4.74235488793,6.04534109441,5.723736058847427,227.1294815057925,5.7373862078713325,4.44045874596501e-08,0.000999538429999447,0.08182089455000074,0.044942884544372674,14.279312683929646,0.05736243126161966
SQuADDS_fqOnly,123,chip_simple_dx10p000_dy0p909__Lj12p0nH_Cj2p0fF__roL8p5mm__tee_fl160um_fc12_cg1p2um__rpg1p4um,4.75255400103,6.13763196296,5.2944752149524685,230.5572668902481,5.940929181592612,1,chip_simple_dx3p636_dy10p000__Lj12p0nH_Cj2p0fF__roL8p5mm__tee_fl160um_fc12_cg1p2um__rpg1p4um,4.75276132751,6.0254162175,6.153329925121307,230.03465147640503,5.771482613463284,1.9030729138553714e-09,0.00020732647999999188,0.11221574545999946,0.8588547101688384,0.5226154138430559,0.16944656812932735
SQuADDS_fqOnly,123,chip_simple_dx10p000_dy0p909__Lj12p0nH_Cj2p0fF__roL8p5mm__tee_fl160um_fc12_cg1p2um__rpg1p4um,4.75255400103,6.13763196296,5.2944752149524685,230.5572668902481,5.940929181592612,2,chip_simple_dx0p000_dy4p545__Lj12p0nH_Cj2p0fF__roL8p5mm__tee_fl160um_fc12_cg1p2um__rpg1p4um,4.75286142116,6.08882350457,5.892952473888397,235.49238786023307,5.8850993721358345,4.1841811947748956e-09,0.000307420130000402,0.04880845838999992,0.5984772589359286,4.935120969984979,0.05582980945677729
SQuADDS_fqOnly,123,chip_simple_dx10p000_dy0p909__Lj12p0nH_Cj2p0fF__roL8p5mm__tee_fl160um_fc12_cg1p2um__rpg1p4um,4.75255400103,6.13763196296,5.2944752149524685,230.5572668902481,5.940929181592612,3,chip_simple_dx6p364_dy2p727__Lj12p0nH_Cj2p0fF__roL8p5mm__tee_fl160um_fc12_cg1p2um__rpg1p4um,4.75293196551,6.07708289994,5.740933858938217,230.41754424422072,5.810778700049102,6.3248154161634155e-09,0.00037796448000015914,0.06054906301999985,0.4464586439857481,0.13972264602736573,0.1301504815435095
SQuADDS_fqOnly,123,chip_simple_dx10p000_dy0p909__Lj12p0nH_Cj2p0fF__roL8p5mm__tee_fl160um_fc12_cg1p2um__rpg1p4um,4.75255400103,6.13763196296,5.2944752149524685,230.5572668902481,5.940929181592612,4,chip_simple_dx2p727_dym7p273__Lj12p0nH_Cj2p0fF__roL8p5mm__tee_fl160um_fc12_cg1p2um__rpg1p4um,4.75350553829,6.23137226029,5.515988144140243,250.035837607935,6.081021639957449,4.0086438915345876e-08,0.0009515372599997463,0.09374029733000011,0.22151292918777443,19.47857071768692,0.14009245836483686
SQuADDS_fqOnly,123,chip_simple_dx10p000_dy0p909__Lj12p0nH_Cj2p0fF__roL8p5mm__tee_fl160um_fc12_cg1p2um__rpg1p4um,4.75255400103,6.13763196296,5.2944752149524685,230.5572668902481,5.940929181592612,5,chip_simple_dxm2p727_dy4p545__Lj12p0nH_Cj2p0fF__roL8p5mm__tee_fl160um_fc12_cg1p2um__rpg1p4um,4.75153648539,6.12686754084,5.701167658432007,237.858845654832,5.866682937277906,4.583825394532712e-08,0.0010175156400000773,0.010764422119999395,0.40669244347953803,7.3015787645839225,0.07424624431470583
SQuADDS_fqOnly,123,chip_simple_dx10p000_dy0p909__Lj12p0nH_Cj2p0fF__roL8p5mm__tee_fl160um_fc12_cg1p2um__rpg1p4um,4.75255400103,6.13763196296,5.2944752149524685,230.5572668902481,5.940929181592612,6,chip_simple_dxm4p545_dym2p727__Lj12p0nH_Cj2p0fF__roL8p5mm__tee_fl160um_fc12_cg1p2um__rpg1p4um,4.75133436782,6.26297506595,5.207407996995926,248.15573910645995,6.105858265342065,6.585736684392102e-08,0.0012196332099998486,0.1253431029900005,0.08706721795654282,17.59847221621186,0.16492908374945348
SQuADDS_fqOnly,123,chip_simple_dx10p000_dy0p909__Lj12p0nH_Cj2p0fF__roL8p5mm__tee_fl160um_fc12_cg1p2um__rpg1p4um,4.75255400103,6.13763196296,5.2944752149524685,230.5572668902481,5.940929181592612,7,chip_simple_dxm3p636_dym5p455__Lj12p0nH_Cj2p0fF__roL8p5mm__tee_fl160um_fc12_cg1p2um__rpg1p4um,4.75384647125,6.17600229225,5.254790726247787,235.36565084982217,5.967505983663928,7.395830852075845e-08,0.0012924702200001192,0.03837032929000017,0.03968448870468144,4.808383959574087,0.026576802071316408
SQuADDS_fqOnly,123,chip_simple_dx10p000_dy0p909__Lj12p0nH_Cj2p0fF__roL8p5mm__tee_fl160um_fc12_cg1p2um__rpg1p4um,4.75255400103,6.13763196296,5.2944752149524685,230.5572668902481,5.940929181592612,8,chip_simple_dx8p182_dy4p545__Lj12p0nH_Cj2p0fF__roL8p5mm__tee_fl160um_fc12_cg1p2um__rpg1p4um,4.75384775336,6.16753807894,5.472293931138992,238.92779525541928,6.000528213189532,7.410511224085166e-08,0.00129375232999962,0.02990611598000026,0.17781871618652367,8.370528365171197,0.05959903159692015
SQuADDS_fqOnly,123,chip_simple_dx10p000_dy0p909__Lj12p0nH_Cj2p0fF__roL8p5mm__tee_fl160um_fc12_cg1p2um__rpg1p4um,4.75255400103,6.13763196296,5.2944752149524685,230.5572668902481,5.940929181592612,9,chip_simple_dx9p091_dym2p727__Lj12p0nH_Cj2p0fF__roL8p5mm__tee_fl160um_fc12_cg1p2um__rpg1p4um,4.75421160279,6.18453840176,5.473107182682037,241.5748597938345,5.95940112810006,1.2164836546350443e-07,0.0016576017599998494,0.04690643880000067,0.17863196772956869,11.017592903586404,0.018471946507448322
SQuADDS_fqOnly,123,chip_simple_dx10p000_dy0p909__Lj12p0nH_Cj2p0fF__roL8p5mm__tee_fl160um_fc12_cg1p2um__rpg1p4um,4.75255400103,6.13763196296,5.2944752149524685,230.5572668902481,5.940929181592612,10,chip_simple_dxm9p091_dy9p091__Lj12p0nH_Cj2p0fF__roL8p5mm__tee_fl160um_fc12_cg1p2um__rpg1p4um,4.75085202436,6.00137867716,5.41655916849327,212.3126314781783,5.701547260512729,1.282487334467546e-07,0.0017019766699997163,0.13625328579999962,0.12208395354080182,18.244635412069783,0.23938192107988243
SQuADDS_fqOnly,124,chip_simple_dx10p000_dy3p636__Lj12p0nH_Cj2p0fF__roL8p5mm__tee_fl160um_fc12_cg1p2um__rpg1p4um,4.72330395194,6.22215593495,5.852815342746735,262.75745588173754,6.048624542248245,1,chip_simple_dx9p091_dy1p818__Lj12p0nH_Cj2p0fF__roL8p5mm__tee_fl160um_fc12_cg1p2um__rpg1p4um,4.72332163382,6.08397777989,5.362149336601257,229.5526193491085,5.856220715335205,1.4014096049400315e-11,1.7681880000175454e-05,0.1381781550600003,0.49066600614547795,33.20483653262903,0.19240382691303992
SQuADDS_fqOnly,124,chip_simple_dx10p000_dy3p636__Lj12p0nH_Cj2p0fF__roL8p5mm__tee_fl160um_fc12_cg1p2um__rpg1p4um,4.72330395194,6.22215593495,5.852815342746735,262.75745588173754,6.048624542248245,2,chip_simple_dx0p000_dym2p727__Lj12p0nH_Cj2p0fF__roL8p5mm__tee_fl160um_fc12_cg1p2um__rpg1p4um,4.72308106304,6.01925382396,5.781981496412277,228.09975736372985,5.690176383635383,2.2268199003046915e-09,0.00022288889999977357,0.20290211099000022,0.070833846334458,34.65769851800769,0.3584481586128616
SQuADDS_fqOnly,124,chip_simple_dx10p000_dy3p636__Lj12p0nH_Cj2p0fF__roL8p5mm__tee_fl160um_fc12_cg1p2um__rpg1p4um,4.72330395194,6.22215593495,5.852815342746735,262.75745588173754,6.048624542248245,3,chip_simple_dxm2p727_dy9p091__Lj12p0nH_Cj2p0fF__roL8p5mm__tee_fl160um_fc12_cg1p2um__rpg1p4um,4.72354496119,6.06782180308,5.766568409368515,235.52036104141203,5.815573617333097,2.6036082227560572e-09,0.00024100924999981288,0.15433413186999978,0.08624693337822009,27.23709484032551,0.23305092491514756
SQuADDS_fqOnly,124,chip_simple_dx10p000_dy3p636__Lj12p0nH_Cj2p0fF__roL8p5mm__tee_fl160um_fc12_cg1p2um__rpg1p4um,4.72330395194,6.22215593495,5.852815342746735,262.75745588173754,6.048624542248245,4,chip_simple_dxm1p818_dy6p364__Lj12p0nH_Cj2p0fF__roL8p5mm__tee_fl160um_fc12_cg1p2um__rpg1p4um,4.72288255884,6.16611156985,5.942852807521819,255.57392589996,5.983119778272944,7.959449876162703e-09,0.0004213930999998894,0.05604436509999999,0.09003746477508479,7.1835299817775535,0.06550476397530058
SQuADDS_fqOnly,124,chip_simple_dx10p000_dy3p636__Lj12p0nH_Cj2p0fF__roL8p5mm__tee_fl160um_fc12_cg1p2um__rpg1p4um,4.72330395194,6.22215593495,5.852815342746735,262.75745588173754,6.048624542248245,5,chip_simple_dxm8p182_dym9p091__Lj12p0nH_Cj2p0fF__roL8p5mm__tee_fl160um_fc12_cg1p2um__rpg1p4um,4.72257063561,6.05880267073,5.941739992261886,237.9009092435265,5.759912137527704,2.4104100229649985e-08,0.0007333163299998446,0.1633532642200004,0.08892464951515144,24.85654663821103,0.28871240472054094
SQuADDS_fqOnly,124,chip_simple_dx10p000_dy3p636__Lj12p0nH_Cj2p0fF__roL8p5mm__tee_fl160um_fc12_cg1p2um__rpg1p4um,4.72330395194,6.22215593495,5.852815342746735,262.75745588173754,6.048624542248245,6,chip_simple_dxm3p636_dy3p636__Lj12p0nH_Cj2p0fF__roL8p5mm__tee_fl160um_fc12_cg1p2um__rpg1p4um,4.72242714711,6.18673541231,5.336548379825592,245.26485810969444,5.972626156449373,3.4459905253647674e-08,0.0008768048299998554,0.03542052263999995,0.5162669629211427,17.492597772043098,0.07599838579887219
SQuADDS_fqOnly,124,chip_simple_dx10p000_dy3p636__Lj12p0nH_Cj2p0fF__roL8p5mm__tee_fl160um_fc12_cg1p2um__rpg1p4um,4.72330395194,6.22215593495,5.852815342746735,262.75745588173754,6.048624542248245,7,chip_simple_dxm2p727_dym7p273__Lj12p0nH_Cj2p0fF__roL8p5mm__tee_fl160um_fc12_cg1p2um__rpg1p4um,4.7222040576,6.12237034652,5.983692367204666,249.3544121969452,5.891422873734137,5.422632172266551e-08,0.0010998943400002403,0.09978558842999963,0.1308770244579316,13.403043684792351,0.15720166851410777
SQuADDS_fqOnly,124,chip_simple_dx10p000_dy3p636__Lj12p0nH_Cj2p0fF__roL8p5mm__tee_fl160um_fc12_cg1p2um__rpg1p4um,4.72330395194,6.22215593495,5.852815342746735,262.75745588173754,6.048624542248245,8,chip_simple_dxm6p364_dym5p455__Lj12p0nH_Cj2p0fF__roL8p5mm__tee_fl160um_fc12_cg1p2um__rpg1p4um,4.72213994007,6.1303933455,5.1282290317249295,231.82863900091743,5.879820249776217,6.073276168079226e-08,0.0011640118700002589,0.09176258945000004,0.7245863110218052,30.928816880820108,0.16880429247202766
SQuADDS_fqOnly,124,chip_simple_dx10p000_dy3p636__Lj12p0nH_Cj2p0fF__roL8p5mm__tee_fl160um_fc12_cg1p2um__rpg1p4um,4.72330395194,6.22215593495,5.852815342746735,262.75745588173754,6.048624542248245,9,chip_simple_dxm1p818_dym10p000__Lj12p0nH_Cj2p0fF__roL8p5mm__tee_fl160um_fc12_cg1p2um__rpg1p4um,4.72213098232,5.99382514578,6.216597866516113,232.5260761215951,5.710682925319376,6.167110641724072e-08,0.0011729696199997974,0.22833078917000016,0.3637825237693786,30.23137976014243,0.3379416169288687
SQuADDS_fqOnly,124,chip_simple_dx10p000_dy3p636__Lj12p0nH_Cj2p0fF__roL8p5mm__tee_fl160um_fc12_cg1p2um__rpg1p4um,4.72330395194,6.22215593495,5.852815342746735,262.75745588173754,6.048624542248245,10,chip_simple_dxm8p182_dy4p545__Lj12p0nH_Cj2p0fF__roL8p5mm__tee_fl160um_fc12_cg1p2um__rpg1p4um,4.72472338379,6.07232041902,5.541016860761642,231.3279258836254,5.809423706845696,9.03103039367439e-08,0.0014194318499995973,0.14983551592999955,0.3117984819850923,31.429529998112145,0.23920083540254833
SQuADDS_fqOnly,125,chip_simple_dx10p000_dy8p182__Lj12p0nH_Cj2p0fF__roL8p5mm__tee_fl160um_fc12_cg1p2um__rpg1p4um,4.71267796257,6.14331372447,5.878011034767151,252.6873389056645,5.925969437183419,1,chip_simple_dxm5p455_dym4p545__Lj12p0nH_Cj2p0fF__roL8p5mm__tee_fl160um_fc12_cg1p2um__rpg1p4um,4.71287290209,6.10521129892,5.888910904247283,246.5344439765854,5.876905965021521,1.711056134253598e-09,0.0001949395200000481,0.038102425549999985,0.010899869480132551,6.152894929079082,0.04906347216189744
SQuADDS_fqOnly,125,chip_simple_dx10p000_dy8p182__Lj12p0nH_Cj2p0fF__roL8p5mm__tee_fl160um_fc12_cg1p2um__rpg1p4um,4.71267796257,6.14331372447,5.878011034767151,252.6873389056645,5.925969437183419,2,chip_simple_dx4p545_dy2p727__Lj12p0nH_Cj2p0fF__roL8p5mm__tee_fl160um_fc12_cg1p2um__rpg1p4um,4.71245271602,6.05903925985,5.93248411000824,239.9388799189516,5.748576863203549,2.284445325962933e-09,0.00022524655000033533,0.08427446461999999,0.054473075241089575,12.748458986712876,0.17739257397986918
SQuADDS_fqOnly,125,chip_simple_dx10p000_dy8p182__Lj12p0nH_Cj2p0fF__roL8p5mm__tee_fl160um_fc12_cg1p2um__rpg1p4um,4.71267796257,6.14331372447,5.878011034767151,252.6873389056645,5.925969437183419,3,chip_simple_dxm6p364_dym9p091__Lj12p0nH_Cj2p0fF__roL8p5mm__tee_fl160um_fc12_cg1p2um__rpg1p4um,4.71233913521,6.02901270922,5.663697428594589,229.5055713320909,5.813836152709171,5.169177160445596e-09,0.00033882736000023783,0.1143010152499997,0.21431360617256168,23.18176757357358,0.11213328447424775
SQuADDS_fqOnly,125,chip_simple_dx10p000_dy8p182__Lj12p0nH_Cj2p0fF__roL8p5mm__tee_fl160um_fc12_cg1p2um__rpg1p4um,4.71267796257,6.14331372447,5.878011034767151,252.6873389056645,5.925969437183419,4,chip_simple_dxm4p545_dy0p000__Lj12p0nH_Cj2p0fF__roL8p5mm__tee_fl160um_fc12_cg1p2um__rpg1p4um,4.71230064412,6.08710688098,5.719542095273972,240.0625294385203,5.795795047141197,6.410332493979183e-09,0.0003773184499999971,0.05620684348999916,0.15846893949317842,12.624809467144189,0.13017439004222187
SQuADDS_fqOnly,125,chip_simple_dx10p000_dy8p182__Lj12p0nH_Cj2p0fF__roL8p5mm__tee_fl160um_fc12_cg1p2um__rpg1p4um,4.71267796257,6.14331372447,5.878011034767151,252.6873389056645,5.925969437183419,5,chip_simple_dx6p364_dym10p000__Lj12p0nH_Cj2p0fF__roL8p5mm__tee_fl160um_fc12_cg1p2um__rpg1p4um,4.71222287437,6.11776336869,5.892424395643234,248.8381761745651,5.8779333128535365,9.325145621475247e-09,0.0004550881999998424,0.0255503557799992,0.014413360876083026,3.8491627310993977,0.048036124329882135
SQuADDS_fqOnly,125,chip_simple_dx10p000_dy8p182__Lj12p0nH_Cj2p0fF__roL8p5mm__tee_fl160um_fc12_cg1p2um__rpg1p4um,4.71267796257,6.14331372447,5.878011034767151,252.6873389056645,5.925969437183419,6,chip_simple_dxm5p455_dym8p182__Lj12p0nH_Cj2p0fF__roL8p5mm__tee_fl160um_fc12_cg1p2um__rpg1p4um,4.71323634559,5.96308581689,6.014703723955154,225.4138802593673,5.645748272445109,1.4038764194218352e-08,0.0005583830200004414,0.18022790757999996,0.1366926891880036,27.2734586462972,0.28022116473830927
SQuADDS_fqOnly,125,chip_simple_dx10p000_dy8p182__Lj12p0nH_Cj2p0fF__roL8p5mm__tee_fl160um_fc12_cg1p2um__rpg1p4um,4.71267796257,6.14331372447,5.878011034767151,252.6873389056645,5.925969437183419,7,chip_simple_dx10p000_dy0p000__Lj12p0nH_Cj2p0fF__roL8p5mm__tee_fl160um_fc12_cg1p2um__rpg1p4um,4.71208036912,6.12933282299,5.748897754478454,247.69335881399888,5.914392877730971,1.6079632926156274e-08,0.0005975934500002111,0.013980901479999197,0.1291132802886965,4.993980091665605,0.011576559452447732
SQuADDS_fqOnly,125,chip_simple_dx10p000_dy8p182__Lj12p0nH_Cj2p0fF__roL8p5mm__tee_fl160um_fc12_cg1p2um__rpg1p4um,4.71267796257,6.14331372447,5.878011034767151,252.6873389056645,5.925969437183419,8,chip_simple_dxm3p636_dy4p545__Lj12p0nH_Cj2p0fF__roL8p5mm__tee_fl160um_fc12_cg1p2um__rpg1p4um,4.71363061095,6.14572418614,5.668436658781052,248.2621666113731,5.949051840746841,4.0862952176984707e-08,0.0009526483800001984,0.0024104616700002524,0.20957437598609907,4.4251722942914,0.023082403563422282
SQuADDS_fqOnly,125,chip_simple_dx10p000_dy8p182__Lj12p0nH_Cj2p0fF__roL8p5mm__tee_fl160um_fc12_cg1p2um__rpg1p4um,4.71267796257,6.14331372447,5.878011034767151,252.6873389056645,5.925969437183419,9,chip_simple_dxm7p273_dy2p727__Lj12p0nH_Cj2p0fF__roL8p5mm__tee_fl160um_fc12_cg1p2um__rpg1p4um,4.71160179643,6.11112305572,5.860711649211884,247.21366970382263,5.902975749327858,5.214625449107569e-08,0.0010761661399998346,0.03219066874999932,0.01729938555526722,5.473669201841858,0.02299368785556055
SQuADDS_fqOnly,125,chip_simple_dx10p000_dy8p182__Lj12p0nH_Cj2p0fF__roL8p5mm__tee_fl160um_fc12_cg1p2um__rpg1p4um,4.71267796257,6.14331372447,5.878011034767151,252.6873389056645,5.925969437183419,10,chip_simple_dx7p273_dym10p000__Lj12p0nH_Cj2p0fF__roL8p5mm__tee_fl160um_fc12_cg1p2um__rpg1p4um,4.71410593197,6.1449710615,5.722861017044068,249.15509170209992,5.909600201967471,9.181259762219775e-08,0.0014279693999998955,0.00165733703000015,0.15515001772308246,3.532247203564566,0.016369235215947242
SQuADDS_fqOnly,126,chip_simple_dx10p000_dy10p000__Lj12p0nH_Cj2p0fF__roL8p5mm__tee_fl160um_fc12_cg1p2um__rpg1p4um,4.7197549909,6.17427677037,5.8566343768806455,255.68904490554613,5.95457013669626,1,chip_simple_dxm10p000_dym6p364__Lj12p0nH_Cj2p0fF__roL8p5mm__tee_fl160um_fc12_cg1p2um__rpg1p4um,4.72003215394,6.21311585123,5.277381808307648,248.5653481614014,5.993540423418498,3.4485118567484636e-09,0.00027716303999980596,0.03883908086000076,0.5792525685729979,7.123696744144723,0.0389702867222379
SQuADDS_fqOnly,126,chip_simple_dx10p000_dy10p000__Lj12p0nH_Cj2p0fF__roL8p5mm__tee_fl160um_fc12_cg1p2um__rpg1p4um,4.7197549909,6.17427677037,5.8566343768806455,255.68904490554613,5.95457013669626,2,chip_simple_dx9p091_dym9p091__Lj12p0nH_Cj2p0fF__roL8p5mm__tee_fl160um_fc12_cg1p2um__rpg1p4um,4.71934786872,6.08163378867,5.753670983188629,238.5232525782091,5.841539739032603,7.440645574452121e-09,0.00040712218000038547,0.09264298170000007,0.10296339369201668,17.165792327337016,0.11303039766365686
SQuADDS_fqOnly,126,chip_simple_dx10p000_dy10p000__Lj12p0nH_Cj2p0fF__roL8p5mm__tee_fl160um_fc12_cg1p2um__rpg1p4um,4.7197549909,6.17427677037,5.8566343768806455,255.68904490554613,5.95457013669626,3,chip_simple_dx1p818_dy8p182__Lj12p0nH_Cj2p0fF__roL8p5mm__tee_fl160um_fc12_cg1p2um__rpg1p4um,4.72017945709,6.08731558494,5.7091661056575775,238.19641006055008,5.858573926089484,8.088114624659501e-09,0.00042446619000013897,0.08696118542999987,0.14746827122306794,17.492634844996047,0.09599621060677599
SQuADDS_fqOnly,126,chip_simple_dx10p000_dy10p000__Lj12p0nH_Cj2p0fF__roL8p5mm__tee_fl160um_fc12_cg1p2um__rpg1p4um,4.7197549909,6.17427677037,5.8566343768806455,255.68904490554613,5.95457013669626,4,chip_simple_dxm10p000_dy6p364__Lj12p0nH_Cj2p0fF__roL8p5mm__tee_fl160um_fc12_cg1p2um__rpg1p4um,4.72047666907,6.13292859683,5.448801997238159,239.8053726208776,5.897409581121149,2.338020034591377e-08,0.0007216781699996844,0.04134817353999942,0.4078323796424863,15.883672284668535,0.057160555575110905
SQuADDS_fqOnly,126,chip_simple_dx10p000_dy10p000__Lj12p0nH_Cj2p0fF__roL8p5mm__tee_fl160um_fc12_cg1p2um__rpg1p4um,4.7197549909,6.17427677037,5.8566343768806455,255.68904490554613,5.95457013669626,5,chip_simple_dx9p091_dym7p273__Lj12p0nH_Cj2p0fF__roL8p5mm__tee_fl160um_fc12_cg1p2um__rpg1p4um,4.72050597097,6.13312512239,5.72029589563942,245.89801240972525,5.881474199794399,2.5317330693129493e-08,0.0007509800699994074,0.041151647979999595,0.13633848124122583,9.791032495820872,0.07309593690186134
SQuADDS_fqOnly,126,chip_simple_dx10p000_dy10p000__Lj12p0nH_Cj2p0fF__roL8p5mm__tee_fl160um_fc12_cg1p2um__rpg1p4um,4.7197549909,6.17427677037,5.8566343768806455,255.68904490554613,5.95457013669626,6,chip_simple_dxm4p545_dy2p727__Lj12p0nH_Cj2p0fF__roL8p5mm__tee_fl160um_fc12_cg1p2um__rpg1p4um,4.72053982598,6.13986277241,6.137880284189224,256.0182577176675,5.892363472706823,2.7651449645713414e-08,0.0007848350800001569,0.034413997959999776,0.2812459073085787,0.3292128121213693,0.062206663989437416
SQuADDS_fqOnly,126,chip_simple_dx10p000_dy10p000__Lj12p0nH_Cj2p0fF__roL8p5mm__tee_fl160um_fc12_cg1p2um__rpg1p4um,4.7197549909,6.17427677037,5.8566343768806455,255.68904490554613,5.95457013669626,7,chip_simple_dxm1p818_dy0p000__Lj12p0nH_Cj2p0fF__roL8p5mm__tee_fl160um_fc12_cg1p2um__rpg1p4um,4.72085109882,6.13674306549,5.771197805171966,247.53443243124363,5.9292022682777255,5.393463236583846e-08,0.0010961079199995893,0.03753370487999952,0.08543657170867913,8.154612474302496,0.025367868418534556
SQuADDS_fqOnly,126,chip_simple_dx10p000_dy10p000__Lj12p0nH_Cj2p0fF__roL8p5mm__tee_fl160um_fc12_cg1p2um__rpg1p4um,4.7197549909,6.17427677037,5.8566343768806455,255.68904490554613,5.95457013669626,8,chip_simple_dx3p636_dym7p273__Lj12p0nH_Cj2p0fF__roL8p5mm__tee_fl160um_fc12_cg1p2um__rpg1p4um,4.71844087505,6.09326872435,6.172192269672394,249.2646758562308,5.887827549157398,7.752261219503793e-08,0.001314115850000519,0.08100804602,0.3155578927917482,6.424369049315317,0.06674258753886164
SQuADDS_fqOnly,126,chip_simple_dx10p000_dy10p000__Lj12p0nH_Cj2p0fF__roL8p5mm__tee_fl160um_fc12_cg1p2um__rpg1p4um,4.7197549909,6.17427677037,5.8566343768806455,255.68904490554613,5.95457013669626,9,chip_simple_dx5p455_dym8p182__Lj12p0nH_Cj2p0fF__roL8p5mm__tee_fl160um_fc12_cg1p2um__rpg1p4um,4.72112014614,6.01414813913,6.374000339464187,239.1567683741239,5.777326992270697,8.366140851982353e-08,0.0013651552399993605,0.1601286312400001,0.5173659625835416,16.532276531422212,0.17724314442556288
SQuADDS_fqOnly,126,chip_simple_dx10p000_dy10p000__Lj12p0nH_Cj2p0fF__roL8p5mm__tee_fl160um_fc12_cg1p2um__rpg1p4um,4.7197549909,6.17427677037,5.8566343768806455,255.68904490554613,5.95457013669626,10,chip_simple_dxm7p273_dy6p364__Lj12p0nH_Cj2p0fF__roL8p5mm__tee_fl160um_fc12_cg1p2um__rpg1p4um,4.72123017621,6.04785216083,6.333465595045089,244.1985025363444,5.848505024648974,9.769093116882359e-08,0.0014751853099994605,0.1264246095399999,0.4768312181644436,11.490542369201734,0.10606511204728619
