method,query_idx,query_sample_id,query_fq_GHz,query_fr_GHz,query_chi_MHz,query_g_MHz,query_kappa_MHz,rank,retrieved_sample_id,retrieved_fq_GHz,retrieved_fr_GHz,retrieved_chi_MHz,retrieved_g_MHz,retrieved_kappa_MHz,distance_or_cost,error_fq,error_fr,error_chi,error_g,error_kappa
NearestNeighbors,0,fig5_cg2p0um_rpg2p0um__Lj12p0nH_Cj0p0fF__roL8p5mm__tee_fl160um_fc12,4.87611067234,6.2724037398,4.550888010089874,210.16157380006155,6.038057856245259,1,fig5_cg2p0um_rpg2p5um__Lj12p0nH_Cj0p0fF__roL8p5mm__tee_fl160um_fc12,4.88081947033,6.29200362079,4.710222612869263,215.78136757047287,6.007573423867593,0.2805169097106886,0.004708797989999347,0.01959988099000043,0.1593346027793885,5.61979377041132,0.030484432377665627
NearestNeighbors,0,fig5_cg2p0um_rpg2p0um__Lj12p0nH_Cj0p0fF__roL8p5mm__tee_fl160um_fc12,4.87611067234,6.2724037398,4.550888010089874,210.16157380006155,6.038057856245259,2,fig5_cg1p5um_rpg2p0um__Lj12p0nH_Cj0p0fF__roL8p5mm__tee_fl160um_fc12,4.87620084481,6.26170388145,4.99363361734581,218.7024888594067,5.970534325619533,0.49403900395303363,9.017246999931672e-05,0.010699858349999758,0.4427456072559357,8.540915059345167,0.06752353062572602
NearestNeighbors,0,fig5_cg2p0um_rpg2p0um__Lj12p0nH_Cj0p0fF__roL8p5mm__tee_fl160um_fc12,4.87611067234,6.2724037398,4.550888010089874,210.16157380006155,6.038057856245259,3,fig5_cg3p0um_rpg2p5um__Lj12p0nH_Cj0p0fF__roL8p5mm__tee_fl160um_fc12,4.89777742204,6.34923094667,4.391671866830825,213.14051325530752,6.096625432754106,0.5895747574549728,0.0216667496999996,0.07682720687,0.15921614325904887,2.9789394552459783,0.05856757650884692
NearestNeighbors,0,fig5_cg2p0um_rpg2p0um__Lj12p0nH_Cj0p0fF__roL8p5mm__tee_fl160um_fc12,4.87611067234,6.2724037398,4.550888010089874,210.16157380006155,6.038057856245259,4,fig5_cg2p5um_rpg3p0um__Lj12p0nH_Cj0p0fF__roL8p5mm__tee_fl160um_fc12,4.8216114018,6.30639910885,4.078658870691299,212.78053759295764,5.96985922957307,0.8247870618371053,0.05449927054000003,0.033995369050000335,0.4722291393985749,2.6189637928960963,0.06819862667218857
NearestNeighbors,0,fig5_cg2p0um_rpg2p0um__Lj12p0nH_Cj0p0fF__roL8p5mm__tee_fl160um_fc12,4.87611067234,6.2724037398,4.550888010089874,210.16157380006155,6.038057856245259,5,fig5_cg3p5um_rpg2p5um__Lj12p0nH_Cj0p0fF__roL8p5mm__tee_fl160um_fc12,4.85348773769,6.38790903463,4.356288998512268,225.5893196577544,6.102737650921461,0.9292909129200294,0.022622934650000204,0.11550529483000016,0.19459901157760662,15.427745857692855,0.06467979467620211
NearestNeighbors,0,fig5_cg2p0um_rpg2p0um__Lj12p0nH_Cj0p0fF__roL8p5mm__tee_fl160um_fc12,4.87611067234,6.2724037398,4.550888010089874,210.16157380006155,6.038057856245259,6,fig5_cg2p0um_rpg3p5um__Lj12p0nH_Cj0p0fF__roL8p5mm__tee_fl160um_fc12,4.92988654864,6.34828832398,4.071626393825531,199.5447640637109,5.952483565984568,0.9943535160965719,0.05377587629999958,0.07588458418000066,0.4792616162643437,10.61680973635066,0.0855742902606913
NearestNeighbors,0,fig5_cg2p0um_rpg2p0um__Lj12p0nH_Cj0p0fF__roL8p5mm__tee_fl160um_fc12,4.87611067234,6.2724037398,4.550888010089874,210.16157380006155,6.038057856245259,7,fig5_cg2p5um_rpg3p5um__Lj12p0nH_Cj0p0fF__roL8p5mm__tee_fl160um_fc12,4.90933450729,6.40357690957,3.7329917837715145,201.2880257934344,6.003674917928219,1.0166154471408437,0.033223834949999365,0.13117316977000026,0.8178962263183598,8.873548006627146,0.03438293831703998
NearestNeighbors,0,fig5_cg2p0um_rpg2p0um__Lj12p0nH_Cj0p0fF__roL8p5mm__tee_fl160um_fc12,4.87611067234,6.2724037398,4.550888010089874,210.16157380006155,6.038057856245259,8,fig5_cg2p0um_rpg3p0um__Lj12p0nH_Cj0p0fF__roL8p5mm__tee_fl160um_fc12,4.90691227134,6.26460466713,4.076762608140945,192.584502898011,5.878506475506168,1.0526837809557505,0.030801599000000124,0.007799072669999241,0.47412540194892916,17.577070902050536,0.15955138073909136
NearestNeighbors,0,fig5_cg2p0um_rpg2p0um__Lj12p0nH_Cj0p0fF__roL8p5mm__tee_fl160um_fc12,4.87611067234,6.2724037398,4.550888010089874,210.16157380006155,6.038057856245259,9,fig5_cg5p0um_rpg2p5um__Lj12p0nH_Cj0p0fF__roL8p5mm__tee_fl160um_fc12,4.81774089875,6.23547817573,4.9252252214355465,224.50085102947097,5.919781007367641,1.072656706042435,0.05836977358999995,0.036925564069999695,0.3743372113456722,14.339277229409419,0.1182768488776178
NearestNeighbors,0,fig5_cg2p0um_rpg2p0um__Lj12p0nH_Cj0p0fF__roL8p5mm__tee_fl160um_fc12,4.87611067234,6.2724037398,4.550888010089874,210.16157380006155,6.038057856245259,10,fig5_cg2p5um_rpg2p0um__Lj12p0nH_Cj0p0fF__roL8p5mm__tee_fl160um_fc12,4.82985966256,6.3640851834,4.45615377314949,229.1245415394613,6.124821045393385,1.0795077938463646,0.04625100978000063,0.09168144360000063,0.09473423694038452,18.962967739399744,0.08676318914812597
NearestNeighbors,1,fig5_cg2p5um_rpg1p0um__Lj12p0nH_Cj0p0fF__roL8p5mm__tee_fl160um_fc12,4.66294784318,6.36077653441,6.190793763965607,308.1283621705032,6.290282883749718,1,fig5_cg3p5um_rpg1p0um__Lj12p0nH_Cj0p0fF__roL8p5mm__tee_fl160um_fc12,4.65151549232,6.42206990109,5.782993409578324,310.4906595751157,6.336782825594393,0.49168471221035087,0.011432350860000717,0.06129336668000018,0.407800354387283,2.362297404612548,0.046499941844674986
NearestNeighbors,1,fig5_cg2p5um_rpg1p0um__Lj12p0nH_Cj0p0fF__roL8p5mm__tee_fl160um_fc12,4.66294784318,6.36077653441,6.190793763965607,308.1283621705032,6.290282883749718,2,fig5_cg2p0um_rpg1p0um__Lj12p0nH_Cj0p0fF__roL8p5mm__tee_fl160um_fc12,4.67537317002,6.28144982257,6.80016774546051,305.861011614189,6.2286045622900525,0.6505616314950264,0.012425326839999862,0.07932671184000029,0.6093739814949028,2.2673505563141703,0.061678321459665675
NearestNeighbors,1,fig5_cg2p5um_rpg1p0um__Lj12p0nH_Cj0p0fF__roL8p5mm__tee_fl160um_fc12,4.66294784318,6.36077653441,6.190793763965607,308.1283621705032,6.290282883749718,3,fig5_cg5p0um_rpg1p0um__Lj12p0nH_Cj0p0fF__roL8p5mm__tee_fl160um_fc12,4.67009412056,6.40368347107,5.386180753400803,292.5653068578806,6.313414733179575,0.7447143206399243,0.0071462773799995105,0.04290693665999967,0.8046130105648048,15.563055312622566,0.023131849429856466
NearestNeighbors,1,fig5_cg2p5um_rpg1p0um__Lj12p0nH_Cj0p0fF__roL8p5mm__tee_fl160um_fc12,4.66294784318,6.36077653441,6.190793763965607,308.1283621705032,6.290282883749718,4,fig5_cg3p0um_rpg1p0um__Lj12p0nH_Cj0p0fF__roL8p5mm__tee_fl160um_fc12,4.5918495592,6.3683346429,6.310808488025665,329.7787087605889,6.339102179225892,1.175541812008961,0.07109828398000051,0.007558108489999604,0.12001472406005753,21.650346590085746,0.04881929547617414
NearestNeighbors,1,fig5_cg2p5um_rpg1p0um__Lj12p0nH_Cj0p0fF__roL8p5mm__tee_fl160um_fc12,4.66294784318,6.36077653441,6.190793763965607,308.1283621705032,6.290282883749718,5,fig5_cg4p5um_rpg1p0um__Lj12p0nH_Cj0p0fF__roL8p5mm__tee_fl160um_fc12,4.66547453942,6.44365646453,5.568490972890854,305.09213979648246,6.526420054379522,1.2343458187934042,0.0025266962399994597,0.08287993011999983,0.6223027910747536,3.036222374020724,0.23613717062980388
NearestNeighbors,1,fig5_cg2p5um_rpg1p0um__Lj12p0nH_Cj0p0fF__roL8p5mm__tee_fl160um_fc12,4.66294784318,6.36077653441,6.190793763965607,308.1283621705032,6.290282883749718,6,chip_simple_dx2p727_dy10p000__Lj12p0nH_Cj2p0fF__roL8p5mm__tee_fl160um_fc12_cg1p2um__rpg1p4um,4.65896495843,6.23455703196,5.910671091032028,280.3326352659665,6.066617974357407,1.5649269622432946,0.003982884750000082,0.12621950245000058,0.2801226729335795,27.795726904536707,0.2236649093923111
NearestNeighbors,1,fig5_cg2p5um_rpg1p0um__Lj12p0nH_Cj0p0fF__roL8p5mm__tee_fl160um_fc12,4.66294784318,6.36077653441,6.190793763965607,308.1283621705032,6.290282883749718,7,fig5_cg5p0um_rpg0p5um__Lj12p0nH_Cj0p0fF__roL8p5mm__tee_fl160um_fc12,4.54852290045,6.34578466778,6.117417553102493,331.8522825685193,6.365348751829195,1.6809102729624028,0.11442494273000037,0.014991866629999961,0.07337621086311419,23.723920398016105,0.07506586807947713
NearestNeighbors,1,fig5_cg2p5um_rpg1p0um__Lj12p0nH_Cj0p0fF__roL8p5mm__tee_fl160um_fc12,4.66294784318,6.36077653441,6.190793763965607,308.1283621705032,6.290282883749718,8,fig5_cg3p5um_rpg1p5um__Lj12p0nH_Cj0p0fF__roL8p5mm__tee_fl160um_fc12,4.70486631048,6.33112792154,5.111963850152969,266.195772124899,6.191175501007713,1.6921687091818967,0.041918467299999485,0.02964861286999998,1.0788299138126387,41.93259004560417,0.09910738274200526
NearestNeighbors,1,fig5_cg2p5um_rpg1p0um__Lj12p0nH_Cj0p0fF__roL8p5mm__tee_fl160um_fc12,4.66294784318,6.36077653441,6.190793763965607,308.1283621705032,6.290282883749718,9,chip_simple_dx0p000_dy6p364__Lj12p0nH_Cj2p0fF__roL8p5mm__tee_fl160um_fc12_cg1p2um__rpg1p4um,4.68684275544,6.22626285193,5.869558168603897,271.87390077175473,6.055488773398548,1.824914186618421,0.0238949122599994,0.13451368248000062,0.32123559536171076,36.25446139874845,0.23479411035116993
NearestNeighbors,1,fig5_cg2p5um_rpg1p0um__Lj12p0nH_Cj0p0fF__roL8p5mm__tee_fl160um_fc12,4.66294784318,6.36077653441,6.190793763965607,308.1283621705032,6.290282883749718,10,fig5_cg2p0um_rpg0p5um__Lj12p0nH_Cj0p0fF__roL8p5mm__tee_fl160um_fc12,4.56457478395,6.29107307619,7.123120399354934,343.529891336186,6.286368287736043,1.8343589145760177,0.09837305923000006,0.06970345822000024,0.9323266353893267,35.4015291656828,0.0039145960136748315
NearestNeighbors,2,fig5_cg3p5um_rpg3p0um__Lj12p0nH_Cj0p0fF__roL8p5mm__tee_fl160um_fc12,4.93553973885,6.40871504867,3.609282795269012,194.3874784003586,6.04946112689089,1,fig5_cg3p0um_rpg4p0um__Lj12p0nH_Cj0p0fF__roL8p5mm__tee_fl160um_fc12,4.940704631,6.42408762791,3.4702477960357663,191.51572092370972,6.040377137923779,0.1694137605056463,0.005164892149999822,0.01537257923999924,0.13903499923324558,2.8717574766488667,0.009083988967110379
NearestNeighbors,2,fig5_cg3p5um_rpg3p0um__Lj12p0nH_Cj0p0fF__roL8p5mm__tee_fl160um_fc12,4.93553973885,6.40871504867,3.609282795269012,194.3874784003586,6.04946112689089,2,fig5_cg2p0um_rpg4p0um__Lj12p0nH_Cj0p0fF__roL8p5mm__tee_fl160um_fc12,4.9386279194,6.36953775963,3.746125830854416,192.53030771266367,5.985478910669201,0.38122826706188,0.0030881805499998194,0.039177289040000396,0.13684303558540423,1.8571706876949179,0.06398221622168876
NearestNeighbors,2,fig5_cg3p5um_rpg3p0um__Lj12p0nH_Cj0p0fF__roL8p5mm__tee_fl160um_fc12,4.93553973885,6.40871504867,3.609282795269012,194.3874784003586,6.04946112689089,3,fig5_cg2p5um_rpg3p5um__Lj12p0nH_Cj0p0fF__roL8p5mm__tee_fl160um_fc12,4.90933450729,6.40357690957,3.7329917837715145,201.2880257934344,6.003674917928219,0.46022883795703173,0.02620523156000054,0.005138139100000494,0.12370898850250267,6.900547393075811,0.04578620896267083
NearestNeighbors,2,fig5_cg3p5um_rpg3p0um__Lj12p0nH_Cj0p0fF__roL8p5mm__tee_fl160um_fc12,4.93553973885,6.40871504867,3.609282795269012,194.3874784003586,6.04946112689089,4,fig5_cg3p5um_rpg4p5um__Lj12p0nH_Cj0p0fF__roL8p5mm__tee_fl160um_fc12,4.93974901061,6.38397286003,3.69327575235939,192.8740906594917,5.933832041481957,0.5555995366894809,0.004209271759999744,0.02474218864000033,0.08399295709037835,1.5133877408668752,0.11562908540893257
NearestNeighbors,2,fig5_cg3p5um_rpg3p0um__Lj12p0nH_Cj0p0fF__roL8p5mm__tee_fl160um_fc12,4.93553973885,6.40871504867,3.609282795269012,194.3874784003586,6.04946112689089,5,fig5_cg4p5um_rpg4p0um__Lj12p0nH_Cj0p0fF__roL8p5mm__tee_fl160um_fc12,4.95508593508,6.46782847243,3.2292443212566373,187.6687400196612,6.101974945599373,0.5687566052207972,0.019546196229999424,0.059113423759999506,0.38003847401237456,6.718738380697403,0.052513818708483484
NearestNeighbors,2,fig5_cg3p5um_rpg3p0um__Lj12p0nH_Cj0p0fF__roL8p5mm__tee_fl160um_fc12,4.93553973885,6.40871504867,3.609282795269012,194.3874784003586,6.04946112689089,6,fig5_cg4p0um_rpg4p5um__Lj12p0nH_Cj0p0fF__roL8p5mm__tee_fl160um_fc12,4.92435526103,6.48519909443,3.5933491122837067,205.0387458671971,6.080993342285782,0.5919133242729036,0.011184477820000538,0.07648404576000001,0.015933682985305175,10.651267466838505,0.03153221539489248
NearestNeighbors,2,fig5_cg3p5um_rpg3p0um__Lj12p0nH_Cj0p0fF__roL8p5mm__tee_fl160um_fc12,4.93553973885,6.40871504867,3.609282795269012,194.3874784003586,6.04946112689089,7,fig5_cg3p5um_rpg5p0um__Lj12p0nH_Cj0p0fF__roL8p5mm__tee_fl160um_fc12,4.93155087737,6.50667264028,3.192206646333694,194.60845436094925,6.043189427188832,0.5969229424470145,0.003988861479999883,0.09795759160999928,0.41707614893531764,0.22097596059066404,0.006271699702057987
NearestNeighbors,2,fig5_cg3p5um_rpg3p0um__Lj12p0nH_Cj0p0fF__roL8p5mm__tee_fl160um_fc12,4.93553973885,6.40871504867,3.609282795269012,194.3874784003586,6.04946112689089,8,fig5_cg2p5um_rpg5p0um__Lj12p0nH_Cj0p0fF__roL8p5mm__tee_fl160um_fc12,4.96853879237,6.44911161303,3.242022451978684,183.77948170929324,6.01719108962314,0.6433006849801842,0.03299905352000021,0.04039656435999994,0.36726034329032764,10.607996691065352,0.03227003726774935
NearestNeighbors,2,fig5_cg3p5um_rpg3p0um__Lj12p0nH_Cj0p0fF__roL8p5mm__tee_fl160um_fc12,4.93553973885,6.40871504867,3.609282795269012,194.3874784003586,6.04946112689089,9,fig5_cg2p0um_rpg3p5um__Lj12p0nH_Cj0p0fF__roL8p5mm__tee_fl160um_fc12,4.92988654864,6.34828832398,4.071626393825531,199.5447640637109,5.952483565984568,0.6437776415986374,0.005653190210000325,0.0604267246900001,0.46234359855651874,5.157285663352297,0.09697756090632215
NearestNeighbors,2,fig5_cg3p5um_rpg3p0um__Lj12p0nH_Cj0p0fF__roL8p5mm__tee_fl160um_fc12,4.93553973885,6.40871504867,3.609282795269012,194.3874784003586,6.04946112689089,10,fig5_cg5p0um_rpg4p0um__Lj12p0nH_Cj0p0fF__roL8p5mm__tee_fl160um_fc12,4.88774415429,6.45896799938,3.299699922574997,199.0926748998529,6.073027040692848,0.7108741560939619,0.047795584560000215,0.05025295071000002,0.3095828726940151,4.7051964994943205,0.02356591380195816
NearestNeighbors,3,fig5_cg4p0um_rpg1p5um__Lj12p0nH_Cj0p0fF__roL8p5mm__tee_fl160um_fc12,4.63955293545,6.42466191485,4.9842324073925015,290.9207745568615,6.2754882085959895,1,fig5_cg5p0um_rpg1p0um__Lj12p0nH_Cj0p0fF__roL8p5mm__tee_fl160um_fc12,4.67009412056,6.40368347107,5.386180753400803,292.5653068578806,6.313414733179575,0.49512136558645625,0.030541185109999702,0.0209784437799998,0.4019483460083011,1.644532301019126,0.03792652458358514
NearestNeighbors,3,fig5_cg4p0um_rpg1p5um__Lj12p0nH_Cj0p0fF__roL8p5mm__tee_fl160um_fc12,4.63955293545,6.42466191485,4.9842324073925015,290.9207745568615,6.2754882085959895,2,fig5_cg3p5um_rpg1p0um__Lj12p0nH_Cj0p0fF__roL8p5mm__tee_fl160um_fc12,4.65151549232,6.42206990109,5.782993409578324,310.4906595751157,6.336782825594393,0.8578961543859632,0.011962556869999474,0.00259201375999929,0.7987610021858229,19.56988501825424,0.06129461699840366
NearestNeighbors,3,fig5_cg4p0um_rpg1p5um__Lj12p0nH_Cj0p0fF__roL8p5mm__tee_fl160um_fc12,4.63955293545,6.42466191485,4.9842324073925015,290.9207745568615,6.2754882085959895,3,fig5_cg4p5um_rpg1p0um__Lj12p0nH_Cj0p0fF__roL8p5mm__tee_fl160um_fc12,4.66547453942,6.44365646453,5.568490972890854,305.09213979648246,6.526420054379522,1.33420941115562,0.02592160396999965,0.01899454968000036,0.5842585654983523,14.171365239620968,0.25093184578353256
NearestNeighbors,3,fig5_cg4p0um_rpg1p5um__Lj12p0nH_Cj0p0fF__roL8p5mm__tee_fl160um_fc12,4.63955293545,6.42466191485,4.9842324073925015,290.9207745568615,6.2754882085959895,4,fig5_cg3p5um_rpg1p5um__Lj12p0nH_Cj0p0fF__roL8p5mm__tee_fl160um_fc12,4.70486631048,6.33112792154,5.111963850152969,266.195772124899,6.191175501007713,1.3373665619787873,0.06531337502999968,0.09353399330999945,0.12773144276046722,24.72500243196248,0.08431270758827658
NearestNeighbors,3,fig5_cg4p0um_rpg1p5um__Lj12p0nH_Cj0p0fF__roL8p5mm__tee_fl160um_fc12,4.63955293545,6.42466191485,4.9842324073925015,290.9207745568615,6.2754882085959895,5,fig5_cg2p0um_rpg1p0um__Lj12p0nH_Cj0p0fF__roL8p5mm__tee_fl160um_fc12,4.67537317002,6.28144982257,6.80016774546051,305.861011614189,6.2286045622900525,1.476643442925687,0.035820234570000054,0.14321209227999976,1.8159353380680088,14.940237057327522,0.046883646305937
NearestNeighbors,3,fig5_cg4p0um_rpg1p5um__Lj12p0nH_Cj0p0fF__roL8p5mm__tee_fl160um_fc12,4.63955293545,6.42466191485,4.9842324073925015,290.9207745568615,6.2754882085959895,6,chip_simple_dx2p727_dy10p000__Lj12p0nH_Cj2p0fF__roL8p5mm__tee_fl160um_fc12_cg1p2um__rpg1p4um,4.65896495843,6.23455703196,5.910671091032028,280.3326352659665,6.066617974357407,1.5810649793836973,0.01941202298000011,0.19010488289000005,0.9264386836395264,10.588139290895015,0.20887023423858242
NearestNeighbors,3,fig5_cg4p0um_rpg1p5um__Lj12p0nH_Cj0p0fF__roL8p5mm__tee_fl160um_fc12,4.63955293545,6.42466191485,4.9842324073925015,290.9207745568615,6.2754882085959895,7,fig5_cg3p0um_rpg1p0um__Lj12p0nH_Cj0p0fF__roL8p5mm__tee_fl160um_fc12,4.5918495592,6.3683346429,6.310808488025665,329.7787087605889,6.339102179225892,1.674151460008458,0.04770337625000032,0.05632727194999987,1.3265760806331635,38.85793420372744,0.06361397062990282
NearestNeighbors,3,fig5_cg4p0um_rpg1p5um__Lj12p0nH_Cj0p0fF__roL8p5mm__tee_fl160um_fc12,4.63955293545,6.42466191485,4.9842324073925015,290.9207745568615,6.2754882085959895,8,chip_simple_dx6p364_dym1p818__Lj12p0nH_Cj2p0fF__roL8p5mm__tee_fl160um_fc12_cg1p2um__rpg1p4um,4.67874935795,6.23246664146,5.579638315944671,267.7222829571044,6.063037930970048,1.7493935861640149,0.03919642249999988,0.19219527338999942,0.5954059085521699,23.198491599757062,0.21245027762594137
NearestNeighbors,3,fig5_cg4p0um_rpg1p5um__Lj12p0nH_Cj0p0fF__roL8p5mm__tee_fl160um_fc12,4.63955293545,6.42466191485,4.9842324073925015,290.9207745568615,6.2754882085959895,9,chip_simple_dx10p000_dy4p545__Lj12p0nH_Cj2p0fF__roL8p5mm__tee_fl160um_fc12_cg1p2um__rpg1p4um,4.69438852903,6.23711654308,5.793405339859008,270.04668404490945,6.066853802259337,1.7840376002505172,0.05483559358000001,0.18754537176999975,0.8091729324665069,20.874090511952033,0.2086344063366523
NearestNeighbors,3,fig5_cg4p0um_rpg1p5um__Lj12p0nH_Cj0p0fF__roL8p5mm__tee_fl160um_fc12,4.63955293545,6.42466191485,4.9842324073925015,290.9207745568615,6.2754882085959895,10,chip_simple_dx0p000_dy6p364__Lj12p0nH_Cj2p0fF__roL8p5mm__tee_fl160um_fc12_cg1p2um__rpg1p4um,4.68684275544,6.22626285193,5.869558168603897,271.87390077175473,6.055488773398548,1.8035306543111136,0.04728981998999959,0.1983990629200001,0.8853257612113952,19.046873785106754,0.21999943519744125
NearestNeighbors,4,fig5_cg4p0um_rpg2p0um__Lj12p0nH_Cj0p0fF__roL8p5mm__tee_fl160um_fc12,4.748742396,6.44545425307,4.889859412620544,268.43046141521694,6.211987637476319,1,fig5_cg3p5um_rpg2p0um__Lj12p0nH_Cj0p0fF__roL8p5mm__tee_fl160um_fc12,4.78544785971,6.42909571039,4.586441499513626,250.3896145461569,6.177842469599042,0.8009461083262137,0.03670546370999972,0.01635854267999992,0.30341791310691857,18.040846869060033,0.03414516787727706
NearestNeighbors,4,fig5_cg4p0um_rpg2p0um__Lj12p0nH_Cj0p0fF__roL8p5mm__tee_fl160um_fc12,4.748742396,6.44545425307,4.889859412620544,268.43046141521694,6.211987637476319,2,fig5_cg3p5um_rpg1p5um__Lj12p0nH_Cj0p0fF__roL8p5mm__tee_fl160um_fc12,4.70486631048,6.33112792154,5.111963850152969,266.195772124899,6.191175501007713,0.8599132150487966,0.04387608552,0.11432633153000005,0.22210443753242437,2.234689290317931,0.020812136468606468
NearestNeighbors,4,fig5_cg4p0um_rpg2p0um__Lj12p0nH_Cj0p0fF__roL8p5mm__tee_fl160um_fc12,4.748742396,6.44545425307,4.889859412620544,268.43046141521694,6.211987637476319,3,fig5_cg5p0um_rpg1p5um__Lj12p0nH_Cj0p0fF__roL8p5mm__tee_fl160um_fc12,4.78104020561,6.40912743907,4.688513258781433,251.19081153078065,6.311876326449141,0.8740542577867231,0.03229780961000017,0.036326814000000596,0.20134615383911125,17.23964988443629,0.09988868897282188
NearestNeighbors,4,fig5_cg4p0um_rpg2p0um__Lj12p0nH_Cj0p0fF__roL8p5mm__tee_fl160um_fc12,4.748742396,6.44545425307,4.889859412620544,268.43046141521694,6.211987637476319,4,fig5_cg5p0um_rpg2p0um__Lj12p0nH_Cj0p0fF__roL8p5mm__tee_fl160um_fc12,4.7824799616,6.42903822535,4.148984312175751,238.4699741879,6.164233198851292,1.1925682122078571,0.033737565600000075,0.01641602772000006,0.7408751004447938,29.960487227316946,0.04775443862502726
NearestNeighbors,4,fig5_cg4p0um_rpg2p0um__Lj12p0nH_Cj0p0fF__roL8p5mm__tee_fl160um_fc12,4.748742396,6.44545425307,4.889859412620544,268.43046141521694,6.211987637476319,5,chip_simple_dxm4p545_dym2p727__Lj12p0nH_Cj2p0fF__roL8p5mm__tee_fl160um_fc12_cg1p2um__rpg1p4um,4.75133436782,6.26297506595,5.207407996995926,248.15573910645995,6.105858265342065,1.3296905910386752,0.0025919718200002606,0.18247918712000022,0.31754858437538136,20.274722308756992,0.10612937213425422
NearestNeighbors,4,fig5_cg4p0um_rpg2p0um__Lj12p0nH_Cj0p0fF__roL8p5mm__tee_fl160um_fc12,4.748742396,6.44545425307,4.889859412620544,268.43046141521694,6.211987637476319,6,chip_simple_dx6p364_dym2p727__Lj12p0nH_Cj2p0fF__roL8p5mm__tee_fl160um_fc12_cg1p2um__rpg1p4um,4.76718290826,6.25857915519,5.287194409502029,246.1533054816762,6.109333508441698,1.4035214116902592,0.018440512259999764,0.18687509788000067,0.39733499688148477,22.27715593354074,0.10265412903462146
NearestNeighbors,4,fig5_cg4p0um_rpg2p0um__Lj12p0nH_Cj0p0fF__roL8p5mm__tee_fl160um_fc12,4.748742396,6.44545425307,4.889859412620544,268.43046141521694,6.211987637476319,7,fig5_cg5p0um_rpg1p0um__Lj12p0nH_Cj0p0fF__roL8p5mm__tee_fl160um_fc12,4.67009412056,6.40368347107,5.386180753400803,292.5653068578806,6.313414733179575,1.4074467759259448,0.07864827543999997,0.041770782000000395,0.49632134078025825,24.134845442663675,0.10142709570325525
NearestNeighbors,4,fig5_cg4p0um_rpg2p0um__Lj12p0nH_Cj0p0fF__roL8p5mm__tee_fl160um_fc12,4.748742396,6.44545425307,4.889859412620544,268.43046141521694,6.211987637476319,8,fig5_cg3p0um_rpg1p5um__Lj12p0nH_Cj0p0fF__roL8p5mm__tee_fl160um_fc12,4.80934135586,6.34266483957,4.7338018228397365,237.2002446708589,6.176728175579623,1.4286009503543182,0.06059895986000008,0.10278941350000004,0.15605758978080786,31.230216744358046,0.03525946189669682
NearestNeighbors,4,fig5_cg4p0um_rpg2p0um__Lj12p0nH_Cj0p0fF__roL8p5mm__tee_fl160um_fc12,4.748742396,6.44545425307,4.889859412620544,268.43046141521694,6.211987637476319,9,chip_simple_dxm5p455_dy9p091__Lj12p0nH_Cj2p0fF__roL8p5mm__tee_fl160um_fc12_cg1p2um__rpg1p4um,4.7413283149,6.24294215951,5.426167698335648,252.3619899121704,6.063293621149046,1.459647846616424,0.007414081100000303,0.20251209356000022,0.536308285715104,16.06847150304654,0.14869401632727364
NearestNeighbors,4,fig5_cg4p0um_rpg2p0um__Lj12p0nH_Cj0p0fF__roL8p5mm__tee_fl160um_fc12,4.748742396,6.44545425307,4.889859412620544,268.43046141521694,6.211987637476319,10,chip_simple_dx9p091_dy0p909__Lj12p0nH_Cj2p0fF__roL8p5mm__tee_fl160um_fc12_cg1p2um__rpg1p4um,4.7163601662,6.23569834714,5.613257433452606,260.8716160934938,6.0763823396662895,1.4659673237756428,0.03238222979999961,0.2097559059300007,0.7233980208320618,7.55884532172314,0.13560529781002995
NearestNeighbors,5,fig5_cg4p0um_rpg3p5um__Lj12p0nH_Cj0p0fF__roL8p5mm__tee_fl160um_fc12,4.90384920712,6.54926187025,3.662946759157181,218.4104958390511,6.221849233798731,1,fig5_cg3p5um_rpg3p5um__Lj12p0nH_Cj0p0fF__roL8p5mm__tee_fl160um_fc12,4.88834773081,6.55440012204,3.58235393236351,219.15970791952185,6.190036689460878,0.2504398055975138,0.015501476310000761,0.005138251790000048,0.08059282679367108,0.7492120804707554,0.03181254433785341
NearestNeighbors,5,fig5_cg4p0um_rpg3p5um__Lj12p0nH_Cj0p0fF__roL8p5mm__tee_fl160um_fc12,4.90384920712,6.54926187025,3.662946759157181,218.4104958390511,6.221849233798731,2,fig5_cg4p5um_rpg3p5um__Lj12p0nH_Cj0p0fF__roL8p5mm__tee_fl160um_fc12,4.88861160423,6.4734435094,3.773440051719665,214.72133803964505,6.083690932056749,0.7980975555833718,0.01523760289000009,0.0758183608499996,0.11049329256248397,3.689157799406047,0.1381583017419823
NearestNeighbors,5,fig5_cg4p0um_rpg3p5um__Lj12p0nH_Cj0p0fF__roL8p5mm__tee_fl160um_fc12,4.90384920712,6.54926187025,3.662946759157181,218.4104958390511,6.221849233798731,3,fig5_cg5p0um_rpg3p5um__Lj12p0nH_Cj0p0fF__roL8p5mm__tee_fl160um_fc12,4.8449296474,6.49114766601,3.579725257246017,218.56513466245417,6.134914389553229,0.9019267317734002,0.058919559720000514,0.0581142042399998,0.08322150191116373,0.15463882340307578,0.08693484424550224
NearestNeighbors,5,fig5_cg4p0um_rpg3p5um__Lj12p0nH_Cj0p0fF__roL8p5mm__tee_fl160um_fc12,4.90384920712,6.54926187025,3.662946759157181,218.4104958390511,6.221849233798731,4,fig5_cg4p0um_rpg4p5um__Lj12p0nH_Cj0p0fF__roL8p5mm__tee_fl160um_fc12,4.92435526103,6.48519909443,3.5933491122837067,205.0387458671971,6.080993342285782,0.9030540918421858,0.020506053909999267,0.0640627758199992,0.06959764687347425,13.371749971854001,0.14085589151294897
NearestNeighbors,5,fig5_cg4p0um_rpg3p5um__Lj12p0nH_Cj0p0fF__roL8p5mm__tee_fl160um_fc12,4.90384920712,6.54926187025,3.662946759157181,218.4104958390511,6.221849233798731,5,fig5_cg4p5um_rpg3p0um__Lj12p0nH_Cj0p0fF__roL8p5mm__tee_fl160um_fc12,4.83995157357,6.4987501229,3.8456828279762254,228.4924012088084,6.243127364960313,0.9259007662375911,0.06389763355000078,0.05051174734999986,0.18273606881904447,10.081905369757294,0.021278131161581726
NearestNeighbors,5,fig5_cg4p0um_rpg3p5um__Lj12p0nH_Cj0p0fF__roL8p5mm__tee_fl160um_fc12,4.90384920712,6.54926187025,3.662946759157181,218.4104958390511,6.221849233798731,6,fig5_cg3p5um_rpg4p0um__Lj12p0nH_Cj0p0fF__roL8p5mm__tee_fl160um_fc12,4.9416939411,6.51548606738,3.315546014060974,197.788389720846,6.147249764815354,0.946820751380534,0.03784473397999921,0.03377580286999926,0.3474007450962069,20.622106118205096,0.07459946898337755
NearestNeighbors,5,fig5_cg4p0um_rpg3p5um__Lj12p0nH_Cj0p0fF__roL8p5mm__tee_fl160um_fc12,4.90384920712,6.54926187025,3.662946759157181,218.4104958390511,6.221849233798731,7,fig5_cg3p0um_rpg2p0um__Lj12p0nH_Cj0p0fF__roL8p5mm__tee_fl160um_fc12,4.85591843529,6.44095110726,4.270610977590561,230.04663618304903,6.1997071597004,1.0030383840982566,0.04793077183000083,0.10831076298999953,0.60766421843338,11.636140343997937,0.022142074098331577
NearestNeighbors,5,fig5_cg4p0um_rpg3p5um__Lj12p0nH_Cj0p0fF__roL8p5mm__tee_fl160um_fc12,4.90384920712,6.54926187025,3.662946759157181,218.4104958390511,6.221849233798731,8,fig5_cg5p0um_rpg4p0um__Lj12p0nH_Cj0p0fF__roL8p5mm__tee_fl160um_fc12,4.88774415429,6.45896799938,3.299699922574997,199.0926748998529,6.073027040692848,1.1063522873765979,0.01610505283000041,0.09029387086999918,0.36324683658218415,19.317820939198185,0.1488221931058833
NearestNeighbors,5,fig5_cg4p0um_rpg3p5um__Lj12p0nH_Cj0p0fF__roL8p5mm__tee_fl160um_fc12,4.90384920712,6.54926187025,3.662946759157181,218.4104958390511,6.221849233798731,9,fig5_cg4p0um_rpg2p5um__Lj12p0nH_Cj0p0fF__roL8p5mm__tee_fl160um_fc12,4.84081846419,6.4170299131,4.2439929298172,228.91083087667948,6.164372524451142,1.212302706711276,0.06303074293000055,0.13223195714999925,0.5810461706600187,10.500335037628389,0.05747670934758897
NearestNeighbors,5,fig5_cg4p0um_rpg3p5um__Lj12p0nH_Cj0p0fF__roL8p5mm__tee_fl160um_fc12,4.90384920712,6.54926187025,3.662946759157181,218.4104958390511,6.221849233798731,10,fig5_cg3p5um_rpg5p0um__Lj12p0nH_Cj0p0fF__roL8p5mm__tee_fl160um_fc12,4.93155087737,6.50667264028,3.192206646333694,194.60845436094925,6.043189427188832,1.2489741841851254,0.02770167024999992,0.04258922996999992,0.4707401128234867,23.80204147810184,0.17865980660989944
NearestNeighbors,6,fig5_cg4p5um_rpg1p5um__Lj12p0nH_Cj0p0fF__roL8p5mm__tee_fl160um_fc12,4.59469010583,6.34920688704,5.448846369407653,302.1057462697455,6.1470363296688255,1,fig5_cg3p5um_rpg1p0um__Lj12p0nH_Cj0p0fF__roL8p5mm__tee_fl160um_fc12,4.65151549232,6.42206990109,5.782993409578324,310.4906595751157,6.336782825594393,1.244118471535052,0.05682538648999991,0.07286301405000017,0.334147040170671,8.384913305370219,0.1897464959255677
NearestNeighbors,6,fig5_cg4p5um_rpg1p5um__Lj12p0nH_Cj0p0fF__roL8p5mm__tee_fl160um_fc12,4.59469010583,6.34920688704,5.448846369407653,302.1057462697455,6.1470363296688255,2,fig5_cg5p0um_rpg1p0um__Lj12p0nH_Cj0p0fF__roL8p5mm__tee_fl160um_fc12,4.67009412056,6.40368347107,5.386180753400803,292.5653068578806,6.313414733179575,1.294572047014382,0.07540401473000014,0.054476584029999664,0.06266561600685083,9.540439411864895,0.16637840351074917
NearestNeighbors,6,fig5_cg4p5um_rpg1p5um__Lj12p0nH_Cj0p0fF__roL8p5mm__tee_fl160um_fc12,4.59469010583,6.34920688704,5.448846369407653,302.1057462697455,6.1470363296688255,3,chip_simple_dx2p727_dy10p000__Lj12p0nH_Cj2p0fF__roL8p5mm__tee_fl160um_fc12_cg1p2um__rpg1p4um,4.65896495843,6.23455703196,5.910671091032028,280.3326352659665,6.066617974357407,1.3407997317470992,0.06427485260000054,0.11464985508000058,0.4618247216243745,21.773111003779036,0.08041835531141839
NearestNeighbors,6,fig5_cg4p5um_rpg1p5um__Lj12p0nH_Cj0p0fF__roL8p5mm__tee_fl160um_fc12,4.59469010583,6.34920688704,5.448846369407653,302.1057462697455,6.1470363296688255,4,fig5_cg3p0um_rpg1p0um__Lj12p0nH_Cj0p0fF__roL8p5mm__tee_fl160um_fc12,4.5918495592,6.3683346429,6.310808488025665,329.7787087605889,6.339102179225892,1.3747669043413355,0.002840546629999885,0.019127755859999596,0.8619621186180115,27.672962490843418,0.19206584955706685
NearestNeighbors,6,fig5_cg4p5um_rpg1p5um__Lj12p0nH_Cj0p0fF__roL8p5mm__tee_fl160um_fc12,4.59469010583,6.34920688704,5.448846369407653,302.1057462697455,6.1470363296688255,5,fig5_cg2p0um_rpg1p0um__Lj12p0nH_Cj0p0fF__roL8p5mm__tee_fl160um_fc12,4.67537317002,6.28144982257,6.80016774546051,305.861011614189,6.2286045622900525,1.3792233200109822,0.08068306419000049,0.0677570644700003,1.3513213760528568,3.755265344443501,0.08156823262122703
NearestNeighbors,6,fig5_cg4p5um_rpg1p5um__Lj12p0nH_Cj0p0fF__roL8p5mm__tee_fl160um_fc12,4.59469010583,6.34920688704,5.448846369407653,302.1057462697455,6.1470363296688255,6,fig5_cg5p0um_rpg0p5um__Lj12p0nH_Cj0p0fF__roL8p5mm__tee_fl160um_fc12,4.54852290045,6.34578466778,6.117417553102493,331.8522825685193,6.365348751829195,1.5752636427405926,0.04616720537999974,0.00342221925999997,0.6685711836948398,29.746536298773776,0.21831242216036983
NearestNeighbors,6,fig5_cg4p5um_rpg1p5um__Lj12p0nH_Cj0p0fF__roL8p5mm__tee_fl160um_fc12,4.59469010583,6.34920688704,5.448846369407653,302.1057462697455,6.1470363296688255,7,chip_simple_dx6p364_dym1p818__Lj12p0nH_Cj2p0fF__roL8p5mm__tee_fl160um_fc12_cg1p2um__rpg1p4um,4.67874935795,6.23246664146,5.579638315944671,267.7222829571044,6.063037930970048,1.7390923978979191,0.08405925212000032,0.11674024557999996,0.13079194653701798,34.383463312641084,0.08399839869877734
NearestNeighbors,6,fig5_cg4p5um_rpg1p5um__Lj12p0nH_Cj0p0fF__roL8p5mm__tee_fl160um_fc12,4.59469010583,6.34920688704,5.448846369407653,302.1057462697455,6.1470363296688255,8,chip_simple_dx0p000_dy6p364__Lj12p0nH_Cj2p0fF__roL8p5mm__tee_fl160um_fc12_cg1p2um__rpg1p4um,4.68684275544,6.22626285193,5.869558168603897,271.87390077175473,6.055488773398548,1.7524839706591264,0.09215264961000003,0.12294403511000063,0.42071179919624324,30.231845497990776,0.09154755627027722
NearestNeighbors,6,fig5_cg4p5um_rpg1p5um__Lj12p0nH_Cj0p0fF__roL8p5mm__tee_fl160um_fc12,4.59469010583,6.34920688704,5.448846369407653,302.1057462697455,6.1470363296688255,9,chip_simple_dx4p545_dym6p364__Lj12p0nH_Cj2p0fF__roL8p5mm__tee_fl160um_fc12_cg1p2um__rpg1p4um,4.61231478285,6.1335076061,6.798953771820068,294.2549832930316,5.929705086318325,1.77089853140808,0.01762467702000059,0.21569928094000002,1.350107402412415,7.850762976713895,0.21733124335050036
NearestNeighbors,6,fig5_cg4p5um_rpg1p5um__Lj12p0nH_Cj0p0fF__roL8p5mm__tee_fl160um_fc12,4.59469010583,6.34920688704,5.448846369407653,302.1057462697455,6.1470363296688255,10,chip_simple_dx10p000_dy4p545__Lj12p0nH_Cj2p0fF__roL8p5mm__tee_fl160um_fc12_cg1p2um__rpg1p4um,4.69438852903,6.23711654308,5.793405339859008,270.04668404490945,6.066853802259337,1.8135308961415193,0.09969842320000044,0.11209034396000028,0.344558970451355,32.059062224836055,0.08018252740948828
NearestNeighbors,7,chip_simple_dxm10p000_dy8p182__Lj12p0nH_Cj2p0fF__roL8p5mm__tee_fl160um_fc12_cg1p2um__rpg1p4um,4.73691805842,6.05949311541,5.380391926355362,223.4408097631216,5.823182422814878,1,chip_simple_dx7p273_dy0p000__Lj12p0nH_Cj2p0fF__roL8p5mm__tee_fl160um_fc12_cg1p2um__rpg1p4um,4.73285614666,6.06364786636,5.47772784601593,226.8629872413658,5.835642549018717,0.15040509456357368,0.0040619117600000365,0.0041547509500006186,0.09733591966056832,3.4221774782442083,0.012460126203838406
NearestNeighbors,7,chip_simple_dxm10p000_dy8p182__Lj12p0nH_Cj2p0fF__roL8p5mm__tee_fl160um_fc12_cg1p2um__rpg1p4um,4.73691805842,6.05949311541,5.380391926355362,223.4408097631216,5.823182422814878,2,chip_simple_dxm5p455_dy4p545__Lj12p0nH_Cj2p0fF__roL8p5mm__tee_fl160um_fc12_cg1p2um__rpg1p4um,4.73477972348,6.05163166502,5.542912740110397,226.10829519663807,5.807693664303362,0.15519564661463786,0.0021383349399997087,0.007861450389999192,0.16252081375503558,2.6674854335164753,0.01548875851151621
NearestNeighbors,7,chip_simple_dxm10p000_dy8p182__Lj12p0nH_Cj2p0fF__roL8p5mm__tee_fl160um_fc12_cg1p2um__rpg1p4um,4.73691805842,6.05949311541,5.380391926355362,223.4408097631216,5.823182422814878,3,chip_simple_dx0p909_dym1p818__Lj12p0nH_Cj2p0fF__roL8p5mm__tee_fl160um_fc12_cg1p2um__rpg1p4um,4.74382125763,6.0716485122,5.499687352653504,226.4433546572846,5.834878033029041,0.17220685504221736,0.006903199209999933,0.012155396790000772,0.11929542629814271,3.002544894163009,0.011695610214162322
NearestNeighbors,7,chip_simple_dxm10p000_dy8p182__Lj12p0nH_Cj2p0fF__roL8p5mm__tee_fl160um_fc12_cg1p2um__rpg1p4um,4.73691805842,6.05949311541,5.380391926355362,223.4408097631216,5.823182422814878,4,chip_simple_dxm7p273_dy4p545__Lj12p0nH_Cj2p0fF__roL8p5mm__tee_fl160um_fc12_cg1p2um__rpg1p4um,4.74478453553,6.05547649219,5.373042161886215,221.0804417671074,5.791354520716529,0.19474558384167412,0.007866477110000325,0.0040166232199991825,0.007349764469146258,2.3603679960141903,0.031827902098349625
NearestNeighbors,7,chip_simple_dxm10p000_dy8p182__Lj12p0nH_Cj2p0fF__roL8p5mm__tee_fl160um_fc12_cg1p2um__rpg1p4um,4.73691805842,6.05949311541,5.380391926355362,223.4408097631216,5.823182422814878,5,chip_simple_dxm8p182_dym2p727__Lj12p0nH_Cj2p0fF__roL8p5mm__tee_fl160um_fc12_cg1p2um__rpg1p4um,4.74763898771,6.06492901197,5.550595968381882,225.6424239894449,5.805846601859689,0.20000534643069484,0.01072092929000057,0.005435896560000764,0.17020404202652006,2.2016142263233007,0.017335820955189263
NearestNeighbors,7,chip_simple_dxm10p000_dy8p182__Lj12p0nH_Cj2p0fF__roL8p5mm__tee_fl160um_fc12_cg1p2um__rpg1p4um,4.73691805842,6.05949311541,5.380391926355362,223.4408097631216,5.823182422814878,6,chip_simple_dx6p364_dy7p273__Lj12p0nH_Cj2p0fF__roL8p5mm__tee_fl160um_fc12_cg1p2um__rpg1p4um,4.73212189971,6.07302882801,5.421970001947403,227.40830584937643,5.783914954042914,0.24525430499681714,0.0047961587099996095,0.013535712600000416,0.04157807559204141,3.9674960862548403,0.039267468771964076
NearestNeighbors,7,chip_simple_dxm10p000_dy8p182__Lj12p0nH_Cj2p0fF__roL8p5mm__tee_fl160um_fc12_cg1p2um__rpg1p4um,4.73691805842,6.05949311541,5.380391926355362,223.4408097631216,5.823182422814878,7,chip_simple_dx8p182_dym0p909__Lj12p0nH_Cj2p0fF__roL8p5mm__tee_fl160um_fc12_cg1p2um__rpg1p4um,4.73453222964,6.07916206739,5.5368717016582485,230.278664506644,5.804701724358442,0.28392135054234446,0.002385828779999599,0.01966895198000085,0.15647977530288681,6.837854743522399,0.018480698456436073
NearestNeighbors,7,chip_simple_dxm10p000_dy8p182__Lj12p0nH_Cj2p0fF__roL8p5mm__tee_fl160um_fc12_cg1p2um__rpg1p4um,4.73691805842,6.05949311541,5.380391926355362,223.4408097631216,5.823182422814878,8,chip_simple_dx3p636_dy9p091__Lj12p0nH_Cj2p0fF__roL8p5mm__tee_fl160um_fc12_cg1p2um__rpg1p4um,4.75576570631,6.07168713414,5.601566335306168,226.12949018838373,5.825369051623113,0.29038043363361327,0.018847647890000374,0.0121940187300007,0.2211744089508061,2.6886804252621346,0.002186628808234836
NearestNeighbors,7,chip_simple_dxm10p000_dy8p182__Lj12p0nH_Cj2p0fF__roL8p5mm__tee_fl160um_fc12_cg1p2um__rpg1p4um,4.73691805842,6.05949311541,5.380391926355362,223.4408097631216,5.823182422814878,9,chip_simple_dxm10p000_dym5p455__Lj12p0nH_Cj2p0fF__roL8p5mm__tee_fl160um_fc12_cg1p2um__rpg1p4um,4.74663028203,6.09244739086,5.497690521795272,229.06180088997965,5.833596212181217,0.3014348711270617,0.009712223610000237,0.032954275450000736,0.11729859543991061,5.620991126858058,0.0104137893663383
NearestNeighbors,7,chip_simple_dxm10p000_dy8p182__Lj12p0nH_Cj2p0fF__roL8p5mm__tee_fl160um_fc12_cg1p2um__rpg1p4um,4.73691805842,6.05949311541,5.380391926355362,223.4408097631216,5.823182422814878,10,chip_simple_dx0p000_dym6p364__Lj12p0nH_Cj2p0fF__roL8p5mm__tee_fl160um_fc12_cg1p2um__rpg1p4um,4.74288579894,6.03308089793,5.782055475780487,226.2307596859305,5.794067523813237,0.3240088128348011,0.005967740520000042,0.02641221747999989,0.40166354942512505,2.7899499228089155,0.029114899001640993
NearestNeighbors,8,chip_simple_dxm9p091_dy1p818__Lj12p0nH_Cj2p0fF__roL8p5mm__tee_fl160um_fc12_cg1p2um__rpg1p4um,4.74215768088,6.21093014773,5.51327842791748,249.1576770098445,6.055638770575854,1,chip_simple_dx9p091_dym4p545__Lj12p0nH_Cj2p0fF__roL8p5mm__tee_fl160um_fc12_cg1p2um__rpg1p4um,4.74298968952,6.21595359683,5.546431172784805,250.5823135991841,6.029204485292758,0.1351760506001493,0.0008320086399997706,0.005023449100000299,0.033152744867325445,1.424636589339599,0.026434285283095882
NearestNeighbors,8,chip_simple_dxm9p091_dy1p818__Lj12p0nH_Cj2p0fF__roL8p5mm__tee_fl160um_fc12_cg1p2um__rpg1p4um,4.74215768088,6.21093014773,5.51327842791748,249.1576770098445,6.055638770575854,2,chip_simple_dxm5p455_dy9p091__Lj12p0nH_Cj2p0fF__roL8p5mm__tee_fl160um_fc12_cg1p2um__rpg1p4um,4.7413283149,6.24294215951,5.426167698335648,252.3619899121704,6.063293621149046,0.21712267533215515,0.000829365980000496,0.032012011780000016,0.08711072958183141,3.20431290232591,0.007654850573191929
NearestNeighbors,8,chip_simple_dxm9p091_dy1p818__Lj12p0nH_Cj2p0fF__roL8p5mm__tee_fl160um_fc12_cg1p2um__rpg1p4um,4.74215768088,6.21093014773,5.51327842791748,249.1576770098445,6.055638770575854,3,chip_simple_dx2p727_dym7p273__Lj12p0nH_Cj2p0fF__roL8p5mm__tee_fl160um_fc12_cg1p2um__rpg1p4um,4.75350553829,6.23137226029,5.515988144140243,250.035837607935,6.081021639957449,0.2184654174113432,0.011347857409999662,0.020442112559999615,0.00270971622276317,0.8781605980905169,0.02538286938159473
NearestNeighbors,8,chip_simple_dxm9p091_dy1p818__Lj12p0nH_Cj2p0fF__roL8p5mm__tee_fl160um_fc12_cg1p2um__rpg1p4um,4.74215768088,6.21093014773,5.51327842791748,249.1576770098445,6.055638770575854,4,chip_simple_dxm7p273_dym0p909__Lj12p0nH_Cj2p0fF__roL8p5mm__tee_fl160um_fc12_cg1p2um__rpg1p4um,4.72621293074,6.21473069466,5.538169261859894,253.698082410752,6.053599860673863,0.25307558630348564,0.015944750140000075,0.0038005469299999817,0.02489083394241387,4.5404054009075026,0.0020389099019908485
NearestNeighbors,8,chip_simple_dxm9p091_dy1p818__Lj12p0nH_Cj2p0fF__roL8p5mm__tee_fl160um_fc12_cg1p2um__rpg1p4um,4.74215768088,6.21093014773,5.51327842791748,249.1576770098445,6.055638770575854,5,chip_simple_dxm7p273_dym5p455__Lj12p0nH_Cj2p0fF__roL8p5mm__tee_fl160um_fc12_cg1p2um__rpg1p4um,4.73184455751,6.20479563684,5.572578645385742,251.6877216406616,6.007676605765333,0.2734836239564702,0.010313123370000454,0.0061345108899999445,0.05930021746826242,2.530044630817116,0.047962164810520846
NearestNeighbors,8,chip_simple_dxm9p091_dy1p818__Lj12p0nH_Cj2p0fF__roL8p5mm__tee_fl160um_fc12_cg1p2um__rpg1p4um,4.74215768088,6.21093014773,5.51327842791748,249.1576770098445,6.055638770575854,6,chip_simple_dxm3p636_dy5p455__Lj12p0nH_Cj2p0fF__roL8p5mm__tee_fl160um_fc12_cg1p2um__rpg1p4um,4.73355235582,6.19906730127,5.355365528022766,245.4102411439443,6.010259557626816,0.2884723068935221,0.008605325060000446,0.011862846459999687,0.1579128998947139,3.7474358659002007,0.04537921294903757
NearestNeighbors,8,chip_simple_dxm9p091_dy1p818__Lj12p0nH_Cj2p0fF__roL8p5mm__tee_fl160um_fc12_cg1p2um__rpg1p4um,4.74215768088,6.21093014773,5.51327842791748,249.1576770098445,6.055638770575854,7,chip_simple_dxm8p182_dym6p364__Lj12p0nH_Cj2p0fF__roL8p5mm__tee_fl160um_fc12_cg1p2um__rpg1p4um,4.74965194892,6.20869132521,5.27103725569725,241.6389530940361,6.043633765216636,0.3072335310804492,0.007494268040000307,0.00223882251999985,0.24224117222023,7.51872391580838,0.012005005359218224
NearestNeighbors,8,chip_simple_dxm9p091_dy1p818__Lj12p0nH_Cj2p0fF__roL8p5mm__tee_fl160um_fc12_cg1p2um__rpg1p4um,4.74215768088,6.21093014773,5.51327842791748,249.1576770098445,6.055638770575854,8,chip_simple_dx10p000_dym8p182__Lj12p0nH_Cj2p0fF__roL8p5mm__tee_fl160um_fc12_cg1p2um__rpg1p4um,4.7278291272,6.203667918,5.357714031663894,247.43915307278945,5.999006200112647,0.3356187794978979,0.014328553680000411,0.007262229730000236,0.15556439625358554,1.7185239370550391,0.05663257046320691
NearestNeighbors,8,chip_simple_dxm9p091_dy1p818__Lj12p0nH_Cj2p0fF__roL8p5mm__tee_fl160um_fc12_cg1p2um__rpg1p4um,4.74215768088,6.21093014773,5.51327842791748,249.1576770098445,6.055638770575854,9,chip_simple_dxm8p182_dy2p727__Lj12p0nH_Cj2p0fF__roL8p5mm__tee_fl160um_fc12_cg1p2um__rpg1p4um,4.74905682439,6.19457611211,5.409443262643814,242.78883490510103,6.0021454172131445,0.3540463252148964,0.006899143510000094,0.01635403562000004,0.10383516527366599,6.3688421047434645,0.05349335336270933
NearestNeighbors,8,chip_simple_dxm9p091_dy1p818__Lj12p0nH_Cj2p0fF__roL8p5mm__tee_fl160um_fc12_cg1p2um__rpg1p4um,4.74215768088,6.21093014773,5.51327842791748,249.1576770098445,6.055638770575854,10,chip_simple_dx2p727_dy2p727__Lj12p0nH_Cj2p0fF__roL8p5mm__tee_fl160um_fc12_cg1p2um__rpg1p4um,4.73128014823,6.18706920741,5.709969924663543,252.0300867867861,5.997949180219245,0.3578853544654759,0.010877532650000354,0.023860940319999635,0.19669149674606334,2.872409776941595,0.05768959035660881
NearestNeighbors,9,chip_simple_dxm9p091_dy7p273__Lj12p0nH_Cj2p0fF__roL8p5mm__tee_fl160um_fc12_cg1p2um__rpg1p4um,4.74507176175,6.18262050637,5.316328256315231,239.6289775289412,5.930712308950749,1,chip_simple_dxm0p909_dym10p000__Lj12p0nH_Cj2p0fF__roL8p5mm__tee_fl160um_fc12_cg1p2um__rpg1p4um,4.743277674,6.16560338881,5.249255211336136,235.8522265924433,5.937221698084575,0.16705389917410324,0.0017940877500004504,0.017017117560000017,0.06707304497909483,3.776750936497905,0.006509389133825927
NearestNeighbors,9,chip_simple_dxm9p091_dy7p273__Lj12p0nH_Cj2p0fF__roL8p5mm__tee_fl160um_fc12_cg1p2um__rpg1p4um,4.74507176175,6.18262050637,5.316328256315231,239.6289775289412,5.930712308950749,2,chip_simple_dxm2p727_dy0p909__Lj12p0nH_Cj2p0fF__roL8p5mm__tee_fl160um_fc12_cg1p2um__rpg1p4um,4.73845369417,6.16039546172,5.41090745403862,239.617009903282,5.951034616643697,0.18378982290336177,0.006618067579999831,0.02222504464999986,0.09457919772338919,0.011967625659195846,0.02032230769294774
NearestNeighbors,9,chip_simple_dxm9p091_dy7p273__Lj12p0nH_Cj2p0fF__roL8p5mm__tee_fl160um_fc12_cg1p2um__rpg1p4um,4.74507176175,6.18262050637,5.316328256315231,239.6289775289412,5.930712308950749,3,chip_simple_dx9p091_dym10p000__Lj12p0nH_Cj2p0fF__roL8p5mm__tee_fl160um_fc12_cg1p2um__rpg1p4um,4.74124585961,6.17364141087,5.191116545270919,236.053231103742,5.957930684959158,0.19956279501965826,0.0038259021400000037,0.008979095499999978,0.1252117110443116,3.575746425199185,0.027218376008408818
NearestNeighbors,9,chip_simple_dxm9p091_dy7p273__Lj12p0nH_Cj2p0fF__roL8p5mm__tee_fl160um_fc12_cg1p2um__rpg1p4um,4.74507176175,6.18262050637,5.316328256315231,239.6289775289412,5.930712308950749,4,chip_simple_dx9p091_dym2p727__Lj12p0nH_Cj2p0fF__roL8p5mm__tee_fl160um_fc12_cg1p2um__rpg1p4um,4.75421160279,6.18453840176,5.473107182682037,241.5748597938345,5.95940112810006,0.2066150772773639,0.009139841039999652,0.0019178953900000906,0.15677892636680646,1.9458822648932994,0.028688819149310874
NearestNeighbors,9,chip_simple_dxm9p091_dy7p273__Lj12p0nH_Cj2p0fF__roL8p5mm__tee_fl160um_fc12_cg1p2um__rpg1p4um,4.74507176175,6.18262050637,5.316328256315231,239.6289775289412,5.930712308950749,5,chip_simple_dxm1p818_dym2p727__Lj12p0nH_Cj2p0fF__roL8p5mm__tee_fl160um_fc12_cg1p2um__rpg1p4um,4.72848954954,6.17252809279,5.260969237106323,240.1187954409885,5.943850833343463,0.22664443847280108,0.016582212210000336,0.010092413579999793,0.05535901920890751,0.4898179120473003,0.01313852439271379
NearestNeighbors,9,chip_simple_dxm9p091_dy7p273__Lj12p0nH_Cj2p0fF__roL8p5mm__tee_fl160um_fc12_cg1p2um__rpg1p4um,4.74507176175,6.18262050637,5.316328256315231,239.6289775289412,5.930712308950749,6,chip_simple_dx8p182_dym10p000__Lj12p0nH_Cj2p0fF__roL8p5mm__tee_fl160um_fc12_cg1p2um__rpg1p4um,4.73563005446,6.15362550307,5.325074096298217,237.175550951066,5.915441773143484,0.22777012529273774,0.0094417072900006,0.028995003300000377,0.008745839982986503,2.453426577875206,0.01527053580726534
NearestNeighbors,9,chip_simple_dxm9p091_dy7p273__Lj12p0nH_Cj2p0fF__roL8p5mm__tee_fl160um_fc12_cg1p2um__rpg1p4um,4.74507176175,6.18262050637,5.316328256315231,239.6289775289412,5.930712308950749,7,chip_simple_dxm4p545_dym6p364__Lj12p0nH_Cj2p0fF__roL8p5mm__tee_fl160um_fc12_cg1p2um__rpg1p4um,4.74104877837,6.16936058387,5.221749590709687,236.1747219770442,5.96712878511157,0.2286468556852143,0.004022983380000511,0.01325992250000052,0.0945786656055434,3.454255551897006,0.036416476160821
NearestNeighbors,9,chip_simple_dxm9p091_dy7p273__Lj12p0nH_Cj2p0fF__roL8p5mm__tee_fl160um_fc12_cg1p2um__rpg1p4um,4.74507176175,6.18262050637,5.316328256315231,239.6289775289412,5.930712308950749,8,chip_simple_dxm5p455_dym2p727__Lj12p0nH_Cj2p0fF__roL8p5mm__tee_fl160um_fc12_cg1p2um__rpg1p4um,4.74191288272,6.16037786476,5.586993185428619,242.8607467730461,5.939829633011445,0.23162081151172947,0.0031588790299998948,0.022242641610000113,0.270664929113388,3.231769244104896,0.009117324060695431
NearestNeighbors,9,chip_simple_dxm9p091_dy7p273__Lj12p0nH_Cj2p0fF__roL8p5mm__tee_fl160um_fc12_cg1p2um__rpg1p4um,4.74507176175,6.18262050637,5.316328256315231,239.6289775289412,5.930712308950749,9,chip_simple_dx4p545_dy7p273__Lj12p0nH_Cj2p0fF__roL8p5mm__tee_fl160um_fc12_cg1p2um__rpg1p4um,4.73077815544,6.15447000621,5.330749682794571,238.4649203761867,5.9255175601275605,0.24280526490806348,0.014293606309999873,0.02815050015999976,0.014421426479340305,1.1640571527544807,0.005194748823188711
NearestNeighbors,9,chip_simple_dxm9p091_dy7p273__Lj12p0nH_Cj2p0fF__roL8p5mm__tee_fl160um_fc12_cg1p2um__rpg1p4um,4.74507176175,6.18262050637,5.316328256315231,239.6289775289412,5.930712308950749,10,chip_simple_dxm3p636_dym5p455__Lj12p0nH_Cj2p0fF__roL8p5mm__tee_fl160um_fc12_cg1p2um__rpg1p4um,4.75384647125,6.17600229225,5.254790726247787,235.36565084982217,5.967505983663928,0.2525019712222231,0.008774709499999922,0.00661821412000041,0.06153753006744367,4.263326679119018,0.03679367471317896
NearestNeighbors,10,chip_simple_dxm8p182_dy6p364__Lj12p0nH_Cj2p0fF__roL8p5mm__tee_fl160um_fc12_cg1p2um__rpg1p4um,4.72702479207,5.98450514713,6.381414699699402,232.9283309309818,5.7691492674636375,1,chip_simple_dx0p000_dy2p727__Lj12p0nH_Cj2p0fF__roL8p5mm__tee_fl160um_fc12_cg1p2um__rpg1p4um,4.73163640607,6.01912983001,6.151782347061157,233.4506181073812,5.795791516246615,0.26932490745768206,0.004611613999999875,0.034624682879999646,0.22963235263824533,0.5222871763994021,0.026642248782977163
NearestNeighbors,10,chip_simple_dxm8p182_dy6p364__Lj12p0nH_Cj2p0fF__roL8p5mm__tee_fl160um_fc12_cg1p2um__rpg1p4um,4.72702479207,5.98450514713,6.381414699699402,232.9283309309818,5.7691492674636375,2,chip_simple_dx5p455_dym8p182__Lj12p0nH_Cj2p0fF__roL8p5mm__tee_fl160um_fc12_cg1p2um__rpg1p4um,4.72112014614,6.01414813913,6.374000339464187,239.1567683741239,5.777326992270697,0.27922612746396536,0.005904645930000285,0.029642991999999424,0.007414360235214801,6.228437443142127,0.008177724807059583
NearestNeighbors,10,chip_simple_dxm8p182_dy6p364__Lj12p0nH_Cj2p0fF__roL8p5mm__tee_fl160um_fc12_cg1p2um__rpg1p4um,4.72702479207,5.98450514713,6.381414699699402,232.9283309309818,5.7691492674636375,3,chip_simple_dxm10p000_dym4p545__Lj12p0nH_Cj2p0fF__roL8p5mm__tee_fl160um_fc12_cg1p2um__rpg1p4um,4.72747685651,6.02391173404,6.181771411222457,235.80879165767425,5.79330242515557,0.2872618008932391,0.0004520644400001217,0.03940658691000021,0.19964328847694457,2.880460726692462,0.024153157691932492
NearestNeighbors,10,chip_simple_dxm8p182_dy6p364__Lj12p0nH_Cj2p0fF__roL8p5mm__tee_fl160um_fc12_cg1p2um__rpg1p4um,4.72702479207,5.98450514713,6.381414699699402,232.9283309309818,5.7691492674636375,4,chip_simple_dxm0p909_dy4p545__Lj12p0nH_Cj2p0fF__roL8p5mm__tee_fl160um_fc12_cg1p2um__rpg1p4um,4.7332354087,5.97981485633,6.195107574489593,227.38497188220632,5.728661585836097,0.29495172783826434,0.006210616629999777,0.004690290800000163,0.18630712520980897,5.543359048775471,0.040487681627540795
NearestNeighbors,10,chip_simple_dxm8p182_dy6p364__Lj12p0nH_Cj2p0fF__roL8p5mm__tee_fl160um_fc12_cg1p2um__rpg1p4um,4.72702479207,5.98450514713,6.381414699699402,232.9283309309818,5.7691492674636375,5,chip_simple_dxm1p818_dym10p000__Lj12p0nH_Cj2p0fF__roL8p5mm__tee_fl160um_fc12_cg1p2um__rpg1p4um,4.72213098232,5.99382514578,6.216597866516113,232.5260761215951,5.710682925319376,0.2955782681720055,0.004893809749999534,0.009319998649999661,0.16481683318328866,0.402254809386676,0.058466342144261496
NearestNeighbors,10,chip_simple_dxm8p182_dy6p364__Lj12p0nH_Cj2p0fF__roL8p5mm__tee_fl160um_fc12_cg1p2um__rpg1p4um,4.72702479207,5.98450514713,6.381414699699402,232.9283309309818,5.7691492674636375,6,chip_simple_dx6p364_dy0p000__Lj12p0nH_Cj2p0fF__roL8p5mm__tee_fl160um_fc12_cg1p2um__rpg1p4um,4.72795173232,6.02599393944,6.214404765487671,236.6306190453716,5.800547756468861,0.31410309007791376,0.0009269402500002855,0.04148879231000002,0.16700993421173127,3.702288114389802,0.03139848900522324
NearestNeighbors,10,chip_simple_dxm8p182_dy6p364__Lj12p0nH_Cj2p0fF__roL8p5mm__tee_fl160um_fc12_cg1p2um__rpg1p4um,4.72702479207,5.98450514713,6.381414699699402,232.9283309309818,5.7691492674636375,7,chip_simple_dx6p364_dym4p545__Lj12p0nH_Cj2p0fF__roL8p5mm__tee_fl160um_fc12_cg1p2um__rpg1p4um,4.70542995999,5.98920452189,6.345821467342376,237.78954520480733,5.738142979039027,0.34857665759627604,0.021594832079999904,0.004699374759999486,0.035593232357025606,4.861214273825539,0.03100628842461095
NearestNeighbors,10,chip_simple_dxm8p182_dy6p364__Lj12p0nH_Cj2p0fF__roL8p5mm__tee_fl160um_fc12_cg1p2um__rpg1p4um,4.72702479207,5.98450514713,6.381414699699402,232.9283309309818,5.7691492674636375,8,chip_simple_dxm6p364_dy7p273__Lj12p0nH_Cj2p0fF__roL8p5mm__tee_fl160um_fc12_cg1p2um__rpg1p4um,4.74220530909,5.96110218154,6.471195480819702,227.23819529883824,5.728633425549979,0.35640360027596973,0.015180517020000117,0.02340296558999988,0.08978078112030019,5.6901356321435514,0.04051584191365887
NearestNeighbors,10,chip_simple_dxm8p182_dy6p364__Lj12p0nH_Cj2p0fF__roL8p5mm__tee_fl160um_fc12_cg1p2um__rpg1p4um,4.72702479207,5.98450514713,6.381414699699402,232.9283309309818,5.7691492674636375,9,chip_simple_dx5p455_dym5p455__Lj12p0nH_Cj2p0fF__roL8p5mm__tee_fl160um_fc12_cg1p2um__rpg1p4um,4.709863899,5.99683327993,5.929605029994964,230.04974901021689,5.782561504070822,0.3589602081968708,0.017160893069999794,0.012328132799999558,0.4518096697044376,2.8785819207649013,0.013412236607184269
NearestNeighbors,10,chip_simple_dxm8p182_dy6p364__Lj12p0nH_Cj2p0fF__roL8p5mm__tee_fl160um_fc12_cg1p2um__rpg1p4um,4.72702479207,5.98450514713,6.381414699699402,232.9283309309818,5.7691492674636375,10,chip_simple_dx9p091_dy2p727__Lj12p0nH_Cj2p0fF__roL8p5mm__tee_fl160um_fc12_cg1p2um__rpg1p4um,4.73573589761,5.98065811264,6.137298337150574,225.8565206861277,5.714952670110322,0.38686458194845713,0.008711105539999764,0.003847034490000567,0.2441163625488283,7.071810244854078,0.05419659735331539
NearestNeighbors,11,chip_simple_dxm7p273_dym7p273__Lj12p0nH_Cj2p0fF__roL8p5mm__tee_fl160um_fc12_cg1p2um__rpg1p4um,4.72538962076,6.12848580344,6.047306581918716,251.02953182785623,5.876810016672627,1,chip_simple_dxm2p727_dym7p273__Lj12p0nH_Cj2p0fF__roL8p5mm__tee_fl160um_fc12_cg1p2um__rpg1p4um,4.7222040576,6.12237034652,5.983692367204666,249.3544121969452,5.891422873734137,0.10821852566174639,0.003185563159999738,0.006115456919999929,0.06361421471404949,1.6751196309110412,0.014612857061510276
NearestNeighbors,11,chip_simple_dxm7p273_dym7p273__Lj12p0nH_Cj2p0fF__roL8p5mm__tee_fl160um_fc12_cg1p2um__rpg1p4um,4.72538962076,6.12848580344,6.047306581918716,251.02953182785623,5.876810016672627,2,chip_simple_dx2p727_dy6p364__Lj12p0nH_Cj2p0fF__roL8p5mm__tee_fl160um_fc12_cg1p2um__rpg1p4um,4.71827326294,6.10422533124,6.110669951080322,249.8252160711548,5.885426209420992,0.17528087299193196,0.007116357819999308,0.02426047219999994,0.06336336916160601,1.204315756701419,0.00861619274836567
NearestNeighbors,11,chip_simple_dxm7p273_dym7p273__Lj12p0nH_Cj2p0fF__roL8p5mm__tee_fl160um_fc12_cg1p2um__rpg1p4um,4.72538962076,6.12848580344,6.047306581918716,251.02953182785623,5.876810016672627,3,chip_simple_dxm4p545_dy2p727__Lj12p0nH_Cj2p0fF__roL8p5mm__tee_fl160um_fc12_cg1p2um__rpg1p4um,4.72053982598,6.13986277241,6.137880284189224,256.0182577176675,5.892363472706823,0.20857115151726954,0.00484979477999925,0.011376968969999623,0.09057370227050843,4.988725889811263,0.01555345603419589
NearestNeighbors,11,chip_simple_dxm7p273_dym7p273__Lj12p0nH_Cj2p0fF__roL8p5mm__tee_fl160um_fc12_cg1p2um__rpg1p4um,4.72538962076,6.12848580344,6.047306581918716,251.02953182785623,5.876810016672627,4,chip_simple_dx6p364_dym10p000__Lj12p0nH_Cj2p0fF__roL8p5mm__tee_fl160um_fc12_cg1p2um__rpg1p4um,4.71222287437,6.11776336869,5.892424395643234,248.8381761745651,5.8779333128535365,0.209567147207045,0.013166746389999595,0.010722434749999898,0.1548821862754819,2.19135565329114,0.001123296180909783
NearestNeighbors,11,chip_simple_dxm7p273_dym7p273__Lj12p0nH_Cj2p0fF__roL8p5mm__tee_fl160um_fc12_cg1p2um__rpg1p4um,4.72538962076,6.12848580344,6.047306581918716,251.02953182785623,5.876810016672627,5,chip_simple_dx3p636_dym7p273__Lj12p0nH_Cj2p0fF__roL8p5mm__tee_fl160um_fc12_cg1p2um__rpg1p4um,4.71844087505,6.09326872435,6.172192269672394,249.2646758562308,5.887827549157398,0.23899613737481143,0.006948745709999926,0.0352170790900006,0.12488568775367792,1.7648559716254226,0.011017532484771664
NearestNeighbors,11,chip_simple_dxm7p273_dym7p273__Lj12p0nH_Cj2p0fF__roL8p5mm__tee_fl160um_fc12_cg1p2um__rpg1p4um,4.72538962076,6.12848580344,6.047306581918716,251.02953182785623,5.876810016672627,6,chip_simple_dxm4p545_dy4p545__Lj12p0nH_Cj2p0fF__roL8p5mm__tee_fl160um_fc12_cg1p2um__rpg1p4um,4.71642795927,6.13578113095,5.930907612184524,251.74673425045364,5.924740428666518,0.26007993853880024,0.008961661489999884,0.007295327509999616,0.11639896973419184,0.7172024225974098,0.047930411993891475
NearestNeighbors,11,chip_simple_dxm7p273_dym7p273__Lj12p0nH_Cj2p0fF__roL8p5mm__tee_fl160um_fc12_cg1p2um__rpg1p4um,4.72538962076,6.12848580344,6.047306581918716,251.02953182785623,5.876810016672627,7,chip_simple_dx9p091_dym7p273__Lj12p0nH_Cj2p0fF__roL8p5mm__tee_fl160um_fc12_cg1p2um__rpg1p4um,4.72050597097,6.13312512239,5.72029589563942,245.89801240972525,5.881474199794399,0.2615911165509273,0.00488364979,0.004639318949999804,0.3270106862792961,5.131519418130978,0.00466418312177197
NearestNeighbors,11,chip_simple_dxm7p273_dym7p273__Lj12p0nH_Cj2p0fF__roL8p5mm__tee_fl160um_fc12_cg1p2um__rpg1p4um,4.72538962076,6.12848580344,6.047306581918716,251.02953182785623,5.876810016672627,8,chip_simple_dxm5p455_dym4p545__Lj12p0nH_Cj2p0fF__roL8p5mm__tee_fl160um_fc12_cg1p2um__rpg1p4um,4.71287290209,6.10521129892,5.888910904247283,246.5344439765854,5.876905965021521,0.2687674711397733,0.012516718669999705,0.023274504520000683,0.15839567767143237,4.495087851270824,9.594834889448123e-05
NearestNeighbors,11,chip_simple_dxm7p273_dym7p273__Lj12p0nH_Cj2p0fF__roL8p5mm__tee_fl160um_fc12_cg1p2um__rpg1p4um,4.72538962076,6.12848580344,6.047306581918716,251.02953182785623,5.876810016672627,9,chip_simple_dxm10p000_dy0p909__Lj12p0nH_Cj2p0fF__roL8p5mm__tee_fl160um_fc12_cg1p2um__rpg1p4um,4.70703508171,6.1027913224,6.054301022790908,250.9771558944962,5.873941688086905,0.27159993202075844,0.01835453904999973,0.025694481040000383,0.006994440872192698,0.05237593336002533,0.0028683285857216134
NearestNeighbors,11,chip_simple_dxm7p273_dym7p273__Lj12p0nH_Cj2p0fF__roL8p5mm__tee_fl160um_fc12_cg1p2um__rpg1p4um,4.72538962076,6.12848580344,6.047306581918716,251.02953182785623,5.876810016672627,10,chip_simple_dxm4p545_dy6p364__Lj12p0nH_Cj2p0fF__roL8p5mm__tee_fl160um_fc12_cg1p2um__rpg1p4um,4.70948631508,6.14137986712,5.8266296945228575,251.89687397293608,5.901594385955966,0.2724463046548218,0.015903305679999313,0.012894063680000123,0.22067688739585822,0.8673421450798457,0.02478436928333938
NearestNeighbors,12,chip_simple_dxm7p273_dym6p364__Lj12p0nH_Cj2p0fF__roL8p5mm__tee_fl160um_fc12_cg1p2um__rpg1p4um,4.65347230611,6.0179480245,6.143081427398681,250.29134412810515,5.756747050636442,1,chip_simple_dxm10p000_dym1p818__Lj12p0nH_Cj2p0fF__roL8p5mm__tee_fl160um_fc12_cg1p2um__rpg1p4um,4.65858122614,6.01234045492,6.319054457366943,251.70355065904783,5.749348826520186,0.1352465828758516,0.005108920029999631,0.005607569579999527,0.17597302996826159,1.412206530942683,0.007398224116256458
NearestNeighbors,12,chip_simple_dxm7p273_dym6p364__Lj12p0nH_Cj2p0fF__roL8p5mm__tee_fl160um_fc12_cg1p2um__rpg1p4um,4.65347230611,6.0179480245,6.143081427398681,250.29134412810515,5.756747050636442,2,chip_simple_dx10p000_dy7p273__Lj12p0nH_Cj2p0fF__roL8p5mm__tee_fl160um_fc12_cg1p2um__rpg1p4um,4.66101955519,6.03694119202,6.148507254526138,251.85392058988865,5.756378365268905,0.15146005852213343,0.007547249079999929,0.018993167519999687,0.005425827127456984,1.5625764617834932,0.0003686853675377577
NearestNeighbors,12,chip_simple_dxm7p273_dym6p364__Lj12p0nH_Cj2p0fF__roL8p5mm__tee_fl160um_fc12_cg1p2um__rpg1p4um,4.65347230611,6.0179480245,6.143081427398681,250.29134412810515,5.756747050636442,3,chip_simple_dx1p818_dym0p909__Lj12p0nH_Cj2p0fF__roL8p5mm__tee_fl160um_fc12_cg1p2um__rpg1p4um,4.67045299221,6.02263130277,6.254178175308227,249.60885360509675,5.769639685358345,0.23248482741541865,0.016980686100000142,0.004683278269999924,0.11109674790954571,0.6824905230083971,0.012892634721902496
NearestNeighbors,12,chip_simple_dxm7p273_dym6p364__Lj12p0nH_Cj2p0fF__roL8p5mm__tee_fl160um_fc12_cg1p2um__rpg1p4um,4.65347230611,6.0179480245,6.143081427398681,250.29134412810515,5.756747050636442,4,chip_simple_dxm4p545_dym3p636__Lj12p0nH_Cj2p0fF__roL8p5mm__tee_fl160um_fc12_cg1p2um__rpg1p4um,4.67304431925,6.03199474143,6.125895672599793,247.8916504390452,5.756437524837708,0.27031823695664164,0.019572013139999456,0.014046716930000258,0.01718575479888873,2.3996936890599443,0.00030952579873400055
NearestNeighbors,12,chip_simple_dxm7p273_dym6p364__Lj12p0nH_Cj2p0fF__roL8p5mm__tee_fl160um_fc12_cg1p2um__rpg1p4um,4.65347230611,6.0179480245,6.143081427398681,250.29134412810515,5.756747050636442,5,chip_simple_dx2p727_dy9p091__Lj12p0nH_Cj2p0fF__roL8p5mm__tee_fl160um_fc12_cg1p2um__rpg1p4um,4.66405896257,5.9877620988,6.321251501457214,246.19094484973783,5.715712771067524,0.3323903316644309,0.010586656460000121,0.03018592569999967,0.17817007405853236,4.10039927836732,0.04103427956891803
NearestNeighbors,12,chip_simple_dxm7p273_dym6p364__Lj12p0nH_Cj2p0fF__roL8p5mm__tee_fl160um_fc12_cg1p2um__rpg1p4um,4.65347230611,6.0179480245,6.143081427398681,250.29134412810515,5.756747050636442,6,chip_simple_dxm4p545_dy0p909__Lj12p0nH_Cj2p0fF__roL8p5mm__tee_fl160um_fc12_cg1p2um__rpg1p4um,4.66753639778,5.99187167802,6.510056455795287,249.924203814837,5.720749090470385,0.34982414687644886,0.01406409166999989,0.026076346480000012,0.366975028396606,0.3671403132681519,0.03599796016605783
NearestNeighbors,12,chip_simple_dxm7p273_dym6p364__Lj12p0nH_Cj2p0fF__roL8p5mm__tee_fl160um_fc12_cg1p2um__rpg1p4um,4.65347230611,6.0179480245,6.143081427398681,250.29134412810515,5.756747050636442,7,chip_simple_dx3p636_dym1p818__Lj12p0nH_Cj2p0fF__roL8p5mm__tee_fl160um_fc12_cg1p2um__rpg1p4um,4.64263027066,6.04873906928,5.965470440525055,254.1147038644968,5.708747532691113,0.35076346035632033,0.010842035450000509,0.030791044779999943,0.17761098687362598,3.8233597363916374,0.047999517945329195
NearestNeighbors,12,chip_simple_dxm7p273_dym6p364__Lj12p0nH_Cj2p0fF__roL8p5mm__tee_fl160um_fc12_cg1p2um__rpg1p4um,4.65347230611,6.0179480245,6.143081427398681,250.29134412810515,5.756747050636442,8,chip_simple_dxm3p636_dym2p727__Lj12p0nH_Cj2p0fF__roL8p5mm__tee_fl160um_fc12_cg1p2um__rpg1p4um,4.67568933524,6.05467155576,6.318260186975479,255.19867414634712,5.7406067779067245,0.4025062364080343,0.02221702913000012,0.03672353125999983,0.17517875957679774,4.907330018241964,0.016140272729717964
NearestNeighbors,12,chip_simple_dxm7p273_dym6p364__Lj12p0nH_Cj2p0fF__roL8p5mm__tee_fl160um_fc12_cg1p2um__rpg1p4um,4.65347230611,6.0179480245,6.143081427398681,250.29134412810515,5.756747050636442,9,chip_simple_dx7p273_dym3p636__Lj12p0nH_Cj2p0fF__roL8p5mm__tee_fl160um_fc12_cg1p2um__rpg1p4um,4.65586186884,6.04211101025,6.308590197654723,257.18686837855205,5.818673028469142,0.40279426562601994,0.0023895627299994615,0.02416298575000031,0.16550877025604205,6.895524250446897,0.06192597783269971
NearestNeighbors,12,chip_simple_dxm7p273_dym6p364__Lj12p0nH_Cj2p0fF__roL8p5mm__tee_fl160um_fc12_cg1p2um__rpg1p4um,4.65347230611,6.0179480245,6.143081427398681,250.29134412810515,5.756747050636442,10,chip_simple_dxm2p000_dym2p000__Lj12p0nH_Cj2p0fF__roL8p5mm__tee_fl160um_fc12_cg1p2um__rpg1p4um,4.66750846399,5.99576429238,6.200288068849563,244.5650742862331,5.692685446377873,0.41343790946346237,0.014036157879999678,0.022183732120000244,0.05720664145088161,5.726269841872039,0.0640616042585691
NearestNeighbors,13,chip_simple_dxm7p273_dym3p636__Lj12p0nH_Cj2p0fF__roL8p5mm__tee_fl160um_fc12_cg1p2um__rpg1p4um,4.73480918565,6.04038903556,6.218829399219513,237.6303531091748,5.832068017454491,1,chip_simple_dx6p364_dy0p000__Lj12p0nH_Cj2p0fF__roL8p5mm__tee_fl160um_fc12_cg1p2um__rpg1p4um,4.72795173232,6.02599393944,6.214404765487671,236.6306190453716,5.800547756468861,0.18957024097649622,0.00685745332999943,0.014395096119999451,0.00442463373184232,0.9997340638032028,0.03152026098562999
NearestNeighbors,13,chip_simple_dxm7p273_dym3p636__Lj12p0nH_Cj2p0fF__roL8p5mm__tee_fl160um_fc12_cg1p2um__rpg1p4um,4.73480918565,6.04038903556,6.218829399219513,237.6303531091748,5.832068017454491,2,chip_simple_dx4p545_dym0p909__Lj12p0nH_Cj2p0fF__roL8p5mm__tee_fl160um_fc12_cg1p2um__rpg1p4um,4.7255365678,6.0505170878,6.107614511497498,239.2497887649095,5.805207767962136,0.19704139801842022,0.009272617849999776,0.010128052240000684,0.11121488772201538,1.6194356557347191,0.026860249492354882
NearestNeighbors,13,chip_simple_dxm7p273_dym3p636__Lj12p0nH_Cj2p0fF__roL8p5mm__tee_fl160um_fc12_cg1p2um__rpg1p4um,4.73480918565,6.04038903556,6.218829399219513,237.6303531091748,5.832068017454491,3,chip_simple_dxm10p000_dym4p545__Lj12p0nH_Cj2p0fF__roL8p5mm__tee_fl160um_fc12_cg1p2um__rpg1p4um,4.72747685651,6.02391173404,6.181771411222457,235.80879165767425,5.79330242515557,0.22974394854923075,0.007332329139999594,0.016477301519999266,0.03705798799705562,1.8215614515005427,0.03876559229892074
NearestNeighbors,13,chip_simple_dxm7p273_dym3p636__Lj12p0nH_Cj2p0fF__roL8p5mm__tee_fl160um_fc12_cg1p2um__rpg1p4um,4.73480918565,6.04038903556,6.218829399219513,237.6303531091748,5.832068017454491,4,chip_simple_dx0p000_dy2p727__Lj12p0nH_Cj2p0fF__roL8p5mm__tee_fl160um_fc12_cg1p2um__rpg1p4um,4.73163640607,6.01912983001,6.151782347061157,233.4506181073812,5.795791516246615,0.2539945486050375,0.0031727795799998404,0.021259205549999827,0.06704705215835638,4.179735001793603,0.036276501207876066
NearestNeighbors,13,chip_simple_dxm7p273_dym3p636__Lj12p0nH_Cj2p0fF__roL8p5mm__tee_fl160um_fc12_cg1p2um__rpg1p4um,4.73480918565,6.04038903556,6.218829399219513,237.6303531091748,5.832068017454491,5,chip_simple_dx5p455_dy8p182__Lj12p0nH_Cj2p0fF__roL8p5mm__tee_fl160um_fc12_cg1p2um__rpg1p4um,4.74855405086,6.03321750387,6.352321427940368,236.0766933371285,5.795288526783467,0.26127379568695963,0.013744865210000512,0.007171531689999178,0.13349202872085542,1.5536597720463021,0.03677949067102393
NearestNeighbors,13,chip_simple_dxm7p273_dym3p636__Lj12p0nH_Cj2p0fF__roL8p5mm__tee_fl160um_fc12_cg1p2um__rpg1p4um,4.73480918565,6.04038903556,6.218829399219513,237.6303531091748,5.832068017454491,6,chip_simple_dx4p545_dym10p000__Lj12p0nH_Cj2p0fF__roL8p5mm__tee_fl160um_fc12_cg1p2um__rpg1p4um,4.74063988225,6.06861380015,5.884236363721847,234.4946741312744,5.822012514288446,0.2806008506092126,0.005830696600000351,0.028224764590000007,0.33459303549766606,3.1356789779003975,0.010055503166045199
NearestNeighbors,13,chip_simple_dxm7p273_dym3p636__Lj12p0nH_Cj2p0fF__roL8p5mm__tee_fl160um_fc12_cg1p2um__rpg1p4um,4.73480918565,6.04038903556,6.218829399219513,237.6303531091748,5.832068017454491,7,chip_simple_dxm7p273_dy6p364__Lj12p0nH_Cj2p0fF__roL8p5mm__tee_fl160um_fc12_cg1p2um__rpg1p4um,4.72123017621,6.04785216083,6.333465595045089,244.1985025363444,5.848505024648974,0.29884995331524017,0.0135790094399999,0.007463125270000148,0.11463619582557616,6.568149427169601,0.016437007194483044
NearestNeighbors,13,chip_simple_dxm7p273_dym3p636__Lj12p0nH_Cj2p0fF__roL8p5mm__tee_fl160um_fc12_cg1p2um__rpg1p4um,4.73480918565,6.04038903556,6.218829399219513,237.6303531091748,5.832068017454491,8,chip_simple_dx3p636_dym0p909__Lj12p0nH_Cj2p0fF__roL8p5mm__tee_fl160um_fc12_cg1p2um__rpg1p4um,4.74682723468,6.06657591767,5.891095231824875,232.95693903075104,5.84385390194947,0.3249655691827082,0.012018049029999922,0.026186882110000198,0.3277341673946381,4.673414078423747,0.011785884494979193
NearestNeighbors,13,chip_simple_dxm7p273_dym3p636__Lj12p0nH_Cj2p0fF__roL8p5mm__tee_fl160um_fc12_cg1p2um__rpg1p4um,4.73480918565,6.04038903556,6.218829399219513,237.6303531091748,5.832068017454491,9,chip_simple_dxm0p909_dy6p364__Lj12p0nH_Cj2p0fF__roL8p5mm__tee_fl160um_fc12_cg1p2um__rpg1p4um,4.73809447586,6.07066105208,5.877909127601623,235.23156094873443,5.87197127716639,0.32712364285877626,0.0032852902100000136,0.030272016520000555,0.3409202716178896,2.3987921604403653,0.0399032597118989
NearestNeighbors,13,chip_simple_dxm7p273_dym3p636__Lj12p0nH_Cj2p0fF__roL8p5mm__tee_fl160um_fc12_cg1p2um__rpg1p4um,4.73480918565,6.04038903556,6.218829399219513,237.6303531091748,5.832068017454491,10,chip_simple_dx0p000_dy5p455__Lj12p0nH_Cj2p0fF__roL8p5mm__tee_fl160um_fc12_cg1p2um__rpg1p4um,4.71422601792,6.04446957881,6.030727920024871,239.0603629876928,5.790300833858292,0.34289380837893213,0.020583167729999907,0.004080543250000623,0.18810147919464182,1.4300098785180069,0.0417671835961988
NearestNeighbors,14,chip_simple_dxm7p273_dy1p818__Lj12p0nH_Cj2p0fF__roL8p5mm__tee_fl160um_fc12_cg1p2um__rpg1p4um,4.72771702229,5.972340521,5.773035212522506,219.24495923206857,5.714431158523696,1,chip_simple_dxm4p545_dy9p091__Lj12p0nH_Cj2p0fF__roL8p5mm__tee_fl160um_fc12_cg1p2um__rpg1p4um,4.73257191675,5.96883434545,5.846838404302597,219.15587205568883,5.667058133519072,0.23059783065573433,0.004854894460000203,0.003506175549999213,0.07380319178009032,0.08908717637973496,0.04737302500462359
NearestNeighbors,14,chip_simple_dxm7p273_dy1p818__Lj12p0nH_Cj2p0fF__roL8p5mm__tee_fl160um_fc12_cg1p2um__rpg1p4um,4.72771702229,5.972340521,5.773035212522506,219.24495923206857,5.714431158523696,2,chip_simple_dx1p818_dym9p091__Lj12p0nH_Cj2p0fF__roL8p5mm__tee_fl160um_fc12_cg1p2um__rpg1p4um,4.73395858035,5.98672827489,5.994751743192673,224.6710358694394,5.7112226948008775,0.24809920917690037,0.006241558060000152,0.014387753890000354,0.22171653067016628,5.426076637370841,0.0032084637228182444
NearestNeighbors,14,chip_simple_dxm7p273_dy1p818__Lj12p0nH_Cj2p0fF__roL8p5mm__tee_fl160um_fc12_cg1p2um__rpg1p4um,4.72771702229,5.972340521,5.773035212522506,219.24495923206857,5.714431158523696,3,chip_simple_dxm9p091_dym0p909__Lj12p0nH_Cj2p0fF__roL8p5mm__tee_fl160um_fc12_cg1p2um__rpg1p4um,4.70861223691,5.97190035235,5.828280176078796,224.2856497209385,5.726841959580289,0.3006576400604276,0.0191047853800006,0.0004401686499999613,0.05524496355628994,5.040690488869927,0.012410801056593534
NearestNeighbors,14,chip_simple_dxm7p273_dy1p818__Lj12p0nH_Cj2p0fF__roL8p5mm__tee_fl160um_fc12_cg1p2um__rpg1p4um,4.72771702229,5.972340521,5.773035212522506,219.24495923206857,5.714431158523696,4,chip_simple_dx7p273_dy8p182__Lj12p0nH_Cj2p0fF__roL8p5mm__tee_fl160um_fc12_cg1p2um__rpg1p4um,4.72840082103,5.97315210181,5.691267652456284,217.62866557447816,5.647951458913108,0.31368718433263326,0.0006837987399999079,0.0008115808100006561,0.08176756006622199,1.616293657590404,0.06647969961058742
NearestNeighbors,14,chip_simple_dxm7p273_dy1p818__Lj12p0nH_Cj2p0fF__roL8p5mm__tee_fl160um_fc12_cg1p2um__rpg1p4um,4.72771702229,5.972340521,5.773035212522506,219.24495923206857,5.714431158523696,5,chip_simple_dx9p091_dy2p727__Lj12p0nH_Cj2p0fF__roL8p5mm__tee_fl160um_fc12_cg1p2um__rpg1p4um,4.73573589761,5.98065811264,6.137298337150574,225.8565206861277,5.714952670110322,0.3218488841850361,0.008018875319999452,0.00831759164000001,0.3642631246280672,6.611561454059142,0.0005215115866263886
NearestNeighbors,14,chip_simple_dxm7p273_dy1p818__Lj12p0nH_Cj2p0fF__roL8p5mm__tee_fl160um_fc12_cg1p2um__rpg1p4um,4.72771702229,5.972340521,5.773035212522506,219.24495923206857,5.714431158523696,6,chip_simple_dx0p909_dym3p636__Lj12p0nH_Cj2p0fF__roL8p5mm__tee_fl160um_fc12_cg1p2um__rpg1p4um,4.74299007193,5.97185553704,5.585872956563949,212.43614000136665,5.67605929438614,0.36223284065283334,0.015273049640000202,0.0004849839599998518,0.1871622559585573,6.808819230701914,0.03837186413755589
NearestNeighbors,14,chip_simple_dxm7p273_dy1p818__Lj12p0nH_Cj2p0fF__roL8p5mm__tee_fl160um_fc12_cg1p2um__rpg1p4um,4.72771702229,5.972340521,5.773035212522506,219.24495923206857,5.714431158523696,7,chip_simple_dxm0p909_dy4p545__Lj12p0nH_Cj2p0fF__roL8p5mm__tee_fl160um_fc12_cg1p2um__rpg1p4um,4.7332354087,5.97981485633,6.195107574489593,227.38497188220632,5.728661585836097,0.3767335949491724,0.005518386409999465,0.0074743353300004145,0.42207236196708653,8.140012650137749,0.014230427312400984
NearestNeighbors,14,chip_simple_dxm7p273_dy1p818__Lj12p0nH_Cj2p0fF__roL8p5mm__tee_fl160um_fc12_cg1p2um__rpg1p4um,4.72771702229,5.972340521,5.773035212522506,219.24495923206857,5.714431158523696,8,chip_simple_dx2p727_dy3p636__Lj12p0nH_Cj2p0fF__roL8p5mm__tee_fl160um_fc12_cg1p2um__rpg1p4um,4.74429494791,5.9687577148,6.039171265787124,220.3138057061849,5.653802310643351,0.3807255900360228,0.016577925620000045,0.003582806199999844,0.266136053264618,1.0688464741163273,0.06062884788034495
NearestNeighbors,14,chip_simple_dxm7p273_dy1p818__Lj12p0nH_Cj2p0fF__roL8p5mm__tee_fl160um_fc12_cg1p2um__rpg1p4um,4.72771702229,5.972340521,5.773035212522506,219.24495923206857,5.714431158523696,9,chip_simple_dxm6p364_dym7p273__Lj12p0nH_Cj2p0fF__roL8p5mm__tee_fl160um_fc12_cg1p2um__rpg1p4um,4.75005432934,6.01899043043,5.655702243776322,219.9240164763736,5.705344706711049,0.3908829623917267,0.02233730704999992,0.046649909430000136,0.11733296874618482,0.679057244305028,0.009086451812646779
NearestNeighbors,14,chip_simple_dxm7p273_dy1p818__Lj12p0nH_Cj2p0fF__roL8p5mm__tee_fl160um_fc12_cg1p2um__rpg1p4um,4.72771702229,5.972340521,5.773035212522506,219.24495923206857,5.714431158523696,10,chip_simple_dxm0p909_dy7p273__Lj12p0nH_Cj2p0fF__roL8p5mm__tee_fl160um_fc12_cg1p2um__rpg1p4um,4.70613110667,5.99730794943,5.718138606563568,226.7890078045864,5.726349608257517,0.4011560775447675,0.02158591562000023,0.024967428430000105,0.054896605958938416,7.5440485725178235,0.01191844973382139
NearestNeighbors,15,chip_simple_dxm7p273_dy8p182__Lj12p0nH_Cj2p0fF__roL8p5mm__tee_fl160um_fc12_cg1p2um__rpg1p4um,4.73311969721,6.1823618083,5.650964117544174,249.6016788017964,5.977576415438447,1,chip_simple_dxm8p182_dym4p545__Lj12p0nH_Cj2p0fF__roL8p5mm__tee_fl160um_fc12_cg1p2um__rpg1p4um,4.73043071526,6.17100144044,5.767042214794159,250.8990176723497,5.986730956844874,0.1143506558077654,0.0026889819500004464,0.011360367859999165,0.11607809724998575,1.2973388705532898,0.009154541406426908
NearestNeighbors,15,chip_simple_dxm7p273_dy8p182__Lj12p0nH_Cj2p0fF__roL8p5mm__tee_fl160um_fc12_cg1p2um__rpg1p4um,4.73311969721,6.1823618083,5.650964117544174,249.6016788017964,5.977576415438447,2,chip_simple_dx2p727_dy2p727__Lj12p0nH_Cj2p0fF__roL8p5mm__tee_fl160um_fc12_cg1p2um__rpg1p4um,4.73128014823,6.18706920741,5.709969924663543,252.0300867867861,5.997949180219245,0.13316402138884445,0.0018395489800004938,0.004707399110000843,0.059005807119369535,2.42840798498969,0.02037276478079786
NearestNeighbors,15,chip_simple_dxm7p273_dy8p182__Lj12p0nH_Cj2p0fF__roL8p5mm__tee_fl160um_fc12_cg1p2um__rpg1p4um,4.73311969721,6.1823618083,5.650964117544174,249.6016788017964,5.977576415438447,3,chip_simple_dx0p000_dym10p000__Lj12p0nH_Cj2p0fF__roL8p5mm__tee_fl160um_fc12_cg1p2um__rpg1p4um,4.72617335759,6.18783165048,5.473578181682586,247.93824058661983,5.979999407972001,0.14742153126454305,0.0069463396200006855,0.0054698421800001285,0.17738593586158746,1.6634382151765692,0.002422992533554158
NearestNeighbors,15,chip_simple_dxm7p273_dy8p182__Lj12p0nH_Cj2p0fF__roL8p5mm__tee_fl160um_fc12_cg1p2um__rpg1p4um,4.73311969721,6.1823618083,5.650964117544174,249.6016788017964,5.977576415438447,4,chip_simple_dxm2p727_dy3p636__Lj12p0nH_Cj2p0fF__roL8p5mm__tee_fl160um_fc12_cg1p2um__rpg1p4um,4.72771327144,6.17379279793,5.623312453847885,248.72072138405872,5.943747599398507,0.17929400743537338,0.005406425770000389,0.008569010369999575,0.027651663696288686,0.880957417737676,0.03382881603994026
NearestNeighbors,15,chip_simple_dxm7p273_dy8p182__Lj12p0nH_Cj2p0fF__roL8p5mm__tee_fl160um_fc12_cg1p2um__rpg1p4um,4.73311969721,6.1823618083,5.650964117544174,249.6016788017964,5.977576415438447,5,chip_simple_dx2p727_dy4p545__Lj12p0nH_Cj2p0fF__roL8p5mm__tee_fl160um_fc12_cg1p2um__rpg1p4um,4.72661637865,6.17653112846,5.815809796421051,253.68702655650372,5.959841194906359,0.20440986709618178,0.006503318560000082,0.005830679839999853,0.16484567887687707,4.085347754707328,0.01773522053208776
NearestNeighbors,15,chip_simple_dxm7p273_dy8p182__Lj12p0nH_Cj2p0fF__roL8p5mm__tee_fl160um_fc12_cg1p2um__rpg1p4um,4.73311969721,6.1823618083,5.650964117544174,249.6016788017964,5.977576415438447,6,chip_simple_dxm7p273_dym5p455__Lj12p0nH_Cj2p0fF__roL8p5mm__tee_fl160um_fc12_cg1p2um__rpg1p4um,4.73184455751,6.20479563684,5.572578645385742,251.6877216406616,6.007676605765333,0.20456874099732023,0.0012751397000005937,0.022433828540000533,0.07838547215843139,2.086042838865211,0.030100190326885823
NearestNeighbors,15,chip_simple_dxm7p273_dy8p182__Lj12p0nH_Cj2p0fF__roL8p5mm__tee_fl160um_fc12_cg1p2um__rpg1p4um,4.73311969721,6.1823618083,5.650964117544174,249.6016788017964,5.977576415438447,7,chip_simple_dx0p909_dym2p727__Lj12p0nH_Cj2p0fF__roL8p5mm__tee_fl160um_fc12_cg1p2um__rpg1p4um,4.73288476866,6.15144010433,5.802761653125763,248.0066040101604,5.946582947290083,0.24519155943892132,0.00023492855000029067,0.030921703969999825,0.15179753558158904,1.5950747916359944,0.030993468148364123
NearestNeighbors,15,chip_simple_dxm7p273_dy8p182__Lj12p0nH_Cj2p0fF__roL8p5mm__tee_fl160um_fc12_cg1p2um__rpg1p4um,4.73311969721,6.1823618083,5.650964117544174,249.6016788017964,5.977576415438447,8,chip_simple_dx10p000_dym8p182__Lj12p0nH_Cj2p0fF__roL8p5mm__tee_fl160um_fc12_cg1p2um__rpg1p4um,4.7278291272,6.203667918,5.357714031663894,247.43915307278945,5.999006200112647,0.24632816128335278,0.00529057001000055,0.021306109700000242,0.29325008588027934,2.162525729006944,0.02142978467419976
NearestNeighbors,15,chip_simple_dxm7p273_dy8p182__Lj12p0nH_Cj2p0fF__roL8p5mm__tee_fl160um_fc12_cg1p2um__rpg1p4um,4.73311969721,6.1823618083,5.650964117544174,249.6016788017964,5.977576415438447,9,chip_simple_dxm3p636_dy3p636__Lj12p0nH_Cj2p0fF__roL8p5mm__tee_fl160um_fc12_cg1p2um__rpg1p4um,4.72242714711,6.18673541231,5.336548379825592,245.26485810969444,5.972626156449373,0.26762649549984246,0.01069255009999992,0.00437360401000042,0.31441573771858167,4.336820692101952,0.004950258989074641
NearestNeighbors,15,chip_simple_dxm7p273_dy8p182__Lj12p0nH_Cj2p0fF__roL8p5mm__tee_fl160um_fc12_cg1p2um__rpg1p4um,4.73311969721,6.1823618083,5.650964117544174,249.6016788017964,5.977576415438447,10,chip_simple_dx10p000_dy2p727__Lj12p0nH_Cj2p0fF__roL8p5mm__tee_fl160um_fc12_cg1p2um__rpg1p4um,4.73462079534,6.18985040369,5.828325863840103,254.44098843935748,5.937285281374463,0.2696678558788469,0.0015010981299994341,0.007488595390000796,0.17736174629592938,4.839309637561087,0.04029113406398377
NearestNeighbors,16,chip_simple_dxm7p273_dy9p091__Lj12p0nH_Cj2p0fF__roL8p5mm__tee_fl160um_fc12_cg1p2um__rpg1p4um,4.72336710509,6.1048577147,5.895831980884552,244.34013210942783,5.873176370681271,1,chip_simple_dxm5p455_dym4p545__Lj12p0nH_Cj2p0fF__roL8p5mm__tee_fl160um_fc12_cg1p2um__rpg1p4um,4.71287290209,6.10521129892,5.888910904247283,246.5344439765854,5.876905965021521,0.1519749355420838,0.010494203000000368,0.0003535842199999806,0.006921076637268264,2.1943118671575803,0.0037295943402497755
NearestNeighbors,16,chip_simple_dxm7p273_dy9p091__Lj12p0nH_Cj2p0fF__roL8p5mm__tee_fl160um_fc12_cg1p2um__rpg1p4um,4.72336710509,6.1048577147,5.895831980884552,244.34013210942783,5.873176370681271,2,chip_simple_dx1p818_dy4p545__Lj12p0nH_Cj2p0fF__roL8p5mm__tee_fl160um_fc12_cg1p2um__rpg1p4um,4.71625141136,6.09699178177,5.937363158708572,245.50271805823053,5.844152234649521,0.1724580932494145,0.0071156937300003165,0.007865932929999708,0.04153117782402038,1.1625859488027004,0.029024136031750025
NearestNeighbors,16,chip_simple_dxm7p273_dy9p091__Lj12p0nH_Cj2p0fF__roL8p5mm__tee_fl160um_fc12_cg1p2um__rpg1p4um,4.72336710509,6.1048577147,5.895831980884552,244.34013210942783,5.873176370681271,3,chip_simple_dx10p000_dym4p545__Lj12p0nH_Cj2p0fF__roL8p5mm__tee_fl160um_fc12_cg1p2um__rpg1p4um,4.72887741733,6.11605763171,5.721568623006821,241.3895574816467,5.882844555175796,0.1734390191941624,0.005510312239999315,0.011199917010000782,0.17426335787773084,2.9505746277811227,0.009668184494525
NearestNeighbors,16,chip_simple_dxm7p273_dy9p091__Lj12p0nH_Cj2p0fF__roL8p5mm__tee_fl160um_fc12_cg1p2um__rpg1p4um,4.72336710509,6.1048577147,5.895831980884552,244.34013210942783,5.873176370681271,4,chip_simple_dx9p091_dym7p273__Lj12p0nH_Cj2p0fF__roL8p5mm__tee_fl160um_fc12_cg1p2um__rpg1p4um,4.72050597097,6.13312512239,5.72029589563942,245.89801240972525,5.881474199794399,0.20008874063828522,0.0028611341200006635,0.028267407690000468,0.17553608524513198,1.5578803002974269,0.008297829113127264
NearestNeighbors,16,chip_simple_dxm7p273_dy9p091__Lj12p0nH_Cj2p0fF__roL8p5mm__tee_fl160um_fc12_cg1p2um__rpg1p4um,4.72336710509,6.1048577147,5.895831980884552,244.34013210942783,5.873176370681271,5,chip_simple_dx1p818_dym2p727__Lj12p0nH_Cj2p0fF__roL8p5mm__tee_fl160um_fc12_cg1p2um__rpg1p4um,4.71634435567,6.07993823183,6.091754240879059,245.7478362240464,5.8738401283262975,0.2035651130463924,0.0070227494199999185,0.024919482869999676,0.1959222599945072,1.407704114618582,0.0006637576450261307
NearestNeighbors,16,chip_simple_dxm7p273_dy9p091__Lj12p0nH_Cj2p0fF__roL8p5mm__tee_fl160um_fc12_cg1p2um__rpg1p4um,4.72336710509,6.1048577147,5.895831980884552,244.34013210942783,5.873176370681271,6,chip_simple_dxm2p727_dym7p273__Lj12p0nH_Cj2p0fF__roL8p5mm__tee_fl160um_fc12_cg1p2um__rpg1p4um,4.7222040576,6.12237034652,5.983692367204666,249.3544121969452,5.891422873734137,0.2180998111061079,0.0011630474900004018,0.017512631820000735,0.08786038632011461,5.014280087517363,0.01824650305286557
NearestNeighbors,16,chip_simple_dxm7p273_dy9p091__Lj12p0nH_Cj2p0fF__roL8p5mm__tee_fl160um_fc12_cg1p2um__rpg1p4um,4.72336710509,6.1048577147,5.895831980884552,244.34013210942783,5.873176370681271,7,chip_simple_dx6p364_dym10p000__Lj12p0nH_Cj2p0fF__roL8p5mm__tee_fl160um_fc12_cg1p2um__rpg1p4um,4.71222287437,6.11776336869,5.892424395643234,248.8381761745651,5.8779333128535365,0.21919352704282352,0.011144230720000259,0.012905653990000765,0.00340758524131779,4.498044065137265,0.004756942172265077
NearestNeighbors,16,chip_simple_dxm7p273_dy9p091__Lj12p0nH_Cj2p0fF__roL8p5mm__tee_fl160um_fc12_cg1p2um__rpg1p4um,4.72336710509,6.1048577147,5.895831980884552,244.34013210942783,5.873176370681271,8,chip_simple_dx3p636_dym10p000__Lj12p0nH_Cj2p0fF__roL8p5mm__tee_fl160um_fc12_cg1p2um__rpg1p4um,4.71703014209,6.07430842251,5.908099547199249,240.9557709371328,5.866915155687882,0.2215759949439315,0.00633696300000075,0.03054929218999991,0.012267566314696943,3.38436117229503,0.006261214993389608
NearestNeighbors,16,chip_simple_dxm7p273_dy9p091__Lj12p0nH_Cj2p0fF__roL8p5mm__tee_fl160um_fc12_cg1p2um__rpg1p4um,4.72336710509,6.1048577147,5.895831980884552,244.34013210942783,5.873176370681271,9,chip_simple_dxm7p273_dy2p727__Lj12p0nH_Cj2p0fF__roL8p5mm__tee_fl160um_fc12_cg1p2um__rpg1p4um,4.71160179643,6.11112305572,5.860711649211884,247.21366970382263,5.902975749327858,0.22686814447382145,0.011765308660000251,0.006265341020000648,0.03512033167266804,2.8735375943948043,0.02979937864658666
NearestNeighbors,16,chip_simple_dxm7p273_dy9p091__Lj12p0nH_Cj2p0fF__roL8p5mm__tee_fl160um_fc12_cg1p2um__rpg1p4um,4.72336710509,6.1048577147,5.895831980884552,244.34013210942783,5.873176370681271,10,chip_simple_dx2p727_dy8p182__Lj12p0nH_Cj2p0fF__roL8p5mm__tee_fl160um_fc12_cg1p2um__rpg1p4um,4.72577115301,6.11702248151,5.67343218500328,241.13444090201696,5.90532555190526,0.2335701364707806,0.002404047919999819,0.012164766810000671,0.22239979588127134,3.205691207410865,0.032149181223988244
NearestNeighbors,17,chip_simple_dxm6p364_dym10p000__Lj12p0nH_Cj2p0fF__roL8p5mm__tee_fl160um_fc12_cg1p2um__rpg1p4um,4.74671380996,6.03991593661,5.848658886358261,227.8865591340732,5.768117311750657,1,chip_simple_dxm7p273_dy10p000__Lj12p0nH_Cj2p0fF__roL8p5mm__tee_fl160um_fc12_cg1p2um__rpg1p4um,4.74112824339,6.0338985905,5.849102284322738,228.0004194267305,5.782595714641922,0.10235662367672842,0.005585566569999756,0.006017346110000155,0.0004433979644771213,0.11386029265730713,0.014478402891265674
NearestNeighbors,17,chip_simple_dxm6p364_dym10p000__Lj12p0nH_Cj2p0fF__roL8p5mm__tee_fl160um_fc12_cg1p2um__rpg1p4um,4.74671380996,6.03991593661,5.848658886358261,227.8865591340732,5.768117311750657,2,chip_simple_dx0p000_dym6p364__Lj12p0nH_Cj2p0fF__roL8p5mm__tee_fl160um_fc12_cg1p2um__rpg1p4um,4.74288579894,6.03308089793,5.782055475780487,226.2307596859305,5.794067523813237,0.14987803211339282,0.0038280110200004103,0.006835038680000238,0.06660341057777419,1.6557994481426874,0.025950212062580746
NearestNeighbors,17,chip_simple_dxm6p364_dym10p000__Lj12p0nH_Cj2p0fF__roL8p5mm__tee_fl160um_fc12_cg1p2um__rpg1p4um,4.74671380996,6.03991593661,5.848658886358261,227.8865591340732,5.768117311750657,3,chip_simple_dxm3p636_dym4p545__Lj12p0nH_Cj2p0fF__roL8p5mm__tee_fl160um_fc12_cg1p2um__rpg1p4um,4.74235488793,6.04534109441,5.723736058847427,227.1294815057925,5.7373862078713325,0.17151263776167944,0.004358922029999768,0.005425157800000413,0.12492282751083383,0.7570776282806833,0.030731103879324095
NearestNeighbors,17,chip_simple_dxm6p364_dym10p000__Lj12p0nH_Cj2p0fF__roL8p5mm__tee_fl160um_fc12_cg1p2um__rpg1p4um,4.74671380996,6.03991593661,5.848658886358261,227.8865591340732,5.768117311750657,4,chip_simple_dx8p182_dym7p273__Lj12p0nH_Cj2p0fF__roL8p5mm__tee_fl160um_fc12_cg1p2um__rpg1p4um,4.75453402814,6.05826619394,5.752804228256226,227.26530590646345,5.792570418204838,0.18986067027977407,0.007820218180000005,0.01835025732999984,0.0958546581020352,0.621253227609742,0.02445310645418175
NearestNeighbors,17,chip_simple_dxm6p364_dym10p000__Lj12p0nH_Cj2p0fF__roL8p5mm__tee_fl160um_fc12_cg1p2um__rpg1p4um,4.74671380996,6.03991593661,5.848658886358261,227.8865591340732,5.768117311750657,5,chip_simple_dx0p909_dy0p909__Lj12p0nH_Cj2p0fF__roL8p5mm__tee_fl160um_fc12_cg1p2um__rpg1p4um,4.74629473326,6.04239971887,5.894084815874099,229.19790488610408,5.810269347557483,0.20074514586947143,0.00041907670000007613,0.0024837822599996784,0.04542592951583835,1.3113457520308884,0.04215203580682658
NearestNeighbors,17,chip_simple_dxm6p364_dym10p000__Lj12p0nH_Cj2p0fF__roL8p5mm__tee_fl160um_fc12_cg1p2um__rpg1p4um,4.74671380996,6.03991593661,5.848658886358261,227.8865591340732,5.768117311750657,6,chip_simple_dxm5p455_dy7p273__Lj12p0nH_Cj2p0fF__roL8p5mm__tee_fl160um_fc12_cg1p2um__rpg1p4um,4.7550557353,6.0689882308,5.697021401802063,227.79860249670247,5.765618099955324,0.21122995297428712,0.00834192533999989,0.02907229418999968,0.15163748455619785,0.08795663737072346,0.0024992117953326343
NearestNeighbors,17,chip_simple_dxm6p364_dym10p000__Lj12p0nH_Cj2p0fF__roL8p5mm__tee_fl160um_fc12_cg1p2um__rpg1p4um,4.74671380996,6.03991593661,5.848658886358261,227.8865591340732,5.768117311750657,7,chip_simple_dx3p636_dym4p545__Lj12p0nH_Cj2p0fF__roL8p5mm__tee_fl160um_fc12_cg1p2um__rpg1p4um,4.73608663371,6.03725752393,5.823189326255798,229.1116188550764,5.733624292767639,0.2121633772786486,0.01062717624999987,0.0026584126799997776,0.025469560102463262,1.2250597210031913,0.034493018983017265
NearestNeighbors,17,chip_simple_dxm6p364_dym10p000__Lj12p0nH_Cj2p0fF__roL8p5mm__tee_fl160um_fc12_cg1p2um__rpg1p4um,4.74671380996,6.03991593661,5.848658886358261,227.8865591340732,5.768117311750657,8,chip_simple_dx3p636_dy10p000__Lj12p0nH_Cj2p0fF__roL8p5mm__tee_fl160um_fc12_cg1p2um__rpg1p4um,4.75276132751,6.0254162175,6.153329925121307,230.03465147640503,5.771482613463284,0.21703650934139548,0.006047517549999881,0.014499719109999809,0.304671038763046,2.148092342331836,0.003365301712627833
NearestNeighbors,17,chip_simple_dxm6p364_dym10p000__Lj12p0nH_Cj2p0fF__roL8p5mm__tee_fl160um_fc12_cg1p2um__rpg1p4um,4.74671380996,6.03991593661,5.848658886358261,227.8865591340732,5.768117311750657,9,chip_simple_dxm3p636_dy8p182__Lj12p0nH_Cj2p0fF__roL8p5mm__tee_fl160um_fc12_cg1p2um__rpg1p4um,4.73729832468,6.03809876203,5.615429738752365,224.8091277096963,5.742262433762976,0.23679116510066733,0.009415485279999913,0.0018171745800001915,0.23322914760589608,3.077431424376897,0.025854877987680602
NearestNeighbors,17,chip_simple_dxm6p364_dym10p000__Lj12p0nH_Cj2p0fF__roL8p5mm__tee_fl160um_fc12_cg1p2um__rpg1p4um,4.74671380996,6.03991593661,5.848658886358261,227.8865591340732,5.768117311750657,10,chip_simple_dxm1p818_dy0p909__Lj12p0nH_Cj2p0fF__roL8p5mm__tee_fl160um_fc12_cg1p2um__rpg1p4um,4.73247725261,6.06032547334,5.647781850090027,230.0219004377902,5.758222245971617,0.2546422085416994,0.01423655735000029,0.0204095367299999,0.20087703626823394,2.135341303717013,0.009895065779039314
NearestNeighbors,18,chip_simple_dxm6p364_dym8p182__Lj12p0nH_Cj2p0fF__roL8p5mm__tee_fl160um_fc12_cg1p2um__rpg1p4um,4.66921934467,5.95957733907,6.531350151489257,244.2974230799728,5.682759542301245,1,chip_simple_dx2p727_dy9p091__Lj12p0nH_Cj2p0fF__roL8p5mm__tee_fl160um_fc12_cg1p2um__rpg1p4um,4.66405896257,5.9877620988,6.321251501457214,246.19094484973783,5.715712771067524,0.2641563888817359,0.005160382099999694,0.02818475973000023,0.21009865003204364,1.8935217697650444,0.03295322876627971
NearestNeighbors,18,chip_simple_dxm6p364_dym8p182__Lj12p0nH_Cj2p0fF__roL8p5mm__tee_fl160um_fc12_cg1p2um__rpg1p4um,4.66921934467,5.95957733907,6.531350151489257,244.2974230799728,5.682759542301245,2,chip_simple_dx5p455_dy0p909__Lj12p0nH_Cj2p0fF__roL8p5mm__tee_fl160um_fc12_cg1p2um__rpg1p4um,4.6845086068,5.95404649239,6.827135555116653,245.27673673400903,5.696349405850168,0.26540856179165095,0.015289262129999592,0.0055308466800001455,0.2957854036273959,0.9793136540362468,0.013589863548923553
NearestNeighbors,18,chip_simple_dxm6p364_dym8p182__Lj12p0nH_Cj2p0fF__roL8p5mm__tee_fl160um_fc12_cg1p2um__rpg1p4um,4.66921934467,5.95957733907,6.531350151489257,244.2974230799728,5.682759542301245,3,chip_simple_dxm3p636_dym3p636__Lj12p0nH_Cj2p0fF__roL8p5mm__tee_fl160um_fc12_cg1p2um__rpg1p4um,4.68717781389,5.97834346452,6.698308181764602,246.63062343353235,5.688222825454348,0.27809587912472994,0.017958469219999884,0.018766125450000004,0.16695803027534506,2.333200353559562,0.005463283153103404
NearestNeighbors,18,chip_simple_dxm6p364_dym8p182__Lj12p0nH_Cj2p0fF__roL8p5mm__tee_fl160um_fc12_cg1p2um__rpg1p4um,4.66921934467,5.95957733907,6.531350151489257,244.2974230799728,5.682759542301245,4,chip_simple_dxm2p000_dym2p000__Lj12p0nH_Cj2p0fF__roL8p5mm__tee_fl160um_fc12_cg1p2um__rpg1p4um,4.66750846399,5.99576429238,6.200288068849563,244.5650742862331,5.69268544637786,0.2791984084526697,0.0017108806800001375,0.03618695330999966,0.3310620826396944,0.2676512062603251,0.00992590407661531
NearestNeighbors,18,chip_simple_dxm6p364_dym8p182__Lj12p0nH_Cj2p0fF__roL8p5mm__tee_fl160um_fc12_cg1p2um__rpg1p4um,4.66921934467,5.95957733907,6.531350151489257,244.2974230799728,5.682759542301245,5,chip_simple_dxm2p000_dym2p000__Lj12p0nH_Cj2p0fF__roL8p5mm__tee_fl160um_fc12_cg1p2um__rpg1p4um,4.66750846399,5.99576429238,6.200288068849563,244.5650742862331,5.692685446377873,0.2791984084526797,0.0017108806800001375,0.03618695330999966,0.3310620826396944,0.2676512062603251,0.009925904076628633
NearestNeighbors,18,chip_simple_dxm6p364_dym8p182__Lj12p0nH_Cj2p0fF__roL8p5mm__tee_fl160um_fc12_cg1p2um__rpg1p4um,4.66921934467,5.95957733907,6.531350151489257,244.2974230799728,5.682759542301245,6,chip_simple_dxm4p545_dy0p909__Lj12p0nH_Cj2p0fF__roL8p5mm__tee_fl160um_fc12_cg1p2um__rpg1p4um,4.66753639778,5.99187167802,6.510056455795287,249.924203814837,5.720749090470385,0.31485614701344417,0.0016829468899999256,0.03229433894999989,0.021293695693969994,5.626780734864212,0.03798954816913991
NearestNeighbors,18,chip_simple_dxm6p364_dym8p182__Lj12p0nH_Cj2p0fF__roL8p5mm__tee_fl160um_fc12_cg1p2um__rpg1p4um,4.66921934467,5.95957733907,6.531350151489257,244.2974230799728,5.682759542301245,7,chip_simple_dx1p818_dy1p818__Lj12p0nH_Cj2p0fF__roL8p5mm__tee_fl160um_fc12_cg1p2um__rpg1p4um,4.66629595995,5.92142073329,6.557780968717575,238.696006949125,5.62692425316149,0.38462643444827727,0.0029233847199998664,0.03815660578000024,0.026430817228317416,5.601416130847781,0.055835289139754885
NearestNeighbors,18,chip_simple_dxm6p364_dym8p182__Lj12p0nH_Cj2p0fF__roL8p5mm__tee_fl160um_fc12_cg1p2um__rpg1p4um,4.66921934467,5.95957733907,6.531350151489257,244.2974230799728,5.682759542301245,8,chip_simple_dxm10p000_dy3p636__Lj12p0nH_Cj2p0fF__roL8p5mm__tee_fl160um_fc12_cg1p2um__rpg1p4um,4.6418768344,5.98369428669,6.249091382169723,249.1251595778436,5.676013980362334,0.4339489677405151,0.027342510270000453,0.024116947619999607,0.282258769319534,4.827736497870802,0.00674556193891096
NearestNeighbors,18,chip_simple_dxm6p364_dym8p182__Lj12p0nH_Cj2p0fF__roL8p5mm__tee_fl160um_fc12_cg1p2um__rpg1p4um,4.66921934467,5.95957733907,6.531350151489257,244.2974230799728,5.682759542301245,9,chip_simple_dx9p091_dym0p909__Lj12p0nH_Cj2p0fF__roL8p5mm__tee_fl160um_fc12_cg1p2um__rpg1p4um,4.69833241253,5.9700084278,6.424561027713775,237.54943824235883,5.679426145956277,0.43833226341957854,0.029113067860000008,0.010431088729999871,0.10678912377548233,6.747984837613956,0.003333396344967987
NearestNeighbors,18,chip_simple_dxm6p364_dym8p182__Lj12p0nH_Cj2p0fF__roL8p5mm__tee_fl160um_fc12_cg1p2um__rpg1p4um,4.66921934467,5.95957733907,6.531350151489257,244.2974230799728,5.682759542301245,10,chip_simple_dx9p091_dy10p000__Lj12p0nH_Cj2p0fF__roL8p5mm__tee_fl160um_fc12_cg1p2um__rpg1p4um,4.69926836053,5.96788032666,6.480939449926376,237.9698333652788,5.70456835918075,0.447678511308545,0.03004901585999953,0.008302987589999589,0.050410701562880966,6.327589714694,0.02180881687950542
NearestNeighbors,19,chip_simple_dxm6p364_dy9p091__Lj12p0nH_Cj2p0fF__roL8p5mm__tee_fl160um_fc12_cg1p2um__rpg1p4um,4.74885472292,5.99133385186,5.729373200176239,217.19198862874947,5.68234360614363,1,chip_simple_dxm6p364_dym7p273__Lj12p0nH_Cj2p0fF__roL8p5mm__tee_fl160um_fc12_cg1p2um__rpg1p4um,4.75005432934,6.01899043043,5.655702243776322,219.9240164763736,5.705344706711049,0.21277125746636563,0.0011996064200001655,0.027656578569999368,0.07367095639991739,2.732027847624124,0.023001100567419108
NearestNeighbors,19,chip_simple_dxm6p364_dy9p091__Lj12p0nH_Cj2p0fF__roL8p5mm__tee_fl160um_fc12_cg1p2um__rpg1p4um,4.74885472292,5.99133385186,5.729373200176239,217.19198862874947,5.68234360614363,2,chip_simple_dx0p909_dym3p636__Lj12p0nH_Cj2p0fF__roL8p5mm__tee_fl160um_fc12_cg1p2um__rpg1p4um,4.74299007193,5.97185553704,5.585872956563949,212.43614000136665,5.67605929438614,0.22375037948580612,0.005864650989999554,0.01947831482000062,0.14350024361228986,4.755848627382818,0.006284311757490002
NearestNeighbors,19,chip_simple_dxm6p364_dy9p091__Lj12p0nH_Cj2p0fF__roL8p5mm__tee_fl160um_fc12_cg1p2um__rpg1p4um,4.74885472292,5.99133385186,5.729373200176239,217.19198862874947,5.68234360614363,3,chip_simple_dxm9p091_dy9p091__Lj12p0nH_Cj2p0fF__roL8p5mm__tee_fl160um_fc12_cg1p2um__rpg1p4um,4.75085202436,6.00137867716,5.41655916849327,212.3126314781783,5.701547260512729,0.26337064209083255,0.001997301440000321,0.010044825299999616,0.3128140316829686,4.879357150571167,0.019203654369099432
NearestNeighbors,19,chip_simple_dxm6p364_dy9p091__Lj12p0nH_Cj2p0fF__roL8p5mm__tee_fl160um_fc12_cg1p2um__rpg1p4um,4.74885472292,5.99133385186,5.729373200176239,217.19198862874947,5.68234360614363,4,chip_simple_dxm4p545_dy9p091__Lj12p0nH_Cj2p0fF__roL8p5mm__tee_fl160um_fc12_cg1p2um__rpg1p4um,4.73257191675,5.96883434545,5.846838404302597,219.15587205568883,5.667058133519072,0.2667111463588973,0.016282806169999553,0.02249950640999998,0.11746520412635775,1.9638834269393612,0.015285472624557706
NearestNeighbors,19,chip_simple_dxm6p364_dy9p091__Lj12p0nH_Cj2p0fF__roL8p5mm__tee_fl160um_fc12_cg1p2um__rpg1p4um,4.74885472292,5.99133385186,5.729373200176239,217.19198862874947,5.68234360614363,5,chip_simple_dx2p727_dy3p636__Lj12p0nH_Cj2p0fF__roL8p5mm__tee_fl160um_fc12_cg1p2um__rpg1p4um,4.74429494791,5.9687577148,6.039171265787124,220.3138057061849,5.653802310643351,0.27865350617961165,0.004559775009999711,0.02257613706000061,0.3097980656108854,3.1218170774354235,0.028541295500279062
NearestNeighbors,19,chip_simple_dxm6p364_dy9p091__Lj12p0nH_Cj2p0fF__roL8p5mm__tee_fl160um_fc12_cg1p2um__rpg1p4um,4.74885472292,5.99133385186,5.729373200176239,217.19198862874947,5.68234360614363,6,chip_simple_dx7p273_dy8p182__Lj12p0nH_Cj2p0fF__roL8p5mm__tee_fl160um_fc12_cg1p2um__rpg1p4um,4.72840082103,5.97315210181,5.691267652456284,217.62866557447816,5.647951458913108,0.3190729765698569,0.020453901889999848,0.01818175005000011,0.03810554771995456,0.4366769457286921,0.03439214723052153
NearestNeighbors,19,chip_simple_dxm6p364_dy9p091__Lj12p0nH_Cj2p0fF__roL8p5mm__tee_fl160um_fc12_cg1p2um__rpg1p4um,4.74885472292,5.99133385186,5.729373200176239,217.19198862874947,5.68234360614363,7,chip_simple_dx4p545_dy10p000__Lj12p0nH_Cj2p0fF__roL8p5mm__tee_fl160um_fc12_cg1p2um__rpg1p4um,4.77208572646,5.99587669765,5.687584656963348,212.41558975620657,5.693307476185639,0.338376735043309,0.023231003540000295,0.004542845789999639,0.04178854321289105,4.776398872542899,0.010963870042009383
NearestNeighbors,19,chip_simple_dxm6p364_dy9p091__Lj12p0nH_Cj2p0fF__roL8p5mm__tee_fl160um_fc12_cg1p2um__rpg1p4um,4.74885472292,5.99133385186,5.729373200176239,217.19198862874947,5.68234360614363,8,chip_simple_dx1p818_dym9p091__Lj12p0nH_Cj2p0fF__roL8p5mm__tee_fl160um_fc12_cg1p2um__rpg1p4um,4.73395858035,5.98672827489,5.994751743192673,224.6710358694394,5.7112226948008775,0.3723000019027753,0.014896142569999604,0.0046055769700004134,0.2653785430164337,7.479047240689937,0.028879088657247642
NearestNeighbors,19,chip_simple_dxm6p364_dy9p091__Lj12p0nH_Cj2p0fF__roL8p5mm__tee_fl160um_fc12_cg1p2um__rpg1p4um,4.74885472292,5.99133385186,5.729373200176239,217.19198862874947,5.68234360614363,9,chip_simple_dxm10p000_dy9p091__Lj12p0nH_Cj2p0fF__roL8p5mm__tee_fl160um_fc12_cg1p2um__rpg1p4um,4.73431310321,5.9588117706,5.945221753843307,219.04223037505847,5.629570893196313,0.3788295358229089,0.01454161971000012,0.03252208126000067,0.215848553667068,1.8502417463089955,0.052772712947317224
NearestNeighbors,19,chip_simple_dxm6p364_dy9p091__Lj12p0nH_Cj2p0fF__roL8p5mm__tee_fl160um_fc12_cg1p2um__rpg1p4um,4.74885472292,5.99133385186,5.729373200176239,217.19198862874947,5.68234360614363,10,chip_simple_dxm6p364_dym4p545__Lj12p0nH_Cj2p0fF__roL8p5mm__tee_fl160um_fc12_cg1p2um__rpg1p4um,4.77051294453,5.99784752226,5.875309934732437,216.5912114480181,5.743283944916589,0.4009003590306242,0.021658221610000084,0.006513670399999505,0.14593673455619793,0.6007771807313702,0.06094033877295946
NearestNeighbors,20,chip_simple_dxm5p455_dym10p000__Lj12p0nH_Cj2p0fF__roL8p5mm__tee_fl160um_fc12_cg1p2um__rpg1p4um,4.72643217895,6.07311770522,5.415196464242935,228.4549508946408,5.824557550812046,1,chip_simple_dx7p273_dy0p000__Lj12p0nH_Cj2p0fF__roL8p5mm__tee_fl160um_fc12_cg1p2um__rpg1p4um,4.73285614666,6.06364786636,5.47772784601593,226.8629872413658,5.835642549018717,0.126391674027108,0.006423967709999978,0.009469838859999413,0.06253138177299533,1.5919636532750019,0.011084998206670527
NearestNeighbors,20,chip_simple_dxm5p455_dym10p000__Lj12p0nH_Cj2p0fF__roL8p5mm__tee_fl160um_fc12_cg1p2um__rpg1p4um,4.72643217895,6.07311770522,5.415196464242935,228.4549508946408,5.824557550812046,2,chip_simple_dxm8p182_dy4p545__Lj12p0nH_Cj2p0fF__roL8p5mm__tee_fl160um_fc12_cg1p2um__rpg1p4um,4.72472338379,6.07232041902,5.541016860761642,231.3279258836254,5.809423706845696,0.14011888476136578,0.0017087951599998874,0.000797286199999192,0.1258203965187077,2.872974988984595,0.015133843966349758
NearestNeighbors,20,chip_simple_dxm5p455_dym10p000__Lj12p0nH_Cj2p0fF__roL8p5mm__tee_fl160um_fc12_cg1p2um__rpg1p4um,4.72643217895,6.07311770522,5.415196464242935,228.4549508946408,5.824557550812046,3,chip_simple_dx8p182_dym0p909__Lj12p0nH_Cj2p0fF__roL8p5mm__tee_fl160um_fc12_cg1p2um__rpg1p4um,4.73453222964,6.07916206739,5.5368717016582485,230.278664506644,5.804701724358442,0.16800697226148084,0.008100050690000415,0.0060443621700008165,0.12167523741531383,1.8237136120031892,0.019855826453603953
NearestNeighbors,20,chip_simple_dxm5p455_dym10p000__Lj12p0nH_Cj2p0fF__roL8p5mm__tee_fl160um_fc12_cg1p2um__rpg1p4um,4.72643217895,6.07311770522,5.415196464242935,228.4549508946408,5.824557550812046,4,chip_simple_dx9p091_dy1p818__Lj12p0nH_Cj2p0fF__roL8p5mm__tee_fl160um_fc12_cg1p2um__rpg1p4um,4.72332163382,6.08397777989,5.362149336601257,229.5526193491085,5.856220715335205,0.16907749345489345,0.003110545129999309,0.010860074670000053,0.05304712764167796,1.0976684544677084,0.03166316452315865
NearestNeighbors,20,chip_simple_dxm5p455_dym10p000__Lj12p0nH_Cj2p0fF__roL8p5mm__tee_fl160um_fc12_cg1p2um__rpg1p4um,4.72643217895,6.07311770522,5.415196464242935,228.4549508946408,5.824557550812046,5,chip_simple_dxm7p273_dym8p182__Lj12p0nH_Cj2p0fF__roL8p5mm__tee_fl160um_fc12_cg1p2um__rpg1p4um,4.71799800041,6.08547036476,5.387219844787597,231.5296678046592,5.812898055695297,0.17241399995934745,0.008434178539999948,0.01235265954000031,0.02797661945533747,3.0747169100183953,0.011659495116749241
NearestNeighbors,20,chip_simple_dxm5p455_dym10p000__Lj12p0nH_Cj2p0fF__roL8p5mm__tee_fl160um_fc12_cg1p2um__rpg1p4um,4.72643217895,6.07311770522,5.415196464242935,228.4549508946408,5.824557550812046,6,chip_simple_dxm0p909_dym4p545__Lj12p0nH_Cj2p0fF__roL8p5mm__tee_fl160um_fc12_cg1p2um__rpg1p4um,4.73152601443,6.08098781521,5.6054915347919465,232.6416415790713,5.819711093719061,0.19426908310490165,0.005093835480000308,0.007870109990000707,0.19029507054901185,4.186690684430488,0.004846457092985368
NearestNeighbors,20,chip_simple_dxm5p455_dym10p000__Lj12p0nH_Cj2p0fF__roL8p5mm__tee_fl160um_fc12_cg1p2um__rpg1p4um,4.72643217895,6.07311770522,5.415196464242935,228.4549508946408,5.824557550812046,7,chip_simple_dx6p364_dy7p273__Lj12p0nH_Cj2p0fF__roL8p5mm__tee_fl160um_fc12_cg1p2um__rpg1p4um,4.73212189971,6.07302882801,5.421970001947403,227.40830584937643,5.783914954042914,0.20298027833673019,0.005689720760000405,8.887720999961601e-05,0.006773537704468424,1.0466450452643699,0.040642596769131956
NearestNeighbors,20,chip_simple_dxm5p455_dym10p000__Lj12p0nH_Cj2p0fF__roL8p5mm__tee_fl160um_fc12_cg1p2um__rpg1p4um,4.72643217895,6.07311770522,5.415196464242935,228.4549508946408,5.824557550812046,8,chip_simple_dxm5p455_dy4p545__Lj12p0nH_Cj2p0fF__roL8p5mm__tee_fl160um_fc12_cg1p2um__rpg1p4um,4.73477972348,6.05163166502,5.542912740110397,226.10829519663807,5.807693664303362,0.20660135983853117,0.008347544530000306,0.021486040199999223,0.1277162758674626,2.346655698002735,0.01686388650868409
NearestNeighbors,20,chip_simple_dxm5p455_dym10p000__Lj12p0nH_Cj2p0fF__roL8p5mm__tee_fl160um_fc12_cg1p2um__rpg1p4um,4.72643217895,6.07311770522,5.415196464242935,228.4549508946408,5.824557550812046,9,chip_simple_dx0p909_dym1p818__Lj12p0nH_Cj2p0fF__roL8p5mm__tee_fl160um_fc12_cg1p2um__rpg1p4um,4.74382125763,6.0716485122,5.499687352653504,226.4433546572846,5.834878033029041,0.23828648170964037,0.017389078679999947,0.0014691930199992598,0.08449088841056973,2.0115962373562013,0.010320482216994442
NearestNeighbors,20,chip_simple_dxm5p455_dym10p000__Lj12p0nH_Cj2p0fF__roL8p5mm__tee_fl160um_fc12_cg1p2um__rpg1p4um,4.72643217895,6.07311770522,5.415196464242935,228.4549508946408,5.824557550812046,10,chip_simple_dxm5p455_dym5p455__Lj12p0nH_Cj2p0fF__roL8p5mm__tee_fl160um_fc12_cg1p2um__rpg1p4um,4.73470923401,6.08624842403,5.670676468399048,234.1906472022272,5.826739823305008,0.2720586766645662,0.008277055060000649,0.013130718810000275,0.25548000415611316,5.735696307586409,0.0021822724929618786
NearestNeighbors,21,chip_simple_dxm5p455_dym7p273__Lj12p0nH_Cj2p0fF__roL8p5mm__tee_fl160um_fc12_cg1p2um__rpg1p4um,4.76562279632,6.24196953139,5.150254447881698,240.7444948936074,5.998838755030702,1,chip_simple_dx9p091_dym1p818__Lj12p0nH_Cj2p0fF__roL8p5mm__tee_fl160um_fc12_cg1p2um__rpg1p4um,4.74819591368,6.22592544422,5.092063777423858,240.3890325096089,6.030365991562808,0.2793294294576211,0.017426882639999697,0.016044087170000054,0.0581906704578401,0.3554623839984856,0.03152723653210554
NearestNeighbors,21,chip_simple_dxm5p455_dym7p273__Lj12p0nH_Cj2p0fF__roL8p5mm__tee_fl160um_fc12_cg1p2um__rpg1p4um,4.76562279632,6.24196953139,5.150254447881698,240.7444948936074,5.998838755030702,2,chip_simple_dx6p364_dym0p909__Lj12p0nH_Cj2p0fF__roL8p5mm__tee_fl160um_fc12_cg1p2um__rpg1p4um,4.76652297608,6.20853511611,5.17837090148735,236.1278148828435,6.028991125188209,0.2798358022179194,0.0009001797600003414,0.03343441527999946,0.028116453605651515,4.6166800107639006,0.030152370157506603
NearestNeighbors,21,chip_simple_dxm5p455_dym7p273__Lj12p0nH_Cj2p0fF__roL8p5mm__tee_fl160um_fc12_cg1p2um__rpg1p4um,4.76562279632,6.24196953139,5.150254447881698,240.7444948936074,5.998838755030702,3,chip_simple_dxm6p364_dy4p545__Lj12p0nH_Cj2p0fF__roL8p5mm__tee_fl160um_fc12_cg1p2um__rpg1p4um,4.74352808595,6.2301695732,5.073797546504975,241.488305000106,5.998964352979843,0.2893306793299804,0.022094710369999326,0.011799958189999238,0.0764569013767229,0.7438101064986142,0.00012559794914057676
NearestNeighbors,21,chip_simple_dxm5p455_dym7p273__Lj12p0nH_Cj2p0fF__roL8p5mm__tee_fl160um_fc12_cg1p2um__rpg1p4um,4.76562279632,6.24196953139,5.150254447881698,240.7444948936074,5.998838755030702,4,chip_simple_dxm5p455_dym9p091__Lj12p0nH_Cj2p0fF__roL8p5mm__tee_fl160um_fc12_cg1p2um__rpg1p4um,4.76071606991,6.19247843515,5.276129411603927,237.048860050158,6.024670026728766,0.3381276274483417,0.004906726409999784,0.0494910962399997,0.12587496372222873,3.6956348434493975,0.025831271698064207
NearestNeighbors,21,chip_simple_dxm5p455_dym7p273__Lj12p0nH_Cj2p0fF__roL8p5mm__tee_fl160um_fc12_cg1p2um__rpg1p4um,4.76562279632,6.24196953139,5.150254447881698,240.7444948936074,5.998838755030702,5,chip_simple_dxm8p182_dym6p364__Lj12p0nH_Cj2p0fF__roL8p5mm__tee_fl160um_fc12_cg1p2um__rpg1p4um,4.74965194892,6.20869132521,5.27103725569725,241.6389530940361,6.043633765216636,0.34988545301407703,0.01597084739999932,0.03327820617999944,0.12078280781555151,0.8944582004287156,0.04479501018593357
NearestNeighbors,21,chip_simple_dxm5p455_dym7p273__Lj12p0nH_Cj2p0fF__roL8p5mm__tee_fl160um_fc12_cg1p2um__rpg1p4um,4.76562279632,6.24196953139,5.150254447881698,240.7444948936074,5.998838755030702,6,chip_simple_dxm8p182_dy2p727__Lj12p0nH_Cj2p0fF__roL8p5mm__tee_fl160um_fc12_cg1p2um__rpg1p4um,4.74905682439,6.19457611211,5.409443262643814,242.78883490510103,6.0021454172131445,0.3730534180149076,0.016565971929999534,0.04739341927999963,0.2591888147621155,2.044340011493631,0.003306662182442466
NearestNeighbors,21,chip_simple_dxm5p455_dym7p273__Lj12p0nH_Cj2p0fF__roL8p5mm__tee_fl160um_fc12_cg1p2um__rpg1p4um,4.76562279632,6.24196953139,5.150254447881698,240.7444948936074,5.998838755030702,7,fig5_cg2p0um_rpg1p5um__Lj12p0nH_Cj0p0fF__roL8p5mm__tee_fl160um_fc12,4.77793609257,6.1977870086,5.346981281085967,236.19198761457903,5.968418975392394,0.37368412269932,0.012313296250000327,0.0441825227899999,0.1967268332042691,4.552507279028362,0.030419779638307887
NearestNeighbors,21,chip_simple_dxm5p455_dym7p273__Lj12p0nH_Cj2p0fF__roL8p5mm__tee_fl160um_fc12_cg1p2um__rpg1p4um,4.76562279632,6.24196953139,5.150254447881698,240.7444948936074,5.998838755030702,8,chip_simple_dxm9p091_dym1p818__Lj12p0nH_Cj2p0fF__roL8p5mm__tee_fl160um_fc12_cg1p2um__rpg1p4um,4.76442571482,6.22787098411,5.046186967498779,236.31743027914425,6.075829813333849,0.3962253646623191,0.0011970814999999746,0.014098547279999707,0.10406748038291891,4.4270646144631485,0.07699105830314679
NearestNeighbors,21,chip_simple_dxm5p455_dym7p273__Lj12p0nH_Cj2p0fF__roL8p5mm__tee_fl160um_fc12_cg1p2um__rpg1p4um,4.76562279632,6.24196953139,5.150254447881698,240.7444948936074,5.998838755030702,9,chip_simple_dxm10p000_dy7p273__Lj12p0nH_Cj2p0fF__roL8p5mm__tee_fl160um_fc12_cg1p2um__rpg1p4um,4.75999951361,6.22178916275,5.0841642122612,237.2013025682522,6.078326997296887,0.408012559000563,0.005623282709999344,0.02018036863999928,0.0660902356204982,3.543192325355193,0.07948824226618534
NearestNeighbors,21,chip_simple_dxm5p455_dym7p273__Lj12p0nH_Cj2p0fF__roL8p5mm__tee_fl160um_fc12_cg1p2um__rpg1p4um,4.76562279632,6.24196953139,5.150254447881698,240.7444948936074,5.998838755030702,10,chip_simple_dx6p364_dy5p455__Lj12p0nH_Cj2p0fF__roL8p5mm__tee_fl160um_fc12_cg1p2um__rpg1p4um,4.75961106113,6.17987418055,5.471624193309784,239.6637891813426,5.978039249428953,0.41050788904270485,0.006011735189999534,0.06209535083999995,0.3213697454280853,1.0807057122648018,0.020799505601749146
NearestNeighbors,22,chip_simple_dxm4p545_dym7p273__Lj12p0nH_Cj2p0fF__roL8p5mm__tee_fl160um_fc12_cg1p2um__rpg1p4um,4.7097511353,6.08178183472,5.842490033834457,242.45745720345244,5.865981699209207,1,chip_simple_dx3p636_dym10p000__Lj12p0nH_Cj2p0fF__roL8p5mm__tee_fl160um_fc12_cg1p2um__rpg1p4um,4.71703014209,6.07430842251,5.908099547199249,240.9557709371328,5.866915155687882,0.11834891428152981,0.007279006789999265,0.0074734122100004186,0.06560951336479182,1.5016862663196378,0.0009334564786751542
NearestNeighbors,22,chip_simple_dxm4p545_dym7p273__Lj12p0nH_Cj2p0fF__roL8p5mm__tee_fl160um_fc12_cg1p2um__rpg1p4um,4.7097511353,6.08178183472,5.842490033834457,242.45745720345244,5.865981699209207,2,chip_simple_dx1p818_dy4p545__Lj12p0nH_Cj2p0fF__roL8p5mm__tee_fl160um_fc12_cg1p2um__rpg1p4um,4.71625141136,6.09699178177,5.937363158708572,245.50271805823053,5.844152234649521,0.1928817425238935,0.006500276059999699,0.015209947049999784,0.09487312487411526,3.0452608547780926,0.021829464559685263
NearestNeighbors,22,chip_simple_dxm4p545_dym7p273__Lj12p0nH_Cj2p0fF__roL8p5mm__tee_fl160um_fc12_cg1p2um__rpg1p4um,4.7097511353,6.08178183472,5.842490033834457,242.45745720345244,5.865981699209207,3,chip_simple_dxm1p818_dym6p364__Lj12p0nH_Cj2p0fF__roL8p5mm__tee_fl160um_fc12_cg1p2um__rpg1p4um,4.70406131563,6.08840840714,5.839880111495972,244.66486320628528,5.829489432798142,0.2001476509080615,0.005689819670000595,0.0066265724200000875,0.0026099223384843384,2.2074060028328404,0.03649226641106473
NearestNeighbors,22,chip_simple_dxm4p545_dym7p273__Lj12p0nH_Cj2p0fF__roL8p5mm__tee_fl160um_fc12_cg1p2um__rpg1p4um,4.7097511353,6.08178183472,5.842490033834457,242.45745720345244,5.865981699209207,4,chip_simple_dx1p818_dym2p727__Lj12p0nH_Cj2p0fF__roL8p5mm__tee_fl160um_fc12_cg1p2um__rpg1p4um,4.71634435567,6.07993823183,6.091754240879059,245.7478362240464,5.8738401283262975,0.20032972173724445,0.006593220370000097,0.0018436028900001844,0.24926420704460206,3.2903790205939742,0.007858429117090893
NearestNeighbors,22,chip_simple_dxm4p545_dym7p273__Lj12p0nH_Cj2p0fF__roL8p5mm__tee_fl160um_fc12_cg1p2um__rpg1p4um,4.7097511353,6.08178183472,5.842490033834457,242.45745720345244,5.865981699209207,5,chip_simple_dxm5p455_dym4p545__Lj12p0nH_Cj2p0fF__roL8p5mm__tee_fl160um_fc12_cg1p2um__rpg1p4um,4.71287290209,6.10521129892,5.888910904247283,246.5344439765854,5.876905965021521,0.20131867558770394,0.003121766789999647,0.023429464199999472,0.04642087041282661,4.0769867731329725,0.010924265812314538
NearestNeighbors,22,chip_simple_dxm4p545_dym7p273__Lj12p0nH_Cj2p0fF__roL8p5mm__tee_fl160um_fc12_cg1p2um__rpg1p4um,4.7097511353,6.08178183472,5.842490033834457,242.45745720345244,5.865981699209207,6,chip_simple_dxm10p000_dym2p727__Lj12p0nH_Cj2p0fF__roL8p5mm__tee_fl160um_fc12_cg1p2um__rpg1p4um,4.69648610827,6.09443998851,5.715832865936279,244.495662496188,5.876106178755235,0.21124267722703594,0.013265027030000098,0.01265815378999946,0.12665716789817782,2.0382052927355687,0.01012447954602802
NearestNeighbors,22,chip_simple_dxm4p545_dym7p273__Lj12p0nH_Cj2p0fF__roL8p5mm__tee_fl160um_fc12_cg1p2um__rpg1p4um,4.7097511353,6.08178183472,5.842490033834457,242.45745720345244,5.865981699209207,7,chip_simple_dx1p818_dy8p182__Lj12p0nH_Cj2p0fF__roL8p5mm__tee_fl160um_fc12_cg1p2um__rpg1p4um,4.72017945709,6.08731558494,5.7091661056575775,238.19641006055008,5.858573926089484,0.2129591835318359,0.010428321790000084,0.005533750219999689,0.13332392817687921,4.261047142902356,0.007407773119722627
NearestNeighbors,22,chip_simple_dxm4p545_dym7p273__Lj12p0nH_Cj2p0fF__roL8p5mm__tee_fl160um_fc12_cg1p2um__rpg1p4um,4.7097511353,6.08178183472,5.842490033834457,242.45745720345244,5.865981699209207,8,chip_simple_dx3p636_dy1p818__Lj12p0nH_Cj2p0fF__roL8p5mm__tee_fl160um_fc12_cg1p2um__rpg1p4um,4.70410383857,6.10458585083,5.567014398902892,241.3514256786174,5.861681512957739,0.2166799087889765,0.005647296730000306,0.02280401611000027,0.27547563493156435,1.106031524835032,0.004300186251467331
NearestNeighbors,22,chip_simple_dxm4p545_dym7p273__Lj12p0nH_Cj2p0fF__roL8p5mm__tee_fl160um_fc12_cg1p2um__rpg1p4um,4.7097511353,6.08178183472,5.842490033834457,242.45745720345244,5.865981699209207,9,chip_simple_dx9p091_dym9p091__Lj12p0nH_Cj2p0fF__roL8p5mm__tee_fl160um_fc12_cg1p2um__rpg1p4um,4.71934786872,6.08163378867,5.753670983188629,238.5232525782091,5.841539739032603,0.21696536161303476,0.009596733419999559,0.00014804605000051652,0.08881905064582796,3.934204625243325,0.024441960176603494
NearestNeighbors,22,chip_simple_dxm4p545_dym7p273__Lj12p0nH_Cj2p0fF__roL8p5mm__tee_fl160um_fc12_cg1p2um__rpg1p4um,4.7097511353,6.08178183472,5.842490033834457,242.45745720345244,5.865981699209207,10,chip_simple_dx3p636_dy6p364__Lj12p0nH_Cj2p0fF__roL8p5mm__tee_fl160um_fc12_cg1p2um__rpg1p4um,4.70747191391,6.07732489971,6.088856940464019,247.2841235563809,5.838361767601531,0.25103579872034176,0.0022792213900002523,0.004456935010000329,0.24636690662956262,4.82666635292847,0.02761993160767595
NearestNeighbors,23,chip_simple_dxm4p545_dym1p818__Lj12p0nH_Cj2p0fF__roL8p5mm__tee_fl160um_fc12_cg1p2um__rpg1p4um,4.74292533778,5.97835964817,6.083748388401031,222.98783488414,5.742140076411933,1,chip_simple_dx9p091_dy2p727__Lj12p0nH_Cj2p0fF__roL8p5mm__tee_fl160um_fc12_cg1p2um__rpg1p4um,4.73573589761,5.98065811264,6.137298337150574,225.8565206861277,5.714952670110322,0.18464620484344238,0.0071894401700003385,0.002298464469999928,0.05354994874954233,2.8686858019877093,0.02718740630161065
NearestNeighbors,23,chip_simple_dxm4p545_dym1p818__Lj12p0nH_Cj2p0fF__roL8p5mm__tee_fl160um_fc12_cg1p2um__rpg1p4um,4.74292533778,5.97835964817,6.083748388401031,222.98783488414,5.742140076411933,2,chip_simple_dx1p818_dym9p091__Lj12p0nH_Cj2p0fF__roL8p5mm__tee_fl160um_fc12_cg1p2um__rpg1p4um,4.73395858035,5.98672827489,5.994751743192673,224.6710358694394,5.7112226948008775,0.20177143625823704,0.008966757429999639,0.008368626720000272,0.0889966452083586,1.6832009852994076,0.030917381611055283
NearestNeighbors,23,chip_simple_dxm4p545_dym1p818__Lj12p0nH_Cj2p0fF__roL8p5mm__tee_fl160um_fc12_cg1p2um__rpg1p4um,4.74292533778,5.97835964817,6.083748388401031,222.98783488414,5.742140076411933,3,chip_simple_dxm0p909_dy4p545__Lj12p0nH_Cj2p0fF__roL8p5mm__tee_fl160um_fc12_cg1p2um__rpg1p4um,4.7332354087,5.97981485633,6.195107574489593,227.38497188220632,5.728661585836097,0.21078449324870985,0.009689929080000326,0.001455208160000332,0.11135918608856166,4.3971369980663155,0.013478490575836055
NearestNeighbors,23,chip_simple_dxm4p545_dym1p818__Lj12p0nH_Cj2p0fF__roL8p5mm__tee_fl160um_fc12_cg1p2um__rpg1p4um,4.74292533778,5.97835964817,6.083748388401031,222.98783488414,5.742140076411933,4,chip_simple_dxm6p364_dy7p273__Lj12p0nH_Cj2p0fF__roL8p5mm__tee_fl160um_fc12_cg1p2um__rpg1p4um,4.74220530909,5.96110218154,6.471195480819702,227.23819529883824,5.728633425549979,0.2847044382103008,0.0007200286899999853,0.017257466629999385,0.3874470924186708,4.2503604146982354,0.013506650861954128
NearestNeighbors,23,chip_simple_dxm4p545_dym1p818__Lj12p0nH_Cj2p0fF__roL8p5mm__tee_fl160um_fc12_cg1p2um__rpg1p4um,4.74292533778,5.97835964817,6.083748388401031,222.98783488414,5.742140076411933,5,chip_simple_dxm6p364_dym7p273__Lj12p0nH_Cj2p0fF__roL8p5mm__tee_fl160um_fc12_cg1p2um__rpg1p4um,4.75005432934,6.01899043043,5.655702243776322,219.9240164763736,5.705344706711049,0.39545605434529446,0.007128991560000131,0.04063078226000005,0.4280461446247097,3.063818407766405,0.03679536970088382
NearestNeighbors,23,chip_simple_dxm4p545_dym1p818__Lj12p0nH_Cj2p0fF__roL8p5mm__tee_fl160um_fc12_cg1p2um__rpg1p4um,4.74292533778,5.97835964817,6.083748388401031,222.98783488414,5.742140076411933,6,chip_simple_dx3p636_dy10p000__Lj12p0nH_Cj2p0fF__roL8p5mm__tee_fl160um_fc12_cg1p2um__rpg1p4um,4.75276132751,6.0254162175,6.153329925121307,230.03465147640503,5.771482613463284,0.3996310702604005,0.009835989729999994,0.047056569330000464,0.06958153672027567,7.046816592265031,0.02934253705135159
NearestNeighbors,23,chip_simple_dxm4p545_dym1p818__Lj12p0nH_Cj2p0fF__roL8p5mm__tee_fl160um_fc12_cg1p2um__rpg1p4um,4.74292533778,5.97835964817,6.083748388401031,222.98783488414,5.742140076411933,7,chip_simple_dxm4p545_dy9p091__Lj12p0nH_Cj2p0fF__roL8p5mm__tee_fl160um_fc12_cg1p2um__rpg1p4um,4.73257191675,5.96883434545,5.846838404302597,219.15587205568883,5.667058133519072,0.41589183766475796,0.010353421029999588,0.009525302719999296,0.23690998409843456,3.831962828451168,0.07508194289286063
NearestNeighbors,23,chip_simple_dxm4p545_dym1p818__Lj12p0nH_Cj2p0fF__roL8p5mm__tee_fl160um_fc12_cg1p2um__rpg1p4um,4.74292533778,5.97835964817,6.083748388401031,222.98783488414,5.742140076411933,8,chip_simple_dx2p727_dy3p636__Lj12p0nH_Cj2p0fF__roL8p5mm__tee_fl160um_fc12_cg1p2um__rpg1p4um,4.74429494791,5.9687577148,6.039171265787124,220.3138057061849,5.653802310643351,0.4201087683553664,0.0013696101300002539,0.009601933369999927,0.044577122613906894,2.6740291779551058,0.08833776576858199
NearestNeighbors,23,chip_simple_dxm4p545_dym1p818__Lj12p0nH_Cj2p0fF__roL8p5mm__tee_fl160um_fc12_cg1p2um__rpg1p4um,4.74292533778,5.97835964817,6.083748388401031,222.98783488414,5.742140076411933,9,chip_simple_dxm7p273_dy10p000__Lj12p0nH_Cj2p0fF__roL8p5mm__tee_fl160um_fc12_cg1p2um__rpg1p4um,4.74112824339,6.0338985905,5.849102284322738,228.0004194267305,5.782595714641922,0.42019497895144126,0.0017970943899996428,0.05553894233000012,0.23464610407829323,5.012584542590503,0.04045563822998943
NearestNeighbors,23,chip_simple_dxm4p545_dym1p818__Lj12p0nH_Cj2p0fF__roL8p5mm__tee_fl160um_fc12_cg1p2um__rpg1p4um,4.74292533778,5.97835964817,6.083748388401031,222.98783488414,5.742140076411933,10,chip_simple_dx3p636_dym4p545__Lj12p0nH_Cj2p0fF__roL8p5mm__tee_fl160um_fc12_cg1p2um__rpg1p4um,4.73608663371,6.03725752393,5.823189326255798,229.1116188550764,5.733624292767639,0.42470949104387856,0.006838704069999757,0.058897875760000495,0.2605590621452336,6.123783970936387,0.008515783644293506
NearestNeighbors,24,chip_simple_dxm4p545_dym0p909__Lj12p0nH_Cj2p0fF__roL8p5mm__tee_fl160um_fc12_cg1p2um__rpg1p4um,4.69458502276,6.15728792637,5.449536513744354,249.05568225684863,5.917296642686106,1,chip_simple_dxm6p364_dy2p727__Lj12p0nH_Cj2p0fF__roL8p5mm__tee_fl160um_fc12_cg1p2um__rpg1p4um,4.69381999507,6.14208387603,5.425729793823242,246.2806752541244,5.919433779171552,0.1274051509606785,0.0007650276899999753,0.015204050340000386,0.023806719921111608,2.7750070027242373,0.0021371364854463337
NearestNeighbors,24,chip_simple_dxm4p545_dym0p909__Lj12p0nH_Cj2p0fF__roL8p5mm__tee_fl160um_fc12_cg1p2um__rpg1p4um,4.69458502276,6.15728792637,5.449536513744354,249.05568225684863,5.917296642686106,2,chip_simple_dxm6p364_dy10p000__Lj12p0nH_Cj2p0fF__roL8p5mm__tee_fl160um_fc12_cg1p2um__rpg1p4um,4.70012816843,6.17641107636,5.466408747419357,251.32112428887777,5.929765561427265,0.15922982757462567,0.005543145669999916,0.019123149989999533,0.016872233675003123,2.265442032029142,0.01246891874115974
NearestNeighbors,24,chip_simple_dxm4p545_dym0p909__Lj12p0nH_Cj2p0fF__roL8p5mm__tee_fl160um_fc12_cg1p2um__rpg1p4um,4.69458502276,6.15728792637,5.449536513744354,249.05568225684863,5.917296642686106,3,chip_simple_dxm9p091_dy4p545__Lj12p0nH_Cj2p0fF__roL8p5mm__tee_fl160um_fc12_cg1p2um__rpg1p4um,4.70020646758,6.16959521458,5.58720127576828,253.10207266424865,5.941758744245985,0.21627545011523455,0.005621444820000043,0.012307288209999712,0.13766476202392575,4.046390407400025,0.02446210155987938
NearestNeighbors,24,chip_simple_dxm4p545_dym0p909__Lj12p0nH_Cj2p0fF__roL8p5mm__tee_fl160um_fc12_cg1p2um__rpg1p4um,4.69458502276,6.15728792637,5.449536513744354,249.05568225684863,5.917296642686106,4,chip_simple_dxm3p636_dym6p364__Lj12p0nH_Cj2p0fF__roL8p5mm__tee_fl160um_fc12_cg1p2um__rpg1p4um,4.69919145175,6.17226446551,5.555493060129165,252.9426854633619,5.946935337018482,0.22234647004642352,0.004606428989999856,0.01497653913999919,0.10595654638481111,3.8870032065132705,0.029638694332376758
NearestNeighbors,24,chip_simple_dxm4p545_dym0p909__Lj12p0nH_Cj2p0fF__roL8p5mm__tee_fl160um_fc12_cg1p2um__rpg1p4um,4.69458502276,6.15728792637,5.449536513744354,249.05568225684863,5.917296642686106,5,chip_simple_dx1p818_dym6p364__Lj12p0nH_Cj2p0fF__roL8p5mm__tee_fl160um_fc12_cg1p2um__rpg1p4um,4.69578457731,6.12169403881,5.701926778303146,248.8868694113445,5.9202374263109245,0.2447999948096558,0.0011995545500003146,0.03559388756000015,0.2523902645587919,0.1688128455041351,0.0029407836248189767
NearestNeighbors,24,chip_simple_dxm4p545_dym0p909__Lj12p0nH_Cj2p0fF__roL8p5mm__tee_fl160um_fc12_cg1p2um__rpg1p4um,4.69458502276,6.15728792637,5.449536513744354,249.05568225684863,5.917296642686106,6,chip_simple_dxm0p909_dy9p091__Lj12p0nH_Cj2p0fF__roL8p5mm__tee_fl160um_fc12_cg1p2um__rpg1p4um,4.69371229441,6.15775711443,5.5688977525024415,252.0576475169164,5.970794629409332,0.2741982199907833,0.0008727283500000738,0.0004691880599994036,0.11936123875808757,3.0019652600677773,0.05349798672322681
NearestNeighbors,24,chip_simple_dxm4p545_dym0p909__Lj12p0nH_Cj2p0fF__roL8p5mm__tee_fl160um_fc12_cg1p2um__rpg1p4um,4.69458502276,6.15728792637,5.449536513744354,249.05568225684863,5.917296642686106,7,chip_simple_dx7p273_dym10p000__Lj12p0nH_Cj2p0fF__roL8p5mm__tee_fl160um_fc12_cg1p2um__rpg1p4um,4.71410593197,6.1449710615,5.722861017044068,249.15509170209992,5.909600201967471,0.2994130127032115,0.019520909209999715,0.012316864870000721,0.27332450329971447,0.0994094452512968,0.007696440718634179
NearestNeighbors,24,chip_simple_dxm4p545_dym0p909__Lj12p0nH_Cj2p0fF__roL8p5mm__tee_fl160um_fc12_cg1p2um__rpg1p4um,4.69458502276,6.15728792637,5.449536513744354,249.05568225684863,5.917296642686106,8,chip_simple_dx0p000_dy10p000__Lj12p0nH_Cj2p0fF__roL8p5mm__tee_fl160um_fc12_cg1p2um__rpg1p4um,4.67741845193,6.13257768703,5.642575284074783,253.24029852696432,5.911901291243499,0.31232520669585107,0.017166570829999728,0.02471023934000005,0.19303877033042927,4.184616270115697,0.005395351442606611
NearestNeighbors,24,chip_simple_dxm4p545_dym0p909__Lj12p0nH_Cj2p0fF__roL8p5mm__tee_fl160um_fc12_cg1p2um__rpg1p4um,4.69458502276,6.15728792637,5.449536513744354,249.05568225684863,5.917296642686106,9,chip_simple_dxm3p636_dy4p545__Lj12p0nH_Cj2p0fF__roL8p5mm__tee_fl160um_fc12_cg1p2um__rpg1p4um,4.71363061095,6.14572418614,5.668436658781052,248.2621666113731,5.949051840746841,0.3137666075912816,0.019045588190000018,0.011563740230000619,0.21890014503669786,0.7935156454755372,0.031755198060735346
NearestNeighbors,24,chip_simple_dxm4p545_dym0p909__Lj12p0nH_Cj2p0fF__roL8p5mm__tee_fl160um_fc12_cg1p2um__rpg1p4um,4.69458502276,6.15728792637,5.449536513744354,249.05568225684863,5.917296642686106,10,chip_simple_dxm0p909_dym0p909__Lj12p0nH_Cj2p0fF__roL8p5mm__tee_fl160um_fc12_cg1p2um__rpg1p4um,4.68632924459,6.17134248768,5.411161615444184,252.1794734270908,5.976285666069374,0.3189984538275024,0.008255778169999672,0.014054561309999158,0.03837489830016949,3.1237911702421854,0.05898902338326817
NearestNeighbors,25,chip_simple_dxm4p545_dy10p000__Lj12p0nH_Cj2p0fF__roL8p5mm__tee_fl160um_fc12_cg1p2um__rpg1p4um,4.70035054504,5.95896819038,5.994867300113678,227.0458030761218,5.61260875016549,1,chip_simple_dxm4p545_dym9p091__Lj12p0nH_Cj2p0fF__roL8p5mm__tee_fl160um_fc12_cg1p2um__rpg1p4um,4.69773021733,5.95687180339,6.086008621444702,228.9567271397228,5.6533002689778415,0.20712347059170833,0.00262032770999987,0.002096386989999921,0.09114132133102348,1.9109240636009872,0.04069151881235111
NearestNeighbors,25,chip_simple_dxm4p545_dy10p000__Lj12p0nH_Cj2p0fF__roL8p5mm__tee_fl160um_fc12_cg1p2um__rpg1p4um,4.70035054504,5.95896819038,5.994867300113678,227.0458030761218,5.61260875016549,2,chip_simple_dx8p182_dym9p091__Lj12p0nH_Cj2p0fF__roL8p5mm__tee_fl160um_fc12_cg1p2um__rpg1p4um,4.69794764375,5.92675568612,6.2352093673686975,226.629875520666,5.613791258445734,0.22720930520487578,0.0024029012899999813,0.03221250426000033,0.2403420672550194,0.4159275554558235,0.0011825082802436881
NearestNeighbors,25,chip_simple_dxm4p545_dy10p000__Lj12p0nH_Cj2p0fF__roL8p5mm__tee_fl160um_fc12_cg1p2um__rpg1p4um,4.70035054504,5.95896819038,5.994867300113678,227.0458030761218,5.61260875016549,3,chip_simple_dxm5p455_dym8p182__Lj12p0nH_Cj2p0fF__roL8p5mm__tee_fl160um_fc12_cg1p2um__rpg1p4um,4.71323634559,5.96308581689,6.014703723955154,225.4138802593673,5.645748272445109,0.23018909212942204,0.012885800550000326,0.004117626509999361,0.019836423841476325,1.6319228167545248,0.033139522279618916
NearestNeighbors,25,chip_simple_dxm4p545_dy10p000__Lj12p0nH_Cj2p0fF__roL8p5mm__tee_fl160um_fc12_cg1p2um__rpg1p4um,4.70035054504,5.95896819038,5.994867300113678,227.0458030761218,5.61260875016549,4,chip_simple_dxm5p455_dy3p636__Lj12p0nH_Cj2p0fF__roL8p5mm__tee_fl160um_fc12_cg1p2um__rpg1p4um,4.6806586803,5.94773988714,5.929093812995911,228.0843136587244,5.632615521196046,0.27575367797655714,0.019691864740000398,0.011228303240000237,0.06577348711776665,1.0385105826025836,0.02000677103055537
NearestNeighbors,25,chip_simple_dxm4p545_dy10p000__Lj12p0nH_Cj2p0fF__roL8p5mm__tee_fl160um_fc12_cg1p2um__rpg1p4um,4.70035054504,5.95896819038,5.994867300113678,227.0458030761218,5.61260875016549,5,chip_simple_dx9p091_dym6p364__Lj12p0nH_Cj2p0fF__roL8p5mm__tee_fl160um_fc12_cg1p2um__rpg1p4um,4.69330723701,5.96815675403,5.833106887407302,226.8800540792516,5.674148599783987,0.314082831118013,0.007043308030000084,0.009188563649999537,0.16176041270637587,0.1657489968702066,0.061539849618496234
NearestNeighbors,25,chip_simple_dxm4p545_dy10p000__Lj12p0nH_Cj2p0fF__roL8p5mm__tee_fl160um_fc12_cg1p2um__rpg1p4um,4.70035054504,5.95896819038,5.994867300113678,227.0458030761218,5.61260875016549,6,chip_simple_dxm10p000_dy5p455__Lj12p0nH_Cj2p0fF__roL8p5mm__tee_fl160um_fc12_cg1p2um__rpg1p4um,4.68450586588,5.93930419909,6.332968150115967,233.56816593343532,5.606035397677945,0.3696438708288667,0.015844679159999764,0.01966399128999985,0.33810085000228884,6.52236285731351,0.006573352487545314
NearestNeighbors,25,chip_simple_dxm4p545_dy10p000__Lj12p0nH_Cj2p0fF__roL8p5mm__tee_fl160um_fc12_cg1p2um__rpg1p4um,4.70035054504,5.95896819038,5.994867300113678,227.0458030761218,5.61260875016549,7,chip_simple_dx0p000_dy3p636__Lj12p0nH_Cj2p0fF__roL8p5mm__tee_fl160um_fc12_cg1p2um__rpg1p4um,4.70597831203,5.97410979195,6.13302826451683,230.9917126460824,5.688203723513988,0.39532161639988345,0.005627766990000005,0.015141601569999885,0.13816096440315206,3.945909569960577,0.07559497334849752
NearestNeighbors,25,chip_simple_dxm4p545_dy10p000__Lj12p0nH_Cj2p0fF__roL8p5mm__tee_fl160um_fc12_cg1p2um__rpg1p4um,4.70035054504,5.95896819038,5.994867300113678,227.0458030761218,5.61260875016549,8,chip_simple_dx1p818_dym1p818__Lj12p0nH_Cj2p0fF__roL8p5mm__tee_fl160um_fc12_cg1p2um__rpg1p4um,4.72149319155,6.00383369896,5.970341072605133,229.6082734110952,5.650635763318174,0.4135513796599569,0.02114264650999953,0.044865508580000046,0.024526227508545162,2.5624703349733977,0.038027013152683864
NearestNeighbors,25,chip_simple_dxm4p545_dy10p000__Lj12p0nH_Cj2p0fF__roL8p5mm__tee_fl160um_fc12_cg1p2um__rpg1p4um,4.70035054504,5.95896819038,5.994867300113678,227.0458030761218,5.61260875016549,9,chip_simple_dxm0p909_dym3p636__Lj12p0nH_Cj2p0fF__roL8p5mm__tee_fl160um_fc12_cg1p2um__rpg1p4um,4.69601117989,5.93903014075,6.353685933414459,231.5134236977928,5.684249526032748,0.43225823134699576,0.004339365149999885,0.019938049630000343,0.358818633300781,4.467620621670989,0.07164077586725792
NearestNeighbors,25,chip_simple_dxm4p545_dy10p000__Lj12p0nH_Cj2p0fF__roL8p5mm__tee_fl160um_fc12_cg1p2um__rpg1p4um,4.70035054504,5.95896819038,5.994867300113678,227.0458030761218,5.61260875016549,10,chip_simple_dx3p636_dy0p000__Lj12p0nH_Cj2p0fF__roL8p5mm__tee_fl160um_fc12_cg1p2um__rpg1p4um,4.70882035794,5.9422654803,6.4021899407176965,229.9937839696689,5.689626408771035,0.4554242398204108,0.008469812899999596,0.01670271008000057,0.40732264060401846,2.947980893547083,0.07701765860554488
NearestNeighbors,26,chip_simple_dxm2p727_dym10p000__Lj12p0nH_Cj2p0fF__roL8p5mm__tee_fl160um_fc12_cg1p2um__rpg1p4um,4.75122729983,6.105353526,5.623504064191818,232.89882366879075,5.88978910347455,1,chip_simple_dxm6p364_dy5p455__Lj12p0nH_Cj2p0fF__roL8p5mm__tee_fl160um_fc12_cg1p2um__rpg1p4um,4.74714722938,6.10190388125,5.5239915411624905,230.99470980116783,5.886184494438364,0.10242219850619935,0.004080070449999695,0.0034496447499998695,0.09951252302932723,1.9041138676229252,0.0036046090361860905
NearestNeighbors,26,chip_simple_dxm2p727_dym10p000__Lj12p0nH_Cj2p0fF__roL8p5mm__tee_fl160um_fc12_cg1p2um__rpg1p4um,4.75122729983,6.105353526,5.623504064191818,232.89882366879075,5.88978910347455,2,chip_simple_dx9p091_dym3p636__Lj12p0nH_Cj2p0fF__roL8p5mm__tee_fl160um_fc12_cg1p2um__rpg1p4um,4.74768350608,6.11192641656,5.676827084125518,235.79656019646745,5.912170509194911,0.1557610406119143,0.003543793750000468,0.006572890560000211,0.0533230199337007,2.897736527676699,0.022381405720360625
NearestNeighbors,26,chip_simple_dxm2p727_dym10p000__Lj12p0nH_Cj2p0fF__roL8p5mm__tee_fl160um_fc12_cg1p2um__rpg1p4um,4.75122729983,6.105353526,5.623504064191818,232.89882366879075,5.88978910347455,3,chip_simple_dx2p727_dy5p455__Lj12p0nH_Cj2p0fF__roL8p5mm__tee_fl160um_fc12_cg1p2um__rpg1p4um,4.74208651799,6.09436211613,5.726268231283187,235.1566146380877,5.880473450765719,0.1668488327892701,0.009140781840000223,0.010991409869999913,0.10276416709136971,2.2577909692969342,0.009315652708830946
NearestNeighbors,26,chip_simple_dxm2p727_dym10p000__Lj12p0nH_Cj2p0fF__roL8p5mm__tee_fl160um_fc12_cg1p2um__rpg1p4um,4.75122729983,6.105353526,5.623504064191818,232.89882366879075,5.88978910347455,4,chip_simple_dxm2p727_dy1p818__Lj12p0nH_Cj2p0fF__roL8p5mm__tee_fl160um_fc12_cg1p2um__rpg1p4um,4.74603018436,6.11585771515,5.539317374271392,233.78375966019303,5.921034401913258,0.1772119209511826,0.00519711546999968,0.010504189149999732,0.08418668992042555,0.8849359914022727,0.031245298438707714
NearestNeighbors,26,chip_simple_dxm2p727_dym10p000__Lj12p0nH_Cj2p0fF__roL8p5mm__tee_fl160um_fc12_cg1p2um__rpg1p4um,4.75122729983,6.105353526,5.623504064191818,232.89882366879075,5.88978910347455,5,chip_simple_dxm7p273_dy5p455__Lj12p0nH_Cj2p0fF__roL8p5mm__tee_fl160um_fc12_cg1p2um__rpg1p4um,4.75652798608,6.12426292642,5.515357702396392,232.49421244469767,5.917856707186027,0.1898236116788167,0.00530068625000002,0.01890940042000011,0.10814636179542614,0.40461122409308814,0.02806760371147643
NearestNeighbors,26,chip_simple_dxm2p727_dym10p000__Lj12p0nH_Cj2p0fF__roL8p5mm__tee_fl160um_fc12_cg1p2um__rpg1p4um,4.75122729983,6.105353526,5.623504064191818,232.89882366879075,5.88978910347455,6,chip_simple_dx5p455_dy10p000__Lj12p0nH_Cj2p0fF__roL8p5mm__tee_fl160um_fc12_cg1p2um__rpg1p4um,4.76274116066,6.11721103757,5.712053706623077,234.31572975750703,5.908680685836695,0.19372041366191775,0.011513860830000056,0.011857511569999701,0.08854964243125973,1.4169060887162743,0.018891582362145165
NearestNeighbors,26,chip_simple_dxm2p727_dym10p000__Lj12p0nH_Cj2p0fF__roL8p5mm__tee_fl160um_fc12_cg1p2um__rpg1p4um,4.75122729983,6.105353526,5.623504064191818,232.89882366879075,5.88978910347455,7,chip_simple_dx0p000_dy4p545__Lj12p0nH_Cj2p0fF__roL8p5mm__tee_fl160um_fc12_cg1p2um__rpg1p4um,4.75286142116,6.08882350457,5.892952473888397,235.49238786023307,5.8850993721358345,0.1998216886192279,0.0016341213300004043,0.016530021430000374,0.26944840969657946,2.5935641914423115,0.004689731338715752
NearestNeighbors,26,chip_simple_dxm2p727_dym10p000__Lj12p0nH_Cj2p0fF__roL8p5mm__tee_fl160um_fc12_cg1p2um__rpg1p4um,4.75122729983,6.105353526,5.623504064191818,232.89882366879075,5.88978910347455,8,chip_simple_dx8p182_dy2p727__Lj12p0nH_Cj2p0fF__roL8p5mm__tee_fl160um_fc12_cg1p2um__rpg1p4um,4.74852684297,6.13036381413,5.567534519544601,236.22808127869936,5.910382801372927,0.20739110215617923,0.002700456860000422,0.025010288129999836,0.055969544647216374,3.329257609908609,0.020593697898377172
NearestNeighbors,26,chip_simple_dxm2p727_dym10p000__Lj12p0nH_Cj2p0fF__roL8p5mm__tee_fl160um_fc12_cg1p2um__rpg1p4um,4.75122729983,6.105353526,5.623504064191818,232.89882366879075,5.88978910347455,9,chip_simple_dx8p182_dy3p636__Lj12p0nH_Cj2p0fF__roL8p5mm__tee_fl160um_fc12_cg1p2um__rpg1p4um,4.74833115983,6.10316137397,5.395294238792419,228.2050160306239,5.868324301832488,0.22918733373752437,0.002896139999999825,0.0021921520300001163,0.22820982539939827,4.693807638166845,0.021464801642061992
NearestNeighbors,26,chip_simple_dxm2p727_dym10p000__Lj12p0nH_Cj2p0fF__roL8p5mm__tee_fl160um_fc12_cg1p2um__rpg1p4um,4.75122729983,6.105353526,5.623504064191818,232.89882366879075,5.88978910347455,10,chip_simple_dxm2p727_dy4p545__Lj12p0nH_Cj2p0fF__roL8p5mm__tee_fl160um_fc12_cg1p2um__rpg1p4um,4.75153648539,6.12686754084,5.701167658432007,237.858845654832,5.866682937277906,0.23518592074338351,0.0003091855599999249,0.02151401484000015,0.07766359424018887,4.960021986041255,0.023106166196644295
NearestNeighbors,27,chip_simple_dxm2p727_dym9p091__Lj12p0nH_Cj2p0fF__roL8p5mm__tee_fl160um_fc12_cg1p2um__rpg1p4um,4.72015103762,6.02686116111,5.63770322990036,227.05641480493912,5.701718662415321,1,chip_simple_dx0p000_dym2p727__Lj12p0nH_Cj2p0fF__roL8p5mm__tee_fl160um_fc12_cg1p2um__rpg1p4um,4.72308106304,6.01925382396,5.781981496412277,228.09975736372985,5.690176383635383,0.11736529494752898,0.002930025420000426,0.007607337150000504,0.14427826651191644,1.0433425587907266,0.011542278779938187
NearestNeighbors,27,chip_simple_dxm2p727_dym9p091__Lj12p0nH_Cj2p0fF__roL8p5mm__tee_fl160um_fc12_cg1p2um__rpg1p4um,4.72015103762,6.02686116111,5.63770322990036,227.05641480493912,5.701718662415321,2,chip_simple_dx1p818_dym10p000__Lj12p0nH_Cj2p0fF__roL8p5mm__tee_fl160um_fc12_cg1p2um__rpg1p4um,4.71825339915,6.0249810499,5.668253818870544,227.73903094203945,5.741519544932768,0.18686711363727251,0.0018976384700000182,0.0018801112100002015,0.03055058897018359,0.6826161371003252,0.03980088251744629
NearestNeighbors,27,chip_simple_dxm2p727_dym9p091__Lj12p0nH_Cj2p0fF__roL8p5mm__tee_fl160um_fc12_cg1p2um__rpg1p4um,4.72015103762,6.02686116111,5.63770322990036,227.05641480493912,5.701718662415321,3,chip_simple_dxm0p909_dy7p273__Lj12p0nH_Cj2p0fF__roL8p5mm__tee_fl160um_fc12_cg1p2um__rpg1p4um,4.70613110667,5.99730794943,5.718138606563568,226.7890078045864,5.726349608257517,0.2702033174303085,0.014019930949999981,0.02955321168000058,0.08043537666320777,0.26740700035273335,0.02463094584219583
NearestNeighbors,27,chip_simple_dxm2p727_dym9p091__Lj12p0nH_Cj2p0fF__roL8p5mm__tee_fl160um_fc12_cg1p2um__rpg1p4um,4.72015103762,6.02686116111,5.63770322990036,227.05641480493912,5.701718662415321,4,chip_simple_dx3p636_dym4p545__Lj12p0nH_Cj2p0fF__roL8p5mm__tee_fl160um_fc12_cg1p2um__rpg1p4um,4.73608663371,6.03725752393,5.823189326255798,229.1116188550764,5.733624292767639,0.2837154852088313,0.01593559609000028,0.010396362819999894,0.18548609635543745,2.055204050137263,0.03190563035231797
NearestNeighbors,27,chip_simple_dxm2p727_dym9p091__Lj12p0nH_Cj2p0fF__roL8p5mm__tee_fl160um_fc12_cg1p2um__rpg1p4um,4.72015103762,6.02686116111,5.63770322990036,227.05641480493912,5.701718662415321,5,chip_simple_dx1p818_dy7p273__Lj12p0nH_Cj2p0fF__roL8p5mm__tee_fl160um_fc12_cg1p2um__rpg1p4um,4.70826655373,5.99263086685,5.863451439090729,228.39791043317305,5.715696208117421,0.2844382057841699,0.011884483890000297,0.03423029426000035,0.22574820919036842,1.341495628233929,0.01397754570210008
NearestNeighbors,27,chip_simple_dxm2p727_dym9p091__Lj12p0nH_Cj2p0fF__roL8p5mm__tee_fl160um_fc12_cg1p2um__rpg1p4um,4.72015103762,6.02686116111,5.63770322990036,227.05641480493912,5.701718662415321,6,chip_simple_dxm3p636_dy8p182__Lj12p0nH_Cj2p0fF__roL8p5mm__tee_fl160um_fc12_cg1p2um__rpg1p4um,4.73729832468,6.03809876203,5.615429738752365,224.8091277096963,5.742262433762976,0.3013004706116085,0.017147287060000238,0.01123760091999948,0.022273491147995372,2.247287095242825,0.040543771347654634
NearestNeighbors,27,chip_simple_dxm2p727_dym9p091__Lj12p0nH_Cj2p0fF__roL8p5mm__tee_fl160um_fc12_cg1p2um__rpg1p4um,4.72015103762,6.02686116111,5.63770322990036,227.05641480493912,5.701718662415321,7,chip_simple_dxm3p636_dy0p000__Lj12p0nH_Cj2p0fF__roL8p5mm__tee_fl160um_fc12_cg1p2um__rpg1p4um,4.70838073554,5.99696765617,5.903114487281799,229.85254512138803,5.729679412558419,0.3117266636072539,0.011770302080000405,0.029893504940000426,0.2654112573814391,2.7961303164489095,0.027960750143098068
NearestNeighbors,27,chip_simple_dxm2p727_dym9p091__Lj12p0nH_Cj2p0fF__roL8p5mm__tee_fl160um_fc12_cg1p2um__rpg1p4um,4.72015103762,6.02686116111,5.63770322990036,227.05641480493912,5.701718662415321,8,chip_simple_dx1p818_dym1p818__Lj12p0nH_Cj2p0fF__roL8p5mm__tee_fl160um_fc12_cg1p2um__rpg1p4um,4.72149319155,6.00383369896,5.970341072605133,229.6082734110952,5.650635763318174,0.3378706023700024,0.00134215392999959,0.023027462149999955,0.3326378427047727,2.551858606156088,0.05108289909714703
NearestNeighbors,27,chip_simple_dxm2p727_dym9p091__Lj12p0nH_Cj2p0fF__roL8p5mm__tee_fl160um_fc12_cg1p2um__rpg1p4um,4.72015103762,6.02686116111,5.63770322990036,227.05641480493912,5.701718662415321,9,chip_simple_dxm3p636_dym4p545__Lj12p0nH_Cj2p0fF__roL8p5mm__tee_fl160um_fc12_cg1p2um__rpg1p4um,4.74235488793,6.04534109441,5.723736058847427,227.1294815057925,5.7373862078713325,0.34273457206114843,0.022203850310000384,0.018479933300000084,0.08603282894706688,0.07306670085338851,0.03566754545601114
NearestNeighbors,27,chip_simple_dxm2p727_dym9p091__Lj12p0nH_Cj2p0fF__roL8p5mm__tee_fl160um_fc12_cg1p2um__rpg1p4um,4.72015103762,6.02686116111,5.63770322990036,227.05641480493912,5.701718662415321,10,chip_simple_dx1p818_dym9p091__Lj12p0nH_Cj2p0fF__roL8p5mm__tee_fl160um_fc12_cg1p2um__rpg1p4um,4.73395858035,5.98672827489,5.994751743192673,224.6710358694394,5.7112226948008775,0.3587495286571105,0.0138075427300004,0.04013288622000033,0.35704851329231246,2.385378935499716,0.009504032385556194
NearestNeighbors,28,chip_simple_dxm2p727_dym6p364__Lj12p0nH_Cj2p0fF__roL8p5mm__tee_fl160um_fc12_cg1p2um__rpg1p4um,4.60341040304,5.94990007975,6.526389731407165,257.4646182502716,5.655704714947341,1,chip_simple_dxm3p636_dy9p091__Lj12p0nH_Cj2p0fF__roL8p5mm__tee_fl160um_fc12_cg1p2um__rpg1p4um,4.62084919539,5.95705478637,6.328790958219528,250.74156710024863,5.650228638303578,0.336877021865022,0.01743879235000012,0.007154706619999729,0.19759877318763674,6.723051150022968,0.00547607664376315
NearestNeighbors,28,chip_simple_dxm2p727_dym6p364__Lj12p0nH_Cj2p0fF__roL8p5mm__tee_fl160um_fc12_cg1p2um__rpg1p4um,4.60341040304,5.94990007975,6.526389731407165,257.4646182502716,5.655704714947341,2,chip_simple_dxm2p727_dy7p273__Lj12p0nH_Cj2p0fF__roL8p5mm__tee_fl160um_fc12_cg1p2um__rpg1p4um,4.64565792942,5.94593779992,6.813675192602157,252.5467836425057,5.640825470466488,0.5829024447059737,0.04224752638000062,0.003962279829999638,0.2872854611949922,4.917834607765911,0.014879244480852982
NearestNeighbors,28,chip_simple_dxm2p727_dym6p364__Lj12p0nH_Cj2p0fF__roL8p5mm__tee_fl160um_fc12_cg1p2um__rpg1p4um,4.60341040304,5.94990007975,6.526389731407165,257.4646182502716,5.655704714947341,3,chip_simple_dxm10p000_dy3p636__Lj12p0nH_Cj2p0fF__roL8p5mm__tee_fl160um_fc12_cg1p2um__rpg1p4um,4.6418768344,5.98369428669,6.249091382169723,249.1251595778436,5.676013980362334,0.6165075730235966,0.03846643135999983,0.03379420693999968,0.2772983492374417,8.339458672428009,0.02030926541499234
NearestNeighbors,28,chip_simple_dxm2p727_dym6p364__Lj12p0nH_Cj2p0fF__roL8p5mm__tee_fl160um_fc12_cg1p2um__rpg1p4um,4.60341040304,5.94990007975,6.526389731407165,257.4646182502716,5.655704714947341,4,chip_simple_dx5p455_dy7p273__Lj12p0nH_Cj2p0fF__roL8p5mm__tee_fl160um_fc12_cg1p2um__rpg1p4um,4.63016259455,5.90653520192,7.5051360739383695,261.5882571358774,5.619886396297611,0.7214557364180536,0.026752191509999967,0.043364877830000204,0.9787463425312044,4.123638885605828,0.03581831864973051
NearestNeighbors,28,chip_simple_dxm2p727_dym6p364__Lj12p0nH_Cj2p0fF__roL8p5mm__tee_fl160um_fc12_cg1p2um__rpg1p4um,4.60341040304,5.94990007975,6.526389731407165,257.4646182502716,5.655704714947341,5,chip_simple_dx4p545_dy0p909__Lj12p0nH_Cj2p0fF__roL8p5mm__tee_fl160um_fc12_cg1p2um__rpg1p4um,4.64954724763,5.93861749966,6.834223768831253,250.81131158321867,5.575584422923479,0.7447734238790413,0.04613684459000034,0.011282580089999605,0.30783403742408755,6.653306667052931,0.08012029202386195
NearestNeighbors,28,chip_simple_dxm2p727_dym6p364__Lj12p0nH_Cj2p0fF__roL8p5mm__tee_fl160um_fc12_cg1p2um__rpg1p4um,4.60341040304,5.94990007975,6.526389731407165,257.4646182502716,5.655704714947341,6,chip_simple_dx4p545_dym2p727__Lj12p0nH_Cj2p0fF__roL8p5mm__tee_fl160um_fc12_cg1p2um__rpg1p4um,4.61269243006,6.02903831277,6.513506029554367,269.0501313175289,5.767352914265127,0.788969604234495,0.00928202702000025,0.07913823302000011,0.012883701852797635,11.585513067257295,0.11164819931778602
NearestNeighbors,28,chip_simple_dxm2p727_dym6p364__Lj12p0nH_Cj2p0fF__roL8p5mm__tee_fl160um_fc12_cg1p2um__rpg1p4um,4.60341040304,5.94990007975,6.526389731407165,257.4646182502716,5.655704714947341,7,chip_simple_dx3p636_dym1p818__Lj12p0nH_Cj2p0fF__roL8p5mm__tee_fl160um_fc12_cg1p2um__rpg1p4um,4.64263027066,6.04873906928,5.965470440525055,254.1147038644968,5.708747532691113,0.8468746078001743,0.03921986761999996,0.09883898952999992,0.5609192908821097,3.3499143857748095,0.05304281774377184
NearestNeighbors,28,chip_simple_dxm2p727_dym6p364__Lj12p0nH_Cj2p0fF__roL8p5mm__tee_fl160um_fc12_cg1p2um__rpg1p4um,4.60341040304,5.94990007975,6.526389731407165,257.4646182502716,5.655704714947341,8,chip_simple_dxm10p000_dym1p818__Lj12p0nH_Cj2p0fF__roL8p5mm__tee_fl160um_fc12_cg1p2um__rpg1p4um,4.65858122614,6.01234045492,6.319054457366943,251.70355065904783,5.749348826520186,0.9146945615718652,0.0551708231000001,0.06244037517000045,0.20733527404022212,5.761067591223764,0.09364411157284458
NearestNeighbors,28,chip_simple_dxm2p727_dym6p364__Lj12p0nH_Cj2p0fF__roL8p5mm__tee_fl160um_fc12_cg1p2um__rpg1p4um,4.60341040304,5.94990007975,6.526389731407165,257.4646182502716,5.655704714947341,9,chip_simple_dxm5p455_dy0p000__Lj12p0nH_Cj2p0fF__roL8p5mm__tee_fl160um_fc12_cg1p2um__rpg1p4um,4.65565922761,5.90826363148,7.568158031253814,256.87142805930426,5.620050825837231,0.9244208598110624,0.05224882457000035,0.04163644827000024,1.041768299846649,0.5931901909673343,0.035653889110110804
NearestNeighbors,28,chip_simple_dxm2p727_dym6p364__Lj12p0nH_Cj2p0fF__roL8p5mm__tee_fl160um_fc12_cg1p2um__rpg1p4um,4.60341040304,5.94990007975,6.526389731407165,257.4646182502716,5.655704714947341,10,chip_simple_dxm4p545_dy0p909__Lj12p0nH_Cj2p0fF__roL8p5mm__tee_fl160um_fc12_cg1p2um__rpg1p4um,4.66753639778,5.99187167802,6.510056455795287,249.924203814837,5.720749090470385,0.9252438621753796,0.06412599474000036,0.041971598269999966,0.016333275611877696,7.540414435434599,0.06504437552304321
NearestNeighbors,29,chip_simple_dxm2p727_dym4p545__Lj12p0nH_Cj2p0fF__roL8p5mm__tee_fl160um_fc12_cg1p2um__rpg1p4um,4.74980651086,6.09022137188,5.5267328888435365,228.6746087658278,5.875417349924537,1,chip_simple_dx8p182_dy3p636__Lj12p0nH_Cj2p0fF__roL8p5mm__tee_fl160um_fc12_cg1p2um__rpg1p4um,4.74833115983,6.10316137397,5.395294238792419,228.2050160306239,5.868324301832488,0.11098496646245386,0.0014753510299998496,0.01294000208999968,0.1314386500511171,0.46959273520388933,0.007093048092048804
NearestNeighbors,29,chip_simple_dxm2p727_dym4p545__Lj12p0nH_Cj2p0fF__roL8p5mm__tee_fl160um_fc12_cg1p2um__rpg1p4um,4.74980651086,6.09022137188,5.5267328888435365,228.6746087658278,5.875417349924537,2,chip_simple_dxm6p364_dy5p455__Lj12p0nH_Cj2p0fF__roL8p5mm__tee_fl160um_fc12_cg1p2um__rpg1p4um,4.74714722938,6.10190388125,5.5239915411624905,230.99470980116783,5.886184494438364,0.11778113485427208,0.00265928147999972,0.011682509369999927,0.002741347681046058,2.3201010353400306,0.010767144513827098
NearestNeighbors,29,chip_simple_dxm2p727_dym4p545__Lj12p0nH_Cj2p0fF__roL8p5mm__tee_fl160um_fc12_cg1p2um__rpg1p4um,4.74980651086,6.09022137188,5.5267328888435365,228.6746087658278,5.875417349924537,3,chip_simple_dxm10p000_dym5p455__Lj12p0nH_Cj2p0fF__roL8p5mm__tee_fl160um_fc12_cg1p2um__rpg1p4um,4.74663028203,6.09244739086,5.497690521795272,229.06180088997965,5.833596212181217,0.19768535622407352,0.0031762288300001273,0.0022260189800000774,0.02904236704826424,0.3871921241518521,0.04182113774332041
NearestNeighbors,29,chip_simple_dxm2p727_dym4p545__Lj12p0nH_Cj2p0fF__roL8p5mm__tee_fl160um_fc12_cg1p2um__rpg1p4um,4.74980651086,6.09022137188,5.5267328888435365,228.6746087658278,5.875417349924537,4,chip_simple_dx0p909_dym7p273__Lj12p0nH_Cj2p0fF__roL8p5mm__tee_fl160um_fc12_cg1p2um__rpg1p4um,4.7614879753,6.08901350731,5.709311675077438,229.9700636116568,5.849530220387646,0.21937320973950122,0.011681464439999623,0.0012078645700004387,0.18257878623390145,1.2954548458289992,0.02588712953689143
NearestNeighbors,29,chip_simple_dxm2p727_dym4p545__Lj12p0nH_Cj2p0fF__roL8p5mm__tee_fl160um_fc12_cg1p2um__rpg1p4um,4.74980651086,6.09022137188,5.5267328888435365,228.6746087658278,5.875417349924537,5,chip_simple_dx7p273_dym2p727__Lj12p0nH_Cj2p0fF__roL8p5mm__tee_fl160um_fc12_cg1p2um__rpg1p4um,4.75484668771,6.06921513477,5.718313435150146,228.27848180607165,5.844076080583877,0.22408719320090026,0.005040176849999689,0.021006237109999937,0.1915805463066098,0.3961269597561454,0.03134126934066028
NearestNeighbors,29,chip_simple_dxm2p727_dym4p545__Lj12p0nH_Cj2p0fF__roL8p5mm__tee_fl160um_fc12_cg1p2um__rpg1p4um,4.74980651086,6.09022137188,5.5267328888435365,228.6746087658278,5.875417349924537,6,chip_simple_dxm8p182_dy7p273__Lj12p0nH_Cj2p0fF__roL8p5mm__tee_fl160um_fc12_cg1p2um__rpg1p4um,4.73980994773,6.11492139787,5.370422379964828,231.42365600136029,5.863101959116468,0.23268293863805672,0.009996563129999636,0.024700025989999652,0.15631050887870845,2.749047235532487,0.01231539080806865
NearestNeighbors,29,chip_simple_dxm2p727_dym4p545__Lj12p0nH_Cj2p0fF__roL8p5mm__tee_fl160um_fc12_cg1p2um__rpg1p4um,4.74980651086,6.09022137188,5.5267328888435365,228.6746087658278,5.875417349924537,7,chip_simple_dx0p909_dym1p818__Lj12p0nH_Cj2p0fF__roL8p5mm__tee_fl160um_fc12_cg1p2um__rpg1p4um,4.74382125763,6.0716485122,5.499687352653504,226.4433546572846,5.834878033029041,0.23848232034893008,0.005985253230000431,0.018572859679999887,0.027045536190032138,2.2312541085431974,0.04053931689549639
NearestNeighbors,29,chip_simple_dxm2p727_dym4p545__Lj12p0nH_Cj2p0fF__roL8p5mm__tee_fl160um_fc12_cg1p2um__rpg1p4um,4.74980651086,6.09022137188,5.5267328888435365,228.6746087658278,5.875417349924537,8,chip_simple_dxm1p818_dym8p182__Lj12p0nH_Cj2p0fF__roL8p5mm__tee_fl160um_fc12_cg1p2um__rpg1p4um,4.74798045488,6.11757693515,5.274850255846023,227.969236976316,5.908298446157694,0.2592344955607926,0.00182605597999963,0.02735556326999955,0.25188263299751323,0.705371789511787,0.03288109623315716
NearestNeighbors,29,chip_simple_dxm2p727_dym4p545__Lj12p0nH_Cj2p0fF__roL8p5mm__tee_fl160um_fc12_cg1p2um__rpg1p4um,4.74980651086,6.09022137188,5.5267328888435365,228.6746087658278,5.875417349924537,9,chip_simple_dx6p364_dy10p000__Lj12p0nH_Cj2p0fF__roL8p5mm__tee_fl160um_fc12_cg1p2um__rpg1p4um,4.76637826198,6.09129636663,5.637318817792893,227.8240871059492,5.906826600514835,0.26230538732376424,0.016571751119999867,0.0010749947499997248,0.11058592894935604,0.8505216598786092,0.031409250590297866
NearestNeighbors,29,chip_simple_dxm2p727_dym4p545__Lj12p0nH_Cj2p0fF__roL8p5mm__tee_fl160um_fc12_cg1p2um__rpg1p4um,4.74980651086,6.09022137188,5.5267328888435365,228.6746087658278,5.875417349924537,10,chip_simple_dxm5p455_dy1p818__Lj12p0nH_Cj2p0fF__roL8p5mm__tee_fl160um_fc12_cg1p2um__rpg1p4um,4.7432212798,6.12396808672,5.238211283826828,229.0696122487726,5.878910838755778,0.2626014759626397,0.006585231059999863,0.03374671483999947,0.2885216050167081,0.39500348294478727,0.0034934888312410095
NearestNeighbors,30,chip_simple_dxm2p727_dym0p909__Lj12p0nH_Cj2p0fF__roL8p5mm__tee_fl160um_fc12_cg1p2um__rpg1p4um,4.67072704929,6.033110391,6.3982936910362245,254.17679291960144,5.72023740726515,1,chip_simple_dxm3p636_dym2p727__Lj12p0nH_Cj2p0fF__roL8p5mm__tee_fl160um_fc12_cg1p2um__rpg1p4um,4.67568933524,6.05467155576,6.318260186975479,255.19867414634712,5.7406067779067245,0.1739825987654196,0.004962285950000478,0.021561164759999585,0.08003350406074539,1.021881226745677,0.020369370641574847
NearestNeighbors,30,chip_simple_dxm2p727_dym0p909__Lj12p0nH_Cj2p0fF__roL8p5mm__tee_fl160um_fc12_cg1p2um__rpg1p4um,4.67072704929,6.033110391,6.3982936910362245,254.17679291960144,5.72023740726515,2,chip_simple_dx1p818_dym4p545__Lj12p0nH_Cj2p0fF__roL8p5mm__tee_fl160um_fc12_cg1p2um__rpg1p4um,4.67611044409,6.03156277056,6.628282534339904,257.2605786746093,5.725714977797822,0.18094014989468377,0.005383394799999941,0.0015476204400002302,0.22998884330367986,3.0837857550078525,0.005477570532672615
NearestNeighbors,30,chip_simple_dxm2p727_dym0p909__Lj12p0nH_Cj2p0fF__roL8p5mm__tee_fl160um_fc12_cg1p2um__rpg1p4um,4.67072704929,6.033110391,6.3982936910362245,254.17679291960144,5.72023740726515,3,chip_simple_dx6p364_dym8p182__Lj12p0nH_Cj2p0fF__roL8p5mm__tee_fl160um_fc12_cg1p2um__rpg1p4um,4.68289685799,6.03950968128,6.342246218194961,251.4677802258079,5.7350158185845,0.19618256537634726,0.012169808700000395,0.006399290280000081,0.056047472841263435,2.7090126937935395,0.01477841131935076
NearestNeighbors,30,chip_simple_dxm2p727_dym0p909__Lj12p0nH_Cj2p0fF__roL8p5mm__tee_fl160um_fc12_cg1p2um__rpg1p4um,4.67072704929,6.033110391,6.3982936910362245,254.17679291960144,5.72023740726515,4,chip_simple_dxm10p000_dym1p818__Lj12p0nH_Cj2p0fF__roL8p5mm__tee_fl160um_fc12_cg1p2um__rpg1p4um,4.65858122614,6.01234045492,6.319054457366943,251.70355065904783,5.749348826520186,0.2517987986378335,0.012145823150000012,0.020769936079999773,0.07923923366928154,2.4732422605536044,0.029111419255036353
NearestNeighbors,30,chip_simple_dxm2p727_dym0p909__Lj12p0nH_Cj2p0fF__roL8p5mm__tee_fl160um_fc12_cg1p2um__rpg1p4um,4.67072704929,6.033110391,6.3982936910362245,254.17679291960144,5.72023740726515,5,chip_simple_dx10p000_dy7p273__Lj12p0nH_Cj2p0fF__roL8p5mm__tee_fl160um_fc12_cg1p2um__rpg1p4um,4.66101955519,6.03694119202,6.148507254526138,251.85392058988865,5.756378365268905,0.26208781012922394,0.009707494099999714,0.0038308010199994413,0.24978643651008614,2.3228723297127942,0.03614095800375505
NearestNeighbors,30,chip_simple_dxm2p727_dym0p909__Lj12p0nH_Cj2p0fF__roL8p5mm__tee_fl160um_fc12_cg1p2um__rpg1p4um,4.67072704929,6.033110391,6.3982936910362245,254.17679291960144,5.72023740726515,6,chip_simple_dxm4p545_dy0p909__Lj12p0nH_Cj2p0fF__roL8p5mm__tee_fl160um_fc12_cg1p2um__rpg1p4um,4.66753639778,5.99187167802,6.510056455795287,249.924203814837,5.720749090470385,0.28063983288549715,0.0031906515099997534,0.04123871298000026,0.11176276475906288,4.252589104764439,0.0005116832052349807
NearestNeighbors,30,chip_simple_dxm2p727_dym0p909__Lj12p0nH_Cj2p0fF__roL8p5mm__tee_fl160um_fc12_cg1p2um__rpg1p4um,4.67072704929,6.033110391,6.3982936910362245,254.17679291960144,5.72023740726515,7,chip_simple_dx1p818_dym0p909__Lj12p0nH_Cj2p0fF__roL8p5mm__tee_fl160um_fc12_cg1p2um__rpg1p4um,4.67045299221,6.02263130277,6.254178175308227,249.60885360509675,5.769639685358345,0.29159029937362013,0.00027405707999950124,0.010479088230000322,0.1441155157279974,4.5679393145046845,0.049402278093195306
NearestNeighbors,30,chip_simple_dxm2p727_dym0p909__Lj12p0nH_Cj2p0fF__roL8p5mm__tee_fl160um_fc12_cg1p2um__rpg1p4um,4.67072704929,6.033110391,6.3982936910362245,254.17679291960144,5.72023740726515,8,chip_simple_dx6p364_dy8p182__Lj12p0nH_Cj2p0fF__roL8p5mm__tee_fl160um_fc12_cg1p2um__rpg1p4um,4.68815638567,6.01539640302,6.651202537282943,252.1465005767916,5.735438248599257,0.29558141294548257,0.017429336380000215,0.017713987980000567,0.2529088462467186,2.030292342809844,0.015200841334107373
NearestNeighbors,30,chip_simple_dxm2p727_dym0p909__Lj12p0nH_Cj2p0fF__roL8p5mm__tee_fl160um_fc12_cg1p2um__rpg1p4um,4.67072704929,6.033110391,6.3982936910362245,254.17679291960144,5.72023740726515,9,chip_simple_dxm4p545_dym3p636__Lj12p0nH_Cj2p0fF__roL8p5mm__tee_fl160um_fc12_cg1p2um__rpg1p4um,4.67304431925,6.03199474143,6.125895672599793,247.8916504390452,5.756437524837708,0.3107709214934493,0.0023172699599998126,0.001115649569999988,0.27239801843643185,6.285142480556232,0.03620011757255881
NearestNeighbors,30,chip_simple_dxm2p727_dym0p909__Lj12p0nH_Cj2p0fF__roL8p5mm__tee_fl160um_fc12_cg1p2um__rpg1p4um,4.67072704929,6.033110391,6.3982936910362245,254.17679291960144,5.72023740726515,10,chip_simple_dx4p545_dy6p364__Lj12p0nH_Cj2p0fF__roL8p5mm__tee_fl160um_fc12_cg1p2um__rpg1p4um,4.68114499951,6.0318748635,6.469165927145004,253.01853558838943,5.78555994133082,0.3320773796371307,0.010417950219999916,0.001235527500000444,0.07087223610877924,1.1582573312120132,0.06532253406567001
NearestNeighbors,31,chip_simple_dxm1p818_dym9p091__Lj12p0nH_Cj2p0fF__roL8p5mm__tee_fl160um_fc12_cg1p2um__rpg1p4um,4.74969784785,6.2030248277,5.352145627542496,242.6223832530139,6.0075688817595525,1,chip_simple_dxm8p182_dy2p727__Lj12p0nH_Cj2p0fF__roL8p5mm__tee_fl160um_fc12_cg1p2um__rpg1p4um,4.74905682439,6.19457611211,5.409443262643814,242.78883490510103,6.0021454172131445,0.06301807142740735,0.0006410234600000564,0.008448715590000155,0.05729763510131747,0.16645165208711887,0.005423464546407963
NearestNeighbors,31,chip_simple_dxm1p818_dym9p091__Lj12p0nH_Cj2p0fF__roL8p5mm__tee_fl160um_fc12_cg1p2um__rpg1p4um,4.74969784785,6.2030248277,5.352145627542496,242.6223832530139,6.0075688817595525,2,chip_simple_dxm8p182_dym6p364__Lj12p0nH_Cj2p0fF__roL8p5mm__tee_fl160um_fc12_cg1p2um__rpg1p4um,4.74965194892,6.20869132521,5.27103725569725,241.6389530940361,6.043633765216636,0.17779529135850303,4.5898929999843574e-05,0.005666497510000035,0.08110837184524655,0.9834301589777965,0.03606488345708314
NearestNeighbors,31,chip_simple_dxm1p818_dym9p091__Lj12p0nH_Cj2p0fF__roL8p5mm__tee_fl160um_fc12_cg1p2um__rpg1p4um,4.74969784785,6.2030248277,5.352145627542496,242.6223832530139,6.0075688817595525,3,chip_simple_dx7p273_dy3p636__Lj12p0nH_Cj2p0fF__roL8p5mm__tee_fl160um_fc12_cg1p2um__rpg1p4um,4.74821889126,6.18095763125,5.310853707441329,238.5284024323724,5.986140819335255,0.2111827301979686,0.0014789565900006352,0.022067196450000104,0.041291920101167,4.093980820641519,0.021428062424297067
NearestNeighbors,31,chip_simple_dxm1p818_dym9p091__Lj12p0nH_Cj2p0fF__roL8p5mm__tee_fl160um_fc12_cg1p2um__rpg1p4um,4.74969784785,6.2030248277,5.352145627542496,242.6223832530139,6.0075688817595525,4,chip_simple_dxm3p636_dy5p455__Lj12p0nH_Cj2p0fF__roL8p5mm__tee_fl160um_fc12_cg1p2um__rpg1p4um,4.73355235582,6.19906730127,5.355365528022766,245.4102411439443,6.010259557626816,0.22468291035356264,0.016145492030000597,0.0039575264299998025,0.003219900480269544,2.7878578909303826,0.002690675867263792
NearestNeighbors,31,chip_simple_dxm1p818_dym9p091__Lj12p0nH_Cj2p0fF__roL8p5mm__tee_fl160um_fc12_cg1p2um__rpg1p4um,4.74969784785,6.2030248277,5.352145627542496,242.6223832530139,6.0075688817595525,5,chip_simple_dx9p091_dym1p818__Lj12p0nH_Cj2p0fF__roL8p5mm__tee_fl160um_fc12_cg1p2um__rpg1p4um,4.74819591368,6.22592544422,5.092063777423858,240.3890325096089,6.030365991562808,0.23373284778237374,0.0015019341700002187,0.022900616519999417,0.26008185011863816,2.2333507434049977,0.02279710980325511
NearestNeighbors,31,chip_simple_dxm1p818_dym9p091__Lj12p0nH_Cj2p0fF__roL8p5mm__tee_fl160um_fc12_cg1p2um__rpg1p4um,4.74969784785,6.2030248277,5.352145627542496,242.6223832530139,6.0075688817595525,6,chip_simple_dxm6p364_dy4p545__Lj12p0nH_Cj2p0fF__roL8p5mm__tee_fl160um_fc12_cg1p2um__rpg1p4um,4.74352808595,6.2301695732,5.073797546504975,241.488305000106,5.998964352979843,0.2374863354110321,0.006169761899999848,0.027144745500000234,0.27834808103752096,1.1340782529078979,0.008604528779709852
NearestNeighbors,31,chip_simple_dxm1p818_dym9p091__Lj12p0nH_Cj2p0fF__roL8p5mm__tee_fl160um_fc12_cg1p2um__rpg1p4um,4.74969784785,6.2030248277,5.352145627542496,242.6223832530139,6.0075688817595525,7,chip_simple_dx8p182_dy4p545__Lj12p0nH_Cj2p0fF__roL8p5mm__tee_fl160um_fc12_cg1p2um__rpg1p4um,4.75384775336,6.16753807894,5.472293931138992,238.92779525541928,6.000528213189532,0.2506401201902965,0.004149905509999385,0.03548674876000035,0.12014830359649586,3.694587997594624,0.007040668570020614
NearestNeighbors,31,chip_simple_dxm1p818_dym9p091__Lj12p0nH_Cj2p0fF__roL8p5mm__tee_fl160um_fc12_cg1p2um__rpg1p4um,4.74969784785,6.2030248277,5.352145627542496,242.6223832530139,6.0075688817595525,8,chip_simple_dx6p364_dy5p455__Lj12p0nH_Cj2p0fF__roL8p5mm__tee_fl160um_fc12_cg1p2um__rpg1p4um,4.75961106113,6.17987418055,5.471624193309784,239.6637891813426,5.978039249428953,0.25477635850176505,0.009913213279999944,0.02315064715000048,0.11947856576728721,2.958594071671314,0.029529632330599576
NearestNeighbors,31,chip_simple_dxm1p818_dym9p091__Lj12p0nH_Cj2p0fF__roL8p5mm__tee_fl160um_fc12_cg1p2um__rpg1p4um,4.74969784785,6.2030248277,5.352145627542496,242.6223832530139,6.0075688817595525,9,chip_simple_dxm5p455_dym9p091__Lj12p0nH_Cj2p0fF__roL8p5mm__tee_fl160um_fc12_cg1p2um__rpg1p4um,4.76071606991,6.19247843515,5.276129411603927,237.048860050158,6.024670026728766,0.2561759717749246,0.011018222059999694,0.010546392550000228,0.07601621593856933,5.57352320285591,0.017101144969213777
NearestNeighbors,31,chip_simple_dxm1p818_dym9p091__Lj12p0nH_Cj2p0fF__roL8p5mm__tee_fl160um_fc12_cg1p2um__rpg1p4um,4.74969784785,6.2030248277,5.352145627542496,242.6223832530139,6.0075688817595525,10,chip_simple_dxm6p364_dym1p818__Lj12p0nH_Cj2p0fF__roL8p5mm__tee_fl160um_fc12_cg1p2um__rpg1p4um,4.73601951856,6.17855243564,5.233884300392151,238.90916206015703,6.012417870973948,0.2618159401740633,0.013678329290000235,0.024472392059999848,0.11826132715034543,3.713221192856878,0.004848989214395694
NearestNeighbors,32,chip_simple_dxm1p818_dy8p182__Lj12p0nH_Cj2p0fF__roL8p5mm__tee_fl160um_fc12_cg1p2um__rpg1p4um,4.68706864521,6.07511708902,5.952970358833313,248.5187126523267,5.817319914222084,1,chip_simple_dx5p455_dy2p727__Lj12p0nH_Cj2p0fF__roL8p5mm__tee_fl160um_fc12_cg1p2um__rpg1p4um,4.68450192494,6.04838752866,6.060318185382843,246.72047979195173,5.809511348960735,0.17832143410910556,0.0025667202699999336,0.026729560359999738,0.10734782654953001,1.7982328603749806,0.007808565261349543
NearestNeighbors,32,chip_simple_dxm1p818_dy8p182__Lj12p0nH_Cj2p0fF__roL8p5mm__tee_fl160um_fc12_cg1p2um__rpg1p4um,4.68706864521,6.07511708902,5.952970358833313,248.5187126523267,5.817319914222084,2,chip_simple_dxm8p182_dym7p273__Lj12p0nH_Cj2p0fF__roL8p5mm__tee_fl160um_fc12_cg1p2um__rpg1p4um,4.68361704435,6.06830164317,5.770869057323456,244.12651063933208,5.830643442935724,0.19829739346610187,0.0034516008600000703,0.006815445850000046,0.18210130150985737,4.39220201299463,0.013323528713639732
NearestNeighbors,32,chip_simple_dxm1p818_dy8p182__Lj12p0nH_Cj2p0fF__roL8p5mm__tee_fl160um_fc12_cg1p2um__rpg1p4um,4.68706864521,6.07511708902,5.952970358833313,248.5187126523267,5.817319914222084,3,chip_simple_dxm2p727_dym1p818__Lj12p0nH_Cj2p0fF__roL8p5mm__tee_fl160um_fc12_cg1p2um__rpg1p4um,4.69622700406,6.06412595142,5.891033779554367,243.3652986695323,5.803625345471297,0.22825169291880648,0.009158358849999715,0.01099113759999959,0.061936579278945914,5.1534139827944045,0.013694568750787006
NearestNeighbors,32,chip_simple_dxm1p818_dy8p182__Lj12p0nH_Cj2p0fF__roL8p5mm__tee_fl160um_fc12_cg1p2um__rpg1p4um,4.68706864521,6.07511708902,5.952970358833313,248.5187126523267,5.817319914222084,4,chip_simple_dx2p727_dy1p818__Lj12p0nH_Cj2p0fF__roL8p5mm__tee_fl160um_fc12_cg1p2um__rpg1p4um,4.68563403825,6.08133316983,5.72811288560295,245.0156338090338,5.777845440182654,0.25346064231798676,0.0014346069600001954,0.006216080809999802,0.22485747323036254,3.5030788432929114,0.03947447403943016
NearestNeighbors,32,chip_simple_dxm1p818_dy8p182__Lj12p0nH_Cj2p0fF__roL8p5mm__tee_fl160um_fc12_cg1p2um__rpg1p4um,4.68706864521,6.07511708902,5.952970358833313,248.5187126523267,5.817319914222084,5,chip_simple_dx2p727_dy7p273__Lj12p0nH_Cj2p0fF__roL8p5mm__tee_fl160um_fc12_cg1p2um__rpg1p4um,4.68966238365,6.08117321467,5.692696949018478,243.42591072707387,5.793400597005795,0.2548846872725631,0.002593738439999882,0.0060561256499997995,0.26027340981483515,5.092801925252843,0.023919317216289038
NearestNeighbors,32,chip_simple_dxm1p818_dy8p182__Lj12p0nH_Cj2p0fF__roL8p5mm__tee_fl160um_fc12_cg1p2um__rpg1p4um,4.68706864521,6.07511708902,5.952970358833313,248.5187126523267,5.817319914222084,6,chip_simple_dx5p455_dym10p000__Lj12p0nH_Cj2p0fF__roL8p5mm__tee_fl160um_fc12_cg1p2um__rpg1p4um,4.6898613076,6.10224204141,5.732918632520676,247.69775842383248,5.779439093338184,0.26537879806900877,0.002792662390000089,0.027124952390000345,0.22005172631263736,0.8209542284942302,0.03788082088389988
NearestNeighbors,32,chip_simple_dxm1p818_dy8p182__Lj12p0nH_Cj2p0fF__roL8p5mm__tee_fl160um_fc12_cg1p2um__rpg1p4um,4.68706864521,6.07511708902,5.952970358833313,248.5187126523267,5.817319914222084,7,chip_simple_dx1p818_dy0p000__Lj12p0nH_Cj2p0fF__roL8p5mm__tee_fl160um_fc12_cg1p2um__rpg1p4um,4.68111378467,6.07792819925,6.160216600387573,254.68171473649764,5.840109825142222,0.27061635874634826,0.005954860540000162,0.0028111102299996915,0.20724624155425975,6.163002084170927,0.022789910920137935
NearestNeighbors,32,chip_simple_dxm1p818_dy8p182__Lj12p0nH_Cj2p0fF__roL8p5mm__tee_fl160um_fc12_cg1p2um__rpg1p4um,4.68706864521,6.07511708902,5.952970358833313,248.5187126523267,5.817319914222084,8,chip_simple_dxm1p818_dym6p364__Lj12p0nH_Cj2p0fF__roL8p5mm__tee_fl160um_fc12_cg1p2um__rpg1p4um,4.70406131563,6.08840840714,5.839880111495972,244.66486320628528,5.829489432798142,0.27369077369461237,0.016992670419999634,0.013291318120000284,0.11309024733734052,3.853849446041437,0.012169518576057747
NearestNeighbors,32,chip_simple_dxm1p818_dy8p182__Lj12p0nH_Cj2p0fF__roL8p5mm__tee_fl160um_fc12_cg1p2um__rpg1p4um,4.68706864521,6.07511708902,5.952970358833313,248.5187126523267,5.817319914222084,9,chip_simple_dx7p273_dym9p091__Lj12p0nH_Cj2p0fF__roL8p5mm__tee_fl160um_fc12_cg1p2um__rpg1p4um,4.6928216438,6.0417170803,6.165310552288055,246.04724963381204,5.790205003998438,0.27661346442501317,0.0057529985900002245,0.03340000872000015,0.2123401934547422,2.471463018514669,0.02711491022364587
NearestNeighbors,32,chip_simple_dxm1p818_dy8p182__Lj12p0nH_Cj2p0fF__roL8p5mm__tee_fl160um_fc12_cg1p2um__rpg1p4um,4.68706864521,6.07511708902,5.952970358833313,248.5187126523267,5.817319914222084,10,chip_simple_dxm9p091_dy3p636__Lj12p0nH_Cj2p0fF__roL8p5mm__tee_fl160um_fc12_cg1p2um__rpg1p4um,4.70131601707,6.06675184485,5.977826485769271,244.57965254380213,5.78091644854145,0.2825148969017329,0.014247371859999802,0.008365244170000175,0.0248561269359584,3.939060108524586,0.03640346568063446
NearestNeighbors,33,chip_simple_dxm0p909_dym9p091__Lj12p0nH_Cj2p0fF__roL8p5mm__tee_fl160um_fc12_cg1p2um__rpg1p4um,4.79013705882,6.1195332543,5.13624333574295,216.91057737244603,5.892737425611814,1,chip_simple_dx0p000_dym4p545__Lj12p0nH_Cj2p0fF__roL8p5mm__tee_fl160um_fc12_cg1p2um__rpg1p4um,4.79428247445,6.13515444283,5.179095958950042,219.54335034771063,5.916681344787001,0.17544147236856672,0.004145415630000038,0.015621188529999941,0.042852623207092044,2.6327729752646007,0.023943919175187567
NearestNeighbors,33,chip_simple_dxm0p909_dym9p091__Lj12p0nH_Cj2p0fF__roL8p5mm__tee_fl160um_fc12_cg1p2um__rpg1p4um,4.79013705882,6.1195332543,5.13624333574295,216.91057737244603,5.892737425611814,2,chip_simple_dxm6p364_dy6p364__Lj12p0nH_Cj2p0fF__roL8p5mm__tee_fl160um_fc12_cg1p2um__rpg1p4um,4.77968562303,6.13817726431,4.976445117803573,218.3155079469365,5.901178274814836,0.1995268058585764,0.010451435790000296,0.018644010010000045,0.1597982179393771,1.4049305744904643,0.008440849203021905
NearestNeighbors,33,chip_simple_dxm0p909_dym9p091__Lj12p0nH_Cj2p0fF__roL8p5mm__tee_fl160um_fc12_cg1p2um__rpg1p4um,4.79013705882,6.1195332543,5.13624333574295,216.91057737244603,5.892737425611814,3,chip_simple_dx0p000_dym7p273__Lj12p0nH_Cj2p0fF__roL8p5mm__tee_fl160um_fc12_cg1p2um__rpg1p4um,4.77705046101,6.10812065882,5.159243787857055,218.32852182588368,5.871090142169181,0.20820343102522107,0.0130865978100001,0.011412595480000398,0.023000452114104952,1.4179444534376557,0.02164728344263267
NearestNeighbors,33,chip_simple_dxm0p909_dym9p091__Lj12p0nH_Cj2p0fF__roL8p5mm__tee_fl160um_fc12_cg1p2um__rpg1p4um,4.79013705882,6.1195332543,5.13624333574295,216.91057737244603,5.892737425611814,4,chip_simple_dxm9p091_dy5p455__Lj12p0nH_Cj2p0fF__roL8p5mm__tee_fl160um_fc12_cg1p2um__rpg1p4um,4.78169743721,6.10774822215,4.959060187129974,213.03713969424035,5.8520251844503886,0.27814372138809446,0.008439621610000003,0.011785032150000596,0.17718314861297646,3.8734376782056756,0.04071224116142513
NearestNeighbors,33,chip_simple_dxm0p909_dym9p091__Lj12p0nH_Cj2p0fF__roL8p5mm__tee_fl160um_fc12_cg1p2um__rpg1p4um,4.79013705882,6.1195332543,5.13624333574295,216.91057737244603,5.892737425611814,5,chip_simple_dx9p091_dy6p364__Lj12p0nH_Cj2p0fF__roL8p5mm__tee_fl160um_fc12_cg1p2um__rpg1p4um,4.80886740306,6.13457594718,5.043484102472305,213.644745352194,5.8856847017557525,0.279472434279399,0.018730344239999752,0.01504269287999982,0.0927592332706455,3.26583202025202,0.007052723856061149
NearestNeighbors,33,chip_simple_dxm0p909_dym9p091__Lj12p0nH_Cj2p0fF__roL8p5mm__tee_fl160um_fc12_cg1p2um__rpg1p4um,4.79013705882,6.1195332543,5.13624333574295,216.91057737244603,5.892737425611814,6,chip_simple_dx9p091_dym5p455__Lj12p0nH_Cj2p0fF__roL8p5mm__tee_fl160um_fc12_cg1p2um__rpg1p4um,4.77403241356,6.14118663234,4.913194778823852,218.4790215050792,5.873795958930736,0.28549256724109123,0.01610464526000044,0.021653378039999893,0.22304855691909786,1.568444132633175,0.018941466681077657
NearestNeighbors,33,chip_simple_dxm0p909_dym9p091__Lj12p0nH_Cj2p0fF__roL8p5mm__tee_fl160um_fc12_cg1p2um__rpg1p4um,4.79013705882,6.1195332543,5.13624333574295,216.91057737244603,5.892737425611814,7,chip_simple_dx5p455_dym0p909__Lj12p0nH_Cj2p0fF__roL8p5mm__tee_fl160um_fc12_cg1p2um__rpg1p4um,4.7930652742,6.12875251186,5.394133037059784,223.2748147250602,5.91572486547393,0.28614472359553017,0.0029282153799998767,0.00921925755999986,0.25788970131683353,6.364237352614168,0.022987439862116155
NearestNeighbors,33,chip_simple_dxm0p909_dym9p091__Lj12p0nH_Cj2p0fF__roL8p5mm__tee_fl160um_fc12_cg1p2um__rpg1p4um,4.79013705882,6.1195332543,5.13624333574295,216.91057737244603,5.892737425611814,8,chip_simple_dxm6p364_dym3p636__Lj12p0nH_Cj2p0fF__roL8p5mm__tee_fl160um_fc12_cg1p2um__rpg1p4um,4.77191562529,6.13567276839,4.886054909513473,217.4280151051572,5.906245330500408,0.2904409311016214,0.018221433529999942,0.016139514089999807,0.2501884262294771,0.5174377327111586,0.013507904888593991
NearestNeighbors,33,chip_simple_dxm0p909_dym9p091__Lj12p0nH_Cj2p0fF__roL8p5mm__tee_fl160um_fc12_cg1p2um__rpg1p4um,4.79013705882,6.1195332543,5.13624333574295,216.91057737244603,5.892737425611814,9,chip_simple_dxm10p000_dym0p909__Lj12p0nH_Cj2p0fF__roL8p5mm__tee_fl160um_fc12_cg1p2um__rpg1p4um,4.78631013217,6.11749499502,5.0396452458877565,215.32562253250407,5.829430491241084,0.3045949851313048,0.003826926650000395,0.002038259279999899,0.09659808985519369,1.5849548399419575,0.06330693437072998
NearestNeighbors,33,chip_simple_dxm0p909_dym9p091__Lj12p0nH_Cj2p0fF__roL8p5mm__tee_fl160um_fc12_cg1p2um__rpg1p4um,4.79013705882,6.1195332543,5.13624333574295,216.91057737244603,5.892737425611814,10,chip_simple_dx8p182_dym8p182__Lj12p0nH_Cj2p0fF__roL8p5mm__tee_fl160um_fc12_cg1p2um__rpg1p4um,4.81055394873,6.12847147153,5.122406896465301,214.0774671686353,5.920639094996056,0.3061022760082285,0.020416889909999902,0.008938217229999879,0.013836439277649326,2.833110203810719,0.02790166938424221
NearestNeighbors,34,chip_simple_dxm0p909_dy0p909__Lj12p0nH_Cj2p0fF__roL8p5mm__tee_fl160um_fc12_cg1p2um__rpg1p4um,4.70544106074,5.99746757962,5.927770181566238,231.070657809695,5.70049614019032,1,chip_simple_dx1p818_dy7p273__Lj12p0nH_Cj2p0fF__roL8p5mm__tee_fl160um_fc12_cg1p2um__rpg1p4um,4.70826655373,5.99263086685,5.863451439090729,228.39791043317305,5.715696208117421,0.12738544723204423,0.0028254929899995673,0.0048367127700004175,0.06431874247550962,2.6727473765219543,0.01520006792710138
NearestNeighbors,34,chip_simple_dxm0p909_dy0p909__Lj12p0nH_Cj2p0fF__roL8p5mm__tee_fl160um_fc12_cg1p2um__rpg1p4um,4.70544106074,5.99746757962,5.927770181566238,231.070657809695,5.70049614019032,2,chip_simple_dxm3p636_dy0p000__Lj12p0nH_Cj2p0fF__roL8p5mm__tee_fl160um_fc12_cg1p2um__rpg1p4um,4.70838073554,5.99696765617,5.903114487281799,229.85254512138803,5.729679412558419,0.14561563208461148,0.002939674799999459,0.0004999234500004945,0.024655694284438923,1.2181126883069737,0.029183272368099367
NearestNeighbors,34,chip_simple_dxm0p909_dy0p909__Lj12p0nH_Cj2p0fF__roL8p5mm__tee_fl160um_fc12_cg1p2um__rpg1p4um,4.70544106074,5.99746757962,5.927770181566238,231.070657809695,5.70049614019032,3,chip_simple_dx0p909_dym8p182__Lj12p0nH_Cj2p0fF__roL8p5mm__tee_fl160um_fc12_cg1p2um__rpg1p4um,4.70055739372,6.00934439173,5.9578544504756925,234.711210840026,5.695445771960415,0.15464230751745406,0.004883667020000537,0.01187681210999969,0.03008426890945426,3.640553030331006,0.005050368229905011
NearestNeighbors,34,chip_simple_dxm0p909_dy0p909__Lj12p0nH_Cj2p0fF__roL8p5mm__tee_fl160um_fc12_cg1p2um__rpg1p4um,4.70544106074,5.99746757962,5.927770181566238,231.070657809695,5.70049614019032,4,chip_simple_dx0p000_dy3p636__Lj12p0nH_Cj2p0fF__roL8p5mm__tee_fl160um_fc12_cg1p2um__rpg1p4um,4.70597831203,5.97410979195,6.13302826451683,230.9917126460824,5.688203723513988,0.18305250443462592,0.0005372512899999293,0.023357787670000185,0.2052580829505919,0.07894516361261594,0.012292416676332074
NearestNeighbors,34,chip_simple_dxm0p909_dy0p909__Lj12p0nH_Cj2p0fF__roL8p5mm__tee_fl160um_fc12_cg1p2um__rpg1p4um,4.70544106074,5.99746757962,5.927770181566238,231.070657809695,5.70049614019032,5,chip_simple_dxm0p909_dy7p273__Lj12p0nH_Cj2p0fF__roL8p5mm__tee_fl160um_fc12_cg1p2um__rpg1p4um,4.70613110667,5.99730794943,5.718138606563568,226.7890078045864,5.726349608257517,0.2208296392346761,0.0006900459299998829,0.00015963019000064804,0.20963157500267027,4.281650005108617,0.025853468067197127
NearestNeighbors,34,chip_simple_dxm0p909_dy0p909__Lj12p0nH_Cj2p0fF__roL8p5mm__tee_fl160um_fc12_cg1p2um__rpg1p4um,4.70544106074,5.99746757962,5.927770181566238,231.070657809695,5.70049614019032,6,chip_simple_dxm1p818_dym10p000__Lj12p0nH_Cj2p0fF__roL8p5mm__tee_fl160um_fc12_cg1p2um__rpg1p4um,4.72213098232,5.99382514578,6.216597866516113,232.5260761215951,5.710682925319376,0.27436272088291347,0.016689921580000266,0.003642433840000514,0.288827684949875,1.4554183119001038,0.01018678512905602
NearestNeighbors,34,chip_simple_dxm0p909_dy0p909__Lj12p0nH_Cj2p0fF__roL8p5mm__tee_fl160um_fc12_cg1p2um__rpg1p4um,4.70544106074,5.99746757962,5.927770181566238,231.070657809695,5.70049614019032,7,chip_simple_dx0p000_dym2p727__Lj12p0nH_Cj2p0fF__roL8p5mm__tee_fl160um_fc12_cg1p2um__rpg1p4um,4.72308106304,6.01925382396,5.781981496412277,228.09975736372985,5.690176383635383,0.2875612788462564,0.01764000230000029,0.021786244339999428,0.1457886851539616,2.9709004459651567,0.010319756554936887
NearestNeighbors,34,chip_simple_dxm0p909_dy0p909__Lj12p0nH_Cj2p0fF__roL8p5mm__tee_fl160um_fc12_cg1p2um__rpg1p4um,4.70544106074,5.99746757962,5.927770181566238,231.070657809695,5.70049614019032,8,chip_simple_dx9p091_dym6p364__Lj12p0nH_Cj2p0fF__roL8p5mm__tee_fl160um_fc12_cg1p2um__rpg1p4um,4.69330723701,5.96815675403,5.833106887407302,226.8800540792516,5.674148599783987,0.29523133421694425,0.01213382373000016,0.029310825590000533,0.09466329415893604,4.190603730443399,0.02634754040633336
NearestNeighbors,34,chip_simple_dxm0p909_dy0p909__Lj12p0nH_Cj2p0fF__roL8p5mm__tee_fl160um_fc12_cg1p2um__rpg1p4um,4.70544106074,5.99746757962,5.927770181566238,231.070657809695,5.70049614019032,9,chip_simple_dxm9p091_dym0p909__Lj12p0nH_Cj2p0fF__roL8p5mm__tee_fl160um_fc12_cg1p2um__rpg1p4um,4.70861223691,5.97190035235,5.828280176078796,224.2856497209385,5.726841959580289,0.302642023635121,0.0031711761699995122,0.025567227270000714,0.09949000548744191,6.785008088756513,0.02634581938996927
NearestNeighbors,34,chip_simple_dxm0p909_dy0p909__Lj12p0nH_Cj2p0fF__roL8p5mm__tee_fl160um_fc12_cg1p2um__rpg1p4um,4.70544106074,5.99746757962,5.927770181566238,231.070657809695,5.70049614019032,10,chip_simple_dx1p818_dym1p818__Lj12p0nH_Cj2p0fF__roL8p5mm__tee_fl160um_fc12_cg1p2um__rpg1p4um,4.72149319155,6.00383369896,5.970341072605133,229.6082734110952,5.650635763318174,0.31191735011573174,0.016052130809999454,0.006366119339999976,0.042570891038894665,1.462384398599795,0.04986037687214573
NearestNeighbors,35,chip_simple_dxm0p909_dy5p455__Lj12p0nH_Cj2p0fF__roL8p5mm__tee_fl160um_fc12_cg1p2um__rpg1p4um,4.72272816644,6.03503005138,6.337249859149932,241.7065879254781,5.820442264738436,1,chip_simple_dxm7p273_dy6p364__Lj12p0nH_Cj2p0fF__roL8p5mm__tee_fl160um_fc12_cg1p2um__rpg1p4um,4.72123017621,6.04785216083,6.333465595045089,244.1985025363444,5.848505024648974,0.17053610736881658,0.001497990229999857,0.012822109450000063,0.003784264104843338,2.491914610866303,0.028062759910537416
NearestNeighbors,35,chip_simple_dxm0p909_dy5p455__Lj12p0nH_Cj2p0fF__roL8p5mm__tee_fl160um_fc12_cg1p2um__rpg1p4um,4.72272816644,6.03503005138,6.337249859149932,241.7065879254781,5.820442264738436,2,chip_simple_dx4p545_dym0p909__Lj12p0nH_Cj2p0fF__roL8p5mm__tee_fl160um_fc12_cg1p2um__rpg1p4um,4.7255365678,6.0505170878,6.107614511497498,239.2497887649095,5.805207767962136,0.19256193441452576,0.0028084013600002677,0.0154870364200006,0.22963534765243487,2.456799160568579,0.01523449677630051
NearestNeighbors,35,chip_simple_dxm0p909_dy5p455__Lj12p0nH_Cj2p0fF__roL8p5mm__tee_fl160um_fc12_cg1p2um__rpg1p4um,4.72272816644,6.03503005138,6.337249859149932,241.7065879254781,5.820442264738436,3,chip_simple_dx6p364_dy0p000__Lj12p0nH_Cj2p0fF__roL8p5mm__tee_fl160um_fc12_cg1p2um__rpg1p4um,4.72795173232,6.02599393944,6.214404765487671,236.6306190453716,5.800547756468861,0.22142319432261803,0.0052235658800006135,0.009036111939999536,0.12284509366226182,5.075968880106501,0.019894508269575617
NearestNeighbors,35,chip_simple_dxm0p909_dy5p455__Lj12p0nH_Cj2p0fF__roL8p5mm__tee_fl160um_fc12_cg1p2um__rpg1p4um,4.72272816644,6.03503005138,6.337249859149932,241.7065879254781,5.820442264738436,4,chip_simple_dx5p455_dym8p182__Lj12p0nH_Cj2p0fF__roL8p5mm__tee_fl160um_fc12_cg1p2um__rpg1p4um,4.72112014614,6.01414813913,6.374000339464187,239.1567683741239,5.777326992270697,0.2468315646278337,0.001608020299999957,0.020881912250000134,0.03675048031425465,2.549819551354176,0.043115272467739274
NearestNeighbors,35,chip_simple_dxm0p909_dy5p455__Lj12p0nH_Cj2p0fF__roL8p5mm__tee_fl160um_fc12_cg1p2um__rpg1p4um,4.72272816644,6.03503005138,6.337249859149932,241.7065879254781,5.820442264738436,5,chip_simple_dxm10p000_dym4p545__Lj12p0nH_Cj2p0fF__roL8p5mm__tee_fl160um_fc12_cg1p2um__rpg1p4um,4.72747685651,6.02391173404,6.181771411222457,235.80879165767425,5.79330242515557,0.26424106669703684,0.00474869007000045,0.01111831733999935,0.15547844792747512,5.897796267803841,0.027139839582866365
NearestNeighbors,35,chip_simple_dxm0p909_dy5p455__Lj12p0nH_Cj2p0fF__roL8p5mm__tee_fl160um_fc12_cg1p2um__rpg1p4um,4.72272816644,6.03503005138,6.337249859149932,241.7065879254781,5.820442264738436,6,chip_simple_dx0p000_dy5p455__Lj12p0nH_Cj2p0fF__roL8p5mm__tee_fl160um_fc12_cg1p2um__rpg1p4um,4.71422601792,6.04446957881,6.030727920024871,239.0603629876928,5.790300833858292,0.26636853940729965,0.008502148519999864,0.009439527430000538,0.3065219391250613,2.6462249377852913,0.030141430880144426
NearestNeighbors,35,chip_simple_dxm0p909_dy5p455__Lj12p0nH_Cj2p0fF__roL8p5mm__tee_fl160um_fc12_cg1p2um__rpg1p4um,4.72272816644,6.03503005138,6.337249859149932,241.7065879254781,5.820442264738436,7,chip_simple_dxm5p455_dy2p727__Lj12p0nH_Cj2p0fF__roL8p5mm__tee_fl160um_fc12_cg1p2um__rpg1p4um,4.71638631695,6.04240059633,6.065049773584366,238.98986735764416,5.770011812343904,0.3056971319860819,0.006341849489999163,0.007370544950000557,0.27220008556556685,2.7167205678339315,0.05043045239453203
NearestNeighbors,35,chip_simple_dxm0p909_dy5p455__Lj12p0nH_Cj2p0fF__roL8p5mm__tee_fl160um_fc12_cg1p2um__rpg1p4um,4.72272816644,6.03503005138,6.337249859149932,241.7065879254781,5.820442264738436,8,chip_simple_dx0p000_dym0p909__Lj12p0nH_Cj2p0fF__roL8p5mm__tee_fl160um_fc12_cg1p2um__rpg1p4um,4.70544472234,6.05296552521,6.243624574357987,246.6853389858112,5.843999870541234,0.31543537555144746,0.01728344409999938,0.017935473830000603,0.09362528479194587,4.97875106033311,0.023557605802797532
NearestNeighbors,35,chip_simple_dxm0p909_dy5p455__Lj12p0nH_Cj2p0fF__roL8p5mm__tee_fl160um_fc12_cg1p2um__rpg1p4um,4.72272816644,6.03503005138,6.337249859149932,241.7065879254781,5.820442264738436,9,chip_simple_dx0p000_dy2p727__Lj12p0nH_Cj2p0fF__roL8p5mm__tee_fl160um_fc12_cg1p2um__rpg1p4um,4.73163640607,6.01912983001,6.151782347061157,233.4506181073812,5.795791516246615,0.34778818274340173,0.008908239630000203,0.015900221369999912,0.18546751208877588,8.2559698180969,0.024650748491821695
NearestNeighbors,35,chip_simple_dxm0p909_dy5p455__Lj12p0nH_Cj2p0fF__roL8p5mm__tee_fl160um_fc12_cg1p2um__rpg1p4um,4.72272816644,6.03503005138,6.337249859149932,241.7065879254781,5.820442264738436,10,chip_simple_dxm4p545_dym8p182__Lj12p0nH_Cj2p0fF__roL8p5mm__tee_fl160um_fc12_cg1p2um__rpg1p4um,4.70192752994,6.05323396604,6.2145116127338405,246.8898807551624,5.839847717118128,0.3485395365936014,0.020800636499999747,0.01820391465999993,0.12273824641609199,5.183292829684319,0.019405452379691823
NearestNeighbors,36,chip_simple_dx0p000_dym5p455__Lj12p0nH_Cj2p0fF__roL8p5mm__tee_fl160um_fc12_cg1p2um__rpg1p4um,4.72839728936,5.92461245195,5.86921667430687,213.1829395597018,5.58090723401915,1,chip_simple_dxm10p000_dy9p091__Lj12p0nH_Cj2p0fF__roL8p5mm__tee_fl160um_fc12_cg1p2um__rpg1p4um,4.73431310321,5.9588117706,5.945221753843307,219.04223037505847,5.629570893196313,0.3637940818480019,0.005915813849999729,0.03419931864999981,0.07600507953643731,5.8592908153566725,0.04866365917716298
NearestNeighbors,36,chip_simple_dx0p000_dym5p455__Lj12p0nH_Cj2p0fF__roL8p5mm__tee_fl160um_fc12_cg1p2um__rpg1p4um,4.72839728936,5.92461245195,5.86921667430687,213.1829395597018,5.58090723401915,2,chip_simple_dx7p273_dy8p182__Lj12p0nH_Cj2p0fF__roL8p5mm__tee_fl160um_fc12_cg1p2um__rpg1p4um,4.72840082103,5.97315210181,5.691267652456284,217.62866557447816,5.647951458913108,0.44754076957081357,3.531670000000986e-06,0.04853964986000037,0.17794902185058525,4.445726014776369,0.06704422489395867
NearestNeighbors,36,chip_simple_dx0p000_dym5p455__Lj12p0nH_Cj2p0fF__roL8p5mm__tee_fl160um_fc12_cg1p2um__rpg1p4um,4.72839728936,5.92461245195,5.86921667430687,213.1829395597018,5.58090723401915,3,chip_simple_dxm4p545_dy9p091__Lj12p0nH_Cj2p0fF__roL8p5mm__tee_fl160um_fc12_cg1p2um__rpg1p4um,4.73257191675,5.96883434545,5.846838404302597,219.15587205568883,5.667058133519072,0.5103427106269519,0.004174627390000296,0.0442218935000005,0.02237827000427295,5.972932495987038,0.0861508994999225
NearestNeighbors,36,chip_simple_dx0p000_dym5p455__Lj12p0nH_Cj2p0fF__roL8p5mm__tee_fl160um_fc12_cg1p2um__rpg1p4um,4.72839728936,5.92461245195,5.86921667430687,213.1829395597018,5.58090723401915,4,chip_simple_dx2p727_dy3p636__Lj12p0nH_Cj2p0fF__roL8p5mm__tee_fl160um_fc12_cg1p2um__rpg1p4um,4.74429494791,5.9687577148,6.039171265787124,220.3138057061849,5.653802310643351,0.5281417637804864,0.015897658550000138,0.04414526284999987,0.1699545914802547,7.1308661464831005,0.07289507662420114
NearestNeighbors,36,chip_simple_dx0p000_dym5p455__Lj12p0nH_Cj2p0fF__roL8p5mm__tee_fl160um_fc12_cg1p2um__rpg1p4um,4.72839728936,5.92461245195,5.86921667430687,213.1829395597018,5.58090723401915,5,chip_simple_dxm1p818_dym5p455__Lj12p0nH_Cj2p0fF__roL8p5mm__tee_fl160um_fc12_cg1p2um__rpg1p4um,4.7318810337,5.8991692509,6.516467071210861,219.56127284942733,5.651987028527368,0.5541279406650564,0.0034837443399995394,0.025443201049999864,0.6472503969039911,6.378333289725532,0.07107979450821844
NearestNeighbors,36,chip_simple_dx0p000_dym5p455__Lj12p0nH_Cj2p0fF__roL8p5mm__tee_fl160um_fc12_cg1p2um__rpg1p4um,4.72839728936,5.92461245195,5.86921667430687,213.1829395597018,5.58090723401915,6,chip_simple_dx4p545_dy0p000__Lj12p0nH_Cj2p0fF__roL8p5mm__tee_fl160um_fc12_cg1p2um__rpg1p4um,4.7350581972,5.93645736802,6.4650667580204,224.52510583681948,5.625215131929476,0.5569952550867221,0.00666090783999973,0.011844916070000266,0.5958500837135308,11.342166277117684,0.04430789791032641
NearestNeighbors,36,chip_simple_dx0p000_dym5p455__Lj12p0nH_Cj2p0fF__roL8p5mm__tee_fl160um_fc12_cg1p2um__rpg1p4um,4.72839728936,5.92461245195,5.86921667430687,213.1829395597018,5.58090723401915,7,chip_simple_dx0p909_dym3p636__Lj12p0nH_Cj2p0fF__roL8p5mm__tee_fl160um_fc12_cg1p2um__rpg1p4um,4.74299007193,5.97185553704,5.585872956563949,212.43614000136665,5.67605929438614,0.5655859785556588,0.014592782570000296,0.04724308508999986,0.28334371774292055,0.746799558335141,0.0951520603669902
NearestNeighbors,36,chip_simple_dx0p000_dym5p455__Lj12p0nH_Cj2p0fF__roL8p5mm__tee_fl160um_fc12_cg1p2um__rpg1p4um,4.72839728936,5.92461245195,5.86921667430687,213.1829395597018,5.58090723401915,8,chip_simple_dxm5p455_dym8p182__Lj12p0nH_Cj2p0fF__roL8p5mm__tee_fl160um_fc12_cg1p2um__rpg1p4um,4.71323634559,5.96308581689,6.014703723955154,225.4138802593673,5.645748272445109,0.5885091263325339,0.015160943769999768,0.038473364939999755,0.14548704964828474,12.230940699665496,0.06484103842595967
NearestNeighbors,36,chip_simple_dx0p000_dym5p455__Lj12p0nH_Cj2p0fF__roL8p5mm__tee_fl160um_fc12_cg1p2um__rpg1p4um,4.72839728936,5.92461245195,5.86921667430687,213.1829395597018,5.58090723401915,9,chip_simple_dx8p182_dym9p091__Lj12p0nH_Cj2p0fF__roL8p5mm__tee_fl160um_fc12_cg1p2um__rpg1p4um,4.69794764375,5.92675568612,6.2352093673686975,226.629875520666,5.613791258445734,0.644538407270003,0.030449645610000076,0.0021432341700000634,0.3659926930618278,13.446935960964197,0.032884024426584446
NearestNeighbors,36,chip_simple_dx0p000_dym5p455__Lj12p0nH_Cj2p0fF__roL8p5mm__tee_fl160um_fc12_cg1p2um__rpg1p4um,4.72839728936,5.92461245195,5.86921667430687,213.1829395597018,5.58090723401915,10,chip_simple_dxm4p545_dym9p091__Lj12p0nH_Cj2p0fF__roL8p5mm__tee_fl160um_fc12_cg1p2um__rpg1p4um,4.69773021733,5.95687180339,6.086008621444702,228.9567271397228,5.6533002689778415,0.7659230155437817,0.030667072029999964,0.03225935144000047,0.2167919471378319,15.773787580021008,0.07239303495869187
NearestNeighbors,37,chip_simple_dx0p000_dym3p636__Lj12p0nH_Cj2p0fF__roL8p5mm__tee_fl160um_fc12_cg1p2um__rpg1p4um,4.72612336149,6.18704295133,5.69404318081665,252.795946074152,6.004656007623384,1,chip_simple_dx2p727_dy2p727__Lj12p0nH_Cj2p0fF__roL8p5mm__tee_fl160um_fc12_cg1p2um__rpg1p4um,4.73128014823,6.18706920741,5.709969924663543,252.0300867867861,5.997949180219245,0.07668681683608156,0.0051567867399997525,2.6256080000841564e-05,0.015926743846892855,0.7658592873659131,0.006706827404139304
NearestNeighbors,37,chip_simple_dx0p000_dym3p636__Lj12p0nH_Cj2p0fF__roL8p5mm__tee_fl160um_fc12_cg1p2um__rpg1p4um,4.72612336149,6.18704295133,5.69404318081665,252.795946074152,6.004656007623384,2,chip_simple_dxm7p273_dym5p455__Lj12p0nH_Cj2p0fF__roL8p5mm__tee_fl160um_fc12_cg1p2um__rpg1p4um,4.73184455751,6.20479563684,5.572578645385742,251.6877216406616,6.007676605765333,0.14555818135498144,0.0057211960199996525,0.017752685510000532,0.12146453543090807,1.108224433490392,0.0030205981419486605
NearestNeighbors,37,chip_simple_dx0p000_dym3p636__Lj12p0nH_Cj2p0fF__roL8p5mm__tee_fl160um_fc12_cg1p2um__rpg1p4um,4.72612336149,6.18704295133,5.69404318081665,252.795946074152,6.004656007623384,3,chip_simple_dxm8p182_dym4p545__Lj12p0nH_Cj2p0fF__roL8p5mm__tee_fl160um_fc12_cg1p2um__rpg1p4um,4.73043071526,6.17100144044,5.767042214794159,250.8990176723497,5.986730956844874,0.15308936001949772,0.0043073537699998,0.016041510889999167,0.07299903397750906,1.8969284018023131,0.017925050778510254
NearestNeighbors,37,chip_simple_dx0p000_dym3p636__Lj12p0nH_Cj2p0fF__roL8p5mm__tee_fl160um_fc12_cg1p2um__rpg1p4um,4.72612336149,6.18704295133,5.69404318081665,252.795946074152,6.004656007623384,4,chip_simple_dx2p727_dy4p545__Lj12p0nH_Cj2p0fF__roL8p5mm__tee_fl160um_fc12_cg1p2um__rpg1p4um,4.72661637865,6.17653112846,5.815809796421051,253.68702655650372,5.959841194906359,0.22677736794296097,0.0004930171600001643,0.010511822869999854,0.12176661560440039,0.8910804823517253,0.04481481271702492
NearestNeighbors,37,chip_simple_dx0p000_dym3p636__Lj12p0nH_Cj2p0fF__roL8p5mm__tee_fl160um_fc12_cg1p2um__rpg1p4um,4.72612336149,6.18704295133,5.69404318081665,252.795946074152,6.004656007623384,5,chip_simple_dxm1p818_dy6p364__Lj12p0nH_Cj2p0fF__roL8p5mm__tee_fl160um_fc12_cg1p2um__rpg1p4um,4.72288255884,6.16611156985,5.942852807521819,255.57392589996,5.983119778272944,0.23094532308526888,0.003240802649999708,0.020931381479999622,0.24880962670516915,2.7779798258079893,0.021536229350440195
NearestNeighbors,37,chip_simple_dx0p000_dym3p636__Lj12p0nH_Cj2p0fF__roL8p5mm__tee_fl160um_fc12_cg1p2um__rpg1p4um,4.72612336149,6.18704295133,5.69404318081665,252.795946074152,6.004656007623384,6,chip_simple_dx0p000_dym10p000__Lj12p0nH_Cj2p0fF__roL8p5mm__tee_fl160um_fc12_cg1p2um__rpg1p4um,4.72617335759,6.18783165048,5.473578181682586,247.93824058661983,5.979999407972001,0.23419718011424334,4.9996099999560784e-05,0.0007886991500001272,0.22046499913406414,4.857705487532172,0.024656599651383004
NearestNeighbors,37,chip_simple_dx0p000_dym3p636__Lj12p0nH_Cj2p0fF__roL8p5mm__tee_fl160um_fc12_cg1p2um__rpg1p4um,4.72612336149,6.18704295133,5.69404318081665,252.795946074152,6.004656007623384,7,chip_simple_dx10p000_dym8p182__Lj12p0nH_Cj2p0fF__roL8p5mm__tee_fl160um_fc12_cg1p2um__rpg1p4um,4.7278291272,6.203667918,5.357714031663894,247.43915307278945,5.999006200112647,0.27906733091642905,0.001705765709999696,0.01662496667000024,0.336329149152756,5.356793001362547,0.0056498075107374035
NearestNeighbors,37,chip_simple_dx0p000_dym3p636__Lj12p0nH_Cj2p0fF__roL8p5mm__tee_fl160um_fc12_cg1p2um__rpg1p4um,4.72612336149,6.18704295133,5.69404318081665,252.795946074152,6.004656007623384,8,chip_simple_dxm2p727_dy0p000__Lj12p0nH_Cj2p0fF__roL8p5mm__tee_fl160um_fc12_cg1p2um__rpg1p4um,4.70946736854,6.17220265584,5.747707520002365,255.1766850154424,5.971067509373771,0.28575299229221485,0.016655992949999643,0.014840295489999988,0.05366433918571456,2.3807389412903888,0.033588498249613075
NearestNeighbors,37,chip_simple_dx0p000_dym3p636__Lj12p0nH_Cj2p0fF__roL8p5mm__tee_fl160um_fc12_cg1p2um__rpg1p4um,4.72612336149,6.18704295133,5.69404318081665,252.795946074152,6.004656007623384,9,chip_simple_dxm7p273_dym0p909__Lj12p0nH_Cj2p0fF__roL8p5mm__tee_fl160um_fc12_cg1p2um__rpg1p4um,4.72621293074,6.21473069466,5.538169261859894,253.698082410752,6.053599860673863,0.28800228606399225,8.956925000003224e-05,0.02768774333000046,0.15587391895675662,0.9021363365999946,0.04894385305047866
NearestNeighbors,37,chip_simple_dx0p000_dym3p636__Lj12p0nH_Cj2p0fF__roL8p5mm__tee_fl160um_fc12_cg1p2um__rpg1p4um,4.72612336149,6.18704295133,5.69404318081665,252.795946074152,6.004656007623384,10,chip_simple_dx9p091_dym4p545__Lj12p0nH_Cj2p0fF__roL8p5mm__tee_fl160um_fc12_cg1p2um__rpg1p4um,4.74298968952,6.21595359683,5.546431172784805,250.5823135991841,6.029204485292758,0.3096848713832073,0.016866328029999877,0.028910645500000776,0.14761200803184504,2.213632474967909,0.024548477669373625
NearestNeighbors,38,chip_simple_dx0p000_dy7p273__Lj12p0nH_Cj2p0fF__roL8p5mm__tee_fl160um_fc12_cg1p2um__rpg1p4um,4.60121050011,6.17360640727,6.32578533212471,293.2158087846097,5.983718913317313,1,chip_simple_dx4p545_dym6p364__Lj12p0nH_Cj2p0fF__roL8p5mm__tee_fl160um_fc12_cg1p2um__rpg1p4um,4.61231478285,6.1335076061,6.798953771820068,294.2549832930316,5.929705086318325,0.45050582278163886,0.011104282740000748,0.04009880117000009,0.4731684396953586,1.0391745084219224,0.054013826998987824
NearestNeighbors,38,chip_simple_dx0p000_dy7p273__Lj12p0nH_Cj2p0fF__roL8p5mm__tee_fl160um_fc12_cg1p2um__rpg1p4um,4.60121050011,6.17360640727,6.32578533212471,293.2158087846097,5.983718913317313,2,chip_simple_dx10p000_dym2p727__Lj12p0nH_Cj2p0fF__roL8p5mm__tee_fl160um_fc12_cg1p2um__rpg1p4um,4.65444657204,6.15198201158,6.55648122142601,282.16818861633897,5.938804420909544,0.8112615778058453,0.053236071930000683,0.021624395689999965,0.23069588930130003,11.047620168270726,0.044914492407769124
NearestNeighbors,38,chip_simple_dx0p000_dy7p273__Lj12p0nH_Cj2p0fF__roL8p5mm__tee_fl160um_fc12_cg1p2um__rpg1p4um,4.60121050011,6.17360640727,6.32578533212471,293.2158087846097,5.983718913317313,3,chip_simple_dx7p273_dy6p364__Lj12p0nH_Cj2p0fF__roL8p5mm__tee_fl160um_fc12_cg1p2um__rpg1p4um,4.64195686026,6.15054121396,6.064661784154891,273.66878744595965,5.93995769375592,0.8781556660737744,0.040746360149999994,0.0230651933099999,0.2611235479698184,19.54702133865004,0.043761219561393006
NearestNeighbors,38,chip_simple_dx0p000_dy7p273__Lj12p0nH_Cj2p0fF__roL8p5mm__tee_fl160um_fc12_cg1p2um__rpg1p4um,4.60121050011,6.17360640727,6.32578533212471,293.2158087846097,5.983718913317313,4,chip_simple_dx4p545_dy3p636__Lj12p0nH_Cj2p0fF__roL8p5mm__tee_fl160um_fc12_cg1p2um__rpg1p4um,4.6391490467,6.1400873545,6.087010506978988,273.04723708403606,5.896341322884301,0.9485258192037597,0.0379385465900004,0.03351905277,0.2387748251457218,20.168571700573636,0.08737759043301185
NearestNeighbors,38,chip_simple_dx0p000_dy7p273__Lj12p0nH_Cj2p0fF__roL8p5mm__tee_fl160um_fc12_cg1p2um__rpg1p4um,4.60121050011,6.17360640727,6.32578533212471,293.2158087846097,5.983718913317313,5,chip_simple_dx2p727_dy10p000__Lj12p0nH_Cj2p0fF__roL8p5mm__tee_fl160um_fc12_cg1p2um__rpg1p4um,4.65896495843,6.23455703196,5.910671091032028,280.3326352659665,6.066617974357407,1.0137264172984042,0.0577544583200007,0.060950624689999344,0.4151142410926818,12.883173518643218,0.08289906104009415
NearestNeighbors,38,chip_simple_dx0p000_dy7p273__Lj12p0nH_Cj2p0fF__roL8p5mm__tee_fl160um_fc12_cg1p2um__rpg1p4um,4.60121050011,6.17360640727,6.32578533212471,293.2158087846097,5.983718913317313,6,chip_simple_dx2p727_dym0p909__Lj12p0nH_Cj2p0fF__roL8p5mm__tee_fl160um_fc12_cg1p2um__rpg1p4um,4.66661421666,6.17255406828,6.023148980243683,270.8126186858037,5.967388615030237,1.1291020287896891,0.06540371655000055,0.0010523389900001234,0.3026363518810271,22.403190098805965,0.016330298287075884
NearestNeighbors,38,chip_simple_dx0p000_dy7p273__Lj12p0nH_Cj2p0fF__roL8p5mm__tee_fl160um_fc12_cg1p2um__rpg1p4um,4.60121050011,6.17360640727,6.32578533212471,293.2158087846097,5.983718913317313,7,chip_simple_dxm3p636_dym8p182__Lj12p0nH_Cj2p0fF__roL8p5mm__tee_fl160um_fc12_cg1p2um__rpg1p4um,4.67477993862,6.16530840037,6.238829511974334,272.6481468594707,5.96410442198707,1.1587442832626684,0.07356943851000075,0.008298006900000487,0.08695582015037573,20.567661925138964,0.019614491330242956
NearestNeighbors,38,chip_simple_dx0p000_dy7p273__Lj12p0nH_Cj2p0fF__roL8p5mm__tee_fl160um_fc12_cg1p2um__rpg1p4um,4.60121050011,6.17360640727,6.32578533212471,293.2158087846097,5.983718913317313,8,chip_simple_dxm10p000_dym10p000__Lj12p0nH_Cj2p0fF__roL8p5mm__tee_fl160um_fc12_cg1p2um__rpg1p4um,4.64946141178,6.18114822933,5.55338666771698,264.9235520746813,5.965679116322728,1.211324826887746,0.048250911670000285,0.007541822059999426,0.7723986644077296,28.29225670992838,0.01803979699458491
NearestNeighbors,38,chip_simple_dx0p000_dy7p273__Lj12p0nH_Cj2p0fF__roL8p5mm__tee_fl160um_fc12_cg1p2um__rpg1p4um,4.60121050011,6.17360640727,6.32578533212471,293.2158087846097,5.983718913317313,9,chip_simple_dxm2p000_dym2p000__Lj12p0nH_Cj2p0fF__roL8p5mm__tee_fl160um_fc12_cg1p2um__rpg1p4um,4.66357232032,6.17425760616,5.776347432731628,266.16679365567177,5.948772404826305,1.2487993352323996,0.062361820210000474,0.0006511988899999821,0.549437899393082,27.049015128937924,0.03494650849100811
NearestNeighbors,38,chip_simple_dx0p000_dy7p273__Lj12p0nH_Cj2p0fF__roL8p5mm__tee_fl160um_fc12_cg1p2um__rpg1p4um,4.60121050011,6.17360640727,6.32578533212471,293.2158087846097,5.983718913317313,10,chip_simple_dxm9p091_dym6p364__Lj12p0nH_Cj2p0fF__roL8p5mm__tee_fl160um_fc12_cg1p2um__rpg1p4um,4.66020332147,6.12956510902,5.931523023582458,263.0344249512455,5.964119118926944,1.3013605713276621,0.05899282136000039,0.04404129825000069,0.39426230854225164,30.18138383336418,0.019599794390368963
NearestNeighbors,39,chip_simple_dx0p000_dy9p091__Lj12p0nH_Cj2p0fF__roL8p5mm__tee_fl160um_fc12_cg1p2um__rpg1p4um,4.69248631541,6.18716502488,5.242757017772674,249.32244368071773,5.952568618706093,1,chip_simple_dxm0p909_dym0p909__Lj12p0nH_Cj2p0fF__roL8p5mm__tee_fl160um_fc12_cg1p2um__rpg1p4um,4.68632924459,6.17134248768,5.411161615444184,252.1794734270908,5.976285666069374,0.20927255509133252,0.0061570708199996105,0.015822537200000042,0.16840459767151028,2.8570297463730867,0.02371704736328084
NearestNeighbors,39,chip_simple_dx0p000_dy9p091__Lj12p0nH_Cj2p0fF__roL8p5mm__tee_fl160um_fc12_cg1p2um__rpg1p4um,4.69248631541,6.18716502488,5.242757017772674,249.32244368071773,5.952568618706093,2,chip_simple_dxm6p364_dy10p000__Lj12p0nH_Cj2p0fF__roL8p5mm__tee_fl160um_fc12_cg1p2um__rpg1p4um,4.70012816843,6.17641107636,5.466408747419357,251.32112428887777,5.929765561427265,0.20998941982878822,0.007641853019999978,0.010753948519999668,0.2236517296466829,1.9986806081600434,0.022803057278827588
NearestNeighbors,39,chip_simple_dx0p000_dy9p091__Lj12p0nH_Cj2p0fF__roL8p5mm__tee_fl160um_fc12_cg1p2um__rpg1p4um,4.69248631541,6.18716502488,5.242757017772674,249.32244368071773,5.952568618706093,3,chip_simple_dxm3p636_dym6p364__Lj12p0nH_Cj2p0fF__roL8p5mm__tee_fl160um_fc12_cg1p2um__rpg1p4um,4.69919145175,6.17226446551,5.555493060129165,252.9426854633619,5.946935337018482,0.24572105367669553,0.0067051363399999175,0.01490055937000001,0.3127360423564909,3.6202417826441717,0.00563328168761057
NearestNeighbors,39,chip_simple_dx0p000_dy9p091__Lj12p0nH_Cj2p0fF__roL8p5mm__tee_fl160um_fc12_cg1p2um__rpg1p4um,4.69248631541,6.18716502488,5.242757017772674,249.32244368071773,5.952568618706093,4,chip_simple_dxm9p091_dy4p545__Lj12p0nH_Cj2p0fF__roL8p5mm__tee_fl160um_fc12_cg1p2um__rpg1p4um,4.70020646758,6.16959521458,5.58720127576828,253.10207266424865,5.941758744245985,0.2740370956551721,0.007720152170000105,0.01756981029999949,0.3444442579956055,3.7796289835309267,0.010809874460107949
NearestNeighbors,39,chip_simple_dx0p000_dy9p091__Lj12p0nH_Cj2p0fF__roL8p5mm__tee_fl160um_fc12_cg1p2um__rpg1p4um,4.69248631541,6.18716502488,5.242757017772674,249.32244368071773,5.952568618706093,5,chip_simple_dxm0p909_dy9p091__Lj12p0nH_Cj2p0fF__roL8p5mm__tee_fl160um_fc12_cg1p2um__rpg1p4um,4.69371229441,6.15775711443,5.5688977525024415,252.0576475169164,5.970794629409332,0.27602431613491674,0.0012259789999999882,0.029407910449999797,0.32614073472976735,2.7352038361986786,0.01822601070323948
NearestNeighbors,39,chip_simple_dx0p000_dy9p091__Lj12p0nH_Cj2p0fF__roL8p5mm__tee_fl160um_fc12_cg1p2um__rpg1p4um,4.69248631541,6.18716502488,5.242757017772674,249.32244368071773,5.952568618706093,6,chip_simple_dxm6p364_dy2p727__Lj12p0nH_Cj2p0fF__roL8p5mm__tee_fl160um_fc12_cg1p2um__rpg1p4um,4.69381999507,6.14208387603,5.425729793823242,246.2806752541244,5.919433779171552,0.3279723677695467,0.0013336796600000866,0.045081148849999586,0.18297277605056816,3.041768426593336,0.033134839534540994
NearestNeighbors,39,chip_simple_dx0p000_dy9p091__Lj12p0nH_Cj2p0fF__roL8p5mm__tee_fl160um_fc12_cg1p2um__rpg1p4um,4.69248631541,6.18716502488,5.242757017772674,249.32244368071773,5.952568618706093,7,chip_simple_dxm9p091_dym7p273__Lj12p0nH_Cj2p0fF__roL8p5mm__tee_fl160um_fc12_cg1p2um__rpg1p4um,4.68244497009,6.16560402472,5.596757998455048,256.3717628846066,5.975566995273393,0.37039638811489484,0.010041345320000339,0.02156100015999929,0.3540009806823736,7.049319203888871,0.022998376567300305
NearestNeighbors,39,chip_simple_dx0p000_dy9p091__Lj12p0nH_Cj2p0fF__roL8p5mm__tee_fl160um_fc12_cg1p2um__rpg1p4um,4.69248631541,6.18716502488,5.242757017772674,249.32244368071773,5.952568618706093,8,chip_simple_dxm3p636_dy3p636__Lj12p0nH_Cj2p0fF__roL8p5mm__tee_fl160um_fc12_cg1p2um__rpg1p4um,4.72242714711,6.18673541231,5.336548379825592,245.26485810969444,5.972626156449373,0.4136356742348923,0.02994083170000028,0.0004296125699996267,0.09379136205291783,4.0575855710232815,0.020057537743279674
NearestNeighbors,39,chip_simple_dx0p000_dy9p091__Lj12p0nH_Cj2p0fF__roL8p5mm__tee_fl160um_fc12_cg1p2um__rpg1p4um,4.69248631541,6.18716502488,5.242757017772674,249.32244368071773,5.952568618706093,9,chip_simple_dxm10p000_dym6p364__Lj12p0nH_Cj2p0fF__roL8p5mm__tee_fl160um_fc12_cg1p2um__rpg1p4um,4.72003215394,6.21311585123,5.277381808307648,248.5653481614014,5.993540423418498,0.4205933587916046,0.027545838530000033,0.02595082635000079,0.03462479053497347,0.7570955193163229,0.040971804712405024
NearestNeighbors,39,chip_simple_dx0p000_dy9p091__Lj12p0nH_Cj2p0fF__roL8p5mm__tee_fl160um_fc12_cg1p2um__rpg1p4um,4.69248631541,6.18716502488,5.242757017772674,249.32244368071773,5.952568618706093,10,chip_simple_dxm2p727_dy0p000__Lj12p0nH_Cj2p0fF__roL8p5mm__tee_fl160um_fc12_cg1p2um__rpg1p4um,4.70946736854,6.17220265584,5.747707520002365,255.1766850154424,5.971067509373771,0.4230209039115485,0.016981053130000312,0.014962369040000034,0.5049505022296907,5.854241334724662,0.018498890667678403
NearestNeighbors,40,chip_simple_dx0p909_dym10p000__Lj12p0nH_Cj2p0fF__roL8p5mm__tee_fl160um_fc12_cg1p2um__rpg1p4um,4.75971213917,6.07465492096,5.310514949054718,219.69317393009035,5.782856387995313,1,chip_simple_dxm10p000_dy10p000__Lj12p0nH_Cj2p0fF__roL8p5mm__tee_fl160um_fc12_cg1p2um__rpg1p4um,4.76420948131,6.07980929074,5.262032916395187,218.6923729557343,5.806839983012462,0.13424224742643392,0.004497342139999638,0.005154369780000501,0.048482032659530994,1.0008009743560535,0.02398359501714875
NearestNeighbors,40,chip_simple_dx0p909_dym10p000__Lj12p0nH_Cj2p0fF__roL8p5mm__tee_fl160um_fc12_cg1p2um__rpg1p4um,4.75971213917,6.07465492096,5.310514949054718,219.69317393009035,5.782856387995313,2,chip_simple_dxm0p909_dy8p182__Lj12p0nH_Cj2p0fF__roL8p5mm__tee_fl160um_fc12_cg1p2um__rpg1p4um,4.76253327326,6.09281262101,5.302599734979629,221.8855650743731,5.804085218059851,0.16260310127532726,0.0028211340899995108,0.018157700050000614,0.007915214075088883,2.1923911442827375,0.021228830064537796
NearestNeighbors,40,chip_simple_dx0p909_dym10p000__Lj12p0nH_Cj2p0fF__roL8p5mm__tee_fl160um_fc12_cg1p2um__rpg1p4um,4.75971213917,6.07465492096,5.310514949054718,219.69317393009035,5.782856387995313,3,chip_simple_dxm7p273_dy4p545__Lj12p0nH_Cj2p0fF__roL8p5mm__tee_fl160um_fc12_cg1p2um__rpg1p4um,4.74478453553,6.05547649219,5.373042161886215,221.0804417671074,5.791354520716529,0.22684605567744873,0.014927603640000342,0.0191784287699992,0.06252721283149754,1.387267837017049,0.00849813272121569
NearestNeighbors,40,chip_simple_dx0p909_dym10p000__Lj12p0nH_Cj2p0fF__roL8p5mm__tee_fl160um_fc12_cg1p2um__rpg1p4um,4.75971213917,6.07465492096,5.310514949054718,219.69317393009035,5.782856387995313,4,chip_simple_dx2p727_dym8p182__Lj12p0nH_Cj2p0fF__roL8p5mm__tee_fl160um_fc12_cg1p2um__rpg1p4um,4.76605487334,6.062936783,5.504983878475189,220.70248592051564,5.824211585305177,0.24453909097612014,0.006342734169999531,0.011718137959999986,0.1944689294204709,1.0093119904252887,0.04135519730986381
NearestNeighbors,40,chip_simple_dx0p909_dym10p000__Lj12p0nH_Cj2p0fF__roL8p5mm__tee_fl160um_fc12_cg1p2um__rpg1p4um,4.75971213917,6.07465492096,5.310514949054718,219.69317393009035,5.782856387995313,5,chip_simple_dxm2p727_dym3p636__Lj12p0nH_Cj2p0fF__roL8p5mm__tee_fl160um_fc12_cg1p2um__rpg1p4um,4.76214497172,6.03479088527,5.587802219089507,218.7280150264405,5.793013457094686,0.2789645335803001,0.0024328325499993753,0.039864035689999966,0.2772872700347895,0.9651589036498649,0.010157069099372862
NearestNeighbors,40,chip_simple_dx0p909_dym10p000__Lj12p0nH_Cj2p0fF__roL8p5mm__tee_fl160um_fc12_cg1p2um__rpg1p4um,4.75971213917,6.07465492096,5.310514949054718,219.69317393009035,5.782856387995313,6,chip_simple_dx7p273_dy4p545__Lj12p0nH_Cj2p0fF__roL8p5mm__tee_fl160um_fc12_cg1p2um__rpg1p4um,4.76463364249,6.06778348676,5.540035029947281,222.43563515503288,5.83218068473875,0.2859449010647521,0.00492150331999941,0.006871434199999804,0.22952008089256282,2.742461224942531,0.0493242967434373
NearestNeighbors,40,chip_simple_dx0p909_dym10p000__Lj12p0nH_Cj2p0fF__roL8p5mm__tee_fl160um_fc12_cg1p2um__rpg1p4um,4.75971213917,6.07465492096,5.310514949054718,219.69317393009035,5.782856387995313,7,chip_simple_dxm8p182_dym2p727__Lj12p0nH_Cj2p0fF__roL8p5mm__tee_fl160um_fc12_cg1p2um__rpg1p4um,4.74763898771,6.06492901197,5.550595968381882,225.6424239894449,5.805846601859689,0.3085822334162297,0.012073151460000098,0.009725908989999255,0.24008101932716386,5.94925005935454,0.022990213864376052
NearestNeighbors,40,chip_simple_dx0p909_dym10p000__Lj12p0nH_Cj2p0fF__roL8p5mm__tee_fl160um_fc12_cg1p2um__rpg1p4um,4.75971213917,6.07465492096,5.310514949054718,219.69317393009035,5.782856387995313,8,chip_simple_dx3p636_dy9p091__Lj12p0nH_Cj2p0fF__roL8p5mm__tee_fl160um_fc12_cg1p2um__rpg1p4um,4.75576570631,6.07168713414,5.601566335306168,226.12949018838373,5.825369051623113,0.33822996111388254,0.003946432860000293,0.0029677868199993185,0.2910513862514499,6.436316258293374,0.04251266362780015
NearestNeighbors,40,chip_simple_dx0p909_dym10p000__Lj12p0nH_Cj2p0fF__roL8p5mm__tee_fl160um_fc12_cg1p2um__rpg1p4um,4.75971213917,6.07465492096,5.310514949054718,219.69317393009035,5.782856387995313,9,chip_simple_dx7p273_dy9p091__Lj12p0nH_Cj2p0fF__roL8p5mm__tee_fl160um_fc12_cg1p2um__rpg1p4um,4.77325080353,6.03297215026,5.541249745204925,215.22790751327605,5.779259447895125,0.34989961501566696,0.013538664359999508,0.041682770699999594,0.2307347961502071,4.465266416814302,0.003596940100187851
NearestNeighbors,40,chip_simple_dx0p909_dym10p000__Lj12p0nH_Cj2p0fF__roL8p5mm__tee_fl160um_fc12_cg1p2um__rpg1p4um,4.75971213917,6.07465492096,5.310514949054718,219.69317393009035,5.782856387995313,10,chip_simple_dx0p000_dym1p818__Lj12p0nH_Cj2p0fF__roL8p5mm__tee_fl160um_fc12_cg1p2um__rpg1p4um,4.77800352664,6.03900127346,5.563499463333129,215.7146221661486,5.782618175352404,0.3609531813118755,0.018291387469999698,0.03565364749999933,0.2529845142784115,3.9785517639417662,0.00023821264290901922
NearestNeighbors,41,chip_simple_dx0p909_dym0p909__Lj12p0nH_Cj2p0fF__roL8p5mm__tee_fl160um_fc12_cg1p2um__rpg1p4um,4.73041475635,6.13915705239,5.531350560152053,240.65162948709263,5.907224899753467,1,chip_simple_dx0p909_dym9p091__Lj12p0nH_Cj2p0fF__roL8p5mm__tee_fl160um_fc12_cg1p2um__rpg1p4um,4.73292662921,6.13968220021,5.629279759424209,242.34971323214788,5.904117804172508,0.08656801387656497,0.002511872859999542,0.000525147820000349,0.09792919927215582,1.6980837450552428,0.00310709558095823
NearestNeighbors,41,chip_simple_dx0p909_dym0p909__Lj12p0nH_Cj2p0fF__roL8p5mm__tee_fl160um_fc12_cg1p2um__rpg1p4um,4.73041475635,6.13915705239,5.531350560152053,240.65162948709263,5.907224899753467,2,chip_simple_dxm10p000_dy6p364__Lj12p0nH_Cj2p0fF__roL8p5mm__tee_fl160um_fc12_cg1p2um__rpg1p4um,4.72047666907,6.13292859683,5.448801997238159,239.8053726208776,5.897409581121149,0.1475201142695242,0.009938087280000119,0.006228455559999624,0.08254856291389423,0.8462568662150431,0.009815318632317549
NearestNeighbors,41,chip_simple_dx0p909_dym0p909__Lj12p0nH_Cj2p0fF__roL8p5mm__tee_fl160um_fc12_cg1p2um__rpg1p4um,4.73041475635,6.13915705239,5.531350560152053,240.65162948709263,5.907224899753467,3,chip_simple_dx2p727_dy8p182__Lj12p0nH_Cj2p0fF__roL8p5mm__tee_fl160um_fc12_cg1p2um__rpg1p4um,4.72577115301,6.11702248151,5.67343218500328,241.13444090201696,5.90532555190526,0.15916496281032552,0.004643603339999913,0.022134570879999593,0.14208162485122688,0.48281141492432766,0.0018993478482070003
NearestNeighbors,41,chip_simple_dx0p909_dym0p909__Lj12p0nH_Cj2p0fF__roL8p5mm__tee_fl160um_fc12_cg1p2um__rpg1p4um,4.73041475635,6.13915705239,5.531350560152053,240.65162948709263,5.907224899753467,4,chip_simple_dx4p545_dy7p273__Lj12p0nH_Cj2p0fF__roL8p5mm__tee_fl160um_fc12_cg1p2um__rpg1p4um,4.73077815544,6.15447000621,5.330749682794571,238.4649203761867,5.9255175601275605,0.18024272529966318,0.0003633990900002715,0.01531295382000053,0.20060087735748233,2.186709110905923,0.018292660374093828
NearestNeighbors,41,chip_simple_dx0p909_dym0p909__Lj12p0nH_Cj2p0fF__roL8p5mm__tee_fl160um_fc12_cg1p2um__rpg1p4um,4.73041475635,6.13915705239,5.531350560152053,240.65162948709263,5.907224899753467,5,chip_simple_dx10p000_dym6p364__Lj12p0nH_Cj2p0fF__roL8p5mm__tee_fl160um_fc12_cg1p2um__rpg1p4um,4.72676334755,6.12769509524,5.428620394487381,237.2099123366833,5.930169327664392,0.18436225820771385,0.0036514087999997002,0.011461957149999868,0.10273016566467241,3.441717150409346,0.022944427910925214
NearestNeighbors,41,chip_simple_dx0p909_dym0p909__Lj12p0nH_Cj2p0fF__roL8p5mm__tee_fl160um_fc12_cg1p2um__rpg1p4um,4.73041475635,6.13915705239,5.531350560152053,240.65162948709263,5.907224899753467,6,chip_simple_dx1p818_dy2p727__Lj12p0nH_Cj2p0fF__roL8p5mm__tee_fl160um_fc12_cg1p2um__rpg1p4um,4.73051218304,6.12803325906,5.421712024963378,236.38667356093669,5.88764607320176,0.19040974173105155,9.742669000001314e-05,0.011123793329999465,0.10963853518867506,4.264955926155949,0.019578826551706285
NearestNeighbors,41,chip_simple_dx0p909_dym0p909__Lj12p0nH_Cj2p0fF__roL8p5mm__tee_fl160um_fc12_cg1p2um__rpg1p4um,4.73041475635,6.13915705239,5.531350560152053,240.65162948709263,5.907224899753467,7,chip_simple_dx3p636_dy8p182__Lj12p0nH_Cj2p0fF__roL8p5mm__tee_fl160um_fc12_cg1p2um__rpg1p4um,4.73023832949,6.13512220294,5.346158240707397,235.8529741168492,5.904860917666218,0.19354504066350656,0.00017642686000041152,0.004034849449999989,0.1851923194446563,4.798655370243438,0.0023639820872487505
NearestNeighbors,41,chip_simple_dx0p909_dym0p909__Lj12p0nH_Cj2p0fF__roL8p5mm__tee_fl160um_fc12_cg1p2um__rpg1p4um,4.73041475635,6.13915705239,5.531350560152053,240.65162948709263,5.907224899753467,8,chip_simple_dx8p182_dym10p000__Lj12p0nH_Cj2p0fF__roL8p5mm__tee_fl160um_fc12_cg1p2um__rpg1p4um,4.73563005446,6.15362550307,5.325074096298217,237.175550951066,5.915441773143484,0.19825317797948994,0.005215298109999544,0.014468450679999911,0.20627646385383613,3.476078536026648,0.008216873390017199
NearestNeighbors,41,chip_simple_dx0p909_dym0p909__Lj12p0nH_Cj2p0fF__roL8p5mm__tee_fl160um_fc12_cg1p2um__rpg1p4um,4.73041475635,6.13915705239,5.531350560152053,240.65162948709263,5.907224899753467,9,chip_simple_dx5p455_dym2p727__Lj12p0nH_Cj2p0fF__roL8p5mm__tee_fl160um_fc12_cg1p2um__rpg1p4um,4.72671328787,6.1181183266,5.450069299165725,236.2126742133905,5.905966219312021,0.200634232411605,0.0037014684800000808,0.021038725789999546,0.08128126098632826,4.438955273702135,0.0012586804414453923
NearestNeighbors,41,chip_simple_dx0p909_dym0p909__Lj12p0nH_Cj2p0fF__roL8p5mm__tee_fl160um_fc12_cg1p2um__rpg1p4um,4.73041475635,6.13915705239,5.531350560152053,240.65162948709263,5.907224899753467,10,chip_simple_dx10p000_dym4p545__Lj12p0nH_Cj2p0fF__roL8p5mm__tee_fl160um_fc12_cg1p2um__rpg1p4um,4.72887741733,6.11605763171,5.721568623006821,241.3895574816467,5.882844555175796,0.20381459307894068,0.0015373390200004167,0.023099420679999483,0.1902180628547674,0.7379279945540702,0.024380344577670243
NearestNeighbors,42,chip_simple_dx0p909_dy1p818__Lj12p0nH_Cj2p0fF__roL8p5mm__tee_fl160um_fc12_cg1p2um__rpg1p4um,4.72805541503,5.96254016051,6.395456623533248,229.17457992820783,5.710812142211281,1,chip_simple_dxm0p909_dy4p545__Lj12p0nH_Cj2p0fF__roL8p5mm__tee_fl160um_fc12_cg1p2um__rpg1p4um,4.7332354087,5.97981485633,6.195107574489593,227.38497188220632,5.728661585836097,0.19112156694979612,0.005179993669999661,0.017274695820000296,0.20034904904365547,1.7896080460015185,0.017849443624815997
NearestNeighbors,42,chip_simple_dx0p909_dy1p818__Lj12p0nH_Cj2p0fF__roL8p5mm__tee_fl160um_fc12_cg1p2um__rpg1p4um,4.72805541503,5.96254016051,6.395456623533248,229.17457992820783,5.710812142211281,2,chip_simple_dxm6p364_dy7p273__Lj12p0nH_Cj2p0fF__roL8p5mm__tee_fl160um_fc12_cg1p2um__rpg1p4um,4.74220530909,5.96110218154,6.471195480819702,227.23819529883824,5.728633425549979,0.21060918238505866,0.014149894060000001,0.0014379789699994205,0.07573885728645369,1.9363846293695985,0.017821283338697924
NearestNeighbors,42,chip_simple_dx0p909_dy1p818__Lj12p0nH_Cj2p0fF__roL8p5mm__tee_fl160um_fc12_cg1p2um__rpg1p4um,4.72805541503,5.96254016051,6.395456623533248,229.17457992820783,5.710812142211281,3,chip_simple_dx9p091_dy2p727__Lj12p0nH_Cj2p0fF__roL8p5mm__tee_fl160um_fc12_cg1p2um__rpg1p4um,4.73573589761,5.98065811264,6.137298337150574,225.8565206861277,5.714952670110322,0.23098742083765508,0.007680482579999648,0.018117952129999892,0.2581582863826748,3.3180592420801247,0.004140527899041402
NearestNeighbors,42,chip_simple_dx0p909_dy1p818__Lj12p0nH_Cj2p0fF__roL8p5mm__tee_fl160um_fc12_cg1p2um__rpg1p4um,4.72805541503,5.96254016051,6.395456623533248,229.17457992820783,5.710812142211281,4,chip_simple_dxm1p818_dym10p000__Lj12p0nH_Cj2p0fF__roL8p5mm__tee_fl160um_fc12_cg1p2um__rpg1p4um,4.72213098232,5.99382514578,6.216597866516113,232.5260761215951,5.710682925319376,0.24230005854826667,0.00592443270999965,0.03128498527000012,0.17885875701713516,3.351496193387277,0.0001292168919047043
NearestNeighbors,42,chip_simple_dx0p909_dy1p818__Lj12p0nH_Cj2p0fF__roL8p5mm__tee_fl160um_fc12_cg1p2um__rpg1p4um,4.72805541503,5.96254016051,6.395456623533248,229.17457992820783,5.710812142211281,5,chip_simple_dx3p636_dy0p000__Lj12p0nH_Cj2p0fF__roL8p5mm__tee_fl160um_fc12_cg1p2um__rpg1p4um,4.70882035794,5.9422654803,6.4021899407176965,229.9937839696689,5.689626408771035,0.2851242838375354,0.019235057090000396,0.020274680210000007,0.00673331718444814,0.8192040414610631,0.021185733440245436
NearestNeighbors,42,chip_simple_dx0p909_dy1p818__Lj12p0nH_Cj2p0fF__roL8p5mm__tee_fl160um_fc12_cg1p2um__rpg1p4um,4.72805541503,5.96254016051,6.395456623533248,229.17457992820783,5.710812142211281,6,chip_simple_dx1p818_dym9p091__Lj12p0nH_Cj2p0fF__roL8p5mm__tee_fl160um_fc12_cg1p2um__rpg1p4um,4.73395858035,5.98672827489,5.994751743192673,224.6710358694394,5.7112226948008775,0.31199993933713277,0.0059031653200003475,0.024188114380000236,0.4007048803405757,4.503544058768426,0.00041055258959676877
NearestNeighbors,42,chip_simple_dx0p909_dy1p818__Lj12p0nH_Cj2p0fF__roL8p5mm__tee_fl160um_fc12_cg1p2um__rpg1p4um,4.72805541503,5.96254016051,6.395456623533248,229.17457992820783,5.710812142211281,7,chip_simple_dx0p000_dy3p636__Lj12p0nH_Cj2p0fF__roL8p5mm__tee_fl160um_fc12_cg1p2um__rpg1p4um,4.70597831203,5.97410979195,6.13302826451683,230.9917126460824,5.688203723513988,0.34241610239469483,0.022077102999999987,0.01156963144000045,0.26242835901641826,1.817132717874557,0.022608418697292798
NearestNeighbors,42,chip_simple_dx0p909_dy1p818__Lj12p0nH_Cj2p0fF__roL8p5mm__tee_fl160um_fc12_cg1p2um__rpg1p4um,4.72805541503,5.96254016051,6.395456623533248,229.17457992820783,5.710812142211281,8,chip_simple_dx1p818_dy7p273__Lj12p0nH_Cj2p0fF__roL8p5mm__tee_fl160um_fc12_cg1p2um__rpg1p4um,4.70826655373,5.99263086685,5.863451439090729,228.39791043317305,5.715696208117421,0.4249072974867127,0.01978886130000035,0.030090706340000217,0.5320051844425198,0.7766694950347812,0.0048840659061406555
NearestNeighbors,42,chip_simple_dx0p909_dy1p818__Lj12p0nH_Cj2p0fF__roL8p5mm__tee_fl160um_fc12_cg1p2um__rpg1p4um,4.72805541503,5.96254016051,6.395456623533248,229.17457992820783,5.710812142211281,9,chip_simple_dxm3p636_dy0p000__Lj12p0nH_Cj2p0fF__roL8p5mm__tee_fl160um_fc12_cg1p2um__rpg1p4um,4.70838073554,5.99696765617,5.903114487281799,229.85254512138803,5.729679412558419,0.4272139235850942,0.019674679490000457,0.03442749566000014,0.49234213625144907,0.6779651931801993,0.018867270347138643
NearestNeighbors,42,chip_simple_dx0p909_dy1p818__Lj12p0nH_Cj2p0fF__roL8p5mm__tee_fl160um_fc12_cg1p2um__rpg1p4um,4.72805541503,5.96254016051,6.395456623533248,229.17457992820783,5.710812142211281,10,chip_simple_dxm5p455_dym8p182__Lj12p0nH_Cj2p0fF__roL8p5mm__tee_fl160um_fc12_cg1p2um__rpg1p4um,4.71323634559,5.96308581689,6.014703723955154,225.4138802593673,5.645748272445109,0.4309880474097267,0.014819069439999666,0.0005456563799999259,0.380752899578094,3.7606996688405445,0.0650638697661714
NearestNeighbors,43,chip_simple_dx0p909_dy8p182__Lj12p0nH_Cj2p0fF__roL8p5mm__tee_fl160um_fc12_cg1p2um__rpg1p4um,4.68790432134,6.07605330218,6.1550839484939575,252.6847248926069,5.829326184395551,1,chip_simple_dx1p818_dy0p000__Lj12p0nH_Cj2p0fF__roL8p5mm__tee_fl160um_fc12_cg1p2um__rpg1p4um,4.68111378467,6.07792819925,6.160216600387573,254.68171473649764,5.840109825142222,0.11973027009341992,0.006790536669999625,0.0018748970699995482,0.0051326518936152254,1.9969898438907308,0.01078364074667082
NearestNeighbors,43,chip_simple_dx0p909_dy8p182__Lj12p0nH_Cj2p0fF__roL8p5mm__tee_fl160um_fc12_cg1p2um__rpg1p4um,4.68790432134,6.07605330218,6.1550839484939575,252.6847248926069,5.829326184395551,2,chip_simple_dx0p909_dy2p727__Lj12p0nH_Cj2p0fF__roL8p5mm__tee_fl160um_fc12_cg1p2um__rpg1p4um,4.68950459777,6.08766133854,6.096332340703964,253.08284499290465,5.866286461039824,0.18622124949130733,0.0016002764300004912,0.011608036360000185,0.05875160778999344,0.3981201002977457,0.03696027664427248
NearestNeighbors,43,chip_simple_dx0p909_dy8p182__Lj12p0nH_Cj2p0fF__roL8p5mm__tee_fl160um_fc12_cg1p2um__rpg1p4um,4.68790432134,6.07605330218,6.1550839484939575,252.6847248926069,5.829326184395551,3,chip_simple_dxm8p182_dy5p455__Lj12p0nH_Cj2p0fF__roL8p5mm__tee_fl160um_fc12_cg1p2um__rpg1p4um,4.70090830216,6.08954676117,6.185020620603561,252.7010445145384,5.852490302512357,0.20952346136884215,0.013003980820000649,0.013493458990000207,0.029936672109603712,0.01631962193150116,0.023164118116805632
NearestNeighbors,43,chip_simple_dx0p909_dy8p182__Lj12p0nH_Cj2p0fF__roL8p5mm__tee_fl160um_fc12_cg1p2um__rpg1p4um,4.68790432134,6.07605330218,6.1550839484939575,252.6847248926069,5.829326184395551,4,chip_simple_dx10p000_dym1p818__Lj12p0nH_Cj2p0fF__roL8p5mm__tee_fl160um_fc12_cg1p2um__rpg1p4um,4.69464793401,6.11019400861,6.101083616342544,255.8484712973412,5.818187065933997,0.24120994105635957,0.006743612670000232,0.03414070642999967,0.05400033215141331,3.1637464047342974,0.011139118461554354
NearestNeighbors,43,chip_simple_dx0p909_dy8p182__Lj12p0nH_Cj2p0fF__roL8p5mm__tee_fl160um_fc12_cg1p2um__rpg1p4um,4.68790432134,6.07605330218,6.1550839484939575,252.6847248926069,5.829326184395551,5,chip_simple_dxm5p455_dy6p364__Lj12p0nH_Cj2p0fF__roL8p5mm__tee_fl160um_fc12_cg1p2um__rpg1p4um,4.7062138106,6.06522709251,6.311736516672134,250.0218379600024,5.815405762039038,0.2762441290619725,0.018309489260000866,0.010826209670000253,0.15665256817817674,2.662886932604522,0.01392042235651303
NearestNeighbors,43,chip_simple_dx0p909_dy8p182__Lj12p0nH_Cj2p0fF__roL8p5mm__tee_fl160um_fc12_cg1p2um__rpg1p4um,4.68790432134,6.07605330218,6.1550839484939575,252.6847248926069,5.829326184395551,6,chip_simple_dx5p455_dy2p727__Lj12p0nH_Cj2p0fF__roL8p5mm__tee_fl160um_fc12_cg1p2um__rpg1p4um,4.68450192494,6.04838752866,6.060318185382843,246.72047979195173,5.809511348960735,0.2772056147182991,0.0034023963999993967,0.02766577351999988,0.09476576311111451,5.964245100655177,0.019814835434816658
NearestNeighbors,43,chip_simple_dx0p909_dy8p182__Lj12p0nH_Cj2p0fF__roL8p5mm__tee_fl160um_fc12_cg1p2um__rpg1p4um,4.68790432134,6.07605330218,6.1550839484939575,252.6847248926069,5.829326184395551,7,chip_simple_dx8p182_dym1p818__Lj12p0nH_Cj2p0fF__roL8p5mm__tee_fl160um_fc12_cg1p2um__rpg1p4um,4.68525295522,6.09379748036,6.095650871637344,255.11644504269023,5.8822544461123405,0.2788803486799244,0.0026513661199993876,0.01774417818000007,0.05943307685661381,2.431720150083322,0.052928261716789216
NearestNeighbors,43,chip_simple_dx0p909_dy8p182__Lj12p0nH_Cj2p0fF__roL8p5mm__tee_fl160um_fc12_cg1p2um__rpg1p4um,4.68790432134,6.07605330218,6.1550839484939575,252.6847248926069,5.829326184395551,8,chip_simple_dxm4p545_dym8p182__Lj12p0nH_Cj2p0fF__roL8p5mm__tee_fl160um_fc12_cg1p2um__rpg1p4um,4.70192752994,6.05323396604,6.2145116127338405,246.8898807551624,5.839847717118128,0.29746873034987803,0.014023208600000281,0.022819336140000424,0.059427664239882994,5.7948441374445,0.010521532722576943
NearestNeighbors,43,chip_simple_dx0p909_dy8p182__Lj12p0nH_Cj2p0fF__roL8p5mm__tee_fl160um_fc12_cg1p2um__rpg1p4um,4.68790432134,6.07605330218,6.1550839484939575,252.6847248926069,5.829326184395551,9,chip_simple_dx10p000_dym3p636__Lj12p0nH_Cj2p0fF__roL8p5mm__tee_fl160um_fc12_cg1p2um__rpg1p4um,4.70070496194,6.04487004836,6.44764097164917,250.48907377671824,5.824760812131007,0.29826817239915193,0.01280064060000008,0.03118325382000009,0.29255702315521237,2.1956511158886656,0.00456537226454401
NearestNeighbors,43,chip_simple_dx0p909_dy8p182__Lj12p0nH_Cj2p0fF__roL8p5mm__tee_fl160um_fc12_cg1p2um__rpg1p4um,4.68790432134,6.07605330218,6.1550839484939575,252.6847248926069,5.829326184395551,10,chip_simple_dx3p636_dy6p364__Lj12p0nH_Cj2p0fF__roL8p5mm__tee_fl160um_fc12_cg1p2um__rpg1p4um,4.70747191391,6.07732489971,6.088856940464019,247.2841235563809,5.838361767601531,0.3104735493514855,0.019567592570000514,0.001271597529999724,0.06622700802993808,5.4006013362260035,0.009035583205979414
NearestNeighbors,44,chip_simple_dx1p818_dym7p273__Lj12p0nH_Cj2p0fF__roL8p5mm__tee_fl160um_fc12_cg1p2um__rpg1p4um,4.74666112839,6.08358454415,5.664541106372833,231.1803356314868,5.849984420391888,1,chip_simple_dxm10p000_dym5p455__Lj12p0nH_Cj2p0fF__roL8p5mm__tee_fl160um_fc12_cg1p2um__rpg1p4um,4.74663028203,6.09244739086,5.497690521795272,229.06180088997965,5.833596212181217,0.14824744840769769,3.084636000050267e-05,0.008862846710000483,0.16685058457756075,2.1185347415071476,0.016388208210670996
NearestNeighbors,44,chip_simple_dx1p818_dym7p273__Lj12p0nH_Cj2p0fF__roL8p5mm__tee_fl160um_fc12_cg1p2um__rpg1p4um,4.74666112839,6.08358454415,5.664541106372833,231.1803356314868,5.849984420391888,2,chip_simple_dx5p455_dym9p091__Lj12p0nH_Cj2p0fF__roL8p5mm__tee_fl160um_fc12_cg1p2um__rpg1p4um,4.74946000079,6.06973702281,5.756615043542862,230.21871320620863,5.823921246974269,0.15888415580317727,0.0027988723999996523,0.01384752133999978,0.09207393717002876,0.9616224252781649,0.026063173417618657
NearestNeighbors,44,chip_simple_dx1p818_dym7p273__Lj12p0nH_Cj2p0fF__roL8p5mm__tee_fl160um_fc12_cg1p2um__rpg1p4um,4.74666112839,6.08358454415,5.664541106372833,231.1803356314868,5.849984420391888,3,chip_simple_dx7p273_dym2p727__Lj12p0nH_Cj2p0fF__roL8p5mm__tee_fl160um_fc12_cg1p2um__rpg1p4um,4.75484668771,6.06921513477,5.718313435150146,228.27848180607165,5.844076080583877,0.16768596546601366,0.008185559319999314,0.014369409379999531,0.053772328777313305,2.901853825415145,0.005908339808010865
NearestNeighbors,44,chip_simple_dx1p818_dym7p273__Lj12p0nH_Cj2p0fF__roL8p5mm__tee_fl160um_fc12_cg1p2um__rpg1p4um,4.74666112839,6.08358454415,5.664541106372833,231.1803356314868,5.849984420391888,4,chip_simple_dx3p636_dym0p909__Lj12p0nH_Cj2p0fF__roL8p5mm__tee_fl160um_fc12_cg1p2um__rpg1p4um,4.74682723468,6.06657591767,5.891095231824875,232.95693903075104,5.84385390194947,0.17198705990064564,0.00016610628999913502,0.01700862648000001,0.2265541254520418,1.7766033992642463,0.006130518442417632
NearestNeighbors,44,chip_simple_dx1p818_dym7p273__Lj12p0nH_Cj2p0fF__roL8p5mm__tee_fl160um_fc12_cg1p2um__rpg1p4um,4.74666112839,6.08358454415,5.664541106372833,231.1803356314868,5.849984420391888,5,chip_simple_dx0p909_dym7p273__Lj12p0nH_Cj2p0fF__roL8p5mm__tee_fl160um_fc12_cg1p2um__rpg1p4um,4.7614879753,6.08901350731,5.709311675077438,229.9700636116568,5.849530220387646,0.19453206068670262,0.014826846909999247,0.005428963159999967,0.04477056870460494,1.2102720198300005,0.00045420000424201135
NearestNeighbors,44,chip_simple_dx1p818_dym7p273__Lj12p0nH_Cj2p0fF__roL8p5mm__tee_fl160um_fc12_cg1p2um__rpg1p4um,4.74666112839,6.08358454415,5.664541106372833,231.1803356314868,5.849984420391888,6,chip_simple_dx6p364_dy2p727__Lj12p0nH_Cj2p0fF__roL8p5mm__tee_fl160um_fc12_cg1p2um__rpg1p4um,4.75293196551,6.07708289994,5.740933858938217,230.41754424422072,5.810778700049102,0.20600987381588426,0.0062708371199997615,0.0065016442100001015,0.07639275256538358,0.762791387266077,0.039205720342785355
NearestNeighbors,44,chip_simple_dx1p818_dym7p273__Lj12p0nH_Cj2p0fF__roL8p5mm__tee_fl160um_fc12_cg1p2um__rpg1p4um,4.74666112839,6.08358454415,5.664541106372833,231.1803356314868,5.849984420391888,7,chip_simple_dxm5p455_dym5p455__Lj12p0nH_Cj2p0fF__roL8p5mm__tee_fl160um_fc12_cg1p2um__rpg1p4um,4.73470923401,6.08624842403,5.670676468399048,234.1906472022272,5.826739823305008,0.21062323162142196,0.011951894380000105,0.002663879880000053,0.006135362026214786,3.010311570740413,0.023244597086879537
NearestNeighbors,44,chip_simple_dx1p818_dym7p273__Lj12p0nH_Cj2p0fF__roL8p5mm__tee_fl160um_fc12_cg1p2um__rpg1p4um,4.74666112839,6.08358454415,5.664541106372833,231.1803356314868,5.849984420391888,8,chip_simple_dxm6p364_dy5p455__Lj12p0nH_Cj2p0fF__roL8p5mm__tee_fl160um_fc12_cg1p2um__rpg1p4um,4.74714722938,6.10190388125,5.5239915411624905,230.99470980116783,5.886184494438364,0.2106946572243577,0.0004861009899999047,0.018319337100000332,0.14054956521034256,0.18562583031896907,0.036200074046476516
NearestNeighbors,44,chip_simple_dx1p818_dym7p273__Lj12p0nH_Cj2p0fF__roL8p5mm__tee_fl160um_fc12_cg1p2um__rpg1p4um,4.74666112839,6.08358454415,5.664541106372833,231.1803356314868,5.849984420391888,9,chip_simple_dx0p909_dym1p818__Lj12p0nH_Cj2p0fF__roL8p5mm__tee_fl160um_fc12_cg1p2um__rpg1p4um,4.74382125763,6.0716485122,5.499687352653504,226.4433546572846,5.834878033029041,0.21076826040209407,0.0028398707600008066,0.011936031949999482,0.16485375371932864,4.736980974202197,0.015106387362846974
NearestNeighbors,44,chip_simple_dx1p818_dym7p273__Lj12p0nH_Cj2p0fF__roL8p5mm__tee_fl160um_fc12_cg1p2um__rpg1p4um,4.74666112839,6.08358454415,5.664541106372833,231.1803356314868,5.849984420391888,10,chip_simple_dx2p727_dy5p455__Lj12p0nH_Cj2p0fF__roL8p5mm__tee_fl160um_fc12_cg1p2um__rpg1p4um,4.74208651799,6.09436211613,5.726268231283187,235.1566146380877,5.880473450765719,0.21344522671058316,0.004574610400000623,0.010777571980000289,0.06172712491035437,3.9762790066008904,0.03048903037383166
NearestNeighbors,45,chip_simple_dx1p818_dy3p636__Lj12p0nH_Cj2p0fF__roL8p5mm__tee_fl160um_fc12_cg1p2um__rpg1p4um,4.7147704111,6.16119909555,5.562345516431808,248.05193508888928,5.9861451046852325,1,chip_simple_dxm3p636_dy4p545__Lj12p0nH_Cj2p0fF__roL8p5mm__tee_fl160um_fc12_cg1p2um__rpg1p4um,4.71363061095,6.14572418614,5.668436658781052,248.2621666113731,5.949051840746841,0.2006953355803753,0.0011398001499998145,0.01547490940999996,0.10609114234924366,0.21023152248380939,0.03709326393839163
NearestNeighbors,45,chip_simple_dx1p818_dy3p636__Lj12p0nH_Cj2p0fF__roL8p5mm__tee_fl160um_fc12_cg1p2um__rpg1p4um,4.7147704111,6.16119909555,5.562345516431808,248.05193508888928,5.9861451046852325,2,chip_simple_dx0p000_dym10p000__Lj12p0nH_Cj2p0fF__roL8p5mm__tee_fl160um_fc12_cg1p2um__rpg1p4um,4.72617335759,6.18783165048,5.473578181682586,247.93824058661983,5.979999407972001,0.21403345393083364,0.011402946489999621,0.02663255492999994,0.08876733474922194,0.11369450226945332,0.006145696713231175
NearestNeighbors,45,chip_simple_dx1p818_dy3p636__Lj12p0nH_Cj2p0fF__roL8p5mm__tee_fl160um_fc12_cg1p2um__rpg1p4um,4.7147704111,6.16119909555,5.562345516431808,248.05193508888928,5.9861451046852325,3,chip_simple_dxm3p636_dy3p636__Lj12p0nH_Cj2p0fF__roL8p5mm__tee_fl160um_fc12_cg1p2um__rpg1p4um,4.72242714711,6.18673541231,5.336548379825592,245.26485810969444,5.972626156449373,0.24131378461561187,0.007656736010000387,0.025536316760000233,0.22579713660621614,2.787076979194836,0.013518948235859973
NearestNeighbors,45,chip_simple_dx1p818_dy3p636__Lj12p0nH_Cj2p0fF__roL8p5mm__tee_fl160um_fc12_cg1p2um__rpg1p4um,4.7147704111,6.16119909555,5.562345516431808,248.05193508888928,5.9861451046852325,4,chip_simple_dxm8p182_dym4p545__Lj12p0nH_Cj2p0fF__roL8p5mm__tee_fl160um_fc12_cg1p2um__rpg1p4um,4.73043071526,6.17100144044,5.767042214794159,250.8990176723497,5.986730956844874,0.253048281030454,0.01566030415999986,0.009802344890000647,0.20469669836235127,2.8470825834604057,0.0005858521596415756
NearestNeighbors,45,chip_simple_dx1p818_dy3p636__Lj12p0nH_Cj2p0fF__roL8p5mm__tee_fl160um_fc12_cg1p2um__rpg1p4um,4.7147704111,6.16119909555,5.562345516431808,248.05193508888928,5.9861451046852325,5,chip_simple_dxm2p727_dy3p636__Lj12p0nH_Cj2p0fF__roL8p5mm__tee_fl160um_fc12_cg1p2um__rpg1p4um,4.72771327144,6.17379279793,5.623312453847885,248.72072138405872,5.943747599398507,0.2663120449207395,0.012942860339999918,0.012593702380000238,0.06096693741607684,0.6687862951694399,0.04239750528672559
NearestNeighbors,45,chip_simple_dx1p818_dy3p636__Lj12p0nH_Cj2p0fF__roL8p5mm__tee_fl160um_fc12_cg1p2um__rpg1p4um,4.7147704111,6.16119909555,5.562345516431808,248.05193508888928,5.9861451046852325,6,chip_simple_dxm2p727_dy0p000__Lj12p0nH_Cj2p0fF__roL8p5mm__tee_fl160um_fc12_cg1p2um__rpg1p4um,4.70946736854,6.17220265584,5.747707520002365,255.1766850154424,5.971067509373771,0.28483038589110216,0.005303042559999582,0.011003560289999825,0.18536200357055677,7.124749926553108,0.015077595311461245
NearestNeighbors,45,chip_simple_dx1p818_dy3p636__Lj12p0nH_Cj2p0fF__roL8p5mm__tee_fl160um_fc12_cg1p2um__rpg1p4um,4.7147704111,6.16119909555,5.562345516431808,248.05193508888928,5.9861451046852325,7,chip_simple_dx2p727_dy2p727__Lj12p0nH_Cj2p0fF__roL8p5mm__tee_fl160um_fc12_cg1p2um__rpg1p4um,4.73128014823,6.18706920741,5.709969924663543,252.0300867867861,5.997949180219245,0.3023441617682994,0.016509737129999813,0.025870111860000655,0.14762440823173506,3.9781516978968057,0.011804075534012526
NearestNeighbors,45,chip_simple_dx1p818_dy3p636__Lj12p0nH_Cj2p0fF__roL8p5mm__tee_fl160um_fc12_cg1p2um__rpg1p4um,4.7147704111,6.16119909555,5.562345516431808,248.05193508888928,5.9861451046852325,8,chip_simple_dxm9p091_dy10p000__Lj12p0nH_Cj2p0fF__roL8p5mm__tee_fl160um_fc12_cg1p2um__rpg1p4um,4.7252089608,6.13650588385,5.541704983503341,241.53134360669733,5.967068128664825,0.3031165234578598,0.01043854969999991,0.02469321169999983,0.020640532928466904,6.520591482191946,0.0190769760204077
NearestNeighbors,45,chip_simple_dx1p818_dy3p636__Lj12p0nH_Cj2p0fF__roL8p5mm__tee_fl160um_fc12_cg1p2um__rpg1p4um,4.7147704111,6.16119909555,5.562345516431808,248.05193508888928,5.9861451046852325,9,chip_simple_dxm0p909_dy9p091__Lj12p0nH_Cj2p0fF__roL8p5mm__tee_fl160um_fc12_cg1p2um__rpg1p4um,4.69371229441,6.15775711443,5.5688977525024415,252.0576475169164,5.970794629409332,0.3054892348173167,0.021058116689999906,0.0034419811199999373,0.006552236070633377,4.005712428027124,0.015350475275900166
NearestNeighbors,45,chip_simple_dx1p818_dy3p636__Lj12p0nH_Cj2p0fF__roL8p5mm__tee_fl160um_fc12_cg1p2um__rpg1p4um,4.7147704111,6.16119909555,5.562345516431808,248.05193508888928,5.9861451046852325,10,chip_simple_dx2p727_dym3p636__Lj12p0nH_Cj2p0fF__roL8p5mm__tee_fl160um_fc12_cg1p2um__rpg1p4um,4.72851008449,6.15393913849,5.502300477457046,242.70006914810185,5.946585208298799,0.31281486602147995,0.013739673389999929,0.0072599570599996,0.060045038974761766,5.351865940787434,0.0395598963864332
NearestNeighbors,46,chip_simple_dx1p818_dy5p455__Lj12p0nH_Cj2p0fF__roL8p5mm__tee_fl160um_fc12_cg1p2um__rpg1p4um,4.76504494824,6.06753025245,5.516957339994431,221.8716816785297,5.805015849622223,1,chip_simple_dx2p727_dym8p182__Lj12p0nH_Cj2p0fF__roL8p5mm__tee_fl160um_fc12_cg1p2um__rpg1p4um,4.76605487334,6.062936783,5.504983878475189,220.70248592051564,5.824211585305177,0.10088312005014552,0.0010099250999999754,0.004593469450000498,0.011973461519242612,1.1691957580140695,0.01919573568295352
NearestNeighbors,46,chip_simple_dx1p818_dy5p455__Lj12p0nH_Cj2p0fF__roL8p5mm__tee_fl160um_fc12_cg1p2um__rpg1p4um,4.76504494824,6.06753025245,5.516957339994431,221.8716816785297,5.805015849622223,2,chip_simple_dx7p273_dy4p545__Lj12p0nH_Cj2p0fF__roL8p5mm__tee_fl160um_fc12_cg1p2um__rpg1p4um,4.76463364249,6.06778348676,5.540035029947281,222.43563515503288,5.83218068473875,0.1269827579416204,0.000411305750000146,0.00025323430999968366,0.023077689952849312,0.5639534765031726,0.02716483511652701
NearestNeighbors,46,chip_simple_dx1p818_dy5p455__Lj12p0nH_Cj2p0fF__roL8p5mm__tee_fl160um_fc12_cg1p2um__rpg1p4um,4.76504494824,6.06753025245,5.516957339994431,221.8716816785297,5.805015849622223,3,chip_simple_dxm0p909_dy8p182__Lj12p0nH_Cj2p0fF__roL8p5mm__tee_fl160um_fc12_cg1p2um__rpg1p4um,4.76253327326,6.09281262101,5.302599734979629,221.8855650743731,5.804085218059851,0.18813403830003103,0.002511674980000045,0.0252823685600001,0.2143576050148024,0.013883395843379276,0.000930631562372497
NearestNeighbors,46,chip_simple_dx1p818_dy5p455__Lj12p0nH_Cj2p0fF__roL8p5mm__tee_fl160um_fc12_cg1p2um__rpg1p4um,4.76504494824,6.06753025245,5.516957339994431,221.8716816785297,5.805015849622223,4,chip_simple_dxm10p000_dy10p000__Lj12p0nH_Cj2p0fF__roL8p5mm__tee_fl160um_fc12_cg1p2um__rpg1p4um,4.76420948131,6.07980929074,5.262032916395187,218.6923729557343,5.806839983012462,0.19190498163852232,0.0008354669299999173,0.012279038289999988,0.2549244235992445,3.1793087227954118,0.0018241333902384582
NearestNeighbors,46,chip_simple_dx1p818_dy5p455__Lj12p0nH_Cj2p0fF__roL8p5mm__tee_fl160um_fc12_cg1p2um__rpg1p4um,4.76504494824,6.06753025245,5.516957339994431,221.8716816785297,5.805015849622223,5,chip_simple_dx3p636_dy9p091__Lj12p0nH_Cj2p0fF__roL8p5mm__tee_fl160um_fc12_cg1p2um__rpg1p4um,4.75576570631,6.07168713414,5.601566335306168,226.12949018838373,5.825369051623113,0.21345053474587747,0.009279241929999849,0.004156881690000169,0.08460899531173638,4.257808509854016,0.02035320200088986
NearestNeighbors,46,chip_simple_dx1p818_dy5p455__Lj12p0nH_Cj2p0fF__roL8p5mm__tee_fl160um_fc12_cg1p2um__rpg1p4um,4.76504494824,6.06753025245,5.516957339994431,221.8716816785297,5.805015849622223,6,chip_simple_dxm2p727_dym3p636__Lj12p0nH_Cj2p0fF__roL8p5mm__tee_fl160um_fc12_cg1p2um__rpg1p4um,4.76214497172,6.03479088527,5.587802219089507,218.7280150264405,5.793013457094686,0.22444755354326748,0.0028999765200001804,0.03273936718000048,0.07084487909507597,3.143666652089223,0.012002392527537431
NearestNeighbors,46,chip_simple_dx1p818_dy5p455__Lj12p0nH_Cj2p0fF__roL8p5mm__tee_fl160um_fc12_cg1p2um__rpg1p4um,4.76504494824,6.06753025245,5.516957339994431,221.8716816785297,5.805015849622223,7,chip_simple_dxm8p182_dym2p727__Lj12p0nH_Cj2p0fF__roL8p5mm__tee_fl160um_fc12_cg1p2um__rpg1p4um,4.74763898771,6.06492901197,5.550595968381882,225.6424239894449,5.805846601859689,0.253690591696698,0.017405960529999653,0.002601240479999767,0.03363862838745035,3.770742310915182,0.0008307522374657594
NearestNeighbors,46,chip_simple_dx1p818_dy5p455__Lj12p0nH_Cj2p0fF__roL8p5mm__tee_fl160um_fc12_cg1p2um__rpg1p4um,4.76504494824,6.06753025245,5.516957339994431,221.8716816785297,5.805015849622223,8,chip_simple_dxm3p636_dy2p727__Lj12p0nH_Cj2p0fF__roL8p5mm__tee_fl160um_fc12_cg1p2um__rpg1p4um,4.7829960489,6.07393117645,5.700624039077758,222.99570142124225,5.7964108991521455,0.2563294467725288,0.017951100660000385,0.006400924000000252,0.1836666990833269,1.1240197427125338,0.00860495047007781
NearestNeighbors,46,chip_simple_dx1p818_dy5p455__Lj12p0nH_Cj2p0fF__roL8p5mm__tee_fl160um_fc12_cg1p2um__rpg1p4um,4.76504494824,6.06753025245,5.516957339994431,221.8716816785297,5.805015849622223,9,chip_simple_dx8p182_dym7p273__Lj12p0nH_Cj2p0fF__roL8p5mm__tee_fl160um_fc12_cg1p2um__rpg1p4um,4.75453402814,6.05826619394,5.752804228256226,227.26530590646345,5.792570418204838,0.2715885531497248,0.010510920099999765,0.00926405851000034,0.23584688826179434,5.393624227933742,0.012445431417384967
NearestNeighbors,46,chip_simple_dx1p818_dy5p455__Lj12p0nH_Cj2p0fF__roL8p5mm__tee_fl160um_fc12_cg1p2um__rpg1p4um,4.76504494824,6.06753025245,5.516957339994431,221.8716816785297,5.805015849622223,10,chip_simple_dxm6p364_dym2p727__Lj12p0nH_Cj2p0fF__roL8p5mm__tee_fl160um_fc12_cg1p2um__rpg1p4um,4.78643161529,6.07447748154,5.571383293457031,219.776855663418,5.804018163338089,0.2819086113166933,0.021386667049999808,0.006947229089999674,0.05442595346259971,2.094826015111721,0.0009976862841343248
NearestNeighbors,47,chip_simple_dx2p727_dym10p000__Lj12p0nH_Cj2p0fF__roL8p5mm__tee_fl160um_fc12_cg1p2um__rpg1p4um,4.74229331487,6.15078958492,5.620493009893417,241.95026076677843,5.9601362593327005,1,chip_simple_dxm5p455_dym2p727__Lj12p0nH_Cj2p0fF__roL8p5mm__tee_fl160um_fc12_cg1p2um__rpg1p4um,4.74191288272,6.16037786476,5.586993185428619,242.8607467730461,5.939829633011445,0.11343287608250972,0.00038043215000005404,0.009588279839999991,0.0334998244647986,0.9104860062676607,0.020306626321255905
NearestNeighbors,47,chip_simple_dx2p727_dym10p000__Lj12p0nH_Cj2p0fF__roL8p5mm__tee_fl160um_fc12_cg1p2um__rpg1p4um,4.74229331487,6.15078958492,5.620493009893417,241.95026076677843,5.9601362593327005,2,chip_simple_dxm9p091_dy8p182__Lj12p0nH_Cj2p0fF__roL8p5mm__tee_fl160um_fc12_cg1p2um__rpg1p4um,4.73445099138,6.15478155079,5.603587422172546,243.7500148862952,5.951852940269059,0.12400499317957611,0.007842323490000247,0.003991965870000058,0.016905587720871473,1.7997541195167628,0.00828331906364177
NearestNeighbors,47,chip_simple_dx2p727_dym10p000__Lj12p0nH_Cj2p0fF__roL8p5mm__tee_fl160um_fc12_cg1p2um__rpg1p4um,4.74229331487,6.15078958492,5.620493009893417,241.95026076677843,5.9601362593327005,3,chip_simple_dxm2p727_dy0p909__Lj12p0nH_Cj2p0fF__roL8p5mm__tee_fl160um_fc12_cg1p2um__rpg1p4um,4.73845369417,6.16039546172,5.41090745403862,239.617009903282,5.951034616643697,0.164243762432237,0.0038396206999999904,0.009605876800000246,0.20958555585479743,2.3332508634964313,0.009101642689003597
NearestNeighbors,47,chip_simple_dx2p727_dym10p000__Lj12p0nH_Cj2p0fF__roL8p5mm__tee_fl160um_fc12_cg1p2um__rpg1p4um,4.74229331487,6.15078958492,5.620493009893417,241.95026076677843,5.9601362593327005,4,chip_simple_dx2p727_dym3p636__Lj12p0nH_Cj2p0fF__roL8p5mm__tee_fl160um_fc12_cg1p2um__rpg1p4um,4.72851008449,6.15393913849,5.502300477457046,242.70006914810185,5.946585208298799,0.1979112911213571,0.01378323038000051,0.00314955357000013,0.11819253243637107,0.7498083813234189,0.013551051033901196
NearestNeighbors,47,chip_simple_dx2p727_dym10p000__Lj12p0nH_Cj2p0fF__roL8p5mm__tee_fl160um_fc12_cg1p2um__rpg1p4um,4.74229331487,6.15078958492,5.620493009893417,241.95026076677843,5.9601362593327005,5,chip_simple_dx0p000_dy1p818__Lj12p0nH_Cj2p0fF__roL8p5mm__tee_fl160um_fc12_cg1p2um__rpg1p4um,4.73893431681,6.15716579206,5.395158588809967,238.6641224689724,5.982980691110814,0.20566853516785816,0.0033589980600003955,0.006376207139999757,0.22533442108345003,3.286138297806019,0.022844431778113794
NearestNeighbors,47,chip_simple_dx2p727_dym10p000__Lj12p0nH_Cj2p0fF__roL8p5mm__tee_fl160um_fc12_cg1p2um__rpg1p4um,4.74229331487,6.15078958492,5.620493009893417,241.95026076677843,5.9601362593327005,6,chip_simple_dxm9p091_dy10p000__Lj12p0nH_Cj2p0fF__roL8p5mm__tee_fl160um_fc12_cg1p2um__rpg1p4um,4.7252089608,6.13650588385,5.541704983503341,241.53134360669733,5.967068128664825,0.23557701186499325,0.01708435407000053,0.014283701070000099,0.0787880263900762,0.4189171600810937,0.0069318693321243074
NearestNeighbors,47,chip_simple_dx2p727_dym10p000__Lj12p0nH_Cj2p0fF__roL8p5mm__tee_fl160um_fc12_cg1p2um__rpg1p4um,4.74229331487,6.15078958492,5.620493009893417,241.95026076677843,5.9601362593327005,7,chip_simple_dx9p091_dym2p727__Lj12p0nH_Cj2p0fF__roL8p5mm__tee_fl160um_fc12_cg1p2um__rpg1p4um,4.75421160279,6.18453840176,5.473107182682037,241.5748597938345,5.95940112810006,0.2545231937192734,0.011918287919999493,0.033748816840000195,0.14738582721138016,0.37540097294393604,0.0007351312326404624
NearestNeighbors,47,chip_simple_dx2p727_dym10p000__Lj12p0nH_Cj2p0fF__roL8p5mm__tee_fl160um_fc12_cg1p2um__rpg1p4um,4.74229331487,6.15078958492,5.620493009893417,241.95026076677843,5.9601362593327005,8,chip_simple_dx0p909_dym2p727__Lj12p0nH_Cj2p0fF__roL8p5mm__tee_fl160um_fc12_cg1p2um__rpg1p4um,4.73288476866,6.15144010433,5.802761653125763,248.0066040101604,5.946582947290083,0.26406428515191815,0.009408546210000424,0.0006505194099997169,0.18226864323234526,6.056343243381974,0.01355331204261745
NearestNeighbors,47,chip_simple_dx2p727_dym10p000__Lj12p0nH_Cj2p0fF__roL8p5mm__tee_fl160um_fc12_cg1p2um__rpg1p4um,4.74229331487,6.15078958492,5.620493009893417,241.95026076677843,5.9601362593327005,9,chip_simple_dx8p182_dy4p545__Lj12p0nH_Cj2p0fF__roL8p5mm__tee_fl160um_fc12_cg1p2um__rpg1p4um,4.75384775336,6.16753807894,5.472293931138992,238.92779525541928,6.000528213189532,0.28534190003685567,0.011554438489999264,0.016748494019999782,0.14819907875442517,3.022465511359144,0.040391953856831364
NearestNeighbors,47,chip_simple_dx2p727_dym10p000__Lj12p0nH_Cj2p0fF__roL8p5mm__tee_fl160um_fc12_cg1p2um__rpg1p4um,4.74229331487,6.15078958492,5.620493009893417,241.95026076677843,5.9601362593327005,10,chip_simple_dx0p909_dym9p091__Lj12p0nH_Cj2p0fF__roL8p5mm__tee_fl160um_fc12_cg1p2um__rpg1p4um,4.73292662921,6.13968220021,5.629279759424209,242.34971323214788,5.904117804172508,0.2899376650926211,0.009366685660000762,0.011107384709999835,0.008786749530791838,0.3994524653694498,0.056018455160192104
NearestNeighbors,48,chip_simple_dx3p636_dym5p455__Lj12p0nH_Cj2p0fF__roL8p5mm__tee_fl160um_fc12_cg1p2um__rpg1p4um,4.63197173575,6.19329916872,6.540510196891784,294.34437514212726,6.010793791569966,1,chip_simple_dx4p545_dym6p364__Lj12p0nH_Cj2p0fF__roL8p5mm__tee_fl160um_fc12_cg1p2um__rpg1p4um,4.61231478285,6.1335076061,6.798953771820068,294.2549832930316,5.929705086318325,0.5759600950699078,0.019656952899999247,0.05979156262000007,0.2584435749282843,0.08939184909564801,0.08108870525164047
NearestNeighbors,48,chip_simple_dx3p636_dym5p455__Lj12p0nH_Cj2p0fF__roL8p5mm__tee_fl160um_fc12_cg1p2um__rpg1p4um,4.63197173575,6.19329916872,6.540510196891784,294.34437514212726,6.010793791569966,2,chip_simple_dx10p000_dym2p727__Lj12p0nH_Cj2p0fF__roL8p5mm__tee_fl160um_fc12_cg1p2um__rpg1p4um,4.65444657204,6.15198201158,6.55648122142601,282.16818861633897,5.938804420909544,0.6397407854204299,0.022474836290000688,0.04131715713999995,0.01597102453422572,12.176186525788296,0.07198937066042177
NearestNeighbors,48,chip_simple_dx3p636_dym5p455__Lj12p0nH_Cj2p0fF__roL8p5mm__tee_fl160um_fc12_cg1p2um__rpg1p4um,4.63197173575,6.19329916872,6.540510196891784,294.34437514212726,6.010793791569966,3,chip_simple_dx2p727_dy10p000__Lj12p0nH_Cj2p0fF__roL8p5mm__tee_fl160um_fc12_cg1p2um__rpg1p4um,4.65896495843,6.23455703196,5.910671091032028,280.3326352659665,6.066617974357407,0.7618498608205322,0.026993222680000706,0.04125786323999936,0.6298391058597561,14.011739876160789,0.0558241827874415
NearestNeighbors,48,chip_simple_dx3p636_dym5p455__Lj12p0nH_Cj2p0fF__roL8p5mm__tee_fl160um_fc12_cg1p2um__rpg1p4um,4.63197173575,6.19329916872,6.540510196891784,294.34437514212726,6.010793791569966,4,chip_simple_dx7p273_dy6p364__Lj12p0nH_Cj2p0fF__roL8p5mm__tee_fl160um_fc12_cg1p2um__rpg1p4um,4.64195686026,6.15054121396,6.064661784154891,273.66878744595965,5.93995769375592,0.8557251659434446,0.009985124509999999,0.04275795475999988,0.4758484127368927,20.67558769616761,0.07083609781404565
NearestNeighbors,48,chip_simple_dx3p636_dym5p455__Lj12p0nH_Cj2p0fF__roL8p5mm__tee_fl160um_fc12_cg1p2um__rpg1p4um,4.63197173575,6.19329916872,6.540510196891784,294.34437514212726,6.010793791569966,5,chip_simple_dxm3p636_dym8p182__Lj12p0nH_Cj2p0fF__roL8p5mm__tee_fl160um_fc12_cg1p2um__rpg1p4um,4.67477993862,6.16530840037,6.238829511974334,272.6481468594707,5.96410442198707,0.958605018450643,0.042808202870000756,0.027990768350000472,0.30168068491745004,21.696228282656534,0.0466893695828956
NearestNeighbors,48,chip_simple_dx3p636_dym5p455__Lj12p0nH_Cj2p0fF__roL8p5mm__tee_fl160um_fc12_cg1p2um__rpg1p4um,4.63197173575,6.19329916872,6.540510196891784,294.34437514212726,6.010793791569966,6,chip_simple_dx4p545_dy3p636__Lj12p0nH_Cj2p0fF__roL8p5mm__tee_fl160um_fc12_cg1p2um__rpg1p4um,4.6391490467,6.1400873545,6.087010506978988,273.04723708403606,5.896341322884301,0.974260207270655,0.007177310950000404,0.05321181421999999,0.4534996899127961,21.297138058091207,0.1144524686856645
NearestNeighbors,48,chip_simple_dx3p636_dym5p455__Lj12p0nH_Cj2p0fF__roL8p5mm__tee_fl160um_fc12_cg1p2um__rpg1p4um,4.63197173575,6.19329916872,6.540510196891784,294.34437514212726,6.010793791569966,7,chip_simple_dx2p727_dym0p909__Lj12p0nH_Cj2p0fF__roL8p5mm__tee_fl160um_fc12_cg1p2um__rpg1p4um,4.66661421666,6.17255406828,6.023148980243683,270.8126186858037,5.967388615030237,0.9755153990200287,0.03464248091000055,0.020745100440000108,0.5173612166481014,23.531756456323535,0.04340517653972853
NearestNeighbors,48,chip_simple_dx3p636_dym5p455__Lj12p0nH_Cj2p0fF__roL8p5mm__tee_fl160um_fc12_cg1p2um__rpg1p4um,4.63197173575,6.19329916872,6.540510196891784,294.34437514212726,6.010793791569966,8,chip_simple_dx0p000_dy6p364__Lj12p0nH_Cj2p0fF__roL8p5mm__tee_fl160um_fc12_cg1p2um__rpg1p4um,4.68684275544,6.22626285193,5.869558168603897,271.87390077175473,6.055488773398548,1.123548653689683,0.05487101969000019,0.03296368320999932,0.6709520282878874,22.47047437037253,0.04469498182858267
NearestNeighbors,48,chip_simple_dx3p636_dym5p455__Lj12p0nH_Cj2p0fF__roL8p5mm__tee_fl160um_fc12_cg1p2um__rpg1p4um,4.63197173575,6.19329916872,6.540510196891784,294.34437514212726,6.010793791569966,9,chip_simple_dxm9p091_dy2p727__Lj12p0nH_Cj2p0fF__roL8p5mm__tee_fl160um_fc12_cg1p2um__rpg1p4um,4.68785660116,6.14920505102,6.378877137207031,269.97376724564526,5.9601401255266735,1.1335370112847047,0.05588486541000037,0.04409411770000027,0.16163305968475328,24.370607896482,0.050653666043292134
NearestNeighbors,48,chip_simple_dx3p636_dym5p455__Lj12p0nH_Cj2p0fF__roL8p5mm__tee_fl160um_fc12_cg1p2um__rpg1p4um,4.63197173575,6.19329916872,6.540510196891784,294.34437514212726,6.010793791569966,10,chip_simple_dxm2p000_dym2p000__Lj12p0nH_Cj2p0fF__roL8p5mm__tee_fl160um_fc12_cg1p2um__rpg1p4um,4.66357232032,6.17425760616,5.776347432731628,266.16679365567177,5.948772404826305,1.1533850163034052,0.03160058457000048,0.019041562560000003,0.7641627641601563,28.177581486455495,0.062021386743660756
NearestNeighbors,49,chip_simple_dx4p545_dym9p091__Lj12p0nH_Cj2p0fF__roL8p5mm__tee_fl160um_fc12_cg1p2um__rpg1p4um,4.69845603184,6.03996782339,6.099931291072846,243.1226746857453,5.71065108426744,1,chip_simple_dxm8p182_dy8p182__Lj12p0nH_Cj2p0fF__roL8p5mm__tee_fl160um_fc12_cg1p2um__rpg1p4um,4.69817066512,6.00885580001,6.295239226005554,241.8291948786944,5.700576278405732,0.21484980854635552,0.0002853667200000132,0.03111202337999952,0.1953079349327087,1.2934798070508862,0.010074805861707503
NearestNeighbors,49,chip_simple_dx4p545_dym9p091__Lj12p0nH_Cj2p0fF__roL8p5mm__tee_fl160um_fc12_cg1p2um__rpg1p4um,4.69845603184,6.03996782339,6.099931291072846,243.1226746857453,5.71065108426744,2,chip_simple_dx8p182_dy0p000__Lj12p0nH_Cj2p0fF__roL8p5mm__tee_fl160um_fc12_cg1p2um__rpg1p4um,4.69396142723,6.02675894613,5.976145094621658,239.3240589141231,5.749179643443574,0.24707455730053024,0.004494604610000508,0.013208877259999419,0.12378619645118771,3.7986157716221953,0.03852855917613418
NearestNeighbors,49,chip_simple_dx4p545_dym9p091__Lj12p0nH_Cj2p0fF__roL8p5mm__tee_fl160um_fc12_cg1p2um__rpg1p4um,4.69845603184,6.03996782339,6.099931291072846,243.1226746857453,5.71065108426744,3,chip_simple_dx7p273_dym5p455__Lj12p0nH_Cj2p0fF__roL8p5mm__tee_fl160um_fc12_cg1p2um__rpg1p4um,4.68956975271,6.00915982967,6.033120924316406,238.5769642035002,5.707892283474967,0.25844140292968987,0.008886279130000396,0.03080799371999987,0.0668103667564397,4.5457104822450844,0.002758800792472371
NearestNeighbors,49,chip_simple_dx4p545_dym9p091__Lj12p0nH_Cj2p0fF__roL8p5mm__tee_fl160um_fc12_cg1p2um__rpg1p4um,4.69845603184,6.03996782339,6.099931291072846,243.1226746857453,5.71065108426744,4,chip_simple_dx4p545_dy2p727__Lj12p0nH_Cj2p0fF__roL8p5mm__tee_fl160um_fc12_cg1p2um__rpg1p4um,4.71245271602,6.05903925985,5.93248411000824,239.9388799189516,5.748576863203549,0.3046507171616974,0.013996684179999441,0.01907143645999998,0.1674471810646052,3.1837947667936817,0.03792577893610982
NearestNeighbors,49,chip_simple_dx4p545_dym9p091__Lj12p0nH_Cj2p0fF__roL8p5mm__tee_fl160um_fc12_cg1p2um__rpg1p4um,4.69845603184,6.03996782339,6.099931291072846,243.1226746857453,5.71065108426744,5,chip_simple_dxm6p364_dy0p909__Lj12p0nH_Cj2p0fF__roL8p5mm__tee_fl160um_fc12_cg1p2um__rpg1p4um,4.69107050135,6.04188144188,5.995209583665847,242.9076041180208,5.775200553792946,0.31644375461236035,0.007385530490000569,0.0019136184900006015,0.10472170740699838,0.21507056772449573,0.064549469525506
NearestNeighbors,49,chip_simple_dx4p545_dym9p091__Lj12p0nH_Cj2p0fF__roL8p5mm__tee_fl160um_fc12_cg1p2um__rpg1p4um,4.69845603184,6.03996782339,6.099931291072846,243.1226746857453,5.71065108426744,6,chip_simple_dx9p091_dy9p091__Lj12p0nH_Cj2p0fF__roL8p5mm__tee_fl160um_fc12_cg1p2um__rpg1p4um,4.71043253304,6.00858502332,6.520098717010498,243.3943878228609,5.702711731566599,0.33233550068452317,0.01197650119999949,0.031382800069999384,0.42016742593765244,0.2717131371155972,0.007939352700840452
NearestNeighbors,49,chip_simple_dx4p545_dym9p091__Lj12p0nH_Cj2p0fF__roL8p5mm__tee_fl160um_fc12_cg1p2um__rpg1p4um,4.69845603184,6.03996782339,6.099931291072846,243.1226746857453,5.71065108426744,7,chip_simple_dx4p545_dy8p182__Lj12p0nH_Cj2p0fF__roL8p5mm__tee_fl160um_fc12_cg1p2um__rpg1p4um,4.70036060337,6.01714554975,6.5398732121944425,247.5618554633448,5.735240697540928,0.336113625949121,0.0019045715299998989,0.022822273639999224,0.4399419211215969,4.439180777599518,0.02458961327348863
NearestNeighbors,49,chip_simple_dx4p545_dym9p091__Lj12p0nH_Cj2p0fF__roL8p5mm__tee_fl160um_fc12_cg1p2um__rpg1p4um,4.69845603184,6.03996782339,6.099931291072846,243.1226746857453,5.71065108426744,8,chip_simple_dx0p909_dym8p182__Lj12p0nH_Cj2p0fF__roL8p5mm__tee_fl160um_fc12_cg1p2um__rpg1p4um,4.70055739372,6.00934439173,5.9578544504756925,234.711210840026,5.695445771960415,0.3477036286722963,0.0021013618799994305,0.03062343165999959,0.1420768405971531,8.411463845719283,0.015205312307024599
NearestNeighbors,49,chip_simple_dx4p545_dym9p091__Lj12p0nH_Cj2p0fF__roL8p5mm__tee_fl160um_fc12_cg1p2um__rpg1p4um,4.69845603184,6.03996782339,6.099931291072846,243.1226746857453,5.71065108426744,9,chip_simple_dxm3p636_dy0p909__Lj12p0nH_Cj2p0fF__roL8p5mm__tee_fl160um_fc12_cg1p2um__rpg1p4um,4.67370270888,6.01212956717,5.972365206701278,241.2318799818838,5.710985206034561,0.3602528419252017,0.024753322960000546,0.027838256219999913,0.12756608437156736,1.890794703861502,0.00033412176712133146
NearestNeighbors,49,chip_simple_dx4p545_dym9p091__Lj12p0nH_Cj2p0fF__roL8p5mm__tee_fl160um_fc12_cg1p2um__rpg1p4um,4.69845603184,6.03996782339,6.099931291072846,243.1226746857453,5.71065108426744,10,chip_simple_dxm9p091_dy3p636__Lj12p0nH_Cj2p0fF__roL8p5mm__tee_fl160um_fc12_cg1p2um__rpg1p4um,4.70131601707,6.06675184485,5.977826485769271,244.57965254380213,5.78091644854145,0.36719990901234023,0.002859985229999751,0.02678402146000014,0.12210480530357426,1.456977858056831,0.07026536427401009
NearestNeighbors,50,chip_simple_dx4p545_dym4p545__Lj12p0nH_Cj2p0fF__roL8p5mm__tee_fl160um_fc12_cg1p2um__rpg1p4um,4.67643617071,6.11785108748,6.043482551631927,259.952537892804,5.857168214888497,1,chip_simple_dxm5p455_dym6p364__Lj12p0nH_Cj2p0fF__roL8p5mm__tee_fl160um_fc12_cg1p2um__rpg1p4um,4.67880445973,6.13114230017,6.073318766338348,262.3201681940904,5.871519874338315,0.13160303274102625,0.0023682890200005247,0.013291212689999554,0.02983621470642106,2.367630301286397,0.014351659449817866
NearestNeighbors,50,chip_simple_dx4p545_dym4p545__Lj12p0nH_Cj2p0fF__roL8p5mm__tee_fl160um_fc12_cg1p2um__rpg1p4um,4.67643617071,6.11785108748,6.043482551631927,259.952537892804,5.857168214888497,2,chip_simple_dx2p727_dym4p545__Lj12p0nH_Cj2p0fF__roL8p5mm__tee_fl160um_fc12_cg1p2um__rpg1p4um,4.67903296313,6.11573618128,6.044701898437499,259.02103527572217,5.889612598595296,0.15616992130218713,0.0025967924200003267,0.0021149062000000995,0.0012193468055725631,0.9315026170818328,0.032444383706798696
NearestNeighbors,50,chip_simple_dx4p545_dym4p545__Lj12p0nH_Cj2p0fF__roL8p5mm__tee_fl160um_fc12_cg1p2um__rpg1p4um,4.67643617071,6.11785108748,6.043482551631927,259.952537892804,5.857168214888497,3,chip_simple_dxm6p364_dy0p000__Lj12p0nH_Cj2p0fF__roL8p5mm__tee_fl160um_fc12_cg1p2um__rpg1p4um,4.6715110421,6.11602371104,5.946437598886489,258.5796032420524,5.886712731567605,0.16567389966302354,0.004925128610000051,0.0018273764399996395,0.09704495274543756,1.3729346507515743,0.029544516679107957
NearestNeighbors,50,chip_simple_dx4p545_dym4p545__Lj12p0nH_Cj2p0fF__roL8p5mm__tee_fl160um_fc12_cg1p2um__rpg1p4um,4.67643617071,6.11785108748,6.043482551631927,259.952537892804,5.857168214888497,4,chip_simple_dxm8p182_dym1p818__Lj12p0nH_Cj2p0fF__roL8p5mm__tee_fl160um_fc12_cg1p2um__rpg1p4um,4.6768035342,6.11785091516,6.0153143460884095,259.1949206835079,5.894894638109007,0.17592041133884154,0.0003673634900005496,1.7232000004696602e-07,0.02816820554351729,0.757617209296086,0.03772642322051034
NearestNeighbors,50,chip_simple_dx4p545_dym4p545__Lj12p0nH_Cj2p0fF__roL8p5mm__tee_fl160um_fc12_cg1p2um__rpg1p4um,4.67643617071,6.11785108748,6.043482551631927,259.952537892804,5.857168214888497,5,chip_simple_dx0p909_dy3p636__Lj12p0nH_Cj2p0fF__roL8p5mm__tee_fl160um_fc12_cg1p2um__rpg1p4um,4.6631226493,6.11903436188,5.896621238670349,259.81911482762723,5.882535903816615,0.21998148621244187,0.013313521409999751,0.0011832743999997675,0.1468613129615779,0.13342306517677116,0.02536768892811825
NearestNeighbors,50,chip_simple_dx4p545_dym4p545__Lj12p0nH_Cj2p0fF__roL8p5mm__tee_fl160um_fc12_cg1p2um__rpg1p4um,4.67643617071,6.11785108748,6.043482551631927,259.952537892804,5.857168214888497,6,chip_simple_dxm5p455_dym0p909__Lj12p0nH_Cj2p0fF__roL8p5mm__tee_fl160um_fc12_cg1p2um__rpg1p4um,4.66763587514,6.08883806006,6.21373459135437,260.5856028778693,5.875563466003383,0.23472528039321053,0.008800295569999506,0.029013027420000448,0.17025203972244274,0.633064985065289,0.018395251114886157
NearestNeighbors,50,chip_simple_dx4p545_dym4p545__Lj12p0nH_Cj2p0fF__roL8p5mm__tee_fl160um_fc12_cg1p2um__rpg1p4um,4.67643617071,6.11785108748,6.043482551631927,259.952537892804,5.857168214888497,7,chip_simple_dxm10p000_dy4p545__Lj12p0nH_Cj2p0fF__roL8p5mm__tee_fl160um_fc12_cg1p2um__rpg1p4um,4.6696821001,6.13115899928,6.015155077039719,263.1000057078415,5.898867515034506,0.2465792401456421,0.006754070609999552,0.013307911800000127,0.02832747459220819,3.147467815037487,0.041699300146008866
NearestNeighbors,50,chip_simple_dx4p545_dym4p545__Lj12p0nH_Cj2p0fF__roL8p5mm__tee_fl160um_fc12_cg1p2um__rpg1p4um,4.67643617071,6.11785108748,6.043482551631927,259.952537892804,5.857168214888497,8,chip_simple_dxm2p727_dy2p727__Lj12p0nH_Cj2p0fF__roL8p5mm__tee_fl160um_fc12_cg1p2um__rpg1p4um,4.69292169855,6.12459458775,6.071658140985488,258.0113497070096,5.889099829288583,0.26503928113068703,0.016485527840000458,0.006743500269999814,0.02817558935356157,1.9411881857944309,0.031931614400086517
NearestNeighbors,50,chip_simple_dx4p545_dym4p545__Lj12p0nH_Cj2p0fF__roL8p5mm__tee_fl160um_fc12_cg1p2um__rpg1p4um,4.67643617071,6.11785108748,6.043482551631927,259.952537892804,5.857168214888497,9,chip_simple_dx8p182_dym1p818__Lj12p0nH_Cj2p0fF__roL8p5mm__tee_fl160um_fc12_cg1p2um__rpg1p4um,4.68525295522,6.09379748036,6.095650871637344,255.11644504269023,5.8822544461123405,0.26595825800721934,0.008816784510000453,0.02405360711999993,0.052168320005416824,4.836092850113772,0.02508623122384357
NearestNeighbors,50,chip_simple_dx4p545_dym4p545__Lj12p0nH_Cj2p0fF__roL8p5mm__tee_fl160um_fc12_cg1p2um__rpg1p4um,4.67643617071,6.11785108748,6.043482551631927,259.952537892804,5.857168214888497,10,chip_simple_dx9p091_dy3p636__Lj12p0nH_Cj2p0fF__roL8p5mm__tee_fl160um_fc12_cg1p2um__rpg1p4um,4.68306550659,6.14481038929,6.127459964786529,264.9258084591517,5.89383616516593,0.29663079048238195,0.006629335880000475,0.026959301809999836,0.08397741315460205,4.973270566347708,0.03666795027743319
NearestNeighbors,51,chip_simple_dx4p545_dym3p636__Lj12p0nH_Cj2p0fF__roL8p5mm__tee_fl160um_fc12_cg1p2um__rpg1p4um,4.75526161807,6.06820241703,5.393554075391769,221.40091609806976,5.765231944176255,1,chip_simple_dxm7p273_dy4p545__Lj12p0nH_Cj2p0fF__roL8p5mm__tee_fl160um_fc12_cg1p2um__rpg1p4um,4.74478453553,6.05547649219,5.373042161886215,221.0804417671074,5.791354520716529,0.19227134865380327,0.010477082539999572,0.012725924839999792,0.020511913505553814,0.3204743309623552,0.02612257654027328
NearestNeighbors,51,chip_simple_dx4p545_dym3p636__Lj12p0nH_Cj2p0fF__roL8p5mm__tee_fl160um_fc12_cg1p2um__rpg1p4um,4.75526161807,6.06820241703,5.393554075391769,221.40091609806976,5.765231944176255,2,chip_simple_dxm0p909_dy8p182__Lj12p0nH_Cj2p0fF__roL8p5mm__tee_fl160um_fc12_cg1p2um__rpg1p4um,4.76253327326,6.09281262101,5.302599734979629,221.8855650743731,5.804085218059851,0.24872539641339728,0.007271655190000281,0.024610203980000023,0.09095434041214023,0.48464897630333326,0.038853273883595385
NearestNeighbors,51,chip_simple_dx4p545_dym3p636__Lj12p0nH_Cj2p0fF__roL8p5mm__tee_fl160um_fc12_cg1p2um__rpg1p4um,4.75526161807,6.06820241703,5.393554075391769,221.40091609806976,5.765231944176255,3,chip_simple_dxm10p000_dy10p000__Lj12p0nH_Cj2p0fF__roL8p5mm__tee_fl160um_fc12_cg1p2um__rpg1p4um,4.76420948131,6.07980929074,5.262032916395187,218.6923729557343,5.806839983012462,0.2589827485914802,0.008947863240000409,0.01160687370999991,0.13152115899658234,2.708543142335458,0.04160803883620634
NearestNeighbors,51,chip_simple_dx4p545_dym3p636__Lj12p0nH_Cj2p0fF__roL8p5mm__tee_fl160um_fc12_cg1p2um__rpg1p4um,4.75526161807,6.06820241703,5.393554075391769,221.40091609806976,5.765231944176255,4,chip_simple_dxm8p182_dym2p727__Lj12p0nH_Cj2p0fF__roL8p5mm__tee_fl160um_fc12_cg1p2um__rpg1p4um,4.74763898771,6.06492901197,5.550595968381882,225.6424239894449,5.805846601859689,0.269053615359687,0.007622630359999327,0.0032734050599998454,0.1570418929901125,4.241507891375136,0.04061465768343364
NearestNeighbors,51,chip_simple_dx4p545_dym3p636__Lj12p0nH_Cj2p0fF__roL8p5mm__tee_fl160um_fc12_cg1p2um__rpg1p4um,4.75526161807,6.06820241703,5.393554075391769,221.40091609806976,5.765231944176255,5,chip_simple_dxm5p455_dy7p273__Lj12p0nH_Cj2p0fF__roL8p5mm__tee_fl160um_fc12_cg1p2um__rpg1p4um,4.7550557353,6.0689882308,5.697021401802063,227.79860249670247,5.765618099955324,0.2744940065720895,0.00020588276999955468,0.0007858137699994217,0.30346732641029384,6.397686398632715,0.00038615577906853105
NearestNeighbors,51,chip_simple_dx4p545_dym3p636__Lj12p0nH_Cj2p0fF__roL8p5mm__tee_fl160um_fc12_cg1p2um__rpg1p4um,4.75526161807,6.06820241703,5.393554075391769,221.40091609806976,5.765231944176255,6,chip_simple_dxm2p727_dym3p636__Lj12p0nH_Cj2p0fF__roL8p5mm__tee_fl160um_fc12_cg1p2um__rpg1p4um,4.76214497172,6.03479088527,5.587802219089507,218.7280150264405,5.793013457094686,0.28000540175937505,0.006883353650000146,0.03341153176000056,0.19424814369773813,2.672901071629269,0.02778151291843045
NearestNeighbors,51,chip_simple_dx4p545_dym3p636__Lj12p0nH_Cj2p0fF__roL8p5mm__tee_fl160um_fc12_cg1p2um__rpg1p4um,4.75526161807,6.06820241703,5.393554075391769,221.40091609806976,5.765231944176255,7,chip_simple_dx2p727_dym8p182__Lj12p0nH_Cj2p0fF__roL8p5mm__tee_fl160um_fc12_cg1p2um__rpg1p4um,4.76605487334,6.062936783,5.504983878475189,220.70248592051564,5.824211585305177,0.3115847189335016,0.010793255270000301,0.005265634030000577,0.11142980308341954,0.6984301775541155,0.0589796411289214
NearestNeighbors,51,chip_simple_dx4p545_dym3p636__Lj12p0nH_Cj2p0fF__roL8p5mm__tee_fl160um_fc12_cg1p2um__rpg1p4um,4.75526161807,6.06820241703,5.393554075391769,221.40091609806976,5.765231944176255,8,chip_simple_dx8p182_dym7p273__Lj12p0nH_Cj2p0fF__roL8p5mm__tee_fl160um_fc12_cg1p2um__rpg1p4um,4.75453402814,6.05826619394,5.752804228256226,227.26530590646345,5.792570418204838,0.31393322982398986,0.0007275899299994393,0.009936223090000418,0.3592501528644565,5.864389808393696,0.027338474028582915
NearestNeighbors,51,chip_simple_dx4p545_dym3p636__Lj12p0nH_Cj2p0fF__roL8p5mm__tee_fl160um_fc12_cg1p2um__rpg1p4um,4.75526161807,6.06820241703,5.393554075391769,221.40091609806976,5.765231944176255,9,chip_simple_dx6p364_dym5p455__Lj12p0nH_Cj2p0fF__roL8p5mm__tee_fl160um_fc12_cg1p2um__rpg1p4um,4.75078715707,6.03628209085,5.3055558983383175,215.55523015902745,5.731041446609096,0.31694130600283094,0.0044744609999991525,0.03192032617999985,0.0879981770534517,5.845685939042312,0.03419049756715964
NearestNeighbors,51,chip_simple_dx4p545_dym3p636__Lj12p0nH_Cj2p0fF__roL8p5mm__tee_fl160um_fc12_cg1p2um__rpg1p4um,4.75526161807,6.06820241703,5.393554075391769,221.40091609806976,5.765231944176255,10,chip_simple_dx3p636_dy9p091__Lj12p0nH_Cj2p0fF__roL8p5mm__tee_fl160um_fc12_cg1p2um__rpg1p4um,4.75576570631,6.07168713414,5.601566335306168,226.12949018838373,5.825369051623113,0.34004974479783334,0.0005040882400004776,0.0034847171100000907,0.20801225991439853,4.72857409031397,0.06013710744685774
NearestNeighbors,52,chip_simple_dx5p455_dym7p273__Lj12p0nH_Cj2p0fF__roL8p5mm__tee_fl160um_fc12_cg1p2um__rpg1p4um,4.77651693144,6.01267430814,5.288875754322052,206.53408976781333,5.687153108335405,1,chip_simple_dxm6p364_dy8p182__Lj12p0nH_Cj2p0fF__roL8p5mm__tee_fl160um_fc12_cg1p2um__rpg1p4um,4.77321503886,6.00455267316,5.383789241537094,207.73583489892687,5.742832726047686,0.2713907599114455,0.003301892579999688,0.00812163498000018,0.09491348721504167,1.2017451311135403,0.055679617712280915
NearestNeighbors,52,chip_simple_dx5p455_dym7p273__Lj12p0nH_Cj2p0fF__roL8p5mm__tee_fl160um_fc12_cg1p2um__rpg1p4um,4.77651693144,6.01267430814,5.288875754322052,206.53408976781333,5.687153108335405,2,chip_simple_dx0p909_dy4p545__Lj12p0nH_Cj2p0fF__roL8p5mm__tee_fl160um_fc12_cg1p2um__rpg1p4um,4.76476123819,6.01779585812,5.4063290720748896,211.87633532782385,5.7317404606293385,0.3179545700082566,0.011755693249999588,0.00512154998000014,0.11745331775283763,5.342245560010525,0.04458735229393351
NearestNeighbors,52,chip_simple_dx5p455_dym7p273__Lj12p0nH_Cj2p0fF__roL8p5mm__tee_fl160um_fc12_cg1p2um__rpg1p4um,4.77651693144,6.01267430814,5.288875754322052,206.53408976781333,5.687153108335405,3,chip_simple_dx4p545_dy10p000__Lj12p0nH_Cj2p0fF__roL8p5mm__tee_fl160um_fc12_cg1p2um__rpg1p4um,4.77208572646,5.99587669765,5.687584656963348,212.41558975620657,5.693307476185639,0.31934254743807167,0.004431204979999492,0.01679761049000028,0.398708902641296,5.881499988393244,0.006154367850234266
NearestNeighbors,52,chip_simple_dx5p455_dym7p273__Lj12p0nH_Cj2p0fF__roL8p5mm__tee_fl160um_fc12_cg1p2um__rpg1p4um,4.77651693144,6.01267430814,5.288875754322052,206.53408976781333,5.687153108335405,4,chip_simple_dxm9p091_dy9p091__Lj12p0nH_Cj2p0fF__roL8p5mm__tee_fl160um_fc12_cg1p2um__rpg1p4um,4.75085202436,6.00137867716,5.41655916849327,212.3126314781783,5.701547260512729,0.3936299941234177,0.025664907079999466,0.011295630980000304,0.12768341417121842,5.778541710364976,0.014394152177324315
NearestNeighbors,52,chip_simple_dx5p455_dym7p273__Lj12p0nH_Cj2p0fF__roL8p5mm__tee_fl160um_fc12_cg1p2um__rpg1p4um,4.77651693144,6.01267430814,5.288875754322052,206.53408976781333,5.687153108335405,5,chip_simple_dx3p636_dym2p727__Lj12p0nH_Cj2p0fF__roL8p5mm__tee_fl160um_fc12_cg1p2um__rpg1p4um,4.78139468148,6.06132052905,5.243374503707885,212.1371321798882,5.765522293104982,0.49281137299386213,0.00487775004000035,0.04864622090999937,0.045501250614166544,5.6030424120748705,0.07836918476957688
NearestNeighbors,52,chip_simple_dx5p455_dym7p273__Lj12p0nH_Cj2p0fF__roL8p5mm__tee_fl160um_fc12_cg1p2um__rpg1p4um,4.77651693144,6.01267430814,5.288875754322052,206.53408976781333,5.687153108335405,6,chip_simple_dx6p364_dym5p455__Lj12p0nH_Cj2p0fF__roL8p5mm__tee_fl160um_fc12_cg1p2um__rpg1p4um,4.75078715707,6.03628209085,5.3055558983383175,215.55523015902745,5.731041446609096,0.5041324093768348,0.025729774369999348,0.02360778271000008,0.016680144016265608,9.021140391214118,0.04388833827369076
NearestNeighbors,52,chip_simple_dx5p455_dym7p273__Lj12p0nH_Cj2p0fF__roL8p5mm__tee_fl160um_fc12_cg1p2um__rpg1p4um,4.77651693144,6.01267430814,5.288875754322052,206.53408976781333,5.687153108335405,7,chip_simple_dxm10p000_dym3p636__Lj12p0nH_Cj2p0fF__roL8p5mm__tee_fl160um_fc12_cg1p2um__rpg1p4um,4.77990037302,6.04333626236,5.1115355472545625,206.9079404411617,5.789534002440126,0.5120954305107063,0.003383441580000479,0.030661954220000176,0.17734020706748943,0.37385067334838595,0.10238089410472107
NearestNeighbors,52,chip_simple_dx5p455_dym7p273__Lj12p0nH_Cj2p0fF__roL8p5mm__tee_fl160um_fc12_cg1p2um__rpg1p4um,4.77651693144,6.01267430814,5.288875754322052,206.53408976781333,5.687153108335405,8,chip_simple_dxm4p545_dym5p455__Lj12p0nH_Cj2p0fF__roL8p5mm__tee_fl160um_fc12_cg1p2um__rpg1p4um,4.74780934755,6.01171066353,5.136955881889343,208.8049312132329,5.762839564068083,0.5136667249275237,0.028707583890000166,0.0009636446100005358,0.15191987243270866,2.2708414454195633,0.0756864557326784
NearestNeighbors,52,chip_simple_dx5p455_dym7p273__Lj12p0nH_Cj2p0fF__roL8p5mm__tee_fl160um_fc12_cg1p2um__rpg1p4um,4.77651693144,6.01267430814,5.288875754322052,206.53408976781333,5.687153108335405,9,chip_simple_dx3p636_dym9p091__Lj12p0nH_Cj2p0fF__roL8p5mm__tee_fl160um_fc12_cg1p2um__rpg1p4um,4.74762783623,6.02799146582,5.311174287874222,214.95375549931185,5.736266000675814,0.519426988394159,0.028889095209999383,0.015317157679999305,0.022298533552169708,8.419665731498526,0.04911289234040872
NearestNeighbors,52,chip_simple_dx5p455_dym7p273__Lj12p0nH_Cj2p0fF__roL8p5mm__tee_fl160um_fc12_cg1p2um__rpg1p4um,4.77651693144,6.01267430814,5.288875754322052,206.53408976781333,5.687153108335405,10,chip_simple_dx5p455_dy5p455__Lj12p0nH_Cj2p0fF__roL8p5mm__tee_fl160um_fc12_cg1p2um__rpg1p4um,4.79166371185,6.05484777073,5.335296250137329,211.0122938310696,5.777759592215692,0.5365369427489143,0.015146780410000282,0.0421734625900001,0.046420495815277185,4.478204063256271,0.09060648388028714
NearestNeighbors,53,chip_simple_dx5p455_dym1p818__Lj12p0nH_Cj2p0fF__roL8p5mm__tee_fl160um_fc12_cg1p2um__rpg1p4um,4.68773821557,6.16915297771,5.944327746189117,263.86610641901024,6.004178125569785,1,chip_simple_dxm9p091_dym3p636__Lj12p0nH_Cj2p0fF__roL8p5mm__tee_fl160um_fc12_cg1p2um__rpg1p4um,4.69849918476,6.1890369169,5.88604940322876,263.4189569943742,6.029108285903374,0.21197013972398535,0.01076096919000058,0.019883939190000532,0.0582783429603575,0.4471494246360521,0.024930160333588525
NearestNeighbors,53,chip_simple_dx5p455_dym1p818__Lj12p0nH_Cj2p0fF__roL8p5mm__tee_fl160um_fc12_cg1p2um__rpg1p4um,4.68773821557,6.16915297771,5.944327746189117,263.86610641901024,6.004178125569785,2,chip_simple_dx9p091_dy8p182__Lj12p0nH_Cj2p0fF__roL8p5mm__tee_fl160um_fc12_cg1p2um__rpg1p4um,4.69054728544,6.17827451541,5.739252216215133,260.0683223594995,5.9758724560029775,0.22429797619745662,0.0028090698700005134,0.00912153770000046,0.2050755299739837,3.797784059510718,0.0283056695668078
NearestNeighbors,53,chip_simple_dx5p455_dym1p818__Lj12p0nH_Cj2p0fF__roL8p5mm__tee_fl160um_fc12_cg1p2um__rpg1p4um,4.68773821557,6.16915297771,5.944327746189117,263.86610641901024,6.004178125569785,3,chip_simple_dx6p364_dy4p545__Lj12p0nH_Cj2p0fF__roL8p5mm__tee_fl160um_fc12_cg1p2um__rpg1p4um,4.69228317141,6.1818937723,6.127078645599365,269.0377447147971,5.989088593117621,0.2320355099300434,0.004544955840000142,0.012740794589999993,0.18275089941024802,5.171638295786863,0.015089532452163823
NearestNeighbors,53,chip_simple_dx5p455_dym1p818__Lj12p0nH_Cj2p0fF__roL8p5mm__tee_fl160um_fc12_cg1p2um__rpg1p4um,4.68773821557,6.16915297771,5.944327746189117,263.86610641901024,6.004178125569785,4,chip_simple_dxm9p091_dy0p000__Lj12p0nH_Cj2p0fF__roL8p5mm__tee_fl160um_fc12_cg1p2um__rpg1p4um,4.69617520443,6.17219540693,6.037215105722427,264.57182310360275,5.958986631720915,0.24058677233065917,0.00843698886000066,0.003042429220000642,0.09288735953330995,0.7057166845925167,0.04519149384887022
NearestNeighbors,53,chip_simple_dx5p455_dym1p818__Lj12p0nH_Cj2p0fF__roL8p5mm__tee_fl160um_fc12_cg1p2um__rpg1p4um,4.68773821557,6.16915297771,5.944327746189117,263.86610641901024,6.004178125569785,5,chip_simple_dx6p364_dym7p273__Lj12p0nH_Cj2p0fF__roL8p5mm__tee_fl160um_fc12_cg1p2um__rpg1p4um,4.70011382488,6.16593969503,6.256451718360901,267.4374483181419,6.00177346918992,0.2641756224874521,0.012375609310000257,0.0032132826799999847,0.31212397217178367,3.571341899131653,0.002404656379865422
NearestNeighbors,53,chip_simple_dx5p455_dym1p818__Lj12p0nH_Cj2p0fF__roL8p5mm__tee_fl160um_fc12_cg1p2um__rpg1p4um,4.68773821557,6.16915297771,5.944327746189117,263.86610641901024,6.004178125569785,6,chip_simple_dxm0p909_dym1p818__Lj12p0nH_Cj2p0fF__roL8p5mm__tee_fl160um_fc12_cg1p2um__rpg1p4um,4.672625604,6.15896625974,5.890477626493453,264.17818518642616,5.957573698522844,0.29335502375202044,0.015112611569999324,0.010186717969999926,0.05385011969566378,0.312078767415926,0.04660442704694123
NearestNeighbors,53,chip_simple_dx5p455_dym1p818__Lj12p0nH_Cj2p0fF__roL8p5mm__tee_fl160um_fc12_cg1p2um__rpg1p4um,4.68773821557,6.16915297771,5.944327746189117,263.86610641901024,6.004178125569785,7,chip_simple_dxm9p091_dym10p000__Lj12p0nH_Cj2p0fF__roL8p5mm__tee_fl160um_fc12_cg1p2um__rpg1p4um,4.71107489741,6.18535581306,5.952367972948074,261.5686595159561,6.018524976031365,0.3229143531548757,0.02333668184000004,0.016202835350000555,0.00804022675895677,2.2974469030541513,0.014346850461580019
NearestNeighbors,53,chip_simple_dx5p455_dym1p818__Lj12p0nH_Cj2p0fF__roL8p5mm__tee_fl160um_fc12_cg1p2um__rpg1p4um,4.68773821557,6.16915297771,5.944327746189117,263.86610641901024,6.004178125569785,8,chip_simple_dx7p273_dy0p909__Lj12p0nH_Cj2p0fF__roL8p5mm__tee_fl160um_fc12_cg1p2um__rpg1p4um,4.68158068737,6.21519750417,5.589104882595062,264.3401351650299,6.023432078265482,0.3461071757010001,0.006157528199999263,0.046044526460000235,0.3552228635940553,0.4740287460196555,0.01925395269569652
NearestNeighbors,53,chip_simple_dx5p455_dym1p818__Lj12p0nH_Cj2p0fF__roL8p5mm__tee_fl160um_fc12_cg1p2um__rpg1p4um,4.68773821557,6.16915297771,5.944327746189117,263.86610641901024,6.004178125569785,9,chip_simple_dxm9p091_dym7p273__Lj12p0nH_Cj2p0fF__roL8p5mm__tee_fl160um_fc12_cg1p2um__rpg1p4um,4.68244497009,6.16560402472,5.596757998455048,256.3717628846066,5.975566995273393,0.3516635473922357,0.005293245479999875,0.0035489529899992434,0.34756974773406935,7.49434353440364,0.028611130296392062
NearestNeighbors,53,chip_simple_dx5p455_dym1p818__Lj12p0nH_Cj2p0fF__roL8p5mm__tee_fl160um_fc12_cg1p2um__rpg1p4um,4.68773821557,6.16915297771,5.944327746189117,263.86610641901024,6.004178125569785,10,chip_simple_dxm3p636_dy6p364__Lj12p0nH_Cj2p0fF__roL8p5mm__tee_fl160um_fc12_cg1p2um__rpg1p4um,4.70408698534,6.20223073647,5.666454196695328,259.3716296761648,5.989725032044327,0.35736152698015583,0.016348769770000438,0.03307775876000019,0.27787354949378873,4.49447674284545,0.014453093525458094
NearestNeighbors,54,chip_simple_dx5p455_dy0p000__Lj12p0nH_Cj2p0fF__roL8p5mm__tee_fl160um_fc12_cg1p2um__rpg1p4um,4.79890317521,6.10186659077,5.400852404905319,218.1340294431616,5.86911477125879,1,chip_simple_dx3p636_dy5p455__Lj12p0nH_Cj2p0fF__roL8p5mm__tee_fl160um_fc12_cg1p2um__rpg1p4um,4.80652602058,6.08918636259,5.510822755336761,216.8797583809785,5.847523096105645,0.17199993377444392,0.007622845369999354,0.012680228180000697,0.10997035043144265,1.2542710621831077,0.021591675153144863
NearestNeighbors,54,chip_simple_dx5p455_dy0p000__Lj12p0nH_Cj2p0fF__roL8p5mm__tee_fl160um_fc12_cg1p2um__rpg1p4um,4.79890317521,6.10186659077,5.400852404905319,218.1340294431616,5.86911477125879,2,chip_simple_dx4p545_dy5p455__Lj12p0nH_Cj2p0fF__roL8p5mm__tee_fl160um_fc12_cg1p2um__rpg1p4um,4.79418626685,6.08500156739,5.524672909627914,218.89374055263784,5.839393681887264,0.19098181265610784,0.0047169083600007156,0.016865023380000288,0.12382050472259554,0.7597111094762283,0.029721089371525622
NearestNeighbors,54,chip_simple_dx5p455_dy0p000__Lj12p0nH_Cj2p0fF__roL8p5mm__tee_fl160um_fc12_cg1p2um__rpg1p4um,4.79890317521,6.10186659077,5.400852404905319,218.1340294431616,5.86911477125879,3,chip_simple_dx0p000_dym7p273__Lj12p0nH_Cj2p0fF__roL8p5mm__tee_fl160um_fc12_cg1p2um__rpg1p4um,4.77705046101,6.10812065882,5.159243787857055,218.32852182588368,5.871090142169181,0.30830151770242226,0.021852714200000456,0.006254068049999617,0.24160861704826342,0.1944923827220748,0.0019753709103911277
NearestNeighbors,54,chip_simple_dx5p455_dy0p000__Lj12p0nH_Cj2p0fF__roL8p5mm__tee_fl160um_fc12_cg1p2um__rpg1p4um,4.79890317521,6.10186659077,5.400852404905319,218.1340294431616,5.86911477125879,4,chip_simple_dxm3p636_dym1p818__Lj12p0nH_Cj2p0fF__roL8p5mm__tee_fl160um_fc12_cg1p2um__rpg1p4um,4.81299464426,6.12418049997,5.540620308588028,221.6574218646432,5.908503587535207,0.31569432315049367,0.014091469049999361,0.022313909199999316,0.13976790368270908,3.5233924214815886,0.03938881627641688
NearestNeighbors,54,chip_simple_dx5p455_dy0p000__Lj12p0nH_Cj2p0fF__roL8p5mm__tee_fl160um_fc12_cg1p2um__rpg1p4um,4.79890317521,6.10186659077,5.400852404905319,218.1340294431616,5.86911477125879,5,chip_simple_dx0p000_dym4p545__Lj12p0nH_Cj2p0fF__roL8p5mm__tee_fl160um_fc12_cg1p2um__rpg1p4um,4.79428247445,6.13515444283,5.179095958950042,219.54335034771063,5.916681344787001,0.3214015107306456,0.004620700760000318,0.033287852059999956,0.22175644595527633,1.4093209045490198,0.047566573528211364
NearestNeighbors,54,chip_simple_dx5p455_dy0p000__Lj12p0nH_Cj2p0fF__roL8p5mm__tee_fl160um_fc12_cg1p2um__rpg1p4um,4.79890317521,6.10186659077,5.400852404905319,218.1340294431616,5.86911477125879,6,chip_simple_dx5p455_dym0p909__Lj12p0nH_Cj2p0fF__roL8p5mm__tee_fl160um_fc12_cg1p2um__rpg1p4um,4.7930652742,6.12875251186,5.394133037059784,223.2748147250602,5.91572486547393,0.3216753901158837,0.005837901010000479,0.026885921089999876,0.0067193678455348405,5.140785281898587,0.04661009421513995
NearestNeighbors,54,chip_simple_dx5p455_dy0p000__Lj12p0nH_Cj2p0fF__roL8p5mm__tee_fl160um_fc12_cg1p2um__rpg1p4um,4.79890317521,6.10186659077,5.400852404905319,218.1340294431616,5.86911477125879,7,chip_simple_dxm10p000_dym0p909__Lj12p0nH_Cj2p0fF__roL8p5mm__tee_fl160um_fc12_cg1p2um__rpg1p4um,4.78631013217,6.11749499502,5.0396452458877565,215.32562253250407,5.829430491241084,0.3405516113666366,0.012593043040000751,0.015628404250000116,0.36120715901756206,2.8084069106575384,0.039684280017706186
NearestNeighbors,54,chip_simple_dx5p455_dy0p000__Lj12p0nH_Cj2p0fF__roL8p5mm__tee_fl160um_fc12_cg1p2um__rpg1p4um,4.79890317521,6.10186659077,5.400852404905319,218.1340294431616,5.86911477125879,8,chip_simple_dx9p091_dy6p364__Lj12p0nH_Cj2p0fF__roL8p5mm__tee_fl160um_fc12_cg1p2um__rpg1p4um,4.80886740306,6.13457594718,5.043484102472305,213.644745352194,5.8856847017557525,0.3432159665830942,0.009964227849999396,0.032709356409999835,0.3573683024330139,4.489284090967601,0.016569930496962648
NearestNeighbors,54,chip_simple_dx5p455_dy0p000__Lj12p0nH_Cj2p0fF__roL8p5mm__tee_fl160um_fc12_cg1p2um__rpg1p4um,4.79890317521,6.10186659077,5.400852404905319,218.1340294431616,5.86911477125879,9,chip_simple_dx10p000_dym5p455__Lj12p0nH_Cj2p0fF__roL8p5mm__tee_fl160um_fc12_cg1p2um__rpg1p4um,4.78348404036,6.07595430882,5.212648472454071,213.32573538357212,5.832765407268815,0.35138432300826716,0.015419134850000127,0.02591228195000017,0.18820393245124745,4.808294059589485,0.03634936398997457
NearestNeighbors,54,chip_simple_dx5p455_dy0p000__Lj12p0nH_Cj2p0fF__roL8p5mm__tee_fl160um_fc12_cg1p2um__rpg1p4um,4.79890317521,6.10186659077,5.400852404905319,218.1340294431616,5.86911477125879,10,chip_simple_dxm6p364_dym0p909__Lj12p0nH_Cj2p0fF__roL8p5mm__tee_fl160um_fc12_cg1p2um__rpg1p4um,4.77570732404,6.08443212228,5.519260666910172,222.3516389432408,5.895879300078792,0.3658246900916089,0.02319585117000056,0.0174344684900003,0.118408262004853,4.217609500079192,0.02676452882000202
NearestNeighbors,55,chip_simple_dx5p455_dy4p545__Lj12p0nH_Cj2p0fF__roL8p5mm__tee_fl160um_fc12_cg1p2um__rpg1p4um,4.76042805272,6.00426702014,5.580280214124679,214.12067118012288,5.701672548172258,1,chip_simple_dxm9p091_dy9p091__Lj12p0nH_Cj2p0fF__roL8p5mm__tee_fl160um_fc12_cg1p2um__rpg1p4um,4.75085202436,6.00137867716,5.41655916849327,212.3126314781783,5.701547260512729,0.16394170043671366,0.009576028359999711,0.0028883429800004023,0.16372104563140866,1.8080397019445797,0.0001252876595287944
NearestNeighbors,55,chip_simple_dx5p455_dy4p545__Lj12p0nH_Cj2p0fF__roL8p5mm__tee_fl160um_fc12_cg1p2um__rpg1p4um,4.76042805272,6.00426702014,5.580280214124679,214.12067118012288,5.701672548172258,2,chip_simple_dx4p545_dy10p000__Lj12p0nH_Cj2p0fF__roL8p5mm__tee_fl160um_fc12_cg1p2um__rpg1p4um,4.77208572646,5.99587669765,5.687584656963348,212.41558975620657,5.693307476185639,0.17887779327467762,0.011657673740000263,0.00839032249000038,0.10730444283866891,1.7050814239163117,0.008365071986618844
NearestNeighbors,55,chip_simple_dx5p455_dy4p545__Lj12p0nH_Cj2p0fF__roL8p5mm__tee_fl160um_fc12_cg1p2um__rpg1p4um,4.76042805272,6.00426702014,5.580280214124679,214.12067118012288,5.701672548172258,3,chip_simple_dx0p909_dy4p545__Lj12p0nH_Cj2p0fF__roL8p5mm__tee_fl160um_fc12_cg1p2um__rpg1p4um,4.76476123819,6.01779585812,5.4063290720748896,211.87633532782385,5.7317404606293385,0.20729593348683023,0.004333185470000167,0.013528837980000041,0.17395114204978945,2.244335852299031,0.030067912457080403
NearestNeighbors,55,chip_simple_dx5p455_dy4p545__Lj12p0nH_Cj2p0fF__roL8p5mm__tee_fl160um_fc12_cg1p2um__rpg1p4um,4.76042805272,6.00426702014,5.580280214124679,214.12067118012288,5.701672548172258,4,chip_simple_dxm6p364_dym7p273__Lj12p0nH_Cj2p0fF__roL8p5mm__tee_fl160um_fc12_cg1p2um__rpg1p4um,4.75005432934,6.01899043043,5.655702243776322,219.9240164763736,5.705344706711049,0.25252031111328915,0.010373723379999866,0.01472341028999935,0.07542202965164257,5.803345296250711,0.0036721585387908817
NearestNeighbors,55,chip_simple_dx5p455_dy4p545__Lj12p0nH_Cj2p0fF__roL8p5mm__tee_fl160um_fc12_cg1p2um__rpg1p4um,4.76042805272,6.00426702014,5.580280214124679,214.12067118012288,5.701672548172258,5,chip_simple_dxm6p364_dym4p545__Lj12p0nH_Cj2p0fF__roL8p5mm__tee_fl160um_fc12_cg1p2um__rpg1p4um,4.77051294453,5.99784752226,5.875309934732437,216.5912114480181,5.743283944916589,0.2970898076496602,0.010084891810000052,0.006419497880000513,0.2950297206077579,2.470540267895217,0.04161139674433123
NearestNeighbors,55,chip_simple_dx5p455_dy4p545__Lj12p0nH_Cj2p0fF__roL8p5mm__tee_fl160um_fc12_cg1p2um__rpg1p4um,4.76042805272,6.00426702014,5.580280214124679,214.12067118012288,5.701672548172258,6,chip_simple_dx6p364_dym5p455__Lj12p0nH_Cj2p0fF__roL8p5mm__tee_fl160um_fc12_cg1p2um__rpg1p4um,4.75078715707,6.03628209085,5.3055558983383175,215.55523015902745,5.731041446609096,0.301435264948894,0.009640895649999592,0.03201507070999998,0.2747243157863615,1.4345589789045619,0.029368898436837654
NearestNeighbors,55,chip_simple_dx5p455_dy4p545__Lj12p0nH_Cj2p0fF__roL8p5mm__tee_fl160um_fc12_cg1p2um__rpg1p4um,4.76042805272,6.00426702014,5.580280214124679,214.12067118012288,5.701672548172258,7,chip_simple_dx3p636_dym9p091__Lj12p0nH_Cj2p0fF__roL8p5mm__tee_fl160um_fc12_cg1p2um__rpg1p4um,4.74762783623,6.02799146582,5.311174287874222,214.95375549931185,5.736266000675814,0.3036986182002837,0.012800216489999627,0.023724445679999207,0.2691059262504574,0.8330843191889699,0.03459345250355561
NearestNeighbors,55,chip_simple_dx5p455_dy4p545__Lj12p0nH_Cj2p0fF__roL8p5mm__tee_fl160um_fc12_cg1p2um__rpg1p4um,4.76042805272,6.00426702014,5.580280214124679,214.12067118012288,5.701672548172258,8,chip_simple_dx0p909_dym3p636__Lj12p0nH_Cj2p0fF__roL8p5mm__tee_fl160um_fc12_cg1p2um__rpg1p4um,4.74299007193,5.97185553704,5.585872956563949,212.43614000136665,5.67605929438614,0.31236856871041696,0.017437980789999585,0.03241148310000064,0.005592742439270104,1.684531178756231,0.02561325378611823
NearestNeighbors,55,chip_simple_dx5p455_dy4p545__Lj12p0nH_Cj2p0fF__roL8p5mm__tee_fl160um_fc12_cg1p2um__rpg1p4um,4.76042805272,6.00426702014,5.580280214124679,214.12067118012288,5.701672548172258,9,chip_simple_dxm6p364_dy8p182__Lj12p0nH_Cj2p0fF__roL8p5mm__tee_fl160um_fc12_cg1p2um__rpg1p4um,4.77321503886,6.00455267316,5.383789241537094,207.73583489892687,5.742832726047686,0.3460011444173351,0.012786986140000067,0.0002856530199997209,0.1964909725875854,6.384836281196016,0.041160177875427806
NearestNeighbors,55,chip_simple_dx5p455_dy4p545__Lj12p0nH_Cj2p0fF__roL8p5mm__tee_fl160um_fc12_cg1p2um__rpg1p4um,4.76042805272,6.00426702014,5.580280214124679,214.12067118012288,5.701672548172258,10,chip_simple_dx7p273_dy9p091__Lj12p0nH_Cj2p0fF__roL8p5mm__tee_fl160um_fc12_cg1p2um__rpg1p4um,4.77325080353,6.03297215026,5.541249745204925,215.22790751327605,5.779259447895125,0.4246802655720538,0.012822750809999839,0.028705130119999644,0.039030468919754036,1.1072363331531676,0.07758689972286703
NearestNeighbors,56,chip_simple_dx6p364_dym6p364__Lj12p0nH_Cj2p0fF__roL8p5mm__tee_fl160um_fc12_cg1p2um__rpg1p4um,4.73299182388,6.11956228785,5.757296814630508,241.81304695721613,5.924140203230228,1,chip_simple_dxm5p455_dy8p182__Lj12p0nH_Cj2p0fF__roL8p5mm__tee_fl160um_fc12_cg1p2um__rpg1p4um,4.73624038147,6.10517374819,5.883827769510269,241.3915804124541,5.9183738212690695,0.118564029380205,0.0032485575900000896,0.014388539659999644,0.12653095487976085,0.4214665447620405,0.005766381961158196
NearestNeighbors,56,chip_simple_dx6p364_dym6p364__Lj12p0nH_Cj2p0fF__roL8p5mm__tee_fl160um_fc12_cg1p2um__rpg1p4um,4.73299182388,6.11956228785,5.757296814630508,241.81304695721613,5.924140203230228,2,chip_simple_dx2p727_dy8p182__Lj12p0nH_Cj2p0fF__roL8p5mm__tee_fl160um_fc12_cg1p2um__rpg1p4um,4.72577115301,6.11702248151,5.67343218500328,241.13444090201696,5.90532555190526,0.13648582513190244,0.007220670869999779,0.0025398063399997284,0.08386462962722785,0.6786060551991682,0.018814651324968068
NearestNeighbors,56,chip_simple_dx6p364_dym6p364__Lj12p0nH_Cj2p0fF__roL8p5mm__tee_fl160um_fc12_cg1p2um__rpg1p4um,4.73299182388,6.11956228785,5.757296814630508,241.81304695721613,5.924140203230228,3,chip_simple_dx0p909_dym9p091__Lj12p0nH_Cj2p0fF__roL8p5mm__tee_fl160um_fc12_cg1p2um__rpg1p4um,4.73292662921,6.13968220021,5.629279759424209,242.34971323214788,5.904117804172508,0.16289846026206198,6.519467000032364e-05,0.020119912360000214,0.1280170552062989,0.536666274931747,0.020022399057719298
NearestNeighbors,56,chip_simple_dx6p364_dym6p364__Lj12p0nH_Cj2p0fF__roL8p5mm__tee_fl160um_fc12_cg1p2um__rpg1p4um,4.73299182388,6.11956228785,5.757296814630508,241.81304695721613,5.924140203230228,4,chip_simple_dx0p000_dy0p000__Lj12p0nH_Cj2p0fF__roL8p5mm__tee_fl160um_fc12_cg1p2um__rpg1p4um,4.73427745419,6.0988951142,5.960086310180664,242.41626861962845,5.922689635063685,0.1642776568787447,0.0012856303099999522,0.020667173649999704,0.20278949555015569,0.6032216624123237,0.001450568166542432
NearestNeighbors,56,chip_simple_dx6p364_dym6p364__Lj12p0nH_Cj2p0fF__roL8p5mm__tee_fl160um_fc12_cg1p2um__rpg1p4um,4.73299182388,6.11956228785,5.757296814630508,241.81304695721613,5.924140203230228,5,chip_simple_dxm1p818_dy5p455__Lj12p0nH_Cj2p0fF__roL8p5mm__tee_fl160um_fc12_cg1p2um__rpg1p4um,4.73603070326,6.09721269024,5.885714801893234,240.218625475818,5.910505601584163,0.1702048931278931,0.0030388793800000258,0.022349597609999883,0.12841798726272557,1.5944214813981432,0.013634601646065114
NearestNeighbors,56,chip_simple_dx6p364_dym6p364__Lj12p0nH_Cj2p0fF__roL8p5mm__tee_fl160um_fc12_cg1p2um__rpg1p4um,4.73299182388,6.11956228785,5.757296814630508,241.81304695721613,5.924140203230228,6,chip_simple_dx8p182_dy9p091__Lj12p0nH_Cj2p0fF__roL8p5mm__tee_fl160um_fc12_cg1p2um__rpg1p4um,4.72158254912,6.12778684598,5.69784814260292,244.34494700729925,5.923186679041649,0.1760092322170791,0.011409274760000088,0.008224558130000226,0.05944867202758797,2.5319000500831237,0.0009535241885787471
NearestNeighbors,56,chip_simple_dx6p364_dym6p364__Lj12p0nH_Cj2p0fF__roL8p5mm__tee_fl160um_fc12_cg1p2um__rpg1p4um,4.73299182388,6.11956228785,5.757296814630508,241.81304695721613,5.924140203230228,7,chip_simple_dx10p000_dym4p545__Lj12p0nH_Cj2p0fF__roL8p5mm__tee_fl160um_fc12_cg1p2um__rpg1p4um,4.72887741733,6.11605763171,5.721568623006821,241.3895574816467,5.882844555175796,0.19908133834298128,0.0041144065500002824,0.003504656139999618,0.035728191623687344,0.4234894755694256,0.04129564805443131
NearestNeighbors,56,chip_simple_dx6p364_dym6p364__Lj12p0nH_Cj2p0fF__roL8p5mm__tee_fl160um_fc12_cg1p2um__rpg1p4um,4.73299182388,6.11956228785,5.757296814630508,241.81304695721613,5.924140203230228,8,chip_simple_dxm0p909_dym2p727__Lj12p0nH_Cj2p0fF__roL8p5mm__tee_fl160um_fc12_cg1p2um__rpg1p4um,4.71688507337,6.1251687863,5.703840147447586,245.03748437158407,5.9299268561119325,0.23492800018836896,0.016106750509999657,0.0056064984499997195,0.05345666718292197,3.224437414367941,0.005786652881704768
NearestNeighbors,56,chip_simple_dx6p364_dym6p364__Lj12p0nH_Cj2p0fF__roL8p5mm__tee_fl160um_fc12_cg1p2um__rpg1p4um,4.73299182388,6.11956228785,5.757296814630508,241.81304695721613,5.924140203230228,9,chip_simple_dxm8p182_dy1p818__Lj12p0nH_Cj2p0fF__roL8p5mm__tee_fl160um_fc12_cg1p2um__rpg1p4um,4.71664457901,6.13034053841,5.655800553245544,244.77506405259857,5.930245532265892,0.2442440515299833,0.016347244870000388,0.010778250559999591,0.10149626138496437,2.9620170953824356,0.0061053290356642975
NearestNeighbors,56,chip_simple_dx6p364_dym6p364__Lj12p0nH_Cj2p0fF__roL8p5mm__tee_fl160um_fc12_cg1p2um__rpg1p4um,4.73299182388,6.11956228785,5.757296814630508,241.81304695721613,5.924140203230228,10,chip_simple_dxm9p091_dy8p182__Lj12p0nH_Cj2p0fF__roL8p5mm__tee_fl160um_fc12_cg1p2um__rpg1p4um,4.73445099138,6.15478155079,5.603587422172546,243.7500148862952,5.951852940269059,0.2583668774846767,0.0014591675000001914,0.03521926294000011,0.15370939245796222,1.93696792907906,0.027712737038831037
NearestNeighbors,57,chip_simple_dx7p273_dym1p818__Lj12p0nH_Cj2p0fF__roL8p5mm__tee_fl160um_fc12_cg1p2um__rpg1p4um,4.70663811853,6.16647237057,5.836125591398239,256.85236511832613,5.902282472045732,1,chip_simple_dx5p455_dym6p364__Lj12p0nH_Cj2p0fF__roL8p5mm__tee_fl160um_fc12_cg1p2um__rpg1p4um,4.70113956644,6.15024864164,5.847728067014694,255.68062975343904,5.934076612123183,0.1893493513555355,0.00549855208999972,0.016223728930000014,0.011602475616455443,1.1717353648870983,0.031794140077451516
NearestNeighbors,57,chip_simple_dx7p273_dym1p818__Lj12p0nH_Cj2p0fF__roL8p5mm__tee_fl160um_fc12_cg1p2um__rpg1p4um,4.70663811853,6.16647237057,5.836125591398239,256.85236511832613,5.902282472045732,2,chip_simple_dx7p273_dy10p000__Lj12p0nH_Cj2p0fF__roL8p5mm__tee_fl160um_fc12_cg1p2um__rpg1p4um,4.70805055796,6.13632743544,5.907291461717605,253.14031044935945,5.903929399723399,0.21384570141206868,0.0014124394300001342,0.03014493513000005,0.0711658703193665,3.7120546689666867,0.0016469276776671649
NearestNeighbors,57,chip_simple_dx7p273_dym1p818__Lj12p0nH_Cj2p0fF__roL8p5mm__tee_fl160um_fc12_cg1p2um__rpg1p4um,4.70663811853,6.16647237057,5.836125591398239,256.85236511832613,5.902282472045732,3,chip_simple_dxm4p545_dy6p364__Lj12p0nH_Cj2p0fF__roL8p5mm__tee_fl160um_fc12_cg1p2um__rpg1p4um,4.70948631508,6.14137986712,5.8266296945228575,251.89687397293608,5.901594385955966,0.22038217735518958,0.002848196550000459,0.025092503449999803,0.009495896875381327,4.955491145390056,0.0006880860897657826
NearestNeighbors,57,chip_simple_dx7p273_dym1p818__Lj12p0nH_Cj2p0fF__roL8p5mm__tee_fl160um_fc12_cg1p2um__rpg1p4um,4.70663811853,6.16647237057,5.836125591398239,256.85236511832613,5.902282472045732,4,chip_simple_dxm6p364_dy3p636__Lj12p0nH_Cj2p0fF__roL8p5mm__tee_fl160um_fc12_cg1p2um__rpg1p4um,4.70606182979,6.1671545843,5.89281384662056,258.3575285965225,5.954585492025992,0.24769893634657314,0.0005762887399995975,0.000682213730000214,0.056688255222320905,1.5051634781963799,0.052303019980260324
NearestNeighbors,57,chip_simple_dx7p273_dym1p818__Lj12p0nH_Cj2p0fF__roL8p5mm__tee_fl160um_fc12_cg1p2um__rpg1p4um,4.70663811853,6.16647237057,5.836125591398239,256.85236511832613,5.902282472045732,5,chip_simple_dx8p182_dy8p182__Lj12p0nH_Cj2p0fF__roL8p5mm__tee_fl160um_fc12_cg1p2um__rpg1p4um,4.69745140842,6.12940857106,6.00176041119194,256.33160974703685,5.915191680844501,0.26162005588386367,0.00918671010999983,0.03706379951000027,0.1656348197937012,0.5207553712892832,0.012909208798769
NearestNeighbors,57,chip_simple_dx7p273_dym1p818__Lj12p0nH_Cj2p0fF__roL8p5mm__tee_fl160um_fc12_cg1p2um__rpg1p4um,4.70663811853,6.16647237057,5.836125591398239,256.85236511832613,5.902282472045732,6,chip_simple_dx8p182_dy5p455__Lj12p0nH_Cj2p0fF__roL8p5mm__tee_fl160um_fc12_cg1p2um__rpg1p4um,4.69475515897,6.18930512161,5.745368988786697,261.0935447038348,5.922836316982369,0.26503783528285685,0.011882959560000295,0.022832751040000154,0.09075660261154184,4.241179585508689,0.0205538449366367
NearestNeighbors,57,chip_simple_dx7p273_dym1p818__Lj12p0nH_Cj2p0fF__roL8p5mm__tee_fl160um_fc12_cg1p2um__rpg1p4um,4.70663811853,6.16647237057,5.836125591398239,256.85236511832613,5.902282472045732,7,chip_simple_dxm9p091_dy4p545__Lj12p0nH_Cj2p0fF__roL8p5mm__tee_fl160um_fc12_cg1p2um__rpg1p4um,4.70020646758,6.16959521458,5.58720127576828,253.10207266424865,5.941758744245985,0.2741764609467876,0.0064316509499997565,0.003122844009999959,0.2489243156299592,3.7502924540774814,0.03947627220025307
NearestNeighbors,57,chip_simple_dx7p273_dym1p818__Lj12p0nH_Cj2p0fF__roL8p5mm__tee_fl160um_fc12_cg1p2um__rpg1p4um,4.70663811853,6.16647237057,5.836125591398239,256.85236511832613,5.902282472045732,8,chip_simple_dxm4p545_dy2p727__Lj12p0nH_Cj2p0fF__roL8p5mm__tee_fl160um_fc12_cg1p2um__rpg1p4um,4.72053982598,6.13986277241,6.137880284189224,256.0182577176675,5.892363472706823,0.290003831021842,0.013901707450000522,0.026609598160000303,0.3017546927909853,0.8341074006586382,0.009918999338909273
NearestNeighbors,57,chip_simple_dx7p273_dym1p818__Lj12p0nH_Cj2p0fF__roL8p5mm__tee_fl160um_fc12_cg1p2um__rpg1p4um,4.70663811853,6.16647237057,5.836125591398239,256.85236511832613,5.902282472045732,9,chip_simple_dxm4p545_dy4p545__Lj12p0nH_Cj2p0fF__roL8p5mm__tee_fl160um_fc12_cg1p2um__rpg1p4um,4.71642795927,6.13578113095,5.930907612184524,251.74673425045364,5.924740428666518,0.2953560748412334,0.009789840739999889,0.03069123962000031,0.09478202078628506,5.105630867872492,0.022457956620786312
NearestNeighbors,57,chip_simple_dx7p273_dym1p818__Lj12p0nH_Cj2p0fF__roL8p5mm__tee_fl160um_fc12_cg1p2um__rpg1p4um,4.70663811853,6.16647237057,5.836125591398239,256.85236511832613,5.902282472045732,10,chip_simple_dxm7p273_dym2p727__Lj12p0nH_Cj2p0fF__roL8p5mm__tee_fl160um_fc12_cg1p2um__rpg1p4um,4.70851926397,6.13738147014,6.056580542360305,256.39439544466705,5.950520179334925,0.30254831952469746,0.001881145440000509,0.029090900429999955,0.22045495096206658,0.45796967365907904,0.048237707289192855
NearestNeighbors,58,chip_simple_dx8p182_dym6p364__Lj12p0nH_Cj2p0fF__roL8p5mm__tee_fl160um_fc12_cg1p2um__rpg1p4um,4.74033005446,6.12730674018,5.791866146835327,242.2763131992824,5.874957661976247,1,chip_simple_dx10p000_dym4p545__Lj12p0nH_Cj2p0fF__roL8p5mm__tee_fl160um_fc12_cg1p2um__rpg1p4um,4.72887741733,6.11605763171,5.721568623006821,241.3895574816467,5.882844555175796,0.1683956844221368,0.011452637130000554,0.011249108469999491,0.07029752382850596,0.8867557176357082,0.00788689319954905
NearestNeighbors,58,chip_simple_dx8p182_dym6p364__Lj12p0nH_Cj2p0fF__roL8p5mm__tee_fl160um_fc12_cg1p2um__rpg1p4um,4.74033005446,6.12730674018,5.791866146835327,242.2763131992824,5.874957661976247,2,chip_simple_dx2p727_dy0p909__Lj12p0nH_Cj2p0fF__roL8p5mm__tee_fl160um_fc12_cg1p2um__rpg1p4um,4.74298606075,6.14557563555,5.577913346075058,240.00739016593903,5.859609361630187,0.19166266572457263,0.002656006289999624,0.018268895370000315,0.21395280076026868,2.268923033343384,0.015348300346060384
NearestNeighbors,58,chip_simple_dx8p182_dym6p364__Lj12p0nH_Cj2p0fF__roL8p5mm__tee_fl160um_fc12_cg1p2um__rpg1p4um,4.74033005446,6.12730674018,5.791866146835327,242.2763131992824,5.874957661976247,3,chip_simple_dx0p909_dym9p091__Lj12p0nH_Cj2p0fF__roL8p5mm__tee_fl160um_fc12_cg1p2um__rpg1p4um,4.73292662921,6.13968220021,5.629279759424209,242.34971323214788,5.904117804172508,0.19924912172425432,0.007403425250000595,0.01237546003000034,0.16258638741111753,0.07340003286546448,0.029160142196261063
NearestNeighbors,58,chip_simple_dx8p182_dym6p364__Lj12p0nH_Cj2p0fF__roL8p5mm__tee_fl160um_fc12_cg1p2um__rpg1p4um,4.74033005446,6.12730674018,5.791866146835327,242.2763131992824,5.874957661976247,4,chip_simple_dxm2p727_dy4p545__Lj12p0nH_Cj2p0fF__roL8p5mm__tee_fl160um_fc12_cg1p2um__rpg1p4um,4.75153648539,6.12686754084,5.701167658432007,237.858845654832,5.866682937277906,0.2141407406546391,0.011206430929999733,0.0004391993399996963,0.09069848840332018,4.417467544450403,0.008274724698341451
NearestNeighbors,58,chip_simple_dx8p182_dym6p364__Lj12p0nH_Cj2p0fF__roL8p5mm__tee_fl160um_fc12_cg1p2um__rpg1p4um,4.74033005446,6.12730674018,5.791866146835327,242.2763131992824,5.874957661976247,5,chip_simple_dx10p000_dym7p273__Lj12p0nH_Cj2p0fF__roL8p5mm__tee_fl160um_fc12_cg1p2um__rpg1p4um,4.74780746006,6.110765979,5.967518097417831,241.6074469436823,5.84184513151947,0.22517191378725293,0.007477405599999543,0.01654076117999992,0.1756519505825045,0.6688662556001077,0.0331125304567772
NearestNeighbors,58,chip_simple_dx8p182_dym6p364__Lj12p0nH_Cj2p0fF__roL8p5mm__tee_fl160um_fc12_cg1p2um__rpg1p4um,4.74033005446,6.12730674018,5.791866146835327,242.2763131992824,5.874957661976247,6,chip_simple_dxm5p455_dy8p182__Lj12p0nH_Cj2p0fF__roL8p5mm__tee_fl160um_fc12_cg1p2um__rpg1p4um,4.73624038147,6.10517374819,5.883827769510269,241.3915804124541,5.9183738212690695,0.2473256898713015,0.004089672990000182,0.022132991989999518,0.09196162267494223,0.884732786828323,0.043416159292822165
NearestNeighbors,58,chip_simple_dx8p182_dym6p364__Lj12p0nH_Cj2p0fF__roL8p5mm__tee_fl160um_fc12_cg1p2um__rpg1p4um,4.74033005446,6.12730674018,5.791866146835327,242.2763131992824,5.874957661976247,7,chip_simple_dx2p727_dy8p182__Lj12p0nH_Cj2p0fF__roL8p5mm__tee_fl160um_fc12_cg1p2um__rpg1p4um,4.72577115301,6.11702248151,5.67343218500328,241.13444090201696,5.90532555190526,0.24908877281383562,0.01455890145000005,0.010284258669999602,0.11843396183204646,1.1418722972654507,0.030367889929012293
NearestNeighbors,58,chip_simple_dx8p182_dym6p364__Lj12p0nH_Cj2p0fF__roL8p5mm__tee_fl160um_fc12_cg1p2um__rpg1p4um,4.74033005446,6.12730674018,5.791866146835327,242.2763131992824,5.874957661976247,8,chip_simple_dxm7p273_dy0p000__Lj12p0nH_Cj2p0fF__roL8p5mm__tee_fl160um_fc12_cg1p2um__rpg1p4um,4.73251374973,6.12333432529,5.90339426124382,245.63052496269063,5.833142733315017,0.2522578070419118,0.00781630473000039,0.003972414889999776,0.1115281144084932,3.354211763408216,0.041814928661230155
NearestNeighbors,58,chip_simple_dx8p182_dym6p364__Lj12p0nH_Cj2p0fF__roL8p5mm__tee_fl160um_fc12_cg1p2um__rpg1p4um,4.74033005446,6.12730674018,5.791866146835327,242.2763131992824,5.874957661976247,9,chip_simple_dxm1p818_dy5p455__Lj12p0nH_Cj2p0fF__roL8p5mm__tee_fl160um_fc12_cg1p2um__rpg1p4um,4.73603070326,6.09721269024,5.885714801893234,240.218625475818,5.910505601584163,0.25544296352898743,0.004299351200000245,0.030094049939999756,0.09384865505790696,2.0576877234644257,0.03554793960791525
NearestNeighbors,58,chip_simple_dx8p182_dym6p364__Lj12p0nH_Cj2p0fF__roL8p5mm__tee_fl160um_fc12_cg1p2um__rpg1p4um,4.74033005446,6.12730674018,5.791866146835327,242.2763131992824,5.874957661976247,10,chip_simple_dx9p091_dym7p273__Lj12p0nH_Cj2p0fF__roL8p5mm__tee_fl160um_fc12_cg1p2um__rpg1p4um,4.72050597097,6.13312512239,5.72029589563942,245.89801240972525,5.881474199794399,0.2833463998691151,0.019824083490000532,0.005818382210000195,0.0715702511959071,3.6216992104428414,0.006516537818151313
NearestNeighbors,59,chip_simple_dx8p182_dy0p909__Lj12p0nH_Cj2p0fF__roL8p5mm__tee_fl160um_fc12_cg1p2um__rpg1p4um,4.75057675295,6.09441747765,5.722410437381744,233.314149120694,5.853407541855238,1,chip_simple_dx2p727_dy5p455__Lj12p0nH_Cj2p0fF__roL8p5mm__tee_fl160um_fc12_cg1p2um__rpg1p4um,4.74208651799,6.09436211613,5.726268231283187,235.1566146380877,5.880473450765719,0.17506443708341446,0.00849023496000001,5.5361520000296593e-05,0.0038577939014432516,1.8424655173936912,0.02706590891048144
NearestNeighbors,59,chip_simple_dx8p182_dy0p909__Lj12p0nH_Cj2p0fF__roL8p5mm__tee_fl160um_fc12_cg1p2um__rpg1p4um,4.75057675295,6.09441747765,5.722410437381744,233.314149120694,5.853407541855238,2,chip_simple_dx0p909_dym7p273__Lj12p0nH_Cj2p0fF__roL8p5mm__tee_fl160um_fc12_cg1p2um__rpg1p4um,4.7614879753,6.08901350731,5.709311675077438,229.9700636116568,5.849530220387646,0.18070067329446615,0.01091122234999986,0.005403970340000619,0.013098762304306177,3.3440855090371997,0.003877321467592232
NearestNeighbors,59,chip_simple_dx8p182_dy0p909__Lj12p0nH_Cj2p0fF__roL8p5mm__tee_fl160um_fc12_cg1p2um__rpg1p4um,4.75057675295,6.09441747765,5.722410437381744,233.314149120694,5.853407541855238,3,chip_simple_dx3p636_dym0p909__Lj12p0nH_Cj2p0fF__roL8p5mm__tee_fl160um_fc12_cg1p2um__rpg1p4um,4.74682723468,6.06657591767,5.891095231824875,232.95693903075104,5.84385390194947,0.19326557812358863,0.0037495182700002516,0.027841559980000596,0.16868479444313067,0.3572100899429529,0.009553639905767852
NearestNeighbors,59,chip_simple_dx8p182_dy0p909__Lj12p0nH_Cj2p0fF__roL8p5mm__tee_fl160um_fc12_cg1p2um__rpg1p4um,4.75057675295,6.09441747765,5.722410437381744,233.314149120694,5.853407541855238,4,chip_simple_dx0p000_dy4p545__Lj12p0nH_Cj2p0fF__roL8p5mm__tee_fl160um_fc12_cg1p2um__rpg1p4um,4.75286142116,6.08882350457,5.892952473888397,235.49238786023307,5.8850993721358345,0.19375174589966015,0.0022846682100006177,0.005593973080000758,0.170542036506653,2.1782387395390685,0.03169183028059663
NearestNeighbors,59,chip_simple_dx8p182_dy0p909__Lj12p0nH_Cj2p0fF__roL8p5mm__tee_fl160um_fc12_cg1p2um__rpg1p4um,4.75057675295,6.09441747765,5.722410437381744,233.314149120694,5.853407541855238,5,chip_simple_dxm6p364_dy5p455__Lj12p0nH_Cj2p0fF__roL8p5mm__tee_fl160um_fc12_cg1p2um__rpg1p4um,4.74714722938,6.10190388125,5.5239915411624905,230.99470980116783,5.886184494438364,0.21162659835731917,0.003429523569999482,0.007486403599999747,0.19841889621925368,2.319439319526168,0.032776952583126295
NearestNeighbors,59,chip_simple_dx8p182_dy0p909__Lj12p0nH_Cj2p0fF__roL8p5mm__tee_fl160um_fc12_cg1p2um__rpg1p4um,4.75057675295,6.09441747765,5.722410437381744,233.314149120694,5.853407541855238,6,chip_simple_dxm10p000_dym5p455__Lj12p0nH_Cj2p0fF__roL8p5mm__tee_fl160um_fc12_cg1p2um__rpg1p4um,4.74663028203,6.09244739086,5.497690521795272,229.06180088997965,5.833596212181217,0.2173354453764809,0.003946470919999889,0.001970086790000103,0.22471991558647186,4.252348230714347,0.019811329674021216
NearestNeighbors,59,chip_simple_dx8p182_dy0p909__Lj12p0nH_Cj2p0fF__roL8p5mm__tee_fl160um_fc12_cg1p2um__rpg1p4um,4.75057675295,6.09441747765,5.722410437381744,233.314149120694,5.853407541855238,7,chip_simple_dx5p455_dym9p091__Lj12p0nH_Cj2p0fF__roL8p5mm__tee_fl160um_fc12_cg1p2um__rpg1p4um,4.74946000079,6.06973702281,5.756615043542862,230.21871320620863,5.823921246974269,0.2205212852885565,0.0011167521599997343,0.024680454840000365,0.034204606161117646,3.095435914485364,0.029486294880968877
NearestNeighbors,59,chip_simple_dx8p182_dy0p909__Lj12p0nH_Cj2p0fF__roL8p5mm__tee_fl160um_fc12_cg1p2um__rpg1p4um,4.75057675295,6.09441747765,5.722410437381744,233.314149120694,5.853407541855238,8,chip_simple_dx7p273_dym2p727__Lj12p0nH_Cj2p0fF__roL8p5mm__tee_fl160um_fc12_cg1p2um__rpg1p4um,4.75484668771,6.06921513477,5.718313435150146,228.27848180607165,5.844076080583877,0.23030840806962607,0.004269934759999927,0.025202342880000117,0.004097002231597813,5.035667314622344,0.009331461271361086
NearestNeighbors,59,chip_simple_dx8p182_dy0p909__Lj12p0nH_Cj2p0fF__roL8p5mm__tee_fl160um_fc12_cg1p2um__rpg1p4um,4.75057675295,6.09441747765,5.722410437381744,233.314149120694,5.853407541855238,9,chip_simple_dx6p364_dy2p727__Lj12p0nH_Cj2p0fF__roL8p5mm__tee_fl160um_fc12_cg1p2um__rpg1p4um,4.75293196551,6.07708289994,5.740933858938217,230.41754424422072,5.810778700049102,0.24107282078625747,0.002355212560000375,0.017334577710000687,0.018523421556472464,2.896604876473276,0.042628841806135576
NearestNeighbors,59,chip_simple_dx8p182_dy0p909__Lj12p0nH_Cj2p0fF__roL8p5mm__tee_fl160um_fc12_cg1p2um__rpg1p4um,4.75057675295,6.09441747765,5.722410437381744,233.314149120694,5.853407541855238,10,chip_simple_dxm5p455_dym5p455__Lj12p0nH_Cj2p0fF__roL8p5mm__tee_fl160um_fc12_cg1p2um__rpg1p4um,4.73470923401,6.08624842403,5.670676468399048,234.1906472022272,5.826739823305008,0.24178234986079697,0.015867518939999492,0.008169053620000533,0.05173396898269633,0.8764980815332137,0.026667718550229758
NearestNeighbors,60,chip_simple_dx9p091_dym8p182__Lj12p0nH_Cj2p0fF__roL8p5mm__tee_fl160um_fc12_cg1p2um__rpg1p4um,4.73933459996,6.01297642346,4.979622645933151,207.4128246574417,5.665277094733514,1,chip_simple_dxm9p091_dy9p091__Lj12p0nH_Cj2p0fF__roL8p5mm__tee_fl160um_fc12_cg1p2um__rpg1p4um,4.75085202436,6.00137867716,5.41655916849327,212.3126314781783,5.701547260512729,0.37459941361791643,0.011517424400000031,0.011597746299999656,0.43693652256011895,4.8998068207366146,0.03627016577921527
NearestNeighbors,60,chip_simple_dx9p091_dym8p182__Lj12p0nH_Cj2p0fF__roL8p5mm__tee_fl160um_fc12_cg1p2um__rpg1p4um,4.73933459996,6.01297642346,4.979622645933151,207.4128246574417,5.665277094733514,2,chip_simple_dx0p909_dym3p636__Lj12p0nH_Cj2p0fF__roL8p5mm__tee_fl160um_fc12_cg1p2um__rpg1p4um,4.74299007193,5.97185553704,5.585872956563949,212.43614000136665,5.67605929438614,0.44923786657444015,0.003655471970000157,0.04112088641999989,0.6062503106307977,5.023315343924963,0.010782199652625835
NearestNeighbors,60,chip_simple_dx9p091_dym8p182__Lj12p0nH_Cj2p0fF__roL8p5mm__tee_fl160um_fc12_cg1p2um__rpg1p4um,4.73933459996,6.01297642346,4.979622645933151,207.4128246574417,5.665277094733514,3,chip_simple_dxm4p545_dym5p455__Lj12p0nH_Cj2p0fF__roL8p5mm__tee_fl160um_fc12_cg1p2um__rpg1p4um,4.74780934755,6.01171066353,5.136955881889343,208.8049312132329,5.762839564068083,0.4713833925569135,0.008474747589999332,0.0012657599299998878,0.15733323595619186,1.3921065557912016,0.09756246933456936
NearestNeighbors,60,chip_simple_dx9p091_dym8p182__Lj12p0nH_Cj2p0fF__roL8p5mm__tee_fl160um_fc12_cg1p2um__rpg1p4um,4.73933459996,6.01297642346,4.979622645933151,207.4128246574417,5.665277094733514,4,chip_simple_dx3p636_dym9p091__Lj12p0nH_Cj2p0fF__roL8p5mm__tee_fl160um_fc12_cg1p2um__rpg1p4um,4.74762783623,6.02799146582,5.311174287874222,214.95375549931185,5.736266000675814,0.47232958430259836,0.008293236270000115,0.015015042359999953,0.33155164194107023,7.540930841870164,0.07098890594229967
NearestNeighbors,60,chip_simple_dx9p091_dym8p182__Lj12p0nH_Cj2p0fF__roL8p5mm__tee_fl160um_fc12_cg1p2um__rpg1p4um,4.73933459996,6.01297642346,4.979622645933151,207.4128246574417,5.665277094733514,5,chip_simple_dx6p364_dym5p455__Lj12p0nH_Cj2p0fF__roL8p5mm__tee_fl160um_fc12_cg1p2um__rpg1p4um,4.75078715707,6.03628209085,5.3055558983383175,215.55523015902745,5.731041446609096,0.4870182378707048,0.01145255711000015,0.02330566739000073,0.32593325240516613,8.142405501585756,0.06576435187558172
NearestNeighbors,60,chip_simple_dx9p091_dym8p182__Lj12p0nH_Cj2p0fF__roL8p5mm__tee_fl160um_fc12_cg1p2um__rpg1p4um,4.73933459996,6.01297642346,4.979622645933151,207.4128246574417,5.665277094733514,6,chip_simple_dx0p909_dy4p545__Lj12p0nH_Cj2p0fF__roL8p5mm__tee_fl160um_fc12_cg1p2um__rpg1p4um,4.76476123819,6.01779585812,5.4063290720748896,211.87633532782385,5.7317404606293385,0.5252337592824218,0.02542663822999991,0.004819434660000788,0.42670642614173815,4.463510670382163,0.06646336589582447
NearestNeighbors,60,chip_simple_dx9p091_dym8p182__Lj12p0nH_Cj2p0fF__roL8p5mm__tee_fl160um_fc12_cg1p2um__rpg1p4um,4.73933459996,6.01297642346,4.979622645933151,207.4128246574417,5.665277094733514,7,chip_simple_dx7p273_dy8p182__Lj12p0nH_Cj2p0fF__roL8p5mm__tee_fl160um_fc12_cg1p2um__rpg1p4um,4.72840082103,5.97315210181,5.691267652456284,217.62866557447816,5.647951458913108,0.5936267912571258,0.010933778930000138,0.039824321649999384,0.711645006523133,10.215840917036473,0.017325635820405694
NearestNeighbors,60,chip_simple_dx9p091_dym8p182__Lj12p0nH_Cj2p0fF__roL8p5mm__tee_fl160um_fc12_cg1p2um__rpg1p4um,4.73933459996,6.01297642346,4.979622645933151,207.4128246574417,5.665277094733514,8,chip_simple_dxm6p364_dy8p182__Lj12p0nH_Cj2p0fF__roL8p5mm__tee_fl160um_fc12_cg1p2um__rpg1p4um,4.77321503886,6.00455267316,5.383789241537094,207.73583489892687,5.742832726047686,0.6014688765834785,0.03388043889999981,0.008423750299999533,0.4041665956039422,0.32301024148517854,0.07755563131417187
NearestNeighbors,60,chip_simple_dx9p091_dym8p182__Lj12p0nH_Cj2p0fF__roL8p5mm__tee_fl160um_fc12_cg1p2um__rpg1p4um,4.73933459996,6.01297642346,4.979622645933151,207.4128246574417,5.665277094733514,9,chip_simple_dxm6p364_dym7p273__Lj12p0nH_Cj2p0fF__roL8p5mm__tee_fl160um_fc12_cg1p2um__rpg1p4um,4.75005432934,6.01899043043,5.655702243776322,219.9240164763736,5.705344706711049,0.6118228923445734,0.010719729379999876,0.006014006970000096,0.6760795978431702,12.511191818931906,0.040067611977534945
NearestNeighbors,60,chip_simple_dx9p091_dym8p182__Lj12p0nH_Cj2p0fF__roL8p5mm__tee_fl160um_fc12_cg1p2um__rpg1p4um,4.73933459996,6.01297642346,4.979622645933151,207.4128246574417,5.665277094733514,10,chip_simple_dx4p545_dy10p000__Lj12p0nH_Cj2p0fF__roL8p5mm__tee_fl160um_fc12_cg1p2um__rpg1p4um,4.77208572646,5.99587669765,5.687584656963348,212.41558975620657,5.693307476185639,0.6176425620685114,0.032751126500000005,0.017099725809999633,0.7079620110301965,5.002765098764883,0.02803038145212522
NearestNeighbors,61,chip_simple_dx9p091_dy4p545__Lj12p0nH_Cj2p0fF__roL8p5mm__tee_fl160um_fc12_cg1p2um__rpg1p4um,4.68769054045,6.11988182644,6.106558018573761,259.16147921563146,5.906583897822457,1,chip_simple_dxm2p727_dy2p727__Lj12p0nH_Cj2p0fF__roL8p5mm__tee_fl160um_fc12_cg1p2um__rpg1p4um,4.69292169855,6.12459458775,6.071658140985488,258.0113497070096,5.889099829288583,0.11544810218303637,0.005231158099999966,0.004712761309999536,0.03489987758827251,1.1501295086218875,0.017484068533873298
NearestNeighbors,61,chip_simple_dx9p091_dy4p545__Lj12p0nH_Cj2p0fF__roL8p5mm__tee_fl160um_fc12_cg1p2um__rpg1p4um,4.68769054045,6.11988182644,6.106558018573761,259.16147921563146,5.906583897822457,2,chip_simple_dx2p727_dym4p545__Lj12p0nH_Cj2p0fF__roL8p5mm__tee_fl160um_fc12_cg1p2um__rpg1p4um,4.67903296313,6.11573618128,6.044701898437499,259.02103527572217,5.889612598595296,0.1401877203663069,0.008657577320000165,0.004145645160000377,0.061856120136261517,0.14044393990928938,0.01697129922716112
NearestNeighbors,61,chip_simple_dx9p091_dy4p545__Lj12p0nH_Cj2p0fF__roL8p5mm__tee_fl160um_fc12_cg1p2um__rpg1p4um,4.68769054045,6.11988182644,6.106558018573761,259.16147921563146,5.906583897822457,3,chip_simple_dxm8p182_dym1p818__Lj12p0nH_Cj2p0fF__roL8p5mm__tee_fl160um_fc12_cg1p2um__rpg1p4um,4.6768035342,6.11785091516,6.0153143460884095,259.1949206835079,5.894894638109007,0.15595226411323407,0.010887006249999942,0.002030911280000325,0.09124367248535137,0.03344146787645741,0.011689259713449474
NearestNeighbors,61,chip_simple_dx9p091_dy4p545__Lj12p0nH_Cj2p0fF__roL8p5mm__tee_fl160um_fc12_cg1p2um__rpg1p4um,4.68769054045,6.11988182644,6.106558018573761,259.16147921563146,5.906583897822457,4,chip_simple_dx4p545_dy9p091__Lj12p0nH_Cj2p0fF__roL8p5mm__tee_fl160um_fc12_cg1p2um__rpg1p4um,4.68609575245,6.11430901066,5.943070262321472,255.0398969000135,5.911313507537606,0.17163790042523916,0.0015947880000002357,0.005572815779999907,0.16348775625228917,4.121582315617957,0.004729609715149685
NearestNeighbors,61,chip_simple_dx9p091_dy4p545__Lj12p0nH_Cj2p0fF__roL8p5mm__tee_fl160um_fc12_cg1p2um__rpg1p4um,4.68769054045,6.11988182644,6.106558018573761,259.16147921563146,5.906583897822457,5,chip_simple_dx8p182_dy8p182__Lj12p0nH_Cj2p0fF__roL8p5mm__tee_fl160um_fc12_cg1p2um__rpg1p4um,4.69745140842,6.12940857106,6.00176041119194,256.33160974703685,5.915191680844501,0.17861097774167703,0.009760867969999865,0.009526744619999583,0.10479760738182087,2.829869468594609,0.008607783022044124
NearestNeighbors,61,chip_simple_dx9p091_dy4p545__Lj12p0nH_Cj2p0fF__roL8p5mm__tee_fl160um_fc12_cg1p2um__rpg1p4um,4.68769054045,6.11988182644,6.106558018573761,259.16147921563146,5.906583897822457,6,chip_simple_dxm1p818_dy4p545__Lj12p0nH_Cj2p0fF__roL8p5mm__tee_fl160um_fc12_cg1p2um__rpg1p4um,4.68668729165,6.13606112963,6.136175126768112,262.7664710804651,5.930337346209187,0.18742631838602528,0.0010032488000000228,0.016179303189999494,0.02961710819435126,3.6049918648336643,0.023753448386730547
NearestNeighbors,61,chip_simple_dx9p091_dy4p545__Lj12p0nH_Cj2p0fF__roL8p5mm__tee_fl160um_fc12_cg1p2um__rpg1p4um,4.68769054045,6.11988182644,6.106558018573761,259.16147921563146,5.906583897822457,7,chip_simple_dx8p182_dym1p818__Lj12p0nH_Cj2p0fF__roL8p5mm__tee_fl160um_fc12_cg1p2um__rpg1p4um,4.68525295522,6.09379748036,6.095650871637344,255.11644504269023,5.8822544461123405,0.23031313213410567,0.002437585230000039,0.02608434608000021,0.010907146936417256,4.045034172941229,0.024329451710116246
NearestNeighbors,61,chip_simple_dx9p091_dy4p545__Lj12p0nH_Cj2p0fF__roL8p5mm__tee_fl160um_fc12_cg1p2um__rpg1p4um,4.68769054045,6.11988182644,6.106558018573761,259.16147921563146,5.906583897822457,8,chip_simple_dxm5p455_dym6p364__Lj12p0nH_Cj2p0fF__roL8p5mm__tee_fl160um_fc12_cg1p2um__rpg1p4um,4.67880445973,6.13114230017,6.073318766338348,262.3201681940904,5.871519874338315,0.23221317153826887,0.008886080719999967,0.011260473729999276,0.03323925223541302,3.1586889784589403,0.03506402348414195
NearestNeighbors,61,chip_simple_dx9p091_dy4p545__Lj12p0nH_Cj2p0fF__roL8p5mm__tee_fl160um_fc12_cg1p2um__rpg1p4um,4.68769054045,6.11988182644,6.106558018573761,259.16147921563146,5.906583897822457,9,chip_simple_dxm6p364_dy0p000__Lj12p0nH_Cj2p0fF__roL8p5mm__tee_fl160um_fc12_cg1p2um__rpg1p4um,4.6715110421,6.11602371104,5.946437598886489,258.5796032420524,5.886712731567605,0.24193368627483255,0.016179498350000543,0.0038581153999999174,0.16012041968727164,0.5818759735790309,0.019871166254851858
NearestNeighbors,61,chip_simple_dx9p091_dy4p545__Lj12p0nH_Cj2p0fF__roL8p5mm__tee_fl160um_fc12_cg1p2um__rpg1p4um,4.68769054045,6.11988182644,6.106558018573761,259.16147921563146,5.906583897822457,10,chip_simple_dxm0p909_dy0p000__Lj12p0nH_Cj2p0fF__roL8p5mm__tee_fl160um_fc12_cg1p2um__rpg1p4um,4.69626954521,6.14735410107,6.1351076983375545,262.49424737044404,5.930132502605975,0.24395565824809068,0.00857900475999962,0.027472274630000015,0.028549679763793634,3.332768154812584,0.02354860478351828
NearestNeighbors,62,chip_simple_dx10p000_dym10p000__Lj12p0nH_Cj2p0fF__roL8p5mm__tee_fl160um_fc12_cg1p2um__rpg1p4um,4.71844531011,6.15809605656,5.707450486171722,250.04335074310168,5.943757997746209,1,chip_simple_dxm3p636_dy4p545__Lj12p0nH_Cj2p0fF__roL8p5mm__tee_fl160um_fc12_cg1p2um__rpg1p4um,4.71363061095,6.14572418614,5.668436658781052,248.2621666113731,5.949051840746841,0.11426408852505707,0.004814699159999769,0.012371870419999986,0.039013827390670386,1.781184131728594,0.005293843000631959
NearestNeighbors,62,chip_simple_dx10p000_dym10p000__Lj12p0nH_Cj2p0fF__roL8p5mm__tee_fl160um_fc12_cg1p2um__rpg1p4um,4.71844531011,6.15809605656,5.707450486171722,250.04335074310168,5.943757997746209,2,chip_simple_dxm2p727_dy3p636__Lj12p0nH_Cj2p0fF__roL8p5mm__tee_fl160um_fc12_cg1p2um__rpg1p4um,4.72771327144,6.17379279793,5.623312453847885,248.72072138405872,5.943747599398507,0.15936041009757754,0.009267961329999963,0.01569674137000021,0.08413803232383721,1.3226293590429634,1.0398347702000876e-05
NearestNeighbors,62,chip_simple_dx10p000_dym10p000__Lj12p0nH_Cj2p0fF__roL8p5mm__tee_fl160um_fc12_cg1p2um__rpg1p4um,4.71844531011,6.15809605656,5.707450486171722,250.04335074310168,5.943757997746209,3,chip_simple_dxm1p818_dy0p000__Lj12p0nH_Cj2p0fF__roL8p5mm__tee_fl160um_fc12_cg1p2um__rpg1p4um,4.72085109882,6.13674306549,5.771197805171966,247.53443243124363,5.9292022682777255,0.16710409833303622,0.0024057887099999675,0.02135299106999966,0.06374731900024422,2.5089183118580536,0.014555729468483491
NearestNeighbors,62,chip_simple_dx10p000_dym10p000__Lj12p0nH_Cj2p0fF__roL8p5mm__tee_fl160um_fc12_cg1p2um__rpg1p4um,4.71844531011,6.15809605656,5.707450486171722,250.04335074310168,5.943757997746209,4,chip_simple_dx7p273_dym10p000__Lj12p0nH_Cj2p0fF__roL8p5mm__tee_fl160um_fc12_cg1p2um__rpg1p4um,4.71410593197,6.1449710615,5.722861017044068,249.15509170209992,5.909600201967471,0.1841081018253124,0.004339378140000072,0.013124995060000089,0.015410530872346229,0.8882590410017599,0.034157795778737565
NearestNeighbors,62,chip_simple_dx10p000_dym10p000__Lj12p0nH_Cj2p0fF__roL8p5mm__tee_fl160um_fc12_cg1p2um__rpg1p4um,4.71844531011,6.15809605656,5.707450486171722,250.04335074310168,5.943757997746209,5,chip_simple_dx0p909_dym2p727__Lj12p0nH_Cj2p0fF__roL8p5mm__tee_fl160um_fc12_cg1p2um__rpg1p4um,4.73288476866,6.15144010433,5.802761653125763,248.0066040101604,5.946582947290083,0.20481355515848212,0.014439458550000062,0.0066559522300000395,0.09531116695404052,2.036746732941282,0.0028249495438741334
NearestNeighbors,62,chip_simple_dx10p000_dym10p000__Lj12p0nH_Cj2p0fF__roL8p5mm__tee_fl160um_fc12_cg1p2um__rpg1p4um,4.71844531011,6.15809605656,5.707450486171722,250.04335074310168,5.943757997746209,6,chip_simple_dxm4p545_dy4p545__Lj12p0nH_Cj2p0fF__roL8p5mm__tee_fl160um_fc12_cg1p2um__rpg1p4um,4.71642795927,6.13578113095,5.930907612184524,251.74673425045364,5.924740428666518,0.20688894073427755,0.0020173508400000983,0.022314925609999925,0.22345712601280177,1.7033835073519583,0.019017569079690766
NearestNeighbors,62,chip_simple_dx10p000_dym10p000__Lj12p0nH_Cj2p0fF__roL8p5mm__tee_fl160um_fc12_cg1p2um__rpg1p4um,4.71844531011,6.15809605656,5.707450486171722,250.04335074310168,5.943757997746209,7,chip_simple_dx2p727_dy4p545__Lj12p0nH_Cj2p0fF__roL8p5mm__tee_fl160um_fc12_cg1p2um__rpg1p4um,4.72661637865,6.17653112846,5.815809796421051,253.68702655650372,5.959841194906359,0.21265228933717115,0.00817106854000027,0.018435071899999933,0.10835931024932854,3.643675813402041,0.016083197160150497
NearestNeighbors,62,chip_simple_dx10p000_dym10p000__Lj12p0nH_Cj2p0fF__roL8p5mm__tee_fl160um_fc12_cg1p2um__rpg1p4um,4.71844531011,6.15809605656,5.707450486171722,250.04335074310168,5.943757997746209,8,chip_simple_dx10p000_dy0p000__Lj12p0nH_Cj2p0fF__roL8p5mm__tee_fl160um_fc12_cg1p2um__rpg1p4um,4.71208036912,6.12933282299,5.748897754478454,247.69335881399888,5.914392877730971,0.23881581857683598,0.0063649409900001785,0.028763233569999436,0.04144726830673218,2.3499919291027993,0.029365120015238055
NearestNeighbors,62,chip_simple_dx10p000_dym10p000__Lj12p0nH_Cj2p0fF__roL8p5mm__tee_fl160um_fc12_cg1p2um__rpg1p4um,4.71844531011,6.15809605656,5.707450486171722,250.04335074310168,5.943757997746209,9,chip_simple_dxm8p182_dy1p818__Lj12p0nH_Cj2p0fF__roL8p5mm__tee_fl160um_fc12_cg1p2um__rpg1p4um,4.71664457901,6.13034053841,5.655800553245544,244.77506405259857,5.930245532265892,0.24583679508515277,0.0018007311000003412,0.027755518150000213,0.051649932926178366,5.268286690503118,0.013512465480316926
NearestNeighbors,62,chip_simple_dx10p000_dym10p000__Lj12p0nH_Cj2p0fF__roL8p5mm__tee_fl160um_fc12_cg1p2um__rpg1p4um,4.71844531011,6.15809605656,5.707450486171722,250.04335074310168,5.943757997746209,10,chip_simple_dxm2p727_dy0p000__Lj12p0nH_Cj2p0fF__roL8p5mm__tee_fl160um_fc12_cg1p2um__rpg1p4um,4.70946736854,6.17220265584,5.747707520002365,255.1766850154424,5.971067509373771,0.25466599116040745,0.008977941569999537,0.014106599279999799,0.04025703383064272,5.133334272340704,0.027309511627562344
NearestNeighbors,63,fig5_cg0p5um_rpg2p0um__Lj12p0nH_Cj0p0fF__roL8p5mm__tee_fl160um_fc12,4.85287016324,5.21716045759,15.140575747583387,120.11707109236671,4.734598279457381,1,fig5_cg0p5um_rpg3p0um__Lj12p0nH_Cj0p0fF__roL8p5mm__tee_fl160um_fc12,4.85228059761,5.17367615258,14.724469331972122,107.0517381501744,4.685228495113829,0.597958054684661,0.0005895656300003438,0.04348430501000067,0.4161064156112655,13.065332942192313,0.04936978434355144
NearestNeighbors,63,fig5_cg0p5um_rpg2p0um__Lj12p0nH_Cj0p0fF__roL8p5mm__tee_fl160um_fc12,4.85287016324,5.21716045759,15.140575747583387,120.11707109236671,4.734598279457381,2,fig5_cg0p5um_rpg4p5um__Lj12p0nH_Cj0p0fF__roL8p5mm__tee_fl160um_fc12,4.91536795129,5.15896681443,15.940627231472014,88.96160903755928,4.628479910333719,1.5019256221218535,0.06249778804999995,0.058193643160000086,0.8000514838886268,31.15546205480743,0.1061183691236618
NearestNeighbors,63,fig5_cg0p5um_rpg2p0um__Lj12p0nH_Cj0p0fF__roL8p5mm__tee_fl160um_fc12,4.85287016324,5.21716045759,15.140575747583387,120.11707109236671,4.734598279457381,3,fig5_cg0p5um_rpg1p5um__Lj12p0nH_Cj0p0fF__roL8p5mm__tee_fl160um_fc12,4.79374824014,5.11789735856,18.8786309748764,123.35933929082648,4.718805625509781,2.301089170769048,0.059121923100000195,0.09926309903000075,3.738055227293014,3.2422681984597688,0.015792653947599433
NearestNeighbors,63,fig5_cg0p5um_rpg2p0um__Lj12p0nH_Cj0p0fF__roL8p5mm__tee_fl160um_fc12,4.85287016324,5.21716045759,15.140575747583387,120.11707109236671,4.734598279457381,4,fig5_cg0p5um_rpg5p0um__Lj12p0nH_Cj0p0fF__roL8p5mm__tee_fl160um_fc12,4.98323158095,5.19678849863,14.45415507852745,76.08639123510137,4.620459238685448,2.302530859187811,0.13036141770999965,0.020371958960000214,0.6864206690559378,44.03067985726534,0.11413904077193315
NearestNeighbors,63,fig5_cg0p5um_rpg2p0um__Lj12p0nH_Cj0p0fF__roL8p5mm__tee_fl160um_fc12,4.85287016324,5.21716045759,15.140575747583387,120.11707109236671,4.734598279457381,5,fig5_cg0p5um_rpg4p0um__Lj12p0nH_Cj0p0fF__roL8p5mm__tee_fl160um_fc12,4.93444795175,5.31580660647,11.014610311313628,104.66300593655608,4.723900019540444,2.647452811124291,0.08157778850999975,0.09864614887999945,4.125965436269759,15.454065155810639,0.010698259916936514
NearestNeighbors,63,fig5_cg0p5um_rpg2p0um__Lj12p0nH_Cj0p0fF__roL8p5mm__tee_fl160um_fc12,4.85287016324,5.21716045759,15.140575747583387,120.11707109236671,4.734598279457381,6,fig5_cg0p5um_rpg1p0um__Lj12p0nH_Cj0p0fF__roL8p5mm__tee_fl160um_fc12,4.67332763234,5.16611622725,17.142235439027786,169.6815537049959,4.775652263368383,3.0388761841945415,0.17954253090000005,0.051044230340000496,2.0016596914443987,49.56448261262919,0.041053983911002234
NearestNeighbors,63,fig5_cg0p5um_rpg2p0um__Lj12p0nH_Cj0p0fF__roL8p5mm__tee_fl160um_fc12,4.85287016324,5.21716045759,15.140575747583387,120.11707109236671,4.734598279457381,7,fig5_cg1p0um_rpg3p5um__Lj12p0nH_Cj0p0fF__roL8p5mm__tee_fl160um_fc12,4.93012574905,5.64408869323,6.575776153987884,136.7596168514535,5.1303535459575125,5.781552659959911,0.0772555858099997,0.42692823563999927,8.564799593595502,16.642545759086786,0.3957552665001316
NearestNeighbors,63,fig5_cg0p5um_rpg2p0um__Lj12p0nH_Cj0p0fF__roL8p5mm__tee_fl160um_fc12,4.85287016324,5.21716045759,15.140575747583387,120.11707109236671,4.734598279457381,8,chip_simple_dxm6p364_dym6p364__Lj12p0nH_Cj2p0fF__roL8p5mm__tee_fl160um_fc12_cg1p2um__rpg1p4um,4.694303295,5.73292356703,7.78119146445465,217.5136410235189,5.349158182110234,6.930178283396293,0.15856686824000032,0.5157631094399999,7.359384283128738,97.39656993115217,0.6145599026528528
NearestNeighbors,63,fig5_cg0p5um_rpg2p0um__Lj12p0nH_Cj0p0fF__roL8p5mm__tee_fl160um_fc12,4.85287016324,5.21716045759,15.140575747583387,120.11707109236671,4.734598279457381,9,fig5_cg0p5um_rpg0p5um__Lj12p0nH_Cj0p0fF__roL8p5mm__tee_fl160um_fc12,4.47431097986,4.90444674183,23.3718856869278,184.7937715709197,4.550708788499706,7.244734433699575,0.37855918338000016,0.3127137157600002,8.231309939344413,64.67670047855297,0.18388949095767515
NearestNeighbors,63,fig5_cg0p5um_rpg2p0um__Lj12p0nH_Cj0p0fF__roL8p5mm__tee_fl160um_fc12,4.85287016324,5.21716045759,15.140575747583387,120.11707109236671,4.734598279457381,10,chip_simple_dxm8p182_dym5p455__Lj12p0nH_Cj2p0fF__roL8p5mm__tee_fl160um_fc12_cg1p2um__rpg1p4um,4.70967380269,5.81364142773,6.688367028955459,212.3696285393372,5.494419665893739,7.659141456123105,0.14319636055000018,0.59648097014,8.45220871862793,92.2525574469705,0.7598213864363581
NearestNeighbors,64,fig5_cg0p5um_rpg2p5um__Lj12p0nH_Cj0p0fF__roL8p5mm__tee_fl160um_fc12,4.86085203755,5.13967848351,17.965380264259338,105.70737983803429,4.613459377882024,1,fig5_cg0p5um_rpg1p5um__Lj12p0nH_Cj0p0fF__roL8p5mm__tee_fl160um_fc12,4.79374824014,5.11789735856,18.8786309748764,123.35933929082648,4.718805625509781,1.2545025549552913,0.06710379740999972,0.021781124950000397,0.9132507106170635,17.651959452792198,0.10534624762775735
NearestNeighbors,64,fig5_cg0p5um_rpg2p5um__Lj12p0nH_Cj0p0fF__roL8p5mm__tee_fl160um_fc12,4.86085203755,5.13967848351,17.965380264259338,105.70737983803429,4.613459377882024,2,fig5_cg0p5um_rpg4p5um__Lj12p0nH_Cj0p0fF__roL8p5mm__tee_fl160um_fc12,4.91536795129,5.15896681443,15.940627231472014,88.96160903755928,4.628479910333719,1.44849118858368,0.05451591374000042,0.019288330920000263,2.0247530327873235,16.745770800475,0.01502053245169499
NearestNeighbors,64,fig5_cg0p5um_rpg2p5um__Lj12p0nH_Cj0p0fF__roL8p5mm__tee_fl160um_fc12,4.86085203755,5.13967848351,17.965380264259338,105.70737983803429,4.613459377882024,3,fig5_cg0p5um_rpg3p0um__Lj12p0nH_Cj0p0fF__roL8p5mm__tee_fl160um_fc12,4.85228059761,5.17367615258,14.724469331972122,107.0517381501744,4.685228495113829,1.8659138675929552,0.00857143993999987,0.03399766906999968,3.240910932287216,1.3443583121401161,0.07176911723180535
NearestNeighbors,64,fig5_cg0p5um_rpg2p5um__Lj12p0nH_Cj0p0fF__roL8p5mm__tee_fl160um_fc12,4.86085203755,5.13967848351,17.965380264259338,105.70737983803429,4.613459377882024,4,fig5_cg0p5um_rpg5p0um__Lj12p0nH_Cj0p0fF__roL8p5mm__tee_fl160um_fc12,4.98323158095,5.19678849863,14.45415507852745,76.08639123510137,4.620459238685448,2.7116174942048152,0.12237954340000012,0.057110015120000135,3.511225185731888,29.62098860293291,0.00699986080342363
NearestNeighbors,64,fig5_cg0p5um_rpg2p5um__Lj12p0nH_Cj0p0fF__roL8p5mm__tee_fl160um_fc12,4.86085203755,5.13967848351,17.965380264259338,105.70737983803429,4.613459377882024,5,fig5_cg0p5um_rpg1p0um__Lj12p0nH_Cj0p0fF__roL8p5mm__tee_fl160um_fc12,4.67332763234,5.16611622725,17.142235439027786,169.6815537049959,4.775652263368383,3.3089454701641925,0.18752440520999958,0.026437743739999853,0.8231448252315516,63.97417386696162,0.16219288548635902
NearestNeighbors,64,fig5_cg0p5um_rpg2p5um__Lj12p0nH_Cj0p0fF__roL8p5mm__tee_fl160um_fc12,4.86085203755,5.13967848351,17.965380264259338,105.70737983803429,4.613459377882024,6,fig5_cg0p5um_rpg4p0um__Lj12p0nH_Cj0p0fF__roL8p5mm__tee_fl160um_fc12,4.93444795175,5.31580660647,11.014610311313628,104.66300593655608,4.723900019540444,4.166771347242431,0.07359591420000022,0.1761281229599998,6.950769952945709,1.0443739014782096,0.11044064165842027
NearestNeighbors,64,fig5_cg0p5um_rpg2p5um__Lj12p0nH_Cj0p0fF__roL8p5mm__tee_fl160um_fc12,4.86085203755,5.13967848351,17.965380264259338,105.70737983803429,4.613459377882024,7,fig5_cg0p5um_rpg0p5um__Lj12p0nH_Cj0p0fF__roL8p5mm__tee_fl160um_fc12,4.47431097986,4.90444674183,23.3718856869278,184.7937715709197,4.550708788499706,6.453495685116321,0.3865410576899997,0.23523174167999983,5.406505422668463,79.0863917328854,0.06275058938231837
NearestNeighbors,64,fig5_cg0p5um_rpg2p5um__Lj12p0nH_Cj0p0fF__roL8p5mm__tee_fl160um_fc12,4.86085203755,5.13967848351,17.965380264259338,105.70737983803429,4.613459377882024,8,fig5_cg0p5um_rpg0p5um__Lj12p0nH_Cj2p0fF__roL8p5mm__tee_fl160um_fc12,4.44465026675,4.80732283499,25.013992153053284,166.80161753124978,4.376474376069207,7.199870459258601,0.41620177079999987,0.3323556485200001,7.048611888793946,61.09423769321549,0.23698500181281723
NearestNeighbors,64,fig5_cg0p5um_rpg2p5um__Lj12p0nH_Cj0p0fF__roL8p5mm__tee_fl160um_fc12,4.86085203755,5.13967848351,17.965380264259338,105.70737983803429,4.613459377882024,9,fig5_cg1p0um_rpg3p5um__Lj12p0nH_Cj0p0fF__roL8p5mm__tee_fl160um_fc12,4.93012574905,5.64408869323,6.575776153987884,136.7596168514535,5.1303535459575125,7.511697827791434,0.06927371150000017,0.5044102097199996,11.389604110271453,31.052237013419216,0.5168941680754884
NearestNeighbors,64,fig5_cg0p5um_rpg2p5um__Lj12p0nH_Cj0p0fF__roL8p5mm__tee_fl160um_fc12,4.86085203755,5.13967848351,17.965380264259338,105.70737983803429,4.613459377882024,10,chip_simple_dxm6p364_dym6p364__Lj12p0nH_Cj2p0fF__roL8p5mm__tee_fl160um_fc12_cg1p2um__rpg1p4um,4.694303295,5.73292356703,7.78119146445465,217.5136410235189,5.349158182110234,8.581165474091199,0.16654874254999985,0.5932450835200003,10.184188799804687,111.8062611854846,0.7356988042282095
NearestNeighbors,65,fig5_cg0p5um_rpg3p5um__Lj12p0nH_Cj0p0fF__roL8p5mm__tee_fl160um_fc12,4.95220581627,5.47066739424,9.085998195718766,122.01967618339854,4.939635258326992,1,fig5_cg0p5um_rpg4p0um__Lj12p0nH_Cj0p0fF__roL8p5mm__tee_fl160um_fc12,4.93444795175,5.31580660647,11.014610311313628,104.66300593655608,4.723900019540444,1.8146329578611393,0.017757864520000055,0.15486078777000056,1.9286121155948628,17.35667024684247,0.21573523878654743
NearestNeighbors,65,fig5_cg0p5um_rpg3p5um__Lj12p0nH_Cj0p0fF__roL8p5mm__tee_fl160um_fc12,4.95220581627,5.47066739424,9.085998195718766,122.01967618339854,4.939635258326992,2,fig5_cg1p0um_rpg3p5um__Lj12p0nH_Cj0p0fF__roL8p5mm__tee_fl160um_fc12,4.93012574905,5.64408869323,6.575776153987884,136.7596168514535,5.1303535459575125,2.0041877101620353,0.02208006722000011,0.17342129898999925,2.5102220417308816,14.739940668054956,0.19071828763052068
NearestNeighbors,65,fig5_cg0p5um_rpg3p5um__Lj12p0nH_Cj0p0fF__roL8p5mm__tee_fl160um_fc12,4.95220581627,5.47066739424,9.085998195718766,122.01967618339854,4.939635258326992,3,fig5_cg0p5um_rpg3p0um__Lj12p0nH_Cj0p0fF__roL8p5mm__tee_fl160um_fc12,4.85228059761,5.17367615258,14.724469331972122,107.0517381501744,4.685228495113829,3.9986531334670743,0.09992521866000015,0.2969912416600007,5.638471136253356,14.967938033224144,0.25440676321316236
NearestNeighbors,65,fig5_cg0p5um_rpg3p5um__Lj12p0nH_Cj0p0fF__roL8p5mm__tee_fl160um_fc12,4.95220581627,5.47066739424,9.085998195718766,122.01967618339854,4.939635258326992,4,fig5_cg0p5um_rpg5p0um__Lj12p0nH_Cj0p0fF__roL8p5mm__tee_fl160um_fc12,4.98323158095,5.19678849863,14.45415507852745,76.08639123510137,4.620459238685448,4.015979715550689,0.031025764679999845,0.27387889561000023,5.368156882808684,45.93328494829717,0.3191760196415441
NearestNeighbors,65,fig5_cg0p5um_rpg3p5um__Lj12p0nH_Cj0p0fF__roL8p5mm__tee_fl160um_fc12,4.95220581627,5.47066739424,9.085998195718766,122.01967618339854,4.939635258326992,5,fig5_cg1p0um_rpg4p5um__Lj12p0nH_Cj0p0fF__roL8p5mm__tee_fl160um_fc12,4.92669215481,5.97329068938,5.158221075239181,170.16755028324246,5.4665157689459365,4.615065526264048,0.02551366146000067,0.5026232951399994,3.9277771204795844,48.14787409984392,0.5268805106189447
NearestNeighbors,65,fig5_cg0p5um_rpg3p5um__Lj12p0nH_Cj0p0fF__roL8p5mm__tee_fl160um_fc12,4.95220581627,5.47066739424,9.085998195718766,122.01967618339854,4.939635258326992,6,fig5_cg0p5um_rpg4p5um__Lj12p0nH_Cj0p0fF__roL8p5mm__tee_fl160um_fc12,4.91536795129,5.15896681443,15.940627231472014,88.96160903755928,4.628479910333719,4.623047967328646,0.03683786497999986,0.3117005798100001,6.8546290357532484,33.05806714583926,0.3111553479932727
NearestNeighbors,65,fig5_cg0p5um_rpg3p5um__Lj12p0nH_Cj0p0fF__roL8p5mm__tee_fl160um_fc12,4.95220581627,5.47066739424,9.085998195718766,122.01967618339854,4.939635258326992,7,fig5_cg1p0um_rpg5p0um__Lj12p0nH_Cj0p0fF__roL8p5mm__tee_fl160um_fc12,5.002819954,6.02791749619,4.5428961180763245,154.53491753319466,5.492192335970341,4.920222912139793,0.05061413772999934,0.5572501019499994,4.543102077642441,32.51524134979611,0.5525570776433488
NearestNeighbors,65,fig5_cg0p5um_rpg3p5um__Lj12p0nH_Cj0p0fF__roL8p5mm__tee_fl160um_fc12,4.95220581627,5.47066739424,9.085998195718766,122.01967618339854,4.939635258326992,8,chip_simple_dxm6p364_dym6p364__Lj12p0nH_Cj2p0fF__roL8p5mm__tee_fl160um_fc12_cg1p2um__rpg1p4um,4.694303295,5.73292356703,7.78119146445465,217.5136410235189,5.349158182110234,5.1942437590416395,0.25790252127000013,0.2622561727899999,1.304806731264116,95.49396484012034,0.40952292378324184
NearestNeighbors,65,fig5_cg0p5um_rpg3p5um__Lj12p0nH_Cj0p0fF__roL8p5mm__tee_fl160um_fc12,4.95220581627,5.47066739424,9.085998195718766,122.01967618339854,4.939635258326992,9,chip_simple_dx9p091_dy0p000__Lj12p0nH_Cj2p0fF__roL8p5mm__tee_fl160um_fc12_cg1p2um__rpg1p4um,4.76124240378,5.85151588254,6.177502768482208,199.56867499694044,5.536085214131183,5.216853214554966,0.19096341249000037,0.38084848829999984,2.9084954272365575,77.5489988135419,0.5964499558041911
NearestNeighbors,65,fig5_cg0p5um_rpg3p5um__Lj12p0nH_Cj0p0fF__roL8p5mm__tee_fl160um_fc12,4.95220581627,5.47066739424,9.085998195718766,122.01967618339854,4.939635258326992,10,fig5_cg1p0um_rpg2p5um__Lj12p0nH_Cj0p0fF__roL8p5mm__tee_fl160um_fc12,4.8761770008,5.99407925784,6.270368555709839,201.3919971854669,5.6148078415071,5.352497066839242,0.07602881546999996,0.5234118635999998,2.8156296400089262,79.37232100206835,0.6751725831801085
NearestNeighbors,66,fig5_cg1p0um_rpg1p0um__Lj12p0nH_Cj0p0fF__roL8p5mm__tee_fl160um_fc12,4.67320004812,5.91640960993,8.50689958678627,269.90737452966613,5.733069631974926,1,chip_simple_dxm5p455_dy0p000__Lj12p0nH_Cj2p0fF__roL8p5mm__tee_fl160um_fc12_cg1p2um__rpg1p4um,4.65565922761,5.90826363148,7.568158031253814,256.87142805930426,5.620050825837231,0.8891489097244962,0.017540820509999833,0.00814597844999998,0.9387415555324559,13.035946470361864,0.11301880613769555
NearestNeighbors,66,fig5_cg1p0um_rpg1p0um__Lj12p0nH_Cj0p0fF__roL8p5mm__tee_fl160um_fc12,4.67320004812,5.91640960993,8.50689958678627,269.90737452966613,5.733069631974926,2,chip_simple_dx5p455_dy7p273__Lj12p0nH_Cj2p0fF__roL8p5mm__tee_fl160um_fc12_cg1p2um__rpg1p4um,4.63016259455,5.90653520192,7.5051360739383695,261.5882571358774,5.619886396297611,0.9801749931064406,0.04303745357000022,0.009874408009999947,1.0017635128479006,8.319117393788702,0.11318323567731525
NearestNeighbors,66,fig5_cg1p0um_rpg1p0um__Lj12p0nH_Cj0p0fF__roL8p5mm__tee_fl160um_fc12,4.67320004812,5.91640960993,8.50689958678627,269.90737452966613,5.733069631974926,3,chip_simple_dx0p909_dy9p091__Lj12p0nH_Cj2p0fF__roL8p5mm__tee_fl160um_fc12_cg1p2um__rpg1p4um,4.64262010646,6.01719400783,7.119226298389434,272.16782032574594,5.7859474059590505,1.0661694428312367,0.03057994166000011,0.10078439790000004,1.3876732883968357,2.2604457960798072,0.05287777398412441
NearestNeighbors,66,fig5_cg1p0um_rpg1p0um__Lj12p0nH_Cj0p0fF__roL8p5mm__tee_fl160um_fc12,4.67320004812,5.91640960993,8.50689958678627,269.90737452966613,5.733069631974926,4,chip_simple_dx6p364_dy0p909__Lj12p0nH_Cj2p0fF__roL8p5mm__tee_fl160um_fc12_cg1p2um__rpg1p4um,4.68262955673,6.0029649786,6.869708579084396,255.2757678450623,5.813396079707513,1.213409832224604,0.009429508610000248,0.08655536867000002,1.6371910077018743,14.631606684603838,0.08032644773258646
NearestNeighbors,66,fig5_cg1p0um_rpg1p0um__Lj12p0nH_Cj0p0fF__roL8p5mm__tee_fl160um_fc12,4.67320004812,5.91640960993,8.50689958678627,269.90737452966613,5.733069631974926,5,chip_simple_dxm2p727_dy7p273__Lj12p0nH_Cj2p0fF__roL8p5mm__tee_fl160um_fc12_cg1p2um__rpg1p4um,4.64565792942,5.94593779992,6.813675192602157,252.5467836425057,5.640825470466488,1.2543147040799203,0.027542118699999563,0.02952818999000062,1.6932243941841127,17.36059088716044,0.09224416150843773
NearestNeighbors,66,fig5_cg1p0um_rpg1p0um__Lj12p0nH_Cj0p0fF__roL8p5mm__tee_fl160um_fc12,4.67320004812,5.91640960993,8.50689958678627,269.90737452966613,5.733069631974926,6,chip_simple_dx5p455_dy0p909__Lj12p0nH_Cj2p0fF__roL8p5mm__tee_fl160um_fc12_cg1p2um__rpg1p4um,4.6845086068,5.95404649239,6.827135555116653,245.27673673400903,5.696349405850168,1.2922175302359296,0.011308558679999692,0.03763688246000019,1.6797640316696167,24.630637795657094,0.03672022612475789
NearestNeighbors,66,fig5_cg1p0um_rpg1p0um__Lj12p0nH_Cj0p0fF__roL8p5mm__tee_fl160um_fc12,4.67320004812,5.91640960993,8.50689958678627,269.90737452966613,5.733069631974926,7,chip_simple_dx1p818_dym4p545__Lj12p0nH_Cj2p0fF__roL8p5mm__tee_fl160um_fc12_cg1p2um__rpg1p4um,4.67611044409,6.03156277056,6.628282534339904,257.2605786746093,5.725714977797822,1.3081524907526867,0.0029103959699998683,0.11515316063000025,1.8786170524463657,12.646795855056837,0.007354654177103903
NearestNeighbors,66,fig5_cg1p0um_rpg1p0um__Lj12p0nH_Cj0p0fF__roL8p5mm__tee_fl160um_fc12,4.67320004812,5.91640960993,8.50689958678627,269.90737452966613,5.733069631974926,8,chip_simple_dx6p364_dy8p182__Lj12p0nH_Cj2p0fF__roL8p5mm__tee_fl160um_fc12_cg1p2um__rpg1p4um,4.68815638567,6.01539640302,6.651202537282943,252.1465005767916,5.735438248599257,1.3360560161473496,0.014956337550000143,0.09898679308999991,1.855697049503327,17.760873952874533,0.002368616624330855
NearestNeighbors,66,fig5_cg1p0um_rpg1p0um__Lj12p0nH_Cj0p0fF__roL8p5mm__tee_fl160um_fc12,4.67320004812,5.91640960993,8.50689958678627,269.90737452966613,5.733069631974926,9,chip_simple_dxm6p364_dy1p818__Lj12p0nH_Cj2p0fF__roL8p5mm__tee_fl160um_fc12_cg1p2um__rpg1p4um,4.6653952178,5.89233877471,7.111206174053192,243.65760514397687,5.596123213023553,1.3479702975839392,0.007804830319999567,0.024070835219999864,1.3956934127330776,26.249769385689262,0.13694641895137316
NearestNeighbors,66,fig5_cg1p0um_rpg1p0um__Lj12p0nH_Cj0p0fF__roL8p5mm__tee_fl160um_fc12,4.67320004812,5.91640960993,8.50689958678627,269.90737452966613,5.733069631974926,10,chip_simple_dx3p636_dym6p364__Lj12p0nH_Cj2p0fF__roL8p5mm__tee_fl160um_fc12_cg1p2um__rpg1p4um,4.66828138852,6.04703662438,6.612629444187164,261.5727515261907,5.795748305248993,1.3528332950921598,0.004918659600000375,0.1306270144499999,1.8942701425991064,8.334623003475429,0.06267867327406673
NearestNeighbors,67,fig5_cg1p0um_rpg2p0um__Lj12p0nH_Cj0p0fF__roL8p5mm__tee_fl160um_fc12,4.88546910013,6.04518785501,6.151556719615936,205.9447691587804,5.705487976132026,1,fig5_cg1p0um_rpg2p5um__Lj12p0nH_Cj0p0fF__roL8p5mm__tee_fl160um_fc12,4.8761770008,5.99407925784,6.270368555709839,201.3919971854669,5.6148078415071,0.5440854330414883,0.009292099329999637,0.051108597169999825,0.11881183609390344,4.552771973313497,0.0906801346249253
NearestNeighbors,67,fig5_cg1p0um_rpg2p0um__Lj12p0nH_Cj0p0fF__roL8p5mm__tee_fl160um_fc12,4.88546910013,6.04518785501,6.151556719615936,205.9447691587804,5.705487976132026,2,chip_simple_dx7p273_dym7p273__Lj12p0nH_Cj2p0fF__roL8p5mm__tee_fl160um_fc12_cg1p2um__rpg1p4um,4.80834531761,6.06143102986,5.869294067358017,219.01499856665555,5.8432544354458384,1.250489321819423,0.07712378252000018,0.016243174849999598,0.282262652257919,13.07022940787516,0.13776645931381282
NearestNeighbors,67,fig5_cg1p0um_rpg2p0um__Lj12p0nH_Cj0p0fF__roL8p5mm__tee_fl160um_fc12,4.88546910013,6.04518785501,6.151556719615936,205.9447691587804,5.705487976132026,3,chip_simple_dxm1p818_dy2p727__Lj12p0nH_Cj2p0fF__roL8p5mm__tee_fl160um_fc12_cg1p2um__rpg1p4um,4.83311972934,6.1178439336,4.724510482942581,199.83230045887737,5.831240867189456,1.271145010127571,0.052349370790000016,0.07265607858999967,1.4270462366733554,6.112468699903019,0.12575289105742993
NearestNeighbors,67,fig5_cg1p0um_rpg2p0um__Lj12p0nH_Cj0p0fF__roL8p5mm__tee_fl160um_fc12,4.88546910013,6.04518785501,6.151556719615936,205.9447691587804,5.705487976132026,4,chip_simple_dx2p727_dym5p455__Lj12p0nH_Cj2p0fF__roL8p5mm__tee_fl160um_fc12_cg1p2um__rpg1p4um,4.81291050374,6.08882773612,5.129732102048874,207.83881760065367,5.852353811754291,1.295420070496768,0.07255859638999951,0.043639881109999834,1.021824617567062,1.8940484418732808,0.14686583562226563
NearestNeighbors,67,fig5_cg1p0um_rpg2p0um__Lj12p0nH_Cj0p0fF__roL8p5mm__tee_fl160um_fc12,4.88546910013,6.04518785501,6.151556719615936,205.9447691587804,5.705487976132026,5,chip_simple_dx3p636_dy5p455__Lj12p0nH_Cj2p0fF__roL8p5mm__tee_fl160um_fc12_cg1p2um__rpg1p4um,4.80652602058,6.08918636259,5.510822755336761,216.8797583809785,5.847523096105645,1.3162164822840015,0.07894307955000013,0.04399850757999957,0.6407339642791747,10.934989222198112,0.1420351199736194
NearestNeighbors,67,fig5_cg1p0um_rpg2p0um__Lj12p0nH_Cj0p0fF__roL8p5mm__tee_fl160um_fc12,4.88546910013,6.04518785501,6.151556719615936,205.9447691587804,5.705487976132026,6,chip_simple_dx5p455_dy5p455__Lj12p0nH_Cj2p0fF__roL8p5mm__tee_fl160um_fc12_cg1p2um__rpg1p4um,4.79166371185,6.05484777073,5.335296250137329,211.0122938310696,5.777759592215692,1.3188266049473132,0.09380538827999985,0.009659915720000356,0.8162604694786069,5.06752467228921,0.0722716160836665
NearestNeighbors,67,fig5_cg1p0um_rpg2p0um__Lj12p0nH_Cj0p0fF__roL8p5mm__tee_fl160um_fc12,4.88546910013,6.04518785501,6.151556719615936,205.9447691587804,5.705487976132026,7,chip_simple_dxm4p545_dy1p818__Lj12p0nH_Cj2p0fF__roL8p5mm__tee_fl160um_fc12_cg1p2um__rpg1p4um,4.7912337707,6.04949503992,5.623098915470123,215.8825327452169,5.82735004160752,1.3830492578047273,0.09423532943000001,0.004307184910000039,0.5284578041458126,9.937763586436517,0.1218620654754945
NearestNeighbors,67,fig5_cg1p0um_rpg2p0um__Lj12p0nH_Cj0p0fF__roL8p5mm__tee_fl160um_fc12,4.88546910013,6.04518785501,6.151556719615936,205.9447691587804,5.705487976132026,8,chip_simple_dx4p545_dy5p455__Lj12p0nH_Cj2p0fF__roL8p5mm__tee_fl160um_fc12_cg1p2um__rpg1p4um,4.79418626685,6.08500156739,5.524672909627914,218.89374055263784,5.839393681887264,1.4331366010446032,0.0912828332800002,0.03981371237999998,0.6268838099880218,12.948971393857448,0.13390570575523864
NearestNeighbors,67,fig5_cg1p0um_rpg2p0um__Lj12p0nH_Cj0p0fF__roL8p5mm__tee_fl160um_fc12,4.88546910013,6.04518785501,6.151556719615936,205.9447691587804,5.705487976132026,9,chip_simple_dx3p636_dym2p727__Lj12p0nH_Cj2p0fF__roL8p5mm__tee_fl160um_fc12_cg1p2um__rpg1p4um,4.78139468148,6.06132052905,5.243374503707885,212.1371321798882,5.765522293104982,1.4473888583906795,0.10407441864999978,0.016132674039999628,0.9081822159080506,6.192363021107809,0.06003431697295625
NearestNeighbors,67,fig5_cg1p0um_rpg2p0um__Lj12p0nH_Cj0p0fF__roL8p5mm__tee_fl160um_fc12,4.88546910013,6.04518785501,6.151556719615936,205.9447691587804,5.705487976132026,10,chip_simple_dxm6p364_dym2p727__Lj12p0nH_Cj2p0fF__roL8p5mm__tee_fl160um_fc12_cg1p2um__rpg1p4um,4.78643161529,6.07447748154,5.571383293457031,219.776855663418,5.804018163338089,1.448862790629478,0.09903748484000019,0.02928962652999978,0.5801734261589049,13.832086504637601,0.09853018720606332
NearestNeighbors,68,fig5_cg1p0um_rpg4p0um__Lj12p0nH_Cj0p0fF__roL8p5mm__tee_fl160um_fc12,4.95117759309,6.03382781382,4.543285076444626,163.8602966996751,5.582606418234732,1,fig5_cg1p0um_rpg4p5um__Lj12p0nH_Cj0p0fF__roL8p5mm__tee_fl160um_fc12,4.92669215481,5.97329068938,5.158221075239181,170.16755028324246,5.4665157689459365,0.8106149519370108,0.02448543828000016,0.06053712444000059,0.6149359987945555,6.307253583567359,0.11609064928879587
NearestNeighbors,68,fig5_cg1p0um_rpg4p0um__Lj12p0nH_Cj0p0fF__roL8p5mm__tee_fl160um_fc12,4.95117759309,6.03382781382,4.543285076444626,163.8602966996751,5.582606418234732,2,fig5_cg1p0um_rpg5p0um__Lj12p0nH_Cj0p0fF__roL8p5mm__tee_fl160um_fc12,5.002819954,6.02791749619,4.5428961180763245,154.53491753319466,5.492192335970341,0.831781048714105,0.05164236090999985,0.0059103176300006055,0.00038895836830121766,9.325379166480445,0.09041408226439174
NearestNeighbors,68,fig5_cg1p0um_rpg4p0um__Lj12p0nH_Cj0p0fF__roL8p5mm__tee_fl160um_fc12,4.95117759309,6.03382781382,4.543285076444626,163.8602966996751,5.582606418234732,3,fig5_cg1p0um_rpg3p0um__Lj12p0nH_Cj0p0fF__roL8p5mm__tee_fl160um_fc12,4.97020205129,6.08547213388,4.887907087696076,174.11503645167113,5.736747686378181,0.8929261138826781,0.019024458200000538,0.051644320059999416,0.34462201125145064,10.254739751996027,0.15414126814344886
NearestNeighbors,68,fig5_cg1p0um_rpg4p0um__Lj12p0nH_Cj0p0fF__roL8p5mm__tee_fl160um_fc12,4.95117759309,6.03382781382,4.543285076444626,163.8602966996751,5.582606418234732,4,fig5_cg1p5um_rpg3p0um__Lj12p0nH_Cj0p0fF__roL8p5mm__tee_fl160um_fc12,4.93361547524,6.17501216383,4.052527205030441,175.89357788253568,5.703326979965164,1.102009986789776,0.017562117849999836,0.14118435000999963,0.4907578714141847,12.033281182860577,0.12072056173043144
NearestNeighbors,68,fig5_cg1p0um_rpg4p0um__Lj12p0nH_Cj0p0fF__roL8p5mm__tee_fl160um_fc12,4.95117759309,6.03382781382,4.543285076444626,163.8602966996751,5.582606418234732,5,fig5_cg1p5um_rpg3p5um__Lj12p0nH_Cj0p0fF__roL8p5mm__tee_fl160um_fc12,4.91739512178,6.2089293665,4.491181793327331,192.69828834759227,5.78727831204173,1.7188783928981841,0.03378247130999945,0.17510155267999927,0.05210328311729473,28.837991647917164,0.20467189380699757
NearestNeighbors,68,fig5_cg1p0um_rpg4p0um__Lj12p0nH_Cj0p0fF__roL8p5mm__tee_fl160um_fc12,4.95117759309,6.03382781382,4.543285076444626,163.8602966996751,5.582606418234732,6,fig5_cg4p5um_rpg5p0um__Lj12p0nH_Cj0p0fF__roL8p5mm__tee_fl160um_fc12,4.94315660456,6.31115108222,2.911423043390274,162.61750225797027,5.674525186765227,1.8493894842136238,0.008020988529999329,0.2773232684,1.6318620330543516,1.2427944417048309,0.09191876853049497
NearestNeighbors,68,fig5_cg1p0um_rpg4p0um__Lj12p0nH_Cj0p0fF__roL8p5mm__tee_fl160um_fc12,4.95117759309,6.03382781382,4.543285076444626,163.8602966996751,5.582606418234732,7,fig5_cg1p0um_rpg2p5um__Lj12p0nH_Cj0p0fF__roL8p5mm__tee_fl160um_fc12,4.8761770008,5.99407925784,6.270368555709839,201.3919971854669,5.6148078415071,1.8682208935269007,0.07500059228999945,0.039748555980000155,1.7270834792652137,37.53170048579179,0.03220142327236797
NearestNeighbors,68,fig5_cg1p0um_rpg4p0um__Lj12p0nH_Cj0p0fF__roL8p5mm__tee_fl160um_fc12,4.95117759309,6.03382781382,4.543285076444626,163.8602966996751,5.582606418234732,8,fig5_cg2p5um_rpg4p5um__Lj12p0nH_Cj0p0fF__roL8p5mm__tee_fl160um_fc12,4.94106024347,6.27626260442,3.614401097434997,177.32648850399752,5.824223648241028,1.8841346474917513,0.010117349619999771,0.24243479059999995,0.9288839790096288,13.46619180432242,0.24161723000629554
NearestNeighbors,68,fig5_cg1p0um_rpg4p0um__Lj12p0nH_Cj0p0fF__roL8p5mm__tee_fl160um_fc12,4.95117759309,6.03382781382,4.543285076444626,163.8602966996751,5.582606418234732,9,fig5_cg1p5um_rpg5p0um__Lj12p0nH_Cj0p0fF__roL8p5mm__tee_fl160um_fc12,5.04323507232,6.28021289796,3.42494801615715,157.85689600124496,5.786188574995053,2.1285093186481734,0.09205747923000018,0.24638508413999993,1.1183370602874758,6.003400698430141,0.2035821567603202
NearestNeighbors,68,fig5_cg1p0um_rpg4p0um__Lj12p0nH_Cj0p0fF__roL8p5mm__tee_fl160um_fc12,4.95117759309,6.03382781382,4.543285076444626,163.8602966996751,5.582606418234732,10,fig5_cg1p5um_rpg2p5um__Lj12p0nH_Cj0p0fF__roL8p5mm__tee_fl160um_fc12,4.93882770809,6.20515259596,4.85777295016098,196.1018444801448,5.919324796967785,2.128702422217752,0.012349884999999894,0.17132478213999924,0.3144878737163541,32.24154778046969,0.3367183787330523
NearestNeighbors,69,fig5_cg1p5um_rpg1p5um__Lj12p0nH_Cj0p0fF__roL8p5mm__tee_fl160um_fc12,4.70205725312,6.11538531342,6.239270386688232,258.23019357418474,5.882120056560826,1,chip_simple_dxm2p727_dy2p727__Lj12p0nH_Cj2p0fF__roL8p5mm__tee_fl160um_fc12_cg1p2um__rpg1p4um,4.69292169855,6.12459458775,6.071658140985488,258.0113497070096,5.889099829288583,0.160478836831443,0.009135554569999371,0.00920927432999985,0.16761224570274358,0.2188438671751669,0.006979772727757627
NearestNeighbors,69,fig5_cg1p5um_rpg1p5um__Lj12p0nH_Cj0p0fF__roL8p5mm__tee_fl160um_fc12,4.70205725312,6.11538531342,6.239270386688232,258.23019357418474,5.882120056560826,2,chip_simple_dxm1p818_dy9p091__Lj12p0nH_Cj2p0fF__roL8p5mm__tee_fl160um_fc12_cg1p2um__rpg1p4um,4.70620268841,6.09896881824,6.45488197671318,258.7726640480461,5.871112110850504,0.1693280098346981,0.004145435290000776,0.016416495179999657,0.215611590024948,0.5424704738613855,0.01100794571032182
NearestNeighbors,69,fig5_cg1p5um_rpg1p5um__Lj12p0nH_Cj0p0fF__roL8p5mm__tee_fl160um_fc12,4.70205725312,6.11538531342,6.239270386688232,258.23019357418474,5.882120056560826,3,chip_simple_dx8p182_dy8p182__Lj12p0nH_Cj2p0fF__roL8p5mm__tee_fl160um_fc12_cg1p2um__rpg1p4um,4.69745140842,6.12940857106,6.00176041119194,256.33160974703685,5.915191680844501,0.2333207093947599,0.004605844699999473,0.014023257639999898,0.23750997549629194,1.8985838271478883,0.03307162428367505
NearestNeighbors,69,fig5_cg1p5um_rpg1p5um__Lj12p0nH_Cj0p0fF__roL8p5mm__tee_fl160um_fc12,4.70205725312,6.11538531342,6.239270386688232,258.23019357418474,5.882120056560826,4,chip_simple_dx6p364_dy9p091__Lj12p0nH_Cj2p0fF__roL8p5mm__tee_fl160um_fc12_cg1p2um__rpg1p4um,4.69570573869,6.09933720693,6.023506759710312,252.1584106638029,5.887771375415434,0.2671121843305805,0.006351514429999483,0.016048106490000436,0.21576362697792018,6.071782910381842,0.005651318854607901
NearestNeighbors,69,fig5_cg1p5um_rpg1p5um__Lj12p0nH_Cj0p0fF__roL8p5mm__tee_fl160um_fc12,4.70205725312,6.11538531342,6.239270386688232,258.23019357418474,5.882120056560826,5,chip_simple_dxm8p182_dy5p455__Lj12p0nH_Cj2p0fF__roL8p5mm__tee_fl160um_fc12_cg1p2um__rpg1p4um,4.70090830216,6.08954676117,6.185020620603561,252.7010445145384,5.852490302512357,0.27363919737531317,0.0011489509599993397,0.025838552249999758,0.0542497660846708,5.529149059646329,0.029629754048468904
NearestNeighbors,69,fig5_cg1p5um_rpg1p5um__Lj12p0nH_Cj0p0fF__roL8p5mm__tee_fl160um_fc12,4.70205725312,6.11538531342,6.239270386688232,258.23019357418474,5.882120056560826,6,chip_simple_dx8p182_dym1p818__Lj12p0nH_Cj2p0fF__roL8p5mm__tee_fl160um_fc12_cg1p2um__rpg1p4um,4.68525295522,6.09379748036,6.095650871637344,255.11644504269023,5.8822544461123405,0.27644986373503233,0.016804297899999376,0.021587833059999895,0.14361951505088832,3.113748531494508,0.0001343895515146798
NearestNeighbors,69,fig5_cg1p5um_rpg1p5um__Lj12p0nH_Cj0p0fF__roL8p5mm__tee_fl160um_fc12,4.70205725312,6.11538531342,6.239270386688232,258.23019357418474,5.882120056560826,7,chip_simple_dxm10p000_dy0p909__Lj12p0nH_Cj2p0fF__roL8p5mm__tee_fl160um_fc12_cg1p2um__rpg1p4um,4.70703508171,6.1027913224,6.054301022790908,250.9771558944962,5.873941688086905,0.28357806947875086,0.004977828590000399,0.01259399102000014,0.18496936389732355,7.253037679688532,0.008178368473920727
NearestNeighbors,69,fig5_cg1p5um_rpg1p5um__Lj12p0nH_Cj0p0fF__roL8p5mm__tee_fl160um_fc12,4.70205725312,6.11538531342,6.239270386688232,258.23019357418474,5.882120056560826,8,chip_simple_dxm4p545_dy2p727__Lj12p0nH_Cj2p0fF__roL8p5mm__tee_fl160um_fc12_cg1p2um__rpg1p4um,4.72053982598,6.13986277241,6.137880284189224,256.0182577176675,5.892363472706823,0.28880515232691867,0.01848257286000088,0.024477458989999867,0.10139010249900782,2.2119358565172433,0.010243416145996775
NearestNeighbors,69,fig5_cg1p5um_rpg1p5um__Lj12p0nH_Cj0p0fF__roL8p5mm__tee_fl160um_fc12,4.70205725312,6.11538531342,6.239270386688232,258.23019357418474,5.882120056560826,9,chip_simple_dx0p909_dy2p727__Lj12p0nH_Cj2p0fF__roL8p5mm__tee_fl160um_fc12_cg1p2um__rpg1p4um,4.68950459777,6.08766133854,6.096332340703964,253.08284499290465,5.866286461039824,0.30055486985417873,0.012552655349999498,0.02772397487999978,0.14293804598426796,5.1473485812800845,0.015833595521002053
NearestNeighbors,69,fig5_cg1p5um_rpg1p5um__Lj12p0nH_Cj0p0fF__roL8p5mm__tee_fl160um_fc12,4.70205725312,6.11538531342,6.239270386688232,258.23019357418474,5.882120056560826,10,chip_simple_dx7p273_dy10p000__Lj12p0nH_Cj2p0fF__roL8p5mm__tee_fl160um_fc12_cg1p2um__rpg1p4um,4.70805055796,6.13632743544,5.907291461717605,253.14031044935945,5.903929399723399,0.3056307723007913,0.005993304840000491,0.02094212202000012,0.33197892497062664,5.089883124825292,0.021809343162573214
NearestNeighbors,70,fig5_cg2p5um_rpg1p5um__Lj12p0nH_Cj0p0fF__roL8p5mm__tee_fl160um_fc12,4.80241603649,6.29023464501,4.767015867277145,231.6400696953025,6.131116456786552,1,fig5_cg3p0um_rpg1p5um__Lj12p0nH_Cj0p0fF__roL8p5mm__tee_fl160um_fc12,4.80934135586,6.34266483957,4.7338018228397365,237.2002446708589,6.176728175579623,0.41474542841611506,0.006925319369999627,0.05243019456000031,0.033214044437408496,5.560174975556407,0.045611718793070466
NearestNeighbors,70,fig5_cg2p5um_rpg1p5um__Lj12p0nH_Cj0p0fF__roL8p5mm__tee_fl160um_fc12,4.80241603649,6.29023464501,4.767015867277145,231.6400696953025,6.131116456786552,2,fig5_cg2p5um_rpg2p0um__Lj12p0nH_Cj0p0fF__roL8p5mm__tee_fl160um_fc12,4.82985966256,6.3640851834,4.45615377314949,229.1245415394613,6.124821045393385,0.5714236864283655,0.027443626069999283,0.07385053839000033,0.3108620941276552,2.5155281558411957,0.0062954113931672495
NearestNeighbors,70,fig5_cg2p5um_rpg1p5um__Lj12p0nH_Cj0p0fF__roL8p5mm__tee_fl160um_fc12,4.80241603649,6.29023464501,4.767015867277145,231.6400696953025,6.131116456786552,3,chip_simple_dxm9p091_dym1p818__Lj12p0nH_Cj2p0fF__roL8p5mm__tee_fl160um_fc12_cg1p2um__rpg1p4um,4.76442571482,6.22787098411,5.046186967498779,236.31743027914425,6.075829813333849,0.679678298844953,0.037990321670000604,0.062363660900000006,0.2791711002216344,4.677360583841761,0.05528664345270329
NearestNeighbors,70,fig5_cg2p5um_rpg1p5um__Lj12p0nH_Cj0p0fF__roL8p5mm__tee_fl160um_fc12,4.80241603649,6.29023464501,4.767015867277145,231.6400696953025,6.131116456786552,4,chip_simple_dxm10p000_dy7p273__Lj12p0nH_Cj2p0fF__roL8p5mm__tee_fl160um_fc12_cg1p2um__rpg1p4um,4.75999951361,6.22178916275,5.0841642122612,237.2013025682522,6.078326997296887,0.7445906539289701,0.042416522879999974,0.06844548225999958,0.3171483449840551,5.5612328729497165,0.052789459489664736
NearestNeighbors,70,fig5_cg2p5um_rpg1p5um__Lj12p0nH_Cj0p0fF__roL8p5mm__tee_fl160um_fc12,4.80241603649,6.29023464501,4.767015867277145,231.6400696953025,6.131116456786552,5,chip_simple_dx6p364_dym2p727__Lj12p0nH_Cj2p0fF__roL8p5mm__tee_fl160um_fc12_cg1p2um__rpg1p4um,4.76718290826,6.25857915519,5.287194409502029,246.1533054816762,6.109333508441698,0.7483079770316047,0.03523312823000069,0.031655489820000327,0.5201785422248841,14.513235786373713,0.02178294834485417
NearestNeighbors,70,fig5_cg2p5um_rpg1p5um__Lj12p0nH_Cj0p0fF__roL8p5mm__tee_fl160um_fc12,4.80241603649,6.29023464501,4.767015867277145,231.6400696953025,6.131116456786552,6,chip_simple_dx10p000_dy6p364__Lj12p0nH_Cj2p0fF__roL8p5mm__tee_fl160um_fc12_cg1p2um__rpg1p4um,4.78966551444,6.19573101445,5.30974208485794,232.5106784208788,6.026638854738782,0.7919674866908138,0.012750522050000157,0.09450363056000022,0.5427262175807952,0.870608725576318,0.10447760204777001
NearestNeighbors,70,fig5_cg2p5um_rpg1p5um__Lj12p0nH_Cj0p0fF__roL8p5mm__tee_fl160um_fc12,4.80241603649,6.29023464501,4.767015867277145,231.6400696953025,6.131116456786552,7,fig5_cg4p5um_rpg2p5um__Lj12p0nH_Cj0p0fF__roL8p5mm__tee_fl160um_fc12,4.8208314661,6.41561937046,4.202300157867431,231.21565590524023,6.118632919744756,0.8036631194701611,0.0184154296099992,0.12538472545,0.5647157094097137,0.42441379006226043,0.012483537041796389
NearestNeighbors,70,fig5_cg2p5um_rpg1p5um__Lj12p0nH_Cj0p0fF__roL8p5mm__tee_fl160um_fc12,4.80241603649,6.29023464501,4.767015867277145,231.6400696953025,6.131116456786552,8,chip_simple_dx6p364_dym0p909__Lj12p0nH_Cj2p0fF__roL8p5mm__tee_fl160um_fc12_cg1p2um__rpg1p4um,4.76652297608,6.20853511611,5.17837090148735,236.1278148828435,6.028991125188209,0.8405336820367705,0.03589306041000029,0.08169952889999976,0.4113550342102048,4.487745187541009,0.10212533159834347
NearestNeighbors,70,fig5_cg2p5um_rpg1p5um__Lj12p0nH_Cj0p0fF__roL8p5mm__tee_fl160um_fc12,4.80241603649,6.29023464501,4.767015867277145,231.6400696953025,6.131116456786552,9,chip_simple_dxm8p182_dym8p182__Lj12p0nH_Cj2p0fF__roL8p5mm__tee_fl160um_fc12_cg1p2um__rpg1p4um,4.78518514078,6.20385883832,4.999329228549957,227.600919745363,5.989457926068278,0.8586287080837232,0.017230895710000027,0.08637580668999956,0.2323133612728121,4.039149949939485,0.14165853071827428
NearestNeighbors,70,fig5_cg2p5um_rpg1p5um__Lj12p0nH_Cj0p0fF__roL8p5mm__tee_fl160um_fc12,4.80241603649,6.29023464501,4.767015867277145,231.6400696953025,6.131116456786552,10,chip_simple_dxm4p545_dym2p727__Lj12p0nH_Cj2p0fF__roL8p5mm__tee_fl160um_fc12_cg1p2um__rpg1p4um,4.75133436782,6.26297506595,5.207407996995926,248.15573910645995,6.105858265342065,0.9037456688576351,0.05108166867000019,0.027259579059999872,0.4403921297187807,16.51566941115746,0.025258191444486933
NearestNeighbors,71,fig5_cg3p0um_rpg0p5um__Lj12p0nH_Cj0p0fF__roL8p5mm__tee_fl160um_fc12,4.47188676231,6.35862255887,6.674660419145583,369.2900233258177,6.365138339891879,1,fig5_cg3p5um_rpg0p5um__Lj12p0nH_Cj0p0fF__roL8p5mm__tee_fl160um_fc12,4.48458805947,6.33290774525,6.273954957790375,350.28792536348936,6.333902670879128,0.7243703607302026,0.012701297160000458,0.02571481361999961,0.40070546135520857,19.00209796232832,0.031235669012750655
NearestNeighbors,71,fig5_cg3p0um_rpg0p5um__Lj12p0nH_Cj0p0fF__roL8p5mm__tee_fl160um_fc12,4.47188676231,6.35862255887,6.674660419145583,369.2900233258177,6.365138339891879,2,fig5_cg4p0um_rpg0p5um__Lj12p0nH_Cj0p0fF__roL8p5mm__tee_fl160um_fc12,4.52155001594,6.39443554908,6.552557450353622,359.2700242399351,6.454069012219757,0.8445511645546737,0.04966325363000035,0.03581299021000017,0.12210296879196125,10.019999085882603,0.08893067232787821
NearestNeighbors,71,fig5_cg3p0um_rpg0p5um__Lj12p0nH_Cj0p0fF__roL8p5mm__tee_fl160um_fc12,4.47188676231,6.35862255887,6.674660419145583,369.2900233258177,6.365138339891879,3,fig5_cg4p5um_rpg0p5um__Lj12p0nH_Cj0p0fF__roL8p5mm__tee_fl160um_fc12,4.51249644149,6.35090511355,6.372151983530045,348.6053033569676,6.370880057120116,0.8798025644276148,0.040609679180000136,0.00771744531999996,0.30250843561553875,20.68471996885006,0.005741717228237242
NearestNeighbors,71,fig5_cg3p0um_rpg0p5um__Lj12p0nH_Cj0p0fF__roL8p5mm__tee_fl160um_fc12,4.47188676231,6.35862255887,6.674660419145583,369.2900233258177,6.365138339891879,4,fig5_cg2p5um_rpg0p5um__Lj12p0nH_Cj0p0fF__roL8p5mm__tee_fl160um_fc12,4.54592211662,6.38743350129,6.768334062421799,357.27924141069707,6.438170117514996,1.0804792571842707,0.0740353543100003,0.028810942420000707,0.0936736432762153,12.010781915120617,0.0730317776231173
NearestNeighbors,71,fig5_cg3p0um_rpg0p5um__Lj12p0nH_Cj0p0fF__roL8p5mm__tee_fl160um_fc12,4.47188676231,6.35862255887,6.674660419145583,369.2900233258177,6.365138339891879,5,fig5_cg2p0um_rpg0p5um__Lj12p0nH_Cj0p0fF__roL8p5mm__tee_fl160um_fc12,4.56457478395,6.29107307619,7.123120399354934,343.529891336186,6.286368287736043,1.561551999875932,0.09268802164000078,0.0675494826799996,0.44845998020935074,25.760131989631702,0.07877005215583566
NearestNeighbors,71,fig5_cg3p0um_rpg0p5um__Lj12p0nH_Cj0p0fF__roL8p5mm__tee_fl160um_fc12,4.47188676231,6.35862255887,6.674660419145583,369.2900233258177,6.365138339891879,6,fig5_cg5p0um_rpg0p5um__Lj12p0nH_Cj0p0fF__roL8p5mm__tee_fl160um_fc12,4.54852290045,6.34578466778,6.117417553102493,331.8522825685193,6.365348751829195,1.615554131680271,0.07663613814000048,0.012837891089999331,0.5572428660430901,37.4377407572984,0.0002104119373163016
NearestNeighbors,71,fig5_cg3p0um_rpg0p5um__Lj12p0nH_Cj0p0fF__roL8p5mm__tee_fl160um_fc12,4.47188676231,6.35862255887,6.674660419145583,369.2900233258177,6.365138339891879,7,fig5_cg3p0um_rpg1p0um__Lj12p0nH_Cj0p0fF__roL8p5mm__tee_fl160um_fc12,4.5918495592,6.3683346429,6.310808488025665,329.7787087605889,6.339102179225892,2.0218431178666076,0.11996279689000033,0.009712084030000234,0.3638519311199184,39.51131456522876,0.026036160665986685
NearestNeighbors,71,fig5_cg3p0um_rpg0p5um__Lj12p0nH_Cj0p0fF__roL8p5mm__tee_fl160um_fc12,4.47188676231,6.35862255887,6.674660419145583,369.2900233258177,6.365138339891879,8,fig5_cg1p5um_rpg0p5um__Lj12p0nH_Cj0p0fF__roL8p5mm__tee_fl160um_fc12,4.58877032672,6.22033143163,7.875931111408233,340.7758897032887,6.21478508076179,2.1440721394866444,0.11688356441000014,0.1382911272399996,1.20127069226265,28.51413362252896,0.1503532591300889
NearestNeighbors,71,fig5_cg3p0um_rpg0p5um__Lj12p0nH_Cj0p0fF__roL8p5mm__tee_fl160um_fc12,4.47188676231,6.35862255887,6.674660419145583,369.2900233258177,6.365138339891879,9,fig5_cg3p5um_rpg1p0um__Lj12p0nH_Cj0p0fF__roL8p5mm__tee_fl160um_fc12,4.65151549232,6.42206990109,5.782993409578324,310.4906595751157,6.336782825594393,3.0623497400025967,0.17962873001000013,0.06344734222000081,0.891667009567259,58.79936375070196,0.02835551429748584
NearestNeighbors,71,fig5_cg3p0um_rpg0p5um__Lj12p0nH_Cj0p0fF__roL8p5mm__tee_fl160um_fc12,4.47188676231,6.35862255887,6.674660419145583,369.2900233258177,6.365138339891879,10,fig5_cg2p0um_rpg1p0um__Lj12p0nH_Cj0p0fF__roL8p5mm__tee_fl160um_fc12,4.67537317002,6.28144982257,6.80016774546051,305.861011614189,6.2286045622900525,3.412650568315931,0.2034864077100007,0.07717273629999966,0.1255073263149269,63.429011711628675,0.1365337776018265
NearestNeighbors,72,fig5_cg3p0um_rpg3p5um__Lj12p0nH_Cj0p0fF__roL8p5mm__tee_fl160um_fc12,4.92829096791,6.45957340168,3.572039231496811,200.6949020597348,6.130580680249026,1,fig5_cg4p0um_rpg4p5um__Lj12p0nH_Cj0p0fF__roL8p5mm__tee_fl160um_fc12,4.92435526103,6.48519909443,3.5933491122837067,205.0387458671971,6.080993342285782,0.31005725723634575,0.003935706880000112,0.025625692750000262,0.021309880786895885,4.343843807462292,0.04958733796324388
NearestNeighbors,72,fig5_cg3p0um_rpg3p5um__Lj12p0nH_Cj0p0fF__roL8p5mm__tee_fl160um_fc12,4.92829096791,6.45957340168,3.572039231496811,200.6949020597348,6.130580680249026,2,fig5_cg3p5um_rpg4p0um__Lj12p0nH_Cj0p0fF__roL8p5mm__tee_fl160um_fc12,4.9416939411,6.51548606738,3.315546014060974,197.788389720846,6.147249764815354,0.40194813180197203,0.013402973189999834,0.0559126657000002,0.25649321743583675,2.9065123388888026,0.01666908456632754
NearestNeighbors,72,fig5_cg3p0um_rpg3p5um__Lj12p0nH_Cj0p0fF__roL8p5mm__tee_fl160um_fc12,4.92829096791,6.45957340168,3.572039231496811,200.6949020597348,6.130580680249026,3,fig5_cg3p5um_rpg5p0um__Lj12p0nH_Cj0p0fF__roL8p5mm__tee_fl160um_fc12,4.93155087737,6.50667264028,3.192206646333694,194.60845436094925,6.043189427188832,0.5649006520976818,0.003259909460000543,0.04709923859999954,0.3798325851631166,6.086447698785548,0.08739125306019435
NearestNeighbors,72,fig5_cg3p0um_rpg3p5um__Lj12p0nH_Cj0p0fF__roL8p5mm__tee_fl160um_fc12,4.92829096791,6.45957340168,3.572039231496811,200.6949020597348,6.130580680249026,4,fig5_cg3p0um_rpg4p0um__Lj12p0nH_Cj0p0fF__roL8p5mm__tee_fl160um_fc12,4.940704631,6.42408762791,3.4702477960357663,191.51572092370972,6.040377137923779,0.5773870616512455,0.012413663090000249,0.035485773770000506,0.10179143546104452,9.179181136025079,0.09020354232524674
NearestNeighbors,72,fig5_cg3p0um_rpg3p5um__Lj12p0nH_Cj0p0fF__roL8p5mm__tee_fl160um_fc12,4.92829096791,6.45957340168,3.572039231496811,200.6949020597348,6.130580680249026,5,fig5_cg5p0um_rpg4p0um__Lj12p0nH_Cj0p0fF__roL8p5mm__tee_fl160um_fc12,4.88774415429,6.45896799938,3.299699922574997,199.0926748998529,6.073027040692848,0.5960630438907787,0.04054681361999979,0.0006054022999997244,0.272339308921814,1.6022271598818918,0.057553639556178204
NearestNeighbors,72,fig5_cg3p0um_rpg3p5um__Lj12p0nH_Cj0p0fF__roL8p5mm__tee_fl160um_fc12,4.92829096791,6.45957340168,3.572039231496811,200.6949020597348,6.130580680249026,6,fig5_cg4p5um_rpg4p0um__Lj12p0nH_Cj0p0fF__roL8p5mm__tee_fl160um_fc12,4.95508593508,6.46782847243,3.2292443212566373,187.6687400196612,6.101974945599373,0.600932425766335,0.02679496716999985,0.00825507074999976,0.3427949102401735,13.026162040073615,0.02860573464965288
NearestNeighbors,72,fig5_cg3p0um_rpg3p5um__Lj12p0nH_Cj0p0fF__roL8p5mm__tee_fl160um_fc12,4.92829096791,6.45957340168,3.572039231496811,200.6949020597348,6.130580680249026,7,fig5_cg2p5um_rpg3p5um__Lj12p0nH_Cj0p0fF__roL8p5mm__tee_fl160um_fc12,4.90933450729,6.40357690957,3.7329917837715145,201.2880257934344,6.003674917928219,0.7087544368129575,0.018956460620000115,0.05599649211000024,0.16095255227470373,0.5931237336995991,0.1269057623208072
NearestNeighbors,72,fig5_cg3p0um_rpg3p5um__Lj12p0nH_Cj0p0fF__roL8p5mm__tee_fl160um_fc12,4.92829096791,6.45957340168,3.572039231496811,200.6949020597348,6.130580680249026,8,fig5_cg4p5um_rpg3p5um__Lj12p0nH_Cj0p0fF__roL8p5mm__tee_fl160um_fc12,4.88861160423,6.4734435094,3.773440051719665,214.72133803964505,6.083690932056749,0.7315917001309272,0.03967936367999947,0.013870107719999858,0.2014008202228541,14.026435979910246,0.0468897481922772
NearestNeighbors,72,fig5_cg3p0um_rpg3p5um__Lj12p0nH_Cj0p0fF__roL8p5mm__tee_fl160um_fc12,4.92829096791,6.45957340168,3.572039231496811,200.6949020597348,6.130580680249026,9,fig5_cg2p0um_rpg4p0um__Lj12p0nH_Cj0p0fF__roL8p5mm__tee_fl160um_fc12,4.9386279194,6.36953775963,3.746125830854416,192.53030771266367,5.985478910669201,0.8930216199655614,0.010336951490000246,0.09003564205000014,0.1740865993576053,8.16459434707113,0.14510176957982512
NearestNeighbors,72,fig5_cg3p0um_rpg3p5um__Lj12p0nH_Cj0p0fF__roL8p5mm__tee_fl160um_fc12,4.92829096791,6.45957340168,3.572039231496811,200.6949020597348,6.130580680249026,10,fig5_cg2p5um_rpg5p0um__Lj12p0nH_Cj0p0fF__roL8p5mm__tee_fl160um_fc12,4.96853879237,6.44911161303,3.242022451978684,183.77948170929324,6.01719108962314,0.9418922906954691,0.040247824460000636,0.010461788649999804,0.3300167795181266,16.915420350441565,0.11338959062588572
NearestNeighbors,73,fig5_cg4p0um_rpg1p0um__Lj12p0nH_Cj0p0fF__roL8p5mm__tee_fl160um_fc12,4.65945895488,6.36376571745,5.935812954275131,303.21066175889354,6.3354729376276495,1,fig5_cg3p5um_rpg1p0um__Lj12p0nH_Cj0p0fF__roL8p5mm__tee_fl160um_fc12,4.65151549232,6.42206990109,5.782993409578324,310.4906595751157,6.336782825594393,0.4274223144702666,0.007943462560000114,0.05830418364000067,0.1528195446968068,7.279997816222192,0.0013098879667436947
NearestNeighbors,73,fig5_cg4p0um_rpg1p0um__Lj12p0nH_Cj0p0fF__roL8p5mm__tee_fl160um_fc12,4.65945895488,6.36376571745,5.935812954275131,303.21066175889354,6.3354729376276495,2,fig5_cg5p0um_rpg1p0um__Lj12p0nH_Cj0p0fF__roL8p5mm__tee_fl160um_fc12,4.67009412056,6.40368347107,5.386180753400803,292.5653068578806,6.313414733179575,0.5486286739561249,0.010635165680000114,0.03991775362000016,0.5496322008743286,10.645354901012922,0.022058204448074825
NearestNeighbors,73,fig5_cg4p0um_rpg1p0um__Lj12p0nH_Cj0p0fF__roL8p5mm__tee_fl160um_fc12,4.65945895488,6.36376571745,5.935812954275131,303.21066175889354,6.3354729376276495,3,fig5_cg2p0um_rpg1p0um__Lj12p0nH_Cj0p0fF__roL8p5mm__tee_fl160um_fc12,4.67537317002,6.28144982257,6.80016774546051,305.861011614189,6.2286045622900525,0.8576288838421533,0.015914215140000465,0.0823158948799998,0.8643547911853791,2.650349855295474,0.10686837533759697
NearestNeighbors,73,fig5_cg4p0um_rpg1p0um__Lj12p0nH_Cj0p0fF__roL8p5mm__tee_fl160um_fc12,4.65945895488,6.36376571745,5.935812954275131,303.21066175889354,6.3354729376276495,4,fig5_cg4p5um_rpg1p0um__Lj12p0nH_Cj0p0fF__roL8p5mm__tee_fl160um_fc12,4.66547453942,6.44365646453,5.568490972890854,305.09213979648246,6.526420054379522,1.0098343648048147,0.006015584540000063,0.07989074708000032,0.3673219813842774,1.88147803758892,0.1909471167518726
NearestNeighbors,73,fig5_cg4p0um_rpg1p0um__Lj12p0nH_Cj0p0fF__roL8p5mm__tee_fl160um_fc12,4.65945895488,6.36376571745,5.935812954275131,303.21066175889354,6.3354729376276495,5,fig5_cg3p0um_rpg1p0um__Lj12p0nH_Cj0p0fF__roL8p5mm__tee_fl160um_fc12,4.5918495592,6.3683346429,6.310808488025665,329.7787087605889,6.339102179225892,1.2497943947399424,0.0676093956799999,0.004568925450000094,0.37499553375053374,26.56804700169539,0.0036292415982428494
NearestNeighbors,73,fig5_cg4p0um_rpg1p0um__Lj12p0nH_Cj0p0fF__roL8p5mm__tee_fl160um_fc12,4.65945895488,6.36376571745,5.935812954275131,303.21066175889354,6.3354729376276495,6,fig5_cg3p5um_rpg1p5um__Lj12p0nH_Cj0p0fF__roL8p5mm__tee_fl160um_fc12,4.70486631048,6.33112792154,5.111963850152969,266.195772124899,6.191175501007713,1.599297883938978,0.04540735560000009,0.03263779590999949,0.8238491041221625,37.01488963399453,0.14429743661993655
NearestNeighbors,73,fig5_cg4p0um_rpg1p0um__Lj12p0nH_Cj0p0fF__roL8p5mm__tee_fl160um_fc12,4.65945895488,6.36376571745,5.935812954275131,303.21066175889354,6.3354729376276495,7,chip_simple_dx2p727_dy10p000__Lj12p0nH_Cj2p0fF__roL8p5mm__tee_fl160um_fc12_cg1p2um__rpg1p4um,4.65896495843,6.23455703196,5.910671091032028,280.3326352659665,6.066617974357407,1.6229698984558452,0.0004939964499994787,0.12920868549000009,0.025141863243103302,22.878026492927063,0.2688549632702424
NearestNeighbors,73,fig5_cg4p0um_rpg1p0um__Lj12p0nH_Cj0p0fF__roL8p5mm__tee_fl160um_fc12,4.65945895488,6.36376571745,5.935812954275131,303.21066175889354,6.3354729376276495,8,fig5_cg5p0um_rpg0p5um__Lj12p0nH_Cj0p0fF__roL8p5mm__tee_fl160um_fc12,4.54852290045,6.34578466778,6.117417553102493,331.8522825685193,6.365348751829195,1.7040701661095372,0.11093605442999976,0.01798104966999947,0.18160459882736202,28.64162080962575,0.029875814201545836
NearestNeighbors,73,fig5_cg4p0um_rpg1p0um__Lj12p0nH_Cj0p0fF__roL8p5mm__tee_fl160um_fc12,4.65945895488,6.36376571745,5.935812954275131,303.21066175889354,6.3354729376276495,9,chip_simple_dx10p000_dy4p545__Lj12p0nH_Cj2p0fF__roL8p5mm__tee_fl160um_fc12_cg1p2um__rpg1p4um,4.69438852903,6.23711654308,5.793405339859008,270.04668404490945,6.066853802259337,1.8600524622817094,0.03492957415000042,0.12664917436999978,0.14240761441612282,33.16397771398408,0.2686191353683123
NearestNeighbors,73,fig5_cg4p0um_rpg1p0um__Lj12p0nH_Cj0p0fF__roL8p5mm__tee_fl160um_fc12,4.65945895488,6.36376571745,5.935812954275131,303.21066175889354,6.3354729376276495,10,chip_simple_dx0p000_dy6p364__Lj12p0nH_Cj2p0fF__roL8p5mm__tee_fl160um_fc12_cg1p2um__rpg1p4um,4.68684275544,6.22626285193,5.869558168603897,271.87390077175473,6.055488773398548,1.8623264440666656,0.027383800560000005,0.13750286552000013,0.06625478567123455,31.336760987138803,0.2799841642291012
NearestNeighbors,74,fig5_cg4p0um_rpg3p0um__Lj12p0nH_Cj0p0fF__roL8p5mm__tee_fl160um_fc12,4.87667302103,6.48726366025,3.8455599045352935,220.61578723885552,6.219368413627765,1,fig5_cg3p5um_rpg3p5um__Lj12p0nH_Cj0p0fF__roL8p5mm__tee_fl160um_fc12,4.88834773081,6.55440012204,3.58235393236351,219.15970791952185,6.190036689460878,0.45151003181909005,0.011674709779999404,0.06713646178999966,0.26320597217178365,1.4560793193336679,0.02933172416688734
NearestNeighbors,74,fig5_cg4p0um_rpg3p0um__Lj12p0nH_Cj0p0fF__roL8p5mm__tee_fl160um_fc12,4.87667302103,6.48726366025,3.8455599045352935,220.61578723885552,6.219368413627765,2,fig5_cg4p5um_rpg3p0um__Lj12p0nH_Cj0p0fF__roL8p5mm__tee_fl160um_fc12,4.83995157357,6.4987501229,3.8456828279762254,228.4924012088084,6.243127364960313,0.5463161886850179,0.03672144746000061,0.011486462649999751,0.0001229234409318991,7.876613969952871,0.023758951332547795
NearestNeighbors,74,fig5_cg4p0um_rpg3p0um__Lj12p0nH_Cj0p0fF__roL8p5mm__tee_fl160um_fc12,4.87667302103,6.48726366025,3.8455599045352935,220.61578723885552,6.219368413627765,3,fig5_cg3p0um_rpg2p0um__Lj12p0nH_Cj0p0fF__roL8p5mm__tee_fl160um_fc12,4.85591843529,6.44095110726,4.270610977590561,230.04663618304903,6.1997071597004,0.5478309810358948,0.020754585740000664,0.04631255298999992,0.42505107305526746,9.430848944193514,0.019661253927365507
NearestNeighbors,74,fig5_cg4p0um_rpg3p0um__Lj12p0nH_Cj0p0fF__roL8p5mm__tee_fl160um_fc12,4.87667302103,6.48726366025,3.8455599045352935,220.61578723885552,6.219368413627765,4,fig5_cg5p0um_rpg3p5um__Lj12p0nH_Cj0p0fF__roL8p5mm__tee_fl160um_fc12,4.8449296474,6.49114766601,3.579725257246017,218.56513466245417,6.134914389553229,0.5803564277077272,0.03174337363000035,0.003884005759999809,0.2658346472892763,2.0506525764013475,0.08445402407453617
NearestNeighbors,74,fig5_cg4p0um_rpg3p0um__Lj12p0nH_Cj0p0fF__roL8p5mm__tee_fl160um_fc12,4.87667302103,6.48726366025,3.8455599045352935,220.61578723885552,6.219368413627765,5,fig5_cg4p5um_rpg3p5um__Lj12p0nH_Cj0p0fF__roL8p5mm__tee_fl160um_fc12,4.88861160423,6.4734435094,3.773440051719665,214.72133803964505,6.083690932056749,0.676466310553543,0.011938583200000075,0.01382015084999999,0.0721198528156286,5.89444919921047,0.13567748157101622
NearestNeighbors,74,fig5_cg4p0um_rpg3p0um__Lj12p0nH_Cj0p0fF__roL8p5mm__tee_fl160um_fc12,4.87667302103,6.48726366025,3.8455599045352935,220.61578723885552,6.219368413627765,6,fig5_cg4p0um_rpg2p5um__Lj12p0nH_Cj0p0fF__roL8p5mm__tee_fl160um_fc12,4.84081846419,6.4170299131,4.2439929298172,228.91083087667948,6.164372524451142,0.739831206778668,0.035854556840000384,0.07023374714999964,0.39843302528190616,8.295043637823966,0.0549958891766229
NearestNeighbors,74,fig5_cg4p0um_rpg3p0um__Lj12p0nH_Cj0p0fF__roL8p5mm__tee_fl160um_fc12,4.87667302103,6.48726366025,3.8455599045352935,220.61578723885552,6.219368413627765,7,fig5_cg3p5um_rpg2p5um__Lj12p0nH_Cj0p0fF__roL8p5mm__tee_fl160um_fc12,4.85348773769,6.38790903463,4.356288998512268,225.5893196577544,6.102737650921461,0.8880130227687251,0.02318528334000014,0.09935462562000019,0.5107290939769742,4.973532418898884,0.11663076270630413
NearestNeighbors,74,fig5_cg4p0um_rpg3p0um__Lj12p0nH_Cj0p0fF__roL8p5mm__tee_fl160um_fc12,4.87667302103,6.48726366025,3.8455599045352935,220.61578723885552,6.219368413627765,8,fig5_cg2p5um_rpg2p5um__Lj12p0nH_Cj0p0fF__roL8p5mm__tee_fl160um_fc12,4.86782605146,6.40620544852,4.850844314466476,237.9905673388129,6.17514285459043,0.9580841047668973,0.008846969570000418,0.08105821173000027,1.0052844099311828,17.374780099957377,0.04422555903733549
NearestNeighbors,74,fig5_cg4p0um_rpg3p0um__Lj12p0nH_Cj0p0fF__roL8p5mm__tee_fl160um_fc12,4.87667302103,6.48726366025,3.8455599045352935,220.61578723885552,6.219368413627765,9,fig5_cg4p5um_rpg2p5um__Lj12p0nH_Cj0p0fF__roL8p5mm__tee_fl160um_fc12,4.8208314661,6.41561937046,4.202300157867431,231.21565590524023,6.118632919744756,1.0157630632867156,0.05584155493000065,0.07164428979000004,0.35674025333213777,10.599868666384708,0.1007354938830094
NearestNeighbors,74,fig5_cg4p0um_rpg3p0um__Lj12p0nH_Cj0p0fF__roL8p5mm__tee_fl160um_fc12,4.87667302103,6.48726366025,3.8455599045352935,220.61578723885552,6.219368413627765,10,fig5_cg4p0um_rpg4p5um__Lj12p0nH_Cj0p0fF__roL8p5mm__tee_fl160um_fc12,4.92435526103,6.48519909443,3.5933491122837067,205.0387458671971,6.080993342285782,1.0277206398264862,0.04768223999999943,0.0020645658199995864,0.2522107922515868,15.577041371658424,0.1383750713419829
NearestNeighbors,75,fig5_cg4p0um_rpg4p0um__Lj12p0nH_Cj0p0fF__roL8p5mm__tee_fl160um_fc12,4.91173736256,6.48757988444,3.574671320106506,206.84312713324428,6.121370375963318,1,fig5_cg4p0um_rpg4p5um__Lj12p0nH_Cj0p0fF__roL8p5mm__tee_fl160um_fc12,4.92435526103,6.48519909443,3.5933491122837067,205.0387458671971,6.080993342285782,0.25187348299025936,0.012617898469999389,0.002380790009999245,0.01867779217720056,1.8043812660471872,0.040377033677535756
NearestNeighbors,75,fig5_cg4p0um_rpg4p0um__Lj12p0nH_Cj0p0fF__roL8p5mm__tee_fl160um_fc12,4.91173736256,6.48757988444,3.574671320106506,206.84312713324428,6.121370375963318,2,fig5_cg4p5um_rpg3p5um__Lj12p0nH_Cj0p0fF__roL8p5mm__tee_fl160um_fc12,4.88861160423,6.4734435094,3.773440051719665,214.72133803964505,6.083690932056749,0.45049334037711763,0.023125758329999968,0.014136375039999649,0.19876873161315878,7.878210906400767,0.03767944390656908
NearestNeighbors,75,fig5_cg4p0um_rpg4p0um__Lj12p0nH_Cj0p0fF__roL8p5mm__tee_fl160um_fc12,4.91173736256,6.48757988444,3.574671320106506,206.84312713324428,6.121370375963318,3,fig5_cg5p0um_rpg4p0um__Lj12p0nH_Cj0p0fF__roL8p5mm__tee_fl160um_fc12,4.88774415429,6.45896799938,3.299699922574997,199.0926748998529,6.073027040692848,0.5070677214111523,0.023993208270000288,0.02861188505999923,0.27497139753150934,7.750452233391371,0.04834333527047008
NearestNeighbors,75,fig5_cg4p0um_rpg4p0um__Lj12p0nH_Cj0p0fF__roL8p5mm__tee_fl160um_fc12,4.91173736256,6.48757988444,3.574671320106506,206.84312713324428,6.121370375963318,4,fig5_cg3p5um_rpg4p0um__Lj12p0nH_Cj0p0fF__roL8p5mm__tee_fl160um_fc12,4.9416939411,6.51548606738,3.315546014060974,197.788389720846,6.147249764815354,0.5417041468394568,0.029956578539999335,0.02790618294000069,0.2591253060455321,9.054737412398282,0.025879388852035667
NearestNeighbors,75,fig5_cg4p0um_rpg4p0um__Lj12p0nH_Cj0p0fF__roL8p5mm__tee_fl160um_fc12,4.91173736256,6.48757988444,3.574671320106506,206.84312713324428,6.121370375963318,5,fig5_cg3p5um_rpg5p0um__Lj12p0nH_Cj0p0fF__roL8p5mm__tee_fl160um_fc12,4.93155087737,6.50667264028,3.192206646333694,194.60845436094925,6.043189427188832,0.6459796155567521,0.019813514810000044,0.01909275584000003,0.3824646737728119,12.234672772295028,0.07818094877448623
NearestNeighbors,75,fig5_cg4p0um_rpg4p0um__Lj12p0nH_Cj0p0fF__roL8p5mm__tee_fl160um_fc12,4.91173736256,6.48757988444,3.574671320106506,206.84312713324428,6.121370375963318,6,fig5_cg3p5um_rpg3p5um__Lj12p0nH_Cj0p0fF__roL8p5mm__tee_fl160um_fc12,4.88834773081,6.55440012204,3.58235393236351,219.15970791952185,6.190036689460878,0.7038807079298726,0.02338963175000064,0.0668202376,0.007682612257003729,12.31658078627757,0.0686663134975598
NearestNeighbors,75,fig5_cg4p0um_rpg4p0um__Lj12p0nH_Cj0p0fF__roL8p5mm__tee_fl160um_fc12,4.91173736256,6.48757988444,3.574671320106506,206.84312713324428,6.121370375963318,7,fig5_cg2p5um_rpg3p5um__Lj12p0nH_Cj0p0fF__roL8p5mm__tee_fl160um_fc12,4.90933450729,6.40357690957,3.7329917837715145,201.2880257934344,6.003674917928219,0.7449604875793456,0.0024028552700006145,0.08400297486999975,0.1583204636650084,5.55510133980988,0.11769545803509907
NearestNeighbors,75,fig5_cg4p0um_rpg4p0um__Lj12p0nH_Cj0p0fF__roL8p5mm__tee_fl160um_fc12,4.91173736256,6.48757988444,3.574671320106506,206.84312713324428,6.121370375963318,8,fig5_cg3p0um_rpg4p0um__Lj12p0nH_Cj0p0fF__roL8p5mm__tee_fl160um_fc12,4.940704631,6.42408762791,3.4702477960357663,191.51572092370972,6.040377137923779,0.8150172102676326,0.02896726843999975,0.06349225653000001,0.10442352407073985,15.327406209534558,0.08099323803953862
NearestNeighbors,75,fig5_cg4p0um_rpg4p0um__Lj12p0nH_Cj0p0fF__roL8p5mm__tee_fl160um_fc12,4.91173736256,6.48757988444,3.574671320106506,206.84312713324428,6.121370375963318,9,fig5_cg4p5um_rpg4p0um__Lj12p0nH_Cj0p0fF__roL8p5mm__tee_fl160um_fc12,4.95508593508,6.46782847243,3.2292443212566373,187.6687400196612,6.101974945599373,0.8767357323506685,0.04334857251999935,0.019751412009999747,0.3454269988498688,19.174387113583094,0.019395430363944755
NearestNeighbors,75,fig5_cg4p0um_rpg4p0um__Lj12p0nH_Cj0p0fF__roL8p5mm__tee_fl160um_fc12,4.91173736256,6.48757988444,3.574671320106506,206.84312713324428,6.121370375963318,10,fig5_cg5p0um_rpg3p5um__Lj12p0nH_Cj0p0fF__roL8p5mm__tee_fl160um_fc12,4.8449296474,6.49114766601,3.579725257246017,218.56513466245417,6.134914389553229,0.9287178316184505,0.06680771516000039,0.0035677815700001503,0.005053937139511078,11.72200752920989,0.013544013589910975
NearestNeighbors,76,fig5_cg5p0um_rpg3p0um__Lj12p0nH_Cj0p0fF__roL8p5mm__tee_fl160um_fc12,4.85322800026,6.38094867422,4.023637352510452,215.8306076900033,6.005703433060704,1,fig5_cg3p5um_rpg2p5um__Lj12p0nH_Cj0p0fF__roL8p5mm__tee_fl160um_fc12,4.85348773769,6.38790903463,4.356288998512268,225.5893196577544,6.102737650921461,0.5853378238700122,0.0002597374300004063,0.006960360409999922,0.33265164600181585,9.758711967751111,0.09703421786075683
NearestNeighbors,76,fig5_cg5p0um_rpg3p0um__Lj12p0nH_Cj0p0fF__roL8p5mm__tee_fl160um_fc12,4.85322800026,6.38094867422,4.023637352510452,215.8306076900033,6.005703433060704,2,fig5_cg2p5um_rpg3p0um__Lj12p0nH_Cj0p0fF__roL8p5mm__tee_fl160um_fc12,4.8216114018,6.30639910885,4.078658870691299,212.78053759295764,5.96985922957307,0.6071114313207534,0.03161659845999942,0.0745495653699999,0.05502151818084755,3.050070097045648,0.03584420348763384
NearestNeighbors,76,fig5_cg5p0um_rpg3p0um__Lj12p0nH_Cj0p0fF__roL8p5mm__tee_fl160um_fc12,4.85322800026,6.38094867422,4.023637352510452,215.8306076900033,6.005703433060704,3,fig5_cg2p0um_rpg2p5um__Lj12p0nH_Cj0p0fF__roL8p5mm__tee_fl160um_fc12,4.88081947033,6.29200362079,4.710222612869263,215.78136757047287,6.007573423867593,0.7174768492644693,0.027591470069999957,0.08894505342999981,0.686585260358811,0.049240119530423954,0.0018699908068890991
NearestNeighbors,76,fig5_cg5p0um_rpg3p0um__Lj12p0nH_Cj0p0fF__roL8p5mm__tee_fl160um_fc12,4.85322800026,6.38094867422,4.023637352510452,215.8306076900033,6.005703433060704,4,fig5_cg3p0um_rpg2p5um__Lj12p0nH_Cj0p0fF__roL8p5mm__tee_fl160um_fc12,4.89777742204,6.34923094667,4.391671866830825,213.14051325530752,6.096625432754106,0.7545593847963604,0.04454942178000021,0.03171772755000024,0.3680345143203736,2.690094434695766,0.09092199969340165
NearestNeighbors,76,fig5_cg5p0um_rpg3p0um__Lj12p0nH_Cj0p0fF__roL8p5mm__tee_fl160um_fc12,4.85322800026,6.38094867422,4.023637352510452,215.8306076900033,6.005703433060704,5,fig5_cg4p5um_rpg3p5um__Lj12p0nH_Cj0p0fF__roL8p5mm__tee_fl160um_fc12,4.88861160423,6.4734435094,3.773440051719665,214.72133803964505,6.083690932056749,0.782534853467169,0.03538360397000062,0.09249483518000012,0.25019730079078695,1.109269650358243,0.07798749899604474
NearestNeighbors,76,fig5_cg5p0um_rpg3p0um__Lj12p0nH_Cj0p0fF__roL8p5mm__tee_fl160um_fc12,4.85322800026,6.38094867422,4.023637352510452,215.8306076900033,6.005703433060704,6,fig5_cg2p5um_rpg2p0um__Lj12p0nH_Cj0p0fF__roL8p5mm__tee_fl160um_fc12,4.82985966256,6.3640851834,4.45615377314949,229.1245415394613,6.124821045393385,0.8079628118403278,0.02336833770000002,0.016863490819999605,0.43251642063903795,13.293933849458,0.1191176123326807
NearestNeighbors,76,fig5_cg5p0um_rpg3p0um__Lj12p0nH_Cj0p0fF__roL8p5mm__tee_fl160um_fc12,4.85322800026,6.38094867422,4.023637352510452,215.8306076900033,6.005703433060704,7,fig5_cg4p5um_rpg2p5um__Lj12p0nH_Cj0p0fF__roL8p5mm__tee_fl160um_fc12,4.8208314661,6.41561937046,4.202300157867431,231.21565590524023,6.118632919744756,0.8653835391770915,0.0323965341600001,0.034670696240000076,0.17866280535697943,15.385048215236935,0.11292948668405156
NearestNeighbors,76,fig5_cg5p0um_rpg3p0um__Lj12p0nH_Cj0p0fF__roL8p5mm__tee_fl160um_fc12,4.85322800026,6.38094867422,4.023637352510452,215.8306076900033,6.005703433060704,8,fig5_cg2p5um_rpg3p5um__Lj12p0nH_Cj0p0fF__roL8p5mm__tee_fl160um_fc12,4.90933450729,6.40357690957,3.7329917837715145,201.2880257934344,6.003674917928219,0.88164344827345,0.056106507029999975,0.022628235350000026,0.2906455687389373,14.54258189656889,0.0020285151324852535
NearestNeighbors,76,fig5_cg5p0um_rpg3p0um__Lj12p0nH_Cj0p0fF__roL8p5mm__tee_fl160um_fc12,4.85322800026,6.38094867422,4.023637352510452,215.8306076900033,6.005703433060704,9,fig5_cg4p0um_rpg2p5um__Lj12p0nH_Cj0p0fF__roL8p5mm__tee_fl160um_fc12,4.84081846419,6.4170299131,4.2439929298172,228.91083087667948,6.164372524451142,0.8967865363111798,0.012409536069999838,0.03608123888000048,0.22035557730674782,13.080223186676193,0.15866909139043806
NearestNeighbors,76,fig5_cg5p0um_rpg3p0um__Lj12p0nH_Cj0p0fF__roL8p5mm__tee_fl160um_fc12,4.85322800026,6.38094867422,4.023637352510452,215.8306076900033,6.005703433060704,10,fig5_cg5p0um_rpg3p5um__Lj12p0nH_Cj0p0fF__roL8p5mm__tee_fl160um_fc12,4.8449296474,6.49114766601,3.579725257246017,218.56513466245417,6.134914389553229,0.9004788948253918,0.008298352859999802,0.11019899178999992,0.44391209526443465,2.7345269724508796,0.1292109564925248
NearestNeighbors,77,chip_simple_dxm10p000_dym7p273__Lj12p0nH_Cj2p0fF__roL8p5mm__tee_fl160um_fc12_cg1p2um__rpg1p4um,4.73346264299,6.12196729623,5.803193593448639,243.08709551981173,5.917441531031344,1,chip_simple_dxm5p455_dy8p182__Lj12p0nH_Cj2p0fF__roL8p5mm__tee_fl160um_fc12_cg1p2um__rpg1p4um,4.73624038147,6.10517374819,5.883827769510269,241.3915804124541,5.9183738212690695,0.12365145328637879,0.0027777384799998472,0.016793548039999884,0.08063417606163004,1.695515107357636,0.0009322902377251197
NearestNeighbors,77,chip_simple_dxm10p000_dym7p273__Lj12p0nH_Cj2p0fF__roL8p5mm__tee_fl160um_fc12_cg1p2um__rpg1p4um,4.73346264299,6.12196729623,5.803193593448639,243.08709551981173,5.917441531031344,2,chip_simple_dx2p727_dy8p182__Lj12p0nH_Cj2p0fF__roL8p5mm__tee_fl160um_fc12_cg1p2um__rpg1p4um,4.72577115301,6.11702248151,5.67343218500328,241.13444090201696,5.90532555190526,0.15101858179810343,0.007691489980000021,0.004944814719999968,0.12976140844535866,1.9526546177947637,0.012115979126084753
NearestNeighbors,77,chip_simple_dxm10p000_dym7p273__Lj12p0nH_Cj2p0fF__roL8p5mm__tee_fl160um_fc12_cg1p2um__rpg1p4um,4.73346264299,6.12196729623,5.803193593448639,243.08709551981173,5.917441531031344,3,chip_simple_dx0p909_dym9p091__Lj12p0nH_Cj2p0fF__roL8p5mm__tee_fl160um_fc12_cg1p2um__rpg1p4um,4.73292662921,6.13968220021,5.629279759424209,242.34971323214788,5.904117804172508,0.1540010966598055,0.000536013780000566,0.017714903979999974,0.17391383402442973,0.7373822876638485,0.013323726858835983
NearestNeighbors,77,chip_simple_dxm10p000_dym7p273__Lj12p0nH_Cj2p0fF__roL8p5mm__tee_fl160um_fc12_cg1p2um__rpg1p4um,4.73346264299,6.12196729623,5.803193593448639,243.08709551981173,5.917441531031344,4,chip_simple_dx0p000_dy0p000__Lj12p0nH_Cj2p0fF__roL8p5mm__tee_fl160um_fc12_cg1p2um__rpg1p4um,4.73427745419,6.0988951142,5.960086310180664,242.41626861962845,5.922689635063685,0.1597101146097443,0.0008148111999997099,0.023072182029999944,0.15689271673202487,0.6708269001832718,0.005248104032340883
NearestNeighbors,77,chip_simple_dxm10p000_dym7p273__Lj12p0nH_Cj2p0fF__roL8p5mm__tee_fl160um_fc12_cg1p2um__rpg1p4um,4.73346264299,6.12196729623,5.803193593448639,243.08709551981173,5.917441531031344,5,chip_simple_dx8p182_dy9p091__Lj12p0nH_Cj2p0fF__roL8p5mm__tee_fl160um_fc12_cg1p2um__rpg1p4um,4.72158254912,6.12778684598,5.69784814260292,244.34494700729925,5.923186679041649,0.17111785721125394,0.01188009387000033,0.005819549749999986,0.10534545084571878,1.2578514874875282,0.005745148010304568
NearestNeighbors,77,chip_simple_dxm10p000_dym7p273__Lj12p0nH_Cj2p0fF__roL8p5mm__tee_fl160um_fc12_cg1p2um__rpg1p4um,4.73346264299,6.12196729623,5.803193593448639,243.08709551981173,5.917441531031344,6,chip_simple_dxm1p818_dy5p455__Lj12p0nH_Cj2p0fF__roL8p5mm__tee_fl160um_fc12_cg1p2um__rpg1p4um,4.73603070326,6.09721269024,5.885714801893234,240.218625475818,5.910505601584163,0.18031929588246554,0.0025680602699997834,0.024754605990000123,0.08252120844459476,2.8684700439937387,0.006935929447181799
NearestNeighbors,77,chip_simple_dxm10p000_dym7p273__Lj12p0nH_Cj2p0fF__roL8p5mm__tee_fl160um_fc12_cg1p2um__rpg1p4um,4.73346264299,6.12196729623,5.803193593448639,243.08709551981173,5.917441531031344,7,chip_simple_dx10p000_dym4p545__Lj12p0nH_Cj2p0fF__roL8p5mm__tee_fl160um_fc12_cg1p2um__rpg1p4um,4.72887741733,6.11605763171,5.721568623006821,241.3895574816467,5.882844555175796,0.1871068074787206,0.004585225660000525,0.005909664519999858,0.08162497044181816,1.6975380381650211,0.034596975855547996
NearestNeighbors,77,chip_simple_dxm10p000_dym7p273__Lj12p0nH_Cj2p0fF__roL8p5mm__tee_fl160um_fc12_cg1p2um__rpg1p4um,4.73346264299,6.12196729623,5.803193593448639,243.08709551981173,5.917441531031344,8,chip_simple_dxm0p909_dym2p727__Lj12p0nH_Cj2p0fF__roL8p5mm__tee_fl160um_fc12_cg1p2um__rpg1p4um,4.71688507337,6.1251687863,5.703840147447586,245.03748437158407,5.9299268561119325,0.23306924578604543,0.0165775696199999,0.0032014900699994797,0.09935344600105278,1.9503888517723453,0.012485325080588083
NearestNeighbors,77,chip_simple_dxm10p000_dym7p273__Lj12p0nH_Cj2p0fF__roL8p5mm__tee_fl160um_fc12_cg1p2um__rpg1p4um,4.73346264299,6.12196729623,5.803193593448639,243.08709551981173,5.917441531031344,9,chip_simple_dxm1p818_dy0p000__Lj12p0nH_Cj2p0fF__roL8p5mm__tee_fl160um_fc12_cg1p2um__rpg1p4um,4.72085109882,6.13674306549,5.771197805171966,247.53443243124363,5.9292022682777255,0.23957056875457558,0.012611544170000322,0.014775769259999905,0.0319957882766726,4.447336911431904,0.011760737246381048
NearestNeighbors,77,chip_simple_dxm10p000_dym7p273__Lj12p0nH_Cj2p0fF__roL8p5mm__tee_fl160um_fc12_cg1p2um__rpg1p4um,4.73346264299,6.12196729623,5.803193593448639,243.08709551981173,5.917441531031344,10,chip_simple_dxm8p182_dy1p818__Lj12p0nH_Cj2p0fF__roL8p5mm__tee_fl160um_fc12_cg1p2um__rpg1p4um,4.71664457901,6.13034053841,5.655800553245544,244.77506405259857,5.930245532265892,0.24553714425255072,0.01681806398000063,0.008373242179999352,0.14739304020309518,1.6879685327868401,0.012804001234547613
NearestNeighbors,78,chip_simple_dxm10p000_dy1p818__Lj12p0nH_Cj2p0fF__roL8p5mm__tee_fl160um_fc12_cg1p2um__rpg1p4um,4.72226988205,6.17696340758,5.36773969219017,244.6012788259304,5.984641715447427,1,chip_simple_dxm3p636_dy3p636__Lj12p0nH_Cj2p0fF__roL8p5mm__tee_fl160um_fc12_cg1p2um__rpg1p4um,4.72242714711,6.18673541231,5.336548379825592,245.26485810969444,5.972626156449373,0.08257666360426968,0.00015726506000035556,0.009772004730000283,0.031191312364578394,0.6635792837640508,0.012015558998054843
NearestNeighbors,78,chip_simple_dxm10p000_dy1p818__Lj12p0nH_Cj2p0fF__roL8p5mm__tee_fl160um_fc12_cg1p2um__rpg1p4um,4.72226988205,6.17696340758,5.36773969219017,244.6012788259304,5.984641715447427,2,chip_simple_dx0p000_dym10p000__Lj12p0nH_Cj2p0fF__roL8p5mm__tee_fl160um_fc12_cg1p2um__rpg1p4um,4.72617335759,6.18783165048,5.473578181682586,247.93824058661983,5.979999407972001,0.15043178969787468,0.00390347553999959,0.010868242899999991,0.10583848949241581,3.3369617606894337,0.004642307475426044
NearestNeighbors,78,chip_simple_dxm10p000_dy1p818__Lj12p0nH_Cj2p0fF__roL8p5mm__tee_fl160um_fc12_cg1p2um__rpg1p4um,4.72226988205,6.17696340758,5.36773969219017,244.6012788259304,5.984641715447427,3,chip_simple_dx10p000_dym8p182__Lj12p0nH_Cj2p0fF__roL8p5mm__tee_fl160um_fc12_cg1p2um__rpg1p4um,4.7278291272,6.203667918,5.357714031663894,247.43915307278945,5.999006200112647,0.20119310720367206,0.005559245149999725,0.026704510420000105,0.01002566052627607,2.8378742468590588,0.014364484665219557
NearestNeighbors,78,chip_simple_dxm10p000_dy1p818__Lj12p0nH_Cj2p0fF__roL8p5mm__tee_fl160um_fc12_cg1p2um__rpg1p4um,4.72226988205,6.17696340758,5.36773969219017,244.6012788259304,5.984641715447427,4,chip_simple_dxm3p636_dy5p455__Lj12p0nH_Cj2p0fF__roL8p5mm__tee_fl160um_fc12_cg1p2um__rpg1p4um,4.73355235582,6.19906730127,5.355365528022766,245.4102411439443,6.010259557626816,0.22328478203598995,0.01128247376999969,0.022103893690000653,0.012374164167404444,0.8089623180138972,0.025617842179388894
NearestNeighbors,78,chip_simple_dxm10p000_dy1p818__Lj12p0nH_Cj2p0fF__roL8p5mm__tee_fl160um_fc12_cg1p2um__rpg1p4um,4.72226988205,6.17696340758,5.36773969219017,244.6012788259304,5.984641715447427,5,chip_simple_dx2p727_dym3p636__Lj12p0nH_Cj2p0fF__roL8p5mm__tee_fl160um_fc12_cg1p2um__rpg1p4um,4.72851008449,6.15393913849,5.502300477457046,242.70006914810185,5.946585208298799,0.25090854450006034,0.006240202439999898,0.02302426908999955,0.13456078526687598,1.9012096778285468,0.03805650714862807
NearestNeighbors,78,chip_simple_dxm10p000_dy1p818__Lj12p0nH_Cj2p0fF__roL8p5mm__tee_fl160um_fc12_cg1p2um__rpg1p4um,4.72226988205,6.17696340758,5.36773969219017,244.6012788259304,5.984641715447427,6,chip_simple_dxm10p000_dym6p364__Lj12p0nH_Cj2p0fF__roL8p5mm__tee_fl160um_fc12_cg1p2um__rpg1p4um,4.72003215394,6.21311585123,5.277381808307648,248.5653481614014,5.993540423418498,0.2516854176445669,0.0022377281099998925,0.0361524436500007,0.09035788388252275,3.9640693354710095,0.008898707971070507
NearestNeighbors,78,chip_simple_dxm10p000_dy1p818__Lj12p0nH_Cj2p0fF__roL8p5mm__tee_fl160um_fc12_cg1p2um__rpg1p4um,4.72226988205,6.17696340758,5.36773969219017,244.6012788259304,5.984641715447427,7,chip_simple_dxm1p818_dym2p727__Lj12p0nH_Cj2p0fF__roL8p5mm__tee_fl160um_fc12_cg1p2um__rpg1p4um,4.72848954954,6.17252809279,5.260969237106323,240.1187954409885,5.943850833343463,0.2609333637842685,0.006219667489999914,0.004435314789999367,0.10677045508384708,4.482483384941901,0.04079088210396442
NearestNeighbors,78,chip_simple_dxm10p000_dy1p818__Lj12p0nH_Cj2p0fF__roL8p5mm__tee_fl160um_fc12_cg1p2um__rpg1p4um,4.72226988205,6.17696340758,5.36773969219017,244.6012788259304,5.984641715447427,8,chip_simple_dxm9p091_dy10p000__Lj12p0nH_Cj2p0fF__roL8p5mm__tee_fl160um_fc12_cg1p2um__rpg1p4um,4.7252089608,6.13650588385,5.541704983503341,241.53134360669733,5.967068128664825,0.28088771422887865,0.0029390787499998794,0.04045752372999978,0.17396529131317084,3.0699352192330593,0.017573586782602568
NearestNeighbors,78,chip_simple_dxm10p000_dy1p818__Lj12p0nH_Cj2p0fF__roL8p5mm__tee_fl160um_fc12_cg1p2um__rpg1p4um,4.72226988205,6.17696340758,5.36773969219017,244.6012788259304,5.984641715447427,9,chip_simple_dxm9p091_dy8p182__Lj12p0nH_Cj2p0fF__roL8p5mm__tee_fl160um_fc12_cg1p2um__rpg1p4um,4.73445099138,6.15478155079,5.603587422172546,243.7500148862952,5.951852940269059,0.28240553497956544,0.012181109330000162,0.02218185678999962,0.23584772998237558,0.8512639396352029,0.032788775178368645
NearestNeighbors,78,chip_simple_dxm10p000_dy1p818__Lj12p0nH_Cj2p0fF__roL8p5mm__tee_fl160um_fc12_cg1p2um__rpg1p4um,4.72226988205,6.17696340758,5.36773969219017,244.6012788259304,5.984641715447427,10,chip_simple_dxm2p727_dy3p636__Lj12p0nH_Cj2p0fF__roL8p5mm__tee_fl160um_fc12_cg1p2um__rpg1p4um,4.72771327144,6.17379279793,5.623312453847885,248.72072138405872,5.943747599398507,0.2829771750592993,0.005443389389999886,0.0031706096499997116,0.2555727616577146,4.119442558128327,0.04089411604892046
NearestNeighbors,79,chip_simple_dxm10p000_dy2p727__Lj12p0nH_Cj2p0fF__roL8p5mm__tee_fl160um_fc12_cg1p2um__rpg1p4um,4.70723767854,6.21132532849,5.669662891471862,260.2253909274522,6.040061613915569,1,chip_simple_dx0p909_dym4p545__Lj12p0nH_Cj2p0fF__roL8p5mm__tee_fl160um_fc12_cg1p2um__rpg1p4um,4.70922868384,6.20956317751,5.678390382087708,259.6697894944625,6.020366326771191,0.09631851626861856,0.0019910052999998484,0.001762150980000321,0.0087274906158461,0.5556014329897039,0.01969528714437807
NearestNeighbors,79,chip_simple_dxm10p000_dy2p727__Lj12p0nH_Cj2p0fF__roL8p5mm__tee_fl160um_fc12_cg1p2um__rpg1p4um,4.70723767854,6.21132532849,5.669662891471862,260.2253909274522,6.040061613915569,2,chip_simple_dx0p000_dym9p091__Lj12p0nH_Cj2p0fF__roL8p5mm__tee_fl160um_fc12_cg1p2um__rpg1p4um,4.7018418351,6.22357422606,5.4432200777797695,258.0090048013629,6.040511605219947,0.17611372673058623,0.005395843440000547,0.012248897570000139,0.22644281369209285,2.2163861260893327,0.0004499913043778392
NearestNeighbors,79,chip_simple_dxm10p000_dy2p727__Lj12p0nH_Cj2p0fF__roL8p5mm__tee_fl160um_fc12_cg1p2um__rpg1p4um,4.70723767854,6.21132532849,5.669662891471862,260.2253909274522,6.040061613915569,3,chip_simple_dx8p182_dym2p727__Lj12p0nH_Cj2p0fF__roL8p5mm__tee_fl160um_fc12_cg1p2um__rpg1p4um,4.70366645226,6.23032952005,5.441795454484939,258.6716946384921,6.064923365323344,0.2131071332991216,0.0035712262800000616,0.01900419155999966,0.2278674369869229,1.5536962889601114,0.02486175140777558
NearestNeighbors,79,chip_simple_dxm10p000_dy2p727__Lj12p0nH_Cj2p0fF__roL8p5mm__tee_fl160um_fc12_cg1p2um__rpg1p4um,4.70723767854,6.21132532849,5.669662891471862,260.2253909274522,6.040061613915569,4,chip_simple_dxm9p091_dym3p636__Lj12p0nH_Cj2p0fF__roL8p5mm__tee_fl160um_fc12_cg1p2um__rpg1p4um,4.69849918476,6.1890369169,5.88604940322876,263.4189569943742,6.029108285903374,0.23728922423847038,0.008738493780000134,0.022288411589999946,0.21638651175689727,3.19356606692196,0.010953328012194952
NearestNeighbors,79,chip_simple_dxm10p000_dy2p727__Lj12p0nH_Cj2p0fF__roL8p5mm__tee_fl160um_fc12_cg1p2um__rpg1p4um,4.70723767854,6.21132532849,5.669662891471862,260.2253909274522,6.040061613915569,5,chip_simple_dxm3p636_dy6p364__Lj12p0nH_Cj2p0fF__roL8p5mm__tee_fl160um_fc12_cg1p2um__rpg1p4um,4.70408698534,6.20223073647,5.666454196695328,259.3716296761648,5.989725032044327,0.2416903914279172,0.0031506932000002763,0.009094592020000292,0.00320869477653396,0.8537612512874375,0.05033658187124157
NearestNeighbors,79,chip_simple_dxm10p000_dy2p727__Lj12p0nH_Cj2p0fF__roL8p5mm__tee_fl160um_fc12_cg1p2um__rpg1p4um,4.70723767854,6.21132532849,5.669662891471862,260.2253909274522,6.040061613915569,6,chip_simple_dxm9p091_dym10p000__Lj12p0nH_Cj2p0fF__roL8p5mm__tee_fl160um_fc12_cg1p2um__rpg1p4um,4.71107489741,6.18535581306,5.952367972948074,261.5686595159561,6.018524976031365,0.24569526915803108,0.003837218869999326,0.025969515429999923,0.28270508147621154,1.3432685885038609,0.021536637884203458
NearestNeighbors,79,chip_simple_dxm10p000_dy2p727__Lj12p0nH_Cj2p0fF__roL8p5mm__tee_fl160um_fc12_cg1p2um__rpg1p4um,4.70723767854,6.21132532849,5.669662891471862,260.2253909274522,6.040061613915569,7,chip_simple_dx9p091_dy0p909__Lj12p0nH_Cj2p0fF__roL8p5mm__tee_fl160um_fc12_cg1p2um__rpg1p4um,4.7163601662,6.23569834714,5.613257433452606,260.8716160934938,6.0763823396662895,0.2467042649463094,0.009122487660000012,0.024373018649999523,0.056405458019256116,0.6462251660415745,0.03632072575072076
NearestNeighbors,79,chip_simple_dxm10p000_dy2p727__Lj12p0nH_Cj2p0fF__roL8p5mm__tee_fl160um_fc12_cg1p2um__rpg1p4um,4.70723767854,6.21132532849,5.669662891471862,260.2253909274522,6.040061613915569,8,chip_simple_dxm7p273_dym0p909__Lj12p0nH_Cj2p0fF__roL8p5mm__tee_fl160um_fc12_cg1p2um__rpg1p4um,4.72621293074,6.21473069466,5.538169261859894,253.698082410752,6.053599860673863,0.3383734684303409,0.018975252199999737,0.0034053661699999793,0.13149362961196864,6.527308516700231,0.013538246758294292
NearestNeighbors,79,chip_simple_dxm10p000_dy2p727__Lj12p0nH_Cj2p0fF__roL8p5mm__tee_fl160um_fc12_cg1p2um__rpg1p4um,4.70723767854,6.21132532849,5.669662891471862,260.2253909274522,6.040061613915569,9,chip_simple_dx7p273_dy0p909__Lj12p0nH_Cj2p0fF__roL8p5mm__tee_fl160um_fc12_cg1p2um__rpg1p4um,4.68158068737,6.21519750417,5.589104882595062,264.3401351650299,6.023432078265482,0.3621769488631086,0.025656991169999976,0.0038721756799997564,0.08055800887680054,4.114744237577668,0.016629535650086957
NearestNeighbors,79,chip_simple_dxm10p000_dy2p727__Lj12p0nH_Cj2p0fF__roL8p5mm__tee_fl160um_fc12_cg1p2um__rpg1p4um,4.70723767854,6.21132532849,5.669662891471862,260.2253909274522,6.040061613915569,10,chip_simple_dx9p091_dy8p182__Lj12p0nH_Cj2p0fF__roL8p5mm__tee_fl160um_fc12_cg1p2um__rpg1p4um,4.69054728544,6.17827451541,5.739252216215133,260.0683223594995,5.9758724560029775,0.4077858041461552,0.0166903931000002,0.03305081308000002,0.06958932474327106,0.15706856795270596,0.06418915791259128
NearestNeighbors,80,chip_simple_dxm9p091_dym2p727__Lj12p0nH_Cj2p0fF__roL8p5mm__tee_fl160um_fc12_cg1p2um__rpg1p4um,4.7483244385,6.10698090701,5.363995685260773,228.13889295861065,5.896412931889758,1,chip_simple_dxm1p818_dym8p182__Lj12p0nH_Cj2p0fF__roL8p5mm__tee_fl160um_fc12_cg1p2um__rpg1p4um,4.74798045488,6.11757693515,5.274850255846023,227.969236976316,5.908298446157694,0.09503399240319566,0.0003439836199996549,0.010596028140000158,0.08914542941474934,0.16965598229464263,0.01188551426793616
NearestNeighbors,80,chip_simple_dxm9p091_dym2p727__Lj12p0nH_Cj2p0fF__roL8p5mm__tee_fl160um_fc12_cg1p2um__rpg1p4um,4.7483244385,6.10698090701,5.363995685260773,228.13889295861065,5.896412931889758,2,chip_simple_dx8p182_dy3p636__Lj12p0nH_Cj2p0fF__roL8p5mm__tee_fl160um_fc12_cg1p2um__rpg1p4um,4.74833115983,6.10316137397,5.395294238792419,228.2050160306239,5.868324301832488,0.13195952131264332,6.721330000125647e-06,0.003819533039999712,0.03129855353164679,0.06612307201325507,0.028088630057269803
NearestNeighbors,80,chip_simple_dxm9p091_dym2p727__Lj12p0nH_Cj2p0fF__roL8p5mm__tee_fl160um_fc12_cg1p2um__rpg1p4um,4.7483244385,6.10698090701,5.363995685260773,228.13889295861065,5.896412931889758,3,chip_simple_dxm6p364_dy5p455__Lj12p0nH_Cj2p0fF__roL8p5mm__tee_fl160um_fc12_cg1p2um__rpg1p4um,4.74714722938,6.10190388125,5.5239915411624905,230.99470980116783,5.886184494438364,0.14327256057283752,0.0011772091199997448,0.005077025759999465,0.15999585590171783,2.855816842557175,0.010228437451393901
NearestNeighbors,80,chip_simple_dxm9p091_dym2p727__Lj12p0nH_Cj2p0fF__roL8p5mm__tee_fl160um_fc12_cg1p2um__rpg1p4um,4.7483244385,6.10698090701,5.363995685260773,228.13889295861065,5.896412931889758,4,chip_simple_dxm5p455_dy1p818__Lj12p0nH_Cj2p0fF__roL8p5mm__tee_fl160um_fc12_cg1p2um__rpg1p4um,4.7432212798,6.12396808672,5.238211283826828,229.0696122487726,5.878910838755778,0.15971055220763666,0.005103158699999888,0.016987179710000078,0.1257844014339442,0.9307192901619317,0.01750209313397999
NearestNeighbors,80,chip_simple_dxm9p091_dym2p727__Lj12p0nH_Cj2p0fF__roL8p5mm__tee_fl160um_fc12_cg1p2um__rpg1p4um,4.7483244385,6.10698090701,5.363995685260773,228.13889295861065,5.896412931889758,5,chip_simple_dxm8p182_dy7p273__Lj12p0nH_Cj2p0fF__roL8p5mm__tee_fl160um_fc12_cg1p2um__rpg1p4um,4.73980994773,6.11492139787,5.370422379964828,231.42365600136029,5.863101959116468,0.22130611493162738,0.00851449076999966,0.00794049086000026,0.006426694704055436,3.2847630427496313,0.03331097277328965
NearestNeighbors,80,chip_simple_dxm9p091_dym2p727__Lj12p0nH_Cj2p0fF__roL8p5mm__tee_fl160um_fc12_cg1p2um__rpg1p4um,4.7483244385,6.10698090701,5.363995685260773,228.13889295861065,5.896412931889758,6,chip_simple_dxm7p273_dym1p818__Lj12p0nH_Cj2p0fF__roL8p5mm__tee_fl160um_fc12_cg1p2um__rpg1p4um,4.76438654102,6.12161083912,5.439724164207458,228.93417802659692,5.912665026004023,0.23535808902267713,0.016062102520000288,0.014629932110000077,0.07572847894668566,0.7952850679862706,0.016252094114265425
NearestNeighbors,80,chip_simple_dxm9p091_dym2p727__Lj12p0nH_Cj2p0fF__roL8p5mm__tee_fl160um_fc12_cg1p2um__rpg1p4um,4.7483244385,6.10698090701,5.363995685260773,228.13889295861065,5.896412931889758,7,chip_simple_dxm7p273_dy5p455__Lj12p0nH_Cj2p0fF__roL8p5mm__tee_fl160um_fc12_cg1p2um__rpg1p4um,4.75652798608,6.12426292642,5.515357702396392,232.49421244469767,5.917856707186027,0.2413021730083325,0.00820354757999997,0.017282019410000515,0.15136201713561892,4.355319486087012,0.02144377529626862
NearestNeighbors,80,chip_simple_dxm9p091_dym2p727__Lj12p0nH_Cj2p0fF__roL8p5mm__tee_fl160um_fc12_cg1p2um__rpg1p4um,4.7483244385,6.10698090701,5.363995685260773,228.13889295861065,5.896412931889758,8,chip_simple_dx0p000_dym8p182__Lj12p0nH_Cj2p0fF__roL8p5mm__tee_fl160um_fc12_cg1p2um__rpg1p4um,4.75699175292,6.13442162476,5.358933925123215,230.6041003651568,5.926697467393431,0.24784282412659156,0.008667314420000238,0.027440717750000232,0.005061760137557769,2.465207406546142,0.030284535503673382
NearestNeighbors,80,chip_simple_dxm9p091_dym2p727__Lj12p0nH_Cj2p0fF__roL8p5mm__tee_fl160um_fc12_cg1p2um__rpg1p4um,4.7483244385,6.10698090701,5.363995685260773,228.13889295861065,5.896412931889758,9,chip_simple_dxm2p727_dy1p818__Lj12p0nH_Cj2p0fF__roL8p5mm__tee_fl160um_fc12_cg1p2um__rpg1p4um,4.74603018436,6.11585771515,5.539317374271392,233.78375966019303,5.921034401913258,0.2484781433614727,0.0022942541399997296,0.008876808140000136,0.1753216890106195,5.644866701582373,0.024621470023499903
NearestNeighbors,80,chip_simple_dxm9p091_dym2p727__Lj12p0nH_Cj2p0fF__roL8p5mm__tee_fl160um_fc12_cg1p2um__rpg1p4um,4.7483244385,6.10698090701,5.363995685260773,228.13889295861065,5.896412931889758,10,chip_simple_dx1p818_dym8p182__Lj12p0nH_Cj2p0fF__roL8p5mm__tee_fl160um_fc12_cg1p2um__rpg1p4um,4.76522191074,6.12811728518,5.259760892496109,225.8993683259156,5.912892771819234,0.2714428063005625,0.016897472240000155,0.02113637817000047,0.10423479276466363,2.2395246326950655,0.01647983992947566
NearestNeighbors,81,chip_simple_dxm9p091_dy6p364__Lj12p0nH_Cj2p0fF__roL8p5mm__tee_fl160um_fc12_cg1p2um__rpg1p4um,4.71440404127,6.1075884134,5.646440187353134,241.39030605665508,5.857032072007844,1,chip_simple_dxm4p545_dy5p455__Lj12p0nH_Cj2p0fF__roL8p5mm__tee_fl160um_fc12_cg1p2um__rpg1p4um,4.71582269895,6.12400360673,5.595842418161392,242.67790535088983,5.858169998149668,0.10672354069101557,0.0014186576800003792,0.01641519332999941,0.05059776919174208,1.2875992942347523,0.0011379261418236197
NearestNeighbors,81,chip_simple_dxm9p091_dy6p364__Lj12p0nH_Cj2p0fF__roL8p5mm__tee_fl160um_fc12_cg1p2um__rpg1p4um,4.71440404127,6.1075884134,5.646440187353134,241.39030605665508,5.857032072007844,2,chip_simple_dx3p636_dy1p818__Lj12p0nH_Cj2p0fF__roL8p5mm__tee_fl160um_fc12_cg1p2um__rpg1p4um,4.70410383857,6.10458585083,5.567014398902892,241.3514256786174,5.861681512957739,0.13946191318864654,0.010300202699999872,0.003002562569999867,0.07942578845024162,0.038880378037674745,0.004649440949894945
NearestNeighbors,81,chip_simple_dxm9p091_dy6p364__Lj12p0nH_Cj2p0fF__roL8p5mm__tee_fl160um_fc12_cg1p2um__rpg1p4um,4.71440404127,6.1075884134,5.646440187353134,241.39030605665508,5.857032072007844,3,chip_simple_dx1p818_dy8p182__Lj12p0nH_Cj2p0fF__roL8p5mm__tee_fl160um_fc12_cg1p2um__rpg1p4um,4.72017945709,6.08731558494,5.7091661056575775,238.19641006055008,5.858573926089484,0.17555037886939223,0.005775415820000518,0.020272828460000447,0.06272591830444352,3.193895996104999,0.0015418540816396487
NearestNeighbors,81,chip_simple_dxm9p091_dy6p364__Lj12p0nH_Cj2p0fF__roL8p5mm__tee_fl160um_fc12_cg1p2um__rpg1p4um,4.71440404127,6.1075884134,5.646440187353134,241.39030605665508,5.857032072007844,4,chip_simple_dx9p091_dym9p091__Lj12p0nH_Cj2p0fF__roL8p5mm__tee_fl160um_fc12_cg1p2um__rpg1p4um,4.71934786872,6.08163378867,5.753670983188629,238.5232525782091,5.841539739032603,0.2067344416350976,0.0049438274499999935,0.025954624730000653,0.10723079583549477,2.8670534784459676,0.015492332975241219
NearestNeighbors,81,chip_simple_dxm9p091_dy6p364__Lj12p0nH_Cj2p0fF__roL8p5mm__tee_fl160um_fc12_cg1p2um__rpg1p4um,4.71440404127,6.1075884134,5.646440187353134,241.39030605665508,5.857032072007844,5,chip_simple_dx1p818_dym3p636__Lj12p0nH_Cj2p0fF__roL8p5mm__tee_fl160um_fc12_cg1p2um__rpg1p4um,4.7002658343,6.11919403433,5.529006472345352,243.631041324958,5.866922254374302,0.21855689261452718,0.014138206970000233,0.011605620930000171,0.11743371500778199,2.2407352683029274,0.009890182366457445
NearestNeighbors,81,chip_simple_dxm9p091_dy6p364__Lj12p0nH_Cj2p0fF__roL8p5mm__tee_fl160um_fc12_cg1p2um__rpg1p4um,4.71440404127,6.1075884134,5.646440187353134,241.39030605665508,5.857032072007844,6,chip_simple_dx10p000_dym4p545__Lj12p0nH_Cj2p0fF__roL8p5mm__tee_fl160um_fc12_cg1p2um__rpg1p4um,4.72887741733,6.11605763171,5.721568623006821,241.3895574816467,5.882844555175796,0.22599679490692054,0.014473376059999765,0.008469218310000137,0.07512843565368676,0.0007485750083731091,0.02581248316795204
NearestNeighbors,81,chip_simple_dxm9p091_dy6p364__Lj12p0nH_Cj2p0fF__roL8p5mm__tee_fl160um_fc12_cg1p2um__rpg1p4um,4.71440404127,6.1075884134,5.646440187353134,241.39030605665508,5.857032072007844,7,chip_simple_dx1p818_dy4p545__Lj12p0nH_Cj2p0fF__roL8p5mm__tee_fl160um_fc12_cg1p2um__rpg1p4um,4.71625141136,6.09699178177,5.937363158708572,245.50271805823053,5.844152234649521,0.23104982147947095,0.0018473700900001333,0.010596631630000353,0.290922971355438,4.11241200157545,0.012879837358322987
NearestNeighbors,81,chip_simple_dxm9p091_dy6p364__Lj12p0nH_Cj2p0fF__roL8p5mm__tee_fl160um_fc12_cg1p2um__rpg1p4um,4.71440404127,6.1075884134,5.646440187353134,241.39030605665508,5.857032072007844,8,chip_simple_dxm5p455_dym4p545__Lj12p0nH_Cj2p0fF__roL8p5mm__tee_fl160um_fc12_cg1p2um__rpg1p4um,4.71287290209,6.10521129892,5.888910904247283,246.5344439765854,5.876905965021521,0.23944866804902873,0.0015311391799999186,0.002377114480000664,0.24247071689414934,5.14413791993033,0.019873893013676813
NearestNeighbors,81,chip_simple_dxm9p091_dy6p364__Lj12p0nH_Cj2p0fF__roL8p5mm__tee_fl160um_fc12_cg1p2um__rpg1p4um,4.71440404127,6.1075884134,5.646440187353134,241.39030605665508,5.857032072007844,9,chip_simple_dx3p636_dym10p000__Lj12p0nH_Cj2p0fF__roL8p5mm__tee_fl160um_fc12_cg1p2um__rpg1p4um,4.71703014209,6.07430842251,5.908099547199249,240.9557709371328,5.866915155687882,0.24373425740941787,0.0026261008199996994,0.033279990890000555,0.26165935984611455,0.4345351195222804,0.00988308368003743
NearestNeighbors,81,chip_simple_dxm9p091_dy6p364__Lj12p0nH_Cj2p0fF__roL8p5mm__tee_fl160um_fc12_cg1p2um__rpg1p4um,4.71440404127,6.1075884134,5.646440187353134,241.39030605665508,5.857032072007844,10,chip_simple_dx9p091_dym7p273__Lj12p0nH_Cj2p0fF__roL8p5mm__tee_fl160um_fc12_cg1p2um__rpg1p4um,4.72050597097,6.13312512239,5.72029589563942,245.89801240972525,5.881474199794399,0.25172508639015534,0.006101929699999786,0.025536708989999823,0.07385570828628563,4.507706353070176,0.024442127786554302
NearestNeighbors,82,chip_simple_dxm8p182_dy3p636__Lj12p0nH_Cj2p0fF__roL8p5mm__tee_fl160um_fc12_cg1p2um__rpg1p4um,4.66348012176,6.05793179463,5.963364992448806,250.89943484547044,5.766429864350439,1,chip_simple_dx10p000_dy7p273__Lj12p0nH_Cj2p0fF__roL8p5mm__tee_fl160um_fc12_cg1p2um__rpg1p4um,4.66101955519,6.03694119202,6.148507254526138,251.85392058988865,5.756378365268905,0.16922542075085592,0.0024605665699999335,0.02099060261000041,0.1851422620773322,0.9544857444182071,0.010051499081534132
NearestNeighbors,82,chip_simple_dxm8p182_dy3p636__Lj12p0nH_Cj2p0fF__roL8p5mm__tee_fl160um_fc12_cg1p2um__rpg1p4um,4.66348012176,6.05793179463,5.963364992448806,250.89943484547044,5.766429864350439,2,chip_simple_dxm4p545_dym3p636__Lj12p0nH_Cj2p0fF__roL8p5mm__tee_fl160um_fc12_cg1p2um__rpg1p4um,4.67304431925,6.03199474143,6.125895672599793,247.8916504390452,5.756437524837708,0.23657571497472607,0.009564197489999593,0.025937053199999838,0.16253068015098648,3.0077844064252304,0.009992339512730375
NearestNeighbors,82,chip_simple_dxm8p182_dy3p636__Lj12p0nH_Cj2p0fF__roL8p5mm__tee_fl160um_fc12_cg1p2um__rpg1p4um,4.66348012176,6.05793179463,5.963364992448806,250.89943484547044,5.766429864350439,3,chip_simple_dx1p818_dym0p909__Lj12p0nH_Cj2p0fF__roL8p5mm__tee_fl160um_fc12_cg1p2um__rpg1p4um,4.67045299221,6.02263130277,6.254178175308227,249.60885360509675,5.769639685358345,0.27422828977927477,0.006972870450000279,0.03530049186000017,0.2908131828594209,1.2905812403736832,0.003209821007906122
NearestNeighbors,82,chip_simple_dxm8p182_dy3p636__Lj12p0nH_Cj2p0fF__roL8p5mm__tee_fl160um_fc12_cg1p2um__rpg1p4um,4.66348012176,6.05793179463,5.963364992448806,250.89943484547044,5.766429864350439,4,chip_simple_dxm3p636_dym2p727__Lj12p0nH_Cj2p0fF__roL8p5mm__tee_fl160um_fc12_cg1p2um__rpg1p4um,4.67568933524,6.05467155576,6.318260186975479,255.19867414634712,5.7406067779067245,0.3139919656485528,0.012209213480000258,0.003260238870000265,0.35489519452667295,4.299239300876678,0.025823086443714338
NearestNeighbors,82,chip_simple_dxm8p182_dy3p636__Lj12p0nH_Cj2p0fF__roL8p5mm__tee_fl160um_fc12_cg1p2um__rpg1p4um,4.66348012176,6.05793179463,5.963364992448806,250.89943484547044,5.766429864350439,5,chip_simple_dxm10p000_dym1p818__Lj12p0nH_Cj2p0fF__roL8p5mm__tee_fl160um_fc12_cg1p2um__rpg1p4um,4.65858122614,6.01234045492,6.319054457366943,251.70355065904783,5.749348826520186,0.33944611236772626,0.004898895620000232,0.04559133970999962,0.3556894649181368,0.8041158135773969,0.017081037830252832
NearestNeighbors,82,chip_simple_dxm8p182_dy3p636__Lj12p0nH_Cj2p0fF__roL8p5mm__tee_fl160um_fc12_cg1p2um__rpg1p4um,4.66348012176,6.05793179463,5.963364992448806,250.89943484547044,5.766429864350439,6,chip_simple_dx5p455_dy2p727__Lj12p0nH_Cj2p0fF__roL8p5mm__tee_fl160um_fc12_cg1p2um__rpg1p4um,4.68450192494,6.04838752866,6.060318185382843,246.72047979195173,5.809511348960735,0.36645566333095697,0.02102180318000002,0.009544265969999799,0.09695319293403681,4.178955053518706,0.04308148461029582
NearestNeighbors,82,chip_simple_dxm8p182_dy3p636__Lj12p0nH_Cj2p0fF__roL8p5mm__tee_fl160um_fc12_cg1p2um__rpg1p4um,4.66348012176,6.05793179463,5.963364992448806,250.89943484547044,5.766429864350439,7,chip_simple_dx6p364_dym8p182__Lj12p0nH_Cj2p0fF__roL8p5mm__tee_fl160um_fc12_cg1p2um__rpg1p4um,4.68289685799,6.03950968128,6.342246218194961,251.4677802258079,5.7350158185845,0.36951616605221327,0.019416736230000176,0.01842211334999977,0.3788812257461549,0.5683453803374618,0.031414045765938425
NearestNeighbors,82,chip_simple_dxm8p182_dy3p636__Lj12p0nH_Cj2p0fF__roL8p5mm__tee_fl160um_fc12_cg1p2um__rpg1p4um,4.66348012176,6.05793179463,5.963364992448806,250.89943484547044,5.766429864350439,8,chip_simple_dx3p636_dym1p818__Lj12p0nH_Cj2p0fF__roL8p5mm__tee_fl160um_fc12_cg1p2um__rpg1p4um,4.64263027066,6.04873906928,5.965470440525055,254.1147038644968,5.708747532691113,0.39112458123695204,0.02084985110000037,0.009192725350000153,0.002105448076249239,3.2152690190263513,0.05768233165932557
NearestNeighbors,82,chip_simple_dxm8p182_dy3p636__Lj12p0nH_Cj2p0fF__roL8p5mm__tee_fl160um_fc12_cg1p2um__rpg1p4um,4.66348012176,6.05793179463,5.963364992448806,250.89943484547044,5.766429864350439,9,chip_simple_dx2p727_dy1p818__Lj12p0nH_Cj2p0fF__roL8p5mm__tee_fl160um_fc12_cg1p2um__rpg1p4um,4.68563403825,6.08133316983,5.72811288560295,245.0156338090338,5.777845440182654,0.39197890270118907,0.02215391648999976,0.02340137519999974,0.23525210684585574,5.883801036436637,0.011415575832215197
NearestNeighbors,82,chip_simple_dxm8p182_dy3p636__Lj12p0nH_Cj2p0fF__roL8p5mm__tee_fl160um_fc12_cg1p2um__rpg1p4um,4.66348012176,6.05793179463,5.963364992448806,250.89943484547044,5.766429864350439,10,chip_simple_dx7p273_dym3p636__Lj12p0nH_Cj2p0fF__roL8p5mm__tee_fl160um_fc12_cg1p2um__rpg1p4um,4.65586186884,6.04211101025,6.308590197654723,257.18686837855205,5.818673028469142,0.39599070500665023,0.007618252920000401,0.015820784379999786,0.34522520520591726,6.287433533081611,0.052243164118703334
NearestNeighbors,83,chip_simple_dxm8p182_dy10p000__Lj12p0nH_Cj2p0fF__roL8p5mm__tee_fl160um_fc12_cg1p2um__rpg1p4um,4.72789217151,6.02697172035,6.188374780282974,236.31888715968915,5.7728279248915735,1,chip_simple_dxm10p000_dym4p545__Lj12p0nH_Cj2p0fF__roL8p5mm__tee_fl160um_fc12_cg1p2um__rpg1p4um,4.72747685651,6.02391173404,6.181771411222457,235.80879165767425,5.79330242515557,0.097311364094404,0.0004153149999996941,0.003059986309999374,0.006603369060516506,0.5100955020149058,0.020474500263996553
NearestNeighbors,83,chip_simple_dxm8p182_dy10p000__Lj12p0nH_Cj2p0fF__roL8p5mm__tee_fl160um_fc12_cg1p2um__rpg1p4um,4.72789217151,6.02697172035,6.188374780282974,236.31888715968915,5.7728279248915735,2,chip_simple_dx6p364_dy0p000__Lj12p0nH_Cj2p0fF__roL8p5mm__tee_fl160um_fc12_cg1p2um__rpg1p4um,4.72795173232,6.02599393944,6.214404765487671,236.6306190453716,5.800547756468861,0.12870724983997595,5.9560810000469644e-05,0.0009777809099995594,0.026029985204696793,0.31173188568243404,0.0277198315772873
NearestNeighbors,83,chip_simple_dxm8p182_dy10p000__Lj12p0nH_Cj2p0fF__roL8p5mm__tee_fl160um_fc12_cg1p2um__rpg1p4um,4.72789217151,6.02697172035,6.188374780282974,236.31888715968915,5.7728279248915735,3,chip_simple_dx0p000_dy2p727__Lj12p0nH_Cj2p0fF__roL8p5mm__tee_fl160um_fc12_cg1p2um__rpg1p4um,4.73163640607,6.01912983001,6.151782347061157,233.4506181073812,5.795791516246615,0.1579518788589132,0.0037442345600000593,0.007841890339999935,0.03659243322181727,2.8682690523079657,0.022963591355041224
NearestNeighbors,83,chip_simple_dxm8p182_dy10p000__Lj12p0nH_Cj2p0fF__roL8p5mm__tee_fl160um_fc12_cg1p2um__rpg1p4um,4.72789217151,6.02697172035,6.188374780282974,236.31888715968915,5.7728279248915735,4,chip_simple_dx5p455_dym8p182__Lj12p0nH_Cj2p0fF__roL8p5mm__tee_fl160um_fc12_cg1p2um__rpg1p4um,4.72112014614,6.01414813913,6.374000339464187,239.1567683741239,5.777326992270697,0.18095986507086972,0.006772025370000101,0.012823581220000158,0.18562555918121326,2.837881214434759,0.004499067379123645
NearestNeighbors,83,chip_simple_dxm8p182_dy10p000__Lj12p0nH_Cj2p0fF__roL8p5mm__tee_fl160um_fc12_cg1p2um__rpg1p4um,4.72789217151,6.02697172035,6.188374780282974,236.31888715968915,5.7728279248915735,5,chip_simple_dxm5p455_dy2p727__Lj12p0nH_Cj2p0fF__roL8p5mm__tee_fl160um_fc12_cg1p2um__rpg1p4um,4.71638631695,6.04240059633,6.065049773584366,238.98986735764416,5.770011812343904,0.20316649910589246,0.011505854559999307,0.015428875980000534,0.12332500669860824,2.6709801979550036,0.002816112547669114
NearestNeighbors,83,chip_simple_dxm8p182_dy10p000__Lj12p0nH_Cj2p0fF__roL8p5mm__tee_fl160um_fc12_cg1p2um__rpg1p4um,4.72789217151,6.02697172035,6.188374780282974,236.31888715968915,5.7728279248915735,6,chip_simple_dx4p545_dym0p909__Lj12p0nH_Cj2p0fF__roL8p5mm__tee_fl160um_fc12_cg1p2um__rpg1p4um,4.7255365678,6.0505170878,6.107614511497498,239.2497887649095,5.805207767962136,0.22794669708916973,0.002355603709999876,0.023545367450000576,0.08076026878547626,2.930901605220356,0.03237984307056241
NearestNeighbors,83,chip_simple_dxm8p182_dy10p000__Lj12p0nH_Cj2p0fF__roL8p5mm__tee_fl160um_fc12_cg1p2um__rpg1p4um,4.72789217151,6.02697172035,6.188374780282974,236.31888715968915,5.7728279248915735,7,chip_simple_dxm8p182_dym9p091__Lj12p0nH_Cj2p0fF__roL8p5mm__tee_fl160um_fc12_cg1p2um__rpg1p4um,4.72257063561,6.05880267073,5.941739992261886,237.9009092435265,5.759912137527704,0.24800344769051755,0.005321535899999397,0.031830950379999834,0.24663478802108774,1.5820220838373587,0.012915787363869669
NearestNeighbors,83,chip_simple_dxm8p182_dy10p000__Lj12p0nH_Cj2p0fF__roL8p5mm__tee_fl160um_fc12_cg1p2um__rpg1p4um,4.72789217151,6.02697172035,6.188374780282974,236.31888715968915,5.7728279248915735,8,chip_simple_dx0p000_dy5p455__Lj12p0nH_Cj2p0fF__roL8p5mm__tee_fl160um_fc12_cg1p2um__rpg1p4um,4.71422601792,6.04446957881,6.030727920024871,239.0603629876928,5.790300833858292,0.24842497759495863,0.013666153590000008,0.017497858460000515,0.1576468602581027,2.7414758280036438,0.017472908966718492
NearestNeighbors,83,chip_simple_dxm8p182_dy10p000__Lj12p0nH_Cj2p0fF__roL8p5mm__tee_fl160um_fc12_cg1p2um__rpg1p4um,4.72789217151,6.02697172035,6.188374780282974,236.31888715968915,5.7728279248915735,9,chip_simple_dx5p455_dy8p182__Lj12p0nH_Cj2p0fF__roL8p5mm__tee_fl160um_fc12_cg1p2um__rpg1p4um,4.74855405086,6.03321750387,6.352321427940368,236.0766933371285,5.795288526783467,0.29612244248350744,0.02066187935000041,0.006245783520000714,0.16394664765739453,0.24219382256066524,0.02246060189189336
NearestNeighbors,83,chip_simple_dxm8p182_dy10p000__Lj12p0nH_Cj2p0fF__roL8p5mm__tee_fl160um_fc12_cg1p2um__rpg1p4um,4.72789217151,6.02697172035,6.188374780282974,236.31888715968915,5.7728279248915735,10,chip_simple_dx4p545_dy2p727__Lj12p0nH_Cj2p0fF__roL8p5mm__tee_fl160um_fc12_cg1p2um__rpg1p4um,4.71245271602,6.05903925985,5.93248411000824,239.9388799189516,5.748576863203549,0.34262543874797463,0.015439455490000142,0.03206753949999985,0.25589067027473344,3.619992759262459,0.024251061688024045
NearestNeighbors,84,chip_simple_dxm7p273_dym10p000__Lj12p0nH_Cj2p0fF__roL8p5mm__tee_fl160um_fc12_cg1p2um__rpg1p4um,4.7126813443,6.13908473444,5.581218069385528,245.41483597333,5.892340005717795,1,chip_simple_dx9p091_dym7p273__Lj12p0nH_Cj2p0fF__roL8p5mm__tee_fl160um_fc12_cg1p2um__rpg1p4um,4.72050597097,6.13312512239,5.72029589563942,245.89801240972525,5.881474199794399,0.14008422006522642,0.007824626669999724,0.005959612049999841,0.13907782625389142,0.4831764363952402,0.010865805923396366
NearestNeighbors,84,chip_simple_dxm7p273_dym10p000__Lj12p0nH_Cj2p0fF__roL8p5mm__tee_fl160um_fc12_cg1p2um__rpg1p4um,4.7126813443,6.13908473444,5.581218069385528,245.41483597333,5.892340005717795,2,chip_simple_dx10p000_dy0p000__Lj12p0nH_Cj2p0fF__roL8p5mm__tee_fl160um_fc12_cg1p2um__rpg1p4um,4.71208036912,6.12933282299,5.748897754478454,247.69335881399888,5.914392877730971,0.1674019745019753,0.0006009751800002405,0.00975191144999954,0.16767968509292608,2.2785228406688702,0.02205287201317585
NearestNeighbors,84,chip_simple_dxm7p273_dym10p000__Lj12p0nH_Cj2p0fF__roL8p5mm__tee_fl160um_fc12_cg1p2um__rpg1p4um,4.7126813443,6.13908473444,5.581218069385528,245.41483597333,5.892340005717795,3,chip_simple_dx7p273_dym10p000__Lj12p0nH_Cj2p0fF__roL8p5mm__tee_fl160um_fc12_cg1p2um__rpg1p4um,4.71410593197,6.1449710615,5.722861017044068,249.15509170209992,5.909600201967471,0.17266185404925719,0.001424587669999866,0.005886327059999807,0.14164294765854013,3.7402557287699096,0.01726019624967634
NearestNeighbors,84,chip_simple_dxm7p273_dym10p000__Lj12p0nH_Cj2p0fF__roL8p5mm__tee_fl160um_fc12_cg1p2um__rpg1p4um,4.7126813443,6.13908473444,5.581218069385528,245.41483597333,5.892340005717795,4,chip_simple_dxm8p182_dy1p818__Lj12p0nH_Cj2p0fF__roL8p5mm__tee_fl160um_fc12_cg1p2um__rpg1p4um,4.71664457901,6.13034053841,5.655800553245544,244.77506405259857,5.930245532265892,0.19334979417335113,0.003963234709999597,0.008744196030000317,0.07458248386001554,0.6397719207314481,0.03790552654809698
NearestNeighbors,84,chip_simple_dxm7p273_dym10p000__Lj12p0nH_Cj2p0fF__roL8p5mm__tee_fl160um_fc12_cg1p2um__rpg1p4um,4.7126813443,6.13908473444,5.581218069385528,245.41483597333,5.892340005717795,5,chip_simple_dxm4p545_dy5p455__Lj12p0nH_Cj2p0fF__roL8p5mm__tee_fl160um_fc12_cg1p2um__rpg1p4um,4.71582269895,6.12400360673,5.595842418161392,242.67790535088983,5.858169998149668,0.2043717273792348,0.0031413546500003164,0.015081127710000253,0.014624348775863716,2.736930622440184,0.03417000756812705
NearestNeighbors,84,chip_simple_dxm7p273_dym10p000__Lj12p0nH_Cj2p0fF__roL8p5mm__tee_fl160um_fc12_cg1p2um__rpg1p4um,4.7126813443,6.13908473444,5.581218069385528,245.41483597333,5.892340005717795,6,chip_simple_dx8p182_dy9p091__Lj12p0nH_Cj2p0fF__roL8p5mm__tee_fl160um_fc12_cg1p2um__rpg1p4um,4.72158254912,6.12778684598,5.69784814260292,244.34494700729925,5.923186679041649,0.20522259930367664,0.008901204819999897,0.011297888459999683,0.11663007321739194,1.06988896603076,0.030846673323853935
NearestNeighbors,84,chip_simple_dxm7p273_dym10p000__Lj12p0nH_Cj2p0fF__roL8p5mm__tee_fl160um_fc12_cg1p2um__rpg1p4um,4.7126813443,6.13908473444,5.581218069385528,245.41483597333,5.892340005717795,7,chip_simple_dxm0p909_dym2p727__Lj12p0nH_Cj2p0fF__roL8p5mm__tee_fl160um_fc12_cg1p2um__rpg1p4um,4.71688507337,6.1251687863,5.703840147447586,245.03748437158407,5.9299268561119325,0.20861585112476136,0.004203729070000328,0.01391594814000019,0.12262207806205794,0.37735160174594284,0.03758685039413745
NearestNeighbors,84,chip_simple_dxm7p273_dym10p000__Lj12p0nH_Cj2p0fF__roL8p5mm__tee_fl160um_fc12_cg1p2um__rpg1p4um,4.7126813443,6.13908473444,5.581218069385528,245.41483597333,5.892340005717795,8,chip_simple_dxm10p000_dy6p364__Lj12p0nH_Cj2p0fF__roL8p5mm__tee_fl160um_fc12_cg1p2um__rpg1p4um,4.72047666907,6.13292859683,5.448801997238159,239.8053726208776,5.897409581121149,0.2287831169183275,0.007795324770000001,0.006156137609999668,0.13241607214736906,5.609463352452423,0.005069575403354065
NearestNeighbors,84,chip_simple_dxm7p273_dym10p000__Lj12p0nH_Cj2p0fF__roL8p5mm__tee_fl160um_fc12_cg1p2um__rpg1p4um,4.7126813443,6.13908473444,5.581218069385528,245.41483597333,5.892340005717795,9,chip_simple_dx1p818_dym3p636__Lj12p0nH_Cj2p0fF__roL8p5mm__tee_fl160um_fc12_cg1p2um__rpg1p4um,4.7002658343,6.11919403433,5.529006472345352,243.631041324958,5.866922254374302,0.23377683005532338,0.012415510000000296,0.019890700109999493,0.052211597040176194,1.7837946483720089,0.025417751343493222
NearestNeighbors,84,chip_simple_dxm7p273_dym10p000__Lj12p0nH_Cj2p0fF__roL8p5mm__tee_fl160um_fc12_cg1p2um__rpg1p4um,4.7126813443,6.13908473444,5.581218069385528,245.41483597333,5.892340005717795,10,chip_simple_dxm7p273_dy2p727__Lj12p0nH_Cj2p0fF__roL8p5mm__tee_fl160um_fc12_cg1p2um__rpg1p4um,4.71160179643,6.11112305572,5.860711649211884,247.21366970382263,5.902975749327858,0.2349674859642353,0.001079547869999864,0.02796167871999966,0.27949357982635537,1.7988337304926176,0.010635743610063031
NearestNeighbors,85,chip_simple_dxm7p273_dy3p636__Lj12p0nH_Cj2p0fF__roL8p5mm__tee_fl160um_fc12_cg1p2um__rpg1p4um,4.74239033124,6.19637507253,5.681721828037261,250.6248885555281,5.991999899644134,1,chip_simple_dx2p727_dy2p727__Lj12p0nH_Cj2p0fF__roL8p5mm__tee_fl160um_fc12_cg1p2um__rpg1p4um,4.73128014823,6.18706920741,5.709969924663543,252.0300867867861,5.997949180219245,0.15925940894637672,0.01111018301000044,0.009305865119999979,0.02824809662628258,1.405198231257998,0.005949280575110905
NearestNeighbors,85,chip_simple_dxm7p273_dy3p636__Lj12p0nH_Cj2p0fF__roL8p5mm__tee_fl160um_fc12_cg1p2um__rpg1p4um,4.74239033124,6.19637507253,5.681721828037261,250.6248885555281,5.991999899644134,2,chip_simple_dxm7p273_dym5p455__Lj12p0nH_Cj2p0fF__roL8p5mm__tee_fl160um_fc12_cg1p2um__rpg1p4um,4.73184455751,6.20479563684,5.572578645385742,251.6877216406616,6.007676605765333,0.17306717147996253,0.01054577373000054,0.008420564309999712,0.10914318265151834,1.0628330851335193,0.01567670612119887
NearestNeighbors,85,chip_simple_dxm7p273_dy3p636__Lj12p0nH_Cj2p0fF__roL8p5mm__tee_fl160um_fc12_cg1p2um__rpg1p4um,4.74239033124,6.19637507253,5.681721828037261,250.6248885555281,5.991999899644134,3,chip_simple_dxm8p182_dym4p545__Lj12p0nH_Cj2p0fF__roL8p5mm__tee_fl160um_fc12_cg1p2um__rpg1p4um,4.73043071526,6.17100144044,5.767042214794159,250.8990176723497,5.986730956844874,0.21329813360704553,0.011959615980000393,0.025373632089999987,0.08532038675689879,0.274129116821598,0.005268942799260046
NearestNeighbors,85,chip_simple_dxm7p273_dy3p636__Lj12p0nH_Cj2p0fF__roL8p5mm__tee_fl160um_fc12_cg1p2um__rpg1p4um,4.74239033124,6.19637507253,5.681721828037261,250.6248885555281,5.991999899644134,4,chip_simple_dx9p091_dym4p545__Lj12p0nH_Cj2p0fF__roL8p5mm__tee_fl160um_fc12_cg1p2um__rpg1p4um,4.74298968952,6.21595359683,5.546431172784805,250.5823135991841,6.029204485292758,0.21668607119722252,0.0005993582799996844,0.019578524299999955,0.13529065525245532,0.04257495634399788,0.037204585648623834
NearestNeighbors,85,chip_simple_dxm7p273_dy3p636__Lj12p0nH_Cj2p0fF__roL8p5mm__tee_fl160um_fc12_cg1p2um__rpg1p4um,4.74239033124,6.19637507253,5.681721828037261,250.6248885555281,5.991999899644134,5,chip_simple_dx0p000_dym10p000__Lj12p0nH_Cj2p0fF__roL8p5mm__tee_fl160um_fc12_cg1p2um__rpg1p4um,4.72617335759,6.18783165048,5.473578181682586,247.93824058661983,5.979999407972001,0.2619008228167434,0.016216973650000632,0.008543422050000693,0.20814364635467442,2.686647968908261,0.012000491672132796
NearestNeighbors,85,chip_simple_dxm7p273_dy3p636__Lj12p0nH_Cj2p0fF__roL8p5mm__tee_fl160um_fc12_cg1p2um__rpg1p4um,4.74239033124,6.19637507253,5.681721828037261,250.6248885555281,5.991999899644134,6,chip_simple_dx10p000_dym8p182__Lj12p0nH_Cj2p0fF__roL8p5mm__tee_fl160um_fc12_cg1p2um__rpg1p4um,4.7278291272,6.203667918,5.357714031663894,247.43915307278945,5.999006200112647,0.28418504145604684,0.014561204040000497,0.0072928454699994205,0.3240077963733663,3.185735482738636,0.007006300468512805
NearestNeighbors,85,chip_simple_dxm7p273_dy3p636__Lj12p0nH_Cj2p0fF__roL8p5mm__tee_fl160um_fc12_cg1p2um__rpg1p4um,4.74239033124,6.19637507253,5.681721828037261,250.6248885555281,5.991999899644134,7,chip_simple_dxm3p636_dy5p455__Lj12p0nH_Cj2p0fF__roL8p5mm__tee_fl160um_fc12_cg1p2um__rpg1p4um,4.73355235582,6.19906730127,5.355365528022766,245.4102411439443,6.010259557626816,0.28973463242092096,0.008837975420000532,0.002692228739999969,0.32635630001449467,5.2146474115837975,0.018259657982682143
NearestNeighbors,85,chip_simple_dxm7p273_dy3p636__Lj12p0nH_Cj2p0fF__roL8p5mm__tee_fl160um_fc12_cg1p2um__rpg1p4um,4.74239033124,6.19637507253,5.681721828037261,250.6248885555281,5.991999899644134,8,chip_simple_dx2p727_dy4p545__Lj12p0nH_Cj2p0fF__roL8p5mm__tee_fl160um_fc12_cg1p2um__rpg1p4um,4.72661637865,6.17653112846,5.815809796421051,253.68702655650372,5.959841194906359,0.2991893422845533,0.01577395259000003,0.019843944070000674,0.1340879683837901,3.0621380009756365,0.03215870473777471
NearestNeighbors,85,chip_simple_dxm7p273_dy3p636__Lj12p0nH_Cj2p0fF__roL8p5mm__tee_fl160um_fc12_cg1p2um__rpg1p4um,4.74239033124,6.19637507253,5.681721828037261,250.6248885555281,5.991999899644134,9,chip_simple_dx3p636_dym8p182__Lj12p0nH_Cj2p0fF__roL8p5mm__tee_fl160um_fc12_cg1p2um__rpg1p4um,4.74482600745,6.1760125541,6.058807715967178,255.0247737127476,5.96832645813201,0.3040784310722096,0.0024356762100001816,0.020362518430000698,0.37708588792991726,4.399885157219501,0.02367344151212425
NearestNeighbors,85,chip_simple_dxm7p273_dy3p636__Lj12p0nH_Cj2p0fF__roL8p5mm__tee_fl160um_fc12_cg1p2um__rpg1p4um,4.74239033124,6.19637507253,5.681721828037261,250.6248885555281,5.991999899644134,10,chip_simple_dx10p000_dy2p727__Lj12p0nH_Cj2p0fF__roL8p5mm__tee_fl160um_fc12_cg1p2um__rpg1p4um,4.73462079534,6.18985040369,5.828325863840103,254.44098843935748,5.937285281374463,0.3118064064461918,0.007769535900000513,0.006524668840000025,0.14660403580284243,3.816099883829395,0.05471461826967072
NearestNeighbors,86,chip_simple_dxm5p455_dy10p000__Lj12p0nH_Cj2p0fF__roL8p5mm__tee_fl160um_fc12_cg1p2um__rpg1p4um,4.75382768337,6.07114357609,5.742745215496063,229.3685246164135,5.84654579468076,1,chip_simple_dx7p273_dym2p727__Lj12p0nH_Cj2p0fF__roL8p5mm__tee_fl160um_fc12_cg1p2um__rpg1p4um,4.75484668771,6.06921513477,5.718313435150146,228.27848180607165,5.844076080583877,0.04401308828302153,0.0010190043399997961,0.0019284413199995853,0.024431780345916643,1.0900428103418562,0.0024697140968834574
NearestNeighbors,86,chip_simple_dxm5p455_dy10p000__Lj12p0nH_Cj2p0fF__roL8p5mm__tee_fl160um_fc12_cg1p2um__rpg1p4um,4.75382768337,6.07114357609,5.742745215496063,229.3685246164135,5.84654579468076,2,chip_simple_dx5p455_dym9p091__Lj12p0nH_Cj2p0fF__roL8p5mm__tee_fl160um_fc12_cg1p2um__rpg1p4um,4.74946000079,6.06973702281,5.756615043542862,230.21871320620863,5.823921246974269,0.12141978041788876,0.004367682579999865,0.0014065532799998337,0.013869828046798816,0.850188589795124,0.02262454770649125
NearestNeighbors,86,chip_simple_dxm5p455_dy10p000__Lj12p0nH_Cj2p0fF__roL8p5mm__tee_fl160um_fc12_cg1p2um__rpg1p4um,4.75382768337,6.07114357609,5.742745215496063,229.3685246164135,5.84654579468076,3,chip_simple_dx0p909_dym7p273__Lj12p0nH_Cj2p0fF__roL8p5mm__tee_fl160um_fc12_cg1p2um__rpg1p4um,4.7614879753,6.08901350731,5.709311675077438,229.9700636116568,5.849530220387646,0.14180468880334599,0.00766029192999973,0.017869931219999913,0.03343354041862501,0.6015389952432884,0.0029844257068853963
NearestNeighbors,86,chip_simple_dxm5p455_dy10p000__Lj12p0nH_Cj2p0fF__roL8p5mm__tee_fl160um_fc12_cg1p2um__rpg1p4um,4.75382768337,6.07114357609,5.742745215496063,229.3685246164135,5.84654579468076,4,chip_simple_dx3p636_dy9p091__Lj12p0nH_Cj2p0fF__roL8p5mm__tee_fl160um_fc12_cg1p2um__rpg1p4um,4.75576570631,6.07168713414,5.601566335306168,226.12949018838373,5.825369051623113,0.1679449541739721,0.001938022940000117,0.0005435580500003923,0.14117888018989522,3.2390344280297825,0.02117674305764705
NearestNeighbors,86,chip_simple_dxm5p455_dy10p000__Lj12p0nH_Cj2p0fF__roL8p5mm__tee_fl160um_fc12_cg1p2um__rpg1p4um,4.75382768337,6.07114357609,5.742745215496063,229.3685246164135,5.84654579468076,5,chip_simple_dx6p364_dy2p727__Lj12p0nH_Cj2p0fF__roL8p5mm__tee_fl160um_fc12_cg1p2um__rpg1p4um,4.75293196551,6.07708289994,5.740933858938217,230.41754424422072,5.810778700049102,0.17162202949069014,0.0008957178599997562,0.005939323849999845,0.0018113565578463664,1.049019627807212,0.03576709463165795
NearestNeighbors,86,chip_simple_dxm5p455_dy10p000__Lj12p0nH_Cj2p0fF__roL8p5mm__tee_fl160um_fc12_cg1p2um__rpg1p4um,4.75382768337,6.07114357609,5.742745215496063,229.3685246164135,5.84654579468076,6,chip_simple_dx3p636_dym0p909__Lj12p0nH_Cj2p0fF__roL8p5mm__tee_fl160um_fc12_cg1p2um__rpg1p4um,4.74682723468,6.06657591767,5.891095231824875,232.95693903075104,5.84385390194947,0.173243191619211,0.007000448690000383,0.004567658420000065,0.14835001632881184,3.588414414337535,0.002691892731290224
NearestNeighbors,86,chip_simple_dxm5p455_dy10p000__Lj12p0nH_Cj2p0fF__roL8p5mm__tee_fl160um_fc12_cg1p2um__rpg1p4um,4.75382768337,6.07114357609,5.742745215496063,229.3685246164135,5.84654579468076,7,chip_simple_dxm10p000_dym5p455__Lj12p0nH_Cj2p0fF__roL8p5mm__tee_fl160um_fc12_cg1p2um__rpg1p4um,4.74663028203,6.09244739086,5.497690521795272,229.06180088997965,5.833596212181217,0.21188771269396095,0.00719740134000002,0.02130381477000043,0.2450546937007907,0.3067237264338587,0.012949582499543588
NearestNeighbors,86,chip_simple_dxm5p455_dy10p000__Lj12p0nH_Cj2p0fF__roL8p5mm__tee_fl160um_fc12_cg1p2um__rpg1p4um,4.75382768337,6.07114357609,5.742745215496063,229.3685246164135,5.84654579468076,8,chip_simple_dx0p909_dym1p818__Lj12p0nH_Cj2p0fF__roL8p5mm__tee_fl160um_fc12_cg1p2um__rpg1p4um,4.74382125763,6.0716485122,5.499687352653504,226.4433546572846,5.834878033029041,0.21680107911777874,0.010006425740000324,0.0005049361100004646,0.2430578628425586,2.925169959128908,0.011667761651719566
NearestNeighbors,86,chip_simple_dxm5p455_dy10p000__Lj12p0nH_Cj2p0fF__roL8p5mm__tee_fl160um_fc12_cg1p2um__rpg1p4um,4.75382768337,6.07114357609,5.742745215496063,229.3685246164135,5.84654579468076,9,chip_simple_dx4p545_dym1p818__Lj12p0nH_Cj2p0fF__roL8p5mm__tee_fl160um_fc12_cg1p2um__rpg1p4um,4.77043428555,6.06656372184,5.827226363866806,226.8679871164151,5.872516883392111,0.26008685560572153,0.01660660218000043,0.0045798542500001815,0.08448114837074261,2.5005374999984156,0.025971088711350454
NearestNeighbors,86,chip_simple_dxm5p455_dy10p000__Lj12p0nH_Cj2p0fF__roL8p5mm__tee_fl160um_fc12_cg1p2um__rpg1p4um,4.75382768337,6.07114357609,5.742745215496063,229.3685246164135,5.84654579468076,10,chip_simple_dxm8p182_dym2p727__Lj12p0nH_Cj2p0fF__roL8p5mm__tee_fl160um_fc12_cg1p2um__rpg1p4um,4.74763898771,6.06492901197,5.550595968381882,225.6424239894449,5.805846601859689,0.2636791507491968,0.006188695659999688,0.006214564119999544,0.19214924711418124,3.7261006269686163,0.04069919282107115
NearestNeighbors,87,chip_simple_dxm4p545_dy3p636__Lj12p0nH_Cj2p0fF__roL8p5mm__tee_fl160um_fc12_cg1p2um__rpg1p4um,4.75468111361,6.06015537266,5.269286218986511,217.6085822265456,5.73890366119554,1,chip_simple_dx6p364_dym5p455__Lj12p0nH_Cj2p0fF__roL8p5mm__tee_fl160um_fc12_cg1p2um__rpg1p4um,4.75078715707,6.03628209085,5.3055558983383175,215.55523015902745,5.731041446609096,0.16296937298908246,0.003893956539999799,0.02387328180999937,0.036269679351806694,2.053352067518148,0.007862214586443983
NearestNeighbors,87,chip_simple_dxm4p545_dy3p636__Lj12p0nH_Cj2p0fF__roL8p5mm__tee_fl160um_fc12_cg1p2um__rpg1p4um,4.75468111361,6.06015537266,5.269286218986511,217.6085822265456,5.73890366119554,2,chip_simple_dx3p636_dym9p091__Lj12p0nH_Cj2p0fF__roL8p5mm__tee_fl160um_fc12_cg1p2um__rpg1p4um,4.74762783623,6.02799146582,5.311174287874222,214.95375549931185,5.736266000675814,0.22047015443294005,0.007053277379999834,0.032163906840000145,0.041888068887710794,2.65482672723374,0.002637660519726026
NearestNeighbors,87,chip_simple_dxm4p545_dy3p636__Lj12p0nH_Cj2p0fF__roL8p5mm__tee_fl160um_fc12_cg1p2um__rpg1p4um,4.75468111361,6.06015537266,5.269286218986511,217.6085822265456,5.73890366119554,3,chip_simple_dxm7p273_dy4p545__Lj12p0nH_Cj2p0fF__roL8p5mm__tee_fl160um_fc12_cg1p2um__rpg1p4um,4.74478453553,6.05547649219,5.373042161886215,221.0804417671074,5.791354520716529,0.3019249216200232,0.009896578080000218,0.004678880469999314,0.10375594289970458,3.471859540561809,0.052450859520988935
NearestNeighbors,87,chip_simple_dxm4p545_dy3p636__Lj12p0nH_Cj2p0fF__roL8p5mm__tee_fl160um_fc12_cg1p2um__rpg1p4um,4.75468111361,6.06015537266,5.269286218986511,217.6085822265456,5.73890366119554,4,chip_simple_dx0p909_dy4p545__Lj12p0nH_Cj2p0fF__roL8p5mm__tee_fl160um_fc12_cg1p2um__rpg1p4um,4.76476123819,6.01779585812,5.4063290720748896,211.87633532782385,5.7317404606293385,0.340306263204937,0.01008012457999996,0.04235951453999931,0.1370428530883787,5.7322468987217405,0.007163200566201233
NearestNeighbors,87,chip_simple_dxm4p545_dy3p636__Lj12p0nH_Cj2p0fF__roL8p5mm__tee_fl160um_fc12_cg1p2um__rpg1p4um,4.75468111361,6.06015537266,5.269286218986511,217.6085822265456,5.73890366119554,5,chip_simple_dxm2p727_dym3p636__Lj12p0nH_Cj2p0fF__roL8p5mm__tee_fl160um_fc12_cg1p2um__rpg1p4um,4.76214497172,6.03479088527,5.587802219089507,218.7280150264405,5.793013457094686,0.35218723836072763,0.007463858109999499,0.02536448739000008,0.3185160001029965,1.119432799894895,0.05410979589914611
NearestNeighbors,87,chip_simple_dxm4p545_dy3p636__Lj12p0nH_Cj2p0fF__roL8p5mm__tee_fl160um_fc12_cg1p2um__rpg1p4um,4.75468111361,6.06015537266,5.269286218986511,217.6085822265456,5.73890366119554,6,chip_simple_dxm10p000_dy10p000__Lj12p0nH_Cj2p0fF__roL8p5mm__tee_fl160um_fc12_cg1p2um__rpg1p4um,4.76420948131,6.07980929074,5.262032916395187,218.6923729557343,5.806839983012462,0.3535692854627183,0.009528367699999762,0.019653918080000388,0.007253302591323951,1.0837907291887063,0.067936321816922
NearestNeighbors,87,chip_simple_dxm4p545_dy3p636__Lj12p0nH_Cj2p0fF__roL8p5mm__tee_fl160um_fc12_cg1p2um__rpg1p4um,4.75468111361,6.06015537266,5.269286218986511,217.6085822265456,5.73890366119554,7,chip_simple_dxm6p364_dym7p273__Lj12p0nH_Cj2p0fF__roL8p5mm__tee_fl160um_fc12_cg1p2um__rpg1p4um,4.75005432934,6.01899043043,5.655702243776322,219.9240164763736,5.705344706711049,0.36473691223603455,0.004626784270000073,0.04116494223,0.38641602478981074,2.3154342498280016,0.033558954484490755
NearestNeighbors,87,chip_simple_dxm4p545_dy3p636__Lj12p0nH_Cj2p0fF__roL8p5mm__tee_fl160um_fc12_cg1p2um__rpg1p4um,4.75468111361,6.06015537266,5.269286218986511,217.6085822265456,5.73890366119554,8,chip_simple_dx7p273_dy9p091__Lj12p0nH_Cj2p0fF__roL8p5mm__tee_fl160um_fc12_cg1p2um__rpg1p4um,4.77325080353,6.03297215026,5.541249745204925,215.22790751327605,5.779259447895125,0.37606798520675133,0.018569689919999632,0.027183222399999707,0.27196352621841413,2.380674713269542,0.040355786699585394
NearestNeighbors,87,chip_simple_dxm4p545_dy3p636__Lj12p0nH_Cj2p0fF__roL8p5mm__tee_fl160um_fc12_cg1p2um__rpg1p4um,4.75468111361,6.06015537266,5.269286218986511,217.6085822265456,5.73890366119554,9,chip_simple_dxm0p909_dy8p182__Lj12p0nH_Cj2p0fF__roL8p5mm__tee_fl160um_fc12_cg1p2um__rpg1p4um,4.76253327326,6.09281262101,5.302599734979629,221.8855650743731,5.804085218059851,0.39172453921526346,0.007852159649999635,0.0326572483500005,0.03331351599311816,4.276982847827497,0.06518155686431104
NearestNeighbors,87,chip_simple_dxm4p545_dy3p636__Lj12p0nH_Cj2p0fF__roL8p5mm__tee_fl160um_fc12_cg1p2um__rpg1p4um,4.75468111361,6.06015537266,5.269286218986511,217.6085822265456,5.73890366119554,10,chip_simple_dxm3p636_dy8p182__Lj12p0nH_Cj2p0fF__roL8p5mm__tee_fl160um_fc12_cg1p2um__rpg1p4um,4.73729832468,6.03809876203,5.615429738752365,224.8091277096963,5.742262433762976,0.3991933998608102,0.017382788930000004,0.022056610629999973,0.346143519765854,7.200545483150705,0.003358772567436219
NearestNeighbors,88,chip_simple_dxm4p545_dy8p182__Lj12p0nH_Cj2p0fF__roL8p5mm__tee_fl160um_fc12_cg1p2um__rpg1p4um,4.67322344557,5.98395316967,6.190873927841186,240.9406241300008,5.72043645068073,1,chip_simple_dxm2p000_dym2p000__Lj12p0nH_Cj2p0fF__roL8p5mm__tee_fl160um_fc12_cg1p2um__rpg1p4um,4.66750846399,5.99576429238,6.200288068849563,244.5650742862331,5.692685446377873,0.20142857493640948,0.005714981579999723,0.011811122709999289,0.009414141008377008,3.6244501562323137,0.02775100430285704
NearestNeighbors,88,chip_simple_dxm4p545_dy8p182__Lj12p0nH_Cj2p0fF__roL8p5mm__tee_fl160um_fc12_cg1p2um__rpg1p4um,4.67322344557,5.98395316967,6.190873927841186,240.9406241300008,5.72043645068073,2,chip_simple_dxm2p000_dym2p000__Lj12p0nH_Cj2p0fF__roL8p5mm__tee_fl160um_fc12_cg1p2um__rpg1p4um,4.66750846399,5.99576429238,6.200288068849563,244.5650742862331,5.69268544637786,0.2014285749364482,0.005714981579999723,0.011811122709999289,0.009414141008377008,3.6244501562323137,0.027751004302870363
NearestNeighbors,88,chip_simple_dxm4p545_dy8p182__Lj12p0nH_Cj2p0fF__roL8p5mm__tee_fl160um_fc12_cg1p2um__rpg1p4um,4.67322344557,5.98395316967,6.190873927841186,240.9406241300008,5.72043645068073,3,chip_simple_dxm3p636_dy0p909__Lj12p0nH_Cj2p0fF__roL8p5mm__tee_fl160um_fc12_cg1p2um__rpg1p4um,4.67370270888,6.01212956717,5.972365206701278,241.2318799818838,5.710985206034561,0.20437659359132268,0.00047926330999992217,0.02817639749999934,0.2185087211399077,0.29125585188299397,0.009451244646169421
NearestNeighbors,88,chip_simple_dxm4p545_dy8p182__Lj12p0nH_Cj2p0fF__roL8p5mm__tee_fl160um_fc12_cg1p2um__rpg1p4um,4.67322344557,5.98395316967,6.190873927841186,240.9406241300008,5.72043645068073,4,chip_simple_dx2p727_dy9p091__Lj12p0nH_Cj2p0fF__roL8p5mm__tee_fl160um_fc12_cg1p2um__rpg1p4um,4.66405896257,5.9877620988,6.321251501457214,246.19094484973783,5.715712771067524,0.22501757532901848,0.00916448299999928,0.0038089291299998607,0.13037757361602775,5.250320719737033,0.004723679613205967
NearestNeighbors,88,chip_simple_dxm4p545_dy8p182__Lj12p0nH_Cj2p0fF__roL8p5mm__tee_fl160um_fc12_cg1p2um__rpg1p4um,4.67322344557,5.98395316967,6.190873927841186,240.9406241300008,5.72043645068073,5,chip_simple_dxm8p182_dym0p909__Lj12p0nH_Cj2p0fF__roL8p5mm__tee_fl160um_fc12_cg1p2um__rpg1p4um,4.67698283085,5.97183120678,6.022471806894302,234.65949821455385,5.724825509126052,0.24633160812100305,0.0037593852800004157,0.012121962890000226,0.168402120946884,6.28112591544695,0.004389058445321226
NearestNeighbors,88,chip_simple_dxm4p545_dy8p182__Lj12p0nH_Cj2p0fF__roL8p5mm__tee_fl160um_fc12_cg1p2um__rpg1p4um,4.67322344557,5.98395316967,6.190873927841186,240.9406241300008,5.72043645068073,6,chip_simple_dx7p273_dym5p455__Lj12p0nH_Cj2p0fF__roL8p5mm__tee_fl160um_fc12_cg1p2um__rpg1p4um,4.68956975271,6.00915982967,6.033120924316406,238.5769642035002,5.707892283474967,0.28164024461057874,0.01634630714000007,0.02520665999999938,0.15775300352478006,2.3636599265005884,0.012544167205763124
NearestNeighbors,88,chip_simple_dxm4p545_dy8p182__Lj12p0nH_Cj2p0fF__roL8p5mm__tee_fl160um_fc12_cg1p2um__rpg1p4um,4.67322344557,5.98395316967,6.190873927841186,240.9406241300008,5.72043645068073,7,chip_simple_dxm8p182_dy8p182__Lj12p0nH_Cj2p0fF__roL8p5mm__tee_fl160um_fc12_cg1p2um__rpg1p4um,4.69817066512,6.00885580001,6.295239226005554,241.8291948786944,5.700576278405732,0.3605105843129991,0.024947219550000455,0.024902630339999732,0.10436529816436835,0.8885707486936099,0.019860172274998256
NearestNeighbors,88,chip_simple_dxm4p545_dy8p182__Lj12p0nH_Cj2p0fF__roL8p5mm__tee_fl160um_fc12_cg1p2um__rpg1p4um,4.67322344557,5.98395316967,6.190873927841186,240.9406241300008,5.72043645068073,8,chip_simple_dxm4p545_dy0p909__Lj12p0nH_Cj2p0fF__roL8p5mm__tee_fl160um_fc12_cg1p2um__rpg1p4um,4.66753639778,5.99187167802,6.510056455795287,249.924203814837,5.720749090470385,0.36101619203991087,0.005687047789999511,0.00791850834999952,0.3191825279541014,8.9835796848362,0.00031263978965423433
NearestNeighbors,88,chip_simple_dxm4p545_dy8p182__Lj12p0nH_Cj2p0fF__roL8p5mm__tee_fl160um_fc12_cg1p2um__rpg1p4um,4.67322344557,5.98395316967,6.190873927841186,240.9406241300008,5.72043645068073,9,chip_simple_dxm4p545_dym3p636__Lj12p0nH_Cj2p0fF__roL8p5mm__tee_fl160um_fc12_cg1p2um__rpg1p4um,4.67304431925,6.03199474143,6.125895672599793,247.8916504390452,5.756437524837708,0.3935041823455736,0.00017912631999994488,0.04804157175999979,0.06497825524139333,6.951026309044408,0.03600107415697806
NearestNeighbors,88,chip_simple_dxm4p545_dy8p182__Lj12p0nH_Cj2p0fF__roL8p5mm__tee_fl160um_fc12_cg1p2um__rpg1p4um,4.67322344557,5.98395316967,6.190873927841186,240.9406241300008,5.72043645068073,10,chip_simple_dx9p091_dy10p000__Lj12p0nH_Cj2p0fF__roL8p5mm__tee_fl160um_fc12_cg1p2um__rpg1p4um,4.69926836053,5.96788032666,6.480939449926376,237.9698333652788,5.70456835918075,0.39596543560972863,0.026044914959999943,0.01607284301000078,0.29006552208519043,2.970790764722011,0.015868091499980252
NearestNeighbors,89,chip_simple_dxm3p636_dym9p091__Lj12p0nH_Cj2p0fF__roL8p5mm__tee_fl160um_fc12_cg1p2um__rpg1p4um,4.6860923718,6.15572974559,5.265247003330231,246.28336462848563,5.931427421476935,1,chip_simple_dxm6p364_dy2p727__Lj12p0nH_Cj2p0fF__roL8p5mm__tee_fl160um_fc12_cg1p2um__rpg1p4um,4.69381999507,6.14208387603,5.425729793823242,246.2806752541244,5.919433779171552,0.1623987686365088,0.007727623270000095,0.013645869560000357,0.1604827904930115,0.002689374361239061,0.011993642305383467
NearestNeighbors,89,chip_simple_dxm3p636_dym9p091__Lj12p0nH_Cj2p0fF__roL8p5mm__tee_fl160um_fc12_cg1p2um__rpg1p4um,4.6860923718,6.15572974559,5.265247003330231,246.28336462848563,5.931427421476935,2,chip_simple_dxm6p364_dy10p000__Lj12p0nH_Cj2p0fF__roL8p5mm__tee_fl160um_fc12_cg1p2um__rpg1p4um,4.70012816843,6.17641107636,5.466408747419357,251.32112428887777,5.929765561427265,0.2929379397182405,0.014035796629999986,0.020681330769999562,0.20116174408912624,5.03775966039214,0.0016618600496700608
NearestNeighbors,89,chip_simple_dxm3p636_dym9p091__Lj12p0nH_Cj2p0fF__roL8p5mm__tee_fl160um_fc12_cg1p2um__rpg1p4um,4.6860923718,6.15572974559,5.265247003330231,246.28336462848563,5.931427421476935,3,chip_simple_dxm0p909_dym0p909__Lj12p0nH_Cj2p0fF__roL8p5mm__tee_fl160um_fc12_cg1p2um__rpg1p4um,4.68632924459,6.17134248768,5.411161615444184,252.1794734270908,5.976285666069374,0.30982022497734385,0.00023687279000039752,0.015612742089999188,0.14591461211395362,5.896108798605184,0.04485824459243837
NearestNeighbors,89,chip_simple_dxm3p636_dym9p091__Lj12p0nH_Cj2p0fF__roL8p5mm__tee_fl160um_fc12_cg1p2um__rpg1p4um,4.6860923718,6.15572974559,5.265247003330231,246.28336462848563,5.931427421476935,4,chip_simple_dxm0p909_dy9p091__Lj12p0nH_Cj2p0fF__roL8p5mm__tee_fl160um_fc12_cg1p2um__rpg1p4um,4.69371229441,6.15775711443,5.5688977525024415,252.0576475169164,5.970794629409332,0.329795239472791,0.007619922609999996,0.0020273688399994327,0.3036507491722107,5.7742828884307755,0.03936720793239701
NearestNeighbors,89,chip_simple_dxm3p636_dym9p091__Lj12p0nH_Cj2p0fF__roL8p5mm__tee_fl160um_fc12_cg1p2um__rpg1p4um,4.6860923718,6.15572974559,5.265247003330231,246.28336462848563,5.931427421476935,5,chip_simple_dxm3p636_dym6p364__Lj12p0nH_Cj2p0fF__roL8p5mm__tee_fl160um_fc12_cg1p2um__rpg1p4um,4.69919145175,6.17226446551,5.555493060129165,252.9426854633619,5.946935337018482,0.34246764409121155,0.013099079949999926,0.01653471991999922,0.2902460567989342,6.659320834876269,0.015507915541546957
NearestNeighbors,89,chip_simple_dxm3p636_dym9p091__Lj12p0nH_Cj2p0fF__roL8p5mm__tee_fl160um_fc12_cg1p2um__rpg1p4um,4.6860923718,6.15572974559,5.265247003330231,246.28336462848563,5.931427421476935,6,chip_simple_dx1p818_dym6p364__Lj12p0nH_Cj2p0fF__roL8p5mm__tee_fl160um_fc12_cg1p2um__rpg1p4um,4.69578457731,6.12169403881,5.701926778303146,248.8868694113445,5.9202374263109245,0.348408576207861,0.009692205510000385,0.03403570678000012,0.436679774972915,2.603504782858863,0.011189995166010824
NearestNeighbors,89,chip_simple_dxm3p636_dym9p091__Lj12p0nH_Cj2p0fF__roL8p5mm__tee_fl160um_fc12_cg1p2um__rpg1p4um,4.6860923718,6.15572974559,5.265247003330231,246.28336462848563,5.931427421476935,7,chip_simple_dxm9p091_dy4p545__Lj12p0nH_Cj2p0fF__roL8p5mm__tee_fl160um_fc12_cg1p2um__rpg1p4um,4.70020646758,6.16959521458,5.58720127576828,253.10207266424865,5.941758744245985,0.3533565936542394,0.014114095780000113,0.01386546898999974,0.32195427243804886,6.818708035763024,0.010331322769049578
NearestNeighbors,89,chip_simple_dxm3p636_dym9p091__Lj12p0nH_Cj2p0fF__roL8p5mm__tee_fl160um_fc12_cg1p2um__rpg1p4um,4.6860923718,6.15572974559,5.265247003330231,246.28336462848563,5.931427421476935,8,chip_simple_dx0p000_dy10p000__Lj12p0nH_Cj2p0fF__roL8p5mm__tee_fl160um_fc12_cg1p2um__rpg1p4um,4.67741845193,6.13257768703,5.642575284074783,253.24029852696432,5.911901291243499,0.3690429940985988,0.008673919869999658,0.02315205856000002,0.3773282807445524,6.956933898478695,0.019526130233436412
NearestNeighbors,89,chip_simple_dxm3p636_dym9p091__Lj12p0nH_Cj2p0fF__roL8p5mm__tee_fl160um_fc12_cg1p2um__rpg1p4um,4.6860923718,6.15572974559,5.265247003330231,246.28336462848563,5.931427421476935,9,chip_simple_dx5p455_dy6p364__Lj12p0nH_Cj2p0fF__roL8p5mm__tee_fl160um_fc12_cg1p2um__rpg1p4um,4.69287787871,6.10805951866,5.762084338729858,248.49446089822925,5.901551024983598,0.42456232423590184,0.0067855069100000165,0.047670226930000226,0.4968373353996274,2.2110962697436207,0.02987639649333751
NearestNeighbors,89,chip_simple_dxm3p636_dym9p091__Lj12p0nH_Cj2p0fF__roL8p5mm__tee_fl160um_fc12_cg1p2um__rpg1p4um,4.6860923718,6.15572974559,5.265247003330231,246.28336462848563,5.931427421476935,10,chip_simple_dxm3p636_dy4p545__Lj12p0nH_Cj2p0fF__roL8p5mm__tee_fl160um_fc12_cg1p2um__rpg1p4um,4.71363061095,6.14572418614,5.668436658781052,248.2621666113731,5.949051840746841,0.4301163455507172,0.027538239150000088,0.01000555945000059,0.40318965545082097,1.978801982887461,0.017624419269905545
NearestNeighbors,90,chip_simple_dxm3p636_dym7p273__Lj12p0nH_Cj2p0fF__roL8p5mm__tee_fl160um_fc12_cg1p2um__rpg1p4um,4.70656141043,6.12250313634,6.093136621461868,255.126111021594,5.854507694338232,1,chip_simple_dxm10p000_dy0p909__Lj12p0nH_Cj2p0fF__roL8p5mm__tee_fl160um_fc12_cg1p2um__rpg1p4um,4.70703508171,6.1027913224,6.054301022790908,250.9771558944962,5.873941688086905,0.19990975214234616,0.0004736712799999765,0.019711813939999878,0.03883559867095965,4.148955127097793,0.01943399374867294
NearestNeighbors,90,chip_simple_dxm3p636_dym7p273__Lj12p0nH_Cj2p0fF__roL8p5mm__tee_fl160um_fc12_cg1p2um__rpg1p4um,4.70656141043,6.12250313634,6.093136621461868,255.126111021594,5.854507694338232,2,chip_simple_dxm8p182_dy5p455__Lj12p0nH_Cj2p0fF__roL8p5mm__tee_fl160um_fc12_cg1p2um__rpg1p4um,4.70090830216,6.08954676117,6.185020620603561,252.7010445145384,5.852490302512357,0.2194184969182816,0.005653108269999763,0.0329563751699995,0.0918839991416931,2.4250665070555897,0.0020173918258752366
NearestNeighbors,90,chip_simple_dxm3p636_dym7p273__Lj12p0nH_Cj2p0fF__roL8p5mm__tee_fl160um_fc12_cg1p2um__rpg1p4um,4.70656141043,6.12250313634,6.093136621461868,255.126111021594,5.854507694338232,3,chip_simple_dx10p000_dym1p818__Lj12p0nH_Cj2p0fF__roL8p5mm__tee_fl160um_fc12_cg1p2um__rpg1p4um,4.69464793401,6.11019400861,6.101083616342544,255.8484712973412,5.818187065933997,0.23559790162143932,0.01191347642000018,0.012309127730000036,0.007946994880676073,0.7223602757472065,0.03632062840423522
NearestNeighbors,90,chip_simple_dxm3p636_dym7p273__Lj12p0nH_Cj2p0fF__roL8p5mm__tee_fl160um_fc12_cg1p2um__rpg1p4um,4.70656141043,6.12250313634,6.093136621461868,255.126111021594,5.854507694338232,4,chip_simple_dxm2p727_dy2p727__Lj12p0nH_Cj2p0fF__roL8p5mm__tee_fl160um_fc12_cg1p2um__rpg1p4um,4.69292169855,6.12459458775,6.071658140985488,258.0113497070096,5.889099829288583,0.2534400345471877,0.013639711879999794,0.0020914514100001114,0.02147848047637968,2.8852386854155725,0.034592134950351294
NearestNeighbors,90,chip_simple_dxm3p636_dym7p273__Lj12p0nH_Cj2p0fF__roL8p5mm__tee_fl160um_fc12_cg1p2um__rpg1p4um,4.70656141043,6.12250313634,6.093136621461868,255.126111021594,5.854507694338232,5,chip_simple_dx6p364_dy9p091__Lj12p0nH_Cj2p0fF__roL8p5mm__tee_fl160um_fc12_cg1p2um__rpg1p4um,4.69570573869,6.09933720693,6.023506759710312,252.1584106638029,5.887771375415434,0.2646543407737065,0.010855671739999906,0.023165929410000174,0.06962986175155628,2.9677003577911023,0.03326368107720157
NearestNeighbors,90,chip_simple_dxm3p636_dym7p273__Lj12p0nH_Cj2p0fF__roL8p5mm__tee_fl160um_fc12_cg1p2um__rpg1p4um,4.70656141043,6.12250313634,6.093136621461868,255.126111021594,5.854507694338232,6,chip_simple_dxm4p545_dy2p727__Lj12p0nH_Cj2p0fF__roL8p5mm__tee_fl160um_fc12_cg1p2um__rpg1p4um,4.72053982598,6.13986277241,6.137880284189224,256.0182577176675,5.892363472706823,0.2681548239179971,0.013978415550000456,0.01735963607000013,0.04474366272735608,0.8921466960734961,0.03785577836859044
NearestNeighbors,90,chip_simple_dxm3p636_dym7p273__Lj12p0nH_Cj2p0fF__roL8p5mm__tee_fl160um_fc12_cg1p2um__rpg1p4um,4.70656141043,6.12250313634,6.093136621461868,255.126111021594,5.854507694338232,7,chip_simple_dx7p273_dy10p000__Lj12p0nH_Cj2p0fF__roL8p5mm__tee_fl160um_fc12_cg1p2um__rpg1p4um,4.70805055796,6.13632743544,5.907291461717605,253.14031044935945,5.903929399723399,0.27053846597763886,0.0014891475300000678,0.013824299100000381,0.18584515974426274,1.9858005722345524,0.04942170538516688
NearestNeighbors,90,chip_simple_dxm3p636_dym7p273__Lj12p0nH_Cj2p0fF__roL8p5mm__tee_fl160um_fc12_cg1p2um__rpg1p4um,4.70656141043,6.12250313634,6.093136621461868,255.126111021594,5.854507694338232,8,chip_simple_dx6p364_dym10p000__Lj12p0nH_Cj2p0fF__roL8p5mm__tee_fl160um_fc12_cg1p2um__rpg1p4um,4.71222287437,6.11776336869,5.892424395643234,248.8381761745651,5.8779333128535365,0.27327587502958894,0.005661463940000111,0.0047397676499993935,0.20071222581863424,6.287934847028907,0.023425618515304336
NearestNeighbors,90,chip_simple_dxm3p636_dym7p273__Lj12p0nH_Cj2p0fF__roL8p5mm__tee_fl160um_fc12_cg1p2um__rpg1p4um,4.70656141043,6.12250313634,6.093136621461868,255.126111021594,5.854507694338232,9,chip_simple_dx7p273_dym0p909__Lj12p0nH_Cj2p0fF__roL8p5mm__tee_fl160um_fc12_cg1p2um__rpg1p4um,4.70073295522,6.09546452187,5.997347442768096,249.8225305417232,5.880204986381134,0.27679889408991065,0.005828455209999639,0.027038614469999445,0.09578917869377168,5.303580479870789,0.025697292042901942
NearestNeighbors,90,chip_simple_dxm3p636_dym7p273__Lj12p0nH_Cj2p0fF__roL8p5mm__tee_fl160um_fc12_cg1p2um__rpg1p4um,4.70656141043,6.12250313634,6.093136621461868,255.126111021594,5.854507694338232,10,chip_simple_dxm1p818_dy9p091__Lj12p0nH_Cj2p0fF__roL8p5mm__tee_fl160um_fc12_cg1p2um__rpg1p4um,4.70620268841,6.09896881824,6.45488197671318,258.7726640480461,5.871112110850504,0.28184978611496625,0.0003587220199996466,0.023534318099999396,0.3617453552513119,3.646553026452125,0.016604416512271847
NearestNeighbors,91,chip_simple_dxm3p636_dy1p818__Lj12p0nH_Cj2p0fF__roL8p5mm__tee_fl160um_fc12_cg1p2um__rpg1p4um,4.65948056766,6.03083989622,6.176426648702622,251.6809113919346,5.759649809678368,1,chip_simple_dx10p000_dy7p273__Lj12p0nH_Cj2p0fF__roL8p5mm__tee_fl160um_fc12_cg1p2um__rpg1p4um,4.66101955519,6.03694119202,6.148507254526138,251.85392058988865,5.756378365268905,0.04511097519501712,0.0015389875300000355,0.00610129579999974,0.02791939417648326,0.1730091979540589,0.0032714444094636974
NearestNeighbors,91,chip_simple_dxm3p636_dy1p818__Lj12p0nH_Cj2p0fF__roL8p5mm__tee_fl160um_fc12_cg1p2um__rpg1p4um,4.65948056766,6.03083989622,6.176426648702622,251.6809113919346,5.759649809678368,2,chip_simple_dxm10p000_dym1p818__Lj12p0nH_Cj2p0fF__roL8p5mm__tee_fl160um_fc12_cg1p2um__rpg1p4um,4.65858122614,6.01234045492,6.319054457366943,251.70355065904783,5.749348826520186,0.13938234992254103,0.000899341520000263,0.018499441299999475,0.14262780866432134,0.022639267113248707,0.010300983158182397
NearestNeighbors,91,chip_simple_dxm3p636_dy1p818__Lj12p0nH_Cj2p0fF__roL8p5mm__tee_fl160um_fc12_cg1p2um__rpg1p4um,4.65948056766,6.03083989622,6.176426648702622,251.6809113919346,5.759649809678368,3,chip_simple_dx1p818_dym0p909__Lj12p0nH_Cj2p0fF__roL8p5mm__tee_fl160um_fc12_cg1p2um__rpg1p4um,4.67045299221,6.02263130277,6.254178175308227,249.60885360509675,5.769639685358345,0.17298248807110875,0.010972424550000248,0.008208593450000023,0.07775152660560547,2.0720577868378314,0.009989875679976556
NearestNeighbors,91,chip_simple_dxm3p636_dy1p818__Lj12p0nH_Cj2p0fF__roL8p5mm__tee_fl160um_fc12_cg1p2um__rpg1p4um,4.65948056766,6.03083989622,6.176426648702622,251.6809113919346,5.759649809678368,4,chip_simple_dxm4p545_dym3p636__Lj12p0nH_Cj2p0fF__roL8p5mm__tee_fl160um_fc12_cg1p2um__rpg1p4um,4.67304431925,6.03199474143,6.125895672599793,247.8916504390452,5.756437524837708,0.21506557656888356,0.013563751589999562,0.0011548452100003104,0.05053097610282897,3.7892609528893786,0.0032122848406599402
NearestNeighbors,91,chip_simple_dxm3p636_dy1p818__Lj12p0nH_Cj2p0fF__roL8p5mm__tee_fl160um_fc12_cg1p2um__rpg1p4um,4.65948056766,6.03083989622,6.176426648702622,251.6809113919346,5.759649809678368,5,chip_simple_dxm3p636_dym2p727__Lj12p0nH_Cj2p0fF__roL8p5mm__tee_fl160um_fc12_cg1p2um__rpg1p4um,4.67568933524,6.05467155576,6.318260186975479,255.19867414634712,5.7406067779067245,0.29496196178578166,0.016208767580000227,0.023831659539999883,0.1418335382728575,3.51776275441253,0.019043031771643903
NearestNeighbors,91,chip_simple_dxm3p636_dy1p818__Lj12p0nH_Cj2p0fF__roL8p5mm__tee_fl160um_fc12_cg1p2um__rpg1p4um,4.65948056766,6.03083989622,6.176426648702622,251.6809113919346,5.759649809678368,6,chip_simple_dx6p364_dym8p182__Lj12p0nH_Cj2p0fF__roL8p5mm__tee_fl160um_fc12_cg1p2um__rpg1p4um,4.68289685799,6.03950968128,6.342246218194961,251.4677802258079,5.7350158185845,0.33208394890527637,0.023416290330000145,0.008669785060000379,0.16581956949233945,0.21313116612668637,0.02463399109386799
NearestNeighbors,91,chip_simple_dxm3p636_dy1p818__Lj12p0nH_Cj2p0fF__roL8p5mm__tee_fl160um_fc12_cg1p2um__rpg1p4um,4.65948056766,6.03083989622,6.176426648702622,251.6809113919346,5.759649809678368,7,chip_simple_dx4p545_dy6p364__Lj12p0nH_Cj2p0fF__roL8p5mm__tee_fl160um_fc12_cg1p2um__rpg1p4um,4.68114499951,6.0318748635,6.469165927145004,253.01853558838943,5.78555994133082,0.34246195766943205,0.021664431849999666,0.0010349672799998544,0.2927392784423821,1.3376241964548399,0.025910131652451263
NearestNeighbors,91,chip_simple_dxm3p636_dy1p818__Lj12p0nH_Cj2p0fF__roL8p5mm__tee_fl160um_fc12_cg1p2um__rpg1p4um,4.65948056766,6.03083989622,6.176426648702622,251.6809113919346,5.759649809678368,8,chip_simple_dx7p273_dym3p636__Lj12p0nH_Cj2p0fF__roL8p5mm__tee_fl160um_fc12_cg1p2um__rpg1p4um,4.65586186884,6.04211101025,6.308590197654723,257.18686837855205,5.818673028469142,0.34530506074148015,0.003618698820000432,0.011271114030000362,0.1321635489521018,5.505956986617463,0.05902321879077377
NearestNeighbors,91,chip_simple_dxm3p636_dy1p818__Lj12p0nH_Cj2p0fF__roL8p5mm__tee_fl160um_fc12_cg1p2um__rpg1p4um,4.65948056766,6.03083989622,6.176426648702622,251.6809113919346,5.759649809678368,9,chip_simple_dxm4p545_dy0p909__Lj12p0nH_Cj2p0fF__roL8p5mm__tee_fl160um_fc12_cg1p2um__rpg1p4um,4.66753639778,5.99187167802,6.510056455795287,249.924203814837,5.720749090470385,0.3577613661784329,0.008055830119999996,0.03896821819999996,0.33362980709266576,1.7567075770975862,0.03890071920798377
NearestNeighbors,91,chip_simple_dxm3p636_dy1p818__Lj12p0nH_Cj2p0fF__roL8p5mm__tee_fl160um_fc12_cg1p2um__rpg1p4um,4.65948056766,6.03083989622,6.176426648702622,251.6809113919346,5.759649809678368,10,chip_simple_dx3p636_dym1p818__Lj12p0nH_Cj2p0fF__roL8p5mm__tee_fl160um_fc12_cg1p2um__rpg1p4um,4.64263027066,6.04873906928,5.965470440525055,254.1147038644968,5.708747532691113,0.3607084675696287,0.016850297000000403,0.017899173059999995,0.21095620817756622,2.433792472562203,0.050902276987255135
NearestNeighbors,92,chip_simple_dxm3p636_dy10p000__Lj12p0nH_Cj2p0fF__roL8p5mm__tee_fl160um_fc12_cg1p2um__rpg1p4um,4.73815107358,6.05231853835,6.033662920442581,235.33044959964005,5.811514966384675,1,chip_simple_dx4p545_dym10p000__Lj12p0nH_Cj2p0fF__roL8p5mm__tee_fl160um_fc12_cg1p2um__rpg1p4um,4.74063988225,6.06861380015,5.884236363721847,234.4946741312744,5.822012514288446,0.13927358425455344,0.002488808669999898,0.01629526179999985,0.14942655672073446,0.8357754683656538,0.010497547903770332
NearestNeighbors,92,chip_simple_dxm3p636_dy10p000__Lj12p0nH_Cj2p0fF__roL8p5mm__tee_fl160um_fc12_cg1p2um__rpg1p4um,4.73815107358,6.05231853835,6.033662920442581,235.33044959964005,5.811514966384675,2,chip_simple_dx4p545_dym0p909__Lj12p0nH_Cj2p0fF__roL8p5mm__tee_fl160um_fc12_cg1p2um__rpg1p4um,4.7255365678,6.0505170878,6.107614511497498,239.2497887649095,5.805207767962136,0.2123032791418069,0.01261450578000023,0.0018014505499994726,0.07395159105491622,3.919339165269463,0.006307198422539351
NearestNeighbors,92,chip_simple_dxm3p636_dy10p000__Lj12p0nH_Cj2p0fF__roL8p5mm__tee_fl160um_fc12_cg1p2um__rpg1p4um,4.73815107358,6.05231853835,6.033662920442581,235.33044959964005,5.811514966384675,3,chip_simple_dx6p364_dy0p000__Lj12p0nH_Cj2p0fF__roL8p5mm__tee_fl160um_fc12_cg1p2um__rpg1p4um,4.72795173232,6.02599393944,6.214404765487671,236.6306190453716,5.800547756468861,0.22953026503242438,0.010199341259999883,0.026324598909999608,0.18074184504508928,1.300169445731541,0.010967209915814458
NearestNeighbors,92,chip_simple_dxm3p636_dy10p000__Lj12p0nH_Cj2p0fF__roL8p5mm__tee_fl160um_fc12_cg1p2um__rpg1p4um,4.73815107358,6.05231853835,6.033662920442581,235.33044959964005,5.811514966384675,4,chip_simple_dx3p636_dym0p909__Lj12p0nH_Cj2p0fF__roL8p5mm__tee_fl160um_fc12_cg1p2um__rpg1p4um,4.74682723468,6.06657591767,5.891095231824875,232.95693903075104,5.84385390194947,0.23026488583759377,0.008676161099999469,0.014257379320000041,0.14256768861770652,2.373510568889003,0.032338935564794724
NearestNeighbors,92,chip_simple_dxm3p636_dy10p000__Lj12p0nH_Cj2p0fF__roL8p5mm__tee_fl160um_fc12_cg1p2um__rpg1p4um,4.73815107358,6.05231853835,6.033662920442581,235.33044959964005,5.811514966384675,5,chip_simple_dx0p000_dy2p727__Lj12p0nH_Cj2p0fF__roL8p5mm__tee_fl160um_fc12_cg1p2um__rpg1p4um,4.73163640607,6.01912983001,6.151782347061157,233.4506181073812,5.795791516246615,0.233449104311406,0.006514667510000294,0.033188708339999984,0.11811942661857522,1.8798314922588588,0.015723450138060535
NearestNeighbors,92,chip_simple_dxm3p636_dy10p000__Lj12p0nH_Cj2p0fF__roL8p5mm__tee_fl160um_fc12_cg1p2um__rpg1p4um,4.73815107358,6.05231853835,6.033662920442581,235.33044959964005,5.811514966384675,6,chip_simple_dxm10p000_dym4p545__Lj12p0nH_Cj2p0fF__roL8p5mm__tee_fl160um_fc12_cg1p2um__rpg1p4um,4.72747685651,6.02391173404,6.181771411222457,235.80879165767425,5.79330242515557,0.2391640906321099,0.010674217070000047,0.028406804309999423,0.14810849077987598,0.47834205803420105,0.018212541229105206
NearestNeighbors,92,chip_simple_dxm3p636_dy10p000__Lj12p0nH_Cj2p0fF__roL8p5mm__tee_fl160um_fc12_cg1p2um__rpg1p4um,4.73815107358,6.05231853835,6.033662920442581,235.33044959964005,5.811514966384675,7,chip_simple_dx0p909_dy0p909__Lj12p0nH_Cj2p0fF__roL8p5mm__tee_fl160um_fc12_cg1p2um__rpg1p4um,4.74629473326,6.04239971887,5.894084815874099,229.19790488610408,5.810269347557483,0.24926012796377303,0.00814365967999997,0.009918819480000174,0.13957810456848208,6.132544713535964,0.0012456188271920965
NearestNeighbors,92,chip_simple_dxm3p636_dy10p000__Lj12p0nH_Cj2p0fF__roL8p5mm__tee_fl160um_fc12_cg1p2um__rpg1p4um,4.73815107358,6.05231853835,6.033662920442581,235.33044959964005,5.811514966384675,8,chip_simple_dxm2p727_dy9p091__Lj12p0nH_Cj2p0fF__roL8p5mm__tee_fl160um_fc12_cg1p2um__rpg1p4um,4.72354496119,6.06782180308,5.766568409368515,235.52036104141203,5.815573617333097,0.2530522662616914,0.014606112390000092,0.01550326473000041,0.2670945110740668,0.18991144177198294,0.004058650948421949
NearestNeighbors,92,chip_simple_dxm3p636_dy10p000__Lj12p0nH_Cj2p0fF__roL8p5mm__tee_fl160um_fc12_cg1p2um__rpg1p4um,4.73815107358,6.05231853835,6.033662920442581,235.33044959964005,5.811514966384675,9,chip_simple_dx5p455_dy8p182__Lj12p0nH_Cj2p0fF__roL8p5mm__tee_fl160um_fc12_cg1p2um__rpg1p4um,4.74855405086,6.03321750387,6.352321427940368,236.0766933371285,5.795288526783467,0.2582449032778205,0.010402977280000059,0.019101034479999335,0.318658507497787,0.7462437374884416,0.016226439601208398
NearestNeighbors,92,chip_simple_dxm3p636_dy10p000__Lj12p0nH_Cj2p0fF__roL8p5mm__tee_fl160um_fc12_cg1p2um__rpg1p4um,4.73815107358,6.05231853835,6.033662920442581,235.33044959964005,5.811514966384675,10,chip_simple_dxm5p455_dym1p818__Lj12p0nH_Cj2p0fF__roL8p5mm__tee_fl160um_fc12_cg1p2um__rpg1p4um,4.75999782134,6.06096972586,6.083840508966445,233.18069262989704,5.818607968498037,0.29085116732397326,0.02184674775999973,0.008651187509999936,0.050177588523864,2.1497569697430094,0.007093002113362168
NearestNeighbors,93,chip_simple_dxm2p727_dym8p182__Lj12p0nH_Cj2p0fF__roL8p5mm__tee_fl160um_fc12_cg1p2um__rpg1p4um,4.75792911556,6.08928538059,5.430974245897293,224.8860487804459,5.836762695096986,1,chip_simple_dx3p636_dy9p091__Lj12p0nH_Cj2p0fF__roL8p5mm__tee_fl160um_fc12_cg1p2um__rpg1p4um,4.75576570631,6.07168713414,5.601566335306168,226.12949018838373,5.825369051623113,0.15505790598437721,0.0021634092499995816,0.01759824644999952,0.17059208940887505,1.243441407937837,0.011393643473873283
NearestNeighbors,93,chip_simple_dxm2p727_dym8p182__Lj12p0nH_Cj2p0fF__roL8p5mm__tee_fl160um_fc12_cg1p2um__rpg1p4um,4.75792911556,6.08928538059,5.430974245897293,224.8860487804459,5.836762695096986,2,chip_simple_dx7p273_dy4p545__Lj12p0nH_Cj2p0fF__roL8p5mm__tee_fl160um_fc12_cg1p2um__rpg1p4um,4.76463364249,6.06778348676,5.540035029947281,222.43563515503288,5.83218068473875,0.1800432952403448,0.006704526930000121,0.021501893830000007,0.10906078404998798,2.450413625413006,0.004582010358236133
NearestNeighbors,93,chip_simple_dxm2p727_dym8p182__Lj12p0nH_Cj2p0fF__roL8p5mm__tee_fl160um_fc12_cg1p2um__rpg1p4um,4.75792911556,6.08928538059,5.430974245897293,224.8860487804459,5.836762695096986,3,chip_simple_dxm0p909_dy8p182__Lj12p0nH_Cj2p0fF__roL8p5mm__tee_fl160um_fc12_cg1p2um__rpg1p4um,4.76253327326,6.09281262101,5.302599734979629,221.8855650743731,5.804085218059851,0.2040257662465967,0.004604157700000222,0.0035272404200004104,0.12837451091766372,3.0004837060727994,0.03267747703713564
NearestNeighbors,93,chip_simple_dxm2p727_dym8p182__Lj12p0nH_Cj2p0fF__roL8p5mm__tee_fl160um_fc12_cg1p2um__rpg1p4um,4.75792911556,6.08928538059,5.430974245897293,224.8860487804459,5.836762695096986,4,chip_simple_dxm10p000_dym5p455__Lj12p0nH_Cj2p0fF__roL8p5mm__tee_fl160um_fc12_cg1p2um__rpg1p4um,4.74663028203,6.09244739086,5.497690521795272,229.06180088997965,5.833596212181217,0.20424811225778916,0.011298833529999719,0.003162010270000515,0.06671627589797957,4.175752109533761,0.0031664829157698193
NearestNeighbors,93,chip_simple_dxm2p727_dym8p182__Lj12p0nH_Cj2p0fF__roL8p5mm__tee_fl160um_fc12_cg1p2um__rpg1p4um,4.75792911556,6.08928538059,5.430974245897293,224.8860487804459,5.836762695096986,5,chip_simple_dx0p909_dym1p818__Lj12p0nH_Cj2p0fF__roL8p5mm__tee_fl160um_fc12_cg1p2um__rpg1p4um,4.74382125763,6.0716485122,5.499687352653504,226.4433546572846,5.834878033029041,0.2128855491132679,0.014107857930000023,0.01763686838999945,0.06871310675621167,1.5573058768387114,0.001884662067945797
NearestNeighbors,93,chip_simple_dxm2p727_dym8p182__Lj12p0nH_Cj2p0fF__roL8p5mm__tee_fl160um_fc12_cg1p2um__rpg1p4um,4.75792911556,6.08928538059,5.430974245897293,224.8860487804459,5.836762695096986,6,chip_simple_dx3p636_dy2p727__Lj12p0nH_Cj2p0fF__roL8p5mm__tee_fl160um_fc12_cg1p2um__rpg1p4um,4.7695153084,6.10276815564,5.564971743753433,227.5127877530553,5.861853039357804,0.23138939813755077,0.011586192840000287,0.013482775049999951,0.13399749785614024,2.6267389726094166,0.025090344260817687
NearestNeighbors,93,chip_simple_dxm2p727_dym8p182__Lj12p0nH_Cj2p0fF__roL8p5mm__tee_fl160um_fc12_cg1p2um__rpg1p4um,4.75792911556,6.08928538059,5.430974245897293,224.8860487804459,5.836762695096986,7,chip_simple_dx7p273_dym2p727__Lj12p0nH_Cj2p0fF__roL8p5mm__tee_fl160um_fc12_cg1p2um__rpg1p4um,4.75484668771,6.06921513477,5.718313435150146,228.27848180607165,5.844076080583877,0.23289248149340244,0.0030824278499999025,0.0200702458199995,0.2873391892528536,3.3924330256257633,0.007313385486890311
NearestNeighbors,93,chip_simple_dxm2p727_dym8p182__Lj12p0nH_Cj2p0fF__roL8p5mm__tee_fl160um_fc12_cg1p2um__rpg1p4um,4.75792911556,6.08928538059,5.430974245897293,224.8860487804459,5.836762695096986,8,chip_simple_dx8p182_dy3p636__Lj12p0nH_Cj2p0fF__roL8p5mm__tee_fl160um_fc12_cg1p2um__rpg1p4um,4.74833115983,6.10316137397,5.395294238792419,228.2050160306239,5.868324301832488,0.23310618692388002,0.009597955729999441,0.013875993380000118,0.03568000710487329,3.3189672501780194,0.03156160673550179
NearestNeighbors,93,chip_simple_dxm2p727_dym8p182__Lj12p0nH_Cj2p0fF__roL8p5mm__tee_fl160um_fc12_cg1p2um__rpg1p4um,4.75792911556,6.08928538059,5.430974245897293,224.8860487804459,5.836762695096986,9,chip_simple_dx2p727_dym8p182__Lj12p0nH_Cj2p0fF__roL8p5mm__tee_fl160um_fc12_cg1p2um__rpg1p4um,4.76605487334,6.062936783,5.504983878475189,220.70248592051564,5.824211585305177,0.23823960288592888,0.008125757780000242,0.02634859759000019,0.07400963257789606,4.183562859930248,0.012551109791809623
NearestNeighbors,93,chip_simple_dxm2p727_dym8p182__Lj12p0nH_Cj2p0fF__roL8p5mm__tee_fl160um_fc12_cg1p2um__rpg1p4um,4.75792911556,6.08928538059,5.430974245897293,224.8860487804459,5.836762695096986,10,chip_simple_dx0p909_dym7p273__Lj12p0nH_Cj2p0fF__roL8p5mm__tee_fl160um_fc12_cg1p2um__rpg1p4um,4.7614879753,6.08901350731,5.709311675077438,229.9700636116568,5.849530220387646,0.24312869311994115,0.003558859740000031,0.0002718732800000012,0.27833742918014526,5.084014831210908,0.012767525290659165
NearestNeighbors,94,chip_simple_dxm2p727_dym5p455__Lj12p0nH_Cj2p0fF__roL8p5mm__tee_fl160um_fc12_cg1p2um__rpg1p4um,4.76150653148,6.0438906881,5.615447397510528,220.81109276355625,5.795859860949257,1,chip_simple_dxm2p727_dym3p636__Lj12p0nH_Cj2p0fF__roL8p5mm__tee_fl160um_fc12_cg1p2um__rpg1p4um,4.76214497172,6.03479088527,5.587802219089507,218.7280150264405,5.793013457094686,0.08912446812667052,0.0006384402399994826,0.00909980283000067,0.027645178421020766,2.083077737115758,0.0028464038545710224
NearestNeighbors,94,chip_simple_dxm2p727_dym5p455__Lj12p0nH_Cj2p0fF__roL8p5mm__tee_fl160um_fc12_cg1p2um__rpg1p4um,4.76150653148,6.0438906881,5.615447397510528,220.81109276355625,5.795859860949257,2,chip_simple_dx2p727_dym8p182__Lj12p0nH_Cj2p0fF__roL8p5mm__tee_fl160um_fc12_cg1p2um__rpg1p4um,4.76605487334,6.062936783,5.504983878475189,220.70248592051564,5.824211585305177,0.18802572659516195,0.004548341859999638,0.01904609489999931,0.11046351903533935,0.10860684304060442,0.028351724355919927
NearestNeighbors,94,chip_simple_dxm2p727_dym5p455__Lj12p0nH_Cj2p0fF__roL8p5mm__tee_fl160um_fc12_cg1p2um__rpg1p4um,4.76150653148,6.0438906881,5.615447397510528,220.81109276355625,5.795859860949257,3,chip_simple_dx7p273_dy4p545__Lj12p0nH_Cj2p0fF__roL8p5mm__tee_fl160um_fc12_cg1p2um__rpg1p4um,4.76463364249,6.06778348676,5.540035029947281,222.43563515503288,5.83218068473875,0.22775340358167911,0.003127111009999517,0.023892798659999492,0.07541236756324743,1.6245423914766377,0.03632082378949342
NearestNeighbors,94,chip_simple_dxm2p727_dym5p455__Lj12p0nH_Cj2p0fF__roL8p5mm__tee_fl160um_fc12_cg1p2um__rpg1p4um,4.76150653148,6.0438906881,5.615447397510528,220.81109276355625,5.795859860949257,4,chip_simple_dx8p182_dym7p273__Lj12p0nH_Cj2p0fF__roL8p5mm__tee_fl160um_fc12_cg1p2um__rpg1p4um,4.75453402814,6.05826619394,5.752804228256226,227.26530590646345,5.792570418204838,0.25936706857712416,0.006972503340000102,0.01437550583999947,0.1373568307456976,6.454213142907207,0.003289442744418558
NearestNeighbors,94,chip_simple_dxm2p727_dym5p455__Lj12p0nH_Cj2p0fF__roL8p5mm__tee_fl160um_fc12_cg1p2um__rpg1p4um,4.76150653148,6.0438906881,5.615447397510528,220.81109276355625,5.795859860949257,5,chip_simple_dxm7p273_dy4p545__Lj12p0nH_Cj2p0fF__roL8p5mm__tee_fl160um_fc12_cg1p2um__rpg1p4um,4.74478453553,6.05547649219,5.373042161886215,221.0804417671074,5.791354520716529,0.25947379418966765,0.016721995950000235,0.011585804090000096,0.2424052356243127,0.2693490035511559,0.004505340232728194
NearestNeighbors,94,chip_simple_dxm2p727_dym5p455__Lj12p0nH_Cj2p0fF__roL8p5mm__tee_fl160um_fc12_cg1p2um__rpg1p4um,4.76150653148,6.0438906881,5.615447397510528,220.81109276355625,5.795859860949257,6,chip_simple_dx7p273_dy9p091__Lj12p0nH_Cj2p0fF__roL8p5mm__tee_fl160um_fc12_cg1p2um__rpg1p4um,4.77325080353,6.03297215026,5.541249745204925,215.22790751327605,5.779259447895125,0.2610692502950559,0.011744272049999616,0.010918537840000297,0.07419765230560316,5.583185250280195,0.016600413054131735
NearestNeighbors,94,chip_simple_dxm2p727_dym5p455__Lj12p0nH_Cj2p0fF__roL8p5mm__tee_fl160um_fc12_cg1p2um__rpg1p4um,4.76150653148,6.0438906881,5.615447397510528,220.81109276355625,5.795859860949257,7,chip_simple_dxm8p182_dym2p727__Lj12p0nH_Cj2p0fF__roL8p5mm__tee_fl160um_fc12_cg1p2um__rpg1p4um,4.74763898771,6.06492901197,5.550595968381882,225.6424239894449,5.805846601859689,0.27167885686406384,0.01386754376999999,0.021038323870000042,0.06485142912864639,4.831331225888647,0.009986740910432168
NearestNeighbors,94,chip_simple_dxm2p727_dym5p455__Lj12p0nH_Cj2p0fF__roL8p5mm__tee_fl160um_fc12_cg1p2um__rpg1p4um,4.76150653148,6.0438906881,5.615447397510528,220.81109276355625,5.795859860949257,8,chip_simple_dx0p000_dym1p818__Lj12p0nH_Cj2p0fF__roL8p5mm__tee_fl160um_fc12_cg1p2um__rpg1p4um,4.77800352664,6.03900127346,5.563499463333129,215.7146221661486,5.782618175352404,0.2783505800830391,0.016496995159999805,0.004889414640000034,0.051947934177398736,5.096470597407659,0.013241685596852903
NearestNeighbors,94,chip_simple_dxm2p727_dym5p455__Lj12p0nH_Cj2p0fF__roL8p5mm__tee_fl160um_fc12_cg1p2um__rpg1p4um,4.76150653148,6.0438906881,5.615447397510528,220.81109276355625,5.795859860949257,9,chip_simple_dxm0p909_dy3p636__Lj12p0nH_Cj2p0fF__roL8p5mm__tee_fl160um_fc12_cg1p2um__rpg1p4um,4.76708578143,6.05717494548,5.881207033082962,226.96865796527132,5.785083974701875,0.2792089135698422,0.005579249949999365,0.013284257379999609,0.26575963557243387,6.157565201715073,0.010775886247381905
NearestNeighbors,94,chip_simple_dxm2p727_dym5p455__Lj12p0nH_Cj2p0fF__roL8p5mm__tee_fl160um_fc12_cg1p2um__rpg1p4um,4.76150653148,6.0438906881,5.615447397510528,220.81109276355625,5.795859860949257,10,chip_simple_dx3p636_dy9p091__Lj12p0nH_Cj2p0fF__roL8p5mm__tee_fl160um_fc12_cg1p2um__rpg1p4um,4.75576570631,6.07168713414,5.601566335306168,226.12949018838373,5.825369051623113,0.281998262885871,0.0057408251700001856,0.027796446039999978,0.013881062204360362,5.318397424827481,0.029509190673856267
NearestNeighbors,95,chip_simple_dxm2p727_dy5p455__Lj12p0nH_Cj2p0fF__roL8p5mm__tee_fl160um_fc12_cg1p2um__rpg1p4um,4.69743144278,5.95177627861,6.58547302658081,237.55915169859625,5.688443329457153,1,chip_simple_dx9p091_dy10p000__Lj12p0nH_Cj2p0fF__roL8p5mm__tee_fl160um_fc12_cg1p2um__rpg1p4um,4.69926836053,5.96788032666,6.480939449926376,237.9698333652788,5.70456835918075,0.13310177681845495,0.0018369177499995004,0.016104048049999875,0.10453357665443352,0.41068166668253525,0.016125029723597528
NearestNeighbors,95,chip_simple_dxm2p727_dy5p455__Lj12p0nH_Cj2p0fF__roL8p5mm__tee_fl160um_fc12_cg1p2um__rpg1p4um,4.69743144278,5.95177627861,6.58547302658081,237.55915169859625,5.688443329457153,2,chip_simple_dx9p091_dym0p909__Lj12p0nH_Cj2p0fF__roL8p5mm__tee_fl160um_fc12_cg1p2um__rpg1p4um,4.69833241253,5.9700084278,6.424561027713775,237.54943824235883,5.679426145956277,0.14267270835215617,0.0009009697499999803,0.018232149190000158,0.1609119988670349,0.009713456237420814,0.00901718350087588
NearestNeighbors,95,chip_simple_dxm2p727_dy5p455__Lj12p0nH_Cj2p0fF__roL8p5mm__tee_fl160um_fc12_cg1p2um__rpg1p4um,4.69743144278,5.95177627861,6.58547302658081,237.55915169859625,5.688443329457153,3,chip_simple_dxm0p909_dym3p636__Lj12p0nH_Cj2p0fF__roL8p5mm__tee_fl160um_fc12_cg1p2um__rpg1p4um,4.69601117989,5.93903014075,6.353685933414459,231.5134236977928,5.684249526032748,0.25292139960768245,0.001420262889999968,0.012746137859999784,0.23178709316635082,6.04572800080345,0.00419380342440423
NearestNeighbors,95,chip_simple_dxm2p727_dy5p455__Lj12p0nH_Cj2p0fF__roL8p5mm__tee_fl160um_fc12_cg1p2um__rpg1p4um,4.69743144278,5.95177627861,6.58547302658081,237.55915169859625,5.688443329457153,4,chip_simple_dx3p636_dy0p000__Lj12p0nH_Cj2p0fF__roL8p5mm__tee_fl160um_fc12_cg1p2um__rpg1p4um,4.70882035794,5.9422654803,6.4021899407176965,229.9937839696689,5.689626408771035,0.31380984267308804,0.011388915159999513,0.009510798310000013,0.18328308586311337,7.565367728927356,0.001183079313882729
NearestNeighbors,95,chip_simple_dxm2p727_dy5p455__Lj12p0nH_Cj2p0fF__roL8p5mm__tee_fl160um_fc12_cg1p2um__rpg1p4um,4.69743144278,5.95177627861,6.58547302658081,237.55915169859625,5.688443329457153,5,chip_simple_dx5p455_dy0p909__Lj12p0nH_Cj2p0fF__roL8p5mm__tee_fl160um_fc12_cg1p2um__rpg1p4um,4.6845086068,5.95404649239,6.827135555116653,245.27673673400903,5.696349405850168,0.33684967461949167,0.012922835980000436,0.002270213780000141,0.24166252853584336,7.717585035412782,0.00790607639301566
NearestNeighbors,95,chip_simple_dxm2p727_dy5p455__Lj12p0nH_Cj2p0fF__roL8p5mm__tee_fl160um_fc12_cg1p2um__rpg1p4um,4.69743144278,5.95177627861,6.58547302658081,237.55915169859625,5.688443329457153,6,chip_simple_dx6p364_dym4p545__Lj12p0nH_Cj2p0fF__roL8p5mm__tee_fl160um_fc12_cg1p2um__rpg1p4um,4.70542995999,5.98920452189,6.345821467342376,237.78954520480733,5.738142979039027,0.35201293248916027,0.007998517209999889,0.03742824327999994,0.23965155923843362,0.23039350621107246,0.049699649581874006
NearestNeighbors,95,chip_simple_dxm2p727_dy5p455__Lj12p0nH_Cj2p0fF__roL8p5mm__tee_fl160um_fc12_cg1p2um__rpg1p4um,4.69743144278,5.95177627861,6.58547302658081,237.55915169859625,5.688443329457153,7,chip_simple_dxm3p636_dym3p636__Lj12p0nH_Cj2p0fF__roL8p5mm__tee_fl160um_fc12_cg1p2um__rpg1p4um,4.68717781389,5.97834346452,6.698308181764602,246.63062343353235,5.688222825454348,0.36789768873627154,0.010253628890000144,0.02656718591000029,0.1128351551837925,9.071471734936097,0.00022050400280448912
NearestNeighbors,95,chip_simple_dxm2p727_dy5p455__Lj12p0nH_Cj2p0fF__roL8p5mm__tee_fl160um_fc12_cg1p2um__rpg1p4um,4.69743144278,5.95177627861,6.58547302658081,237.55915169859625,5.688443329457153,8,chip_simple_dx0p000_dy3p636__Lj12p0nH_Cj2p0fF__roL8p5mm__tee_fl160um_fc12_cg1p2um__rpg1p4um,4.70597831203,5.97410979195,6.13302826451683,230.9917126460824,5.688203723513988,0.37473779117949124,0.008546869249999922,0.022333513340000444,0.45244476206397977,6.567439052513862,0.00023960594316463357
NearestNeighbors,95,chip_simple_dxm2p727_dy5p455__Lj12p0nH_Cj2p0fF__roL8p5mm__tee_fl160um_fc12_cg1p2um__rpg1p4um,4.69743144278,5.95177627861,6.58547302658081,237.55915169859625,5.688443329457153,9,chip_simple_dxm8p182_dy8p182__Lj12p0nH_Cj2p0fF__roL8p5mm__tee_fl160um_fc12_cg1p2um__rpg1p4um,4.69817066512,6.00885580001,6.295239226005554,241.8291948786944,5.700576278405732,0.38930510181305045,0.000739222340000012,0.05707952140000039,0.2902338005752556,4.270043180098156,0.012132948948579525
NearestNeighbors,95,chip_simple_dxm2p727_dy5p455__Lj12p0nH_Cj2p0fF__roL8p5mm__tee_fl160um_fc12_cg1p2um__rpg1p4um,4.69743144278,5.95177627861,6.58547302658081,237.55915169859625,5.688443329457153,10,chip_simple_dx9p091_dy9p091__Lj12p0nH_Cj2p0fF__roL8p5mm__tee_fl160um_fc12_cg1p2um__rpg1p4um,4.71043253304,6.00858502332,6.520098717010498,243.3943878228609,5.702711731566599,0.41337598881436405,0.013001090259999515,0.056808744710000525,0.06537430957031187,5.83523612426464,0.014268402109446576
NearestNeighbors,96,chip_simple_dxm2p727_dy6p364__Lj12p0nH_Cj2p0fF__roL8p5mm__tee_fl160um_fc12_cg1p2um__rpg1p4um,4.65832113829,5.97027326234,6.963625674341201,256.8590426189228,5.683821567758439,1,chip_simple_dxm2p727_dy7p273__Lj12p0nH_Cj2p0fF__roL8p5mm__tee_fl160um_fc12_cg1p2um__rpg1p4um,4.64565792942,5.94593779992,6.813675192602157,252.5467836425057,5.640825470466488,0.33278675288058923,0.012663208869999387,0.024335462419999843,0.1499504817390438,4.312258976417098,0.042996097291950974
NearestNeighbors,96,chip_simple_dxm2p727_dy6p364__Lj12p0nH_Cj2p0fF__roL8p5mm__tee_fl160um_fc12_cg1p2um__rpg1p4um,4.65832113829,5.97027326234,6.963625674341201,256.8590426189228,5.683821567758439,2,chip_simple_dxm4p545_dy0p909__Lj12p0nH_Cj2p0fF__roL8p5mm__tee_fl160um_fc12_cg1p2um__rpg1p4um,4.66753639778,5.99187167802,6.510056455795287,249.924203814837,5.720749090470385,0.41950464830491085,0.00921525949000035,0.02159841567999976,0.4535692185459137,6.934838804085786,0.036927522711945215
NearestNeighbors,96,chip_simple_dxm2p727_dy6p364__Lj12p0nH_Cj2p0fF__roL8p5mm__tee_fl160um_fc12_cg1p2um__rpg1p4um,4.65832113829,5.97027326234,6.963625674341201,256.8590426189228,5.683821567758439,3,chip_simple_dx1p818_dym4p545__Lj12p0nH_Cj2p0fF__roL8p5mm__tee_fl160um_fc12_cg1p2um__rpg1p4um,4.67611044409,6.03156277056,6.628282534339904,257.2605786746093,5.725714977797822,0.48914676061367096,0.017789305800000044,0.06128950821999979,0.3353431400012967,0.4015360556865062,0.04189341003938285
NearestNeighbors,96,chip_simple_dxm2p727_dy6p364__Lj12p0nH_Cj2p0fF__roL8p5mm__tee_fl160um_fc12_cg1p2um__rpg1p4um,4.65832113829,5.97027326234,6.963625674341201,256.8590426189228,5.683821567758439,4,chip_simple_dxm3p636_dym3p636__Lj12p0nH_Cj2p0fF__roL8p5mm__tee_fl160um_fc12_cg1p2um__rpg1p4um,4.68717781389,5.97834346452,6.698308181764602,246.63062343353235,5.688222825454348,0.5233909509020408,0.02885667560000016,0.008070202179999875,0.26531749257659865,10.228419185390436,0.004401257695908711
NearestNeighbors,96,chip_simple_dxm2p727_dy6p364__Lj12p0nH_Cj2p0fF__roL8p5mm__tee_fl160um_fc12_cg1p2um__rpg1p4um,4.65832113829,5.97027326234,6.963625674341201,256.8590426189228,5.683821567758439,5,chip_simple_dx5p455_dy0p909__Lj12p0nH_Cj2p0fF__roL8p5mm__tee_fl160um_fc12_cg1p2um__rpg1p4um,4.6845086068,5.95404649239,6.827135555116653,245.27673673400903,5.696349405850168,0.5260993689749844,0.026187468509999867,0.016226769950000275,0.1364901192245478,11.582305884913751,0.01252783809172886
NearestNeighbors,96,chip_simple_dxm2p727_dy6p364__Lj12p0nH_Cj2p0fF__roL8p5mm__tee_fl160um_fc12_cg1p2um__rpg1p4um,4.65832113829,5.97027326234,6.963625674341201,256.8590426189228,5.683821567758439,6,chip_simple_dxm10p000_dy3p636__Lj12p0nH_Cj2p0fF__roL8p5mm__tee_fl160um_fc12_cg1p2um__rpg1p4um,4.6418768344,5.98369428669,6.249091382169723,249.1251595778436,5.676013980362334,0.5277447197894352,0.016444303890000178,0.013421024349999477,0.7145342921714777,7.733883041079196,0.007807587396105653
NearestNeighbors,96,chip_simple_dxm2p727_dy6p364__Lj12p0nH_Cj2p0fF__roL8p5mm__tee_fl160um_fc12_cg1p2um__rpg1p4um,4.65832113829,5.97027326234,6.963625674341201,256.8590426189228,5.683821567758439,7,chip_simple_dx2p727_dy9p091__Lj12p0nH_Cj2p0fF__roL8p5mm__tee_fl160um_fc12_cg1p2um__rpg1p4um,4.66405896257,5.9877620988,6.321251501457214,246.19094484973783,5.715712771067524,0.5432380057185943,0.005737824280000581,0.0174888364600001,0.6423741728839873,10.668097769184953,0.031891203309085014
NearestNeighbors,96,chip_simple_dxm2p727_dy6p364__Lj12p0nH_Cj2p0fF__roL8p5mm__tee_fl160um_fc12_cg1p2um__rpg1p4um,4.65832113829,5.97027326234,6.963625674341201,256.8590426189228,5.683821567758439,8,chip_simple_dxm10p000_dym1p818__Lj12p0nH_Cj2p0fF__roL8p5mm__tee_fl160um_fc12_cg1p2um__rpg1p4um,4.65858122614,6.01234045492,6.319054457366943,251.70355065904783,5.749348826520186,0.5540627824625384,0.00026008785000009027,0.042067192580000246,0.6445712169742581,5.155491959874951,0.06552725876174659
NearestNeighbors,96,chip_simple_dxm2p727_dy6p364__Lj12p0nH_Cj2p0fF__roL8p5mm__tee_fl160um_fc12_cg1p2um__rpg1p4um,4.65832113829,5.97027326234,6.963625674341201,256.8590426189228,5.683821567758439,9,chip_simple_dx6p364_dy8p182__Lj12p0nH_Cj2p0fF__roL8p5mm__tee_fl160um_fc12_cg1p2um__rpg1p4um,4.68815638567,6.01539640302,6.651202537282943,252.1465005767916,5.735438248599257,0.5617886205228166,0.029835247380000318,0.04512314067999945,0.31242313705825797,4.71254204213119,0.05161668084081761
NearestNeighbors,96,chip_simple_dxm2p727_dy6p364__Lj12p0nH_Cj2p0fF__roL8p5mm__tee_fl160um_fc12_cg1p2um__rpg1p4um,4.65832113829,5.97027326234,6.963625674341201,256.8590426189228,5.683821567758439,10,chip_simple_dxm5p455_dy0p000__Lj12p0nH_Cj2p0fF__roL8p5mm__tee_fl160um_fc12_cg1p2um__rpg1p4um,4.65565922761,5.90826363148,7.568158031253814,256.87142805930426,5.620050825837231,0.5673801706087348,0.0026619106799996572,0.06200963086000044,0.6045323569126131,0.01238544038147893,0.0637707419212088
NearestNeighbors,97,chip_simple_dxm1p818_dym3p636__Lj12p0nH_Cj2p0fF__roL8p5mm__tee_fl160um_fc12_cg1p2um__rpg1p4um,4.75565613885,6.15842245489,5.839258372745514,245.1008754910855,5.917462910914268,1,chip_simple_dxm7p273_dym4p545__Lj12p0nH_Cj2p0fF__roL8p5mm__tee_fl160um_fc12_cg1p2um__rpg1p4um,4.76380015433,6.14550226789,5.776891046072006,239.9698081278679,5.934439901039121,0.22944988497714675,0.0081440154800001,0.01292018699999975,0.06236732667350786,5.131067363217596,0.016976990124852875
NearestNeighbors,97,chip_simple_dxm1p818_dym3p636__Lj12p0nH_Cj2p0fF__roL8p5mm__tee_fl160um_fc12_cg1p2um__rpg1p4um,4.75565613885,6.15842245489,5.839258372745514,245.1008754910855,5.917462910914268,2,chip_simple_dxm5p455_dym2p727__Lj12p0nH_Cj2p0fF__roL8p5mm__tee_fl160um_fc12_cg1p2um__rpg1p4um,4.74191288272,6.16037786476,5.586993185428619,242.8607467730461,5.939829633011445,0.2573514115397733,0.013743256129999715,0.001955409869999869,0.25226518731689485,2.240128718039415,0.022366722097176606
NearestNeighbors,97,chip_simple_dxm1p818_dym3p636__Lj12p0nH_Cj2p0fF__roL8p5mm__tee_fl160um_fc12_cg1p2um__rpg1p4um,4.75565613885,6.15842245489,5.839258372745514,245.1008754910855,5.917462910914268,3,chip_simple_dx0p909_dym2p727__Lj12p0nH_Cj2p0fF__roL8p5mm__tee_fl160um_fc12_cg1p2um__rpg1p4um,4.73288476866,6.15144010433,5.802761653125763,248.0066040101604,5.946582947290083,0.3332417861248554,0.022771370190000084,0.0069823505600004054,0.036496719619750984,2.9057285190748985,0.02912003637581506
NearestNeighbors,97,chip_simple_dxm1p818_dym3p636__Lj12p0nH_Cj2p0fF__roL8p5mm__tee_fl160um_fc12_cg1p2um__rpg1p4um,4.75565613885,6.15842245489,5.839258372745514,245.1008754910855,5.917462910914268,4,chip_simple_dx9p091_dym2p727__Lj12p0nH_Cj2p0fF__roL8p5mm__tee_fl160um_fc12_cg1p2um__rpg1p4um,4.75421160279,6.18453840176,5.473107182682037,241.5748597938345,5.95940112810006,0.3391997713731443,0.0014445360600001678,0.026115946870000073,0.3661511900634764,3.5260156972510117,0.04193821718579205
NearestNeighbors,97,chip_simple_dxm1p818_dym3p636__Lj12p0nH_Cj2p0fF__roL8p5mm__tee_fl160um_fc12_cg1p2um__rpg1p4um,4.75565613885,6.15842245489,5.839258372745514,245.1008754910855,5.917462910914268,5,chip_simple_dxm9p091_dy8p182__Lj12p0nH_Cj2p0fF__roL8p5mm__tee_fl160um_fc12_cg1p2um__rpg1p4um,4.73445099138,6.15478155079,5.603587422172546,243.7500148862952,5.951852940269059,0.34035698091099464,0.021205147469999908,0.003640904100000064,0.23567095057296772,1.350860604790313,0.03439002935479074
NearestNeighbors,97,chip_simple_dxm1p818_dym3p636__Lj12p0nH_Cj2p0fF__roL8p5mm__tee_fl160um_fc12_cg1p2um__rpg1p4um,4.75565613885,6.15842245489,5.839258372745514,245.1008754910855,5.917462910914268,6,chip_simple_dx0p909_dym9p091__Lj12p0nH_Cj2p0fF__roL8p5mm__tee_fl160um_fc12_cg1p2um__rpg1p4um,4.73292662921,6.13968220021,5.629279759424209,242.34971323214788,5.904117804172508,0.34430940709431795,0.022729509640000423,0.018740254679999957,0.2099786133213044,2.751162258937626,0.013345106741759594
NearestNeighbors,97,chip_simple_dxm1p818_dym3p636__Lj12p0nH_Cj2p0fF__roL8p5mm__tee_fl160um_fc12_cg1p2um__rpg1p4um,4.75565613885,6.15842245489,5.839258372745514,245.1008754910855,5.917462910914268,7,chip_simple_dx8p182_dy2p727__Lj12p0nH_Cj2p0fF__roL8p5mm__tee_fl160um_fc12_cg1p2um__rpg1p4um,4.74852684297,6.13036381413,5.567534519544601,236.22808127869936,5.910382801372927,0.3816921504154624,0.007129295880000441,0.02805864076000031,0.2717238532009123,8.87279421238614,0.00708010954134064
NearestNeighbors,97,chip_simple_dxm1p818_dym3p636__Lj12p0nH_Cj2p0fF__roL8p5mm__tee_fl160um_fc12_cg1p2um__rpg1p4um,4.75565613885,6.15842245489,5.839258372745514,245.1008754910855,5.917462910914268,8,chip_simple_dx2p727_dy0p909__Lj12p0nH_Cj2p0fF__roL8p5mm__tee_fl160um_fc12_cg1p2um__rpg1p4um,4.74298606075,6.14557563555,5.577913346075058,240.00739016593903,5.859609361630187,0.3897598966280376,0.012670078100000204,0.012846819339999982,0.26134502667045556,5.0934853251464745,0.05785354928408104
NearestNeighbors,97,chip_simple_dxm1p818_dym3p636__Lj12p0nH_Cj2p0fF__roL8p5mm__tee_fl160um_fc12_cg1p2um__rpg1p4um,4.75565613885,6.15842245489,5.839258372745514,245.1008754910855,5.917462910914268,9,chip_simple_dxm2p727_dy4p545__Lj12p0nH_Cj2p0fF__roL8p5mm__tee_fl160um_fc12_cg1p2um__rpg1p4um,4.75153648539,6.12686754084,5.701167658432007,237.858845654832,5.866682937277906,0.39139846177247184,0.0041196534600000945,0.031554914049999994,0.13809071431350706,7.242029836253494,0.05077997363636211
NearestNeighbors,97,chip_simple_dxm1p818_dym3p636__Lj12p0nH_Cj2p0fF__roL8p5mm__tee_fl160um_fc12_cg1p2um__rpg1p4um,4.75565613885,6.15842245489,5.839258372745514,245.1008754910855,5.917462910914268,10,chip_simple_dxm2p727_dy0p909__Lj12p0nH_Cj2p0fF__roL8p5mm__tee_fl160um_fc12_cg1p2um__rpg1p4um,4.73845369417,6.16039546172,5.41090745403862,239.617009903282,5.951034616643697,0.4031255723485996,0.01720244467999965,0.0019730068300001236,0.4283509187068937,5.483865587803507,0.03357170572942891
NearestNeighbors,98,chip_simple_dxm1p818_dym1p818__Lj12p0nH_Cj2p0fF__roL8p5mm__tee_fl160um_fc12_cg1p2um__rpg1p4um,4.73721367161,6.13567698727,5.951634760875701,247.7004995876065,5.9295256555453815,1,chip_simple_dx0p909_dym2p727__Lj12p0nH_Cj2p0fF__roL8p5mm__tee_fl160um_fc12_cg1p2um__rpg1p4um,4.73288476866,6.15144010433,5.802761653125763,248.0066040101604,5.946582947290083,0.1546706038261779,0.004328902950000213,0.015763117059999665,0.14887310774993878,0.3061044225539149,0.017057291744701608
NearestNeighbors,98,chip_simple_dxm1p818_dym1p818__Lj12p0nH_Cj2p0fF__roL8p5mm__tee_fl160um_fc12_cg1p2um__rpg1p4um,4.73721367161,6.13567698727,5.951634760875701,247.7004995876065,5.9295256555453815,2,chip_simple_dxm1p818_dy0p000__Lj12p0nH_Cj2p0fF__roL8p5mm__tee_fl160um_fc12_cg1p2um__rpg1p4um,4.72085109882,6.13674306549,5.771197805171966,247.53443243124363,5.9292022682777255,0.2292457790964737,0.016362572790000307,0.001066078220000044,0.18043695570373508,0.16606715636285685,0.0003233872676560168
NearestNeighbors,98,chip_simple_dxm1p818_dym1p818__Lj12p0nH_Cj2p0fF__roL8p5mm__tee_fl160um_fc12_cg1p2um__rpg1p4um,4.73721367161,6.13567698727,5.951634760875701,247.7004995876065,5.9295256555453815,3,chip_simple_dx8p182_dy9p091__Lj12p0nH_Cj2p0fF__roL8p5mm__tee_fl160um_fc12_cg1p2um__rpg1p4um,4.72158254912,6.12778684598,5.69784814260292,244.34494700729925,5.923186679041649,0.2726895722327354,0.015631122490000315,0.007890141289999875,0.25378661827278126,3.355552580307233,0.006338976503732496
NearestNeighbors,98,chip_simple_dxm1p818_dym1p818__Lj12p0nH_Cj2p0fF__roL8p5mm__tee_fl160um_fc12_cg1p2um__rpg1p4um,4.73721367161,6.13567698727,5.951634760875701,247.7004995876065,5.9295256555453815,4,chip_simple_dxm2p727_dym7p273__Lj12p0nH_Cj2p0fF__roL8p5mm__tee_fl160um_fc12_cg1p2um__rpg1p4um,4.7222040576,6.12237034652,5.983692367204666,249.3544121969452,5.891422873734137,0.27392352903893713,0.015009614010000227,0.013306640749999765,0.032057606328964816,1.653912609338704,0.03810278181124449
NearestNeighbors,98,chip_simple_dxm1p818_dym1p818__Lj12p0nH_Cj2p0fF__roL8p5mm__tee_fl160um_fc12_cg1p2um__rpg1p4um,4.73721367161,6.13567698727,5.951634760875701,247.7004995876065,5.9295256555453815,5,chip_simple_dx0p000_dy0p000__Lj12p0nH_Cj2p0fF__roL8p5mm__tee_fl160um_fc12_cg1p2um__rpg1p4um,4.73427745419,6.0988951142,5.960086310180664,242.41626861962845,5.922689635063685,0.27544376802941545,0.0029362174200002755,0.036781873069999804,0.008451549304962391,5.284230967978033,0.006836020481696181
NearestNeighbors,98,chip_simple_dxm1p818_dym1p818__Lj12p0nH_Cj2p0fF__roL8p5mm__tee_fl160um_fc12_cg1p2um__rpg1p4um,4.73721367161,6.13567698727,5.951634760875701,247.7004995876065,5.9295256555453815,6,chip_simple_dxm5p455_dy8p182__Lj12p0nH_Cj2p0fF__roL8p5mm__tee_fl160um_fc12_cg1p2um__rpg1p4um,4.73624038147,6.10517374819,5.883827769510269,241.3915804124541,5.9183738212690695,0.2793173610231841,0.0009732901400001381,0.030503239079999744,0.06780699136543245,6.308919175152397,0.011151834276311945
NearestNeighbors,98,chip_simple_dxm1p818_dym1p818__Lj12p0nH_Cj2p0fF__roL8p5mm__tee_fl160um_fc12_cg1p2um__rpg1p4um,4.73721367161,6.13567698727,5.951634760875701,247.7004995876065,5.9295256555453815,7,chip_simple_dxm9p091_dy8p182__Lj12p0nH_Cj2p0fF__roL8p5mm__tee_fl160um_fc12_cg1p2um__rpg1p4um,4.73445099138,6.15478155079,5.603587422172546,243.7500148862952,5.951852940269059,0.2810467756228933,0.0027626802300000364,0.019104563520000006,0.3480473387031555,3.9504847013112965,0.022327284723677288
NearestNeighbors,98,chip_simple_dxm1p818_dym1p818__Lj12p0nH_Cj2p0fF__roL8p5mm__tee_fl160um_fc12_cg1p2um__rpg1p4um,4.73721367161,6.13567698727,5.951634760875701,247.7004995876065,5.9295256555453815,8,chip_simple_dx0p909_dym9p091__Lj12p0nH_Cj2p0fF__roL8p5mm__tee_fl160um_fc12_cg1p2um__rpg1p4um,4.73292662921,6.13968220021,5.629279759424209,242.34971323214788,5.904117804172508,0.2866968935519233,0.004287042400000551,0.0040052129400001135,0.3223550014514922,5.3507863554586095,0.025407851372873047
NearestNeighbors,98,chip_simple_dxm1p818_dym1p818__Lj12p0nH_Cj2p0fF__roL8p5mm__tee_fl160um_fc12_cg1p2um__rpg1p4um,4.73721367161,6.13567698727,5.951634760875701,247.7004995876065,5.9295256555453815,9,chip_simple_dxm4p545_dy4p545__Lj12p0nH_Cj2p0fF__roL8p5mm__tee_fl160um_fc12_cg1p2um__rpg1p4um,4.71642795927,6.13578113095,5.930907612184524,251.74673425045364,5.924740428666518,0.2952329350063595,0.020785712340000373,0.00010414367999977969,0.020727148691177533,4.046234662847155,0.004785226878863291
NearestNeighbors,98,chip_simple_dxm1p818_dym1p818__Lj12p0nH_Cj2p0fF__roL8p5mm__tee_fl160um_fc12_cg1p2um__rpg1p4um,4.73721367161,6.13567698727,5.951634760875701,247.7004995876065,5.9295256555453815,10,chip_simple_dxm5p455_dym2p727__Lj12p0nH_Cj2p0fF__roL8p5mm__tee_fl160um_fc12_cg1p2um__rpg1p4um,4.74191288272,6.16037786476,5.586993185428619,242.8607467730461,5.939829633011445,0.30521821348452144,0.0046992111100001566,0.02470087748999994,0.36464157544708264,4.8397528145603985,0.010303977466063152
NearestNeighbors,99,chip_simple_dxm1p818_dy1p818__Lj12p0nH_Cj2p0fF__roL8p5mm__tee_fl160um_fc12_cg1p2um__rpg1p4um,4.71658813345,5.98678880657,6.365563063159942,235.3370986289206,5.714595461499598,1,chip_simple_dxm1p818_dym10p000__Lj12p0nH_Cj2p0fF__roL8p5mm__tee_fl160um_fc12_cg1p2um__rpg1p4um,4.72213098232,5.99382514578,6.216597866516113,232.5260761215951,5.710682925319376,0.15045618651764003,0.005542848870000228,0.007036339209999909,0.1489651966438288,2.8110225073254753,0.003912536180221693
NearestNeighbors,99,chip_simple_dxm1p818_dy1p818__Lj12p0nH_Cj2p0fF__roL8p5mm__tee_fl160um_fc12_cg1p2um__rpg1p4um,4.71658813345,5.98678880657,6.365563063159942,235.3370986289206,5.714595461499598,2,chip_simple_dx6p364_dym4p545__Lj12p0nH_Cj2p0fF__roL8p5mm__tee_fl160um_fc12_cg1p2um__rpg1p4um,4.70542995999,5.98920452189,6.345821467342376,237.78954520480733,5.738142979039027,0.19597237657502228,0.011158173460000143,0.002415715319999734,0.019741595817565738,2.4524465758867393,0.023547517539428853
NearestNeighbors,99,chip_simple_dxm1p818_dy1p818__Lj12p0nH_Cj2p0fF__roL8p5mm__tee_fl160um_fc12_cg1p2um__rpg1p4um,4.71658813345,5.98678880657,6.365563063159942,235.3370986289206,5.714595461499598,3,chip_simple_dx9p091_dy10p000__Lj12p0nH_Cj2p0fF__roL8p5mm__tee_fl160um_fc12_cg1p2um__rpg1p4um,4.69926836053,5.96788032666,6.480939449926376,237.9698333652788,5.70456835918075,0.26928681061525905,0.01731977292000053,0.01890847991000033,0.11537638676643436,2.632734736358202,0.010027102318847625
NearestNeighbors,99,chip_simple_dxm1p818_dy1p818__Lj12p0nH_Cj2p0fF__roL8p5mm__tee_fl160um_fc12_cg1p2um__rpg1p4um,4.71658813345,5.98678880657,6.365563063159942,235.3370986289206,5.714595461499598,4,chip_simple_dx0p000_dy3p636__Lj12p0nH_Cj2p0fF__roL8p5mm__tee_fl160um_fc12_cg1p2um__rpg1p4um,4.70597831203,5.97410979195,6.13302826451683,230.9917126460824,5.688203723513988,0.27538034336492934,0.01060982142000011,0.012679014619999762,0.23253479864311188,4.345385982838195,0.026391737985609787
NearestNeighbors,99,chip_simple_dxm1p818_dy1p818__Lj12p0nH_Cj2p0fF__roL8p5mm__tee_fl160um_fc12_cg1p2um__rpg1p4um,4.71658813345,5.98678880657,6.365563063159942,235.3370986289206,5.714595461499598,5,chip_simple_dx9p091_dym0p909__Lj12p0nH_Cj2p0fF__roL8p5mm__tee_fl160um_fc12_cg1p2um__rpg1p4um,4.69833241253,5.9700084278,6.424561027713775,237.54943824235883,5.679426145956277,0.3065441394164445,0.01825572092000005,0.01678037877000005,0.05899796455383299,2.212339613438246,0.035169315543321034
NearestNeighbors,99,chip_simple_dxm1p818_dy1p818__Lj12p0nH_Cj2p0fF__roL8p5mm__tee_fl160um_fc12_cg1p2um__rpg1p4um,4.71658813345,5.98678880657,6.365563063159942,235.3370986289206,5.714595461499598,6,chip_simple_dx9p091_dy9p091__Lj12p0nH_Cj2p0fF__roL8p5mm__tee_fl160um_fc12_cg1p2um__rpg1p4um,4.71043253304,6.00858502332,6.520098717010498,243.3943878228609,5.702711731566599,0.32326142492249926,0.006155600410000517,0.02179621675000032,0.154535653850556,8.057289193940306,0.011883729932998577
NearestNeighbors,99,chip_simple_dxm1p818_dy1p818__Lj12p0nH_Cj2p0fF__roL8p5mm__tee_fl160um_fc12_cg1p2um__rpg1p4um,4.71658813345,5.98678880657,6.365563063159942,235.3370986289206,5.714595461499598,7,chip_simple_dx3p636_dy0p000__Lj12p0nH_Cj2p0fF__roL8p5mm__tee_fl160um_fc12_cg1p2um__rpg1p4um,4.70882035794,5.9422654803,6.4021899407176965,229.9937839696689,5.689626408771035,0.3418112343622041,0.007767775510000519,0.04452332627000022,0.03662687755775451,5.343314659251689,0.024969052728562424
NearestNeighbors,99,chip_simple_dxm1p818_dy1p818__Lj12p0nH_Cj2p0fF__roL8p5mm__tee_fl160um_fc12_cg1p2um__rpg1p4um,4.71658813345,5.98678880657,6.365563063159942,235.3370986289206,5.714595461499598,8,chip_simple_dx0p909_dym8p182__Lj12p0nH_Cj2p0fF__roL8p5mm__tee_fl160um_fc12_cg1p2um__rpg1p4um,4.70055739372,6.00934439173,5.9578544504756925,234.711210840026,5.695445771960415,0.34213816447131995,0.016030739730000576,0.022555585160000113,0.4077086126842495,0.6258877888945733,0.019149689539182724
NearestNeighbors,99,chip_simple_dxm1p818_dy1p818__Lj12p0nH_Cj2p0fF__roL8p5mm__tee_fl160um_fc12_cg1p2um__rpg1p4um,4.71658813345,5.98678880657,6.365563063159942,235.3370986289206,5.714595461499598,9,chip_simple_dxm3p636_dy0p000__Lj12p0nH_Cj2p0fF__roL8p5mm__tee_fl160um_fc12_cg1p2um__rpg1p4um,4.70838073554,5.99696765617,5.903114487281799,229.85254512138803,5.729679412558419,0.3467496465676141,0.00820739791000058,0.010178849599999928,0.4624485758781427,5.484553507532553,0.015083951058821654
NearestNeighbors,99,chip_simple_dxm1p818_dy1p818__Lj12p0nH_Cj2p0fF__roL8p5mm__tee_fl160um_fc12_cg1p2um__rpg1p4um,4.71658813345,5.98678880657,6.365563063159942,235.3370986289206,5.714595461499598,10,chip_simple_dxm8p182_dy8p182__Lj12p0nH_Cj2p0fF__roL8p5mm__tee_fl160um_fc12_cg1p2um__rpg1p4um,4.69817066512,6.00885580001,6.295239226005554,241.8291948786944,5.700576278405732,0.3490320096993769,0.01841746833000002,0.022066993440000182,0.07032383715438772,6.492096249773823,0.014019183093865628
NearestNeighbors,100,chip_simple_dxm1p818_dy3p636__Lj12p0nH_Cj2p0fF__roL8p5mm__tee_fl160um_fc12_cg1p2um__rpg1p4um,4.72466810462,6.01834362229,5.96028201146698,231.13712300128543,5.753478884920279,1,chip_simple_dx3p636_dym4p545__Lj12p0nH_Cj2p0fF__roL8p5mm__tee_fl160um_fc12_cg1p2um__rpg1p4um,4.73608663371,6.03725752393,5.823189326255798,229.1116188550764,5.733624292767639,0.22481212143400173,0.011418529090000185,0.018913901640000397,0.137092685211182,2.0255041462090446,0.019854592152639405
NearestNeighbors,100,chip_simple_dxm1p818_dy3p636__Lj12p0nH_Cj2p0fF__roL8p5mm__tee_fl160um_fc12_cg1p2um__rpg1p4um,4.72466810462,6.01834362229,5.96028201146698,231.13712300128543,5.753478884920279,2,chip_simple_dx1p818_dym10p000__Lj12p0nH_Cj2p0fF__roL8p5mm__tee_fl160um_fc12_cg1p2um__rpg1p4um,4.71825339915,6.0249810499,5.668253818870544,227.73903094203945,5.741519544932768,0.22556600455610348,0.006414705470000115,0.006637427610000302,0.29202819259643586,3.3980920592459825,0.011959339987511086
NearestNeighbors,100,chip_simple_dxm1p818_dy3p636__Lj12p0nH_Cj2p0fF__roL8p5mm__tee_fl160um_fc12_cg1p2um__rpg1p4um,4.72466810462,6.01834362229,5.96028201146698,231.13712300128543,5.753478884920279,3,chip_simple_dx0p000_dy2p727__Lj12p0nH_Cj2p0fF__roL8p5mm__tee_fl160um_fc12_cg1p2um__rpg1p4um,4.73163640607,6.01912983001,6.151782347061157,233.4506181073812,5.795791516246615,0.25116631029726205,0.006968301449999714,0.0007862077200000428,0.1915003355941769,2.3134951060957576,0.042312631326336
NearestNeighbors,100,chip_simple_dxm1p818_dy3p636__Lj12p0nH_Cj2p0fF__roL8p5mm__tee_fl160um_fc12_cg1p2um__rpg1p4um,4.72466810462,6.01834362229,5.96028201146698,231.13712300128543,5.753478884920279,4,chip_simple_dx5p455_dym5p455__Lj12p0nH_Cj2p0fF__roL8p5mm__tee_fl160um_fc12_cg1p2um__rpg1p4um,4.709863899,5.99683327993,5.929605029994964,230.04974901021689,5.782561504070822,0.26147811021811795,0.014804205619999955,0.021510342360000045,0.030676981472015363,1.0873739910685458,0.02908261915054311
NearestNeighbors,100,chip_simple_dxm1p818_dy3p636__Lj12p0nH_Cj2p0fF__roL8p5mm__tee_fl160um_fc12_cg1p2um__rpg1p4um,4.72466810462,6.01834362229,5.96028201146698,231.13712300128543,5.753478884920279,5,chip_simple_dxm3p636_dy0p000__Lj12p0nH_Cj2p0fF__roL8p5mm__tee_fl160um_fc12_cg1p2um__rpg1p4um,4.70838073554,5.99696765617,5.903114487281799,229.85254512138803,5.729679412558419,0.26613369189709707,0.016287369080000502,0.021375966119999923,0.05716752418518034,1.2845778798973981,0.02379947236185931
NearestNeighbors,100,chip_simple_dxm1p818_dy3p636__Lj12p0nH_Cj2p0fF__roL8p5mm__tee_fl160um_fc12_cg1p2um__rpg1p4um,4.72466810462,6.01834362229,5.96028201146698,231.13712300128543,5.753478884920279,6,chip_simple_dxm10p000_dym4p545__Lj12p0nH_Cj2p0fF__roL8p5mm__tee_fl160um_fc12_cg1p2um__rpg1p4um,4.72747685651,6.02391173404,6.181771411222457,235.80879165767425,5.79330242515557,0.27533633352275083,0.002808751889999961,0.005568111750000604,0.22148939975547766,4.6716686563888175,0.03982354023529133
NearestNeighbors,100,chip_simple_dxm1p818_dy3p636__Lj12p0nH_Cj2p0fF__roL8p5mm__tee_fl160um_fc12_cg1p2um__rpg1p4um,4.72466810462,6.01834362229,5.96028201146698,231.13712300128543,5.753478884920279,7,chip_simple_dxm1p818_dym10p000__Lj12p0nH_Cj2p0fF__roL8p5mm__tee_fl160um_fc12_cg1p2um__rpg1p4um,4.72213098232,5.99382514578,6.216597866516113,232.5260761215951,5.710682925319376,0.2850981397868692,0.0025371222999996945,0.024518476509999942,0.25631585504913357,1.3889531203096794,0.042795959600902655
NearestNeighbors,100,chip_simple_dxm1p818_dy3p636__Lj12p0nH_Cj2p0fF__roL8p5mm__tee_fl160um_fc12_cg1p2um__rpg1p4um,4.72466810462,6.01834362229,5.96028201146698,231.13712300128543,5.753478884920279,8,chip_simple_dxm7p273_dy10p000__Lj12p0nH_Cj2p0fF__roL8p5mm__tee_fl160um_fc12_cg1p2um__rpg1p4um,4.74112824339,6.0338985905,5.849102284322738,228.0004194267305,5.782595714641922,0.28826587028907497,0.0164601387700003,0.01555496821000002,0.11117972714424162,3.1367035745549288,0.029116829721643533
NearestNeighbors,100,chip_simple_dxm1p818_dy3p636__Lj12p0nH_Cj2p0fF__roL8p5mm__tee_fl160um_fc12_cg1p2um__rpg1p4um,4.72466810462,6.01834362229,5.96028201146698,231.13712300128543,5.753478884920279,9,chip_simple_dx8p182_dym4p545__Lj12p0nH_Cj2p0fF__roL8p5mm__tee_fl160um_fc12_cg1p2um__rpg1p4um,4.71494974134,6.02611343627,5.731930271121978,229.83680963166307,5.802565180291682,0.29325084787854494,0.009718363280000197,0.0077698139800004284,0.22835174034500128,1.3003133696223586,0.049086295371402855
NearestNeighbors,100,chip_simple_dxm1p818_dy3p636__Lj12p0nH_Cj2p0fF__roL8p5mm__tee_fl160um_fc12_cg1p2um__rpg1p4um,4.72466810462,6.01834362229,5.96028201146698,231.13712300128543,5.753478884920279,10,chip_simple_dxm1p818_dy0p909__Lj12p0nH_Cj2p0fF__roL8p5mm__tee_fl160um_fc12_cg1p2um__rpg1p4um,4.73247725261,6.06032547334,5.647781850090027,230.0219004377902,5.758222245971617,0.3116079975780102,0.007809147989999765,0.041981851050000074,0.3125001613769527,1.115222563495223,0.004743361051338546
NearestNeighbors,101,chip_simple_dxm1p818_dy10p000__Lj12p0nH_Cj2p0fF__roL8p5mm__tee_fl160um_fc12_cg1p2um__rpg1p4um,4.77817000938,6.12893558245,5.456556175081253,227.5213594644575,5.917687244651611,1,chip_simple_dx7p273_dy7p273__Lj12p0nH_Cj2p0fF__roL8p5mm__tee_fl160um_fc12_cg1p2um__rpg1p4um,4.77632474172,6.11603268543,5.46948547539711,226.2400590105068,5.898415113466635,0.12428158153165729,0.0018452676600002604,0.012902897020000026,0.012929300315857262,1.2813004539507062,0.019272131184975727
NearestNeighbors,101,chip_simple_dxm1p818_dy10p000__Lj12p0nH_Cj2p0fF__roL8p5mm__tee_fl160um_fc12_cg1p2um__rpg1p4um,4.77817000938,6.12893558245,5.456556175081253,227.5213594644575,5.917687244651611,2,chip_simple_dx7p273_dy2p727__Lj12p0nH_Cj2p0fF__roL8p5mm__tee_fl160um_fc12_cg1p2um__rpg1p4um,4.77873216069,6.13275040265,5.505240939167022,229.1445143426731,5.952577534882911,0.17293631233388784,0.0005621513099995923,0.003814820200000568,0.048684764085769494,1.623154878215587,0.03489029023130019
NearestNeighbors,101,chip_simple_dxm1p818_dy10p000__Lj12p0nH_Cj2p0fF__roL8p5mm__tee_fl160um_fc12_cg1p2um__rpg1p4um,4.77817000938,6.12893558245,5.456556175081253,227.5213594644575,5.917687244651611,3,chip_simple_dxm5p455_dym3p636__Lj12p0nH_Cj2p0fF__roL8p5mm__tee_fl160um_fc12_cg1p2um__rpg1p4um,4.77861395761,6.11699498856,5.515590421457291,226.9690980462932,5.881045293305209,0.18501495302188184,0.00044394823000004635,0.011940593889999462,0.05903424637603827,0.5522614181643064,0.036641951346402024
NearestNeighbors,101,chip_simple_dxm1p818_dy10p000__Lj12p0nH_Cj2p0fF__roL8p5mm__tee_fl160um_fc12_cg1p2um__rpg1p4um,4.77817000938,6.12893558245,5.456556175081253,227.5213594644575,5.917687244651611,4,chip_simple_dxm7p273_dym1p818__Lj12p0nH_Cj2p0fF__roL8p5mm__tee_fl160um_fc12_cg1p2um__rpg1p4um,4.76438654102,6.12161083912,5.439724164207458,228.93417802659692,5.912665026004023,0.18566808199721915,0.013783468359999773,0.007324743329999883,0.016832010873794268,1.412818562139421,0.005022218647587451
NearestNeighbors,101,chip_simple_dxm1p818_dy10p000__Lj12p0nH_Cj2p0fF__roL8p5mm__tee_fl160um_fc12_cg1p2um__rpg1p4um,4.77817000938,6.12893558245,5.456556175081253,227.5213594644575,5.917687244651611,5,chip_simple_dx0p909_dy7p273__Lj12p0nH_Cj2p0fF__roL8p5mm__tee_fl160um_fc12_cg1p2um__rpg1p4um,4.787298265,6.12194872056,5.503688935358047,225.6752448335204,5.946141167085224,0.19045528586888075,0.009128255620000303,0.0069868618899997514,0.047132760276794805,1.8461146309371088,0.028453922433612888
NearestNeighbors,101,chip_simple_dxm1p818_dy10p000__Lj12p0nH_Cj2p0fF__roL8p5mm__tee_fl160um_fc12_cg1p2um__rpg1p4um,4.77817000938,6.12893558245,5.456556175081253,227.5213594644575,5.917687244651611,6,chip_simple_dx1p818_dym8p182__Lj12p0nH_Cj2p0fF__roL8p5mm__tee_fl160um_fc12_cg1p2um__rpg1p4um,4.76522191074,6.12811728518,5.259760892496109,225.8993683259156,5.912892771819234,0.2052879533367963,0.012948098639999905,0.0008182972699994906,0.19679528258514356,1.6219911385419152,0.004794472832377217
NearestNeighbors,101,chip_simple_dxm1p818_dy10p000__Lj12p0nH_Cj2p0fF__roL8p5mm__tee_fl160um_fc12_cg1p2um__rpg1p4um,4.77817000938,6.12893558245,5.456556175081253,227.5213594644575,5.917687244651611,7,chip_simple_dx10p000_dy5p455__Lj12p0nH_Cj2p0fF__roL8p5mm__tee_fl160um_fc12_cg1p2um__rpg1p4um,4.77056794082,6.12645084226,5.640998436819077,232.61451725199908,5.931445691824671,0.23091396767575226,0.007602068559999786,0.00248474018999989,0.18444226173782408,5.093157787541571,0.013758447173060517
NearestNeighbors,101,chip_simple_dxm1p818_dy10p000__Lj12p0nH_Cj2p0fF__roL8p5mm__tee_fl160um_fc12_cg1p2um__rpg1p4um,4.77817000938,6.12893558245,5.456556175081253,227.5213594644575,5.917687244651611,8,chip_simple_dx5p455_dym0p909__Lj12p0nH_Cj2p0fF__roL8p5mm__tee_fl160um_fc12_cg1p2um__rpg1p4um,4.7930652742,6.12875251186,5.394133037059784,223.2748147250602,5.91572486547393,0.23794457481561546,0.01489526481999981,0.0001830705899994456,0.062423138021468816,4.246544739397308,0.0019623791776810506
NearestNeighbors,101,chip_simple_dxm1p818_dy10p000__Lj12p0nH_Cj2p0fF__roL8p5mm__tee_fl160um_fc12_cg1p2um__rpg1p4um,4.77817000938,6.12893558245,5.456556175081253,227.5213594644575,5.917687244651611,9,chip_simple_dxm3p636_dy7p273__Lj12p0nH_Cj2p0fF__roL8p5mm__tee_fl160um_fc12_cg1p2um__rpg1p4um,4.76722458533,6.10494676733,5.339898099292755,223.6664187713043,5.941831126782195,0.26478422598763574,0.010945424049999986,0.023988815119999174,0.1166580757884974,3.854940693153196,0.02414388213058416
NearestNeighbors,101,chip_simple_dxm1p818_dy10p000__Lj12p0nH_Cj2p0fF__roL8p5mm__tee_fl160um_fc12_cg1p2um__rpg1p4um,4.77817000938,6.12893558245,5.456556175081253,227.5213594644575,5.917687244651611,10,chip_simple_dx6p364_dy10p000__Lj12p0nH_Cj2p0fF__roL8p5mm__tee_fl160um_fc12_cg1p2um__rpg1p4um,4.76637826198,6.09129636663,5.637318817792893,227.8240871059492,5.906826600514835,0.28074561415149474,0.011791747400000219,0.03763921581999963,0.18076264271164,0.3027276414916855,0.01086064413677601
NearestNeighbors,102,chip_simple_dxm0p909_dym6p364__Lj12p0nH_Cj2p0fF__roL8p5mm__tee_fl160um_fc12_cg1p2um__rpg1p4um,4.73641698179,6.08792263054,5.621972734323501,233.0698299477765,5.852490232076104,1,chip_simple_dxm5p455_dym5p455__Lj12p0nH_Cj2p0fF__roL8p5mm__tee_fl160um_fc12_cg1p2um__rpg1p4um,4.73470923401,6.08624842403,5.670676468399048,234.1906472022272,5.826739823305008,0.12924377728343783,0.00170774777999938,0.0016742065099997205,0.048703734075546734,1.1208172544507136,0.02575040877109558
NearestNeighbors,102,chip_simple_dxm0p909_dym6p364__Lj12p0nH_Cj2p0fF__roL8p5mm__tee_fl160um_fc12_cg1p2um__rpg1p4um,4.73641698179,6.08792263054,5.621972734323501,233.0698299477765,5.852490232076104,2,chip_simple_dxm0p909_dym4p545__Lj12p0nH_Cj2p0fF__roL8p5mm__tee_fl160um_fc12_cg1p2um__rpg1p4um,4.73152601443,6.08098781521,5.6054915347919465,232.6416415790713,5.819711093719061,0.16799910853381406,0.0048909673599997205,0.006934815329999289,0.01648119953155458,0.42818836870520727,0.032779138357042825
NearestNeighbors,102,chip_simple_dxm0p909_dym6p364__Lj12p0nH_Cj2p0fF__roL8p5mm__tee_fl160um_fc12_cg1p2um__rpg1p4um,4.73641698179,6.08792263054,5.621972734323501,233.0698299477765,5.852490232076104,3,chip_simple_dx2p727_dy5p455__Lj12p0nH_Cj2p0fF__roL8p5mm__tee_fl160um_fc12_cg1p2um__rpg1p4um,4.74208651799,6.09436211613,5.726268231283187,235.1566146380877,5.880473450765719,0.17671280519428648,0.005669536200000103,0.0064394855900005155,0.10429549695968632,2.086784690311191,0.02798321868961562
NearestNeighbors,102,chip_simple_dxm0p909_dym6p364__Lj12p0nH_Cj2p0fF__roL8p5mm__tee_fl160um_fc12_cg1p2um__rpg1p4um,4.73641698179,6.08792263054,5.621972734323501,233.0698299477765,5.852490232076104,4,chip_simple_dxm0p909_dy6p364__Lj12p0nH_Cj2p0fF__roL8p5mm__tee_fl160um_fc12_cg1p2um__rpg1p4um,4.73809447586,6.07066105208,5.877909127601623,235.23156094873443,5.87197127716639,0.2090419565387473,0.0016774940699999519,0.017261578459999427,0.25593639327812223,2.1617310009579285,0.01948104509028603
NearestNeighbors,102,chip_simple_dxm0p909_dym6p364__Lj12p0nH_Cj2p0fF__roL8p5mm__tee_fl160um_fc12_cg1p2um__rpg1p4um,4.73641698179,6.08792263054,5.621972734323501,233.0698299477765,5.852490232076104,5,chip_simple_dxm10p000_dym5p455__Lj12p0nH_Cj2p0fF__roL8p5mm__tee_fl160um_fc12_cg1p2um__rpg1p4um,4.74663028203,6.09244739086,5.497690521795272,229.06180088997965,5.833596212181217,0.21820538295766168,0.010213300240000223,0.004524760320000709,0.1242822125282288,4.008029057796847,0.018894019894887037
NearestNeighbors,102,chip_simple_dxm0p909_dym6p364__Lj12p0nH_Cj2p0fF__roL8p5mm__tee_fl160um_fc12_cg1p2um__rpg1p4um,4.73641698179,6.08792263054,5.621972734323501,233.0698299477765,5.852490232076104,6,chip_simple_dxm8p182_dy7p273__Lj12p0nH_Cj2p0fF__roL8p5mm__tee_fl160um_fc12_cg1p2um__rpg1p4um,4.73980994773,6.11492139787,5.370422379964828,231.42365600136029,5.863101959116468,0.22337775138699317,0.003392965940000714,0.026998767330000284,0.251550354358673,1.6461739464162122,0.010611727040364727
NearestNeighbors,102,chip_simple_dxm0p909_dym6p364__Lj12p0nH_Cj2p0fF__roL8p5mm__tee_fl160um_fc12_cg1p2um__rpg1p4um,4.73641698179,6.08792263054,5.621972734323501,233.0698299477765,5.852490232076104,7,chip_simple_dx3p636_dym0p909__Lj12p0nH_Cj2p0fF__roL8p5mm__tee_fl160um_fc12_cg1p2um__rpg1p4um,4.74682723468,6.06657591767,5.891095231824875,232.95693903075104,5.84385390194947,0.23606337588808204,0.01041025288999986,0.021346712869999784,0.26912249750137374,0.11289091702545306,0.008636330126633673
NearestNeighbors,102,chip_simple_dxm0p909_dym6p364__Lj12p0nH_Cj2p0fF__roL8p5mm__tee_fl160um_fc12_cg1p2um__rpg1p4um,4.73641698179,6.08792263054,5.621972734323501,233.0698299477765,5.852490232076104,8,chip_simple_dxm6p364_dy5p455__Lj12p0nH_Cj2p0fF__roL8p5mm__tee_fl160um_fc12_cg1p2um__rpg1p4um,4.74714722938,6.10190388125,5.5239915411624905,230.99470980116783,5.886184494438364,0.23676440183028996,0.01073024759000063,0.013981250710000559,0.09798119316101062,2.0751201466086684,0.033694262362260474
NearestNeighbors,102,chip_simple_dxm0p909_dym6p364__Lj12p0nH_Cj2p0fF__roL8p5mm__tee_fl160um_fc12_cg1p2um__rpg1p4um,4.73641698179,6.08792263054,5.621972734323501,233.0698299477765,5.852490232076104,9,chip_simple_dx4p545_dym10p000__Lj12p0nH_Cj2p0fF__roL8p5mm__tee_fl160um_fc12_cg1p2um__rpg1p4um,4.74063988225,6.06861380015,5.884236363721847,234.4946741312744,5.822012514288446,0.2409054511851771,0.0042229004600002895,0.019308830389999976,0.2622636293983458,1.4248441834978962,0.030477717787658065
NearestNeighbors,102,chip_simple_dxm0p909_dym6p364__Lj12p0nH_Cj2p0fF__roL8p5mm__tee_fl160um_fc12_cg1p2um__rpg1p4um,4.73641698179,6.08792263054,5.621972734323501,233.0698299477765,5.852490232076104,10,chip_simple_dx8p182_dym0p909__Lj12p0nH_Cj2p0fF__roL8p5mm__tee_fl160um_fc12_cg1p2um__rpg1p4um,4.73453222964,6.07916206739,5.5368717016582485,230.278664506644,5.804701724358442,0.24940949853621225,0.0018847521499996134,0.008760563149999179,0.0851010326652526,2.791165441132506,0.04778850771766141
NearestNeighbors,103,chip_simple_dx0p909_dy0p000__Lj12p0nH_Cj2p0fF__roL8p5mm__tee_fl160um_fc12_cg1p2um__rpg1p4um,4.74139838894,6.04523834088,5.675883268123626,226.36996000978667,5.713551955173814,1,chip_simple_dxm3p636_dym4p545__Lj12p0nH_Cj2p0fF__roL8p5mm__tee_fl160um_fc12_cg1p2um__rpg1p4um,4.74235488793,6.04534109441,5.723736058847427,227.1294815057925,5.7373862078713325,0.11621063381429723,0.0009564989899999432,0.00010275353000022136,0.047852790723800886,0.7595214960058456,0.02383425269751882
NearestNeighbors,103,chip_simple_dx0p909_dy0p000__Lj12p0nH_Cj2p0fF__roL8p5mm__tee_fl160um_fc12_cg1p2um__rpg1p4um,4.74139838894,6.04523834088,5.675883268123626,226.36996000978667,5.713551955173814,2,chip_simple_dxm3p636_dy8p182__Lj12p0nH_Cj2p0fF__roL8p5mm__tee_fl160um_fc12_cg1p2um__rpg1p4um,4.73729832468,6.03809876203,5.615429738752365,224.8091277096963,5.742262433762976,0.15977069191084678,0.004100064260000202,0.007139578850000383,0.06045352937126136,1.560832300090368,0.028710478589162314
NearestNeighbors,103,chip_simple_dx0p909_dy0p000__Lj12p0nH_Cj2p0fF__roL8p5mm__tee_fl160um_fc12_cg1p2um__rpg1p4um,4.74139838894,6.04523834088,5.675883268123626,226.36996000978667,5.713551955173814,3,chip_simple_dx3p636_dym4p545__Lj12p0nH_Cj2p0fF__roL8p5mm__tee_fl160um_fc12_cg1p2um__rpg1p4um,4.73608663371,6.03725752393,5.823189326255798,229.1116188550764,5.733624292767639,0.17398094510277815,0.005311755230000159,0.00798081694999997,0.14730605813217146,2.74165884528972,0.02007233759382565
NearestNeighbors,103,chip_simple_dx0p909_dy0p000__Lj12p0nH_Cj2p0fF__roL8p5mm__tee_fl160um_fc12_cg1p2um__rpg1p4um,4.74139838894,6.04523834088,5.675883268123626,226.36996000978667,5.713551955173814,4,chip_simple_dxm1p818_dy0p909__Lj12p0nH_Cj2p0fF__roL8p5mm__tee_fl160um_fc12_cg1p2um__rpg1p4um,4.73247725261,6.06032547334,5.647781850090027,230.0219004377902,5.758222245971617,0.27749127135410145,0.008921136330000579,0.015087132459999708,0.028101418033599224,3.6519404280035417,0.0446702907978036
NearestNeighbors,103,chip_simple_dx0p909_dy0p000__Lj12p0nH_Cj2p0fF__roL8p5mm__tee_fl160um_fc12_cg1p2um__rpg1p4um,4.74139838894,6.04523834088,5.675883268123626,226.36996000978667,5.713551955173814,5,chip_simple_dxm6p364_dym7p273__Lj12p0nH_Cj2p0fF__roL8p5mm__tee_fl160um_fc12_cg1p2um__rpg1p4um,4.75005432934,6.01899043043,5.655702243776322,219.9240164763736,5.705344706711049,0.28569268291149963,0.008655940399999729,0.02624791045000041,0.02018102434730462,6.445943533413072,0.00820724846276466
NearestNeighbors,103,chip_simple_dx0p909_dy0p000__Lj12p0nH_Cj2p0fF__roL8p5mm__tee_fl160um_fc12_cg1p2um__rpg1p4um,4.74139838894,6.04523834088,5.675883268123626,226.36996000978667,5.713551955173814,6,chip_simple_dx0p000_dym2p727__Lj12p0nH_Cj2p0fF__roL8p5mm__tee_fl160um_fc12_cg1p2um__rpg1p4um,4.72308106304,6.01925382396,5.781981496412277,228.09975736372985,5.690176383635383,0.3037935794320013,0.018317325900000014,0.025984516920000367,0.10609822828865045,1.7297973539431837,0.023375571538430506
NearestNeighbors,103,chip_simple_dx0p909_dy0p000__Lj12p0nH_Cj2p0fF__roL8p5mm__tee_fl160um_fc12_cg1p2um__rpg1p4um,4.74139838894,6.04523834088,5.675883268123626,226.36996000978667,5.713551955173814,7,chip_simple_dxm5p455_dy7p273__Lj12p0nH_Cj2p0fF__roL8p5mm__tee_fl160um_fc12_cg1p2um__rpg1p4um,4.7550557353,6.0689882308,5.697021401802063,227.79860249670247,5.765618099955324,0.32639856869304523,0.0136573463599996,0.02374988991999949,0.021138133678436866,1.4286424869158054,0.05206614478151028
NearestNeighbors,103,chip_simple_dx0p909_dy0p000__Lj12p0nH_Cj2p0fF__roL8p5mm__tee_fl160um_fc12_cg1p2um__rpg1p4um,4.74139838894,6.04523834088,5.675883268123626,226.36996000978667,5.713551955173814,8,chip_simple_dx1p818_dym10p000__Lj12p0nH_Cj2p0fF__roL8p5mm__tee_fl160um_fc12_cg1p2um__rpg1p4um,4.71825339915,6.0249810499,5.668253818870544,227.73903094203945,5.741519544932768,0.3402590792581536,0.02314498979000046,0.020257290980000064,0.007629449253082399,1.3690709322527823,0.02796758975895397
NearestNeighbors,103,chip_simple_dx0p909_dy0p000__Lj12p0nH_Cj2p0fF__roL8p5mm__tee_fl160um_fc12_cg1p2um__rpg1p4um,4.74139838894,6.04523834088,5.675883268123626,226.36996000978667,5.713551955173814,9,chip_simple_dxm7p273_dy10p000__Lj12p0nH_Cj2p0fF__roL8p5mm__tee_fl160um_fc12_cg1p2um__rpg1p4um,4.74112824339,6.0338985905,5.849102284322738,228.0004194267305,5.782595714641922,0.342155699870316,0.0002701455500000449,0.011339750380000346,0.17321901619911184,1.630459416943836,0.06904375946810859
NearestNeighbors,103,chip_simple_dx0p909_dy0p000__Lj12p0nH_Cj2p0fF__roL8p5mm__tee_fl160um_fc12_cg1p2um__rpg1p4um,4.74139838894,6.04523834088,5.675883268123626,226.36996000978667,5.713551955173814,10,chip_simple_dx0p000_dym6p364__Lj12p0nH_Cj2p0fF__roL8p5mm__tee_fl160um_fc12_cg1p2um__rpg1p4um,4.74288579894,6.03308089793,5.782055475780487,226.2307596859305,5.794067523813237,0.3811787611187887,0.0014874099999993007,0.01215744295000043,0.10617220765686053,0.13920032385615855,0.08051556863942366
NearestNeighbors,104,chip_simple_dx0p909_dy6p364__Lj12p0nH_Cj2p0fF__roL8p5mm__tee_fl160um_fc12_cg1p2um__rpg1p4um,4.70997564431,5.99512074395,5.736094124229431,225.95671781879915,5.714840812333396,1,chip_simple_dxm0p909_dy7p273__Lj12p0nH_Cj2p0fF__roL8p5mm__tee_fl160um_fc12_cg1p2um__rpg1p4um,4.70613110667,5.99730794943,5.718138606563568,226.7890078045864,5.726349608257517,0.07845548138896025,0.003844537640000034,0.002187205479999399,0.017955517665862786,0.8322899857872414,0.011508795924121351
NearestNeighbors,104,chip_simple_dx0p909_dy6p364__Lj12p0nH_Cj2p0fF__roL8p5mm__tee_fl160um_fc12_cg1p2um__rpg1p4um,4.70997564431,5.99512074395,5.736094124229431,225.95671781879915,5.714840812333396,2,chip_simple_dx1p818_dy7p273__Lj12p0nH_Cj2p0fF__roL8p5mm__tee_fl160um_fc12_cg1p2um__rpg1p4um,4.70826655373,5.99263086685,5.863451439090729,228.39791043317305,5.715696208117421,0.1119101250744389,0.0017090905800003497,0.0024898771000003705,0.12735731486129787,2.441192614373904,0.0008553957840256032
NearestNeighbors,104,chip_simple_dx0p909_dy6p364__Lj12p0nH_Cj2p0fF__roL8p5mm__tee_fl160um_fc12_cg1p2um__rpg1p4um,4.70997564431,5.99512074395,5.736094124229431,225.95671781879915,5.714840812333396,3,chip_simple_dxm9p091_dym0p909__Lj12p0nH_Cj2p0fF__roL8p5mm__tee_fl160um_fc12_cg1p2um__rpg1p4um,4.70861223691,5.97190035235,5.828280176078796,224.2856497209385,5.726841959580289,0.16096362273123652,0.0013634074000004048,0.023220391600000667,0.09218605184936557,1.6710680978606547,0.012001147246893495
NearestNeighbors,104,chip_simple_dx0p909_dy6p364__Lj12p0nH_Cj2p0fF__roL8p5mm__tee_fl160um_fc12_cg1p2um__rpg1p4um,4.70997564431,5.99512074395,5.736094124229431,225.95671781879915,5.714840812333396,4,chip_simple_dxm3p636_dy0p000__Lj12p0nH_Cj2p0fF__roL8p5mm__tee_fl160um_fc12_cg1p2um__rpg1p4um,4.70838073554,5.99696765617,5.903114487281799,229.85254512138803,5.729679412558419,0.17635833449303712,0.0015949087700004583,0.0018469122199995525,0.16702036305236856,3.8958273025888843,0.01483860022502359
NearestNeighbors,104,chip_simple_dx0p909_dy6p364__Lj12p0nH_Cj2p0fF__roL8p5mm__tee_fl160um_fc12_cg1p2um__rpg1p4um,4.70997564431,5.99512074395,5.736094124229431,225.95671781879915,5.714840812333396,5,chip_simple_dx1p818_dym10p000__Lj12p0nH_Cj2p0fF__roL8p5mm__tee_fl160um_fc12_cg1p2um__rpg1p4um,4.71825339915,6.0249810499,5.668253818870544,227.73903094203945,5.741519544932768,0.24193428733050598,0.008277754839999929,0.029860305949999777,0.06784030535888697,1.7823131232403,0.026678732599371813
NearestNeighbors,104,chip_simple_dx0p909_dy6p364__Lj12p0nH_Cj2p0fF__roL8p5mm__tee_fl160um_fc12_cg1p2um__rpg1p4um,4.70997564431,5.99512074395,5.736094124229431,225.95671781879915,5.714840812333396,6,chip_simple_dx0p000_dym2p727__Lj12p0nH_Cj2p0fF__roL8p5mm__tee_fl160um_fc12_cg1p2um__rpg1p4um,4.72308106304,6.01925382396,5.781981496412277,228.09975736372985,5.690176383635383,0.25263191733132284,0.013105418730000373,0.024133080009999475,0.04588737218284589,2.1430395449307014,0.024664428698012664
NearestNeighbors,104,chip_simple_dx0p909_dy6p364__Lj12p0nH_Cj2p0fF__roL8p5mm__tee_fl160um_fc12_cg1p2um__rpg1p4um,4.70997564431,5.99512074395,5.736094124229431,225.95671781879915,5.714840812333396,7,chip_simple_dx9p091_dym6p364__Lj12p0nH_Cj2p0fF__roL8p5mm__tee_fl160um_fc12_cg1p2um__rpg1p4um,4.69330723701,5.96815675403,5.833106887407302,226.8800540792516,5.674148599783987,0.32437638564349275,0.016668407300000077,0.026963989920000486,0.09701276317787144,0.9233362604524586,0.040692212549409135
NearestNeighbors,104,chip_simple_dx0p909_dy6p364__Lj12p0nH_Cj2p0fF__roL8p5mm__tee_fl160um_fc12_cg1p2um__rpg1p4um,4.70997564431,5.99512074395,5.736094124229431,225.95671781879915,5.714840812333396,8,chip_simple_dx0p000_dy3p636__Lj12p0nH_Cj2p0fF__roL8p5mm__tee_fl160um_fc12_cg1p2um__rpg1p4um,4.70597831203,5.97410979195,6.13302826451683,230.9917126460824,5.688203723513988,0.33112939466683355,0.003997332279999988,0.021010952000000138,0.3969341402873994,5.034994827283242,0.02663708881940785
NearestNeighbors,104,chip_simple_dx0p909_dy6p364__Lj12p0nH_Cj2p0fF__roL8p5mm__tee_fl160um_fc12_cg1p2um__rpg1p4um,4.70997564431,5.99512074395,5.736094124229431,225.95671781879915,5.714840812333396,9,chip_simple_dx1p818_dym9p091__Lj12p0nH_Cj2p0fF__roL8p5mm__tee_fl160um_fc12_cg1p2um__rpg1p4um,4.73395858035,5.98672827489,5.994751743192673,224.6710358694394,5.7112226948008775,0.34076505626107406,0.023982936040000347,0.008392469060000352,0.2586576189632419,1.2856819493597413,0.0036181175325182835
NearestNeighbors,104,chip_simple_dx0p909_dy6p364__Lj12p0nH_Cj2p0fF__roL8p5mm__tee_fl160um_fc12_cg1p2um__rpg1p4um,4.70997564431,5.99512074395,5.736094124229431,225.95671781879915,5.714840812333396,10,chip_simple_dx5p455_dym5p455__Lj12p0nH_Cj2p0fF__roL8p5mm__tee_fl160um_fc12_cg1p2um__rpg1p4um,4.709863899,5.99683327993,5.929605029994964,230.04974901021689,5.782561504070822,0.3572098929279554,0.00011174530999991106,0.00171253597999943,0.19351090576553354,4.093031191417737,0.06772069173742601
NearestNeighbors,105,chip_simple_dx0p909_dy10p000__Lj12p0nH_Cj2p0fF__roL8p5mm__tee_fl160um_fc12_cg1p2um__rpg1p4um,4.6871433385,6.02047336532,6.148103960992813,243.26442283681763,5.760159287002021,1,chip_simple_dxm6p364_dy0p909__Lj12p0nH_Cj2p0fF__roL8p5mm__tee_fl160um_fc12_cg1p2um__rpg1p4um,4.69107050135,6.04188144188,5.995209583665847,242.9076041180208,5.775200553792946,0.17020839431177584,0.003927162849999277,0.02140807656000021,0.15289437732696598,0.3568187187968306,0.015041266790924546
NearestNeighbors,105,chip_simple_dx0p909_dy10p000__Lj12p0nH_Cj2p0fF__roL8p5mm__tee_fl160um_fc12_cg1p2um__rpg1p4um,4.6871433385,6.02047336532,6.148103960992813,243.26442283681763,5.760159287002021,2,chip_simple_dx8p182_dy0p000__Lj12p0nH_Cj2p0fF__roL8p5mm__tee_fl160um_fc12_cg1p2um__rpg1p4um,4.69396142723,6.02675894613,5.976145094621658,239.3240589141231,5.749179643443574,0.19485317174495623,0.006818088729999339,0.006285580810000191,0.17195886637115532,3.94036392269453,0.010979643558447272
NearestNeighbors,105,chip_simple_dx0p909_dy10p000__Lj12p0nH_Cj2p0fF__roL8p5mm__tee_fl160um_fc12_cg1p2um__rpg1p4um,4.6871433385,6.02047336532,6.148103960992813,243.26442283681763,5.760159287002021,3,chip_simple_dx7p273_dym9p091__Lj12p0nH_Cj2p0fF__roL8p5mm__tee_fl160um_fc12_cg1p2um__rpg1p4um,4.6928216438,6.0417170803,6.165310552288055,246.04724963381204,5.790205003998438,0.21671778501802064,0.005678305300000019,0.021243714979999773,0.017206591295241935,2.7828267969944136,0.030045716996417227
NearestNeighbors,105,chip_simple_dx0p909_dy10p000__Lj12p0nH_Cj2p0fF__roL8p5mm__tee_fl160um_fc12_cg1p2um__rpg1p4um,4.6871433385,6.02047336532,6.148103960992813,243.26442283681763,5.760159287002021,4,chip_simple_dxm5p455_dy5p455__Lj12p0nH_Cj2p0fF__roL8p5mm__tee_fl160um_fc12_cg1p2um__rpg1p4um,4.69664345676,6.00251231895,6.402382590307235,243.11298591036652,5.78257654231619,0.23520489814744946,0.009500118260000079,0.017961046369999956,0.25427862931442213,0.15143692645111173,0.022417255314168827
NearestNeighbors,105,chip_simple_dx0p909_dy10p000__Lj12p0nH_Cj2p0fF__roL8p5mm__tee_fl160um_fc12_cg1p2um__rpg1p4um,4.6871433385,6.02047336532,6.148103960992813,243.26442283681763,5.760159287002021,5,chip_simple_dxm4p545_dym3p636__Lj12p0nH_Cj2p0fF__roL8p5mm__tee_fl160um_fc12_cg1p2um__rpg1p4um,4.67304431925,6.03199474143,6.125895672599793,247.8916504390452,5.756437524837708,0.24504129406386832,0.014099019250000566,0.011521376110000148,0.02220828839302058,4.627227602227578,0.0037217621643126364
NearestNeighbors,105,chip_simple_dx0p909_dy10p000__Lj12p0nH_Cj2p0fF__roL8p5mm__tee_fl160um_fc12_cg1p2um__rpg1p4um,4.6871433385,6.02047336532,6.148103960992813,243.26442283681763,5.760159287002021,6,chip_simple_dx7p273_dym5p455__Lj12p0nH_Cj2p0fF__roL8p5mm__tee_fl160um_fc12_cg1p2um__rpg1p4um,4.68956975271,6.00915982967,6.033120924316406,238.5769642035002,5.707892283474967,0.30250570418570305,0.00242641420999945,0.011313535650000262,0.1149830366764073,4.687458633317419,0.052267003527053824
NearestNeighbors,105,chip_simple_dx0p909_dy10p000__Lj12p0nH_Cj2p0fF__roL8p5mm__tee_fl160um_fc12_cg1p2um__rpg1p4um,4.6871433385,6.02047336532,6.148103960992813,243.26442283681763,5.760159287002021,7,chip_simple_dx5p455_dy2p727__Lj12p0nH_Cj2p0fF__roL8p5mm__tee_fl160um_fc12_cg1p2um__rpg1p4um,4.68450192494,6.04838752866,6.060318185382843,246.72047979195173,5.809511348960735,0.30428427042158296,0.0026414135600001387,0.027914163340000187,0.08778577560997025,3.456056955134102,0.049352061958713556
NearestNeighbors,105,chip_simple_dx0p909_dy10p000__Lj12p0nH_Cj2p0fF__roL8p5mm__tee_fl160um_fc12_cg1p2um__rpg1p4um,4.6871433385,6.02047336532,6.148103960992813,243.26442283681763,5.760159287002021,8,chip_simple_dx1p818_dym0p909__Lj12p0nH_Cj2p0fF__roL8p5mm__tee_fl160um_fc12_cg1p2um__rpg1p4um,4.67045299221,6.02263130277,6.254178175308227,249.60885360509675,5.769639685358345,0.30806529215857253,0.01669034628999988,0.002157937449999814,0.10607421431541386,6.344430768279125,0.00948039835632386
NearestNeighbors,105,chip_simple_dx0p909_dy10p000__Lj12p0nH_Cj2p0fF__roL8p5mm__tee_fl160um_fc12_cg1p2um__rpg1p4um,4.6871433385,6.02047336532,6.148103960992813,243.26442283681763,5.760159287002021,9,chip_simple_dxm3p636_dy0p909__Lj12p0nH_Cj2p0fF__roL8p5mm__tee_fl160um_fc12_cg1p2um__rpg1p4um,4.67370270888,6.01212956717,5.972365206701278,241.2318799818838,5.710985206034561,0.3099571175092381,0.0134406296200007,0.008343798150000303,0.17573875429153496,2.032542854933837,0.04917408096746012
NearestNeighbors,105,chip_simple_dx0p909_dy10p000__Lj12p0nH_Cj2p0fF__roL8p5mm__tee_fl160um_fc12_cg1p2um__rpg1p4um,4.6871433385,6.02047336532,6.148103960992813,243.26442283681763,5.760159287002021,10,chip_simple_dxm8p182_dy8p182__Lj12p0nH_Cj2p0fF__roL8p5mm__tee_fl160um_fc12_cg1p2um__rpg1p4um,4.69817066512,6.00885580001,6.295239226005554,241.8291948786944,5.700576278405732,0.3277545190432038,0.011027326619999833,0.011617565309999911,0.1471352650127411,1.435227958123221,0.059583008596288956
NearestNeighbors,106,chip_simple_dx1p818_dym5p455__Lj12p0nH_Cj2p0fF__roL8p5mm__tee_fl160um_fc12_cg1p2um__rpg1p4um,4.75276332089,6.12142191828,5.658263751716613,235.8553039603668,5.927860977969706,1,chip_simple_dx9p091_dym3p636__Lj12p0nH_Cj2p0fF__roL8p5mm__tee_fl160um_fc12_cg1p2um__rpg1p4um,4.74768350608,6.11192641656,5.676827084125518,235.79656019646745,5.912170509194911,0.1103254838824451,0.005079814810000194,0.009495501720000021,0.018563332408905175,0.05874376389934355,0.015690468774795185
NearestNeighbors,106,chip_simple_dx1p818_dym5p455__Lj12p0nH_Cj2p0fF__roL8p5mm__tee_fl160um_fc12_cg1p2um__rpg1p4um,4.75276332089,6.12142191828,5.658263751716613,235.8553039603668,5.927860977969706,2,chip_simple_dx8p182_dy2p727__Lj12p0nH_Cj2p0fF__roL8p5mm__tee_fl160um_fc12_cg1p2um__rpg1p4um,4.74852684297,6.13036381413,5.567534519544601,236.22808127869936,5.910382801372927,0.12048437982362592,0.004236477920000148,0.008941895849999604,0.0907292321720119,0.37277731833256667,0.01747817659677864
NearestNeighbors,106,chip_simple_dx1p818_dym5p455__Lj12p0nH_Cj2p0fF__roL8p5mm__tee_fl160um_fc12_cg1p2um__rpg1p4um,4.75276332089,6.12142191828,5.658263751716613,235.8553039603668,5.927860977969706,3,chip_simple_dxm2p727_dy1p818__Lj12p0nH_Cj2p0fF__roL8p5mm__tee_fl160um_fc12_cg1p2um__rpg1p4um,4.74603018436,6.11585771515,5.539317374271392,233.78375966019303,5.921034401913258,0.13566663241983118,0.006733136529999406,0.0055642031300005,0.11894637744522107,2.0715443001737697,0.006826576056448097
NearestNeighbors,106,chip_simple_dx1p818_dym5p455__Lj12p0nH_Cj2p0fF__roL8p5mm__tee_fl160um_fc12_cg1p2um__rpg1p4um,4.75276332089,6.12142191828,5.658263751716613,235.8553039603668,5.927860977969706,4,chip_simple_dxm7p273_dy5p455__Lj12p0nH_Cj2p0fF__roL8p5mm__tee_fl160um_fc12_cg1p2um__rpg1p4um,4.75652798608,6.12426292642,5.515357702396392,232.49421244469767,5.917856707186027,0.1542804768946435,0.0037646651900002936,0.0028410081399998788,0.14290604932022166,3.3610915156691306,0.010004270783679381
NearestNeighbors,106,chip_simple_dx1p818_dym5p455__Lj12p0nH_Cj2p0fF__roL8p5mm__tee_fl160um_fc12_cg1p2um__rpg1p4um,4.75276332089,6.12142191828,5.658263751716613,235.8553039603668,5.927860977969706,5,chip_simple_dx5p455_dy10p000__Lj12p0nH_Cj2p0fF__roL8p5mm__tee_fl160um_fc12_cg1p2um__rpg1p4um,4.76274116066,6.11721103757,5.712053706623077,234.31572975750703,5.908680685836695,0.16609524992964111,0.00997783977000033,0.004210880710000531,0.05378995490646421,1.539574202859768,0.019180292133010646
NearestNeighbors,106,chip_simple_dx1p818_dym5p455__Lj12p0nH_Cj2p0fF__roL8p5mm__tee_fl160um_fc12_cg1p2um__rpg1p4um,4.75276332089,6.12142191828,5.658263751716613,235.8553039603668,5.927860977969706,6,chip_simple_dx7p273_dym8p182__Lj12p0nH_Cj2p0fF__roL8p5mm__tee_fl160um_fc12_cg1p2um__rpg1p4um,4.73860663357,6.13667098278,5.410198969038009,235.95734473947155,5.923419674600598,0.2422680955302548,0.014156687319999861,0.015249064499999854,0.248064782678604,0.10204077910475462,0.004441303369108418
NearestNeighbors,106,chip_simple_dx1p818_dym5p455__Lj12p0nH_Cj2p0fF__roL8p5mm__tee_fl160um_fc12_cg1p2um__rpg1p4um,4.75276332089,6.12142191828,5.658263751716613,235.8553039603668,5.927860977969706,7,chip_simple_dxm7p273_dym4p545__Lj12p0nH_Cj2p0fF__roL8p5mm__tee_fl160um_fc12_cg1p2um__rpg1p4um,4.76380015433,6.14550226789,5.776891046072006,239.9698081278679,5.934439901039121,0.2483122776645548,0.011036833440000393,0.024080349610000162,0.11862729435539254,4.11450416750111,0.006578923069414877
NearestNeighbors,106,chip_simple_dx1p818_dym5p455__Lj12p0nH_Cj2p0fF__roL8p5mm__tee_fl160um_fc12_cg1p2um__rpg1p4um,4.75276332089,6.12142191828,5.658263751716613,235.8553039603668,5.927860977969706,8,chip_simple_dx10p000_dy5p455__Lj12p0nH_Cj2p0fF__roL8p5mm__tee_fl160um_fc12_cg1p2um__rpg1p4um,4.77056794082,6.12645084226,5.640998436819077,232.61451725199908,5.931445691824671,0.25089075839739194,0.017804619930000598,0.005028923979999433,0.017265314897536577,3.2407867083677218,0.0035847138549653934
NearestNeighbors,106,chip_simple_dx1p818_dym5p455__Lj12p0nH_Cj2p0fF__roL8p5mm__tee_fl160um_fc12_cg1p2um__rpg1p4um,4.75276332089,6.12142191828,5.658263751716613,235.8553039603668,5.927860977969706,9,chip_simple_dx0p000_dym8p182__Lj12p0nH_Cj2p0fF__roL8p5mm__tee_fl160um_fc12_cg1p2um__rpg1p4um,4.75699175292,6.13442162476,5.358933925123215,230.6041003651568,5.926697467393431,0.25990934603633375,0.004228432030000562,0.012999706479999595,0.29932982659339835,5.251203595210001,0.0011635105762746178
NearestNeighbors,106,chip_simple_dx1p818_dym5p455__Lj12p0nH_Cj2p0fF__roL8p5mm__tee_fl160um_fc12_cg1p2um__rpg1p4um,4.75276332089,6.12142191828,5.658263751716613,235.8553039603668,5.927860977969706,10,chip_simple_dx9p091_dy5p455__Lj12p0nH_Cj2p0fF__roL8p5mm__tee_fl160um_fc12_cg1p2um__rpg1p4um,4.7579347478,6.14116345285,5.347422351387023,231.2241237006332,5.920297827562249,0.2688674044330256,0.005171426910000498,0.019741534569999608,0.31084140032958985,4.631180259733583,0.007563150407457364
NearestNeighbors,107,chip_simple_dx2p727_dym9p091__Lj12p0nH_Cj2p0fF__roL8p5mm__tee_fl160um_fc12_cg1p2um__rpg1p4um,4.71854167281,6.10937869643,5.389543067037582,235.1503843898085,5.897915052557842,1,chip_simple_dx5p455_dym2p727__Lj12p0nH_Cj2p0fF__roL8p5mm__tee_fl160um_fc12_cg1p2um__rpg1p4um,4.72671328787,6.1181183266,5.450069299165725,236.2126742133905,5.905966219312021,0.12919734751845519,0.008171615060000192,0.008739630170000012,0.06052623212814279,1.062289823582006,0.008051166754179384
NearestNeighbors,107,chip_simple_dx2p727_dym9p091__Lj12p0nH_Cj2p0fF__roL8p5mm__tee_fl160um_fc12_cg1p2um__rpg1p4um,4.71854167281,6.10937869643,5.389543067037582,235.1503843898085,5.897915052557842,2,chip_simple_dxm10p000_dym8p182__Lj12p0nH_Cj2p0fF__roL8p5mm__tee_fl160um_fc12_cg1p2um__rpg1p4um,4.70878498903,6.10283717632,5.43583358929634,237.26809301618,5.8968743535962265,0.1486179478175975,0.009756683780000053,0.006541520110000754,0.04629052225875796,2.1177086263714955,0.001040698961615405
NearestNeighbors,107,chip_simple_dx2p727_dym9p091__Lj12p0nH_Cj2p0fF__roL8p5mm__tee_fl160um_fc12_cg1p2um__rpg1p4um,4.71854167281,6.10937869643,5.389543067037582,235.1503843898085,5.897915052557842,3,chip_simple_dx3p636_dy0p909__Lj12p0nH_Cj2p0fF__roL8p5mm__tee_fl160um_fc12_cg1p2um__rpg1p4um,4.73143429893,6.12491806194,5.389206310459136,234.98575964773192,5.885525347962422,0.19223541297238397,0.012892626120000195,0.01553936550999957,0.0003367565784460069,0.16462474207656896,0.012389704595419992
NearestNeighbors,107,chip_simple_dx2p727_dym9p091__Lj12p0nH_Cj2p0fF__roL8p5mm__tee_fl160um_fc12_cg1p2um__rpg1p4um,4.71854167281,6.10937869643,5.389543067037582,235.1503843898085,5.897915052557842,4,chip_simple_dxm4p545_dy7p273__Lj12p0nH_Cj2p0fF__roL8p5mm__tee_fl160um_fc12_cg1p2um__rpg1p4um,4.72503834706,6.09396858071,5.364709826208115,230.88388505499736,5.8866465937490124,0.19347619997353727,0.006496674250000112,0.01541011571999995,0.024833240829467584,4.2664993348111295,0.011268458808829429
NearestNeighbors,107,chip_simple_dx2p727_dym9p091__Lj12p0nH_Cj2p0fF__roL8p5mm__tee_fl160um_fc12_cg1p2um__rpg1p4um,4.71854167281,6.10937869643,5.389543067037582,235.1503843898085,5.897915052557842,5,chip_simple_dx1p818_dy2p727__Lj12p0nH_Cj2p0fF__roL8p5mm__tee_fl160um_fc12_cg1p2um__rpg1p4um,4.73051218304,6.12803325906,5.421712024963378,236.38667356093669,5.88764607320176,0.19405251497827503,0.011970510230000286,0.018654562630000093,0.03216895792579599,1.2362891711281918,0.010268979356081509
NearestNeighbors,107,chip_simple_dx2p727_dym9p091__Lj12p0nH_Cj2p0fF__roL8p5mm__tee_fl160um_fc12_cg1p2um__rpg1p4um,4.71854167281,6.10937869643,5.389543067037582,235.1503843898085,5.897915052557842,6,chip_simple_dxm4p545_dym4p545__Lj12p0nH_Cj2p0fF__roL8p5mm__tee_fl160um_fc12_cg1p2um__rpg1p4um,4.70789377737,6.12082590646,5.205027347890853,235.00595587143232,5.917412643190793,0.2018613694220194,0.01064789544,0.011447210030000043,0.18451571914672904,0.14442851837617354,0.019497590632950867
NearestNeighbors,107,chip_simple_dx2p727_dym9p091__Lj12p0nH_Cj2p0fF__roL8p5mm__tee_fl160um_fc12_cg1p2um__rpg1p4um,4.71854167281,6.10937869643,5.389543067037582,235.1503843898085,5.897915052557842,7,chip_simple_dxm10p000_dy6p364__Lj12p0nH_Cj2p0fF__roL8p5mm__tee_fl160um_fc12_cg1p2um__rpg1p4um,4.72047666907,6.13292859683,5.448801997238159,239.8053726208776,5.897409581121149,0.2082557027937863,0.0019349962600001547,0.023549900399999935,0.05925893020057682,4.6549882310690975,0.0005054714366927726
NearestNeighbors,107,chip_simple_dx2p727_dym9p091__Lj12p0nH_Cj2p0fF__roL8p5mm__tee_fl160um_fc12_cg1p2um__rpg1p4um,4.71854167281,6.10937869643,5.389543067037582,235.1503843898085,5.897915052557842,8,chip_simple_dxm7p273_dym9p091__Lj12p0nH_Cj2p0fF__roL8p5mm__tee_fl160um_fc12_cg1p2um__rpg1p4um,4.71567791686,6.13728570621,5.180978092977524,235.3471631881372,5.912038976187492,0.2085308128354983,0.002863755949999991,0.027907009779999825,0.20856497406005836,0.19677879832869394,0.01412392362964976
NearestNeighbors,107,chip_simple_dx2p727_dym9p091__Lj12p0nH_Cj2p0fF__roL8p5mm__tee_fl160um_fc12_cg1p2um__rpg1p4um,4.71854167281,6.10937869643,5.389543067037582,235.1503843898085,5.897915052557842,9,chip_simple_dx3p636_dy8p182__Lj12p0nH_Cj2p0fF__roL8p5mm__tee_fl160um_fc12_cg1p2um__rpg1p4um,4.73023832949,6.13512220294,5.346158240707397,235.8529741168492,5.904860917666218,0.21047428843592522,0.011696656679999862,0.02574350650999957,0.043384826330185255,0.7025897270407029,0.006945865108376026
NearestNeighbors,107,chip_simple_dx2p727_dym9p091__Lj12p0nH_Cj2p0fF__roL8p5mm__tee_fl160um_fc12_cg1p2um__rpg1p4um,4.71854167281,6.10937869643,5.389543067037582,235.1503843898085,5.897915052557842,10,chip_simple_dx10p000_dym6p364__Lj12p0nH_Cj2p0fF__roL8p5mm__tee_fl160um_fc12_cg1p2um__rpg1p4um,4.72676334755,6.12769509524,5.428620394487381,237.2099123366833,5.930169327664392,0.2197328622824849,0.008221674740000573,0.01831639880999969,0.03907732744979864,2.0595279468747947,0.03225427510654999
NearestNeighbors,108,chip_simple_dx2p727_dym6p364__Lj12p0nH_Cj2p0fF__roL8p5mm__tee_fl160um_fc12_cg1p2um__rpg1p4um,4.72708638401,6.15667409709,5.543435228425979,244.333560948847,5.937980422389637,1,chip_simple_dx2p727_dym3p636__Lj12p0nH_Cj2p0fF__roL8p5mm__tee_fl160um_fc12_cg1p2um__rpg1p4um,4.72851008449,6.15393913849,5.502300477457046,242.70006914810185,5.946585208298799,0.0752297286315639,0.0014237004800001785,0.002734958599999615,0.04113475096893282,1.633491800745162,0.008604785909162693
NearestNeighbors,108,chip_simple_dx2p727_dym6p364__Lj12p0nH_Cj2p0fF__roL8p5mm__tee_fl160um_fc12_cg1p2um__rpg1p4um,4.72708638401,6.15667409709,5.543435228425979,244.333560948847,5.937980422389637,2,chip_simple_dxm9p091_dy8p182__Lj12p0nH_Cj2p0fF__roL8p5mm__tee_fl160um_fc12_cg1p2um__rpg1p4um,4.73445099138,6.15478155079,5.603587422172546,243.7500148862952,5.951852940269059,0.11935637765869009,0.007364607370000442,0.0018925462999996867,0.06015219374656677,0.5835460625518181,0.01387251787942212
NearestNeighbors,108,chip_simple_dx2p727_dym6p364__Lj12p0nH_Cj2p0fF__roL8p5mm__tee_fl160um_fc12_cg1p2um__rpg1p4um,4.72708638401,6.15667409709,5.543435228425979,244.333560948847,5.937980422389637,3,chip_simple_dxm2p727_dy3p636__Lj12p0nH_Cj2p0fF__roL8p5mm__tee_fl160um_fc12_cg1p2um__rpg1p4um,4.72771327144,6.17379279793,5.623312453847885,248.72072138405872,5.943747599398507,0.18328898235819785,0.000626887430000167,0.017118700840000223,0.07987722542190578,4.387160435211712,0.005767177008870306
NearestNeighbors,108,chip_simple_dx2p727_dym6p364__Lj12p0nH_Cj2p0fF__roL8p5mm__tee_fl160um_fc12_cg1p2um__rpg1p4um,4.72708638401,6.15667409709,5.543435228425979,244.333560948847,5.937980422389637,4,chip_simple_dxm5p455_dym2p727__Lj12p0nH_Cj2p0fF__roL8p5mm__tee_fl160um_fc12_cg1p2um__rpg1p4um,4.74191288272,6.16037786476,5.586993185428619,242.8607467730461,5.939829633011445,0.19539864269475227,0.014826498710000635,0.0037037676700002464,0.04355795700263965,1.4728141758009201,0.001849210621807984
NearestNeighbors,108,chip_simple_dx2p727_dym6p364__Lj12p0nH_Cj2p0fF__roL8p5mm__tee_fl160um_fc12_cg1p2um__rpg1p4um,4.72708638401,6.15667409709,5.543435228425979,244.333560948847,5.937980422389637,5,chip_simple_dxm9p091_dy10p000__Lj12p0nH_Cj2p0fF__roL8p5mm__tee_fl160um_fc12_cg1p2um__rpg1p4um,4.7252089608,6.13650588385,5.541704983503341,241.53134360669733,5.967068128664825,0.19973338510614744,0.00187742320999984,0.020168213239999844,0.001730244922637958,2.8022173421496746,0.029087706275188197
NearestNeighbors,108,chip_simple_dx2p727_dym6p364__Lj12p0nH_Cj2p0fF__roL8p5mm__tee_fl160um_fc12_cg1p2um__rpg1p4um,4.72708638401,6.15667409709,5.543435228425979,244.333560948847,5.937980422389637,6,chip_simple_dx8p182_dy9p091__Lj12p0nH_Cj2p0fF__roL8p5mm__tee_fl160um_fc12_cg1p2um__rpg1p4um,4.72158254912,6.12778684598,5.69784814260292,244.34494700729925,5.923186679041649,0.20697734971372447,0.005503834889999837,0.028887251109999568,0.15441291417694103,0.011386058452245607,0.014793743347987665
NearestNeighbors,108,chip_simple_dx2p727_dym6p364__Lj12p0nH_Cj2p0fF__roL8p5mm__tee_fl160um_fc12_cg1p2um__rpg1p4um,4.72708638401,6.15667409709,5.543435228425979,244.333560948847,5.937980422389637,7,chip_simple_dxm8p182_dy1p818__Lj12p0nH_Cj2p0fF__roL8p5mm__tee_fl160um_fc12_cg1p2um__rpg1p4um,4.71664457901,6.13034053841,5.655800553245544,244.77506405259857,5.930245532265892,0.2101979567949375,0.010441805000000137,0.026333558680000202,0.11236532481956463,0.44150310375155755,0.00773489012374462
NearestNeighbors,108,chip_simple_dx2p727_dym6p364__Lj12p0nH_Cj2p0fF__roL8p5mm__tee_fl160um_fc12_cg1p2um__rpg1p4um,4.72708638401,6.15667409709,5.543435228425979,244.333560948847,5.937980422389637,8,chip_simple_dx0p909_dym2p727__Lj12p0nH_Cj2p0fF__roL8p5mm__tee_fl160um_fc12_cg1p2um__rpg1p4um,4.73288476866,6.15144010433,5.802761653125763,248.0066040101604,5.946582947290083,0.21025957558996738,0.005798384650000266,0.005233992760000028,0.2593264246997835,3.6730430613133933,0.00860252490044644
NearestNeighbors,108,chip_simple_dx2p727_dym6p364__Lj12p0nH_Cj2p0fF__roL8p5mm__tee_fl160um_fc12_cg1p2um__rpg1p4um,4.72708638401,6.15667409709,5.543435228425979,244.333560948847,5.937980422389637,9,chip_simple_dx0p909_dym9p091__Lj12p0nH_Cj2p0fF__roL8p5mm__tee_fl160um_fc12_cg1p2um__rpg1p4um,4.73292662921,6.13968220021,5.629279759424209,242.34971323214788,5.904117804172508,0.21284127799408903,0.005840245199999927,0.01699189687999958,0.08584453099823008,1.983847716699131,0.033862618217128215
NearestNeighbors,108,chip_simple_dx2p727_dym6p364__Lj12p0nH_Cj2p0fF__roL8p5mm__tee_fl160um_fc12_cg1p2um__rpg1p4um,4.72708638401,6.15667409709,5.543435228425979,244.333560948847,5.937980422389637,10,chip_simple_dxm1p818_dy0p000__Lj12p0nH_Cj2p0fF__roL8p5mm__tee_fl160um_fc12_cg1p2um__rpg1p4um,4.72085109882,6.13674306549,5.771197805171966,247.53443243124363,5.9292022682777255,0.21921863775578848,0.0062352851899998285,0.01993103159999965,0.2277625767459872,3.2008714823966216,0.008778154111911185
NearestNeighbors,109,chip_simple_dx2p727_dym2p727__Lj12p0nH_Cj2p0fF__roL8p5mm__tee_fl160um_fc12_cg1p2um__rpg1p4um,4.74631445878,6.09700835048,5.432559073844909,228.52115913635785,5.873822536131756,1,chip_simple_dx8p182_dy3p636__Lj12p0nH_Cj2p0fF__roL8p5mm__tee_fl160um_fc12_cg1p2um__rpg1p4um,4.74833115983,6.10316137397,5.395294238792419,228.2050160306239,5.868324301832488,0.05482746169407274,0.0020167010500005134,0.006153023489999576,0.037264835052489786,0.3161431057339428,0.005498234299268212
NearestNeighbors,109,chip_simple_dx2p727_dym2p727__Lj12p0nH_Cj2p0fF__roL8p5mm__tee_fl160um_fc12_cg1p2um__rpg1p4um,4.74631445878,6.09700835048,5.432559073844909,228.52115913635785,5.873822536131756,2,chip_simple_dxm6p364_dy5p455__Lj12p0nH_Cj2p0fF__roL8p5mm__tee_fl160um_fc12_cg1p2um__rpg1p4um,4.74714722938,6.10190388125,5.5239915411624905,230.99470980116783,5.886184494438364,0.11672851381318533,0.000832770600000643,0.004895530769999823,0.09143246731758126,2.473550664809977,0.01236195830660769
NearestNeighbors,109,chip_simple_dx2p727_dym2p727__Lj12p0nH_Cj2p0fF__roL8p5mm__tee_fl160um_fc12_cg1p2um__rpg1p4um,4.74631445878,6.09700835048,5.432559073844909,228.52115913635785,5.873822536131756,3,chip_simple_dxm8p182_dy7p273__Lj12p0nH_Cj2p0fF__roL8p5mm__tee_fl160um_fc12_cg1p2um__rpg1p4um,4.73980994773,6.11492139787,5.370422379964828,231.42365600136029,5.863101959116468,0.17256396194506685,0.006504511049999273,0.017913047389999548,0.06213669388008114,2.9024968650024334,0.010720577015288058
NearestNeighbors,109,chip_simple_dx2p727_dym2p727__Lj12p0nH_Cj2p0fF__roL8p5mm__tee_fl160um_fc12_cg1p2um__rpg1p4um,4.74631445878,6.09700835048,5.432559073844909,228.52115913635785,5.873822536131756,4,chip_simple_dxm10p000_dym5p455__Lj12p0nH_Cj2p0fF__roL8p5mm__tee_fl160um_fc12_cg1p2um__rpg1p4um,4.74663028203,6.09244739086,5.497690521795272,229.06180088997965,5.833596212181217,0.1909791308847934,0.0003158232500002356,0.004560959620000027,0.06513144795036307,0.5406417536217987,0.04022632395053982
NearestNeighbors,109,chip_simple_dx2p727_dym2p727__Lj12p0nH_Cj2p0fF__roL8p5mm__tee_fl160um_fc12_cg1p2um__rpg1p4um,4.74631445878,6.09700835048,5.432559073844909,228.52115913635785,5.873822536131756,5,chip_simple_dxm5p455_dy1p818__Lj12p0nH_Cj2p0fF__roL8p5mm__tee_fl160um_fc12_cg1p2um__rpg1p4um,4.7432212798,6.12396808672,5.238211283826828,229.0696122487726,5.878910838755778,0.19211374151918398,0.0030931789799995,0.026959736239999366,0.19434779001808078,0.5484531124147338,0.005088302624021601
NearestNeighbors,109,chip_simple_dx2p727_dym2p727__Lj12p0nH_Cj2p0fF__roL8p5mm__tee_fl160um_fc12_cg1p2um__rpg1p4um,4.74631445878,6.09700835048,5.432559073844909,228.52115913635785,5.873822536131756,6,chip_simple_dxm1p818_dym8p182__Lj12p0nH_Cj2p0fF__roL8p5mm__tee_fl160um_fc12_cg1p2um__rpg1p4um,4.74798045488,6.11757693515,5.274850255846023,227.969236976316,5.908298446157694,0.21647382433904389,0.0016659961000007328,0.020568584669999446,0.15770881799888592,0.5519221600418405,0.03447591002593775
NearestNeighbors,109,chip_simple_dx2p727_dym2p727__Lj12p0nH_Cj2p0fF__roL8p5mm__tee_fl160um_fc12_cg1p2um__rpg1p4um,4.74631445878,6.09700835048,5.432559073844909,228.52115913635785,5.873822536131756,7,chip_simple_dx0p909_dym1p818__Lj12p0nH_Cj2p0fF__roL8p5mm__tee_fl160um_fc12_cg1p2um__rpg1p4um,4.74382125763,6.0716485122,5.499687352653504,226.4433546572846,5.834878033029041,0.24339111639435598,0.0024932011500000684,0.02535983827999999,0.06712827880859518,2.077804479073251,0.0389445031027158
NearestNeighbors,109,chip_simple_dx2p727_dym2p727__Lj12p0nH_Cj2p0fF__roL8p5mm__tee_fl160um_fc12_cg1p2um__rpg1p4um,4.74631445878,6.09700835048,5.432559073844909,228.52115913635785,5.873822536131756,8,chip_simple_dx0p909_dym7p273__Lj12p0nH_Cj2p0fF__roL8p5mm__tee_fl160um_fc12_cg1p2um__rpg1p4um,4.7614879753,6.08901350731,5.709311675077438,229.9700636116568,5.849530220387646,0.27805210923744295,0.015173516519999986,0.007994843170000543,0.27675260123252876,1.4489044752989457,0.024292315744110837
NearestNeighbors,109,chip_simple_dx2p727_dym2p727__Lj12p0nH_Cj2p0fF__roL8p5mm__tee_fl160um_fc12_cg1p2um__rpg1p4um,4.74631445878,6.09700835048,5.432559073844909,228.52115913635785,5.873822536131756,9,chip_simple_dx7p273_dym2p727__Lj12p0nH_Cj2p0fF__roL8p5mm__tee_fl160um_fc12_cg1p2um__rpg1p4um,4.75484668771,6.06921513477,5.718313435150146,228.27848180607165,5.844076080583877,0.2828813093789692,0.008532228930000052,0.02779321571000004,0.2857543613052371,0.24267733028619887,0.02974645554787969
NearestNeighbors,109,chip_simple_dx2p727_dym2p727__Lj12p0nH_Cj2p0fF__roL8p5mm__tee_fl160um_fc12_cg1p2um__rpg1p4um,4.74631445878,6.09700835048,5.432559073844909,228.52115913635785,5.873822536131756,10,chip_simple_dx2p727_dy5p455__Lj12p0nH_Cj2p0fF__roL8p5mm__tee_fl160um_fc12_cg1p2um__rpg1p4um,4.74208651799,6.09436211613,5.726268231283187,235.1566146380877,5.880473450765719,0.2844949351725301,0.004227940789999884,0.0026462343500002206,0.2937091574382782,6.635455501729837,0.0066509146339628344
NearestNeighbors,110,chip_simple_dx2p727_dym1p818__Lj12p0nH_Cj2p0fF__roL8p5mm__tee_fl160um_fc12_cg1p2um__rpg1p4um,4.79645156373,6.00832875415,5.780460235179901,211.2241767155577,5.742636683458404,1,chip_simple_dxm6p364_dym4p545__Lj12p0nH_Cj2p0fF__roL8p5mm__tee_fl160um_fc12_cg1p2um__rpg1p4um,4.77051294453,5.99784752226,5.875309934732437,216.5912114480181,5.743283944916589,0.38048719734424735,0.025938619199999735,0.010481231890000053,0.09484969955253586,5.367034732460411,0.0006472614581856106
NearestNeighbors,110,chip_simple_dx2p727_dym1p818__Lj12p0nH_Cj2p0fF__roL8p5mm__tee_fl160um_fc12_cg1p2um__rpg1p4um,4.79645156373,6.00832875415,5.780460235179901,211.2241767155577,5.742636683458404,2,chip_simple_dxm6p364_dy8p182__Lj12p0nH_Cj2p0fF__roL8p5mm__tee_fl160um_fc12_cg1p2um__rpg1p4um,4.77321503886,6.00455267316,5.383789241537094,207.73583489892687,5.742832726047686,0.3860443286400462,0.02323652486999972,0.0037760809899998193,0.39667099364280745,3.4883418166308218,0.00019604258928218599
NearestNeighbors,110,chip_simple_dx2p727_dym1p818__Lj12p0nH_Cj2p0fF__roL8p5mm__tee_fl160um_fc12_cg1p2um__rpg1p4um,4.79645156373,6.00832875415,5.780460235179901,211.2241767155577,5.742636683458404,3,chip_simple_dx4p545_dy10p000__Lj12p0nH_Cj2p0fF__roL8p5mm__tee_fl160um_fc12_cg1p2um__rpg1p4um,4.77208572646,5.99587669765,5.687584656963348,212.41558975620657,5.693307476185639,0.3924583841251441,0.024365837269999524,0.01245205649999992,0.09287557821655312,1.1914130406488823,0.049329207272764464
NearestNeighbors,110,chip_simple_dx2p727_dym1p818__Lj12p0nH_Cj2p0fF__roL8p5mm__tee_fl160um_fc12_cg1p2um__rpg1p4um,4.79645156373,6.00832875415,5.780460235179901,211.2241767155577,5.742636683458404,4,chip_simple_dx0p000_dym1p818__Lj12p0nH_Cj2p0fF__roL8p5mm__tee_fl160um_fc12_cg1p2um__rpg1p4um,4.77800352664,6.03900127346,5.563499463333129,215.7146221661486,5.782618175352404,0.39267834002697116,0.018448037089999758,0.030672519310000368,0.21696077184677165,4.490445450590897,0.03998149189400024
NearestNeighbors,110,chip_simple_dx2p727_dym1p818__Lj12p0nH_Cj2p0fF__roL8p5mm__tee_fl160um_fc12_cg1p2um__rpg1p4um,4.79645156373,6.00832875415,5.780460235179901,211.2241767155577,5.742636683458404,5,chip_simple_dx5p455_dy5p455__Lj12p0nH_Cj2p0fF__roL8p5mm__tee_fl160um_fc12_cg1p2um__rpg1p4um,4.79166371185,6.05484777073,5.335296250137329,211.0122938310696,5.777759592215692,0.3994647244402303,0.004787851879999749,0.04651901658000046,0.44516398504257193,0.2118828844880909,0.03512290875728841
NearestNeighbors,110,chip_simple_dx2p727_dym1p818__Lj12p0nH_Cj2p0fF__roL8p5mm__tee_fl160um_fc12_cg1p2um__rpg1p4um,4.79645156373,6.00832875415,5.780460235179901,211.2241767155577,5.742636683458404,6,chip_simple_dx7p273_dy9p091__Lj12p0nH_Cj2p0fF__roL8p5mm__tee_fl160um_fc12_cg1p2um__rpg1p4um,4.77325080353,6.03297215026,5.541249745204925,215.22790751327605,5.779259447895125,0.4100604794245731,0.023200760199999948,0.024643396110000104,0.23921048997497607,4.003730797718362,0.03662276443672141
NearestNeighbors,110,chip_simple_dx2p727_dym1p818__Lj12p0nH_Cj2p0fF__roL8p5mm__tee_fl160um_fc12_cg1p2um__rpg1p4um,4.79645156373,6.00832875415,5.780460235179901,211.2241767155577,5.742636683458404,7,chip_simple_dx0p909_dy4p545__Lj12p0nH_Cj2p0fF__roL8p5mm__tee_fl160um_fc12_cg1p2um__rpg1p4um,4.76476123819,6.01779585812,5.4063290720748896,211.87633532782385,5.7317404606293385,0.4563856193915683,0.03169032553999962,0.009467103970000501,0.3741311631050115,0.6521586122661631,0.010896222829065216
NearestNeighbors,110,chip_simple_dx2p727_dym1p818__Lj12p0nH_Cj2p0fF__roL8p5mm__tee_fl160um_fc12_cg1p2um__rpg1p4um,4.79645156373,6.00832875415,5.780460235179901,211.2241767155577,5.742636683458404,8,chip_simple_dx3p636_dym2p727__Lj12p0nH_Cj2p0fF__roL8p5mm__tee_fl160um_fc12_cg1p2um__rpg1p4um,4.78139468148,6.06132052905,5.243374503707885,212.1371321798882,5.765522293104982,0.47556038175441895,0.015056882249999681,0.05299177489999973,0.5370857314720157,0.9129554643305084,0.022885609646578153
NearestNeighbors,110,chip_simple_dx2p727_dym1p818__Lj12p0nH_Cj2p0fF__roL8p5mm__tee_fl160um_fc12_cg1p2um__rpg1p4um,4.79645156373,6.00832875415,5.780460235179901,211.2241767155577,5.742636683458404,9,chip_simple_dxm4p545_dy1p818__Lj12p0nH_Cj2p0fF__roL8p5mm__tee_fl160um_fc12_cg1p2um__rpg1p4um,4.7912337707,6.04949503992,5.623098915470123,215.8825327452169,5.82735004160752,0.4905311562891896,0.0052177930299999176,0.041166285770000144,0.15736131970977763,4.658356029659217,0.0847133581491164
NearestNeighbors,110,chip_simple_dx2p727_dym1p818__Lj12p0nH_Cj2p0fF__roL8p5mm__tee_fl160um_fc12_cg1p2um__rpg1p4um,4.79645156373,6.00832875415,5.780460235179901,211.2241767155577,5.742636683458404,10,chip_simple_dxm10p000_dym3p636__Lj12p0nH_Cj2p0fF__roL8p5mm__tee_fl160um_fc12_cg1p2um__rpg1p4um,4.77990037302,6.04333626236,5.1115355472545625,206.9079404411617,5.789534002440126,0.5387109549381616,0.016551190709999553,0.03500750821000054,0.6689246879253385,4.316236274395976,0.046897318981722336
NearestNeighbors,111,chip_simple_dx3p636_dym3p636__Lj12p0nH_Cj2p0fF__roL8p5mm__tee_fl160um_fc12_cg1p2um__rpg1p4um,4.74777878771,6.12954537699,6.021033943702697,245.8580906627232,5.948433271599349,1,chip_simple_dx0p909_dym2p727__Lj12p0nH_Cj2p0fF__roL8p5mm__tee_fl160um_fc12_cg1p2um__rpg1p4um,4.73288476866,6.15144010433,5.802761653125763,248.0066040101604,5.946582947290083,0.264929986326131,0.014894019049999763,0.02189472733999942,0.21827229057693476,2.148513347437188,0.001850324309265794
NearestNeighbors,111,chip_simple_dx3p636_dym3p636__Lj12p0nH_Cj2p0fF__roL8p5mm__tee_fl160um_fc12_cg1p2um__rpg1p4um,4.74777878771,6.12954537699,6.021033943702697,245.8580906627232,5.948433271599349,2,chip_simple_dx0p000_dy0p000__Lj12p0nH_Cj2p0fF__roL8p5mm__tee_fl160um_fc12_cg1p2um__rpg1p4um,4.73427745419,6.0988951142,5.960086310180664,242.41626861962845,5.922689635063685,0.2939499320958109,0.013501333519999825,0.03065026279000005,0.060947633522033584,3.44182204309476,0.025743636535663583
NearestNeighbors,111,chip_simple_dx3p636_dym3p636__Lj12p0nH_Cj2p0fF__roL8p5mm__tee_fl160um_fc12_cg1p2um__rpg1p4um,4.74777878771,6.12954537699,6.021033943702697,245.8580906627232,5.948433271599349,3,chip_simple_dxm5p455_dy8p182__Lj12p0nH_Cj2p0fF__roL8p5mm__tee_fl160um_fc12_cg1p2um__rpg1p4um,4.73624038147,6.10517374819,5.883827769510269,241.3915804124541,5.9183738212690695,0.2948611980819641,0.011538406239999688,0.02437162879999999,0.13720617419242842,4.466510250269124,0.030059450330279347
NearestNeighbors,111,chip_simple_dx3p636_dym3p636__Lj12p0nH_Cj2p0fF__roL8p5mm__tee_fl160um_fc12_cg1p2um__rpg1p4um,4.74777878771,6.12954537699,6.021033943702697,245.8580906627232,5.948433271599349,4,chip_simple_dxm5p455_dym2p727__Lj12p0nH_Cj2p0fF__roL8p5mm__tee_fl160um_fc12_cg1p2um__rpg1p4um,4.74191288272,6.16037786476,5.586993185428619,242.8607467730461,5.939829633011445,0.32594516920196004,0.005865904989999393,0.030832487769999695,0.4340407582740786,2.9973438896771256,0.00860363858790425
NearestNeighbors,111,chip_simple_dx3p636_dym3p636__Lj12p0nH_Cj2p0fF__roL8p5mm__tee_fl160um_fc12_cg1p2um__rpg1p4um,4.74777878771,6.12954537699,6.021033943702697,245.8580906627232,5.948433271599349,5,chip_simple_dxm9p091_dy8p182__Lj12p0nH_Cj2p0fF__roL8p5mm__tee_fl160um_fc12_cg1p2um__rpg1p4um,4.73445099138,6.15478155079,5.603587422172546,243.7500148862952,5.951852940269059,0.32887219511377547,0.013327796329999586,0.02523617379999976,0.4174465215301515,2.1080757764280236,0.0034196686697098855
NearestNeighbors,111,chip_simple_dx3p636_dym3p636__Lj12p0nH_Cj2p0fF__roL8p5mm__tee_fl160um_fc12_cg1p2um__rpg1p4um,4.74777878771,6.12954537699,6.021033943702697,245.8580906627232,5.948433271599349,6,chip_simple_dxm7p273_dym4p545__Lj12p0nH_Cj2p0fF__roL8p5mm__tee_fl160um_fc12_cg1p2um__rpg1p4um,4.76380015433,6.14550226789,5.776891046072006,239.9698081278679,5.934439901039121,0.33234878510482885,0.01602136662000042,0.015956890900000076,0.24414289763069164,5.888282534855307,0.01399337056022798
NearestNeighbors,111,chip_simple_dx3p636_dym3p636__Lj12p0nH_Cj2p0fF__roL8p5mm__tee_fl160um_fc12_cg1p2um__rpg1p4um,4.74777878771,6.12954537699,6.021033943702697,245.8580906627232,5.948433271599349,7,chip_simple_dxm1p818_dy5p455__Lj12p0nH_Cj2p0fF__roL8p5mm__tee_fl160um_fc12_cg1p2um__rpg1p4um,4.73603070326,6.09721269024,5.885714801893234,240.218625475818,5.910505601584163,0.3552792112393623,0.011748084449999752,0.03233268675000023,0.1353191418094637,5.639465186905227,0.037927670015186266
NearestNeighbors,111,chip_simple_dx3p636_dym3p636__Lj12p0nH_Cj2p0fF__roL8p5mm__tee_fl160um_fc12_cg1p2um__rpg1p4um,4.74777878771,6.12954537699,6.021033943702697,245.8580906627232,5.948433271599349,8,chip_simple_dx0p909_dym9p091__Lj12p0nH_Cj2p0fF__roL8p5mm__tee_fl160um_fc12_cg1p2um__rpg1p4um,4.73292662921,6.13968220021,5.629279759424209,242.34971323214788,5.904117804172508,0.37659730412234105,0.014852158500000101,0.010136823219999869,0.3917541842784882,3.5083774305753366,0.04431546742684045
NearestNeighbors,111,chip_simple_dx3p636_dym3p636__Lj12p0nH_Cj2p0fF__roL8p5mm__tee_fl160um_fc12_cg1p2um__rpg1p4um,4.74777878771,6.12954537699,6.021033943702697,245.8580906627232,5.948433271599349,9,chip_simple_dxm1p818_dy0p000__Lj12p0nH_Cj2p0fF__roL8p5mm__tee_fl160um_fc12_cg1p2um__rpg1p4um,4.72085109882,6.13674306549,5.771197805171966,247.53443243124363,5.9292022682777255,0.3828524750643395,0.026927688889999857,0.007197688499999799,0.24983613853073106,1.676341768520416,0.01923100332162342
NearestNeighbors,111,chip_simple_dx3p636_dym3p636__Lj12p0nH_Cj2p0fF__roL8p5mm__tee_fl160um_fc12_cg1p2um__rpg1p4um,4.74777878771,6.12954537699,6.021033943702697,245.8580906627232,5.948433271599349,10,chip_simple_dx8p182_dy9p091__Lj12p0nH_Cj2p0fF__roL8p5mm__tee_fl160um_fc12_cg1p2um__rpg1p4um,4.72158254912,6.12778684598,5.69784814260292,244.34494700729925,5.923186679041649,0.3966085633825787,0.026196238589999865,0.0017585310100001195,0.32318580109977724,1.51314365542396,0.0252465925576999
NearestNeighbors,112,chip_simple_dx4p545_dym8p182__Lj12p0nH_Cj2p0fF__roL8p5mm__tee_fl160um_fc12_cg1p2um__rpg1p4um,4.75308547284,6.17343119835,5.396160117353439,238.3080880769413,5.979312965249873,1,chip_simple_dx7p273_dy3p636__Lj12p0nH_Cj2p0fF__roL8p5mm__tee_fl160um_fc12_cg1p2um__rpg1p4um,4.74821889126,6.18095763125,5.310853707441329,238.5284024323724,5.986140819335255,0.0939733503781986,0.004866581579999973,0.007526432899999769,0.08530640991210969,0.22031435543109978,0.006827854085382334
NearestNeighbors,112,chip_simple_dx4p545_dym8p182__Lj12p0nH_Cj2p0fF__roL8p5mm__tee_fl160um_fc12_cg1p2um__rpg1p4um,4.75308547284,6.17343119835,5.396160117353439,238.3080880769413,5.979312965249873,2,chip_simple_dxm0p909_dy10p000__Lj12p0nH_Cj2p0fF__roL8p5mm__tee_fl160um_fc12_cg1p2um__rpg1p4um,4.7596073888,6.17130833515,5.436190106533051,237.52990155709296,5.985712615463627,0.09431841530195743,0.006521915960000513,0.0021228632000003245,0.04002998917961165,0.7781865198483331,0.0063996502137539935
NearestNeighbors,112,chip_simple_dx4p545_dym8p182__Lj12p0nH_Cj2p0fF__roL8p5mm__tee_fl160um_fc12_cg1p2um__rpg1p4um,4.75308547284,6.17343119835,5.396160117353439,238.3080880769413,5.979312965249873,3,chip_simple_dx6p364_dy5p455__Lj12p0nH_Cj2p0fF__roL8p5mm__tee_fl160um_fc12_cg1p2um__rpg1p4um,4.75961106113,6.17987418055,5.471624193309784,239.6637891813426,5.978039249428953,0.10912250541044816,0.006525588290000606,0.006442982199999392,0.07546407595634452,1.3557011044013052,0.0012737158209201738
NearestNeighbors,112,chip_simple_dx4p545_dym8p182__Lj12p0nH_Cj2p0fF__roL8p5mm__tee_fl160um_fc12_cg1p2um__rpg1p4um,4.75308547284,6.17343119835,5.396160117353439,238.3080880769413,5.979312965249873,4,chip_simple_dx8p182_dy4p545__Lj12p0nH_Cj2p0fF__roL8p5mm__tee_fl160um_fc12_cg1p2um__rpg1p4um,4.75384775336,6.16753807894,5.472293931138992,238.92779525541928,6.000528213189532,0.11372253736113136,0.0007622805200000471,0.00589311941000048,0.07613381378555317,0.6197071784779951,0.021215247939658788
NearestNeighbors,112,chip_simple_dx4p545_dym8p182__Lj12p0nH_Cj2p0fF__roL8p5mm__tee_fl160um_fc12_cg1p2um__rpg1p4um,4.75308547284,6.17343119835,5.396160117353439,238.3080880769413,5.979312965249873,5,chip_simple_dxm3p636_dym5p455__Lj12p0nH_Cj2p0fF__roL8p5mm__tee_fl160um_fc12_cg1p2um__rpg1p4um,4.75384647125,6.17600229225,5.254790726247787,235.36565084982217,5.967505983663928,0.13902988085322832,0.0007609984100005462,0.0025710938999994326,0.14136939110565194,2.9424372271191146,0.011806981585944953
NearestNeighbors,112,chip_simple_dx4p545_dym8p182__Lj12p0nH_Cj2p0fF__roL8p5mm__tee_fl160um_fc12_cg1p2um__rpg1p4um,4.75308547284,6.17343119835,5.396160117353439,238.3080880769413,5.979312965249873,6,chip_simple_dx10p000_dym0p909__Lj12p0nH_Cj2p0fF__roL8p5mm__tee_fl160um_fc12_cg1p2um__rpg1p4um,4.75606154742,6.16778888448,5.306044165422439,234.7878664070657,5.968817326650227,0.14580231718711367,0.0029760745800002653,0.005642313870000137,0.09011595193099975,3.520221669875582,0.010495638599645751
NearestNeighbors,112,chip_simple_dx4p545_dym8p182__Lj12p0nH_Cj2p0fF__roL8p5mm__tee_fl160um_fc12_cg1p2um__rpg1p4um,4.75308547284,6.17343119835,5.396160117353439,238.3080880769413,5.979312965249873,7,chip_simple_dx9p091_dym2p727__Lj12p0nH_Cj2p0fF__roL8p5mm__tee_fl160um_fc12_cg1p2um__rpg1p4um,4.75421160279,6.18453840176,5.473107182682037,241.5748597938345,5.95940112810006,0.1621977407147652,0.0011261299500002764,0.011107203409999933,0.07694706532859819,3.266771716893203,0.01991183714981304
NearestNeighbors,112,chip_simple_dx4p545_dym8p182__Lj12p0nH_Cj2p0fF__roL8p5mm__tee_fl160um_fc12_cg1p2um__rpg1p4um,4.75308547284,6.17343119835,5.396160117353439,238.3080880769413,5.979312965249873,8,chip_simple_dxm0p909_dym7p273__Lj12p0nH_Cj2p0fF__roL8p5mm__tee_fl160um_fc12_cg1p2um__rpg1p4um,4.75815924126,6.1503762955,5.517979939285278,236.3512702128378,5.986477532708683,0.1750863480731691,0.005073768419999958,0.023054902850000225,0.12181982193183938,1.956817864103499,0.007164567458810112
NearestNeighbors,112,chip_simple_dx4p545_dym8p182__Lj12p0nH_Cj2p0fF__roL8p5mm__tee_fl160um_fc12_cg1p2um__rpg1p4um,4.75308547284,6.17343119835,5.396160117353439,238.3080880769413,5.979312965249873,9,chip_simple_dx0p000_dy1p818__Lj12p0nH_Cj2p0fF__roL8p5mm__tee_fl160um_fc12_cg1p2um__rpg1p4um,4.73893431681,6.15716579206,5.395158588809967,238.6641224689724,5.982980691110814,0.2004787722012908,0.014151156029999612,0.016265406290000506,0.0010015285434716859,0.35603439203111975,0.0036677258609412178
NearestNeighbors,112,chip_simple_dx4p545_dym8p182__Lj12p0nH_Cj2p0fF__roL8p5mm__tee_fl160um_fc12_cg1p2um__rpg1p4um,4.75308547284,6.17343119835,5.396160117353439,238.3080880769413,5.979312965249873,10,chip_simple_dxm4p545_dym6p364__Lj12p0nH_Cj2p0fF__roL8p5mm__tee_fl160um_fc12_cg1p2um__rpg1p4um,4.74104877837,6.16936058387,5.221749590709687,236.1747219770442,5.96712878511157,0.20306028624797187,0.012036694469999887,0.004070614480000678,0.17441052664375167,2.1333660998971027,0.012184180138302914
NearestNeighbors,113,chip_simple_dx4p545_dy1p818__Lj12p0nH_Cj2p0fF__roL8p5mm__tee_fl160um_fc12_cg1p2um__rpg1p4um,4.69868257573,6.0187323908,6.370664913076401,244.86051310279487,5.748930898042892,1,chip_simple_dx4p545_dy8p182__Lj12p0nH_Cj2p0fF__roL8p5mm__tee_fl160um_fc12_cg1p2um__rpg1p4um,4.70036060337,6.01714554975,6.5398732121944425,247.5618554633448,5.735240697540928,0.14754093511619484,0.0016780276399996907,0.0015868410499999541,0.1692082991180417,2.701342360549944,0.0136902005019639
NearestNeighbors,113,chip_simple_dx4p545_dy1p818__Lj12p0nH_Cj2p0fF__roL8p5mm__tee_fl160um_fc12_cg1p2um__rpg1p4um,4.69868257573,6.0187323908,6.370664913076401,244.86051310279487,5.748930898042892,2,chip_simple_dxm5p455_dy5p455__Lj12p0nH_Cj2p0fF__roL8p5mm__tee_fl160um_fc12_cg1p2um__rpg1p4um,4.69664345676,6.00251231895,6.402382590307235,243.11298591036652,5.78257654231619,0.19096965319518647,0.0020391189699999757,0.016220071850000295,0.03171767723083452,1.7475271924283504,0.03364564427329775
NearestNeighbors,113,chip_simple_dx4p545_dy1p818__Lj12p0nH_Cj2p0fF__roL8p5mm__tee_fl160um_fc12_cg1p2um__rpg1p4um,4.69868257573,6.0187323908,6.370664913076401,244.86051310279487,5.748930898042892,3,chip_simple_dxm1p818_dym0p909__Lj12p0nH_Cj2p0fF__roL8p5mm__tee_fl160um_fc12_cg1p2um__rpg1p4um,4.70639430606,5.99506656694,6.5980849503116605,243.31746149783123,5.745323603133637,0.21466814336925477,0.007711730329999611,0.023665823860000046,0.22742003723525972,1.5430516049636367,0.0036072949092549322
NearestNeighbors,113,chip_simple_dx4p545_dy1p818__Lj12p0nH_Cj2p0fF__roL8p5mm__tee_fl160um_fc12_cg1p2um__rpg1p4um,4.69868257573,6.0187323908,6.370664913076401,244.86051310279487,5.748930898042892,4,chip_simple_dxm8p182_dy8p182__Lj12p0nH_Cj2p0fF__roL8p5mm__tee_fl160um_fc12_cg1p2um__rpg1p4um,4.69817066512,6.00885580001,6.295239226005554,241.8291948786944,5.700576278405732,0.25410003659864694,0.0005119106100002213,0.00987659079000025,0.07542568707084651,3.0313182241004597,0.048354619637160035
NearestNeighbors,113,chip_simple_dx4p545_dy1p818__Lj12p0nH_Cj2p0fF__roL8p5mm__tee_fl160um_fc12_cg1p2um__rpg1p4um,4.69868257573,6.0187323908,6.370664913076401,244.86051310279487,5.748930898042892,5,chip_simple_dx7p273_dym9p091__Lj12p0nH_Cj2p0fF__roL8p5mm__tee_fl160um_fc12_cg1p2um__rpg1p4um,4.6928216438,6.0417170803,6.165310552288055,246.04724963381204,5.790205003998438,0.26960293874383345,0.005860931930000035,0.022984689499999433,0.20535436078834568,1.186736531017175,0.04127410595554615
NearestNeighbors,113,chip_simple_dx4p545_dy1p818__Lj12p0nH_Cj2p0fF__roL8p5mm__tee_fl160um_fc12_cg1p2um__rpg1p4um,4.69868257573,6.0187323908,6.370664913076401,244.86051310279487,5.748930898042892,6,chip_simple_dx9p091_dy9p091__Lj12p0nH_Cj2p0fF__roL8p5mm__tee_fl160um_fc12_cg1p2um__rpg1p4um,4.71043253304,6.00858502332,6.520098717010498,243.3943878228609,5.702711731566599,0.2819737517782442,0.011749957309999282,0.010147367480000113,0.14943380393409722,1.4661252799339763,0.04621916647629298
NearestNeighbors,113,chip_simple_dx4p545_dy1p818__Lj12p0nH_Cj2p0fF__roL8p5mm__tee_fl160um_fc12_cg1p2um__rpg1p4um,4.69868257573,6.0187323908,6.370664913076401,244.86051310279487,5.748930898042892,7,chip_simple_dxm6p364_dy0p909__Lj12p0nH_Cj2p0fF__roL8p5mm__tee_fl160um_fc12_cg1p2um__rpg1p4um,4.69107050135,6.04188144188,5.995209583665847,242.9076041180208,5.775200553792946,0.29871611818717664,0.007612074380000777,0.02314905107999987,0.3754553294105536,1.9529089847740693,0.026269655750053467
NearestNeighbors,113,chip_simple_dx4p545_dy1p818__Lj12p0nH_Cj2p0fF__roL8p5mm__tee_fl160um_fc12_cg1p2um__rpg1p4um,4.69868257573,6.0187323908,6.370664913076401,244.86051310279487,5.748930898042892,8,chip_simple_dx8p182_dy0p000__Lj12p0nH_Cj2p0fF__roL8p5mm__tee_fl160um_fc12_cg1p2um__rpg1p4um,4.69396142723,6.02675894613,5.976145094621658,239.3240589141231,5.749179643443574,0.2989054146218831,0.004721148500000716,0.008026555329999852,0.39451981845474293,5.536454188671769,0.0002487454006816492
NearestNeighbors,113,chip_simple_dx4p545_dy1p818__Lj12p0nH_Cj2p0fF__roL8p5mm__tee_fl160um_fc12_cg1p2um__rpg1p4um,4.69868257573,6.0187323908,6.370664913076401,244.86051310279487,5.748930898042892,9,chip_simple_dx6p364_dym4p545__Lj12p0nH_Cj2p0fF__roL8p5mm__tee_fl160um_fc12_cg1p2um__rpg1p4um,4.70542995999,5.98920452189,6.345821467342376,237.78954520480733,5.738142979039027,0.30545032719450405,0.006747384259999656,0.0295278689100007,0.024843445734024527,7.070967897987543,0.010787919003865554
NearestNeighbors,113,chip_simple_dx4p545_dy1p818__Lj12p0nH_Cj2p0fF__roL8p5mm__tee_fl160um_fc12_cg1p2um__rpg1p4um,4.69868257573,6.0187323908,6.370664913076401,244.86051310279487,5.748930898042892,10,chip_simple_dx6p364_dym8p182__Lj12p0nH_Cj2p0fF__roL8p5mm__tee_fl160um_fc12_cg1p2um__rpg1p4um,4.68289685799,6.03950968128,6.342246218194961,251.4677802258079,5.7350158185845,0.32597100764779297,0.015785717740000038,0.020777290479999877,0.028418694881439777,6.607267123013031,0.013915079458391766
NearestNeighbors,114,chip_simple_dx5p455_dym4p545__Lj12p0nH_Cj2p0fF__roL8p5mm__tee_fl160um_fc12_cg1p2um__rpg1p4um,4.69472936147,5.99210974881,6.508161545293808,243.8217298199476,5.725711006734401,1,chip_simple_dxm1p818_dym0p909__Lj12p0nH_Cj2p0fF__roL8p5mm__tee_fl160um_fc12_cg1p2um__rpg1p4um,4.70639430606,5.99506656694,6.5980849503116605,243.31746149783123,5.745323603133637,0.18075167843373505,0.01166494458999967,0.0029568181300003715,0.08992340501785279,0.50426832211636,0.019612596399236182
NearestNeighbors,114,chip_simple_dx5p455_dym4p545__Lj12p0nH_Cj2p0fF__roL8p5mm__tee_fl160um_fc12_cg1p2um__rpg1p4um,4.69472936147,5.99210974881,6.508161545293808,243.8217298199476,5.725711006734401,2,chip_simple_dx4p545_dy8p182__Lj12p0nH_Cj2p0fF__roL8p5mm__tee_fl160um_fc12_cg1p2um__rpg1p4um,4.70036060337,6.01714554975,6.5398732121944425,247.5618554633448,5.735240697540928,0.2060835580057132,0.0056312418999997504,0.025035800940000463,0.03171166690063476,3.7401256433972208,0.009529690806527213
NearestNeighbors,114,chip_simple_dx5p455_dym4p545__Lj12p0nH_Cj2p0fF__roL8p5mm__tee_fl160um_fc12_cg1p2um__rpg1p4um,4.69472936147,5.99210974881,6.508161545293808,243.8217298199476,5.725711006734401,3,chip_simple_dxm8p182_dy8p182__Lj12p0nH_Cj2p0fF__roL8p5mm__tee_fl160um_fc12_cg1p2um__rpg1p4um,4.69817066512,6.00885580001,6.295239226005554,241.8291948786944,5.700576278405732,0.20669847114700488,0.0034413036499998384,0.016746051200000167,0.21292231928825345,1.992534941253183,0.02513472832866892
NearestNeighbors,114,chip_simple_dx5p455_dym4p545__Lj12p0nH_Cj2p0fF__roL8p5mm__tee_fl160um_fc12_cg1p2um__rpg1p4um,4.69472936147,5.99210974881,6.508161545293808,243.8217298199476,5.725711006734401,4,chip_simple_dx9p091_dy9p091__Lj12p0nH_Cj2p0fF__roL8p5mm__tee_fl160um_fc12_cg1p2um__rpg1p4um,4.71043253304,6.00858502332,6.520098717010498,243.3943878228609,5.702711731566599,0.24225884482170312,0.01570317156999934,0.016475274510000304,0.011937171716690287,0.4273419970866996,0.02299927516780187
NearestNeighbors,114,chip_simple_dx5p455_dym4p545__Lj12p0nH_Cj2p0fF__roL8p5mm__tee_fl160um_fc12_cg1p2um__rpg1p4um,4.69472936147,5.99210974881,6.508161545293808,243.8217298199476,5.725711006734401,5,chip_simple_dxm3p636_dym3p636__Lj12p0nH_Cj2p0fF__roL8p5mm__tee_fl160um_fc12_cg1p2um__rpg1p4um,4.68717781389,5.97834346452,6.698308181764602,246.63062343353235,5.688222825454348,0.25467565821462324,0.007551547580000317,0.01376628428999993,0.19014663647079466,2.8088936135847575,0.037488181280052935
NearestNeighbors,114,chip_simple_dx5p455_dym4p545__Lj12p0nH_Cj2p0fF__roL8p5mm__tee_fl160um_fc12_cg1p2um__rpg1p4um,4.69472936147,5.99210974881,6.508161545293808,243.8217298199476,5.725711006734401,6,chip_simple_dx9p091_dy10p000__Lj12p0nH_Cj2p0fF__roL8p5mm__tee_fl160um_fc12_cg1p2um__rpg1p4um,4.69926836053,5.96788032666,6.480939449926376,237.9698333652788,5.70456835918075,0.2641431993208861,0.004538999059999327,0.024229422150000346,0.027222095367431365,5.851896454668804,0.021142647553650917
NearestNeighbors,114,chip_simple_dx5p455_dym4p545__Lj12p0nH_Cj2p0fF__roL8p5mm__tee_fl160um_fc12_cg1p2um__rpg1p4um,4.69472936147,5.99210974881,6.508161545293808,243.8217298199476,5.725711006734401,7,chip_simple_dx6p364_dym4p545__Lj12p0nH_Cj2p0fF__roL8p5mm__tee_fl160um_fc12_cg1p2um__rpg1p4um,4.70542995999,5.98920452189,6.345821467342376,237.78954520480733,5.738142979039027,0.26637425490928257,0.010700598519999716,0.002905226920000281,0.16234007795143146,6.032184615140267,0.01243197230462556
NearestNeighbors,114,chip_simple_dx5p455_dym4p545__Lj12p0nH_Cj2p0fF__roL8p5mm__tee_fl160um_fc12_cg1p2um__rpg1p4um,4.69472936147,5.99210974881,6.508161545293808,243.8217298199476,5.725711006734401,8,chip_simple_dxm5p455_dy5p455__Lj12p0nH_Cj2p0fF__roL8p5mm__tee_fl160um_fc12_cg1p2um__rpg1p4um,4.69664345676,6.00251231895,6.402382590307235,243.11298591036652,5.78257654231619,0.27616542247247633,0.001914095290000084,0.010402570140000122,0.10577895498657242,0.7087439095810737,0.05686553558178886
NearestNeighbors,114,chip_simple_dx5p455_dym4p545__Lj12p0nH_Cj2p0fF__roL8p5mm__tee_fl160um_fc12_cg1p2um__rpg1p4um,4.69472936147,5.99210974881,6.508161545293808,243.8217298199476,5.725711006734401,9,chip_simple_dx9p091_dym0p909__Lj12p0nH_Cj2p0fF__roL8p5mm__tee_fl160um_fc12_cg1p2um__rpg1p4um,4.69833241253,5.9700084278,6.424561027713775,237.54943824235883,5.679426145956277,0.330157805177823,0.0036030510599998067,0.022101321010000063,0.08360051758003273,6.27229157758876,0.046284860778124326
NearestNeighbors,114,chip_simple_dx5p455_dym4p545__Lj12p0nH_Cj2p0fF__roL8p5mm__tee_fl160um_fc12_cg1p2um__rpg1p4um,4.69472936147,5.99210974881,6.508161545293808,243.8217298199476,5.725711006734401,10,chip_simple_dx6p364_dy8p182__Lj12p0nH_Cj2p0fF__roL8p5mm__tee_fl160um_fc12_cg1p2um__rpg1p4um,4.68815638567,6.01539640302,6.651202537282943,252.1465005767916,5.735438248599257,0.3321130849779035,0.006572975800000158,0.023286654209999647,0.14304099198913534,8.324770756844003,0.009727241864855962
NearestNeighbors,115,chip_simple_dx6p364_dym3p636__Lj12p0nH_Cj2p0fF__roL8p5mm__tee_fl160um_fc12_cg1p2um__rpg1p4um,4.71402075523,6.0245119494,5.5386759384231565,225.8283250558296,5.6832973122206925,1,chip_simple_dx0p000_dym2p727__Lj12p0nH_Cj2p0fF__roL8p5mm__tee_fl160um_fc12_cg1p2um__rpg1p4um,4.72308106304,6.01925382396,5.781981496412277,228.09975736372985,5.690176383635383,0.19834908806986895,0.009060307810000445,0.00525812544000015,0.24330555798912012,2.2714323079002554,0.006879071414690685
NearestNeighbors,115,chip_simple_dx6p364_dym3p636__Lj12p0nH_Cj2p0fF__roL8p5mm__tee_fl160um_fc12_cg1p2um__rpg1p4um,4.71402075523,6.0245119494,5.5386759384231565,225.8283250558296,5.6832973122206925,2,chip_simple_dxm0p909_dy7p273__Lj12p0nH_Cj2p0fF__roL8p5mm__tee_fl160um_fc12_cg1p2um__rpg1p4um,4.70613110667,5.99730794943,5.718138606563568,226.7890078045864,5.726349608257517,0.2883020360940742,0.007889648559999962,0.027203999970000226,0.17946266814041145,0.9606827487567955,0.0430522960368247
NearestNeighbors,115,chip_simple_dx6p364_dym3p636__Lj12p0nH_Cj2p0fF__roL8p5mm__tee_fl160um_fc12_cg1p2um__rpg1p4um,4.71402075523,6.0245119494,5.5386759384231565,225.8283250558296,5.6832973122206925,3,chip_simple_dx1p818_dym10p000__Lj12p0nH_Cj2p0fF__roL8p5mm__tee_fl160um_fc12_cg1p2um__rpg1p4um,4.71825339915,6.0249810499,5.668253818870544,227.73903094203945,5.741519544932768,0.28944595002256407,0.004232643920000001,0.00046910050000015246,0.12957788044738727,1.910705886209854,0.05822223271207516
NearestNeighbors,115,chip_simple_dx6p364_dym3p636__Lj12p0nH_Cj2p0fF__roL8p5mm__tee_fl160um_fc12_cg1p2um__rpg1p4um,4.71402075523,6.0245119494,5.5386759384231565,225.8283250558296,5.6832973122206925,4,chip_simple_dx1p818_dy7p273__Lj12p0nH_Cj2p0fF__roL8p5mm__tee_fl160um_fc12_cg1p2um__rpg1p4um,4.70826655373,5.99263086685,5.863451439090729,228.39791043317305,5.715696208117421,0.3158167779121736,0.005754201500000278,0.031881082549999995,0.3247755006675721,2.569585377343458,0.03239889589672895
NearestNeighbors,115,chip_simple_dx6p364_dym3p636__Lj12p0nH_Cj2p0fF__roL8p5mm__tee_fl160um_fc12_cg1p2um__rpg1p4um,4.71402075523,6.0245119494,5.5386759384231565,225.8283250558296,5.6832973122206925,5,chip_simple_dx1p818_dym1p818__Lj12p0nH_Cj2p0fF__roL8p5mm__tee_fl160um_fc12_cg1p2um__rpg1p4um,4.72149319155,6.00383369896,5.970341072605133,229.6082734110952,5.650635763318174,0.3459150896936011,0.007472436319999609,0.0206782504399996,0.4316651341819764,3.779948355265617,0.032661548902518156
NearestNeighbors,115,chip_simple_dx6p364_dym3p636__Lj12p0nH_Cj2p0fF__roL8p5mm__tee_fl160um_fc12_cg1p2um__rpg1p4um,4.71402075523,6.0245119494,5.5386759384231565,225.8283250558296,5.6832973122206925,6,chip_simple_dxm3p636_dy0p000__Lj12p0nH_Cj2p0fF__roL8p5mm__tee_fl160um_fc12_cg1p2um__rpg1p4um,4.70838073554,5.99696765617,5.903114487281799,229.85254512138803,5.729679412558419,0.36639792158502177,0.005640019690000386,0.027544293230000072,0.3644385488586428,4.024220065558438,0.04638210033772694
NearestNeighbors,115,chip_simple_dx6p364_dym3p636__Lj12p0nH_Cj2p0fF__roL8p5mm__tee_fl160um_fc12_cg1p2um__rpg1p4um,4.71402075523,6.0245119494,5.5386759384231565,225.8283250558296,5.6832973122206925,7,chip_simple_dxm9p091_dym0p909__Lj12p0nH_Cj2p0fF__roL8p5mm__tee_fl160um_fc12_cg1p2um__rpg1p4um,4.70861223691,5.97190035235,5.828280176078796,224.2856497209385,5.726841959580289,0.3997047234853973,0.005408518320000333,0.05261159705000029,0.2896042376556398,1.5426753348911006,0.043544647359596844
NearestNeighbors,115,chip_simple_dx6p364_dym3p636__Lj12p0nH_Cj2p0fF__roL8p5mm__tee_fl160um_fc12_cg1p2um__rpg1p4um,4.71402075523,6.0245119494,5.5386759384231565,225.8283250558296,5.6832973122206925,8,chip_simple_dxm3p636_dy8p182__Lj12p0nH_Cj2p0fF__roL8p5mm__tee_fl160um_fc12_cg1p2um__rpg1p4um,4.73729832468,6.03809876203,5.615429738752365,224.8091277096963,5.742262433762976,0.4092587375028579,0.023277569450000257,0.013586812629999834,0.07675380032920831,1.0191973461332964,0.058965121542283505
NearestNeighbors,115,chip_simple_dx6p364_dym3p636__Lj12p0nH_Cj2p0fF__roL8p5mm__tee_fl160um_fc12_cg1p2um__rpg1p4um,4.71402075523,6.0245119494,5.5386759384231565,225.8283250558296,5.6832973122206925,9,chip_simple_dx3p636_dym4p545__Lj12p0nH_Cj2p0fF__roL8p5mm__tee_fl160um_fc12_cg1p2um__rpg1p4um,4.73608663371,6.03725752393,5.823189326255798,229.1116188550764,5.733624292767639,0.41589649304950344,0.0220658784800003,0.012745574530000248,0.28451338783264113,3.283293799246792,0.05032698054694684
NearestNeighbors,115,chip_simple_dx6p364_dym3p636__Lj12p0nH_Cj2p0fF__roL8p5mm__tee_fl160um_fc12_cg1p2um__rpg1p4um,4.71402075523,6.0245119494,5.5386759384231565,225.8283250558296,5.6832973122206925,10,chip_simple_dx0p909_dym8p182__Lj12p0nH_Cj2p0fF__roL8p5mm__tee_fl160um_fc12_cg1p2um__rpg1p4um,4.70055739372,6.00934439173,5.9578544504756925,234.711210840026,5.695445771960415,0.42829320936922693,0.013463361510000382,0.015167557669999887,0.419178512052536,8.882885784196418,0.012148459739722561
NearestNeighbors,116,chip_simple_dx6p364_dy1p818__Lj12p0nH_Cj2p0fF__roL8p5mm__tee_fl160um_fc12_cg1p2um__rpg1p4um,4.78660549975,6.1040397152,5.110710218223572,214.76827989123595,5.886049446197547,1,chip_simple_dx0p000_dym7p273__Lj12p0nH_Cj2p0fF__roL8p5mm__tee_fl160um_fc12_cg1p2um__rpg1p4um,4.77705046101,6.10812065882,5.159243787857055,218.32852182588368,5.871090142169181,0.18619592079036176,0.009555038740000299,0.004080943619999999,0.04853356963348343,3.5602419346477348,0.014959304028366205
NearestNeighbors,116,chip_simple_dx6p364_dy1p818__Lj12p0nH_Cj2p0fF__roL8p5mm__tee_fl160um_fc12_cg1p2um__rpg1p4um,4.78660549975,6.1040397152,5.110710218223572,214.76827989123595,5.886049446197547,2,chip_simple_dxm9p091_dy5p455__Lj12p0nH_Cj2p0fF__roL8p5mm__tee_fl160um_fc12_cg1p2um__rpg1p4um,4.78169743721,6.10774822215,4.959060187129974,213.03713969424035,5.8520251844503886,0.1982526575424399,0.004908062540000202,0.0037085069499998013,0.15165003109359798,1.7311401969955966,0.03402426174715867
NearestNeighbors,116,chip_simple_dx6p364_dy1p818__Lj12p0nH_Cj2p0fF__roL8p5mm__tee_fl160um_fc12_cg1p2um__rpg1p4um,4.78660549975,6.1040397152,5.110710218223572,214.76827989123595,5.886049446197547,3,chip_simple_dxm6p364_dy6p364__Lj12p0nH_Cj2p0fF__roL8p5mm__tee_fl160um_fc12_cg1p2um__rpg1p4um,4.77968562303,6.13817726431,4.976445117803573,218.3155079469365,5.901178274814836,0.2616313636433044,0.006919876720000495,0.03413754911000044,0.13426510041999862,3.5472280557005433,0.01512882861728837
NearestNeighbors,116,chip_simple_dx6p364_dy1p818__Lj12p0nH_Cj2p0fF__roL8p5mm__tee_fl160um_fc12_cg1p2um__rpg1p4um,4.78660549975,6.1040397152,5.110710218223572,214.76827989123595,5.886049446197547,4,chip_simple_dxm10p000_dym0p909__Lj12p0nH_Cj2p0fF__roL8p5mm__tee_fl160um_fc12_cg1p2um__rpg1p4um,4.78631013217,6.11749499502,5.0396452458877565,215.32562253250407,5.829430491241084,0.27425474099743274,0.00029536758000059393,0.013455279820000499,0.07106497233581521,0.5573426412681215,0.05661895495646352
NearestNeighbors,116,chip_simple_dx6p364_dy1p818__Lj12p0nH_Cj2p0fF__roL8p5mm__tee_fl160um_fc12_cg1p2um__rpg1p4um,4.78660549975,6.1040397152,5.110710218223572,214.76827989123595,5.886049446197547,5,chip_simple_dx0p000_dym4p545__Lj12p0nH_Cj2p0fF__roL8p5mm__tee_fl160um_fc12_cg1p2um__rpg1p4um,4.79428247445,6.13515444283,5.179095958950042,219.54335034771063,5.916681344787001,0.2938380114894285,0.007676974699999839,0.03111472763000034,0.06838574072647052,4.77507045647468,0.030631898589454032
NearestNeighbors,116,chip_simple_dx6p364_dy1p818__Lj12p0nH_Cj2p0fF__roL8p5mm__tee_fl160um_fc12_cg1p2um__rpg1p4um,4.78660549975,6.1040397152,5.110710218223572,214.76827989123595,5.886049446197547,6,chip_simple_dx10p000_dym5p455__Lj12p0nH_Cj2p0fF__roL8p5mm__tee_fl160um_fc12_cg1p2um__rpg1p4um,4.78348404036,6.07595430882,5.212648472454071,213.32573538357212,5.832765407268815,0.3025859563841409,0.00312145938999997,0.02808540637999979,0.1019382542304994,1.4425445076638255,0.0532840389287319
NearestNeighbors,116,chip_simple_dx6p364_dy1p818__Lj12p0nH_Cj2p0fF__roL8p5mm__tee_fl160um_fc12_cg1p2um__rpg1p4um,4.78660549975,6.1040397152,5.110710218223572,214.76827989123595,5.886049446197547,7,chip_simple_dxm8p182_dy0p909__Lj12p0nH_Cj2p0fF__roL8p5mm__tee_fl160um_fc12_cg1p2um__rpg1p4um,4.76742082005,6.11458174447,5.12260535996437,220.3762532399909,5.88426980822268,0.311500551271433,0.019184679700000373,0.010542029269999809,0.011895141740798643,5.607973348754939,0.0017796379748675761
NearestNeighbors,116,chip_simple_dx6p364_dy1p818__Lj12p0nH_Cj2p0fF__roL8p5mm__tee_fl160um_fc12_cg1p2um__rpg1p4um,4.78660549975,6.1040397152,5.110710218223572,214.76827989123595,5.886049446197547,8,chip_simple_dxm6p364_dym3p636__Lj12p0nH_Cj2p0fF__roL8p5mm__tee_fl160um_fc12_cg1p2um__rpg1p4um,4.77191562529,6.13567276839,4.886054909513473,217.4280151051572,5.906245330500408,0.3124408048794871,0.01468987446000014,0.031633053190000204,0.22465530871009864,2.6597352139212376,0.020195884302860456
NearestNeighbors,116,chip_simple_dx6p364_dy1p818__Lj12p0nH_Cj2p0fF__roL8p5mm__tee_fl160um_fc12_cg1p2um__rpg1p4um,4.78660549975,6.1040397152,5.110710218223572,214.76827989123595,5.886049446197547,9,chip_simple_dx9p091_dym5p455__Lj12p0nH_Cj2p0fF__roL8p5mm__tee_fl160um_fc12_cg1p2um__rpg1p4um,4.77403241356,6.14118663234,4.913194778823852,218.4790215050792,5.873795958930736,0.31431002407265096,0.012573086190000637,0.03714691714000029,0.19751543939971938,3.710741613843254,0.012253487266811192
NearestNeighbors,116,chip_simple_dx6p364_dy1p818__Lj12p0nH_Cj2p0fF__roL8p5mm__tee_fl160um_fc12_cg1p2um__rpg1p4um,4.78660549975,6.1040397152,5.110710218223572,214.76827989123595,5.886049446197547,10,chip_simple_dx9p091_dy6p364__Lj12p0nH_Cj2p0fF__roL8p5mm__tee_fl160um_fc12_cg1p2um__rpg1p4um,4.80886740306,6.13457594718,5.043484102472305,213.644745352194,5.8856847017557525,0.331493469843501,0.022261903309999553,0.030536231980000217,0.06722611575126702,1.1235345390419411,0.00036474444179468435
NearestNeighbors,117,chip_simple_dx7p273_dym6p364__Lj12p0nH_Cj2p0fF__roL8p5mm__tee_fl160um_fc12_cg1p2um__rpg1p4um,4.7503430357,6.17492619199,5.804041626502991,248.14376491460783,5.971500738296518,1,chip_simple_dxm8p182_dym4p545__Lj12p0nH_Cj2p0fF__roL8p5mm__tee_fl160um_fc12_cg1p2um__rpg1p4um,4.73043071526,6.17100144044,5.767042214794159,250.8990176723497,5.986730956844874,0.2772028273690928,0.019912320440000464,0.0039247515499996055,0.036999411708831254,2.7552527577418573,0.015230218548356156
NearestNeighbors,117,chip_simple_dx7p273_dym6p364__Lj12p0nH_Cj2p0fF__roL8p5mm__tee_fl160um_fc12_cg1p2um__rpg1p4um,4.7503430357,6.17492619199,5.804041626502991,248.14376491460783,5.971500738296518,2,chip_simple_dx0p909_dym2p727__Lj12p0nH_Cj2p0fF__roL8p5mm__tee_fl160um_fc12_cg1p2um__rpg1p4um,4.73288476866,6.15144010433,5.802761653125763,248.0066040101604,5.946582947290083,0.279761921068019,0.017458267040000308,0.023486087660000265,0.001279973377227961,0.1371609044474269,0.024917791006434875
NearestNeighbors,117,chip_simple_dx7p273_dym6p364__Lj12p0nH_Cj2p0fF__roL8p5mm__tee_fl160um_fc12_cg1p2um__rpg1p4um,4.7503430357,6.17492619199,5.804041626502991,248.14376491460783,5.971500738296518,3,chip_simple_dx3p636_dym8p182__Lj12p0nH_Cj2p0fF__roL8p5mm__tee_fl160um_fc12_cg1p2um__rpg1p4um,4.74482600745,6.1760125541,6.058807715967178,255.0247737127476,5.96832645813201,0.28107182465544983,0.005517028249999889,0.0010863621099996834,0.2547660894641872,6.88100879813976,0.0031742801645080476
NearestNeighbors,117,chip_simple_dx7p273_dym6p364__Lj12p0nH_Cj2p0fF__roL8p5mm__tee_fl160um_fc12_cg1p2um__rpg1p4um,4.7503430357,6.17492619199,5.804041626502991,248.14376491460783,5.971500738296518,4,chip_simple_dxm5p455_dym2p727__Lj12p0nH_Cj2p0fF__roL8p5mm__tee_fl160um_fc12_cg1p2um__rpg1p4um,4.74191288272,6.16037786476,5.586993185428619,242.8607467730461,5.939829633011445,0.2921048625052964,0.008430152979999939,0.014548327229999991,0.21704844107437182,5.28301814156174,0.03167110528507333
NearestNeighbors,117,chip_simple_dx7p273_dym6p364__Lj12p0nH_Cj2p0fF__roL8p5mm__tee_fl160um_fc12_cg1p2um__rpg1p4um,4.7503430357,6.17492619199,5.804041626502991,248.14376491460783,5.971500738296518,5,chip_simple_dx9p091_dym2p727__Lj12p0nH_Cj2p0fF__roL8p5mm__tee_fl160um_fc12_cg1p2um__rpg1p4um,4.75421160279,6.18453840176,5.473107182682037,241.5748597938345,5.95940112810006,0.3027396487235502,0.0038685670899996083,0.009612209770000213,0.3309344438209534,6.568905120773337,0.012099610196457888
NearestNeighbors,117,chip_simple_dx7p273_dym6p364__Lj12p0nH_Cj2p0fF__roL8p5mm__tee_fl160um_fc12_cg1p2um__rpg1p4um,4.7503430357,6.17492619199,5.804041626502991,248.14376491460783,5.971500738296518,6,chip_simple_dxm9p091_dy8p182__Lj12p0nH_Cj2p0fF__roL8p5mm__tee_fl160um_fc12_cg1p2um__rpg1p4um,4.73445099138,6.15478155079,5.603587422172546,243.7500148862952,5.951852940269059,0.3082674303184133,0.01589204432000013,0.020144641199999924,0.2004542043304447,4.393750028312638,0.019647798027459196
NearestNeighbors,117,chip_simple_dx7p273_dym6p364__Lj12p0nH_Cj2p0fF__roL8p5mm__tee_fl160um_fc12_cg1p2um__rpg1p4um,4.7503430357,6.17492619199,5.804041626502991,248.14376491460783,5.971500738296518,7,chip_simple_dx2p727_dy2p727__Lj12p0nH_Cj2p0fF__roL8p5mm__tee_fl160um_fc12_cg1p2um__rpg1p4um,4.73128014823,6.18706920741,5.709969924663543,252.0300867867861,5.997949180219245,0.3105337091249312,0.01906288747000051,0.012143015420000403,0.09407170183944746,3.8863218721782573,0.026448441922727106
NearestNeighbors,117,chip_simple_dx7p273_dym6p364__Lj12p0nH_Cj2p0fF__roL8p5mm__tee_fl160um_fc12_cg1p2um__rpg1p4um,4.7503430357,6.17492619199,5.804041626502991,248.14376491460783,5.971500738296518,8,chip_simple_dxm2p727_dy3p636__Lj12p0nH_Cj2p0fF__roL8p5mm__tee_fl160um_fc12_cg1p2um__rpg1p4um,4.72771327144,6.17379279793,5.623312453847885,248.72072138405872,5.943747599398507,0.3281565551462242,0.022629764260000407,0.0011333940600000147,0.18072917265510569,0.5769564694508915,0.02775313889801101
NearestNeighbors,117,chip_simple_dx7p273_dym6p364__Lj12p0nH_Cj2p0fF__roL8p5mm__tee_fl160um_fc12_cg1p2um__rpg1p4um,4.7503430357,6.17492619199,5.804041626502991,248.14376491460783,5.971500738296518,9,chip_simple_dxm8p182_dy2p727__Lj12p0nH_Cj2p0fF__roL8p5mm__tee_fl160um_fc12_cg1p2um__rpg1p4um,4.74905682439,6.19457611211,5.409443262643814,242.78883490510103,6.0021454172131445,0.33716519457292227,0.0012862113100000627,0.019649920119999997,0.3945983638591768,5.354930009506802,0.03064467891662659
NearestNeighbors,117,chip_simple_dx7p273_dym6p364__Lj12p0nH_Cj2p0fF__roL8p5mm__tee_fl160um_fc12_cg1p2um__rpg1p4um,4.7503430357,6.17492619199,5.804041626502991,248.14376491460783,5.971500738296518,10,chip_simple_dx10p000_dy2p727__Lj12p0nH_Cj2p0fF__roL8p5mm__tee_fl160um_fc12_cg1p2um__rpg1p4um,4.73462079534,6.18985040369,5.828325863840103,254.44098843935748,5.937285281374463,0.33983238908210683,0.015722240360000583,0.014924211700000356,0.02428423733711238,6.297223524749654,0.03421545692205452
NearestNeighbors,118,chip_simple_dx8p182_dym5p455__Lj12p0nH_Cj2p0fF__roL8p5mm__tee_fl160um_fc12_cg1p2um__rpg1p4um,4.73816341164,6.10905258679,5.354065241529464,230.3995690846008,5.852343747262508,1,chip_simple_dxm8p182_dy7p273__Lj12p0nH_Cj2p0fF__roL8p5mm__tee_fl160um_fc12_cg1p2um__rpg1p4um,4.73980994773,6.11492139787,5.370422379964828,231.42365600136029,5.863101959116468,0.07215332000257262,0.0016465360899999837,0.005868811080000036,0.016357138435363794,1.0240869167594724,0.010758211853960198
NearestNeighbors,118,chip_simple_dx8p182_dym5p455__Lj12p0nH_Cj2p0fF__roL8p5mm__tee_fl160um_fc12_cg1p2um__rpg1p4um,4.73816341164,6.10905258679,5.354065241529464,230.3995690846008,5.852343747262508,2,chip_simple_dx8p182_dy3p636__Lj12p0nH_Cj2p0fF__roL8p5mm__tee_fl160um_fc12_cg1p2um__rpg1p4um,4.74833115983,6.10316137397,5.395294238792419,228.2050160306239,5.868324301832488,0.16948594422466445,0.01016774818999977,0.005891212819999936,0.04122899726295515,2.194553053976904,0.015980554569980043
NearestNeighbors,118,chip_simple_dx8p182_dym5p455__Lj12p0nH_Cj2p0fF__roL8p5mm__tee_fl160um_fc12_cg1p2um__rpg1p4um,4.73816341164,6.10905258679,5.354065241529464,230.3995690846008,5.852343747262508,3,chip_simple_dxm5p455_dy1p818__Lj12p0nH_Cj2p0fF__roL8p5mm__tee_fl160um_fc12_cg1p2um__rpg1p4um,4.7432212798,6.12396808672,5.238211283826828,229.0696122487726,5.878910838755778,0.17908242455623055,0.005057868159999757,0.014915499929999854,0.11585395770263585,1.3299568358282272,0.026567091493269857
NearestNeighbors,118,chip_simple_dx8p182_dym5p455__Lj12p0nH_Cj2p0fF__roL8p5mm__tee_fl160um_fc12_cg1p2um__rpg1p4um,4.73816341164,6.10905258679,5.354065241529464,230.3995690846008,5.852343747262508,4,chip_simple_dxm10p000_dym5p455__Lj12p0nH_Cj2p0fF__roL8p5mm__tee_fl160um_fc12_cg1p2um__rpg1p4um,4.74663028203,6.09244739086,5.497690521795272,229.06180088997965,5.833596212181217,0.1892512722360474,0.008466870389999492,0.01660519592999954,0.143625280265808,1.3377681946211624,0.018747535081291566
NearestNeighbors,118,chip_simple_dx8p182_dym5p455__Lj12p0nH_Cj2p0fF__roL8p5mm__tee_fl160um_fc12_cg1p2um__rpg1p4um,4.73816341164,6.10905258679,5.354065241529464,230.3995690846008,5.852343747262508,5,chip_simple_dxm6p364_dy5p455__Lj12p0nH_Cj2p0fF__roL8p5mm__tee_fl160um_fc12_cg1p2um__rpg1p4um,4.74714722938,6.10190388125,5.5239915411624905,230.99470980116783,5.886184494438364,0.21908872957609563,0.0089838177399999,0.007148705539999689,0.1699262996330262,0.5951407165670162,0.033840747175855945
NearestNeighbors,118,chip_simple_dx8p182_dym5p455__Lj12p0nH_Cj2p0fF__roL8p5mm__tee_fl160um_fc12_cg1p2um__rpg1p4um,4.73816341164,6.10905258679,5.354065241529464,230.3995690846008,5.852343747262508,6,chip_simple_dx9p091_dy1p818__Lj12p0nH_Cj2p0fF__roL8p5mm__tee_fl160um_fc12_cg1p2um__rpg1p4um,4.72332163382,6.08397777989,5.362149336601257,229.5526193491085,5.856220715335205,0.23531252541554318,0.014841777820000068,0.02507480690000019,0.008084095071792419,0.8469497354923021,0.0038769680726966627
NearestNeighbors,118,chip_simple_dx8p182_dym5p455__Lj12p0nH_Cj2p0fF__roL8p5mm__tee_fl160um_fc12_cg1p2um__rpg1p4um,4.73816341164,6.10905258679,5.354065241529464,230.3995690846008,5.852343747262508,7,chip_simple_dxm4p545_dy7p273__Lj12p0nH_Cj2p0fF__roL8p5mm__tee_fl160um_fc12_cg1p2um__rpg1p4um,4.72503834706,6.09396858071,5.364709826208115,230.88388505499736,5.8866465937490124,0.24357973883538014,0.013125064580000512,0.01508400607999949,0.010644584678650482,0.48431597039655117,0.03430284648650428
NearestNeighbors,118,chip_simple_dx8p182_dym5p455__Lj12p0nH_Cj2p0fF__roL8p5mm__tee_fl160um_fc12_cg1p2um__rpg1p4um,4.73816341164,6.10905258679,5.354065241529464,230.3995690846008,5.852343747262508,8,chip_simple_dx9p091_dy7p273__Lj12p0nH_Cj2p0fF__roL8p5mm__tee_fl160um_fc12_cg1p2um__rpg1p4um,4.74811539599,6.14296840617,5.273498021167755,231.89650692330616,5.867078405195409,0.24591897028667214,0.009951984349999776,0.03391581937999977,0.0805672203617096,1.4969378387053496,0.014734657932900852
NearestNeighbors,118,chip_simple_dx8p182_dym5p455__Lj12p0nH_Cj2p0fF__roL8p5mm__tee_fl160um_fc12_cg1p2um__rpg1p4um,4.73816341164,6.10905258679,5.354065241529464,230.3995690846008,5.852343747262508,9,chip_simple_dx3p636_dy0p909__Lj12p0nH_Cj2p0fF__roL8p5mm__tee_fl160um_fc12_cg1p2um__rpg1p4um,4.73143429893,6.12491806194,5.389206310459136,234.98575964773192,5.885525347962422,0.24959607970347417,0.006729112710000429,0.01586547515000003,0.03514106892967206,4.586190563131112,0.033181600699913716
NearestNeighbors,118,chip_simple_dx8p182_dym5p455__Lj12p0nH_Cj2p0fF__roL8p5mm__tee_fl160um_fc12_cg1p2um__rpg1p4um,4.73816341164,6.10905258679,5.354065241529464,230.3995690846008,5.852343747262508,10,chip_simple_dx0p909_dym1p818__Lj12p0nH_Cj2p0fF__roL8p5mm__tee_fl160um_fc12_cg1p2um__rpg1p4um,4.74382125763,6.0716485122,5.499687352653504,226.4433546572846,5.834878033029041,0.2815665392045701,0.005657845989999188,0.0374040745899995,0.1456221111240401,3.956214427316212,0.017465714233467544
NearestNeighbors,119,chip_simple_dx8p182_dym3p636__Lj12p0nH_Cj2p0fF__roL8p5mm__tee_fl160um_fc12_cg1p2um__rpg1p4um,4.72575545687,6.04494433563,5.9379728162078855,234.943394381694,5.777304605739439,1,chip_simple_dxm8p182_dym9p091__Lj12p0nH_Cj2p0fF__roL8p5mm__tee_fl160um_fc12_cg1p2um__rpg1p4um,4.72257063561,6.05880267073,5.941739992261886,237.9009092435265,5.759912137527704,0.15432134953659707,0.0031848212599996373,0.01385833509999923,0.003767176054000565,2.9575148618325215,0.017392468211735235
NearestNeighbors,119,chip_simple_dx8p182_dym3p636__Lj12p0nH_Cj2p0fF__roL8p5mm__tee_fl160um_fc12_cg1p2um__rpg1p4um,4.72575545687,6.04494433563,5.9379728162078855,234.943394381694,5.777304605739439,2,chip_simple_dxm5p455_dy2p727__Lj12p0nH_Cj2p0fF__roL8p5mm__tee_fl160um_fc12_cg1p2um__rpg1p4um,4.71638631695,6.04240059633,6.065049773584366,238.98986735764416,5.770011812343904,0.1968159156993375,0.009369139919999547,0.0025437393000000696,0.12707695737648006,4.0464729759501665,0.00729279339553468
NearestNeighbors,119,chip_simple_dx8p182_dym3p636__Lj12p0nH_Cj2p0fF__roL8p5mm__tee_fl160um_fc12_cg1p2um__rpg1p4um,4.72575545687,6.04494433563,5.9379728162078855,234.943394381694,5.777304605739439,3,chip_simple_dxm10p000_dym4p545__Lj12p0nH_Cj2p0fF__roL8p5mm__tee_fl160um_fc12_cg1p2um__rpg1p4um,4.72747685651,6.02391173404,6.181771411222457,235.80879165767425,5.79330242515557,0.19811892255230013,0.0017213996400000653,0.021032601589999977,0.2437985950145718,0.8653972759802571,0.015997819416130987
NearestNeighbors,119,chip_simple_dx8p182_dym3p636__Lj12p0nH_Cj2p0fF__roL8p5mm__tee_fl160um_fc12_cg1p2um__rpg1p4um,4.72575545687,6.04494433563,5.9379728162078855,234.943394381694,5.777304605739439,4,chip_simple_dx0p000_dy5p455__Lj12p0nH_Cj2p0fF__roL8p5mm__tee_fl160um_fc12_cg1p2um__rpg1p4um,4.71422601792,6.04446957881,6.030727920024871,239.0603629876928,5.790300833858292,0.21531179443295373,0.011529438950000248,0.00047475682000008845,0.0927551038169856,4.116968605998807,0.012996228118852926
NearestNeighbors,119,chip_simple_dx8p182_dym3p636__Lj12p0nH_Cj2p0fF__roL8p5mm__tee_fl160um_fc12_cg1p2um__rpg1p4um,4.72575545687,6.04494433563,5.9379728162078855,234.943394381694,5.777304605739439,5,chip_simple_dx4p545_dym0p909__Lj12p0nH_Cj2p0fF__roL8p5mm__tee_fl160um_fc12_cg1p2um__rpg1p4um,4.7255365678,6.0505170878,6.107614511497498,239.2497887649095,5.805207767962136,0.21777704987724109,0.0002188890700001167,0.005572752169999973,0.16964169528961204,4.306394383215519,0.027903162222696842
NearestNeighbors,119,chip_simple_dx8p182_dym3p636__Lj12p0nH_Cj2p0fF__roL8p5mm__tee_fl160um_fc12_cg1p2um__rpg1p4um,4.72575545687,6.04494433563,5.9379728162078855,234.943394381694,5.777304605739439,6,chip_simple_dx0p000_dy2p727__Lj12p0nH_Cj2p0fF__roL8p5mm__tee_fl160um_fc12_cg1p2um__rpg1p4um,4.73163640607,6.01912983001,6.151782347061157,233.4506181073812,5.795791516246615,0.22433371131147334,0.005880949199999819,0.02581450562000054,0.21380953085327103,1.4927762743128028,0.018486910507175658
NearestNeighbors,119,chip_simple_dx8p182_dym3p636__Lj12p0nH_Cj2p0fF__roL8p5mm__tee_fl160um_fc12_cg1p2um__rpg1p4um,4.72575545687,6.04494433563,5.9379728162078855,234.943394381694,5.777304605739439,7,chip_simple_dx6p364_dy0p000__Lj12p0nH_Cj2p0fF__roL8p5mm__tee_fl160um_fc12_cg1p2um__rpg1p4um,4.72795173232,6.02599393944,6.214404765487671,236.6306190453716,5.800547756468861,0.2251592572421159,0.002196275450000229,0.018950396190000163,0.2764319492797851,1.687224663677597,0.023243150729421735
NearestNeighbors,119,chip_simple_dx8p182_dym3p636__Lj12p0nH_Cj2p0fF__roL8p5mm__tee_fl160um_fc12_cg1p2um__rpg1p4um,4.72575545687,6.04494433563,5.9379728162078855,234.943394381694,5.777304605739439,8,chip_simple_dxm2p727_dy9p091__Lj12p0nH_Cj2p0fF__roL8p5mm__tee_fl160um_fc12_cg1p2um__rpg1p4um,4.72354496119,6.06782180308,5.766568409368515,235.52036104141203,5.815573617333097,0.23997312619322564,0.0022104956799999798,0.022877467449999855,0.17140440683937097,0.576966659718039,0.03826901159365814
NearestNeighbors,119,chip_simple_dx8p182_dym3p636__Lj12p0nH_Cj2p0fF__roL8p5mm__tee_fl160um_fc12_cg1p2um__rpg1p4um,4.72575545687,6.04494433563,5.9379728162078855,234.943394381694,5.777304605739439,9,chip_simple_dxm1p818_dy0p909__Lj12p0nH_Cj2p0fF__roL8p5mm__tee_fl160um_fc12_cg1p2um__rpg1p4um,4.73247725261,6.06032547334,5.647781850090027,230.0219004377902,5.758222245971617,0.27589468624444274,0.00672179573999987,0.015381137709999493,0.29019096611785855,4.9214939439037835,0.0190823597678218
NearestNeighbors,119,chip_simple_dx8p182_dym3p636__Lj12p0nH_Cj2p0fF__roL8p5mm__tee_fl160um_fc12_cg1p2um__rpg1p4um,4.72575545687,6.04494433563,5.9379728162078855,234.943394381694,5.777304605739439,10,chip_simple_dx4p545_dy2p727__Lj12p0nH_Cj2p0fF__roL8p5mm__tee_fl160um_fc12_cg1p2um__rpg1p4um,4.71245271602,6.05903925985,5.93248411000824,239.9388799189516,5.748576863203549,0.28217874699021117,0.013302740850000383,0.01409492421999925,0.005488706199645144,4.995485537257622,0.02872774253588961
NearestNeighbors,120,chip_simple_dx8p182_dy6p364__Lj12p0nH_Cj2p0fF__roL8p5mm__tee_fl160um_fc12_cg1p2um__rpg1p4um,4.8164099367,6.12097847271,5.243484284074783,214.32152718251388,5.892330069038773,1,chip_simple_dx8p182_dym8p182__Lj12p0nH_Cj2p0fF__roL8p5mm__tee_fl160um_fc12_cg1p2um__rpg1p4um,4.81055394873,6.12847147153,5.122406896465301,214.0774671686353,5.920639094996056,0.1695862942843398,0.00585598797000042,0.007492998820000096,0.12107738760948195,0.2440600138785669,0.028309025957282685
NearestNeighbors,120,chip_simple_dx8p182_dy6p364__Lj12p0nH_Cj2p0fF__roL8p5mm__tee_fl160um_fc12_cg1p2um__rpg1p4um,4.8164099367,6.12097847271,5.243484284074783,214.32152718251388,5.892330069038773,2,chip_simple_dx9p091_dy6p364__Lj12p0nH_Cj2p0fF__roL8p5mm__tee_fl160um_fc12_cg1p2um__rpg1p4um,4.80886740306,6.13457594718,5.043484102472305,213.644745352194,5.8856847017557525,0.1697296546313029,0.0075425336400005705,0.013597474470000037,0.20000018160247812,0.676781830319868,0.006645367283020676
NearestNeighbors,120,chip_simple_dx8p182_dy6p364__Lj12p0nH_Cj2p0fF__roL8p5mm__tee_fl160um_fc12_cg1p2um__rpg1p4um,4.8164099367,6.12097847271,5.243484284074783,214.32152718251388,5.892330069038773,3,chip_simple_dxm3p636_dym1p818__Lj12p0nH_Cj2p0fF__roL8p5mm__tee_fl160um_fc12_cg1p2um__rpg1p4um,4.81299464426,6.12418049997,5.540620308588028,221.6574218646432,5.908503587535207,0.310365470673888,0.0034152924400006057,0.003202027259999518,0.29713602451324483,7.335894682129322,0.01617351849643356
NearestNeighbors,120,chip_simple_dx8p182_dy6p364__Lj12p0nH_Cj2p0fF__roL8p5mm__tee_fl160um_fc12_cg1p2um__rpg1p4um,4.8164099367,6.12097847271,5.243484284074783,214.32152718251388,5.892330069038773,4,chip_simple_dx3p636_dy5p455__Lj12p0nH_Cj2p0fF__roL8p5mm__tee_fl160um_fc12_cg1p2um__rpg1p4um,4.80652602058,6.08918636259,5.510822755336761,216.8797583809785,5.847523096105645,0.34514341661200676,0.009883916120000613,0.031792110120000494,0.2673384712619784,2.5582311984646253,0.044806972933128186
NearestNeighbors,120,chip_simple_dx8p182_dy6p364__Lj12p0nH_Cj2p0fF__roL8p5mm__tee_fl160um_fc12_cg1p2um__rpg1p4um,4.8164099367,6.12097847271,5.243484284074783,214.32152718251388,5.892330069038773,5,chip_simple_dx2p727_dym5p455__Lj12p0nH_Cj2p0fF__roL8p5mm__tee_fl160um_fc12_cg1p2um__rpg1p4um,4.81291050374,6.08882773612,5.129732102048874,207.83881760065367,5.852353811754291,0.34531565914959983,0.003499432959999993,0.03215073659000023,0.11375218202590887,6.482709581860206,0.03997625728448195
NearestNeighbors,120,chip_simple_dx8p182_dy6p364__Lj12p0nH_Cj2p0fF__roL8p5mm__tee_fl160um_fc12_cg1p2um__rpg1p4um,4.8164099367,6.12097847271,5.243484284074783,214.32152718251388,5.892330069038773,6,chip_simple_dx0p000_dym4p545__Lj12p0nH_Cj2p0fF__roL8p5mm__tee_fl160um_fc12_cg1p2um__rpg1p4um,4.79428247445,6.13515444283,5.179095958950042,219.54335034771063,5.916681344787001,0.3577267057112335,0.022127462250000285,0.014175970120000159,0.06438832512474058,5.221823165196753,0.02435127574822804
NearestNeighbors,120,chip_simple_dx8p182_dy6p364__Lj12p0nH_Cj2p0fF__roL8p5mm__tee_fl160um_fc12_cg1p2um__rpg1p4um,4.8164099367,6.12097847271,5.243484284074783,214.32152718251388,5.892330069038773,7,chip_simple_dx1p818_dy6p364__Lj12p0nH_Cj2p0fF__roL8p5mm__tee_fl160um_fc12_cg1p2um__rpg1p4um,4.81787671795,6.14073889835,4.750688247016907,206.5190178100561,5.920810132993132,0.41844865501655787,0.0014667812499995492,0.019760425640000356,0.4927960370578761,7.802509372457763,0.028480063954359203
NearestNeighbors,120,chip_simple_dx8p182_dy6p364__Lj12p0nH_Cj2p0fF__roL8p5mm__tee_fl160um_fc12_cg1p2um__rpg1p4um,4.8164099367,6.12097847271,5.243484284074783,214.32152718251388,5.892330069038773,8,chip_simple_dx5p455_dym0p909__Lj12p0nH_Cj2p0fF__roL8p5mm__tee_fl160um_fc12_cg1p2um__rpg1p4um,4.7930652742,6.12875251186,5.394133037059784,223.2748147250602,5.91572486547393,0.44374366540949894,0.023344662500000446,0.007774039150000078,0.1506487529850009,8.95328754254632,0.02339479643515663
NearestNeighbors,120,chip_simple_dx8p182_dy6p364__Lj12p0nH_Cj2p0fF__roL8p5mm__tee_fl160um_fc12_cg1p2um__rpg1p4um,4.8164099367,6.12097847271,5.243484284074783,214.32152718251388,5.892330069038773,9,chip_simple_dx4p545_dy5p455__Lj12p0nH_Cj2p0fF__roL8p5mm__tee_fl160um_fc12_cg1p2um__rpg1p4um,4.79418626685,6.08500156739,5.524672909627914,218.89374055263784,5.839393681887264,0.4751020248351066,0.022223669850000682,0.035976905320000085,0.2811886255531313,4.572213370123961,0.052936387151508946
NearestNeighbors,120,chip_simple_dx8p182_dy6p364__Lj12p0nH_Cj2p0fF__roL8p5mm__tee_fl160um_fc12_cg1p2um__rpg1p4um,4.8164099367,6.12097847271,5.243484284074783,214.32152718251388,5.892330069038773,10,chip_simple_dxm10p000_dym0p909__Lj12p0nH_Cj2p0fF__roL8p5mm__tee_fl160um_fc12_cg1p2um__rpg1p4um,4.78631013217,6.11749499502,5.0396452458877565,215.32562253250407,5.829430491241084,0.49079324827641946,0.030099804530000718,0.003483477689999681,0.2038390381870263,1.0040953499901946,0.06289957779768951
NearestNeighbors,121,chip_simple_dx8p182_dy7p273__Lj12p0nH_Cj2p0fF__roL8p5mm__tee_fl160um_fc12_cg1p2um__rpg1p4um,4.69969106963,6.14084802289,5.903258055982589,255.60206895931188,5.914831339260037,1,chip_simple_dx8p182_dy8p182__Lj12p0nH_Cj2p0fF__roL8p5mm__tee_fl160um_fc12_cg1p2um__rpg1p4um,4.69745140842,6.12940857106,6.00176041119194,256.33160974703685,5.915191680844501,0.09233636567564608,0.0022396612099999658,0.01143945183000028,0.09850235520935069,0.7295407877249716,0.0003603415844635194
NearestNeighbors,121,chip_simple_dx8p182_dy7p273__Lj12p0nH_Cj2p0fF__roL8p5mm__tee_fl160um_fc12_cg1p2um__rpg1p4um,4.69969106963,6.14084802289,5.903258055982589,255.60206895931188,5.914831339260037,2,chip_simple_dx5p455_dym6p364__Lj12p0nH_Cj2p0fF__roL8p5mm__tee_fl160um_fc12_cg1p2um__rpg1p4um,4.70113956644,6.15024864164,5.847728067014694,255.68062975343904,5.934076612123183,0.10895319453061052,0.0014484968100001439,0.009400618749999978,0.05552998896789507,0.07856079412715644,0.019245272863146035
NearestNeighbors,121,chip_simple_dx8p182_dy7p273__Lj12p0nH_Cj2p0fF__roL8p5mm__tee_fl160um_fc12_cg1p2um__rpg1p4um,4.69969106963,6.14084802289,5.903258055982589,255.60206895931188,5.914831339260037,3,chip_simple_dx7p273_dy10p000__Lj12p0nH_Cj2p0fF__roL8p5mm__tee_fl160um_fc12_cg1p2um__rpg1p4um,4.70805055796,6.13632743544,5.907291461717605,253.14031044935945,5.903929399723399,0.14489519550885444,0.008359488329999998,0.004520587450000058,0.004033405735015982,2.461758509952432,0.010901939536638316
NearestNeighbors,121,chip_simple_dx8p182_dy7p273__Lj12p0nH_Cj2p0fF__roL8p5mm__tee_fl160um_fc12_cg1p2um__rpg1p4um,4.69969106963,6.14084802289,5.903258055982589,255.60206895931188,5.914831339260037,4,chip_simple_dxm4p545_dy6p364__Lj12p0nH_Cj2p0fF__roL8p5mm__tee_fl160um_fc12_cg1p2um__rpg1p4um,4.70948631508,6.14137986712,5.8266296945228575,251.89687397293608,5.901594385955966,0.19018220727208074,0.009795245450000323,0.0005318442300001891,0.07662836145973184,3.705194986375801,0.013236953304071264
NearestNeighbors,121,chip_simple_dx8p182_dy7p273__Lj12p0nH_Cj2p0fF__roL8p5mm__tee_fl160um_fc12_cg1p2um__rpg1p4um,4.69969106963,6.14084802289,5.903258055982589,255.60206895931188,5.914831339260037,5,chip_simple_dxm2p727_dy2p727__Lj12p0nH_Cj2p0fF__roL8p5mm__tee_fl160um_fc12_cg1p2um__rpg1p4um,4.69292169855,6.12459458775,6.071658140985488,258.0113497070096,5.889099829288583,0.21192427528322888,0.006769371079999864,0.016253435140000327,0.16840008500289905,2.409280747697693,0.025731509971453903
NearestNeighbors,121,chip_simple_dx8p182_dy7p273__Lj12p0nH_Cj2p0fF__roL8p5mm__tee_fl160um_fc12_cg1p2um__rpg1p4um,4.69969106963,6.14084802289,5.903258055982589,255.60206895931188,5.914831339260037,6,chip_simple_dxm7p273_dym2p727__Lj12p0nH_Cj2p0fF__roL8p5mm__tee_fl160um_fc12_cg1p2um__rpg1p4um,4.70851926397,6.13738147014,6.056580542360305,256.39439544466705,5.950520179334925,0.21833723894266363,0.008828194340000373,0.0034665527499999627,0.15332248637771606,0.7923264853551757,0.035688840074887374
NearestNeighbors,121,chip_simple_dx8p182_dy7p273__Lj12p0nH_Cj2p0fF__roL8p5mm__tee_fl160um_fc12_cg1p2um__rpg1p4um,4.69969106963,6.14084802289,5.903258055982589,255.60206895931188,5.914831339260037,7,chip_simple_dx4p545_dy9p091__Lj12p0nH_Cj2p0fF__roL8p5mm__tee_fl160um_fc12_cg1p2um__rpg1p4um,4.68609575245,6.11430901066,5.943070262321472,255.0398969000135,5.911313507537606,0.2282660605267051,0.013595317180000066,0.02653901222999977,0.03981220633888238,0.5621720592983763,0.0035178317224309197
NearestNeighbors,121,chip_simple_dx8p182_dy7p273__Lj12p0nH_Cj2p0fF__roL8p5mm__tee_fl160um_fc12_cg1p2um__rpg1p4um,4.69969106963,6.14084802289,5.903258055982589,255.60206895931188,5.914831339260037,8,chip_simple_dxm4p545_dy4p545__Lj12p0nH_Cj2p0fF__roL8p5mm__tee_fl160um_fc12_cg1p2um__rpg1p4um,4.71642795927,6.13578113095,5.930907612184524,251.74673425045364,5.924740428666518,0.2530125192433795,0.016736889639999752,0.005066891940000318,0.027649556201934544,3.855334708858237,0.009909089406480831
NearestNeighbors,121,chip_simple_dx8p182_dy7p273__Lj12p0nH_Cj2p0fF__roL8p5mm__tee_fl160um_fc12_cg1p2um__rpg1p4um,4.69969106963,6.14084802289,5.903258055982589,255.60206895931188,5.914831339260037,9,chip_simple_dxm6p364_dy3p636__Lj12p0nH_Cj2p0fF__roL8p5mm__tee_fl160um_fc12_cg1p2um__rpg1p4um,4.70606182979,6.1671545843,5.89281384662056,258.3575285965225,5.954585492025992,0.26423711773973857,0.006370760160000266,0.026306561410000207,0.01044420936202961,2.7554596372106346,0.03975415276595484
NearestNeighbors,121,chip_simple_dx8p182_dy7p273__Lj12p0nH_Cj2p0fF__roL8p5mm__tee_fl160um_fc12_cg1p2um__rpg1p4um,4.69969106963,6.14084802289,5.903258055982589,255.60206895931188,5.914831339260037,10,chip_simple_dx1p818_dym6p364__Lj12p0nH_Cj2p0fF__roL8p5mm__tee_fl160um_fc12_cg1p2um__rpg1p4um,4.69578457731,6.12169403881,5.701926778303146,248.8868694113445,5.9202374263109245,0.27948465373717196,0.0039064923199996215,0.01915398407999991,0.2013312776794436,6.715199547967387,0.005406087050887187
NearestNeighbors,122,chip_simple_dx10p000_dym9p091__Lj12p0nH_Cj2p0fF__roL8p5mm__tee_fl160um_fc12_cg1p2um__rpg1p4um,4.74335442636,5.96352019986,5.678793174303054,212.85016882186287,5.680023776609713,1,chip_simple_dx0p909_dym3p636__Lj12p0nH_Cj2p0fF__roL8p5mm__tee_fl160um_fc12_cg1p2um__rpg1p4um,4.74299007193,5.97185553704,5.585872956563949,212.43614000136665,5.67605929438614,0.07372062055062051,0.0003643544299993806,0.008335337180000124,0.0929202177391053,0.41402882049621326,0.003964482223572929
NearestNeighbors,122,chip_simple_dx10p000_dym9p091__Lj12p0nH_Cj2p0fF__roL8p5mm__tee_fl160um_fc12_cg1p2um__rpg1p4um,4.74335442636,5.96352019986,5.678793174303054,212.85016882186287,5.680023776609713,2,chip_simple_dxm4p545_dy9p091__Lj12p0nH_Cj2p0fF__roL8p5mm__tee_fl160um_fc12_cg1p2um__rpg1p4um,4.73257191675,5.96883434545,5.846838404302597,219.15587205568883,5.667058133519072,0.2766529662337493,0.01078250960999938,0.005314145590000763,0.1680452299995423,6.305703233825966,0.012965643090640633
NearestNeighbors,122,chip_simple_dx10p000_dym9p091__Lj12p0nH_Cj2p0fF__roL8p5mm__tee_fl160um_fc12_cg1p2um__rpg1p4um,4.74335442636,5.96352019986,5.678793174303054,212.85016882186287,5.680023776609713,3,chip_simple_dxm9p091_dy9p091__Lj12p0nH_Cj2p0fF__roL8p5mm__tee_fl160um_fc12_cg1p2um__rpg1p4um,4.75085202436,6.00137867716,5.41655916849327,212.3126314781783,5.701547260512729,0.2919058761563451,0.007497598000000494,0.03785847730000036,0.26223400580978407,0.5375373436845621,0.021523483903016505
NearestNeighbors,122,chip_simple_dx10p000_dym9p091__Lj12p0nH_Cj2p0fF__roL8p5mm__tee_fl160um_fc12_cg1p2um__rpg1p4um,4.74335442636,5.96352019986,5.678793174303054,212.85016882186287,5.680023776609713,4,chip_simple_dx7p273_dy8p182__Lj12p0nH_Cj2p0fF__roL8p5mm__tee_fl160um_fc12_cg1p2um__rpg1p4um,4.72840082103,5.97315210181,5.691267652456284,217.62866557447816,5.647951458913108,0.29261635510843487,0.014953605329999675,0.009631901950000632,0.012474478153229995,4.778496752615297,0.03207231769660446
NearestNeighbors,122,chip_simple_dx10p000_dym9p091__Lj12p0nH_Cj2p0fF__roL8p5mm__tee_fl160um_fc12_cg1p2um__rpg1p4um,4.74335442636,5.96352019986,5.678793174303054,212.85016882186287,5.680023776609713,5,chip_simple_dx2p727_dy3p636__Lj12p0nH_Cj2p0fF__roL8p5mm__tee_fl160um_fc12_cg1p2um__rpg1p4um,4.74429494791,5.9687577148,6.039171265787124,220.3138057061849,5.653802310643351,0.3455997117000528,0.0009405215500004616,0.005237514940000132,0.36037809148406996,7.463636884322028,0.02622146596636199
NearestNeighbors,122,chip_simple_dx10p000_dym9p091__Lj12p0nH_Cj2p0fF__roL8p5mm__tee_fl160um_fc12_cg1p2um__rpg1p4um,4.74335442636,5.96352019986,5.678793174303054,212.85016882186287,5.680023776609713,6,chip_simple_dxm10p000_dy9p091__Lj12p0nH_Cj2p0fF__roL8p5mm__tee_fl160um_fc12_cg1p2um__rpg1p4um,4.73431310321,5.9588117706,5.945221753843307,219.04223037505847,5.629570893196313,0.364678372959833,0.009041323149999947,0.0047084292599999245,0.26642857954025256,6.1920615531956,0.05045288341340015
NearestNeighbors,122,chip_simple_dx10p000_dym9p091__Lj12p0nH_Cj2p0fF__roL8p5mm__tee_fl160um_fc12_cg1p2um__rpg1p4um,4.74335442636,5.96352019986,5.678793174303054,212.85016882186287,5.680023776609713,7,chip_simple_dx4p545_dy10p000__Lj12p0nH_Cj2p0fF__roL8p5mm__tee_fl160um_fc12_cg1p2um__rpg1p4um,4.77208572646,5.99587669765,5.687584656963348,212.41558975620657,5.693307476185639,0.40807172349276843,0.028731300100000468,0.03235649779000038,0.008791482660293504,0.434579065656294,0.013283699575926455
NearestNeighbors,122,chip_simple_dx10p000_dym9p091__Lj12p0nH_Cj2p0fF__roL8p5mm__tee_fl160um_fc12_cg1p2um__rpg1p4um,4.74335442636,5.96352019986,5.678793174303054,212.85016882186287,5.680023776609713,8,chip_simple_dxm6p364_dym7p273__Lj12p0nH_Cj2p0fF__roL8p5mm__tee_fl160um_fc12_cg1p2um__rpg1p4um,4.75005432934,6.01899043043,5.655702243776322,219.9240164763736,5.705344706711049,0.4156232732974026,0.0066999029800003385,0.05547023057000011,0.023090930526732834,7.073847654510729,0.02532093010133618
NearestNeighbors,122,chip_simple_dx10p000_dym9p091__Lj12p0nH_Cj2p0fF__roL8p5mm__tee_fl160um_fc12_cg1p2um__rpg1p4um,4.74335442636,5.96352019986,5.678793174303054,212.85016882186287,5.680023776609713,9,chip_simple_dx1p818_dym9p091__Lj12p0nH_Cj2p0fF__roL8p5mm__tee_fl160um_fc12_cg1p2um__rpg1p4um,4.73395858035,5.98672827489,5.994751743192673,224.6710358694394,5.7112226948008775,0.49030926208082143,0.009395846009999431,0.02320807503000033,0.31595856888961826,11.820867047576542,0.031198918191164715
NearestNeighbors,122,chip_simple_dx10p000_dym9p091__Lj12p0nH_Cj2p0fF__roL8p5mm__tee_fl160um_fc12_cg1p2um__rpg1p4um,4.74335442636,5.96352019986,5.678793174303054,212.85016882186287,5.680023776609713,10,chip_simple_dx0p909_dy4p545__Lj12p0nH_Cj2p0fF__roL8p5mm__tee_fl160um_fc12_cg1p2um__rpg1p4um,4.76476123819,6.01779585812,5.4063290720748896,211.87633532782385,5.7317404606293385,0.49460911108622085,0.021406811830000372,0.0542756582600008,0.27246410222816486,0.9738334940390132,0.0517166840196257
NearestNeighbors,123,chip_simple_dx10p000_dy0p909__Lj12p0nH_Cj2p0fF__roL8p5mm__tee_fl160um_fc12_cg1p2um__rpg1p4um,4.75255400103,6.13763196296,5.2944752149524685,230.5572668902481,5.940929181592612,1,chip_simple_dx0p000_dym8p182__Lj12p0nH_Cj2p0fF__roL8p5mm__tee_fl160um_fc12_cg1p2um__rpg1p4um,4.75699175292,6.13442162476,5.358933925123215,230.6041003651568,5.926697467393431,0.0949375964021029,0.0044377518900002855,0.0032103381999997183,0.06445871017074634,0.04683347490870915,0.014231714199180345
NearestNeighbors,123,chip_simple_dx10p000_dy0p909__Lj12p0nH_Cj2p0fF__roL8p5mm__tee_fl160um_fc12_cg1p2um__rpg1p4um,4.75255400103,6.13763196296,5.2944752149524685,230.5572668902481,5.940929181592612,2,chip_simple_dx9p091_dy5p455__Lj12p0nH_Cj2p0fF__roL8p5mm__tee_fl160um_fc12_cg1p2um__rpg1p4um,4.7579347478,6.14116345285,5.347422351387023,231.2241237006332,5.920297827562249,0.12376547800487263,0.005380746770000222,0.0035314898900002945,0.05294713643455484,0.6668568103851271,0.02063135403036309
NearestNeighbors,123,chip_simple_dx10p000_dy0p909__Lj12p0nH_Cj2p0fF__roL8p5mm__tee_fl160um_fc12_cg1p2um__rpg1p4um,4.75255400103,6.13763196296,5.2944752149524685,230.5572668902481,5.940929181592612,3,chip_simple_dxm2p727_dy8p182__Lj12p0nH_Cj2p0fF__roL8p5mm__tee_fl160um_fc12_cg1p2um__rpg1p4um,4.73942012359,6.13041907966,5.303923094404221,232.28429467525183,5.936110371118198,0.18076687119031412,0.013133877439999608,0.007212883299999362,0.009447879451752073,1.7270277850037417,0.004818810474414015
NearestNeighbors,123,chip_simple_dx10p000_dy0p909__Lj12p0nH_Cj2p0fF__roL8p5mm__tee_fl160um_fc12_cg1p2um__rpg1p4um,4.75255400103,6.13763196296,5.2944752149524685,230.5572668902481,5.940929181592612,4,chip_simple_dxm7p273_dy5p455__Lj12p0nH_Cj2p0fF__roL8p5mm__tee_fl160um_fc12_cg1p2um__rpg1p4um,4.75652798608,6.12426292642,5.515357702396392,232.49421244469767,5.917856707186027,0.19732777442739396,0.003973985050000017,0.013369036539999435,0.22088248744392303,1.9369455544495793,0.02307247440658511
NearestNeighbors,123,chip_simple_dx10p000_dy0p909__Lj12p0nH_Cj2p0fF__roL8p5mm__tee_fl160um_fc12_cg1p2um__rpg1p4um,4.75255400103,6.13763196296,5.2944752149524685,230.5572668902481,5.940929181592612,5,chip_simple_dxm1p818_dym4p545__Lj12p0nH_Cj2p0fF__roL8p5mm__tee_fl160um_fc12_cg1p2um__rpg1p4um,4.7578510672,6.15914042544,5.390935790428161,235.0013169384904,5.933580595314555,0.21247912583358994,0.005297066169999809,0.021508462480000823,0.09646057547569242,4.444050048242303,0.007348586278056679
NearestNeighbors,123,chip_simple_dx10p000_dy0p909__Lj12p0nH_Cj2p0fF__roL8p5mm__tee_fl160um_fc12_cg1p2um__rpg1p4um,4.75255400103,6.13763196296,5.2944752149524685,230.5572668902481,5.940929181592612,6,chip_simple_dxm1p818_dym8p182__Lj12p0nH_Cj2p0fF__roL8p5mm__tee_fl160um_fc12_cg1p2um__rpg1p4um,4.74798045488,6.11757693515,5.274850255846023,227.969236976316,5.908298446157694,0.21429940120989016,0.004573546149999608,0.020055027809999793,0.01962495910644524,2.5880299139320755,0.03263073543491757
NearestNeighbors,123,chip_simple_dx10p000_dy0p909__Lj12p0nH_Cj2p0fF__roL8p5mm__tee_fl160um_fc12_cg1p2um__rpg1p4um,4.75255400103,6.13763196296,5.2944752149524685,230.5572668902481,5.940929181592612,7,chip_simple_dx7p273_dy5p455__Lj12p0nH_Cj2p0fF__roL8p5mm__tee_fl160um_fc12_cg1p2um__rpg1p4um,4.7485203046,6.15888690142,4.987842560365677,227.68960044213736,5.93785950448502,0.23625282464626954,0.0040336964299996225,0.02125493846000026,0.30663265458679145,2.8676664481107252,0.0030696771075913176
NearestNeighbors,123,chip_simple_dx10p000_dy0p909__Lj12p0nH_Cj2p0fF__roL8p5mm__tee_fl160um_fc12_cg1p2um__rpg1p4um,4.75255400103,6.13763196296,5.2944752149524685,230.5572668902481,5.940929181592612,8,chip_simple_dxm7p273_dym1p818__Lj12p0nH_Cj2p0fF__roL8p5mm__tee_fl160um_fc12_cg1p2um__rpg1p4um,4.76438654102,6.12161083912,5.439724164207458,228.93417802659692,5.912665026004023,0.23775922528131763,0.011832539990000335,0.016021123839999873,0.14524894925498977,1.6230888636511622,0.028264155588588302
NearestNeighbors,123,chip_simple_dx10p000_dy0p909__Lj12p0nH_Cj2p0fF__roL8p5mm__tee_fl160um_fc12_cg1p2um__rpg1p4um,4.75255400103,6.13763196296,5.2944752149524685,230.5572668902481,5.940929181592612,9,chip_simple_dxm2p727_dy1p818__Lj12p0nH_Cj2p0fF__roL8p5mm__tee_fl160um_fc12_cg1p2um__rpg1p4um,4.74603018436,6.11585771515,5.539317374271392,233.78375966019303,5.921034401913258,0.24594289816869097,0.0065238166699996825,0.021774247809999814,0.2448421593189236,3.22649276994494,0.019894779679353825
NearestNeighbors,123,chip_simple_dx10p000_dy0p909__Lj12p0nH_Cj2p0fF__roL8p5mm__tee_fl160um_fc12_cg1p2um__rpg1p4um,4.75255400103,6.13763196296,5.2944752149524685,230.5572668902481,5.940929181592612,10,chip_simple_dx10p000_dym0p909__Lj12p0nH_Cj2p0fF__roL8p5mm__tee_fl160um_fc12_cg1p2um__rpg1p4um,4.75606154742,6.16778888448,5.306044165422439,234.7878664070657,5.968817326650227,0.25848518476734605,0.0035075463899998383,0.0301569215200006,0.011568950469970751,4.23059951681762,0.02788814505761561
NearestNeighbors,124,chip_simple_dx10p000_dy3p636__Lj12p0nH_Cj2p0fF__roL8p5mm__tee_fl160um_fc12_cg1p2um__rpg1p4um,4.72330395194,6.22215593495,5.852815342746735,262.75745588173754,6.048624542248245,1,chip_simple_dx9p091_dy0p909__Lj12p0nH_Cj2p0fF__roL8p5mm__tee_fl160um_fc12_cg1p2um__rpg1p4um,4.7163601662,6.23569834714,5.613257433452606,260.8716160934938,6.0763823396662895,0.2274129186320821,0.006943785739999875,0.01354241218999963,0.23955790929412846,1.885839788243743,0.02775779741804474
NearestNeighbors,124,chip_simple_dx10p000_dy3p636__Lj12p0nH_Cj2p0fF__roL8p5mm__tee_fl160um_fc12_cg1p2um__rpg1p4um,4.72330395194,6.22215593495,5.852815342746735,262.75745588173754,6.048624542248245,2,chip_simple_dx0p909_dym4p545__Lj12p0nH_Cj2p0fF__roL8p5mm__tee_fl160um_fc12_cg1p2um__rpg1p4um,4.70922868384,6.20956317751,5.678390382087708,259.6697894944625,6.020366326771191,0.2708630524960093,0.014075268100000038,0.012592757440000213,0.17442496065902624,3.0876663872750214,0.028258215477054094
NearestNeighbors,124,chip_simple_dx10p000_dy3p636__Lj12p0nH_Cj2p0fF__roL8p5mm__tee_fl160um_fc12_cg1p2um__rpg1p4um,4.72330395194,6.22215593495,5.852815342746735,262.75745588173754,6.048624542248245,3,chip_simple_dxm9p091_dym10p000__Lj12p0nH_Cj2p0fF__roL8p5mm__tee_fl160um_fc12_cg1p2um__rpg1p4um,4.71107489741,6.18535581306,5.952367972948074,261.5686595159561,6.018524976031365,0.2990783287585635,0.01222905453000056,0.036800121889999815,0.0995526302013392,1.1887963657814566,0.03009956621687948
NearestNeighbors,124,chip_simple_dx10p000_dy3p636__Lj12p0nH_Cj2p0fF__roL8p5mm__tee_fl160um_fc12_cg1p2um__rpg1p4um,4.72330395194,6.22215593495,5.852815342746735,262.75745588173754,6.048624542248245,4,chip_simple_dxm7p273_dym0p909__Lj12p0nH_Cj2p0fF__roL8p5mm__tee_fl160um_fc12_cg1p2um__rpg1p4um,4.72621293074,6.21473069466,5.538169261859894,253.698082410752,6.053599860673863,0.3570553163024533,0.0029089787999998507,0.007425240289999913,0.314646080886841,9.059373470985548,0.004975318425618269
NearestNeighbors,124,chip_simple_dx10p000_dy3p636__Lj12p0nH_Cj2p0fF__roL8p5mm__tee_fl160um_fc12_cg1p2um__rpg1p4um,4.72330395194,6.22215593495,5.852815342746735,262.75745588173754,6.048624542248245,5,chip_simple_dxm9p091_dym3p636__Lj12p0nH_Cj2p0fF__roL8p5mm__tee_fl160um_fc12_cg1p2um__rpg1p4um,4.69849918476,6.1890369169,5.88604940322876,263.4189569943742,6.029108285903374,0.3739930338968447,0.02480476718000002,0.03311901804999984,0.03323406048202493,0.6615011126366426,0.019516256344870975
NearestNeighbors,124,chip_simple_dx10p000_dy3p636__Lj12p0nH_Cj2p0fF__roL8p5mm__tee_fl160um_fc12_cg1p2um__rpg1p4um,4.72330395194,6.22215593495,5.852815342746735,262.75745588173754,6.048624542248245,6,chip_simple_dx8p182_dym2p727__Lj12p0nH_Cj2p0fF__roL8p5mm__tee_fl160um_fc12_cg1p2um__rpg1p4um,4.70366645226,6.23032952005,5.441795454484939,258.6716946384921,6.064923365323344,0.3751343310836322,0.019637499679999948,0.00817358509999977,0.41101988826179525,4.085761243245429,0.016298823075099556
NearestNeighbors,124,chip_simple_dx10p000_dy3p636__Lj12p0nH_Cj2p0fF__roL8p5mm__tee_fl160um_fc12_cg1p2um__rpg1p4um,4.72330395194,6.22215593495,5.852815342746735,262.75745588173754,6.048624542248245,7,chip_simple_dx0p000_dym9p091__Lj12p0nH_Cj2p0fF__roL8p5mm__tee_fl160um_fc12_cg1p2um__rpg1p4um,4.7018418351,6.22357422606,5.4432200777797695,258.0090048013629,6.040511605219947,0.3905748551645389,0.021462116840000434,0.001418291110000247,0.4095952649669652,4.74845108037465,0.008112937028298184
NearestNeighbors,124,chip_simple_dx10p000_dy3p636__Lj12p0nH_Cj2p0fF__roL8p5mm__tee_fl160um_fc12_cg1p2um__rpg1p4um,4.72330395194,6.22215593495,5.852815342746735,262.75745588173754,6.048624542248245,8,chip_simple_dxm3p636_dy6p364__Lj12p0nH_Cj2p0fF__roL8p5mm__tee_fl160um_fc12_cg1p2um__rpg1p4um,4.70408698534,6.20223073647,5.666454196695328,259.3716296761648,5.989725032044327,0.40941853870770883,0.019216966600000163,0.019925198480000184,0.1863611460514063,3.385826205572755,0.05889951020391759
NearestNeighbors,124,chip_simple_dx10p000_dy3p636__Lj12p0nH_Cj2p0fF__roL8p5mm__tee_fl160um_fc12_cg1p2um__rpg1p4um,4.72330395194,6.22215593495,5.852815342746735,262.75745588173754,6.048624542248245,9,chip_simple_dx10p000_dy4p545__Lj12p0nH_Cj2p0fF__roL8p5mm__tee_fl160um_fc12_cg1p2um__rpg1p4um,4.69438852903,6.23711654308,5.793405339859008,270.04668404490945,6.066853802259337,0.454703369816023,0.028915422909999933,0.014960608129999997,0.05941000288772624,7.289228163171913,0.018229260011092485
NearestNeighbors,124,chip_simple_dx10p000_dy3p636__Lj12p0nH_Cj2p0fF__roL8p5mm__tee_fl160um_fc12_cg1p2um__rpg1p4um,4.72330395194,6.22215593495,5.852815342746735,262.75745588173754,6.048624542248245,10,chip_simple_dxm7p273_dym5p455__Lj12p0nH_Cj2p0fF__roL8p5mm__tee_fl160um_fc12_cg1p2um__rpg1p4um,4.73184455751,6.20479563684,5.572578645385742,251.6877216406616,6.007676605765333,0.4683201196649076,0.008540605569999471,0.01736029810999984,0.28023669736099244,11.069734241075935,0.04094793648291173
NearestNeighbors,125,chip_simple_dx10p000_dy8p182__Lj12p0nH_Cj2p0fF__roL8p5mm__tee_fl160um_fc12_cg1p2um__rpg1p4um,4.71267796257,6.14331372447,5.878011034767151,252.6873389056645,5.925969437183419,1,chip_simple_dxm4p545_dy4p545__Lj12p0nH_Cj2p0fF__roL8p5mm__tee_fl160um_fc12_cg1p2um__rpg1p4um,4.71642795927,6.13578113095,5.930907612184524,251.74673425045364,5.924740428666518,0.07676223607493288,0.003749996699999869,0.007532593519999686,0.05289657741737308,0.9406046552108478,0.0012290085169004428
NearestNeighbors,125,chip_simple_dx10p000_dy8p182__Lj12p0nH_Cj2p0fF__roL8p5mm__tee_fl160um_fc12_cg1p2um__rpg1p4um,4.71267796257,6.14331372447,5.878011034767151,252.6873389056645,5.925969437183419,2,chip_simple_dx7p273_dy10p000__Lj12p0nH_Cj2p0fF__roL8p5mm__tee_fl160um_fc12_cg1p2um__rpg1p4um,4.70805055796,6.13632743544,5.907291461717605,253.14031044935945,5.903929399723399,0.1250608429766915,0.0046274046099998856,0.006986289029999426,0.02928042695045452,0.4529715436949573,0.02204003746001959
NearestNeighbors,125,chip_simple_dx10p000_dy8p182__Lj12p0nH_Cj2p0fF__roL8p5mm__tee_fl160um_fc12_cg1p2um__rpg1p4um,4.71267796257,6.14331372447,5.878011034767151,252.6873389056645,5.925969437183419,3,chip_simple_dxm4p545_dy6p364__Lj12p0nH_Cj2p0fF__roL8p5mm__tee_fl160um_fc12_cg1p2um__rpg1p4um,4.70948631508,6.14137986712,5.8266296945228575,251.89687397293608,5.901594385955966,0.12568397452665905,0.0031916474899995606,0.0019338573499991796,0.051381340244293305,0.7904649327284119,0.024375051227452538
NearestNeighbors,125,chip_simple_dx10p000_dy8p182__Lj12p0nH_Cj2p0fF__roL8p5mm__tee_fl160um_fc12_cg1p2um__rpg1p4um,4.71267796257,6.14331372447,5.878011034767151,252.6873389056645,5.925969437183419,4,chip_simple_dx7p273_dym10p000__Lj12p0nH_Cj2p0fF__roL8p5mm__tee_fl160um_fc12_cg1p2um__rpg1p4um,4.71410593197,6.1449710615,5.722861017044068,249.15509170209992,5.909600201967471,0.16659195448345557,0.0014279693999998955,0.00165733703000015,0.15515001772308246,3.532247203564566,0.016369235215947242
NearestNeighbors,125,chip_simple_dx10p000_dy8p182__Lj12p0nH_Cj2p0fF__roL8p5mm__tee_fl160um_fc12_cg1p2um__rpg1p4um,4.71267796257,6.14331372447,5.878011034767151,252.6873389056645,5.925969437183419,5,chip_simple_dx5p455_dym6p364__Lj12p0nH_Cj2p0fF__roL8p5mm__tee_fl160um_fc12_cg1p2um__rpg1p4um,4.70113956644,6.15024864164,5.847728067014694,255.68062975343904,5.934076612123183,0.18508035895575217,0.01153839612999974,0.00693491717000061,0.030282967752456535,2.9932908477745457,0.00810717493976476
NearestNeighbors,125,chip_simple_dx10p000_dy8p182__Lj12p0nH_Cj2p0fF__roL8p5mm__tee_fl160um_fc12_cg1p2um__rpg1p4um,4.71267796257,6.14331372447,5.878011034767151,252.6873389056645,5.925969437183419,6,chip_simple_dxm7p273_dym2p727__Lj12p0nH_Cj2p0fF__roL8p5mm__tee_fl160um_fc12_cg1p2um__rpg1p4um,4.70851926397,6.13738147014,6.056580542360305,256.39439544466705,5.950520179334925,0.20525032793318687,0.004158698599999511,0.005932254329999331,0.1785695075931546,3.707056539002565,0.0245507421515061
NearestNeighbors,125,chip_simple_dx10p000_dy8p182__Lj12p0nH_Cj2p0fF__roL8p5mm__tee_fl160um_fc12_cg1p2um__rpg1p4um,4.71267796257,6.14331372447,5.878011034767151,252.6873389056645,5.925969437183419,7,chip_simple_dx10p000_dy0p000__Lj12p0nH_Cj2p0fF__roL8p5mm__tee_fl160um_fc12_cg1p2um__rpg1p4um,4.71208036912,6.12933282299,5.748897754478454,247.69335881399888,5.914392877730971,0.2058252258721826,0.0005975934500002111,0.013980901479999197,0.1291132802886965,4.993980091665605,0.011576559452447732
NearestNeighbors,125,chip_simple_dx10p000_dy8p182__Lj12p0nH_Cj2p0fF__roL8p5mm__tee_fl160um_fc12_cg1p2um__rpg1p4um,4.71267796257,6.14331372447,5.878011034767151,252.6873389056645,5.925969437183419,8,chip_simple_dxm1p818_dy0p000__Lj12p0nH_Cj2p0fF__roL8p5mm__tee_fl160um_fc12_cg1p2um__rpg1p4um,4.72085109882,6.13674306549,5.771197805171966,247.53443243124363,5.9292022682777255,0.21366473130234784,0.008173136249999935,0.006570658979999422,0.10681322959518447,5.15290647442086,0.0032328310943068317
NearestNeighbors,125,chip_simple_dx10p000_dy8p182__Lj12p0nH_Cj2p0fF__roL8p5mm__tee_fl160um_fc12_cg1p2um__rpg1p4um,4.71267796257,6.14331372447,5.878011034767151,252.6873389056645,5.925969437183419,9,chip_simple_dxm3p636_dy4p545__Lj12p0nH_Cj2p0fF__roL8p5mm__tee_fl160um_fc12_cg1p2um__rpg1p4um,4.71363061095,6.14572418614,5.668436658781052,248.2621666113731,5.949051840746841,0.2180701512138751,0.0009526483800001984,0.0024104616700002524,0.20957437598609907,4.4251722942914,0.023082403563422282
NearestNeighbors,125,chip_simple_dx10p000_dy8p182__Lj12p0nH_Cj2p0fF__roL8p5mm__tee_fl160um_fc12_cg1p2um__rpg1p4um,4.71267796257,6.14331372447,5.878011034767151,252.6873389056645,5.925969437183419,10,chip_simple_dx8p182_dy8p182__Lj12p0nH_Cj2p0fF__roL8p5mm__tee_fl160um_fc12_cg1p2um__rpg1p4um,4.69745140842,6.12940857106,6.00176041119194,256.33160974703685,5.915191680844501,0.2545809984787606,0.015226554149999849,0.013905153409999649,0.12374937642478923,3.644270841372361,0.010777756338917754
NearestNeighbors,126,chip_simple_dx10p000_dy10p000__Lj12p0nH_Cj2p0fF__roL8p5mm__tee_fl160um_fc12_cg1p2um__rpg1p4um,4.7197549909,6.17427677037,5.8566343768806455,255.68904490554613,5.95457013669626,1,chip_simple_dx2p727_dy4p545__Lj12p0nH_Cj2p0fF__roL8p5mm__tee_fl160um_fc12_cg1p2um__rpg1p4um,4.72661637865,6.17653112846,5.815809796421051,253.68702655650372,5.959841194906359,0.11493854310920591,0.006861387749999892,0.002254358090000075,0.040824580459594806,2.0020183490424017,0.005271058210099433
NearestNeighbors,126,chip_simple_dx10p000_dy10p000__Lj12p0nH_Cj2p0fF__roL8p5mm__tee_fl160um_fc12_cg1p2um__rpg1p4um,4.7197549909,6.17427677037,5.8566343768806455,255.68904490554613,5.95457013669626,2,chip_simple_dxm1p818_dy6p364__Lj12p0nH_Cj2p0fF__roL8p5mm__tee_fl160um_fc12_cg1p2um__rpg1p4um,4.72288255884,6.16611156985,5.942852807521819,255.57392589996,5.983119778272944,0.15223116745026855,0.00312756794000002,0.008165200519999694,0.08621843064117396,0.11511900558613775,0.02854964157668416
NearestNeighbors,126,chip_simple_dx10p000_dy10p000__Lj12p0nH_Cj2p0fF__roL8p5mm__tee_fl160um_fc12_cg1p2um__rpg1p4um,4.7197549909,6.17427677037,5.8566343768806455,255.68904490554613,5.95457013669626,3,chip_simple_dxm2p727_dy0p000__Lj12p0nH_Cj2p0fF__roL8p5mm__tee_fl160um_fc12_cg1p2um__rpg1p4um,4.70946736854,6.17220265584,5.747707520002365,255.1766850154424,5.971067509373771,0.163098489485471,0.010287622359999915,0.0020741145300000596,0.10892685687828063,0.5123598901037383,0.01649737267751128
NearestNeighbors,126,chip_simple_dx10p000_dy10p000__Lj12p0nH_Cj2p0fF__roL8p5mm__tee_fl160um_fc12_cg1p2um__rpg1p4um,4.7197549909,6.17427677037,5.8566343768806455,255.68904490554613,5.95457013669626,4,chip_simple_dx4p545_dym7p273__Lj12p0nH_Cj2p0fF__roL8p5mm__tee_fl160um_fc12_cg1p2um__rpg1p4um,4.70975884229,6.16440380235,5.946511625797272,258.2466833663227,5.972072223380172,0.18753274923982508,0.009996148609999977,0.009872968019999817,0.0898772489166264,2.5576384607765874,0.017502086683911955
NearestNeighbors,126,chip_simple_dx10p000_dy10p000__Lj12p0nH_Cj2p0fF__roL8p5mm__tee_fl160um_fc12_cg1p2um__rpg1p4um,4.7197549909,6.17427677037,5.8566343768806455,255.68904490554613,5.95457013669626,5,chip_simple_dxm6p364_dy3p636__Lj12p0nH_Cj2p0fF__roL8p5mm__tee_fl160um_fc12_cg1p2um__rpg1p4um,4.70606182979,6.1671545843,5.89281384662056,258.3575285965225,5.954585492025992,0.19890972856466357,0.013693161109999963,0.007122186069999259,0.03617946973991426,2.6684836909763874,1.5355329732180678e-05
NearestNeighbors,126,chip_simple_dx10p000_dy10p000__Lj12p0nH_Cj2p0fF__roL8p5mm__tee_fl160um_fc12_cg1p2um__rpg1p4um,4.7197549909,6.17427677037,5.8566343768806455,255.68904490554613,5.95457013669626,6,chip_simple_dx10p000_dy2p727__Lj12p0nH_Cj2p0fF__roL8p5mm__tee_fl160um_fc12_cg1p2um__rpg1p4um,4.73462079534,6.18985040369,5.828325863840103,254.44098843935748,5.937285281374463,0.2250829426750501,0.014865804439999408,0.015573633320000724,0.028308513040542493,1.2480564661886433,0.017284855321796577
NearestNeighbors,126,chip_simple_dx10p000_dy10p000__Lj12p0nH_Cj2p0fF__roL8p5mm__tee_fl160um_fc12_cg1p2um__rpg1p4um,4.7197549909,6.17427677037,5.8566343768806455,255.68904490554613,5.95457013669626,7,chip_simple_dxm8p182_dym4p545__Lj12p0nH_Cj2p0fF__roL8p5mm__tee_fl160um_fc12_cg1p2um__rpg1p4um,4.73043071526,6.17100144044,5.767042214794159,250.8990176723497,5.986730956844874,0.26179739304217303,0.010675724359999528,0.0032753299299992378,0.08959216208648613,4.79002723319644,0.0321608201486141
NearestNeighbors,126,chip_simple_dx10p000_dy10p000__Lj12p0nH_Cj2p0fF__roL8p5mm__tee_fl160um_fc12_cg1p2um__rpg1p4um,4.7197549909,6.17427677037,5.8566343768806455,255.68904490554613,5.95457013669626,8,chip_simple_dxm7p273_dym2p727__Lj12p0nH_Cj2p0fF__roL8p5mm__tee_fl160um_fc12_cg1p2um__rpg1p4um,4.70851926397,6.13738147014,6.056580542360305,256.39439544466705,5.950520179334925,0.2751468572654883,0.011235726929999856,0.03689530022999943,0.19994616547965993,0.7053505391209285,0.004049957361335288
NearestNeighbors,126,chip_simple_dx10p000_dy10p000__Lj12p0nH_Cj2p0fF__roL8p5mm__tee_fl160um_fc12_cg1p2um__rpg1p4um,4.7197549909,6.17427677037,5.8566343768806455,255.68904490554613,5.95457013669626,9,chip_simple_dx5p455_dym6p364__Lj12p0nH_Cj2p0fF__roL8p5mm__tee_fl160um_fc12_cg1p2um__rpg1p4um,4.70113956644,6.15024864164,5.847728067014694,255.68062975343904,5.934076612123183,0.2853204989281822,0.018615424460000085,0.024028128729999487,0.0089063098659512,0.008415152107090762,0.020493524573076627
NearestNeighbors,126,chip_simple_dx10p000_dy10p000__Lj12p0nH_Cj2p0fF__roL8p5mm__tee_fl160um_fc12_cg1p2um__rpg1p4um,4.7197549909,6.17427677037,5.8566343768806455,255.68904490554613,5.95457013669626,10,chip_simple_dxm2p727_dy3p636__Lj12p0nH_Cj2p0fF__roL8p5mm__tee_fl160um_fc12_cg1p2um__rpg1p4um,4.72771327144,6.17379279793,5.623312453847885,248.72072138405872,5.943747599398507,0.29063059012941656,0.007958280539999585,0.000483972439999647,0.23332192303276056,6.968323521487406,0.010822537297753065
