method,query_idx,query_sample_id,query_fq_GHz,query_fr_GHz,query_chi_MHz,query_g_MHz,query_kappa_MHz,rank,retrieved_sample_id,retrieved_fq_GHz,retrieved_fr_GHz,retrieved_chi_MHz,retrieved_g_MHz,retrieved_kappa_MHz,distance_or_cost,error_fq,error_fr,error_chi,error_g,error_kappa
Surrogate_Ridge,0,fig5_cg2p0um_rpg2p0um__Lj12p0nH_Cj0p0fF__roL8p5mm__tee_fl160um_fc12,4.87611067234,6.2724037398,4.550888010089874,210.16157380006155,6.038057856245259,1,fig5_cg3p5um_rpg3p5um__Lj12p0nH_Cj0p0fF__roL8p5mm__tee_fl160um_fc12,4.88834773081,6.55440012204,3.58235393236351,219.15970791952185,6.190036689460878,0.006709921388867883,0.01223705846999934,0.28199638224,0.9685340777263645,8.998134119460303,0.1519788332156189
Surrogate_Ridge,0,fig5_cg2p0um_rpg2p0um__Lj12p0nH_Cj0p0fF__roL8p5mm__tee_fl160um_fc12,4.87611067234,6.2724037398,4.550888010089874,210.16157380006155,6.038057856245259,2,fig5_cg3p0um_rpg4p0um__Lj12p0nH_Cj0p0fF__roL8p5mm__tee_fl160um_fc12,4.940704631,6.42408762791,3.4702477960357663,191.51572092370972,6.040377137923779,0.009722322974402665,0.06459395865999973,0.15168388811,1.080640214054108,18.645852876351825,0.0023192816785204684
Surrogate_Ridge,0,fig5_cg2p0um_rpg2p0um__Lj12p0nH_Cj0p0fF__roL8p5mm__tee_fl160um_fc12,4.87611067234,6.2724037398,4.550888010089874,210.16157380006155,6.038057856245259,3,fig5_cg3p0um_rpg3p0um__Lj12p0nH_Cj0p0fF__roL8p5mm__tee_fl160um_fc12,4.91022642408,6.30951729449,3.4180947746620176,181.0996536786009,5.916928558404827,0.010662966123609263,0.03411575173999992,0.03711355469000033,1.1327932354278567,29.061920121460645,0.12112929784043214
Surrogate_Ridge,0,fig5_cg2p0um_rpg2p0um__Lj12p0nH_Cj0p0fF__roL8p5mm__tee_fl160um_fc12,4.87611067234,6.2724037398,4.550888010089874,210.16157380006155,6.038057856245259,4,fig5_cg3p5um_rpg2p5um__Lj12p0nH_Cj0p0fF__roL8p5mm__tee_fl160um_fc12,4.85348773769,6.38790903463,4.356288998512268,225.5893196577544,6.102737650921461,0.01310800718793282,0.022622934650000204,0.11550529483000016,0.19459901157760662,15.427745857692855,0.06467979467620211
Surrogate_Ridge,0,fig5_cg2p0um_rpg2p0um__Lj12p0nH_Cj0p0fF__roL8p5mm__tee_fl160um_fc12,4.87611067234,6.2724037398,4.550888010089874,210.16157380006155,6.038057856245259,5,fig5_cg4p0um_rpg2p5um__Lj12p0nH_Cj0p0fF__roL8p5mm__tee_fl160um_fc12,4.84081846419,6.4170299131,4.2439929298172,228.91083087667948,6.164372524451142,0.01855803941087463,0.03529220815000045,0.14462617330000072,0.30689508027267465,18.749257076617937,0.12631466820588333
Surrogate_Ridge,0,fig5_cg2p0um_rpg2p0um__Lj12p0nH_Cj0p0fF__roL8p5mm__tee_fl160um_fc12,4.87611067234,6.2724037398,4.550888010089874,210.16157380006155,6.038057856245259,6,fig5_cg2p5um_rpg4p0um__Lj12p0nH_Cj0p0fF__roL8p5mm__tee_fl160um_fc12,4.97746029131,6.34846078021,3.4394829423675537,176.0279190752371,5.892001031860305,0.0194090801926915,0.10134961896999961,0.07605704041000028,1.1114050677223206,34.13365472482445,0.14605682438495382
Surrogate_Ridge,0,fig5_cg2p0um_rpg2p0um__Lj12p0nH_Cj0p0fF__roL8p5mm__tee_fl160um_fc12,4.87611067234,6.2724037398,4.550888010089874,210.16157380006155,6.038057856245259,7,fig5_cg2p5um_rpg3p5um__Lj12p0nH_Cj0p0fF__roL8p5mm__tee_fl160um_fc12,4.90933450729,6.40357690957,3.7329917837715145,201.2880257934344,6.003674917928219,0.02489171382712368,0.033223834949999365,0.13117316977000026,0.8178962263183598,8.873548006627146,0.03438293831703998
Surrogate_Ridge,0,fig5_cg2p0um_rpg2p0um__Lj12p0nH_Cj0p0fF__roL8p5mm__tee_fl160um_fc12,4.87611067234,6.2724037398,4.550888010089874,210.16157380006155,6.038057856245259,8,fig5_cg3p5um_rpg4p0um__Lj12p0nH_Cj0p0fF__roL8p5mm__tee_fl160um_fc12,4.9416939411,6.51548606738,3.315546014060974,197.788389720846,6.147249764815354,0.026733978643609654,0.06558326875999931,0.2430823275800007,1.2353419960289003,12.373184079215548,0.10919190857009475
Surrogate_Ridge,0,fig5_cg2p0um_rpg2p0um__Lj12p0nH_Cj0p0fF__roL8p5mm__tee_fl160um_fc12,4.87611067234,6.2724037398,4.550888010089874,210.16157380006155,6.038057856245259,9,fig5_cg2p5um_rpg4p5um__Lj12p0nH_Cj0p0fF__roL8p5mm__tee_fl160um_fc12,4.94106024347,6.27626260442,3.614401097434997,177.32648850399752,5.824223648241028,0.029408513327775474,0.06494957112999966,0.003858864620000624,0.9364869126548774,32.83508529606402,0.21383420800423103
Surrogate_Ridge,0,fig5_cg2p0um_rpg2p0um__Lj12p0nH_Cj0p0fF__roL8p5mm__tee_fl160um_fc12,4.87611067234,6.2724037398,4.550888010089874,210.16157380006155,6.038057856245259,10,fig5_cg3p0um_rpg4p5um__Lj12p0nH_Cj0p0fF__roL8p5mm__tee_fl160um_fc12,4.9941849025,6.38138344841,3.337415566484451,174.770816054377,5.970627936686949,0.032475101554073654,0.11807423015999952,0.10897970861000061,1.2134724436054234,35.39075774568454,0.06742991955831013
Surrogate_Ridge,1,fig5_cg2p5um_rpg1p0um__Lj12p0nH_Cj0p0fF__roL8p5mm__tee_fl160um_fc12,4.66294784318,6.36077653441,6.190793763965607,308.1283621705032,6.290282883749718,1,fig5_cg4p0um_rpg0p5um__Lj12p0nH_Cj0p0fF__roL8p5mm__tee_fl160um_fc12,4.52155001594,6.39443554908,6.552557450353622,359.2700242399351,6.454069012219757,0.0005088401184976371,0.1413978272400005,0.03365901466999954,0.3617636863880147,51.1416620694319,0.16378612847003904
Surrogate_Ridge,1,fig5_cg2p5um_rpg1p0um__Lj12p0nH_Cj0p0fF__roL8p5mm__tee_fl160um_fc12,4.66294784318,6.36077653441,6.190793763965607,308.1283621705032,6.290282883749718,2,fig5_cg3p5um_rpg1p0um__Lj12p0nH_Cj0p0fF__roL8p5mm__tee_fl160um_fc12,4.65151549232,6.42206990109,5.782993409578324,310.4906595751157,6.336782825594393,0.002991854966507902,0.011432350860000717,0.06129336668000018,0.407800354387283,2.362297404612548,0.046499941844674986
Surrogate_Ridge,1,fig5_cg2p5um_rpg1p0um__Lj12p0nH_Cj0p0fF__roL8p5mm__tee_fl160um_fc12,4.66294784318,6.36077653441,6.190793763965607,308.1283621705032,6.290282883749718,3,fig5_cg3p5um_rpg0p5um__Lj12p0nH_Cj0p0fF__roL8p5mm__tee_fl160um_fc12,4.48458805947,6.33290774525,6.273954957790375,350.28792536348936,6.333902670879128,0.0042773143163751534,0.17835978371000039,0.02786878916000024,0.08316119382476739,42.159563192986184,0.04361978712941017
Surrogate_Ridge,1,fig5_cg2p5um_rpg1p0um__Lj12p0nH_Cj0p0fF__roL8p5mm__tee_fl160um_fc12,4.66294784318,6.36077653441,6.190793763965607,308.1283621705032,6.290282883749718,4,fig5_cg3p5um_rpg1p5um__Lj12p0nH_Cj0p0fF__roL8p5mm__tee_fl160um_fc12,4.70486631048,6.33112792154,5.111963850152969,266.195772124899,6.191175501007713,0.009756677975614246,0.041918467299999485,0.02964861286999998,1.0788299138126387,41.93259004560417,0.09910738274200526
Surrogate_Ridge,1,fig5_cg2p5um_rpg1p0um__Lj12p0nH_Cj0p0fF__roL8p5mm__tee_fl160um_fc12,4.66294784318,6.36077653441,6.190793763965607,308.1283621705032,6.290282883749718,5,fig5_cg4p5um_rpg0p5um__Lj12p0nH_Cj0p0fF__roL8p5mm__tee_fl160um_fc12,4.51249644149,6.35090511355,6.372151983530045,348.6053033569676,6.370880057120116,0.01134754843006161,0.1504514016900007,0.00987142086000059,0.1813582195644372,40.476941186464444,0.08059717337039807
Surrogate_Ridge,1,fig5_cg2p5um_rpg1p0um__Lj12p0nH_Cj0p0fF__roL8p5mm__tee_fl160um_fc12,4.66294784318,6.36077653441,6.190793763965607,308.1283621705032,6.290282883749718,6,fig5_cg3p0um_rpg1p5um__Lj12p0nH_Cj0p0fF__roL8p5mm__tee_fl160um_fc12,4.80934135586,6.34266483957,4.7338018228397365,237.2002446708589,6.176728175579623,0.01399809098398509,0.14639351267999956,0.01811169483999997,1.456991941125871,70.92811749964429,0.11355470817009561
Surrogate_Ridge,1,fig5_cg2p5um_rpg1p0um__Lj12p0nH_Cj0p0fF__roL8p5mm__tee_fl160um_fc12,4.66294784318,6.36077653441,6.190793763965607,308.1283621705032,6.290282883749718,7,fig5_cg3p0um_rpg1p0um__Lj12p0nH_Cj0p0fF__roL8p5mm__tee_fl160um_fc12,4.5918495592,6.3683346429,6.310808488025665,329.7787087605889,6.339102179225892,0.014300389824352807,0.07109828398000051,0.007558108489999604,0.12001472406005753,21.650346590085746,0.04881929547617414
Surrogate_Ridge,1,fig5_cg2p5um_rpg1p0um__Lj12p0nH_Cj0p0fF__roL8p5mm__tee_fl160um_fc12,4.66294784318,6.36077653441,6.190793763965607,308.1283621705032,6.290282883749718,8,fig5_cg3p0um_rpg2p0um__Lj12p0nH_Cj0p0fF__roL8p5mm__tee_fl160um_fc12,4.85591843529,6.44095110726,4.270610977590561,230.04663618304903,6.1997071597004,0.021746074502590973,0.19297059210999912,0.08017457284999985,1.9201827863750465,78.08172598745415,0.09057572404931857
Surrogate_Ridge,1,fig5_cg2p5um_rpg1p0um__Lj12p0nH_Cj0p0fF__roL8p5mm__tee_fl160um_fc12,4.66294784318,6.36077653441,6.190793763965607,308.1283621705032,6.290282883749718,9,fig5_cg4p5um_rpg1p0um__Lj12p0nH_Cj0p0fF__roL8p5mm__tee_fl160um_fc12,4.66547453942,6.44365646453,5.568490972890854,305.09213979648246,6.526420054379522,0.024196332779142474,0.0025266962399994597,0.08287993011999983,0.6223027910747536,3.036222374020724,0.23613717062980388
Surrogate_Ridge,1,fig5_cg2p5um_rpg1p0um__Lj12p0nH_Cj0p0fF__roL8p5mm__tee_fl160um_fc12,4.66294784318,6.36077653441,6.190793763965607,308.1283621705032,6.290282883749718,10,fig5_cg3p5um_rpg2p0um__Lj12p0nH_Cj0p0fF__roL8p5mm__tee_fl160um_fc12,4.78544785971,6.42909571039,4.586441499513626,250.3896145461569,6.177842469599042,0.02457178334369419,0.1225000165299992,0.06831917598000015,1.6043522644519816,57.738747624346274,0.11244041415067585
Surrogate_Ridge,2,fig5_cg3p5um_rpg3p0um__Lj12p0nH_Cj0p0fF__roL8p5mm__tee_fl160um_fc12,4.93553973885,6.40871504867,3.609282795269012,194.3874784003586,6.04946112689089,1,fig5_cg3p5um_rpg4p0um__Lj12p0nH_Cj0p0fF__roL8p5mm__tee_fl160um_fc12,4.9416939411,6.51548606738,3.315546014060974,197.788389720846,6.147249764815354,0.00024202250228015307,0.006154202249999408,0.10677101870999994,0.2937367812080378,3.4009113204874097,0.0977886379244639
Surrogate_Ridge,2,fig5_cg3p5um_rpg3p0um__Lj12p0nH_Cj0p0fF__roL8p5mm__tee_fl160um_fc12,4.93553973885,6.40871504867,3.609282795269012,194.3874784003586,6.04946112689089,2,fig5_cg3p5um_rpg3p5um__Lj12p0nH_Cj0p0fF__roL8p5mm__tee_fl160um_fc12,4.88834773081,6.55440012204,3.58235393236351,219.15970791952185,6.190036689460878,0.009394001053351714,0.047192008040000566,0.14568507336999925,0.026928862905502005,24.77222951916326,0.14057556256998804
Surrogate_Ridge,2,fig5_cg3p5um_rpg3p0um__Lj12p0nH_Cj0p0fF__roL8p5mm__tee_fl160um_fc12,4.93553973885,6.40871504867,3.609282795269012,194.3874784003586,6.04946112689089,3,fig5_cg3p0um_rpg4p5um__Lj12p0nH_Cj0p0fF__roL8p5mm__tee_fl160um_fc12,4.9941849025,6.38138344841,3.337415566484451,174.770816054377,5.970627936686949,0.012214575499439275,0.05864516364999961,0.027331600260000144,0.27186722878456093,19.61666234598158,0.07883319020394097
Surrogate_Ridge,2,fig5_cg3p5um_rpg3p0um__Lj12p0nH_Cj0p0fF__roL8p5mm__tee_fl160um_fc12,4.93553973885,6.40871504867,3.609282795269012,194.3874784003586,6.04946112689089,4,fig5_cg3p5um_rpg4p5um__Lj12p0nH_Cj0p0fF__roL8p5mm__tee_fl160um_fc12,4.93974901061,6.38397286003,3.69327575235939,192.8740906594917,5.933832041481957,0.013249492971134834,0.004209271759999744,0.02474218864000033,0.08399295709037835,1.5133877408668752,0.11562908540893257
Surrogate_Ridge,2,fig5_cg3p5um_rpg3p0um__Lj12p0nH_Cj0p0fF__roL8p5mm__tee_fl160um_fc12,4.93553973885,6.40871504867,3.609282795269012,194.3874784003586,6.04946112689089,5,fig5_cg3p0um_rpg4p0um__Lj12p0nH_Cj0p0fF__roL8p5mm__tee_fl160um_fc12,4.940704631,6.42408762791,3.4702477960357663,191.51572092370972,6.040377137923779,0.02065566470305612,0.005164892149999822,0.01537257923999924,0.13903499923324558,2.8717574766488667,0.009083988967110379
Surrogate_Ridge,2,fig5_cg3p5um_rpg3p0um__Lj12p0nH_Cj0p0fF__roL8p5mm__tee_fl160um_fc12,4.93553973885,6.40871504867,3.609282795269012,194.3874784003586,6.04946112689089,6,fig5_cg3p0um_rpg5p0um__Lj12p0nH_Cj0p0fF__roL8p5mm__tee_fl160um_fc12,4.95696839493,6.48702340891,3.0559725609760284,184.36721217201665,6.001161702196097,0.025932935315748685,0.021428656079999442,0.07830836023999943,0.5533102342929834,10.020266228341939,0.0482994246947932
Surrogate_Ridge,2,fig5_cg3p5um_rpg3p0um__Lj12p0nH_Cj0p0fF__roL8p5mm__tee_fl160um_fc12,4.93553973885,6.40871504867,3.609282795269012,194.3874784003586,6.04946112689089,7,fig5_cg4p5um_rpg3p0um__Lj12p0nH_Cj0p0fF__roL8p5mm__tee_fl160um_fc12,4.83995157357,6.4987501229,3.8456828279762254,228.4924012088084,6.243127364960313,0.03852117248402,0.09558816528000058,0.09003507422999935,0.23640003270721355,34.1049228084498,0.19366623806942318
Surrogate_Ridge,2,fig5_cg3p5um_rpg3p0um__Lj12p0nH_Cj0p0fF__roL8p5mm__tee_fl160um_fc12,4.93553973885,6.40871504867,3.609282795269012,194.3874784003586,6.04946112689089,8,fig5_cg2p5um_rpg5p0um__Lj12p0nH_Cj0p0fF__roL8p5mm__tee_fl160um_fc12,4.96853879237,6.44911161303,3.242022451978684,183.77948170929324,6.01719108962314,0.044928547155284465,0.03299905352000021,0.04039656435999994,0.36726034329032764,10.607996691065352,0.03227003726774935
Surrogate_Ridge,2,fig5_cg3p5um_rpg3p0um__Lj12p0nH_Cj0p0fF__roL8p5mm__tee_fl160um_fc12,4.93553973885,6.40871504867,3.609282795269012,194.3874784003586,6.04946112689089,9,fig5_cg3p5um_rpg5p0um__Lj12p0nH_Cj0p0fF__roL8p5mm__tee_fl160um_fc12,4.93155087737,6.50667264028,3.192206646333694,194.60845436094925,6.043189427188832,0.048416412459915736,0.003988861479999883,0.09795759160999928,0.41707614893531764,0.22097596059066404,0.006271699702057987
Surrogate_Ridge,2,fig5_cg3p5um_rpg3p0um__Lj12p0nH_Cj0p0fF__roL8p5mm__tee_fl160um_fc12,4.93553973885,6.40871504867,3.609282795269012,194.3874784003586,6.04946112689089,10,fig5_cg4p5um_rpg2p5um__Lj12p0nH_Cj0p0fF__roL8p5mm__tee_fl160um_fc12,4.8208314661,6.41561937046,4.202300157867431,231.21565590524023,6.118632919744756,0.04909492973000111,0.11470827275000062,0.006904321789999557,0.5930173625984194,36.82817750488164,0.06917179285386599
Surrogate_Ridge,3,fig5_cg4p0um_rpg1p5um__Lj12p0nH_Cj0p0fF__roL8p5mm__tee_fl160um_fc12,4.63955293545,6.42466191485,4.9842324073925015,290.9207745568615,6.2754882085959895,1,fig5_cg4p5um_rpg1p0um__Lj12p0nH_Cj0p0fF__roL8p5mm__tee_fl160um_fc12,4.66547453942,6.44365646453,5.568490972890854,305.09213979648246,6.526420054379522,0.0012145937989804759,0.02592160396999965,0.01899454968000036,0.5842585654983523,14.171365239620968,0.25093184578353256
Surrogate_Ridge,3,fig5_cg4p0um_rpg1p5um__Lj12p0nH_Cj0p0fF__roL8p5mm__tee_fl160um_fc12,4.63955293545,6.42466191485,4.9842324073925015,290.9207745568615,6.2754882085959895,2,fig5_cg4p5um_rpg0p5um__Lj12p0nH_Cj0p0fF__roL8p5mm__tee_fl160um_fc12,4.51249644149,6.35090511355,6.372151983530045,348.6053033569676,6.370880057120116,0.00623623140783172,0.12705649396000052,0.07375680130000006,1.3879195761375431,57.684528800106136,0.09539184852412674
Surrogate_Ridge,3,fig5_cg4p0um_rpg1p5um__Lj12p0nH_Cj0p0fF__roL8p5mm__tee_fl160um_fc12,4.63955293545,6.42466191485,4.9842324073925015,290.9207745568615,6.2754882085959895,3,fig5_cg5p0um_rpg0p5um__Lj12p0nH_Cj0p0fF__roL8p5mm__tee_fl160um_fc12,4.54852290045,6.34578466778,6.117417553102493,331.8522825685193,6.365348751829195,0.010999615806534208,0.09103003500000018,0.07887724706999943,1.1331851457099917,40.9315080116578,0.0898605432332058
Surrogate_Ridge,3,fig5_cg4p0um_rpg1p5um__Lj12p0nH_Cj0p0fF__roL8p5mm__tee_fl160um_fc12,4.63955293545,6.42466191485,4.9842324073925015,290.9207745568615,6.2754882085959895,4,fig5_cg3p5um_rpg2p0um__Lj12p0nH_Cj0p0fF__roL8p5mm__tee_fl160um_fc12,4.78544785971,6.42909571039,4.586441499513626,250.3896145461569,6.177842469599042,0.012303790454574427,0.1458949242599994,0.0044337955400006734,0.3977909078788757,40.53116001070458,0.09764573899694717
Surrogate_Ridge,3,fig5_cg4p0um_rpg1p5um__Lj12p0nH_Cj0p0fF__roL8p5mm__tee_fl160um_fc12,4.63955293545,6.42466191485,4.9842324073925015,290.9207745568615,6.2754882085959895,5,fig5_cg5p0um_rpg1p0um__Lj12p0nH_Cj0p0fF__roL8p5mm__tee_fl160um_fc12,4.67009412056,6.40368347107,5.386180753400803,292.5653068578806,6.313414733179575,0.017441361533612622,0.030541185109999702,0.0209784437799998,0.4019483460083011,1.644532301019126,0.03792652458358514
Surrogate_Ridge,3,fig5_cg4p0um_rpg1p5um__Lj12p0nH_Cj0p0fF__roL8p5mm__tee_fl160um_fc12,4.63955293545,6.42466191485,4.9842324073925015,290.9207745568615,6.2754882085959895,6,fig5_cg3p5um_rpg1p5um__Lj12p0nH_Cj0p0fF__roL8p5mm__tee_fl160um_fc12,4.70486631048,6.33112792154,5.111963850152969,266.195772124899,6.191175501007713,0.017806556063850777,0.06531337502999968,0.09353399330999945,0.12773144276046722,24.72500243196248,0.08431270758827658
Surrogate_Ridge,3,fig5_cg4p0um_rpg1p5um__Lj12p0nH_Cj0p0fF__roL8p5mm__tee_fl160um_fc12,4.63955293545,6.42466191485,4.9842324073925015,290.9207745568615,6.2754882085959895,7,fig5_cg3p5um_rpg2p5um__Lj12p0nH_Cj0p0fF__roL8p5mm__tee_fl160um_fc12,4.85348773769,6.38790903463,4.356288998512268,225.5893196577544,6.102737650921461,0.01802384418101519,0.21393480223999983,0.036752880219999895,0.6279434088802338,65.33145489910709,0.17275055767452852
Surrogate_Ridge,3,fig5_cg4p0um_rpg1p5um__Lj12p0nH_Cj0p0fF__roL8p5mm__tee_fl160um_fc12,4.63955293545,6.42466191485,4.9842324073925015,290.9207745568615,6.2754882085959895,8,fig5_cg4p0um_rpg0p5um__Lj12p0nH_Cj0p0fF__roL8p5mm__tee_fl160um_fc12,4.52155001594,6.39443554908,6.552557450353622,359.2700242399351,6.454069012219757,0.023396541235505202,0.1180029195100003,0.03022636576999993,1.5683250429611206,68.3492496830736,0.17858080362376771
Surrogate_Ridge,3,fig5_cg4p0um_rpg1p5um__Lj12p0nH_Cj0p0fF__roL8p5mm__tee_fl160um_fc12,4.63955293545,6.42466191485,4.9842324073925015,290.9207745568615,6.2754882085959895,9,fig5_cg4p0um_rpg2p5um__Lj12p0nH_Cj0p0fF__roL8p5mm__tee_fl160um_fc12,4.84081846419,6.4170299131,4.2439929298172,228.91083087667948,6.164372524451142,0.024793373470684246,0.2012655287399996,0.00763200174999934,0.7402394775753018,62.009943680182005,0.1111156841448473
Surrogate_Ridge,3,fig5_cg4p0um_rpg1p5um__Lj12p0nH_Cj0p0fF__roL8p5mm__tee_fl160um_fc12,4.63955293545,6.42466191485,4.9842324073925015,290.9207745568615,6.2754882085959895,10,fig5_cg4p5um_rpg2p0um__Lj12p0nH_Cj0p0fF__roL8p5mm__tee_fl160um_fc12,4.76152326688,6.26061677056,4.183778731437683,220.21744270871204,6.0120493220772,0.02483977658842926,0.12197033143000002,0.16404514428999928,0.8004536759548184,70.70333184814945,0.26343888651878977
Surrogate_Ridge,4,fig5_cg4p0um_rpg2p0um__Lj12p0nH_Cj0p0fF__roL8p5mm__tee_fl160um_fc12,4.748742396,6.44545425307,4.889859412620544,268.43046141521694,6.211987637476319,1,fig5_cg3p5um_rpg2p5um__Lj12p0nH_Cj0p0fF__roL8p5mm__tee_fl160um_fc12,4.85348773769,6.38790903463,4.356288998512268,225.5893196577544,6.102737650921461,0.006812846137847166,0.10474534169000016,0.05754521844000049,0.5335704141082767,42.84114175746254,0.1092499865548584
Surrogate_Ridge,4,fig5_cg4p0um_rpg2p0um__Lj12p0nH_Cj0p0fF__roL8p5mm__tee_fl160um_fc12,4.748742396,6.44545425307,4.889859412620544,268.43046141521694,6.211987637476319,2,fig5_cg3p5um_rpg2p0um__Lj12p0nH_Cj0p0fF__roL8p5mm__tee_fl160um_fc12,4.78544785971,6.42909571039,4.586441499513626,250.3896145461569,6.177842469599042,0.006941343584583222,0.03670546370999972,0.01635854267999992,0.30341791310691857,18.040846869060033,0.03414516787727706
Surrogate_Ridge,4,fig5_cg4p0um_rpg2p0um__Lj12p0nH_Cj0p0fF__roL8p5mm__tee_fl160um_fc12,4.748742396,6.44545425307,4.889859412620544,268.43046141521694,6.211987637476319,3,fig5_cg4p5um_rpg1p0um__Lj12p0nH_Cj0p0fF__roL8p5mm__tee_fl160um_fc12,4.66547453942,6.44365646453,5.568490972890854,305.09213979648246,6.526420054379522,0.008114919815785684,0.08326785658000002,0.0017977885400002336,0.6786315602703095,36.66167838126552,0.31443241690320267
Surrogate_Ridge,4,fig5_cg4p0um_rpg2p0um__Lj12p0nH_Cj0p0fF__roL8p5mm__tee_fl160um_fc12,4.748742396,6.44545425307,4.889859412620544,268.43046141521694,6.211987637476319,4,fig5_cg4p0um_rpg2p5um__Lj12p0nH_Cj0p0fF__roL8p5mm__tee_fl160um_fc12,4.84081846419,6.4170299131,4.2439929298172,228.91083087667948,6.164372524451142,0.012952353410864637,0.09207606818999992,0.028424339969999934,0.6458664828033447,39.519630538537456,0.04761511302517718
Surrogate_Ridge,4,fig5_cg4p0um_rpg2p0um__Lj12p0nH_Cj0p0fF__roL8p5mm__tee_fl160um_fc12,4.748742396,6.44545425307,4.889859412620544,268.43046141521694,6.211987637476319,5,fig5_cg4p5um_rpg2p0um__Lj12p0nH_Cj0p0fF__roL8p5mm__tee_fl160um_fc12,4.76152326688,6.26061677056,4.183778731437683,220.21744270871204,6.0120493220772,0.018627680517723674,0.01278087088000035,0.18483748250999987,0.7060806811828613,48.2130187065049,0.19993831539911966
Surrogate_Ridge,4,fig5_cg4p0um_rpg2p0um__Lj12p0nH_Cj0p0fF__roL8p5mm__tee_fl160um_fc12,4.748742396,6.44545425307,4.889859412620544,268.43046141521694,6.211987637476319,6,fig5_cg3p5um_rpg1p5um__Lj12p0nH_Cj0p0fF__roL8p5mm__tee_fl160um_fc12,4.70486631048,6.33112792154,5.111963850152969,266.195772124899,6.191175501007713,0.019107557396774746,0.04387608552,0.11432633153000005,0.22210443753242437,2.234689290317931,0.020812136468606468
Surrogate_Ridge,4,fig5_cg4p0um_rpg2p0um__Lj12p0nH_Cj0p0fF__roL8p5mm__tee_fl160um_fc12,4.748742396,6.44545425307,4.889859412620544,268.43046141521694,6.211987637476319,7,fig5_cg4p5um_rpg0p5um__Lj12p0nH_Cj0p0fF__roL8p5mm__tee_fl160um_fc12,4.51249644149,6.35090511355,6.372151983530045,348.6053033569676,6.370880057120116,0.0209151140129999,0.2362459545100002,0.09454913952000066,1.4822925709095003,80.17484194175069,0.15889241964379686
Surrogate_Ridge,4,fig5_cg4p0um_rpg2p0um__Lj12p0nH_Cj0p0fF__roL8p5mm__tee_fl160um_fc12,4.748742396,6.44545425307,4.889859412620544,268.43046141521694,6.211987637476319,8,fig5_cg3p0um_rpg2p5um__Lj12p0nH_Cj0p0fF__roL8p5mm__tee_fl160um_fc12,4.89777742204,6.34923094667,4.391671866830825,213.14051325530752,6.096625432754106,0.023522113597823437,0.14903502603999996,0.09622330640000065,0.4981875457897189,55.289948159909414,0.11536220472221359
Surrogate_Ridge,4,fig5_cg4p0um_rpg2p0um__Lj12p0nH_Cj0p0fF__roL8p5mm__tee_fl160um_fc12,4.748742396,6.44545425307,4.889859412620544,268.43046141521694,6.211987637476319,9,fig5_cg3p0um_rpg3p0um__Lj12p0nH_Cj0p0fF__roL8p5mm__tee_fl160um_fc12,4.91022642408,6.30951729449,3.4180947746620176,181.0996536786009,5.916928558404827,0.02371060634359871,0.16148402808000029,0.13593695858000032,1.4717646379585267,87.33080773661604,0.29505907907149265
Surrogate_Ridge,4,fig5_cg4p0um_rpg2p0um__Lj12p0nH_Cj0p0fF__roL8p5mm__tee_fl160um_fc12,4.748742396,6.44545425307,4.889859412620544,268.43046141521694,6.211987637476319,10,fig5_cg5p0um_rpg1p0um__Lj12p0nH_Cj0p0fF__roL8p5mm__tee_fl160um_fc12,4.67009412056,6.40368347107,5.386180753400803,292.5653068578806,6.313414733179575,0.02478979803595833,0.07864827543999997,0.041770782000000395,0.49632134078025825,24.134845442663675,0.10142709570325525
Surrogate_Ridge,5,fig5_cg4p0um_rpg3p5um__Lj12p0nH_Cj0p0fF__roL8p5mm__tee_fl160um_fc12,4.90384920712,6.54926187025,3.662946759157181,218.4104958390511,6.221849233798731,1,fig5_cg3p5um_rpg3p5um__Lj12p0nH_Cj0p0fF__roL8p5mm__tee_fl160um_fc12,4.88834773081,6.55440012204,3.58235393236351,219.15970791952185,6.190036689460878,0.007913932274882362,0.015501476310000761,0.005138251790000048,0.08059282679367108,0.7492120804707554,0.03181254433785341
Surrogate_Ridge,5,fig5_cg4p0um_rpg3p5um__Lj12p0nH_Cj0p0fF__roL8p5mm__tee_fl160um_fc12,4.90384920712,6.54926187025,3.662946759157181,218.4104958390511,6.221849233798731,2,fig5_cg3p5um_rpg4p0um__Lj12p0nH_Cj0p0fF__roL8p5mm__tee_fl160um_fc12,4.9416939411,6.51548606738,3.315546014060974,197.788389720846,6.147249764815354,0.009278893669818105,0.03784473397999921,0.03377580286999926,0.3474007450962069,20.622106118205096,0.07459946898337755
Surrogate_Ridge,5,fig5_cg4p0um_rpg3p5um__Lj12p0nH_Cj0p0fF__roL8p5mm__tee_fl160um_fc12,4.90384920712,6.54926187025,3.662946759157181,218.4104958390511,6.221849233798731,3,fig5_cg4p5um_rpg2p5um__Lj12p0nH_Cj0p0fF__roL8p5mm__tee_fl160um_fc12,4.8208314661,6.41561937046,4.202300157867431,231.21565590524023,6.118632919744756,0.01474444725618941,0.08301774102000081,0.13364249978999965,0.5393533987102503,12.805160066189131,0.10321631405397547
Surrogate_Ridge,5,fig5_cg4p0um_rpg3p5um__Lj12p0nH_Cj0p0fF__roL8p5mm__tee_fl160um_fc12,4.90384920712,6.54926187025,3.662946759157181,218.4104958390511,6.221849233798731,4,fig5_cg4p5um_rpg3p0um__Lj12p0nH_Cj0p0fF__roL8p5mm__tee_fl160um_fc12,4.83995157357,6.4987501229,3.8456828279762254,228.4924012088084,6.243127364960313,0.01816466733013373,0.06389763355000078,0.05051174734999986,0.18273606881904447,10.081905369757294,0.021278131161581726
Surrogate_Ridge,5,fig5_cg4p0um_rpg3p5um__Lj12p0nH_Cj0p0fF__roL8p5mm__tee_fl160um_fc12,4.90384920712,6.54926187025,3.662946759157181,218.4104958390511,6.221849233798731,5,fig5_cg4p0um_rpg2p5um__Lj12p0nH_Cj0p0fF__roL8p5mm__tee_fl160um_fc12,4.84081846419,6.4170299131,4.2439929298172,228.91083087667948,6.164372524451142,0.020511946864208288,0.06303074293000055,0.13223195714999925,0.5810461706600187,10.500335037628389,0.05747670934758897
Surrogate_Ridge,5,fig5_cg4p0um_rpg3p5um__Lj12p0nH_Cj0p0fF__roL8p5mm__tee_fl160um_fc12,4.90384920712,6.54926187025,3.662946759157181,218.4104958390511,6.221849233798731,6,fig5_cg3p0um_rpg4p0um__Lj12p0nH_Cj0p0fF__roL8p5mm__tee_fl160um_fc12,4.940704631,6.42408762791,3.4702477960357663,191.51572092370972,6.040377137923779,0.030855415215196625,0.03685542387999963,0.12517424233999996,0.19269896312141466,26.894774915341372,0.18147209587495183
Surrogate_Ridge,5,fig5_cg4p0um_rpg3p5um__Lj12p0nH_Cj0p0fF__roL8p5mm__tee_fl160um_fc12,4.90384920712,6.54926187025,3.662946759157181,218.4104958390511,6.221849233798731,7,fig5_cg3p5um_rpg4p5um__Lj12p0nH_Cj0p0fF__roL8p5mm__tee_fl160um_fc12,4.93974901061,6.38397286003,3.69327575235939,192.8740906594917,5.933832041481957,0.031004783041522214,0.03589980348999955,0.16528901021999953,0.030328993202209276,25.53640517955938,0.28801719231677403
Surrogate_Ridge,5,fig5_cg4p0um_rpg3p5um__Lj12p0nH_Cj0p0fF__roL8p5mm__tee_fl160um_fc12,4.90384920712,6.54926187025,3.662946759157181,218.4104958390511,6.221849233798731,8,fig5_cg3p0um_rpg4p5um__Lj12p0nH_Cj0p0fF__roL8p5mm__tee_fl160um_fc12,4.9941849025,6.38138344841,3.337415566484451,174.770816054377,5.970627936686949,0.031192747270628044,0.09033569537999941,0.16787842183999935,0.32553119267273,43.63967978467409,0.2512212971117824
Surrogate_Ridge,5,fig5_cg4p0um_rpg3p5um__Lj12p0nH_Cj0p0fF__roL8p5mm__tee_fl160um_fc12,4.90384920712,6.54926187025,3.662946759157181,218.4104958390511,6.221849233798731,9,fig5_cg4p5um_rpg2p0um__Lj12p0nH_Cj0p0fF__roL8p5mm__tee_fl160um_fc12,4.76152326688,6.26061677056,4.183778731437683,220.21744270871204,6.0120493220772,0.031685155159013434,0.14232594024000012,0.2886450996899992,0.5208319722805022,1.8069468696609476,0.20979991172153145
Surrogate_Ridge,5,fig5_cg4p0um_rpg3p5um__Lj12p0nH_Cj0p0fF__roL8p5mm__tee_fl160um_fc12,4.90384920712,6.54926187025,3.662946759157181,218.4104958390511,6.221849233798731,10,fig5_cg4p5um_rpg3p5um__Lj12p0nH_Cj0p0fF__roL8p5mm__tee_fl160um_fc12,4.88861160423,6.4734435094,3.773440051719665,214.72133803964505,6.083690932056749,0.041945815380846435,0.01523760289000009,0.0758183608499996,0.11049329256248397,3.689157799406047,0.1381583017419823
Surrogate_Ridge,6,fig5_cg4p5um_rpg1p5um__Lj12p0nH_Cj0p0fF__roL8p5mm__tee_fl160um_fc12,4.59469010583,6.34920688704,5.448846369407653,302.1057462697455,6.1470363296688255,1,fig5_cg4p5um_rpg0p5um__Lj12p0nH_Cj0p0fF__roL8p5mm__tee_fl160um_fc12,4.51249644149,6.35090511355,6.372151983530045,348.6053033569676,6.370880057120116,0.002968264627848974,0.08219366434000008,0.001698226509999401,0.9233056141223912,46.499557087222115,0.22384372745129077
Surrogate_Ridge,6,fig5_cg4p5um_rpg1p5um__Lj12p0nH_Cj0p0fF__roL8p5mm__tee_fl160um_fc12,4.59469010583,6.34920688704,5.448846369407653,302.1057462697455,6.1470363296688255,2,fig5_cg4p0um_rpg0p5um__Lj12p0nH_Cj0p0fF__roL8p5mm__tee_fl160um_fc12,4.52155001594,6.39443554908,6.552557450353622,359.2700242399351,6.454069012219757,0.006172554368906522,0.07314008988999987,0.045228662039999534,1.1037110809459687,57.16427797018957,0.30703268255093175
Surrogate_Ridge,6,fig5_cg4p5um_rpg1p5um__Lj12p0nH_Cj0p0fF__roL8p5mm__tee_fl160um_fc12,4.59469010583,6.34920688704,5.448846369407653,302.1057462697455,6.1470363296688255,3,fig5_cg4p5um_rpg1p0um__Lj12p0nH_Cj0p0fF__roL8p5mm__tee_fl160um_fc12,4.66547453942,6.44365646453,5.568490972890854,305.09213979648246,6.526420054379522,0.007490288424389059,0.07078443359000008,0.09444957748999983,0.11964460348320038,2.986393526736947,0.3793837247106966
Surrogate_Ridge,6,fig5_cg4p5um_rpg1p5um__Lj12p0nH_Cj0p0fF__roL8p5mm__tee_fl160um_fc12,4.59469010583,6.34920688704,5.448846369407653,302.1057462697455,6.1470363296688255,4,fig5_cg3p5um_rpg1p5um__Lj12p0nH_Cj0p0fF__roL8p5mm__tee_fl160um_fc12,4.70486631048,6.33112792154,5.111963850152969,266.195772124899,6.191175501007713,0.00884141138234891,0.11017620465000011,0.018078965499999988,0.3368825192546847,35.9099741448465,0.04413917133888745
Surrogate_Ridge,6,fig5_cg4p5um_rpg1p5um__Lj12p0nH_Cj0p0fF__roL8p5mm__tee_fl160um_fc12,4.59469010583,6.34920688704,5.448846369407653,302.1057462697455,6.1470363296688255,5,fig5_cg3p5um_rpg1p0um__Lj12p0nH_Cj0p0fF__roL8p5mm__tee_fl160um_fc12,4.65151549232,6.42206990109,5.782993409578324,310.4906595751157,6.336782825594393,0.01352848041830156,0.05682538648999991,0.07286301405000017,0.334147040170671,8.384913305370219,0.1897464959255677
Surrogate_Ridge,6,fig5_cg4p5um_rpg1p5um__Lj12p0nH_Cj0p0fF__roL8p5mm__tee_fl160um_fc12,4.59469010583,6.34920688704,5.448846369407653,302.1057462697455,6.1470363296688255,6,fig5_cg3p5um_rpg2p0um__Lj12p0nH_Cj0p0fF__roL8p5mm__tee_fl160um_fc12,4.78544785971,6.42909571039,4.586441499513626,250.3896145461569,6.177842469599042,0.013846064718085227,0.19075775387999983,0.07988882335000014,0.8624048698940276,51.7161317235886,0.030806139930216858
Surrogate_Ridge,6,fig5_cg4p5um_rpg1p5um__Lj12p0nH_Cj0p0fF__roL8p5mm__tee_fl160um_fc12,4.59469010583,6.34920688704,5.448846369407653,302.1057462697455,6.1470363296688255,7,fig5_cg5p0um_rpg0p5um__Lj12p0nH_Cj0p0fF__roL8p5mm__tee_fl160um_fc12,4.54852290045,6.34578466778,6.117417553102493,331.8522825685193,6.365348751829195,0.018294402602770505,0.04616720537999974,0.00342221925999997,0.6685711836948398,29.746536298773776,0.21831242216036983
Surrogate_Ridge,6,fig5_cg4p5um_rpg1p5um__Lj12p0nH_Cj0p0fF__roL8p5mm__tee_fl160um_fc12,4.59469010583,6.34920688704,5.448846369407653,302.1057462697455,6.1470363296688255,8,fig5_cg3p0um_rpg2p0um__Lj12p0nH_Cj0p0fF__roL8p5mm__tee_fl160um_fc12,4.85591843529,6.44095110726,4.270610977590561,230.04663618304903,6.1997071597004,0.02575998708482838,0.26122832945999974,0.09174422021999984,1.1782353918170925,72.05911008669648,0.052670830031574134
Surrogate_Ridge,6,fig5_cg4p5um_rpg1p5um__Lj12p0nH_Cj0p0fF__roL8p5mm__tee_fl160um_fc12,4.59469010583,6.34920688704,5.448846369407653,302.1057462697455,6.1470363296688255,9,fig5_cg3p5um_rpg0p5um__Lj12p0nH_Cj0p0fF__roL8p5mm__tee_fl160um_fc12,4.48458805947,6.33290774525,6.273954957790375,350.28792536348936,6.333902670879128,0.02790727182594315,0.11010204635999976,0.01629914179000025,0.8251085883827214,48.182179093743855,0.18686634121030288
Surrogate_Ridge,6,fig5_cg4p5um_rpg1p5um__Lj12p0nH_Cj0p0fF__roL8p5mm__tee_fl160um_fc12,4.59469010583,6.34920688704,5.448846369407653,302.1057462697455,6.1470363296688255,10,fig5_cg3p5um_rpg2p5um__Lj12p0nH_Cj0p0fF__roL8p5mm__tee_fl160um_fc12,4.85348773769,6.38790903463,4.356288998512268,225.5893196577544,6.102737650921461,0.028542440425510556,0.25879763186000027,0.03870214758999957,1.0925573708953857,76.51642661199111,0.044298678747364484
Surrogate_Ridge,7,chip_simple_dxm10p000_dy8p182__Lj12p0nH_Cj2p0fF__roL8p5mm__tee_fl160um_fc12_cg1p2um__rpg1p4um,4.73691805842,6.05949311541,5.380391926355362,223.4408097631216,5.823182422814878,1,fig5_cg3p0um_rpg3p0um__Lj12p0nH_Cj0p0fF__roL8p5mm__tee_fl160um_fc12,4.91022642408,6.30951729449,3.4180947746620176,181.0996536786009,5.916928558404827,0.0030426312153918607,0.17330836566000052,0.2500241790800004,1.962297151693344,42.34115608452069,0.09374613558994849
Surrogate_Ridge,7,chip_simple_dxm10p000_dy8p182__Lj12p0nH_Cj2p0fF__roL8p5mm__tee_fl160um_fc12_cg1p2um__rpg1p4um,4.73691805842,6.05949311541,5.380391926355362,223.4408097631216,5.823182422814878,2,fig5_cg3p0um_rpg2p5um__Lj12p0nH_Cj0p0fF__roL8p5mm__tee_fl160um_fc12,4.89777742204,6.34923094667,4.391671866830825,213.14051325530752,6.096625432754106,0.0033579408732174704,0.1608593636200002,0.2897378312600001,0.9887200595245362,10.300296507814068,0.27344300993922754
Surrogate_Ridge,7,chip_simple_dxm10p000_dy8p182__Lj12p0nH_Cj2p0fF__roL8p5mm__tee_fl160um_fc12_cg1p2um__rpg1p4um,4.73691805842,6.05949311541,5.380391926355362,223.4408097631216,5.823182422814878,3,fig5_cg2p5um_rpg3p0um__Lj12p0nH_Cj0p0fF__roL8p5mm__tee_fl160um_fc12,4.8216114018,6.30639910885,4.078658870691299,212.78053759295764,5.96985922957307,0.008328465267786597,0.08469334338000056,0.24690599344000042,1.3017330556640623,10.66027217016395,0.14667680675819206
Surrogate_Ridge,7,chip_simple_dxm10p000_dy8p182__Lj12p0nH_Cj2p0fF__roL8p5mm__tee_fl160um_fc12_cg1p2um__rpg1p4um,4.73691805842,6.05949311541,5.380391926355362,223.4408097631216,5.823182422814878,4,fig5_cg3p5um_rpg2p5um__Lj12p0nH_Cj0p0fF__roL8p5mm__tee_fl160um_fc12,4.85348773769,6.38790903463,4.356288998512268,225.5893196577544,6.102737650921461,0.008992820974379017,0.11656967927000039,0.32841591922000024,1.024102927843094,2.1485098946328094,0.27955522810658273
Surrogate_Ridge,7,chip_simple_dxm10p000_dy8p182__Lj12p0nH_Cj2p0fF__roL8p5mm__tee_fl160um_fc12_cg1p2um__rpg1p4um,4.73691805842,6.05949311541,5.380391926355362,223.4408097631216,5.823182422814878,5,fig5_cg2p5um_rpg3p5um__Lj12p0nH_Cj0p0fF__roL8p5mm__tee_fl160um_fc12,4.90933450729,6.40357690957,3.7329917837715145,201.2880257934344,6.003674917928219,0.011452894955714018,0.17241644886999996,0.34408379416000034,1.6474001425838471,22.152783969687192,0.18049249511334065
Surrogate_Ridge,7,chip_simple_dxm10p000_dy8p182__Lj12p0nH_Cj2p0fF__roL8p5mm__tee_fl160um_fc12_cg1p2um__rpg1p4um,4.73691805842,6.05949311541,5.380391926355362,223.4408097631216,5.823182422814878,6,fig5_cg3p5um_rpg2p0um__Lj12p0nH_Cj0p0fF__roL8p5mm__tee_fl160um_fc12,4.78544785971,6.42909571039,4.586441499513626,250.3896145461569,6.177842469599042,0.012747869977957668,0.04852980128999995,0.3696025949800008,0.7939504268417359,26.948804783035314,0.3546600467841641
Surrogate_Ridge,7,chip_simple_dxm10p000_dy8p182__Lj12p0nH_Cj2p0fF__roL8p5mm__tee_fl160um_fc12_cg1p2um__rpg1p4um,4.73691805842,6.05949311541,5.380391926355362,223.4408097631216,5.823182422814878,7,fig5_cg3p0um_rpg2p0um__Lj12p0nH_Cj0p0fF__roL8p5mm__tee_fl160um_fc12,4.85591843529,6.44095110726,4.270610977590561,230.04663618304903,6.1997071597004,0.01575638839540784,0.11900037686999987,0.3814579918500005,1.1097809487648007,6.605826419927439,0.37652473688552135
Surrogate_Ridge,7,chip_simple_dxm10p000_dy8p182__Lj12p0nH_Cj2p0fF__roL8p5mm__tee_fl160um_fc12_cg1p2um__rpg1p4um,4.73691805842,6.05949311541,5.380391926355362,223.4408097631216,5.823182422814878,8,fig5_cg2p5um_rpg2p5um__Lj12p0nH_Cj0p0fF__roL8p5mm__tee_fl160um_fc12,4.86782605146,6.40620544852,4.850844314466476,237.9905673388129,6.17514285459043,0.017287173444223917,0.13090799304000011,0.34671233311000016,0.5295476118888853,14.549757575691302,0.35196043177555136
Surrogate_Ridge,7,chip_simple_dxm10p000_dy8p182__Lj12p0nH_Cj2p0fF__roL8p5mm__tee_fl160um_fc12_cg1p2um__rpg1p4um,4.73691805842,6.05949311541,5.380391926355362,223.4408097631216,5.823182422814878,9,fig5_cg2p5um_rpg4p0um__Lj12p0nH_Cj0p0fF__roL8p5mm__tee_fl160um_fc12,4.97746029131,6.34846078021,3.4394829423675537,176.0279190752371,5.892001031860305,0.026660462508006175,0.2405422328900002,0.28896766480000036,1.940908983987808,47.4128906878845,0.0688186090454268
Surrogate_Ridge,7,chip_simple_dxm10p000_dy8p182__Lj12p0nH_Cj2p0fF__roL8p5mm__tee_fl160um_fc12_cg1p2um__rpg1p4um,4.73691805842,6.05949311541,5.380391926355362,223.4408097631216,5.823182422814878,10,fig5_cg2p0um_rpg3p5um__Lj12p0nH_Cj0p0fF__roL8p5mm__tee_fl160um_fc12,4.92988654864,6.34828832398,4.071626393825531,199.5447640637109,5.952483565984568,0.02765944316166505,0.19296849022000018,0.28879520857000074,1.308765532529831,23.896045699410706,0.12930114316968933
Surrogate_Ridge,8,chip_simple_dxm9p091_dy1p818__Lj12p0nH_Cj2p0fF__roL8p5mm__tee_fl160um_fc12_cg1p2um__rpg1p4um,4.74215768088,6.21093014773,5.51327842791748,249.1576770098445,6.055638770575854,1,fig5_cg3p5um_rpg2p0um__Lj12p0nH_Cj0p0fF__roL8p5mm__tee_fl160um_fc12,4.78544785971,6.42909571039,4.586441499513626,250.3896145461569,6.177842469599042,0.0008879222042392924,0.043290178829999526,0.2181655626600003,0.926836928403854,1.2319375363124152,0.1222036990231885
Surrogate_Ridge,8,chip_simple_dxm9p091_dy1p818__Lj12p0nH_Cj2p0fF__roL8p5mm__tee_fl160um_fc12_cg1p2um__rpg1p4um,4.74215768088,6.21093014773,5.51327842791748,249.1576770098445,6.055638770575854,2,fig5_cg3p0um_rpg2p5um__Lj12p0nH_Cj0p0fF__roL8p5mm__tee_fl160um_fc12,4.89777742204,6.34923094667,4.391671866830825,213.14051325530752,6.096625432754106,0.003228955627322269,0.15561974115999977,0.13830079893999958,1.1216065610866544,36.017163754536966,0.040986662178251976
Surrogate_Ridge,8,chip_simple_dxm9p091_dy1p818__Lj12p0nH_Cj2p0fF__roL8p5mm__tee_fl160um_fc12_cg1p2um__rpg1p4um,4.74215768088,6.21093014773,5.51327842791748,249.1576770098445,6.055638770575854,3,fig5_cg3p5um_rpg1p5um__Lj12p0nH_Cj0p0fF__roL8p5mm__tee_fl160um_fc12,4.70486631048,6.33112792154,5.111963850152969,266.195772124899,6.191175501007713,0.005595766011008914,0.03729137040000019,0.12019777381000019,0.40131457776451107,17.038095115054517,0.1355367304318591
Surrogate_Ridge,8,chip_simple_dxm9p091_dy1p818__Lj12p0nH_Cj2p0fF__roL8p5mm__tee_fl160um_fc12_cg1p2um__rpg1p4um,4.74215768088,6.21093014773,5.51327842791748,249.1576770098445,6.055638770575854,4,fig5_cg3p0um_rpg2p0um__Lj12p0nH_Cj0p0fF__roL8p5mm__tee_fl160um_fc12,4.85591843529,6.44095110726,4.270610977590561,230.04663618304903,6.1997071597004,0.005736791589245714,0.11376075440999944,0.23002095953,1.2426674503269188,19.11104082679546,0.14406838912454578
Surrogate_Ridge,8,chip_simple_dxm9p091_dy1p818__Lj12p0nH_Cj2p0fF__roL8p5mm__tee_fl160um_fc12_cg1p2um__rpg1p4um,4.74215768088,6.21093014773,5.51327842791748,249.1576770098445,6.055638770575854,5,fig5_cg3p5um_rpg2p5um__Lj12p0nH_Cj0p0fF__roL8p5mm__tee_fl160um_fc12,4.85348773769,6.38790903463,4.356288998512268,225.5893196577544,6.102737650921461,0.006966938866049025,0.11133005680999997,0.17697888689999974,1.156989429405212,23.56835735209009,0.047098880345607164
Surrogate_Ridge,8,chip_simple_dxm9p091_dy1p818__Lj12p0nH_Cj2p0fF__roL8p5mm__tee_fl160um_fc12_cg1p2um__rpg1p4um,4.74215768088,6.21093014773,5.51327842791748,249.1576770098445,6.055638770575854,6,fig5_cg3p0um_rpg3p0um__Lj12p0nH_Cj0p0fF__roL8p5mm__tee_fl160um_fc12,4.91022642408,6.30951729449,3.4180947746620176,181.0996536786009,5.916928558404827,0.011507980133978178,0.1680687432000001,0.09858714675999991,2.095183653255462,68.05802333124359,0.13871021217102708
Surrogate_Ridge,8,chip_simple_dxm9p091_dy1p818__Lj12p0nH_Cj2p0fF__roL8p5mm__tee_fl160um_fc12_cg1p2um__rpg1p4um,4.74215768088,6.21093014773,5.51327842791748,249.1576770098445,6.055638770575854,7,fig5_cg2p5um_rpg3p0um__Lj12p0nH_Cj0p0fF__roL8p5mm__tee_fl160um_fc12,4.8216114018,6.30639910885,4.078658870691299,212.78053759295764,5.96985922957307,0.017635502532122337,0.07945372092000014,0.09546896111999992,1.4346195572261804,36.37713941688685,0.08577954100278351
Surrogate_Ridge,8,chip_simple_dxm9p091_dy1p818__Lj12p0nH_Cj2p0fF__roL8p5mm__tee_fl160um_fc12_cg1p2um__rpg1p4um,4.74215768088,6.21093014773,5.51327842791748,249.1576770098445,6.055638770575854,8,fig5_cg2p5um_rpg2p5um__Lj12p0nH_Cj0p0fF__roL8p5mm__tee_fl160um_fc12,4.86782605146,6.40620544852,4.850844314466476,237.9905673388129,6.17514285459043,0.01794333064919959,0.1256683705799997,0.19527530078999966,0.6624341134510034,11.167109671031596,0.1195040840145758
Surrogate_Ridge,8,chip_simple_dxm9p091_dy1p818__Lj12p0nH_Cj2p0fF__roL8p5mm__tee_fl160um_fc12_cg1p2um__rpg1p4um,4.74215768088,6.21093014773,5.51327842791748,249.1576770098445,6.055638770575854,9,fig5_cg3p0um_rpg1p5um__Lj12p0nH_Cj0p0fF__roL8p5mm__tee_fl160um_fc12,4.80934135586,6.34266483957,4.7338018228397365,237.2002446708589,6.176728175579623,0.019031488019748518,0.06718367497999989,0.1317346918400002,0.7794766050777433,11.957432338985598,0.12108940500376875
Surrogate_Ridge,8,chip_simple_dxm9p091_dy1p818__Lj12p0nH_Cj2p0fF__roL8p5mm__tee_fl160um_fc12_cg1p2um__rpg1p4um,4.74215768088,6.21093014773,5.51327842791748,249.1576770098445,6.055638770575854,10,fig5_cg3p5um_rpg1p0um__Lj12p0nH_Cj0p0fF__roL8p5mm__tee_fl160um_fc12,4.65151549232,6.42206990109,5.782993409578324,310.4906595751157,6.336782825594393,0.021090470286357885,0.09064218856000039,0.21113975336000035,0.2697149816608446,61.33298256527124,0.28114405501853934
Surrogate_Ridge,9,chip_simple_dxm9p091_dy7p273__Lj12p0nH_Cj2p0fF__roL8p5mm__tee_fl160um_fc12_cg1p2um__rpg1p4um,4.74507176175,6.18262050637,5.316328256315231,239.6289775289412,5.930712308950749,1,fig5_cg3p0um_rpg2p5um__Lj12p0nH_Cj0p0fF__roL8p5mm__tee_fl160um_fc12,4.89777742204,6.34923094667,4.391671866830825,213.14051325530752,6.096625432754106,0.002900884418684197,0.15270566028999966,0.1666104402999995,0.9246563894844053,26.488464273633667,0.16591312380335665
Surrogate_Ridge,9,chip_simple_dxm9p091_dy7p273__Lj12p0nH_Cj2p0fF__roL8p5mm__tee_fl160um_fc12_cg1p2um__rpg1p4um,4.74507176175,6.18262050637,5.316328256315231,239.6289775289412,5.930712308950749,2,fig5_cg3p5um_rpg2p0um__Lj12p0nH_Cj0p0fF__roL8p5mm__tee_fl160um_fc12,4.78544785971,6.42909571039,4.586441499513626,250.3896145461569,6.177842469599042,0.002986691360065923,0.04037609795999941,0.24647520402000023,0.729886756801605,10.760637017215714,0.24713016064829318
Surrogate_Ridge,9,chip_simple_dxm9p091_dy7p273__Lj12p0nH_Cj2p0fF__roL8p5mm__tee_fl160um_fc12_cg1p2um__rpg1p4um,4.74507176175,6.18262050637,5.316328256315231,239.6289775289412,5.930712308950749,3,fig5_cg3p5um_rpg2p5um__Lj12p0nH_Cj0p0fF__roL8p5mm__tee_fl160um_fc12,4.85348773769,6.38790903463,4.356288998512268,225.5893196577544,6.102737650921461,0.003661723166272774,0.10841597593999985,0.20528852825999966,0.9600392578029631,14.03965787118679,0.17202534197071184
Surrogate_Ridge,9,chip_simple_dxm9p091_dy7p273__Lj12p0nH_Cj2p0fF__roL8p5mm__tee_fl160um_fc12_cg1p2um__rpg1p4um,4.74507176175,6.18262050637,5.316328256315231,239.6289775289412,5.930712308950749,4,fig5_cg3p0um_rpg3p0um__Lj12p0nH_Cj0p0fF__roL8p5mm__tee_fl160um_fc12,4.91022642408,6.30951729449,3.4180947746620176,181.0996536786009,5.916928558404827,0.0059598311500242635,0.16515466232999998,0.12689678811999983,1.8982334816532132,58.52932385034029,0.013783750545922402
Surrogate_Ridge,9,chip_simple_dxm9p091_dy7p273__Lj12p0nH_Cj2p0fF__roL8p5mm__tee_fl160um_fc12_cg1p2um__rpg1p4um,4.74507176175,6.18262050637,5.316328256315231,239.6289775289412,5.930712308950749,5,fig5_cg3p0um_rpg2p0um__Lj12p0nH_Cj0p0fF__roL8p5mm__tee_fl160um_fc12,4.85591843529,6.44095110726,4.270610977590561,230.04663618304903,6.1997071597004,0.011451159359583771,0.11084667353999933,0.25833060088999993,1.0457172787246698,9.58234134589216,0.26899485074965046
Surrogate_Ridge,9,chip_simple_dxm9p091_dy7p273__Lj12p0nH_Cj2p0fF__roL8p5mm__tee_fl160um_fc12_cg1p2um__rpg1p4um,4.74507176175,6.18262050637,5.316328256315231,239.6289775289412,5.930712308950749,6,fig5_cg3p5um_rpg1p5um__Lj12p0nH_Cj0p0fF__roL8p5mm__tee_fl160um_fc12,4.70486631048,6.33112792154,5.111963850152969,266.195772124899,6.191175501007713,0.013920881226098709,0.0402054512700003,0.1485074151700001,0.20436440616226204,26.566794595957816,0.2604631920569638
Surrogate_Ridge,9,chip_simple_dxm9p091_dy7p273__Lj12p0nH_Cj2p0fF__roL8p5mm__tee_fl160um_fc12_cg1p2um__rpg1p4um,4.74507176175,6.18262050637,5.316328256315231,239.6289775289412,5.930712308950749,7,fig5_cg2p5um_rpg3p0um__Lj12p0nH_Cj0p0fF__roL8p5mm__tee_fl160um_fc12,4.8216114018,6.30639910885,4.078658870691299,212.78053759295764,5.96985922957307,0.015788136548372026,0.07653964005000002,0.12377860247999983,1.2376693856239314,26.84843993598355,0.03914692062232117
Surrogate_Ridge,9,chip_simple_dxm9p091_dy7p273__Lj12p0nH_Cj2p0fF__roL8p5mm__tee_fl160um_fc12_cg1p2um__rpg1p4um,4.74507176175,6.18262050637,5.316328256315231,239.6289775289412,5.930712308950749,8,fig5_cg2p5um_rpg3p5um__Lj12p0nH_Cj0p0fF__roL8p5mm__tee_fl160um_fc12,4.90933450729,6.40357690957,3.7329917837715145,201.2880257934344,6.003674917928219,0.021230998204845305,0.16426274553999942,0.22095640319999976,1.5833364725437162,38.34095173550679,0.07296260897746976
Surrogate_Ridge,9,chip_simple_dxm9p091_dy7p273__Lj12p0nH_Cj2p0fF__roL8p5mm__tee_fl160um_fc12_cg1p2um__rpg1p4um,4.74507176175,6.18262050637,5.316328256315231,239.6289775289412,5.930712308950749,9,fig5_cg2p5um_rpg2p5um__Lj12p0nH_Cj0p0fF__roL8p5mm__tee_fl160um_fc12,4.86782605146,6.40620544852,4.850844314466476,237.9905673388129,6.17514285459043,0.021954496564138375,0.12275428970999958,0.22358494214999958,0.4654839418487544,1.6384101901282975,0.24443054563968047
Surrogate_Ridge,9,chip_simple_dxm9p091_dy7p273__Lj12p0nH_Cj2p0fF__roL8p5mm__tee_fl160um_fc12_cg1p2um__rpg1p4um,4.74507176175,6.18262050637,5.316328256315231,239.6289775289412,5.930712308950749,10,fig5_cg4p0um_rpg2p5um__Lj12p0nH_Cj0p0fF__roL8p5mm__tee_fl160um_fc12,4.84081846419,6.4170299131,4.2439929298172,228.91083087667948,6.164372524451142,0.024237012806904108,0.09574670243999961,0.2344094067300002,1.072335326498031,10.718146652261709,0.23366021550039306
Surrogate_Ridge,10,chip_simple_dxm8p182_dy6p364__Lj12p0nH_Cj2p0fF__roL8p5mm__tee_fl160um_fc12_cg1p2um__rpg1p4um,4.72702479207,5.98450514713,6.381414699699402,232.9283309309818,5.7691492674636375,1,fig5_cg2p5um_rpg2p5um__Lj12p0nH_Cj0p0fF__roL8p5mm__tee_fl160um_fc12,4.86782605146,6.40620544852,4.850844314466476,237.9905673388129,6.17514285459043,0.002175578678810083,0.14080125938999988,0.4217003013899996,1.5305703852329255,5.062236407831108,0.4059935871267921
Surrogate_Ridge,10,chip_simple_dxm8p182_dy6p364__Lj12p0nH_Cj2p0fF__roL8p5mm__tee_fl160um_fc12_cg1p2um__rpg1p4um,4.72702479207,5.98450514713,6.381414699699402,232.9283309309818,5.7691492674636375,2,fig5_cg2p5um_rpg2p0um__Lj12p0nH_Cj0p0fF__roL8p5mm__tee_fl160um_fc12,4.82985966256,6.3640851834,4.45615377314949,229.1245415394613,6.124821045393385,0.0037939189644686246,0.10283487048999973,0.37958003627000014,1.925260926549912,3.803789391520496,0.35567177792974736
Surrogate_Ridge,10,chip_simple_dxm8p182_dy6p364__Lj12p0nH_Cj2p0fF__roL8p5mm__tee_fl160um_fc12_cg1p2um__rpg1p4um,4.72702479207,5.98450514713,6.381414699699402,232.9283309309818,5.7691492674636375,3,fig5_cg3p0um_rpg2p0um__Lj12p0nH_Cj0p0fF__roL8p5mm__tee_fl160um_fc12,4.85591843529,6.44095110726,4.270610977590561,230.04663618304903,6.1997071597004,0.005482675058834409,0.12889364321999963,0.45644596012999994,2.110803722108841,2.8816947479327553,0.4305578922367621
Surrogate_Ridge,10,chip_simple_dxm8p182_dy6p364__Lj12p0nH_Cj2p0fF__roL8p5mm__tee_fl160um_fc12_cg1p2um__rpg1p4um,4.72702479207,5.98450514713,6.381414699699402,232.9283309309818,5.7691492674636375,4,fig5_cg2p0um_rpg2p5um__Lj12p0nH_Cj0p0fF__roL8p5mm__tee_fl160um_fc12,4.88081947033,6.29200362079,4.710222612869263,215.78136757047287,6.007573423867593,0.00923946128893995,0.1537946782599997,0.30749847365999994,1.671192086830139,17.14696336050892,0.23842415640395576
Surrogate_Ridge,10,chip_simple_dxm8p182_dy6p364__Lj12p0nH_Cj2p0fF__roL8p5mm__tee_fl160um_fc12_cg1p2um__rpg1p4um,4.72702479207,5.98450514713,6.381414699699402,232.9283309309818,5.7691492674636375,5,fig5_cg3p0um_rpg2p5um__Lj12p0nH_Cj0p0fF__roL8p5mm__tee_fl160um_fc12,4.89777742204,6.34923094667,4.391671866830825,213.14051325530752,6.096625432754106,0.009487742566319422,0.17075262996999996,0.3647257995399995,1.9897428328685764,19.787817675674262,0.3274761652904683
Surrogate_Ridge,10,chip_simple_dxm8p182_dy6p364__Lj12p0nH_Cj2p0fF__roL8p5mm__tee_fl160um_fc12_cg1p2um__rpg1p4um,4.72702479207,5.98450514713,6.381414699699402,232.9283309309818,5.7691492674636375,6,fig5_cg2p5um_rpg3p0um__Lj12p0nH_Cj0p0fF__roL8p5mm__tee_fl160um_fc12,4.8216114018,6.30639910885,4.078658870691299,212.78053759295764,5.96985922957307,0.0102358266622496,0.09458660973000033,0.32189396171999984,2.3027558290081025,20.147793338024144,0.20070996210943282
Surrogate_Ridge,10,chip_simple_dxm8p182_dy6p364__Lj12p0nH_Cj2p0fF__roL8p5mm__tee_fl160um_fc12_cg1p2um__rpg1p4um,4.72702479207,5.98450514713,6.381414699699402,232.9283309309818,5.7691492674636375,7,fig5_cg3p0um_rpg1p5um__Lj12p0nH_Cj0p0fF__roL8p5mm__tee_fl160um_fc12,4.80934135586,6.34266483957,4.7338018228397365,237.2002446708589,6.176728175579623,0.011156195820447452,0.08231656379000007,0.3581596924400001,1.6476128768596654,4.271913739877107,0.4075789081159851
Surrogate_Ridge,10,chip_simple_dxm8p182_dy6p364__Lj12p0nH_Cj2p0fF__roL8p5mm__tee_fl160um_fc12_cg1p2um__rpg1p4um,4.72702479207,5.98450514713,6.381414699699402,232.9283309309818,5.7691492674636375,8,fig5_cg2p0um_rpg3p0um__Lj12p0nH_Cj0p0fF__roL8p5mm__tee_fl160um_fc12,4.90691227134,6.26460466713,4.076762608140945,192.584502898011,5.878506475506168,0.011676301479235917,0.17988747927000048,0.28009952000000027,2.3046520915584567,40.34382803297078,0.10935720804253002
Surrogate_Ridge,10,chip_simple_dxm8p182_dy6p364__Lj12p0nH_Cj2p0fF__roL8p5mm__tee_fl160um_fc12_cg1p2um__rpg1p4um,4.72702479207,5.98450514713,6.381414699699402,232.9283309309818,5.7691492674636375,9,fig5_cg3p5um_rpg2p0um__Lj12p0nH_Cj0p0fF__roL8p5mm__tee_fl160um_fc12,4.78544785971,6.42909571039,4.586441499513626,250.3896145461569,6.177842469599042,0.021547477650839385,0.058423067639999715,0.44459056326000024,1.794973200185776,17.46128361517512,0.40869320213540483
Surrogate_Ridge,10,chip_simple_dxm8p182_dy6p364__Lj12p0nH_Cj2p0fF__roL8p5mm__tee_fl160um_fc12_cg1p2um__rpg1p4um,4.72702479207,5.98450514713,6.381414699699402,232.9283309309818,5.7691492674636375,10,fig5_cg3p5um_rpg1p5um__Lj12p0nH_Cj0p0fF__roL8p5mm__tee_fl160um_fc12,4.70486631048,6.33112792154,5.111963850152969,266.195772124899,6.191175501007713,0.021597590619308854,0.02215848159,0.3466227744100001,1.2694508495464332,33.26744119391722,0.4220262335440754
Surrogate_Ridge,11,chip_simple_dxm7p273_dym7p273__Lj12p0nH_Cj2p0fF__roL8p5mm__tee_fl160um_fc12_cg1p2um__rpg1p4um,4.72538962076,6.12848580344,6.047306581918716,251.02953182785623,5.876810016672627,1,fig5_cg3p0um_rpg2p0um__Lj12p0nH_Cj0p0fF__roL8p5mm__tee_fl160um_fc12,4.85591843529,6.44095110726,4.270610977590561,230.04663618304903,6.1997071597004,0.0008390721282757642,0.13052881452999987,0.3124653038199998,1.7766956043281548,20.9828956448072,0.32289714302777295
Surrogate_Ridge,11,chip_simple_dxm7p273_dym7p273__Lj12p0nH_Cj2p0fF__roL8p5mm__tee_fl160um_fc12_cg1p2um__rpg1p4um,4.72538962076,6.12848580344,6.047306581918716,251.02953182785623,5.876810016672627,2,fig5_cg3p0um_rpg1p5um__Lj12p0nH_Cj0p0fF__roL8p5mm__tee_fl160um_fc12,4.80934135586,6.34266483957,4.7338018228397365,237.2002446708589,6.176728175579623,0.005147020923026583,0.08395173510000031,0.21417903613,1.3135047590789792,13.829287156997339,0.2999181589069959
Surrogate_Ridge,11,chip_simple_dxm7p273_dym7p273__Lj12p0nH_Cj2p0fF__roL8p5mm__tee_fl160um_fc12_cg1p2um__rpg1p4um,4.72538962076,6.12848580344,6.047306581918716,251.02953182785623,5.876810016672627,3,fig5_cg3p5um_rpg1p5um__Lj12p0nH_Cj0p0fF__roL8p5mm__tee_fl160um_fc12,4.70486631048,6.33112792154,5.111963850152969,266.195772124899,6.191175501007713,0.005515334413769,0.020523310279999762,0.2026421181,0.935342731765747,15.166240297042776,0.31436548433508626
Surrogate_Ridge,11,chip_simple_dxm7p273_dym7p273__Lj12p0nH_Cj2p0fF__roL8p5mm__tee_fl160um_fc12_cg1p2um__rpg1p4um,4.72538962076,6.12848580344,6.047306581918716,251.02953182785623,5.876810016672627,4,fig5_cg3p0um_rpg2p5um__Lj12p0nH_Cj0p0fF__roL8p5mm__tee_fl160um_fc12,4.89777742204,6.34923094667,4.391671866830825,213.14051325530752,6.096625432754106,0.006142741883846972,0.1723878012800002,0.22074514322999939,1.6556347150878903,37.88901857254871,0.21981541608147914
Surrogate_Ridge,11,chip_simple_dxm7p273_dym7p273__Lj12p0nH_Cj2p0fF__roL8p5mm__tee_fl160um_fc12_cg1p2um__rpg1p4um,4.72538962076,6.12848580344,6.047306581918716,251.02953182785623,5.876810016672627,5,fig5_cg2p5um_rpg2p5um__Lj12p0nH_Cj0p0fF__roL8p5mm__tee_fl160um_fc12,4.86782605146,6.40620544852,4.850844314466476,237.9905673388129,6.17514285459043,0.007747694457033155,0.14243643070000012,0.27771964507999947,1.1964622674522394,13.038964489043337,0.29833283791780296
Surrogate_Ridge,11,chip_simple_dxm7p273_dym7p273__Lj12p0nH_Cj2p0fF__roL8p5mm__tee_fl160um_fc12_cg1p2um__rpg1p4um,4.72538962076,6.12848580344,6.047306581918716,251.02953182785623,5.876810016672627,6,fig5_cg3p5um_rpg2p0um__Lj12p0nH_Cj0p0fF__roL8p5mm__tee_fl160um_fc12,4.78544785971,6.42909571039,4.586441499513626,250.3896145461569,6.177842469599042,0.008032893149862995,0.060058238949999954,0.3006099069500001,1.46086508240509,0.6399172816993257,0.3010324529264157
Surrogate_Ridge,11,chip_simple_dxm7p273_dym7p273__Lj12p0nH_Cj2p0fF__roL8p5mm__tee_fl160um_fc12_cg1p2um__rpg1p4um,4.72538962076,6.12848580344,6.047306581918716,251.02953182785623,5.876810016672627,7,fig5_cg2p5um_rpg2p0um__Lj12p0nH_Cj0p0fF__roL8p5mm__tee_fl160um_fc12,4.82985966256,6.3640851834,4.45615377314949,229.1245415394613,6.124821045393385,0.00926953223230675,0.10447004179999997,0.23559937996000002,1.591152808769226,21.90499028839494,0.2480110287207582
Surrogate_Ridge,11,chip_simple_dxm7p273_dym7p273__Lj12p0nH_Cj2p0fF__roL8p5mm__tee_fl160um_fc12_cg1p2um__rpg1p4um,4.72538962076,6.12848580344,6.047306581918716,251.02953182785623,5.876810016672627,8,fig5_cg3p5um_rpg1p0um__Lj12p0nH_Cj0p0fF__roL8p5mm__tee_fl160um_fc12,4.65151549232,6.42206990109,5.782993409578324,310.4906595751157,6.336782825594393,0.012609394227997017,0.07387412843999996,0.29358409765000015,0.2643131723403913,59.461127747259496,0.4599728089217665
Surrogate_Ridge,11,chip_simple_dxm7p273_dym7p273__Lj12p0nH_Cj2p0fF__roL8p5mm__tee_fl160um_fc12_cg1p2um__rpg1p4um,4.72538962076,6.12848580344,6.047306581918716,251.02953182785623,5.876810016672627,9,fig5_cg2p5um_rpg3p0um__Lj12p0nH_Cj0p0fF__roL8p5mm__tee_fl160um_fc12,4.8216114018,6.30639910885,4.078658870691299,212.78053759295764,5.96985922957307,0.015837475232081583,0.09622178104000056,0.17791330540999972,1.9686477112274163,38.24899423489859,0.09304921290044366
Surrogate_Ridge,11,chip_simple_dxm7p273_dym7p273__Lj12p0nH_Cj2p0fF__roL8p5mm__tee_fl160um_fc12_cg1p2um__rpg1p4um,4.72538962076,6.12848580344,6.047306581918716,251.02953182785623,5.876810016672627,10,fig5_cg3p0um_rpg1p0um__Lj12p0nH_Cj0p0fF__roL8p5mm__tee_fl160um_fc12,4.5918495592,6.3683346429,6.310808488025665,329.7787087605889,6.339102179225892,0.019066588268099406,0.13354006155999976,0.23984883945999957,0.26350190610694924,78.7491769327327,0.46229216255326566
Surrogate_Ridge,12,chip_simple_dxm7p273_dym6p364__Lj12p0nH_Cj2p0fF__roL8p5mm__tee_fl160um_fc12_cg1p2um__rpg1p4um,4.65347230611,6.0179480245,6.143081427398681,250.29134412810515,5.756747050636442,1,fig5_cg3p0um_rpg2p0um__Lj12p0nH_Cj0p0fF__roL8p5mm__tee_fl160um_fc12,4.85591843529,6.44095110726,4.270610977590561,230.04663618304903,6.1997071597004,0.003002944964927209,0.20244612917999927,0.4230030827600002,1.8724704498081204,20.24470794505612,0.4429601090639572
Surrogate_Ridge,12,chip_simple_dxm7p273_dym6p364__Lj12p0nH_Cj2p0fF__roL8p5mm__tee_fl160um_fc12_cg1p2um__rpg1p4um,4.65347230611,6.0179480245,6.143081427398681,250.29134412810515,5.756747050636442,2,fig5_cg3p0um_rpg1p5um__Lj12p0nH_Cj0p0fF__roL8p5mm__tee_fl160um_fc12,4.80934135586,6.34266483957,4.7338018228397365,237.2002446708589,6.176728175579623,0.006041299003341705,0.1558690497499997,0.3247168150700004,1.4092796045589449,13.091099457246258,0.4199811249431802
Surrogate_Ridge,12,chip_simple_dxm7p273_dym6p364__Lj12p0nH_Cj2p0fF__roL8p5mm__tee_fl160um_fc12_cg1p2um__rpg1p4um,4.65347230611,6.0179480245,6.143081427398681,250.29134412810515,5.756747050636442,3,fig5_cg2p5um_rpg2p5um__Lj12p0nH_Cj0p0fF__roL8p5mm__tee_fl160um_fc12,4.86782605146,6.40620544852,4.850844314466476,237.9905673388129,6.17514285459043,0.008284954688914586,0.2143537453499995,0.38825742401999985,1.292237112932205,12.300776789292257,0.41839580395398723
Surrogate_Ridge,12,chip_simple_dxm7p273_dym6p364__Lj12p0nH_Cj2p0fF__roL8p5mm__tee_fl160um_fc12_cg1p2um__rpg1p4um,4.65347230611,6.0179480245,6.143081427398681,250.29134412810515,5.756747050636442,4,fig5_cg2p5um_rpg2p0um__Lj12p0nH_Cj0p0fF__roL8p5mm__tee_fl160um_fc12,4.82985966256,6.3640851834,4.45615377314949,229.1245415394613,6.124821045393385,0.008391688694701256,0.17638735644999937,0.3461371589000004,1.6869276542491916,21.16680258864386,0.36807399475694247
Surrogate_Ridge,12,chip_simple_dxm7p273_dym6p364__Lj12p0nH_Cj2p0fF__roL8p5mm__tee_fl160um_fc12_cg1p2um__rpg1p4um,4.65347230611,6.0179480245,6.143081427398681,250.29134412810515,5.756747050636442,5,fig5_cg3p5um_rpg1p5um__Lj12p0nH_Cj0p0fF__roL8p5mm__tee_fl160um_fc12,4.70486631048,6.33112792154,5.111963850152969,266.195772124899,6.191175501007713,0.00933786910562862,0.051394004369999635,0.3131798970400004,1.0311175772457126,15.904427996793856,0.43442845037127054
Surrogate_Ridge,12,chip_simple_dxm7p273_dym6p364__Lj12p0nH_Cj2p0fF__roL8p5mm__tee_fl160um_fc12_cg1p2um__rpg1p4um,4.65347230611,6.0179480245,6.143081427398681,250.29134412810515,5.756747050636442,6,fig5_cg3p0um_rpg2p5um__Lj12p0nH_Cj0p0fF__roL8p5mm__tee_fl160um_fc12,4.89777742204,6.34923094667,4.391671866830825,213.14051325530752,6.096625432754106,0.009435506628068354,0.2443051159299996,0.33128292216999977,1.751409560567856,37.15083087279763,0.3398783821176634
Surrogate_Ridge,12,chip_simple_dxm7p273_dym6p364__Lj12p0nH_Cj2p0fF__roL8p5mm__tee_fl160um_fc12_cg1p2um__rpg1p4um,4.65347230611,6.0179480245,6.143081427398681,250.29134412810515,5.756747050636442,7,fig5_cg3p5um_rpg2p0um__Lj12p0nH_Cj0p0fF__roL8p5mm__tee_fl160um_fc12,4.78544785971,6.42909571039,4.586441499513626,250.3896145461569,6.177842469599042,0.012838810736141945,0.13197555359999935,0.4111476858900005,1.5566399278850556,0.0982704180517544,0.42109541896259994
Surrogate_Ridge,12,chip_simple_dxm7p273_dym6p364__Lj12p0nH_Cj2p0fF__roL8p5mm__tee_fl160um_fc12_cg1p2um__rpg1p4um,4.65347230611,6.0179480245,6.143081427398681,250.29134412810515,5.756747050636442,8,fig5_cg3p5um_rpg1p0um__Lj12p0nH_Cj0p0fF__roL8p5mm__tee_fl160um_fc12,4.65151549232,6.42206990109,5.782993409578324,310.4906595751157,6.336782825594393,0.015307843176670924,0.0019568137900005667,0.40412187659000054,0.36008801782035693,60.19931544701058,0.5800357749579508
Surrogate_Ridge,12,chip_simple_dxm7p273_dym6p364__Lj12p0nH_Cj2p0fF__roL8p5mm__tee_fl160um_fc12_cg1p2um__rpg1p4um,4.65347230611,6.0179480245,6.143081427398681,250.29134412810515,5.756747050636442,9,fig5_cg2p5um_rpg3p0um__Lj12p0nH_Cj0p0fF__roL8p5mm__tee_fl160um_fc12,4.8216114018,6.30639910885,4.078658870691299,212.78053759295764,5.96985922957307,0.017649136384683562,0.16813909568999996,0.2884510843500001,2.064422556707382,37.51080653514751,0.21311217893662793
Surrogate_Ridge,12,chip_simple_dxm7p273_dym6p364__Lj12p0nH_Cj2p0fF__roL8p5mm__tee_fl160um_fc12_cg1p2um__rpg1p4um,4.65347230611,6.0179480245,6.143081427398681,250.29134412810515,5.756747050636442,10,fig5_cg3p0um_rpg1p0um__Lj12p0nH_Cj0p0fF__roL8p5mm__tee_fl160um_fc12,4.5918495592,6.3683346429,6.310808488025665,329.7787087605889,6.339102179225892,0.018550568743311836,0.06162274691000036,0.35038661839999996,0.16772706062698362,79.48736463248378,0.5823551285894499
Surrogate_Ridge,13,chip_simple_dxm7p273_dym3p636__Lj12p0nH_Cj2p0fF__roL8p5mm__tee_fl160um_fc12_cg1p2um__rpg1p4um,4.73480918565,6.04038903556,6.218829399219513,237.6303531091748,5.832068017454491,1,fig5_cg3p0um_rpg2p0um__Lj12p0nH_Cj0p0fF__roL8p5mm__tee_fl160um_fc12,4.85591843529,6.44095110726,4.270610977590561,230.04663618304903,6.1997071597004,0.0025072894292796372,0.12110924963999992,0.40056207170000047,1.948218421628952,7.58371692612576,0.3676391422459089
Surrogate_Ridge,13,chip_simple_dxm7p273_dym3p636__Lj12p0nH_Cj2p0fF__roL8p5mm__tee_fl160um_fc12_cg1p2um__rpg1p4um,4.73480918565,6.04038903556,6.218829399219513,237.6303531091748,5.832068017454491,2,fig5_cg2p5um_rpg2p5um__Lj12p0nH_Cj0p0fF__roL8p5mm__tee_fl160um_fc12,4.86782605146,6.40620544852,4.850844314466476,237.9905673388129,6.17514285459043,0.002728486416036999,0.13301686581000016,0.3658164129600001,1.3679850847530366,0.36021422963810323,0.3430748371359389
Surrogate_Ridge,13,chip_simple_dxm7p273_dym3p636__Lj12p0nH_Cj2p0fF__roL8p5mm__tee_fl160um_fc12_cg1p2um__rpg1p4um,4.73480918565,6.04038903556,6.218829399219513,237.6303531091748,5.832068017454491,3,fig5_cg2p5um_rpg2p0um__Lj12p0nH_Cj0p0fF__roL8p5mm__tee_fl160um_fc12,4.82985966256,6.3640851834,4.45615377314949,229.1245415394613,6.124821045393385,0.005068460521402296,0.09505047691000001,0.32369614784000067,1.7626756260700231,8.5058115697135,0.29275302793889413
Surrogate_Ridge,13,chip_simple_dxm7p273_dym3p636__Lj12p0nH_Cj2p0fF__roL8p5mm__tee_fl160um_fc12_cg1p2um__rpg1p4um,4.73480918565,6.04038903556,6.218829399219513,237.6303531091748,5.832068017454491,4,fig5_cg3p0um_rpg2p5um__Lj12p0nH_Cj0p0fF__roL8p5mm__tee_fl160um_fc12,4.89777742204,6.34923094667,4.391671866830825,213.14051325530752,6.096625432754106,0.006296039970446879,0.16296823639000024,0.30884191111000003,1.8271575323886875,24.489839853867267,0.2645574152996151
Surrogate_Ridge,13,chip_simple_dxm7p273_dym3p636__Lj12p0nH_Cj2p0fF__roL8p5mm__tee_fl160um_fc12_cg1p2um__rpg1p4um,4.73480918565,6.04038903556,6.218829399219513,237.6303531091748,5.832068017454491,5,fig5_cg3p0um_rpg1p5um__Lj12p0nH_Cj0p0fF__roL8p5mm__tee_fl160um_fc12,4.80934135586,6.34266483957,4.7338018228397365,237.2002446708589,6.176728175579623,0.008481033234530592,0.07453217021000036,0.30227580401000065,1.4850275763797764,0.43010843831589796,0.34466015812513184
Surrogate_Ridge,13,chip_simple_dxm7p273_dym3p636__Lj12p0nH_Cj2p0fF__roL8p5mm__tee_fl160um_fc12_cg1p2um__rpg1p4um,4.73480918565,6.04038903556,6.218829399219513,237.6303531091748,5.832068017454491,6,fig5_cg2p5um_rpg3p0um__Lj12p0nH_Cj0p0fF__roL8p5mm__tee_fl160um_fc12,4.8216114018,6.30639910885,4.078658870691299,212.78053759295764,5.96985922957307,0.0101510066570899,0.08680221615000061,0.26601007329000037,2.1401705285282135,24.84981551621715,0.1377912121185796
Surrogate_Ridge,13,chip_simple_dxm7p273_dym3p636__Lj12p0nH_Cj2p0fF__roL8p5mm__tee_fl160um_fc12_cg1p2um__rpg1p4um,4.73480918565,6.04038903556,6.218829399219513,237.6303531091748,5.832068017454491,7,fig5_cg2p0um_rpg2p5um__Lj12p0nH_Cj0p0fF__roL8p5mm__tee_fl160um_fc12,4.88081947033,6.29200362079,4.710222612869263,215.78136757047287,6.007573423867593,0.014146497653735065,0.14601028468,0.25161458523000046,1.5086067863502501,21.848985538701925,0.17550540641310253
Surrogate_Ridge,13,chip_simple_dxm7p273_dym3p636__Lj12p0nH_Cj2p0fF__roL8p5mm__tee_fl160um_fc12_cg1p2um__rpg1p4um,4.73480918565,6.04038903556,6.218829399219513,237.6303531091748,5.832068017454491,8,fig5_cg3p5um_rpg1p5um__Lj12p0nH_Cj0p0fF__roL8p5mm__tee_fl160um_fc12,4.70486631048,6.33112792154,5.111963850152969,266.195772124899,6.191175501007713,0.014776702287983313,0.029942875169999716,0.29073888598000064,1.1068655490665442,28.565419015724217,0.3591074835532222
Surrogate_Ridge,13,chip_simple_dxm7p273_dym3p636__Lj12p0nH_Cj2p0fF__roL8p5mm__tee_fl160um_fc12_cg1p2um__rpg1p4um,4.73480918565,6.04038903556,6.218829399219513,237.6303531091748,5.832068017454491,9,fig5_cg3p5um_rpg2p0um__Lj12p0nH_Cj0p0fF__roL8p5mm__tee_fl160um_fc12,4.78544785971,6.42909571039,4.586441499513626,250.3896145461569,6.177842469599042,0.014931683129264907,0.05063867406,0.38870667483000076,1.6323878997058872,12.759261436982115,0.3457744521445516
Surrogate_Ridge,13,chip_simple_dxm7p273_dym3p636__Lj12p0nH_Cj2p0fF__roL8p5mm__tee_fl160um_fc12_cg1p2um__rpg1p4um,4.73480918565,6.04038903556,6.218829399219513,237.6303531091748,5.832068017454491,10,fig5_cg2p0um_rpg3p0um__Lj12p0nH_Cj0p0fF__roL8p5mm__tee_fl160um_fc12,4.90691227134,6.26460466713,4.076762608140945,192.584502898011,5.878506475506168,0.015440293248255431,0.17210308569000077,0.2242156315700008,2.142066791078568,45.04585021116378,0.04643845805167679
Surrogate_Ridge,14,chip_simple_dxm7p273_dy1p818__Lj12p0nH_Cj2p0fF__roL8p5mm__tee_fl160um_fc12_cg1p2um__rpg1p4um,4.72771702229,5.972340521,5.773035212522506,219.24495923206857,5.714431158523696,1,fig5_cg2p5um_rpg3p0um__Lj12p0nH_Cj0p0fF__roL8p5mm__tee_fl160um_fc12,4.8216114018,6.30639910885,4.078658870691299,212.78053759295764,5.96985922957307,0.0037118675329347837,0.09389437951000001,0.3340585878500004,1.694376341831207,6.464421639110924,0.2554280710493746
Surrogate_Ridge,14,chip_simple_dxm7p273_dy1p818__Lj12p0nH_Cj2p0fF__roL8p5mm__tee_fl160um_fc12_cg1p2um__rpg1p4um,4.72771702229,5.972340521,5.773035212522506,219.24495923206857,5.714431158523696,2,fig5_cg3p0um_rpg2p5um__Lj12p0nH_Cj0p0fF__roL8p5mm__tee_fl160um_fc12,4.89777742204,6.34923094667,4.391671866830825,213.14051325530752,6.096625432754106,0.005148149871823211,0.17006039974999965,0.3768904256700001,1.381363345691681,6.104445976761042,0.3821942742304101
Surrogate_Ridge,14,chip_simple_dxm7p273_dy1p818__Lj12p0nH_Cj2p0fF__roL8p5mm__tee_fl160um_fc12_cg1p2um__rpg1p4um,4.72771702229,5.972340521,5.773035212522506,219.24495923206857,5.714431158523696,3,fig5_cg2p5um_rpg2p5um__Lj12p0nH_Cj0p0fF__roL8p5mm__tee_fl160um_fc12,4.86782605146,6.40620544852,4.850844314466476,237.9905673388129,6.17514285459043,0.007131225847149016,0.14010902916999957,0.43386492752000017,0.92219089805603,18.745608106744328,0.4607116960667339
Surrogate_Ridge,14,chip_simple_dxm7p273_dy1p818__Lj12p0nH_Cj2p0fF__roL8p5mm__tee_fl160um_fc12_cg1p2um__rpg1p4um,4.72771702229,5.972340521,5.773035212522506,219.24495923206857,5.714431158523696,4,fig5_cg3p0um_rpg3p0um__Lj12p0nH_Cj0p0fF__roL8p5mm__tee_fl160um_fc12,4.91022642408,6.30951729449,3.4180947746620176,181.0996536786009,5.916928558404827,0.008818862728260301,0.18250940178999997,0.3371767734900004,2.354940437860489,38.145305553467665,0.20249739988113102
Surrogate_Ridge,14,chip_simple_dxm7p273_dy1p818__Lj12p0nH_Cj2p0fF__roL8p5mm__tee_fl160um_fc12_cg1p2um__rpg1p4um,4.72771702229,5.972340521,5.773035212522506,219.24495923206857,5.714431158523696,5,fig5_cg2p5um_rpg3p5um__Lj12p0nH_Cj0p0fF__roL8p5mm__tee_fl160um_fc12,4.90933450729,6.40357690957,3.7329917837715145,201.2880257934344,6.003674917928219,0.011652072443981306,0.1816174849999994,0.43123638857000035,2.040043428750992,17.956933438634167,0.2892437594045232
Surrogate_Ridge,14,chip_simple_dxm7p273_dy1p818__Lj12p0nH_Cj2p0fF__roL8p5mm__tee_fl160um_fc12_cg1p2um__rpg1p4um,4.72771702229,5.972340521,5.773035212522506,219.24495923206857,5.714431158523696,6,fig5_cg3p0um_rpg2p0um__Lj12p0nH_Cj0p0fF__roL8p5mm__tee_fl160um_fc12,4.85591843529,6.44095110726,4.270610977590561,230.04663618304903,6.1997071597004,0.012837000240646884,0.12820141299999932,0.4686105862600005,1.5024242349319454,10.801676950980465,0.4852760011767039
Surrogate_Ridge,14,chip_simple_dxm7p273_dy1p818__Lj12p0nH_Cj2p0fF__roL8p5mm__tee_fl160um_fc12_cg1p2um__rpg1p4um,4.72771702229,5.972340521,5.773035212522506,219.24495923206857,5.714431158523696,7,fig5_cg2p0um_rpg3p0um__Lj12p0nH_Cj0p0fF__roL8p5mm__tee_fl160um_fc12,4.90691227134,6.26460466713,4.076762608140945,192.584502898011,5.878506475506168,0.01591443391275388,0.17919524905000017,0.29226414613000085,1.6962726043815612,26.660456334057557,0.1640753169824718
Surrogate_Ridge,14,chip_simple_dxm7p273_dy1p818__Lj12p0nH_Cj2p0fF__roL8p5mm__tee_fl160um_fc12_cg1p2um__rpg1p4um,4.72771702229,5.972340521,5.773035212522506,219.24495923206857,5.714431158523696,8,fig5_cg2p0um_rpg3p5um__Lj12p0nH_Cj0p0fF__roL8p5mm__tee_fl160um_fc12,4.92988654864,6.34828832398,4.071626393825531,199.5447640637109,5.952483565984568,0.016764567653149084,0.20216952634999963,0.37594780298000074,1.7014088186969758,19.70019516835768,0.23805240746087186
Surrogate_Ridge,14,chip_simple_dxm7p273_dy1p818__Lj12p0nH_Cj2p0fF__roL8p5mm__tee_fl160um_fc12_cg1p2um__rpg1p4um,4.72771702229,5.972340521,5.773035212522506,219.24495923206857,5.714431158523696,9,fig5_cg3p5um_rpg2p5um__Lj12p0nH_Cj0p0fF__roL8p5mm__tee_fl160um_fc12,4.85348773769,6.38790903463,4.356288998512268,225.5893196577544,6.102737650921461,0.020474635471641994,0.12577071539999984,0.41556851363000025,1.4167462140102387,6.344360425685835,0.38830649239776527
Surrogate_Ridge,14,chip_simple_dxm7p273_dy1p818__Lj12p0nH_Cj2p0fF__roL8p5mm__tee_fl160um_fc12_cg1p2um__rpg1p4um,4.72771702229,5.972340521,5.773035212522506,219.24495923206857,5.714431158523696,10,fig5_cg3p5um_rpg2p0um__Lj12p0nH_Cj0p0fF__roL8p5mm__tee_fl160um_fc12,4.78544785971,6.42909571039,4.586441499513626,250.3896145461569,6.177842469599042,0.02107341466981435,0.0577308374199994,0.4567551893900008,1.1865937130088806,31.14465531408834,0.4634113110753466
Surrogate_Ridge,15,chip_simple_dxm7p273_dy8p182__Lj12p0nH_Cj2p0fF__roL8p5mm__tee_fl160um_fc12_cg1p2um__rpg1p4um,4.73311969721,6.1823618083,5.650964117544174,249.6016788017964,5.977576415438447,1,fig5_cg3p5um_rpg2p0um__Lj12p0nH_Cj0p0fF__roL8p5mm__tee_fl160um_fc12,4.78544785971,6.42909571039,4.586441499513626,250.3896145461569,6.177842469599042,0.0021321140448506215,0.05232816249999939,0.2467339020900008,1.0645226180305478,0.7879357443605102,0.20026605416059517
Surrogate_Ridge,15,chip_simple_dxm7p273_dy8p182__Lj12p0nH_Cj2p0fF__roL8p5mm__tee_fl160um_fc12_cg1p2um__rpg1p4um,4.73311969721,6.1823618083,5.650964117544174,249.6016788017964,5.977576415438447,2,fig5_cg3p0um_rpg2p5um__Lj12p0nH_Cj0p0fF__roL8p5mm__tee_fl160um_fc12,4.89777742204,6.34923094667,4.391671866830825,213.14051325530752,6.096625432754106,0.0030977466722557,0.16465772482999963,0.16686913837000006,1.2592922507133482,36.46116554648887,0.11904901731565865
Surrogate_Ridge,15,chip_simple_dxm7p273_dy8p182__Lj12p0nH_Cj2p0fF__roL8p5mm__tee_fl160um_fc12_cg1p2um__rpg1p4um,4.73311969721,6.1823618083,5.650964117544174,249.6016788017964,5.977576415438447,3,fig5_cg3p0um_rpg2p0um__Lj12p0nH_Cj0p0fF__roL8p5mm__tee_fl160um_fc12,4.85591843529,6.44095110726,4.270610977590561,230.04663618304903,6.1997071597004,0.0033379693073601825,0.1227987380799993,0.2585892989600005,1.3803531399536126,19.555042618747365,0.22213074426195245
Surrogate_Ridge,15,chip_simple_dxm7p273_dy8p182__Lj12p0nH_Cj2p0fF__roL8p5mm__tee_fl160um_fc12_cg1p2um__rpg1p4um,4.73311969721,6.1823618083,5.650964117544174,249.6016788017964,5.977576415438447,4,fig5_cg3p5um_rpg1p5um__Lj12p0nH_Cj0p0fF__roL8p5mm__tee_fl160um_fc12,4.70486631048,6.33112792154,5.111963850152969,266.195772124899,6.191175501007713,0.004744954826854734,0.02825338673000033,0.14876611324000066,0.5390002673912049,16.594093323102612,0.21359908556926577
Surrogate_Ridge,15,chip_simple_dxm7p273_dy8p182__Lj12p0nH_Cj2p0fF__roL8p5mm__tee_fl160um_fc12_cg1p2um__rpg1p4um,4.73311969721,6.1823618083,5.650964117544174,249.6016788017964,5.977576415438447,5,fig5_cg3p5um_rpg2p5um__Lj12p0nH_Cj0p0fF__roL8p5mm__tee_fl160um_fc12,4.85348773769,6.38790903463,4.356288998512268,225.5893196577544,6.102737650921461,0.009974350275908038,0.12036804047999983,0.20554722633000022,1.294675119031906,24.012359144041994,0.12516123548301383
Surrogate_Ridge,15,chip_simple_dxm7p273_dy8p182__Lj12p0nH_Cj2p0fF__roL8p5mm__tee_fl160um_fc12_cg1p2um__rpg1p4um,4.73311969721,6.1823618083,5.650964117544174,249.6016788017964,5.977576415438447,6,fig5_cg3p0um_rpg3p0um__Lj12p0nH_Cj0p0fF__roL8p5mm__tee_fl160um_fc12,4.91022642408,6.30951729449,3.4180947746620176,181.0996536786009,5.916928558404827,0.013312601050212742,0.17710672686999995,0.1271554861900004,2.232869342882156,68.5020251231955,0.06064785703362041
Surrogate_Ridge,15,chip_simple_dxm7p273_dy8p182__Lj12p0nH_Cj2p0fF__roL8p5mm__tee_fl160um_fc12_cg1p2um__rpg1p4um,4.73311969721,6.1823618083,5.650964117544174,249.6016788017964,5.977576415438447,7,fig5_cg2p5um_rpg2p5um__Lj12p0nH_Cj0p0fF__roL8p5mm__tee_fl160um_fc12,4.86782605146,6.40620544852,4.850844314466476,237.9905673388129,6.17514285459043,0.013870866025130584,0.13470635424999955,0.22384364022000014,0.8001198030776973,11.611111462983501,0.19756643915198246
Surrogate_Ridge,15,chip_simple_dxm7p273_dy8p182__Lj12p0nH_Cj2p0fF__roL8p5mm__tee_fl160um_fc12_cg1p2um__rpg1p4um,4.73311969721,6.1823618083,5.650964117544174,249.6016788017964,5.977576415438447,8,fig5_cg3p0um_rpg1p5um__Lj12p0nH_Cj0p0fF__roL8p5mm__tee_fl160um_fc12,4.80934135586,6.34266483957,4.7338018228397365,237.2002446708589,6.176728175579623,0.0140332689555262,0.07622165864999975,0.16030303127000067,0.9171622947044371,12.401434130937503,0.19915176014117542
Surrogate_Ridge,15,chip_simple_dxm7p273_dy8p182__Lj12p0nH_Cj2p0fF__roL8p5mm__tee_fl160um_fc12_cg1p2um__rpg1p4um,4.73311969721,6.1823618083,5.650964117544174,249.6016788017964,5.977576415438447,9,fig5_cg2p5um_rpg3p0um__Lj12p0nH_Cj0p0fF__roL8p5mm__tee_fl160um_fc12,4.8216114018,6.30639910885,4.078658870691299,212.78053759295764,5.96985922957307,0.016003261536925738,0.08849170459,0.1240373005500004,1.5723052468528742,36.82114120883875,0.007717185865376841
Surrogate_Ridge,15,chip_simple_dxm7p273_dy8p182__Lj12p0nH_Cj2p0fF__roL8p5mm__tee_fl160um_fc12_cg1p2um__rpg1p4um,4.73311969721,6.1823618083,5.650964117544174,249.6016788017964,5.977576415438447,10,fig5_cg3p5um_rpg1p0um__Lj12p0nH_Cj0p0fF__roL8p5mm__tee_fl160um_fc12,4.65151549232,6.42206990109,5.782993409578324,310.4906595751157,6.336782825594393,0.017812872621920366,0.08160420489000053,0.23970809279000083,0.1320292920341508,60.88898077331933,0.359206410155946
Surrogate_Ridge,16,chip_simple_dxm7p273_dy9p091__Lj12p0nH_Cj2p0fF__roL8p5mm__tee_fl160um_fc12_cg1p2um__rpg1p4um,4.72336710509,6.1048577147,5.895831980884552,244.34013210942783,5.873176370681271,1,fig5_cg3p0um_rpg2p0um__Lj12p0nH_Cj0p0fF__roL8p5mm__tee_fl160um_fc12,4.85591843529,6.44095110726,4.270610977590561,230.04663618304903,6.1997071597004,0.0014676040855596036,0.1325513301999992,0.3360933925600005,1.6252210032939907,14.293495926378796,0.32653078901912824
Surrogate_Ridge,16,chip_simple_dxm7p273_dy9p091__Lj12p0nH_Cj2p0fF__roL8p5mm__tee_fl160um_fc12_cg1p2um__rpg1p4um,4.72336710509,6.1048577147,5.895831980884552,244.34013210942783,5.873176370681271,2,fig5_cg3p0um_rpg2p5um__Lj12p0nH_Cj0p0fF__roL8p5mm__tee_fl160um_fc12,4.89777742204,6.34923094667,4.391671866830825,213.14051325530752,6.096625432754106,0.003358563964069658,0.17441031694999953,0.24437323197000005,1.5041601140537262,31.199618854120303,0.22344906207283444
Surrogate_Ridge,16,chip_simple_dxm7p273_dy9p091__Lj12p0nH_Cj2p0fF__roL8p5mm__tee_fl160um_fc12_cg1p2um__rpg1p4um,4.72336710509,6.1048577147,5.895831980884552,244.34013210942783,5.873176370681271,3,fig5_cg3p5um_rpg2p0um__Lj12p0nH_Cj0p0fF__roL8p5mm__tee_fl160um_fc12,4.78544785971,6.42909571039,4.586441499513626,250.3896145461569,6.177842469599042,0.00682966314012346,0.06208075461999929,0.3242379956900008,1.3093904813709258,6.049482436729079,0.30466609891777097
Surrogate_Ridge,16,chip_simple_dxm7p273_dy9p091__Lj12p0nH_Cj2p0fF__roL8p5mm__tee_fl160um_fc12_cg1p2um__rpg1p4um,4.72336710509,6.1048577147,5.895831980884552,244.34013210942783,5.873176370681271,4,fig5_cg2p5um_rpg2p5um__Lj12p0nH_Cj0p0fF__roL8p5mm__tee_fl160um_fc12,4.86782605146,6.40620544852,4.850844314466476,237.9905673388129,6.17514285459043,0.007225184778609327,0.14445894636999945,0.30134773382000013,1.0449876664180753,6.349564770614933,0.30196648390915826
Surrogate_Ridge,16,chip_simple_dxm7p273_dy9p091__Lj12p0nH_Cj2p0fF__roL8p5mm__tee_fl160um_fc12_cg1p2um__rpg1p4um,4.72336710509,6.1048577147,5.895831980884552,244.34013210942783,5.873176370681271,5,fig5_cg3p5um_rpg1p5um__Lj12p0nH_Cj0p0fF__roL8p5mm__tee_fl160um_fc12,4.70486631048,6.33112792154,5.111963850152969,266.195772124899,6.191175501007713,0.007875038026763616,0.018500794610000426,0.22627020684000065,0.7838681307315829,21.85564001547118,0.31799913032644156
Surrogate_Ridge,16,chip_simple_dxm7p273_dy9p091__Lj12p0nH_Cj2p0fF__roL8p5mm__tee_fl160um_fc12_cg1p2um__rpg1p4um,4.72336710509,6.1048577147,5.895831980884552,244.34013210942783,5.873176370681271,6,fig5_cg3p0um_rpg1p5um__Lj12p0nH_Cj0p0fF__roL8p5mm__tee_fl160um_fc12,4.80934135586,6.34266483957,4.7338018228397365,237.2002446708589,6.176728175579623,0.009691336496998952,0.08597425076999965,0.23780712487000066,1.1620301580448151,7.139887438568934,0.3035518048983512
Surrogate_Ridge,16,chip_simple_dxm7p273_dy9p091__Lj12p0nH_Cj2p0fF__roL8p5mm__tee_fl160um_fc12_cg1p2um__rpg1p4um,4.72336710509,6.1048577147,5.895831980884552,244.34013210942783,5.873176370681271,7,fig5_cg2p5um_rpg3p0um__Lj12p0nH_Cj0p0fF__roL8p5mm__tee_fl160um_fc12,4.8216114018,6.30639910885,4.078658870691299,212.78053759295764,5.96985922957307,0.012052479422269604,0.0982442967099999,0.20154139415000039,1.8171731101932522,31.559594516470185,0.09668285889179895
Surrogate_Ridge,16,chip_simple_dxm7p273_dy9p091__Lj12p0nH_Cj2p0fF__roL8p5mm__tee_fl160um_fc12_cg1p2um__rpg1p4um,4.72336710509,6.1048577147,5.895831980884552,244.34013210942783,5.873176370681271,8,fig5_cg2p5um_rpg2p0um__Lj12p0nH_Cj0p0fF__roL8p5mm__tee_fl160um_fc12,4.82985966256,6.3640851834,4.45615377314949,229.1245415394613,6.124821045393385,0.012512582424898456,0.1064925574699993,0.2592274687000007,1.4396782077350618,15.215590569966537,0.2516446747121135
Surrogate_Ridge,16,chip_simple_dxm7p273_dy9p091__Lj12p0nH_Cj2p0fF__roL8p5mm__tee_fl160um_fc12_cg1p2um__rpg1p4um,4.72336710509,6.1048577147,5.895831980884552,244.34013210942783,5.873176370681271,9,fig5_cg3p0um_rpg3p0um__Lj12p0nH_Cj0p0fF__roL8p5mm__tee_fl160um_fc12,4.91022642408,6.30951729449,3.4180947746620176,181.0996536786009,5.916928558404827,0.015364216132529118,0.18685931898999986,0.20465957979000038,2.477737206222534,63.240478430826926,0.04375218772355538
Surrogate_Ridge,16,chip_simple_dxm7p273_dy9p091__Lj12p0nH_Cj2p0fF__roL8p5mm__tee_fl160um_fc12_cg1p2um__rpg1p4um,4.72336710509,6.1048577147,5.895831980884552,244.34013210942783,5.873176370681271,10,fig5_cg3p5um_rpg2p5um__Lj12p0nH_Cj0p0fF__roL8p5mm__tee_fl160um_fc12,4.85348773769,6.38790903463,4.356288998512268,225.5893196577544,6.102737650921461,0.01589898054343271,0.13012063259999973,0.2830513199300002,1.539542982372284,18.750812451673426,0.22956128024018962
Surrogate_Ridge,17,chip_simple_dxm6p364_dym10p000__Lj12p0nH_Cj2p0fF__roL8p5mm__tee_fl160um_fc12_cg1p2um__rpg1p4um,4.74671380996,6.03991593661,5.848658886358261,227.8865591340732,5.768117311750657,1,fig5_cg3p0um_rpg2p5um__Lj12p0nH_Cj0p0fF__roL8p5mm__tee_fl160um_fc12,4.89777742204,6.34923094667,4.391671866830825,213.14051325530752,6.096625432754106,0.0026850440760817947,0.15106361207999974,0.30931501005999973,1.4569870195274355,14.74604587876567,0.3285081210034493
Surrogate_Ridge,17,chip_simple_dxm6p364_dym10p000__Lj12p0nH_Cj2p0fF__roL8p5mm__tee_fl160um_fc12_cg1p2um__rpg1p4um,4.74671380996,6.03991593661,5.848658886358261,227.8865591340732,5.768117311750657,2,fig5_cg2p5um_rpg2p5um__Lj12p0nH_Cj0p0fF__roL8p5mm__tee_fl160um_fc12,4.86782605146,6.40620544852,4.850844314466476,237.9905673388129,6.17514285459043,0.004833206638666348,0.12111224149999966,0.3662895119099998,0.9978145718917846,10.1040082047397,0.4070255428397731
Surrogate_Ridge,17,chip_simple_dxm6p364_dym10p000__Lj12p0nH_Cj2p0fF__roL8p5mm__tee_fl160um_fc12_cg1p2um__rpg1p4um,4.74671380996,6.03991593661,5.848658886358261,227.8865591340732,5.768117311750657,3,fig5_cg2p5um_rpg3p0um__Lj12p0nH_Cj0p0fF__roL8p5mm__tee_fl160um_fc12,4.8216114018,6.30639910885,4.078658870691299,212.78053759295764,5.96985922957307,0.004992275300662394,0.07489759184000011,0.26648317224000007,1.7700000156669615,15.106021541115553,0.2017419178224138
Surrogate_Ridge,17,chip_simple_dxm6p364_dym10p000__Lj12p0nH_Cj2p0fF__roL8p5mm__tee_fl160um_fc12_cg1p2um__rpg1p4um,4.74671380996,6.03991593661,5.848658886358261,227.8865591340732,5.768117311750657,4,fig5_cg3p0um_rpg2p0um__Lj12p0nH_Cj0p0fF__roL8p5mm__tee_fl160um_fc12,4.85591843529,6.44095110726,4.270610977590561,230.04663618304903,6.1997071597004,0.006321205043331117,0.10920462532999942,0.40103517065000016,1.5780479087677,2.160077048975836,0.4315898479497431
Surrogate_Ridge,17,chip_simple_dxm6p364_dym10p000__Lj12p0nH_Cj2p0fF__roL8p5mm__tee_fl160um_fc12_cg1p2um__rpg1p4um,4.74671380996,6.03991593661,5.848658886358261,227.8865591340732,5.768117311750657,5,fig5_cg3p0um_rpg3p0um__Lj12p0nH_Cj0p0fF__roL8p5mm__tee_fl160um_fc12,4.91022642408,6.30951729449,3.4180947746620176,181.0996536786009,5.916928558404827,0.009871524452892992,0.16351261412000007,0.26960135788000006,2.4305641116962433,46.786905455472294,0.14881124665417023
Surrogate_Ridge,17,chip_simple_dxm6p364_dym10p000__Lj12p0nH_Cj2p0fF__roL8p5mm__tee_fl160um_fc12_cg1p2um__rpg1p4um,4.74671380996,6.03991593661,5.848658886358261,227.8865591340732,5.768117311750657,6,fig5_cg3p5um_rpg2p0um__Lj12p0nH_Cj0p0fF__roL8p5mm__tee_fl160um_fc12,4.78544785971,6.42909571039,4.586441499513626,250.3896145461569,6.177842469599042,0.013955816777550895,0.0387340497499995,0.38917977378000046,1.2622173868446351,22.50305541208371,0.4097251578483858
Surrogate_Ridge,17,chip_simple_dxm6p364_dym10p000__Lj12p0nH_Cj2p0fF__roL8p5mm__tee_fl160um_fc12_cg1p2um__rpg1p4um,4.74671380996,6.03991593661,5.848658886358261,227.8865591340732,5.768117311750657,7,fig5_cg2p5um_rpg2p0um__Lj12p0nH_Cj0p0fF__roL8p5mm__tee_fl160um_fc12,4.82985966256,6.3640851834,4.45615377314949,229.1245415394613,6.124821045393385,0.015496779320730816,0.08314585259999951,0.32416924679000036,1.3925051132087711,1.2379824053880952,0.35670373364272834
Surrogate_Ridge,17,chip_simple_dxm6p364_dym10p000__Lj12p0nH_Cj2p0fF__roL8p5mm__tee_fl160um_fc12_cg1p2um__rpg1p4um,4.74671380996,6.03991593661,5.848658886358261,227.8865591340732,5.768117311750657,8,fig5_cg2p5um_rpg3p5um__Lj12p0nH_Cj0p0fF__roL8p5mm__tee_fl160um_fc12,4.90933450729,6.40357690957,3.7329917837715145,201.2880257934344,6.003674917928219,0.015973985306718952,0.1626206973299995,0.36366097296,2.1156671025867464,26.598533340638795,0.23555760617756238
Surrogate_Ridge,17,chip_simple_dxm6p364_dym10p000__Lj12p0nH_Cj2p0fF__roL8p5mm__tee_fl160um_fc12_cg1p2um__rpg1p4um,4.74671380996,6.03991593661,5.848658886358261,227.8865591340732,5.768117311750657,9,fig5_cg2p0um_rpg3p0um__Lj12p0nH_Cj0p0fF__roL8p5mm__tee_fl160um_fc12,4.90691227134,6.26460466713,4.076762608140945,192.584502898011,5.878506475506168,0.016923212160051295,0.16019846138000027,0.2246887305200005,1.7718962782173158,35.302056236062185,0.110389163755511
Surrogate_Ridge,17,chip_simple_dxm6p364_dym10p000__Lj12p0nH_Cj2p0fF__roL8p5mm__tee_fl160um_fc12_cg1p2um__rpg1p4um,4.74671380996,6.03991593661,5.848658886358261,227.8865591340732,5.768117311750657,10,fig5_cg3p5um_rpg2p5um__Lj12p0nH_Cj0p0fF__roL8p5mm__tee_fl160um_fc12,4.85348773769,6.38790903463,4.356288998512268,225.5893196577544,6.102737650921461,0.017347067525116725,0.10677392772999994,0.3479930980199999,1.4923698878459932,2.2972394763187935,0.33462033917080447
Surrogate_Ridge,18,chip_simple_dxm6p364_dym8p182__Lj12p0nH_Cj2p0fF__roL8p5mm__tee_fl160um_fc12_cg1p2um__rpg1p4um,4.66921934467,5.95957733907,6.531350151489257,244.2974230799728,5.682759542301245,1,fig5_cg2p5um_rpg2p0um__Lj12p0nH_Cj0p0fF__roL8p5mm__tee_fl160um_fc12,4.82985966256,6.3640851834,4.45615377314949,229.1245415394613,6.124821045393385,0.0034326981593376994,0.16064031788999955,0.4045078443300003,2.0751963783397676,15.172881540511497,0.4420615030921402
Surrogate_Ridge,18,chip_simple_dxm6p364_dym8p182__Lj12p0nH_Cj2p0fF__roL8p5mm__tee_fl160um_fc12_cg1p2um__rpg1p4um,4.66921934467,5.95957733907,6.531350151489257,244.2974230799728,5.682759542301245,2,fig5_cg3p0um_rpg2p0um__Lj12p0nH_Cj0p0fF__roL8p5mm__tee_fl160um_fc12,4.85591843529,6.44095110726,4.270610977590561,230.04663618304903,6.1997071597004,0.0065216239717398455,0.18669909061999945,0.4813737681900001,2.2607391738986964,14.250786896923756,0.516947617399155
Surrogate_Ridge,18,chip_simple_dxm6p364_dym8p182__Lj12p0nH_Cj2p0fF__roL8p5mm__tee_fl160um_fc12_cg1p2um__rpg1p4um,4.66921934467,5.95957733907,6.531350151489257,244.2974230799728,5.682759542301245,3,fig5_cg2p5um_rpg2p5um__Lj12p0nH_Cj0p0fF__roL8p5mm__tee_fl160um_fc12,4.86782605146,6.40620544852,4.850844314466476,237.9905673388129,6.17514285459043,0.006577422757145488,0.1986067067899997,0.44662810944999976,1.680505837022781,6.306855741159893,0.49238331228918497
Surrogate_Ridge,18,chip_simple_dxm6p364_dym8p182__Lj12p0nH_Cj2p0fF__roL8p5mm__tee_fl160um_fc12_cg1p2um__rpg1p4um,4.66921934467,5.95957733907,6.531350151489257,244.2974230799728,5.682759542301245,4,fig5_cg3p0um_rpg1p5um__Lj12p0nH_Cj0p0fF__roL8p5mm__tee_fl160um_fc12,4.80934135586,6.34266483957,4.7338018228397365,237.2002446708589,6.176728175579623,0.00696460686699351,0.1401220111899999,0.3830875005000003,1.7975483286495209,7.097178409113894,0.4939686332783779
Surrogate_Ridge,18,chip_simple_dxm6p364_dym8p182__Lj12p0nH_Cj2p0fF__roL8p5mm__tee_fl160um_fc12_cg1p2um__rpg1p4um,4.66921934467,5.95957733907,6.531350151489257,244.2974230799728,5.682759542301245,5,fig5_cg2p0um_rpg2p5um__Lj12p0nH_Cj0p0fF__roL8p5mm__tee_fl160um_fc12,4.88081947033,6.29200362079,4.710222612869263,215.78136757047287,6.007573423867593,0.011749803133225812,0.21160012565999953,0.3324262817200001,1.8211275386199945,28.51605550949992,0.3248138815663486
Surrogate_Ridge,18,chip_simple_dxm6p364_dym8p182__Lj12p0nH_Cj2p0fF__roL8p5mm__tee_fl160um_fc12_cg1p2um__rpg1p4um,4.66921934467,5.95957733907,6.531350151489257,244.2974230799728,5.682759542301245,6,fig5_cg3p0um_rpg2p5um__Lj12p0nH_Cj0p0fF__roL8p5mm__tee_fl160um_fc12,4.89777742204,6.34923094667,4.391671866830825,213.14051325530752,6.096625432754106,0.015127315587267853,0.22855807736999978,0.3896536075999997,2.139678284658432,31.156909824665263,0.41386589045286115
Surrogate_Ridge,18,chip_simple_dxm6p364_dym8p182__Lj12p0nH_Cj2p0fF__roL8p5mm__tee_fl160um_fc12_cg1p2um__rpg1p4um,4.66921934467,5.95957733907,6.531350151489257,244.2974230799728,5.682759542301245,7,fig5_cg3p0um_rpg1p0um__Lj12p0nH_Cj0p0fF__roL8p5mm__tee_fl160um_fc12,4.5918495592,6.3683346429,6.310808488025665,329.7787087605889,6.339102179225892,0.016456264273028848,0.07736978547000017,0.40875730382999986,0.22054166346359239,85.48128568061614,0.6563426369246477
Surrogate_Ridge,18,chip_simple_dxm6p364_dym8p182__Lj12p0nH_Cj2p0fF__roL8p5mm__tee_fl160um_fc12_cg1p2um__rpg1p4um,4.66921934467,5.95957733907,6.531350151489257,244.2974230799728,5.682759542301245,8,fig5_cg3p5um_rpg1p5um__Lj12p0nH_Cj0p0fF__roL8p5mm__tee_fl160um_fc12,4.70486631048,6.33112792154,5.111963850152969,266.195772124899,6.191175501007713,0.0183148388678781,0.03564696580999982,0.3715505824700003,1.4193863013362886,21.89834904492622,0.5084159587064683
Surrogate_Ridge,18,chip_simple_dxm6p364_dym8p182__Lj12p0nH_Cj2p0fF__roL8p5mm__tee_fl160um_fc12_cg1p2um__rpg1p4um,4.66921934467,5.95957733907,6.531350151489257,244.2974230799728,5.682759542301245,9,fig5_cg2p0um_rpg3p0um__Lj12p0nH_Cj0p0fF__roL8p5mm__tee_fl160um_fc12,4.90691227134,6.26460466713,4.076762608140945,192.584502898011,5.878506475506168,0.01848223522409506,0.2376929266700003,0.30502732806000044,2.454587543348312,51.71292018196178,0.19574693320492287
Surrogate_Ridge,18,chip_simple_dxm6p364_dym8p182__Lj12p0nH_Cj2p0fF__roL8p5mm__tee_fl160um_fc12_cg1p2um__rpg1p4um,4.66921934467,5.95957733907,6.531350151489257,244.2974230799728,5.682759542301245,10,fig5_cg2p5um_rpg3p0um__Lj12p0nH_Cj0p0fF__roL8p5mm__tee_fl160um_fc12,4.8216114018,6.30639910885,4.078658870691299,212.78053759295764,5.96985922957307,0.018770821865734953,0.15239205713000015,0.34682176978,2.452691280797958,31.516885487015145,0.28709968727182567
Surrogate_Ridge,19,chip_simple_dxm6p364_dy9p091__Lj12p0nH_Cj2p0fF__roL8p5mm__tee_fl160um_fc12_cg1p2um__rpg1p4um,4.74885472292,5.99133385186,5.729373200176239,217.19198862874947,5.68234360614363,1,fig5_cg2p5um_rpg3p0um__Lj12p0nH_Cj0p0fF__roL8p5mm__tee_fl160um_fc12,4.8216114018,6.30639910885,4.078658870691299,212.78053759295764,5.96985922957307,0.0032247450898328944,0.07275667888000026,0.31506525698999965,1.6507143294849396,4.411451035791828,0.2875156234294405
Surrogate_Ridge,19,chip_simple_dxm6p364_dy9p091__Lj12p0nH_Cj2p0fF__roL8p5mm__tee_fl160um_fc12_cg1p2um__rpg1p4um,4.74885472292,5.99133385186,5.729373200176239,217.19198862874947,5.68234360614363,2,fig5_cg3p0um_rpg2p5um__Lj12p0nH_Cj0p0fF__roL8p5mm__tee_fl160um_fc12,4.89777742204,6.34923094667,4.391671866830825,213.14051325530752,6.096625432754106,0.005474031599835338,0.1489226991199999,0.3578970948099993,1.3377013333454135,4.051475373441946,0.41428182661047597
Surrogate_Ridge,19,chip_simple_dxm6p364_dy9p091__Lj12p0nH_Cj2p0fF__roL8p5mm__tee_fl160um_fc12_cg1p2um__rpg1p4um,4.74885472292,5.99133385186,5.729373200176239,217.19198862874947,5.68234360614363,3,fig5_cg3p0um_rpg3p0um__Lj12p0nH_Cj0p0fF__roL8p5mm__tee_fl160um_fc12,4.91022642408,6.30951729449,3.4180947746620176,181.0996536786009,5.916928558404827,0.007776703322556899,0.1613717011600002,0.31818344262999965,2.3112784255142214,36.09233495014857,0.2345849522611969
Surrogate_Ridge,19,chip_simple_dxm6p364_dy9p091__Lj12p0nH_Cj2p0fF__roL8p5mm__tee_fl160um_fc12_cg1p2um__rpg1p4um,4.74885472292,5.99133385186,5.729373200176239,217.19198862874947,5.68234360614363,4,fig5_cg2p5um_rpg2p5um__Lj12p0nH_Cj0p0fF__roL8p5mm__tee_fl160um_fc12,4.86782605146,6.40620544852,4.850844314466476,237.9905673388129,6.17514285459043,0.00811112365307753,0.11897132853999981,0.4148715966599994,0.8785288857097626,20.798578710063424,0.4927992484467998
Surrogate_Ridge,19,chip_simple_dxm6p364_dy9p091__Lj12p0nH_Cj2p0fF__roL8p5mm__tee_fl160um_fc12_cg1p2um__rpg1p4um,4.74885472292,5.99133385186,5.729373200176239,217.19198862874947,5.68234360614363,5,fig5_cg2p5um_rpg3p5um__Lj12p0nH_Cj0p0fF__roL8p5mm__tee_fl160um_fc12,4.90933450729,6.40357690957,3.7329917837715145,201.2880257934344,6.003674917928219,0.00988634151485853,0.16047978436999966,0.4122430577099996,1.9963814164047244,15.90396283531507,0.32133131178458907
Surrogate_Ridge,19,chip_simple_dxm6p364_dy9p091__Lj12p0nH_Cj2p0fF__roL8p5mm__tee_fl160um_fc12_cg1p2um__rpg1p4um,4.74885472292,5.99133385186,5.729373200176239,217.19198862874947,5.68234360614363,6,fig5_cg3p0um_rpg2p0um__Lj12p0nH_Cj0p0fF__roL8p5mm__tee_fl160um_fc12,4.85591843529,6.44095110726,4.270610977590561,230.04663618304903,6.1997071597004,0.014719334865384055,0.10706371236999956,0.44961725539999975,1.458762222585678,12.85464755429956,0.5173635535567698
Surrogate_Ridge,19,chip_simple_dxm6p364_dy9p091__Lj12p0nH_Cj2p0fF__roL8p5mm__tee_fl160um_fc12_cg1p2um__rpg1p4um,4.74885472292,5.99133385186,5.729373200176239,217.19198862874947,5.68234360614363,7,fig5_cg2p0um_rpg3p5um__Lj12p0nH_Cj0p0fF__roL8p5mm__tee_fl160um_fc12,4.92988654864,6.34828832398,4.071626393825531,199.5447640637109,5.952483565984568,0.015713647875276116,0.18103182571999987,0.35695447212,1.6577468063507084,17.647224565038584,0.27013995984093775
Surrogate_Ridge,19,chip_simple_dxm6p364_dy9p091__Lj12p0nH_Cj2p0fF__roL8p5mm__tee_fl160um_fc12_cg1p2um__rpg1p4um,4.74885472292,5.99133385186,5.729373200176239,217.19198862874947,5.68234360614363,8,fig5_cg2p0um_rpg3p0um__Lj12p0nH_Cj0p0fF__roL8p5mm__tee_fl160um_fc12,4.90691227134,6.26460466713,4.076762608140945,192.584502898011,5.878506475506168,0.01624110173621668,0.15805754842000042,0.2732708152700001,1.6526105920352938,24.60748573073846,0.19616286936253768
Surrogate_Ridge,19,chip_simple_dxm6p364_dy9p091__Lj12p0nH_Cj2p0fF__roL8p5mm__tee_fl160um_fc12_cg1p2um__rpg1p4um,4.74885472292,5.99133385186,5.729373200176239,217.19198862874947,5.68234360614363,9,fig5_cg3p5um_rpg2p5um__Lj12p0nH_Cj0p0fF__roL8p5mm__tee_fl160um_fc12,4.85348773769,6.38790903463,4.356288998512268,225.5893196577544,6.102737650921461,0.020405254425700906,0.10463301477000009,0.3965751827699995,1.3730842016639713,8.397331029004931,0.42039404477783116
Surrogate_Ridge,19,chip_simple_dxm6p364_dy9p091__Lj12p0nH_Cj2p0fF__roL8p5mm__tee_fl160um_fc12_cg1p2um__rpg1p4um,4.74885472292,5.99133385186,5.729373200176239,217.19198862874947,5.68234360614363,10,fig5_cg3p5um_rpg2p0um__Lj12p0nH_Cj0p0fF__roL8p5mm__tee_fl160um_fc12,4.78544785971,6.42909571039,4.586441499513626,250.3896145461569,6.177842469599042,0.02246150740528343,0.03659313678999965,0.43776185853000005,1.1429317006626132,33.197625917407436,0.4954988634554125
Surrogate_Ridge,20,chip_simple_dxm5p455_dym10p000__Lj12p0nH_Cj2p0fF__roL8p5mm__tee_fl160um_fc12_cg1p2um__rpg1p4um,4.72643217895,6.07311770522,5.415196464242935,228.4549508946408,5.824557550812046,1,fig5_cg3p0um_rpg2p5um__Lj12p0nH_Cj0p0fF__roL8p5mm__tee_fl160um_fc12,4.89777742204,6.34923094667,4.391671866830825,213.14051325530752,6.096625432754106,0.0024505189566209687,0.1713452430900002,0.27611324145000005,1.0235245974121092,15.314437639333278,0.27206788194205966
Surrogate_Ridge,20,chip_simple_dxm5p455_dym10p000__Lj12p0nH_Cj2p0fF__roL8p5mm__tee_fl160um_fc12_cg1p2um__rpg1p4um,4.72643217895,6.07311770522,5.415196464242935,228.4549508946408,5.824557550812046,2,fig5_cg3p0um_rpg3p0um__Lj12p0nH_Cj0p0fF__roL8p5mm__tee_fl160um_fc12,4.91022642408,6.30951729449,3.4180947746620176,181.0996536786009,5.916928558404827,0.004210822457215369,0.18379424513000053,0.23639958927000038,1.997101689580917,47.3552972160399,0.09237100759278061
Surrogate_Ridge,20,chip_simple_dxm5p455_dym10p000__Lj12p0nH_Cj2p0fF__roL8p5mm__tee_fl160um_fc12_cg1p2um__rpg1p4um,4.72643217895,6.07311770522,5.415196464242935,228.4549508946408,5.824557550812046,3,fig5_cg3p5um_rpg2p5um__Lj12p0nH_Cj0p0fF__roL8p5mm__tee_fl160um_fc12,4.85348773769,6.38790903463,4.356288998512268,225.5893196577544,6.102737650921461,0.00802329781138701,0.1270555587400004,0.3147913294100002,1.058907465730667,2.8656312368864008,0.27818010010941485
Surrogate_Ridge,20,chip_simple_dxm5p455_dym10p000__Lj12p0nH_Cj2p0fF__roL8p5mm__tee_fl160um_fc12_cg1p2um__rpg1p4um,4.72643217895,6.07311770522,5.415196464242935,228.4549508946408,5.824557550812046,4,fig5_cg2p5um_rpg3p0um__Lj12p0nH_Cj0p0fF__roL8p5mm__tee_fl160um_fc12,4.8216114018,6.30639910885,4.078658870691299,212.78053759295764,5.96985922957307,0.0093191727388016,0.09517922285000058,0.23328140363000038,1.3365375935516353,15.67441330168316,0.14530167876102418
Surrogate_Ridge,20,chip_simple_dxm5p455_dym10p000__Lj12p0nH_Cj2p0fF__roL8p5mm__tee_fl160um_fc12_cg1p2um__rpg1p4um,4.72643217895,6.07311770522,5.415196464242935,228.4549508946408,5.824557550812046,5,fig5_cg3p5um_rpg2p0um__Lj12p0nH_Cj0p0fF__roL8p5mm__tee_fl160um_fc12,4.78544785971,6.42909571039,4.586441499513626,250.3896145461569,6.177842469599042,0.009440218868457332,0.05901568075999997,0.3559780051700008,0.8287549647293089,21.934663651516104,0.3532849187869962
Surrogate_Ridge,20,chip_simple_dxm5p455_dym10p000__Lj12p0nH_Cj2p0fF__roL8p5mm__tee_fl160um_fc12_cg1p2um__rpg1p4um,4.72643217895,6.07311770522,5.415196464242935,228.4549508946408,5.824557550812046,6,fig5_cg3p0um_rpg2p0um__Lj12p0nH_Cj0p0fF__roL8p5mm__tee_fl160um_fc12,4.85591843529,6.44095110726,4.270610977590561,230.04663618304903,6.1997071597004,0.012471714074051845,0.12948625633999988,0.3678334020400005,1.1445854866523737,1.5916852884082289,0.37514960888835347
Surrogate_Ridge,20,chip_simple_dxm5p455_dym10p000__Lj12p0nH_Cj2p0fF__roL8p5mm__tee_fl160um_fc12_cg1p2um__rpg1p4um,4.72643217895,6.07311770522,5.415196464242935,228.4549508946408,5.824557550812046,7,fig5_cg2p5um_rpg3p5um__Lj12p0nH_Cj0p0fF__roL8p5mm__tee_fl160um_fc12,4.90933450729,6.40357690957,3.7329917837715145,201.2880257934344,6.003674917928219,0.014256700797060717,0.18290232833999998,0.3304592043500003,1.6822046804714201,27.166925101206402,0.17911736711617277
Surrogate_Ridge,20,chip_simple_dxm5p455_dym10p000__Lj12p0nH_Cj2p0fF__roL8p5mm__tee_fl160um_fc12_cg1p2um__rpg1p4um,4.72643217895,6.07311770522,5.415196464242935,228.4549508946408,5.824557550812046,8,fig5_cg2p5um_rpg2p5um__Lj12p0nH_Cj0p0fF__roL8p5mm__tee_fl160um_fc12,4.86782605146,6.40620544852,4.850844314466476,237.9905673388129,6.17514285459043,0.016163143298567745,0.14139387251000013,0.3330877433000001,0.5643521497764583,9.535616444172092,0.3505853037783835
Surrogate_Ridge,20,chip_simple_dxm5p455_dym10p000__Lj12p0nH_Cj2p0fF__roL8p5mm__tee_fl160um_fc12_cg1p2um__rpg1p4um,4.72643217895,6.07311770522,5.415196464242935,228.4549508946408,5.824557550812046,9,fig5_cg3p5um_rpg1p5um__Lj12p0nH_Cj0p0fF__roL8p5mm__tee_fl160um_fc12,4.70486631048,6.33112792154,5.111963850152969,266.195772124899,6.191175501007713,0.022638638543552914,0.02156586846999975,0.25801021632000065,0.30323261408996594,37.740821230258206,0.3666179501956668
Surrogate_Ridge,20,chip_simple_dxm5p455_dym10p000__Lj12p0nH_Cj2p0fF__roL8p5mm__tee_fl160um_fc12_cg1p2um__rpg1p4um,4.72643217895,6.07311770522,5.415196464242935,228.4549508946408,5.824557550812046,10,fig5_cg2p0um_rpg3p5um__Lj12p0nH_Cj0p0fF__roL8p5mm__tee_fl160um_fc12,4.92988654864,6.34828832398,4.071626393825531,199.5447640637109,5.952483565984568,0.03004618021499923,0.2034543696900002,0.2751706187600007,1.343570070417404,28.910186830929916,0.12792601517252145
Surrogate_Ridge,21,chip_simple_dxm5p455_dym7p273__Lj12p0nH_Cj2p0fF__roL8p5mm__tee_fl160um_fc12_cg1p2um__rpg1p4um,4.76562279632,6.24196953139,5.150254447881698,240.7444948936074,5.998838755030702,1,fig5_cg3p5um_rpg2p5um__Lj12p0nH_Cj0p0fF__roL8p5mm__tee_fl160um_fc12,4.85348773769,6.38790903463,4.356288998512268,225.5893196577544,6.102737650921461,0.0012904788656493728,0.08786494137000034,0.14593950324000016,0.7939654493694306,15.155175235852994,0.10389889589075896
Surrogate_Ridge,21,chip_simple_dxm5p455_dym7p273__Lj12p0nH_Cj2p0fF__roL8p5mm__tee_fl160um_fc12_cg1p2um__rpg1p4um,4.76562279632,6.24196953139,5.150254447881698,240.7444948936074,5.998838755030702,2,fig5_cg3p5um_rpg2p0um__Lj12p0nH_Cj0p0fF__roL8p5mm__tee_fl160um_fc12,4.78544785971,6.42909571039,4.586441499513626,250.3896145461569,6.177842469599042,0.002985216897124385,0.019825063389999897,0.18712617900000073,0.5638129483680725,9.64511965254951,0.1790037145683403
Surrogate_Ridge,21,chip_simple_dxm5p455_dym7p273__Lj12p0nH_Cj2p0fF__roL8p5mm__tee_fl160um_fc12_cg1p2um__rpg1p4um,4.76562279632,6.24196953139,5.150254447881698,240.7444948936074,5.998838755030702,3,fig5_cg3p0um_rpg2p5um__Lj12p0nH_Cj0p0fF__roL8p5mm__tee_fl160um_fc12,4.89777742204,6.34923094667,4.391671866830825,213.14051325530752,6.096625432754106,0.005575881776319132,0.13215462572000014,0.10726141528,0.7585825810508728,27.60398163829987,0.09778667772340377
Surrogate_Ridge,21,chip_simple_dxm5p455_dym7p273__Lj12p0nH_Cj2p0fF__roL8p5mm__tee_fl160um_fc12_cg1p2um__rpg1p4um,4.76562279632,6.24196953139,5.150254447881698,240.7444948936074,5.998838755030702,4,fig5_cg3p0um_rpg3p0um__Lj12p0nH_Cj0p0fF__roL8p5mm__tee_fl160um_fc12,4.91022642408,6.30951729449,3.4180947746620176,181.0996536786009,5.916928558404827,0.005925133642144434,0.14460362776000046,0.06754776310000032,1.7321596732196807,59.644841215006494,0.08191019662587529
Surrogate_Ridge,21,chip_simple_dxm5p455_dym7p273__Lj12p0nH_Cj2p0fF__roL8p5mm__tee_fl160um_fc12_cg1p2um__rpg1p4um,4.76562279632,6.24196953139,5.150254447881698,240.7444948936074,5.998838755030702,5,fig5_cg3p5um_rpg1p5um__Lj12p0nH_Cj0p0fF__roL8p5mm__tee_fl160um_fc12,4.70486631048,6.33112792154,5.111963850152969,266.195772124899,6.191175501007713,0.016715022303612926,0.06075648583999982,0.0891583901500006,0.03829059772872956,25.451277231291613,0.1923367459770109
Surrogate_Ridge,21,chip_simple_dxm5p455_dym7p273__Lj12p0nH_Cj2p0fF__roL8p5mm__tee_fl160um_fc12_cg1p2um__rpg1p4um,4.76562279632,6.24196953139,5.150254447881698,240.7444948936074,5.998838755030702,6,fig5_cg3p0um_rpg2p0um__Lj12p0nH_Cj0p0fF__roL8p5mm__tee_fl160um_fc12,4.85591843529,6.44095110726,4.270610977590561,230.04663618304903,6.1997071597004,0.017261697285507364,0.09029563896999981,0.19898157587000043,0.8796434702911373,10.697858710558364,0.20086840466969758
Surrogate_Ridge,21,chip_simple_dxm5p455_dym7p273__Lj12p0nH_Cj2p0fF__roL8p5mm__tee_fl160um_fc12_cg1p2um__rpg1p4um,4.76562279632,6.24196953139,5.150254447881698,240.7444948936074,5.998838755030702,7,fig5_cg4p0um_rpg2p5um__Lj12p0nH_Cj0p0fF__roL8p5mm__tee_fl160um_fc12,4.84081846419,6.4170299131,4.2439929298172,228.91083087667948,6.164372524451142,0.01798269494183455,0.0751956678700001,0.1750603817100007,0.9062615180644986,11.833664016927912,0.16553376942044018
Surrogate_Ridge,21,chip_simple_dxm5p455_dym7p273__Lj12p0nH_Cj2p0fF__roL8p5mm__tee_fl160um_fc12_cg1p2um__rpg1p4um,4.76562279632,6.24196953139,5.150254447881698,240.7444948936074,5.998838755030702,8,fig5_cg2p5um_rpg3p0um__Lj12p0nH_Cj0p0fF__roL8p5mm__tee_fl160um_fc12,4.8216114018,6.30639910885,4.078658870691299,212.78053759295764,5.96985922957307,0.02119707806195592,0.05598860548000051,0.06442957746000033,1.0715955771903989,27.963957300649753,0.028979525457631716
Surrogate_Ridge,21,chip_simple_dxm5p455_dym7p273__Lj12p0nH_Cj2p0fF__roL8p5mm__tee_fl160um_fc12_cg1p2um__rpg1p4um,4.76562279632,6.24196953139,5.150254447881698,240.7444948936074,5.998838755030702,9,fig5_cg2p5um_rpg3p5um__Lj12p0nH_Cj0p0fF__roL8p5mm__tee_fl160um_fc12,4.90933450729,6.40357690957,3.7329917837715145,201.2880257934344,6.003674917928219,0.02359031982508153,0.1437117109699999,0.16160737818000026,1.4172626641101838,39.456469100172995,0.004836162897516871
Surrogate_Ridge,21,chip_simple_dxm5p455_dym7p273__Lj12p0nH_Cj2p0fF__roL8p5mm__tee_fl160um_fc12_cg1p2um__rpg1p4um,4.76562279632,6.24196953139,5.150254447881698,240.7444948936074,5.998838755030702,10,fig5_cg2p5um_rpg2p5um__Lj12p0nH_Cj0p0fF__roL8p5mm__tee_fl160um_fc12,4.86782605146,6.40620544852,4.850844314466476,237.9905673388129,6.17514285459043,0.03083890367384383,0.10220325514000006,0.16423591713000008,0.29941013341522194,2.753927554794501,0.1763040995597276
Surrogate_Ridge,22,chip_simple_dxm4p545_dym7p273__Lj12p0nH_Cj2p0fF__roL8p5mm__tee_fl160um_fc12_cg1p2um__rpg1p4um,4.7097511353,6.08178183472,5.842490033834457,242.45745720345244,5.865981699209207,1,fig5_cg3p0um_rpg2p0um__Lj12p0nH_Cj0p0fF__roL8p5mm__tee_fl160um_fc12,4.85591843529,6.44095110726,4.270610977590561,230.04663618304903,6.1997071597004,0.002211078614101372,0.14616729998999922,0.35916927254,1.5718790562438958,12.410821020403404,0.333725460491193
Surrogate_Ridge,22,chip_simple_dxm4p545_dym7p273__Lj12p0nH_Cj2p0fF__roL8p5mm__tee_fl160um_fc12_cg1p2um__rpg1p4um,4.7097511353,6.08178183472,5.842490033834457,242.45745720345244,5.865981699209207,2,fig5_cg3p0um_rpg2p5um__Lj12p0nH_Cj0p0fF__roL8p5mm__tee_fl160um_fc12,4.89777742204,6.34923094667,4.391671866830825,213.14051325530752,6.096625432754106,0.0029871094661605745,0.18802628673999955,0.26744911194999954,1.4508181670036313,29.31694394814491,0.2306437335448992
Surrogate_Ridge,22,chip_simple_dxm4p545_dym7p273__Lj12p0nH_Cj2p0fF__roL8p5mm__tee_fl160um_fc12_cg1p2um__rpg1p4um,4.7097511353,6.08178183472,5.842490033834457,242.45745720345244,5.865981699209207,3,fig5_cg3p5um_rpg2p0um__Lj12p0nH_Cj0p0fF__roL8p5mm__tee_fl160um_fc12,4.78544785971,6.42909571039,4.586441499513626,250.3896145461569,6.177842469599042,0.006900932719060258,0.0756967244099993,0.34731387567000027,1.256048534320831,7.932157342704471,0.31186077038983573
Surrogate_Ridge,22,chip_simple_dxm4p545_dym7p273__Lj12p0nH_Cj2p0fF__roL8p5mm__tee_fl160um_fc12_cg1p2um__rpg1p4um,4.7097511353,6.08178183472,5.842490033834457,242.45745720345244,5.865981699209207,4,fig5_cg2p5um_rpg2p5um__Lj12p0nH_Cj0p0fF__roL8p5mm__tee_fl160um_fc12,4.86782605146,6.40620544852,4.850844314466476,237.9905673388129,6.17514285459043,0.007676394700446137,0.15807491615999947,0.3244236137999996,0.9916457193679804,4.4668898646395405,0.309161155381223
Surrogate_Ridge,22,chip_simple_dxm4p545_dym7p273__Lj12p0nH_Cj2p0fF__roL8p5mm__tee_fl160um_fc12_cg1p2um__rpg1p4um,4.7097511353,6.08178183472,5.842490033834457,242.45745720345244,5.865981699209207,5,fig5_cg3p5um_rpg1p5um__Lj12p0nH_Cj0p0fF__roL8p5mm__tee_fl160um_fc12,4.70486631048,6.33112792154,5.111963850152969,266.195772124899,6.191175501007713,0.009094170932879333,0.004884824820000411,0.24934608682000015,0.730526183681488,23.738314921446573,0.3251938017985063
Surrogate_Ridge,22,chip_simple_dxm4p545_dym7p273__Lj12p0nH_Cj2p0fF__roL8p5mm__tee_fl160um_fc12_cg1p2um__rpg1p4um,4.7097511353,6.08178183472,5.842490033834457,242.45745720345244,5.865981699209207,6,fig5_cg2p5um_rpg3p0um__Lj12p0nH_Cj0p0fF__roL8p5mm__tee_fl160um_fc12,4.8216114018,6.30639910885,4.078658870691299,212.78053759295764,5.96985922957307,0.011421694618383627,0.11186026649999992,0.22461727412999988,1.7638311631431574,29.676919610494792,0.10387753036386371
Surrogate_Ridge,22,chip_simple_dxm4p545_dym7p273__Lj12p0nH_Cj2p0fF__roL8p5mm__tee_fl160um_fc12_cg1p2um__rpg1p4um,4.7097511353,6.08178183472,5.842490033834457,242.45745720345244,5.865981699209207,7,fig5_cg3p0um_rpg1p5um__Lj12p0nH_Cj0p0fF__roL8p5mm__tee_fl160um_fc12,4.80934135586,6.34266483957,4.7338018228397365,237.2002446708589,6.176728175579623,0.011721239111044607,0.09959022055999966,0.26088300485000016,1.1086882109947203,5.257212532593542,0.31074647637041597
Surrogate_Ridge,22,chip_simple_dxm4p545_dym7p273__Lj12p0nH_Cj2p0fF__roL8p5mm__tee_fl160um_fc12_cg1p2um__rpg1p4um,4.7097511353,6.08178183472,5.842490033834457,242.45745720345244,5.865981699209207,8,fig5_cg3p0um_rpg3p0um__Lj12p0nH_Cj0p0fF__roL8p5mm__tee_fl160um_fc12,4.91022642408,6.30951729449,3.4180947746620176,181.0996536786009,5.916928558404827,0.014049331667222215,0.20047528877999987,0.22773545976999987,2.424395259172439,61.35780352485153,0.05094685919562014
Surrogate_Ridge,22,chip_simple_dxm4p545_dym7p273__Lj12p0nH_Cj2p0fF__roL8p5mm__tee_fl160um_fc12_cg1p2um__rpg1p4um,4.7097511353,6.08178183472,5.842490033834457,242.45745720345244,5.865981699209207,9,fig5_cg2p5um_rpg2p0um__Lj12p0nH_Cj0p0fF__roL8p5mm__tee_fl160um_fc12,4.82985966256,6.3640851834,4.45615377314949,229.1245415394613,6.124821045393385,0.014217286131511082,0.12010852725999932,0.2823033486800002,1.386336260684967,13.332915663991145,0.25883934618417825
Surrogate_Ridge,22,chip_simple_dxm4p545_dym7p273__Lj12p0nH_Cj2p0fF__roL8p5mm__tee_fl160um_fc12_cg1p2um__rpg1p4um,4.7097511353,6.08178183472,5.842490033834457,242.45745720345244,5.865981699209207,10,fig5_cg3p5um_rpg2p5um__Lj12p0nH_Cj0p0fF__roL8p5mm__tee_fl160um_fc12,4.85348773769,6.38790903463,4.356288998512268,225.5893196577544,6.102737650921461,0.014993885854243617,0.14373660238999975,0.3061271999099997,1.486201035322189,16.868137545698033,0.2367559517122544
Surrogate_Ridge,23,chip_simple_dxm4p545_dym1p818__Lj12p0nH_Cj2p0fF__roL8p5mm__tee_fl160um_fc12_cg1p2um__rpg1p4um,4.74292533778,5.97835964817,6.083748388401031,222.98783488414,5.742140076411933,1,fig5_cg2p5um_rpg2p5um__Lj12p0nH_Cj0p0fF__roL8p5mm__tee_fl160um_fc12,4.86782605146,6.40620544852,4.850844314466476,237.9905673388129,6.17514285459043,0.00247222272016461,0.12490071367999978,0.4278458003500001,1.232904073934555,15.002732454672895,0.43300277817849686
Surrogate_Ridge,23,chip_simple_dxm4p545_dym1p818__Lj12p0nH_Cj2p0fF__roL8p5mm__tee_fl160um_fc12_cg1p2um__rpg1p4um,4.74292533778,5.97835964817,6.083748388401031,222.98783488414,5.742140076411933,2,fig5_cg2p5um_rpg3p0um__Lj12p0nH_Cj0p0fF__roL8p5mm__tee_fl160um_fc12,4.8216114018,6.30639910885,4.078658870691299,212.78053759295764,5.96985922957307,0.004423853871579657,0.07868606402000022,0.32803946068000034,2.005089517709732,10.207297291182357,0.22771915316113756
Surrogate_Ridge,23,chip_simple_dxm4p545_dym1p818__Lj12p0nH_Cj2p0fF__roL8p5mm__tee_fl160um_fc12_cg1p2um__rpg1p4um,4.74292533778,5.97835964817,6.083748388401031,222.98783488414,5.742140076411933,3,fig5_cg3p0um_rpg2p5um__Lj12p0nH_Cj0p0fF__roL8p5mm__tee_fl160um_fc12,4.89777742204,6.34923094667,4.391671866830825,213.14051325530752,6.096625432754106,0.00626357343006366,0.15485208425999986,0.3708712985,1.6920765215702058,9.847321628832475,0.35448535634217304
Surrogate_Ridge,23,chip_simple_dxm4p545_dym1p818__Lj12p0nH_Cj2p0fF__roL8p5mm__tee_fl160um_fc12_cg1p2um__rpg1p4um,4.74292533778,5.97835964817,6.083748388401031,222.98783488414,5.742140076411933,4,fig5_cg3p0um_rpg2p0um__Lj12p0nH_Cj0p0fF__roL8p5mm__tee_fl160um_fc12,4.85591843529,6.44095110726,4.270610977590561,230.04663618304903,6.1997071597004,0.008684093228810603,0.11299309750999953,0.46259145909000043,1.8131374108104703,7.058801298909032,0.45756708328846685
Surrogate_Ridge,23,chip_simple_dxm4p545_dym1p818__Lj12p0nH_Cj2p0fF__roL8p5mm__tee_fl160um_fc12_cg1p2um__rpg1p4um,4.74292533778,5.97835964817,6.083748388401031,222.98783488414,5.742140076411933,5,fig5_cg2p0um_rpg3p0um__Lj12p0nH_Cj0p0fF__roL8p5mm__tee_fl160um_fc12,4.90691227134,6.26460466713,4.076762608140945,192.584502898011,5.878506475506168,0.010155541474718482,0.16398693356000038,0.28624501896000076,2.006985780260086,30.40333198612899,0.13636639909423476
Surrogate_Ridge,23,chip_simple_dxm4p545_dym1p818__Lj12p0nH_Cj2p0fF__roL8p5mm__tee_fl160um_fc12_cg1p2um__rpg1p4um,4.74292533778,5.97835964817,6.083748388401031,222.98783488414,5.742140076411933,6,fig5_cg2p5um_rpg2p0um__Lj12p0nH_Cj0p0fF__roL8p5mm__tee_fl160um_fc12,4.82985966256,6.3640851834,4.45615377314949,229.1245415394613,6.124821045393385,0.011106615446662998,0.08693432477999963,0.38572553523000064,1.6275946152515415,6.136706655321291,0.3826809689814521
Surrogate_Ridge,23,chip_simple_dxm4p545_dym1p818__Lj12p0nH_Cj2p0fF__roL8p5mm__tee_fl160um_fc12_cg1p2um__rpg1p4um,4.74292533778,5.97835964817,6.083748388401031,222.98783488414,5.742140076411933,7,fig5_cg2p0um_rpg2p5um__Lj12p0nH_Cj0p0fF__roL8p5mm__tee_fl160um_fc12,4.88081947033,6.29200362079,4.710222612869263,215.78136757047287,6.007573423867593,0.014417783251054877,0.1378941325499996,0.31364397262000043,1.3735257755317685,7.206467313667133,0.2654333474556605
Surrogate_Ridge,23,chip_simple_dxm4p545_dym1p818__Lj12p0nH_Cj2p0fF__roL8p5mm__tee_fl160um_fc12_cg1p2um__rpg1p4um,4.74292533778,5.97835964817,6.083748388401031,222.98783488414,5.742140076411933,8,fig5_cg3p0um_rpg3p0um__Lj12p0nH_Cj0p0fF__roL8p5mm__tee_fl160um_fc12,4.91022642408,6.30951729449,3.4180947746620176,181.0996536786009,5.916928558404827,0.014429077509230158,0.16730108630000018,0.33115764632000033,2.6656536137390137,41.8881812055391,0.17478848199289398
Surrogate_Ridge,23,chip_simple_dxm4p545_dym1p818__Lj12p0nH_Cj2p0fF__roL8p5mm__tee_fl160um_fc12_cg1p2um__rpg1p4um,4.74292533778,5.97835964817,6.083748388401031,222.98783488414,5.742140076411933,9,fig5_cg2p0um_rpg3p5um__Lj12p0nH_Cj0p0fF__roL8p5mm__tee_fl160um_fc12,4.92988654864,6.34828832398,4.071626393825531,199.5447640637109,5.952483565984568,0.016479323576295512,0.18696121085999984,0.36992867581000066,2.0121219945755007,23.443070820429114,0.21034348957263482
Surrogate_Ridge,23,chip_simple_dxm4p545_dym1p818__Lj12p0nH_Cj2p0fF__roL8p5mm__tee_fl160um_fc12_cg1p2um__rpg1p4um,4.74292533778,5.97835964817,6.083748388401031,222.98783488414,5.742140076411933,10,fig5_cg2p5um_rpg3p5um__Lj12p0nH_Cj0p0fF__roL8p5mm__tee_fl160um_fc12,4.90933450729,6.40357690957,3.7329917837715145,201.2880257934344,6.003674917928219,0.016961508900908133,0.16640916950999962,0.42521726140000027,2.3507566046295167,21.6998090907056,0.26153484151628614
Surrogate_Ridge,24,chip_simple_dxm4p545_dym0p909__Lj12p0nH_Cj2p0fF__roL8p5mm__tee_fl160um_fc12_cg1p2um__rpg1p4um,4.69458502276,6.15728792637,5.449536513744354,249.05568225684863,5.917296642686106,1,fig5_cg3p5um_rpg2p0um__Lj12p0nH_Cj0p0fF__roL8p5mm__tee_fl160um_fc12,4.78544785971,6.42909571039,4.586441499513626,250.3896145461569,6.177842469599042,0.0017827412786304135,0.09086283694999953,0.27180778401999994,0.8630950142307281,1.3339322893082795,0.2605458269129368
Surrogate_Ridge,24,chip_simple_dxm4p545_dym0p909__Lj12p0nH_Cj2p0fF__roL8p5mm__tee_fl160um_fc12_cg1p2um__rpg1p4um,4.69458502276,6.15728792637,5.449536513744354,249.05568225684863,5.917296642686106,2,fig5_cg3p0um_rpg2p5um__Lj12p0nH_Cj0p0fF__roL8p5mm__tee_fl160um_fc12,4.89777742204,6.34923094667,4.391671866830825,213.14051325530752,6.096625432754106,0.004093882465599084,0.20319239927999977,0.1919430202999992,1.0578646469135284,35.9151690015411,0.1793287900680003
Surrogate_Ridge,24,chip_simple_dxm4p545_dym0p909__Lj12p0nH_Cj2p0fF__roL8p5mm__tee_fl160um_fc12_cg1p2um__rpg1p4um,4.69458502276,6.15728792637,5.449536513744354,249.05568225684863,5.917296642686106,3,fig5_cg3p5um_rpg2p5um__Lj12p0nH_Cj0p0fF__roL8p5mm__tee_fl160um_fc12,4.85348773769,6.38790903463,4.356288998512268,225.5893196577544,6.102737650921461,0.007065614178683798,0.15890271492999997,0.23062110825999937,1.0932475152320862,23.466362599094225,0.18544100823535548
Surrogate_Ridge,24,chip_simple_dxm4p545_dym0p909__Lj12p0nH_Cj2p0fF__roL8p5mm__tee_fl160um_fc12_cg1p2um__rpg1p4um,4.69458502276,6.15728792637,5.449536513744354,249.05568225684863,5.917296642686106,4,fig5_cg3p5um_rpg1p5um__Lj12p0nH_Cj0p0fF__roL8p5mm__tee_fl160um_fc12,4.70486631048,6.33112792154,5.111963850152969,266.195772124899,6.191175501007713,0.007451299071274212,0.01028128771999981,0.17383999516999982,0.33757266359138516,17.14008986805038,0.2738788583216074
Surrogate_Ridge,24,chip_simple_dxm4p545_dym0p909__Lj12p0nH_Cj2p0fF__roL8p5mm__tee_fl160um_fc12_cg1p2um__rpg1p4um,4.69458502276,6.15728792637,5.449536513744354,249.05568225684863,5.917296642686106,5,fig5_cg3p0um_rpg2p0um__Lj12p0nH_Cj0p0fF__roL8p5mm__tee_fl160um_fc12,4.85591843529,6.44095110726,4.270610977590561,230.04663618304903,6.1997071597004,0.007640627947352305,0.16133341252999944,0.28366318088999964,1.178925536153793,19.009046073799595,0.2824105170142941
Surrogate_Ridge,24,chip_simple_dxm4p545_dym0p909__Lj12p0nH_Cj2p0fF__roL8p5mm__tee_fl160um_fc12_cg1p2um__rpg1p4um,4.69458502276,6.15728792637,5.449536513744354,249.05568225684863,5.917296642686106,6,fig5_cg3p0um_rpg3p0um__Lj12p0nH_Cj0p0fF__roL8p5mm__tee_fl160um_fc12,4.91022642408,6.30951729449,3.4180947746620176,181.0996536786009,5.916928558404827,0.011498567676543042,0.2156414013200001,0.15222936811999954,2.0314417390823363,67.95602857824773,0.0003680842812787688
Surrogate_Ridge,24,chip_simple_dxm4p545_dym0p909__Lj12p0nH_Cj2p0fF__roL8p5mm__tee_fl160um_fc12_cg1p2um__rpg1p4um,4.69458502276,6.15728792637,5.449536513744354,249.05568225684863,5.917296642686106,7,fig5_cg2p5um_rpg3p0um__Lj12p0nH_Cj0p0fF__roL8p5mm__tee_fl160um_fc12,4.8216114018,6.30639910885,4.078658870691299,212.78053759295764,5.96985922957307,0.018567175928091813,0.12702637904000014,0.14911118247999955,1.3708776430530545,36.275144663890984,0.0525625868869648
Surrogate_Ridge,24,chip_simple_dxm4p545_dym0p909__Lj12p0nH_Cj2p0fF__roL8p5mm__tee_fl160um_fc12_cg1p2um__rpg1p4um,4.69458502276,6.15728792637,5.449536513744354,249.05568225684863,5.917296642686106,8,fig5_cg2p5um_rpg2p5um__Lj12p0nH_Cj0p0fF__roL8p5mm__tee_fl160um_fc12,4.86782605146,6.40620544852,4.850844314466476,237.9905673388129,6.17514285459043,0.01999210909895445,0.1732410286999997,0.2489175221499993,0.5986921992778775,11.065114918035732,0.2578462119043241
Surrogate_Ridge,24,chip_simple_dxm4p545_dym0p909__Lj12p0nH_Cj2p0fF__roL8p5mm__tee_fl160um_fc12_cg1p2um__rpg1p4um,4.69458502276,6.15728792637,5.449536513744354,249.05568225684863,5.917296642686106,9,fig5_cg3p0um_rpg1p5um__Lj12p0nH_Cj0p0fF__roL8p5mm__tee_fl160um_fc12,4.80934135586,6.34266483957,4.7338018228397365,237.2002446708589,6.176728175579623,0.022138804121802705,0.11475633309999989,0.18537691319999983,0.7157346909046174,11.855437585989733,0.25943153289351706
Surrogate_Ridge,24,chip_simple_dxm4p545_dym0p909__Lj12p0nH_Cj2p0fF__roL8p5mm__tee_fl160um_fc12_cg1p2um__rpg1p4um,4.69458502276,6.15728792637,5.449536513744354,249.05568225684863,5.917296642686106,10,fig5_cg3p5um_rpg1p0um__Lj12p0nH_Cj0p0fF__roL8p5mm__tee_fl160um_fc12,4.65151549232,6.42206990109,5.782993409578324,310.4906595751157,6.336782825594393,0.024071287556615174,0.04306953044000039,0.26478197472,0.33345689583397053,61.4349773182671,0.41948618290828765
Surrogate_Ridge,25,chip_simple_dxm4p545_dy10p000__Lj12p0nH_Cj2p0fF__roL8p5mm__tee_fl160um_fc12_cg1p2um__rpg1p4um,4.70035054504,5.95896819038,5.994867300113678,227.0458030761218,5.61260875016549,1,fig5_cg2p5um_rpg2p5um__Lj12p0nH_Cj0p0fF__roL8p5mm__tee_fl160um_fc12,4.86782605146,6.40620544852,4.850844314466476,237.9905673388129,6.17514285459043,0.004812480216680962,0.16747550641999975,0.4472372581399995,1.1440229856472017,10.94476426269108,0.5625341044249392
Surrogate_Ridge,25,chip_simple_dxm4p545_dy10p000__Lj12p0nH_Cj2p0fF__roL8p5mm__tee_fl160um_fc12_cg1p2um__rpg1p4um,4.70035054504,5.95896819038,5.994867300113678,227.0458030761218,5.61260875016549,2,fig5_cg3p0um_rpg2p5um__Lj12p0nH_Cj0p0fF__roL8p5mm__tee_fl160um_fc12,4.89777742204,6.34923094667,4.391671866830825,213.14051325530752,6.096625432754106,0.00679220323264053,0.19742687699999983,0.3902627562899994,1.6031954332828526,13.90528982081429,0.4840166825886154
Surrogate_Ridge,25,chip_simple_dxm4p545_dy10p000__Lj12p0nH_Cj2p0fF__roL8p5mm__tee_fl160um_fc12_cg1p2um__rpg1p4um,4.70035054504,5.95896819038,5.994867300113678,227.0458030761218,5.61260875016549,3,fig5_cg2p5um_rpg3p0um__Lj12p0nH_Cj0p0fF__roL8p5mm__tee_fl160um_fc12,4.8216114018,6.30639910885,4.078658870691299,212.78053759295764,5.96985922957307,0.006804723784456241,0.1212608567600002,0.34743091846999974,1.9162084294223787,14.265265483164171,0.3572504794075799
Surrogate_Ridge,25,chip_simple_dxm4p545_dy10p000__Lj12p0nH_Cj2p0fF__roL8p5mm__tee_fl160um_fc12_cg1p2um__rpg1p4um,4.70035054504,5.95896819038,5.994867300113678,227.0458030761218,5.61260875016549,4,fig5_cg3p0um_rpg2p0um__Lj12p0nH_Cj0p0fF__roL8p5mm__tee_fl160um_fc12,4.85591843529,6.44095110726,4.270610977590561,230.04663618304903,6.1997071597004,0.008826713342041315,0.1555678902499995,0.48198291687999983,1.7242563225231171,3.0008331069272174,0.5870984095349092
Surrogate_Ridge,25,chip_simple_dxm4p545_dy10p000__Lj12p0nH_Cj2p0fF__roL8p5mm__tee_fl160um_fc12_cg1p2um__rpg1p4um,4.70035054504,5.95896819038,5.994867300113678,227.0458030761218,5.61260875016549,5,fig5_cg2p5um_rpg2p0um__Lj12p0nH_Cj0p0fF__roL8p5mm__tee_fl160um_fc12,4.82985966256,6.3640851834,4.45615377314949,229.1245415394613,6.124821045393385,0.013399480194413557,0.1295091175199996,0.40511699302000004,1.5387135269641883,2.0787384633394765,0.5122122952278945
Surrogate_Ridge,25,chip_simple_dxm4p545_dy10p000__Lj12p0nH_Cj2p0fF__roL8p5mm__tee_fl160um_fc12_cg1p2um__rpg1p4um,4.70035054504,5.95896819038,5.994867300113678,227.0458030761218,5.61260875016549,6,fig5_cg2p0um_rpg3p0um__Lj12p0nH_Cj0p0fF__roL8p5mm__tee_fl160um_fc12,4.90691227134,6.26460466713,4.076762608140945,192.584502898011,5.878506475506168,0.01439926667055708,0.20656172630000036,0.30563647675000016,1.918104691972733,34.461300178110804,0.2658977253406771
Surrogate_Ridge,25,chip_simple_dxm4p545_dy10p000__Lj12p0nH_Cj2p0fF__roL8p5mm__tee_fl160um_fc12_cg1p2um__rpg1p4um,4.70035054504,5.95896819038,5.994867300113678,227.0458030761218,5.61260875016549,7,fig5_cg3p0um_rpg3p0um__Lj12p0nH_Cj0p0fF__roL8p5mm__tee_fl160um_fc12,4.91022642408,6.30951729449,3.4180947746620176,181.0996536786009,5.916928558404827,0.015336936668747626,0.20987587904000016,0.35054910410999973,2.5767725254516605,45.94614939752091,0.30431980823933635
Surrogate_Ridge,25,chip_simple_dxm4p545_dy10p000__Lj12p0nH_Cj2p0fF__roL8p5mm__tee_fl160um_fc12_cg1p2um__rpg1p4um,4.70035054504,5.95896819038,5.994867300113678,227.0458030761218,5.61260875016549,8,fig5_cg2p0um_rpg2p5um__Lj12p0nH_Cj0p0fF__roL8p5mm__tee_fl160um_fc12,4.88081947033,6.29200362079,4.710222612869263,215.78136757047287,6.007573423867593,0.018959512971113607,0.18046892528999958,0.33303543040999983,1.2846446872444153,11.264435505648947,0.39496467370210286
Surrogate_Ridge,25,chip_simple_dxm4p545_dy10p000__Lj12p0nH_Cj2p0fF__roL8p5mm__tee_fl160um_fc12_cg1p2um__rpg1p4um,4.70035054504,5.95896819038,5.994867300113678,227.0458030761218,5.61260875016549,9,fig5_cg2p5um_rpg3p5um__Lj12p0nH_Cj0p0fF__roL8p5mm__tee_fl160um_fc12,4.90933450729,6.40357690957,3.7329917837715145,201.2880257934344,6.003674917928219,0.019376210897739398,0.2089839622499996,0.44460871918999967,2.2618755163421636,25.757777282687414,0.3910661677627285
Surrogate_Ridge,25,chip_simple_dxm4p545_dy10p000__Lj12p0nH_Cj2p0fF__roL8p5mm__tee_fl160um_fc12_cg1p2um__rpg1p4um,4.70035054504,5.95896819038,5.994867300113678,227.0458030761218,5.61260875016549,10,fig5_cg3p5um_rpg2p0um__Lj12p0nH_Cj0p0fF__roL8p5mm__tee_fl160um_fc12,4.78544785971,6.42909571039,4.586441499513626,250.3896145461569,6.177842469599042,0.020380702260061265,0.08509731466999959,0.47012752001000013,1.4084258006000523,23.343811470035092,0.5652337194335519
Surrogate_Ridge,26,chip_simple_dxm2p727_dym10p000__Lj12p0nH_Cj2p0fF__roL8p5mm__tee_fl160um_fc12_cg1p2um__rpg1p4um,4.75122729983,6.105353526,5.623504064191818,232.89882366879075,5.88978910347455,1,fig5_cg3p0um_rpg2p5um__Lj12p0nH_Cj0p0fF__roL8p5mm__tee_fl160um_fc12,4.89777742204,6.34923094667,4.391671866830825,213.14051325530752,6.096625432754106,0.0008298735424725534,0.14655012220999986,0.24387742066999962,1.2318321973609923,19.75831041348323,0.20683632927955564
Surrogate_Ridge,26,chip_simple_dxm2p727_dym10p000__Lj12p0nH_Cj2p0fF__roL8p5mm__tee_fl160um_fc12_cg1p2um__rpg1p4um,4.75122729983,6.105353526,5.623504064191818,232.89882366879075,5.88978910347455,2,fig5_cg3p0um_rpg2p0um__Lj12p0nH_Cj0p0fF__roL8p5mm__tee_fl160um_fc12,4.85591843529,6.44095110726,4.270610977590561,230.04663618304903,6.1997071597004,0.00602360188039501,0.10469113545999953,0.33559758126000006,1.3528930866012567,2.852187485741723,0.30991805622584945
Surrogate_Ridge,26,chip_simple_dxm2p727_dym10p000__Lj12p0nH_Cj2p0fF__roL8p5mm__tee_fl160um_fc12_cg1p2um__rpg1p4um,4.75122729983,6.105353526,5.623504064191818,232.89882366879075,5.88978910347455,3,fig5_cg3p0um_rpg3p0um__Lj12p0nH_Cj0p0fF__roL8p5mm__tee_fl160um_fc12,4.91022642408,6.30951729449,3.4180947746620176,181.0996536786009,5.916928558404827,0.006737407541688393,0.15899912425000018,0.20416376848999995,2.2054092895298,51.79916999018985,0.027139454930276585
Surrogate_Ridge,26,chip_simple_dxm2p727_dym10p000__Lj12p0nH_Cj2p0fF__roL8p5mm__tee_fl160um_fc12_cg1p2um__rpg1p4um,4.75122729983,6.105353526,5.623504064191818,232.89882366879075,5.88978910347455,4,fig5_cg3p5um_rpg2p0um__Lj12p0nH_Cj0p0fF__roL8p5mm__tee_fl160um_fc12,4.78544785971,6.42909571039,4.586441499513626,250.3896145461569,6.177842469599042,0.007178638272915545,0.03422055987999961,0.32374218439000035,1.037062564678192,17.490790877366152,0.28805336612449217
Surrogate_Ridge,26,chip_simple_dxm2p727_dym10p000__Lj12p0nH_Cj2p0fF__roL8p5mm__tee_fl160um_fc12_cg1p2um__rpg1p4um,4.75122729983,6.105353526,5.623504064191818,232.89882366879075,5.88978910347455,5,fig5_cg2p5um_rpg3p0um__Lj12p0nH_Cj0p0fF__roL8p5mm__tee_fl160um_fc12,4.8216114018,6.30639910885,4.078658870691299,212.78053759295764,5.96985922957307,0.0077541286561109675,0.07038410197000022,0.20104558284999996,1.5448451935005183,20.11828607583311,0.08007012609852016
Surrogate_Ridge,26,chip_simple_dxm2p727_dym10p000__Lj12p0nH_Cj2p0fF__roL8p5mm__tee_fl160um_fc12_cg1p2um__rpg1p4um,4.75122729983,6.105353526,5.623504064191818,232.89882366879075,5.88978910347455,6,fig5_cg2p5um_rpg2p5um__Lj12p0nH_Cj0p0fF__roL8p5mm__tee_fl160um_fc12,4.86782605146,6.40620544852,4.850844314466476,237.9905673388129,6.17514285459043,0.009742313486288177,0.11659875162999978,0.3008519225199997,0.7726597497253413,5.09174367002214,0.28535375111587946
Surrogate_Ridge,26,chip_simple_dxm2p727_dym10p000__Lj12p0nH_Cj2p0fF__roL8p5mm__tee_fl160um_fc12_cg1p2um__rpg1p4um,4.75122729983,6.105353526,5.623504064191818,232.89882366879075,5.88978910347455,7,fig5_cg3p5um_rpg2p5um__Lj12p0nH_Cj0p0fF__roL8p5mm__tee_fl160um_fc12,4.85348773769,6.38790903463,4.356288998512268,225.5893196577544,6.102737650921461,0.009880628764386142,0.10226043786000005,0.2825555086299998,1.26721506567955,7.309504011036353,0.21294854744691083
Surrogate_Ridge,26,chip_simple_dxm2p727_dym10p000__Lj12p0nH_Cj2p0fF__roL8p5mm__tee_fl160um_fc12_cg1p2um__rpg1p4um,4.75122729983,6.105353526,5.623504064191818,232.89882366879075,5.88978910347455,8,fig5_cg3p5um_rpg1p5um__Lj12p0nH_Cj0p0fF__roL8p5mm__tee_fl160um_fc12,4.70486631048,6.33112792154,5.111963850152969,266.195772124899,6.191175501007713,0.01557791011858323,0.046360989350000104,0.22577439554000023,0.511540214038849,33.296948456108254,0.30138639753316276
Surrogate_Ridge,26,chip_simple_dxm2p727_dym10p000__Lj12p0nH_Cj2p0fF__roL8p5mm__tee_fl160um_fc12_cg1p2um__rpg1p4um,4.75122729983,6.105353526,5.623504064191818,232.89882366879075,5.88978910347455,9,fig5_cg2p5um_rpg3p5um__Lj12p0nH_Cj0p0fF__roL8p5mm__tee_fl160um_fc12,4.90933450729,6.40357690957,3.7329917837715145,201.2880257934344,6.003674917928219,0.016867206163072045,0.15810720745999962,0.2982233835699999,1.8905122804203032,31.610797875356354,0.11388581445366874
Surrogate_Ridge,26,chip_simple_dxm2p727_dym10p000__Lj12p0nH_Cj2p0fF__roL8p5mm__tee_fl160um_fc12_cg1p2um__rpg1p4um,4.75122729983,6.105353526,5.623504064191818,232.89882366879075,5.88978910347455,10,fig5_cg3p0um_rpg1p5um__Lj12p0nH_Cj0p0fF__roL8p5mm__tee_fl160um_fc12,4.80934135586,6.34266483957,4.7338018228397365,237.2002446708589,6.176728175579623,0.022318592555455766,0.05811405602999997,0.23731131357000024,0.8897022413520812,4.301421002068139,0.2869390721050724
Surrogate_Ridge,27,chip_simple_dxm2p727_dym9p091__Lj12p0nH_Cj2p0fF__roL8p5mm__tee_fl160um_fc12_cg1p2um__rpg1p4um,4.72015103762,6.02686116111,5.63770322990036,227.05641480493912,5.701718662415321,1,fig5_cg3p0um_rpg2p5um__Lj12p0nH_Cj0p0fF__roL8p5mm__tee_fl160um_fc12,4.89777742204,6.34923094667,4.391671866830825,213.14051325530752,6.096625432754106,0.0030048842814949465,0.1776263844199999,0.3223697855599994,1.2460313630695348,13.915901549631599,0.3949067703387845
Surrogate_Ridge,27,chip_simple_dxm2p727_dym9p091__Lj12p0nH_Cj2p0fF__roL8p5mm__tee_fl160um_fc12_cg1p2um__rpg1p4um,4.72015103762,6.02686116111,5.63770322990036,227.05641480493912,5.701718662415321,2,fig5_cg2p5um_rpg3p0um__Lj12p0nH_Cj0p0fF__roL8p5mm__tee_fl160um_fc12,4.8216114018,6.30639910885,4.078658870691299,212.78053759295764,5.96985922957307,0.006451595321225245,0.10146036418000026,0.27953794773999974,1.5590443592090608,14.27587721198148,0.26814056715774903
Surrogate_Ridge,27,chip_simple_dxm2p727_dym9p091__Lj12p0nH_Cj2p0fF__roL8p5mm__tee_fl160um_fc12_cg1p2um__rpg1p4um,4.72015103762,6.02686116111,5.63770322990036,227.05641480493912,5.701718662415321,3,fig5_cg3p0um_rpg3p0um__Lj12p0nH_Cj0p0fF__roL8p5mm__tee_fl160um_fc12,4.91022642408,6.30951729449,3.4180947746620176,181.0996536786009,5.916928558404827,0.007424412923128551,0.19007538646000022,0.28265613337999973,2.2196084552383426,45.95676112633822,0.21520989598950546
Surrogate_Ridge,27,chip_simple_dxm2p727_dym9p091__Lj12p0nH_Cj2p0fF__roL8p5mm__tee_fl160um_fc12_cg1p2um__rpg1p4um,4.72015103762,6.02686116111,5.63770322990036,227.05641480493912,5.701718662415321,4,fig5_cg2p5um_rpg2p5um__Lj12p0nH_Cj0p0fF__roL8p5mm__tee_fl160um_fc12,4.86782605146,6.40620544852,4.850844314466476,237.9905673388129,6.17514285459043,0.00975617623445666,0.1476750138399998,0.3793442874099995,0.7868589154338839,10.934152533873771,0.47342419217510834
Surrogate_Ridge,27,chip_simple_dxm2p727_dym9p091__Lj12p0nH_Cj2p0fF__roL8p5mm__tee_fl160um_fc12_cg1p2um__rpg1p4um,4.72015103762,6.02686116111,5.63770322990036,227.05641480493912,5.701718662415321,5,fig5_cg3p0um_rpg2p0um__Lj12p0nH_Cj0p0fF__roL8p5mm__tee_fl160um_fc12,4.85591843529,6.44095110726,4.270610977590561,230.04663618304903,6.1997071597004,0.009894938601909476,0.13576739766999957,0.41408994614999983,1.3670922523097992,2.990221378109908,0.4979884972850783
Surrogate_Ridge,27,chip_simple_dxm2p727_dym9p091__Lj12p0nH_Cj2p0fF__roL8p5mm__tee_fl160um_fc12_cg1p2um__rpg1p4um,4.72015103762,6.02686116111,5.63770322990036,227.05641480493912,5.701718662415321,6,fig5_cg3p5um_rpg2p0um__Lj12p0nH_Cj0p0fF__roL8p5mm__tee_fl160um_fc12,4.78544785971,6.42909571039,4.586441499513626,250.3896145461569,6.177842469599042,0.013387942269037188,0.06529682208999965,0.40223454928000013,1.0512617303867344,23.333199741217783,0.47612380718372105
Surrogate_Ridge,27,chip_simple_dxm2p727_dym9p091__Lj12p0nH_Cj2p0fF__roL8p5mm__tee_fl160um_fc12_cg1p2um__rpg1p4um,4.72015103762,6.02686116111,5.63770322990036,227.05641480493912,5.701718662415321,7,fig5_cg3p5um_rpg2p5um__Lj12p0nH_Cj0p0fF__roL8p5mm__tee_fl160um_fc12,4.85348773769,6.38790903463,4.356288998512268,225.5893196577544,6.102737650921461,0.014221997503487679,0.1333367000700001,0.36104787351999956,1.2814142313880925,1.4670951471847218,0.4010189885061397
Surrogate_Ridge,27,chip_simple_dxm2p727_dym9p091__Lj12p0nH_Cj2p0fF__roL8p5mm__tee_fl160um_fc12_cg1p2um__rpg1p4um,4.72015103762,6.02686116111,5.63770322990036,227.05641480493912,5.701718662415321,8,fig5_cg2p5um_rpg3p5um__Lj12p0nH_Cj0p0fF__roL8p5mm__tee_fl160um_fc12,4.90933450729,6.40357690957,3.7329917837715145,201.2880257934344,6.003674917928219,0.014456597370041957,0.18918346966999966,0.37671574845999967,1.9047114461288457,25.768389011504723,0.3019562555128976
Surrogate_Ridge,27,chip_simple_dxm2p727_dym9p091__Lj12p0nH_Cj2p0fF__roL8p5mm__tee_fl160um_fc12_cg1p2um__rpg1p4um,4.72015103762,6.02686116111,5.63770322990036,227.05641480493912,5.701718662415321,9,fig5_cg2p0um_rpg3p0um__Lj12p0nH_Cj0p0fF__roL8p5mm__tee_fl160um_fc12,4.90691227134,6.26460466713,4.076762608140945,192.584502898011,5.878506475506168,0.023447182894276403,0.18676123372000042,0.23774350602000016,1.560940621759415,34.47191190692811,0.17678781309084624
Surrogate_Ridge,27,chip_simple_dxm2p727_dym9p091__Lj12p0nH_Cj2p0fF__roL8p5mm__tee_fl160um_fc12_cg1p2um__rpg1p4um,4.72015103762,6.02686116111,5.63770322990036,227.05641480493912,5.701718662415321,10,fig5_cg2p0um_rpg3p5um__Lj12p0nH_Cj0p0fF__roL8p5mm__tee_fl160um_fc12,4.92988654864,6.34828832398,4.071626393825531,199.5447640637109,5.952483565984568,0.023728075388228093,0.20973551101999988,0.32142716287000006,1.5660768360748296,27.511650741228237,0.2507649035692463
Surrogate_Ridge,28,chip_simple_dxm2p727_dym6p364__Lj12p0nH_Cj2p0fF__roL8p5mm__tee_fl160um_fc12_cg1p2um__rpg1p4um,4.60341040304,5.94990007975,6.526389731407165,257.4646182502716,5.655704714947341,1,fig5_cg3p0um_rpg1p5um__Lj12p0nH_Cj0p0fF__roL8p5mm__tee_fl160um_fc12,4.80934135586,6.34266483957,4.7338018228397365,237.2002446708589,6.176728175579623,0.005427819124306866,0.20593095282000018,0.39276475982000036,1.7925879085674286,20.264373579412705,0.5210234606322812
Surrogate_Ridge,28,chip_simple_dxm2p727_dym6p364__Lj12p0nH_Cj2p0fF__roL8p5mm__tee_fl160um_fc12_cg1p2um__rpg1p4um,4.60341040304,5.94990007975,6.526389731407165,257.4646182502716,5.655704714947341,2,fig5_cg2p5um_rpg2p0um__Lj12p0nH_Cj0p0fF__roL8p5mm__tee_fl160um_fc12,4.82985966256,6.3640851834,4.45615377314949,229.1245415394613,6.124821045393385,0.0069199551281667595,0.22644925951999983,0.4141851036500004,2.0702359582576753,28.340076710810308,0.4691163304460435
Surrogate_Ridge,28,chip_simple_dxm2p727_dym6p364__Lj12p0nH_Cj2p0fF__roL8p5mm__tee_fl160um_fc12_cg1p2um__rpg1p4um,4.60341040304,5.94990007975,6.526389731407165,257.4646182502716,5.655704714947341,3,fig5_cg3p0um_rpg2p0um__Lj12p0nH_Cj0p0fF__roL8p5mm__tee_fl160um_fc12,4.85591843529,6.44095110726,4.270610977590561,230.04663618304903,6.1997071597004,0.008553285618507125,0.25250803224999974,0.4910510275100002,2.255778753816604,27.417982067222567,0.5440024447530583
Surrogate_Ridge,28,chip_simple_dxm2p727_dym6p364__Lj12p0nH_Cj2p0fF__roL8p5mm__tee_fl160um_fc12_cg1p2um__rpg1p4um,4.60341040304,5.94990007975,6.526389731407165,257.4646182502716,5.655704714947341,4,fig5_cg3p0um_rpg1p0um__Lj12p0nH_Cj0p0fF__roL8p5mm__tee_fl160um_fc12,4.5918495592,6.3683346429,6.310808488025665,329.7787087605889,6.339102179225892,0.010954302911325134,0.01156084383999989,0.41843456314999994,0.2155812433815001,72.31409051031733,0.683397464278551
Surrogate_Ridge,28,chip_simple_dxm2p727_dym6p364__Lj12p0nH_Cj2p0fF__roL8p5mm__tee_fl160um_fc12_cg1p2um__rpg1p4um,4.60341040304,5.94990007975,6.526389731407165,257.4646182502716,5.655704714947341,5,fig5_cg2p5um_rpg2p5um__Lj12p0nH_Cj0p0fF__roL8p5mm__tee_fl160um_fc12,4.86782605146,6.40620544852,4.850844314466476,237.9905673388129,6.17514285459043,0.013027901331468727,0.26441564842,0.45630536876999983,1.6755454169406887,19.474050911458704,0.5194381396430883
Surrogate_Ridge,28,chip_simple_dxm2p727_dym6p364__Lj12p0nH_Cj2p0fF__roL8p5mm__tee_fl160um_fc12_cg1p2um__rpg1p4um,4.60341040304,5.94990007975,6.526389731407165,257.4646182502716,5.655704714947341,6,fig5_cg3p5um_rpg1p0um__Lj12p0nH_Cj0p0fF__roL8p5mm__tee_fl160um_fc12,4.65151549232,6.42206990109,5.782993409578324,310.4906595751157,6.336782825594393,0.01489745911273707,0.0481050892799999,0.4721698213400005,0.7433963218288406,53.02604132484413,0.6810781106470518
Surrogate_Ridge,28,chip_simple_dxm2p727_dym6p364__Lj12p0nH_Cj2p0fF__roL8p5mm__tee_fl160um_fc12_cg1p2um__rpg1p4um,4.60341040304,5.94990007975,6.526389731407165,257.4646182502716,5.655704714947341,7,fig5_cg3p5um_rpg1p5um__Lj12p0nH_Cj0p0fF__roL8p5mm__tee_fl160um_fc12,4.70486631048,6.33112792154,5.111963850152969,266.195772124899,6.191175501007713,0.01504044589783563,0.1014559074400001,0.38122784179000035,1.4144258812541963,8.73115387462741,0.5354707860603716
Surrogate_Ridge,28,chip_simple_dxm2p727_dym6p364__Lj12p0nH_Cj2p0fF__roL8p5mm__tee_fl160um_fc12_cg1p2um__rpg1p4um,4.60341040304,5.94990007975,6.526389731407165,257.4646182502716,5.655704714947341,8,fig5_cg2p0um_rpg2p5um__Lj12p0nH_Cj0p0fF__roL8p5mm__tee_fl160um_fc12,4.88081947033,6.29200362079,4.710222612869263,215.78136757047287,6.007573423867593,0.019373867124316782,0.2774090672899998,0.3421035410400002,1.8161671185379022,41.68325067979873,0.3518687089202519
Surrogate_Ridge,28,chip_simple_dxm2p727_dym6p364__Lj12p0nH_Cj2p0fF__roL8p5mm__tee_fl160um_fc12_cg1p2um__rpg1p4um,4.60341040304,5.94990007975,6.526389731407165,257.4646182502716,5.655704714947341,9,fig5_cg3p0um_rpg2p5um__Lj12p0nH_Cj0p0fF__roL8p5mm__tee_fl160um_fc12,4.89777742204,6.34923094667,4.391671866830825,213.14051325530752,6.096625432754106,0.020330702393925888,0.29436701900000006,0.39933086691999975,2.1347178645763396,44.324104994964074,0.44092071780676445
Surrogate_Ridge,28,chip_simple_dxm2p727_dym6p364__Lj12p0nH_Cj2p0fF__roL8p5mm__tee_fl160um_fc12_cg1p2um__rpg1p4um,4.60341040304,5.94990007975,6.526389731407165,257.4646182502716,5.655704714947341,10,fig5_cg3p5um_rpg0p5um__Lj12p0nH_Cj0p0fF__roL8p5mm__tee_fl160um_fc12,4.48458805947,6.33290774525,6.273954957790375,350.28792536348936,6.333902670879128,0.023406422608857044,0.11882234356999977,0.3830076655000001,0.25243477361679023,92.82330711321777,0.678197955931787
Surrogate_Ridge,29,chip_simple_dxm2p727_dym4p545__Lj12p0nH_Cj2p0fF__roL8p5mm__tee_fl160um_fc12_cg1p2um__rpg1p4um,4.74980651086,6.09022137188,5.5267328888435365,228.6746087658278,5.875417349924537,1,fig5_cg3p0um_rpg2p5um__Lj12p0nH_Cj0p0fF__roL8p5mm__tee_fl160um_fc12,4.89777742204,6.34923094667,4.391671866830825,213.14051325530752,6.096625432754106,0.0012603897296696554,0.14797091117999983,0.2590095747899994,1.135061022012711,15.534095510520274,0.22120808282956883
Surrogate_Ridge,29,chip_simple_dxm2p727_dym4p545__Lj12p0nH_Cj2p0fF__roL8p5mm__tee_fl160um_fc12_cg1p2um__rpg1p4um,4.74980651086,6.09022137188,5.5267328888435365,228.6746087658278,5.875417349924537,2,fig5_cg3p0um_rpg3p0um__Lj12p0nH_Cj0p0fF__roL8p5mm__tee_fl160um_fc12,4.91022642408,6.30951729449,3.4180947746620176,181.0996536786009,5.916928558404827,0.004684379654691562,0.16041991322000015,0.21929592260999975,2.108638114181519,47.5749550872269,0.041511208480289774
Surrogate_Ridge,29,chip_simple_dxm2p727_dym4p545__Lj12p0nH_Cj2p0fF__roL8p5mm__tee_fl160um_fc12_cg1p2um__rpg1p4um,4.74980651086,6.09022137188,5.5267328888435365,228.6746087658278,5.875417349924537,3,fig5_cg2p5um_rpg3p0um__Lj12p0nH_Cj0p0fF__roL8p5mm__tee_fl160um_fc12,4.8216114018,6.30639910885,4.078658870691299,212.78053759295764,5.96985922957307,0.007297259885548199,0.0718048909400002,0.21617773696999976,1.4480740181522371,15.894071172870156,0.09444187964853334
Surrogate_Ridge,29,chip_simple_dxm2p727_dym4p545__Lj12p0nH_Cj2p0fF__roL8p5mm__tee_fl160um_fc12_cg1p2um__rpg1p4um,4.74980651086,6.09022137188,5.5267328888435365,228.6746087658278,5.875417349924537,4,fig5_cg3p5um_rpg2p0um__Lj12p0nH_Cj0p0fF__roL8p5mm__tee_fl160um_fc12,4.78544785971,6.42909571039,4.586441499513626,250.3896145461569,6.177842469599042,0.00895166168222246,0.03564134884999959,0.33887433851000015,0.9402913893299107,21.715005780329108,0.30242511967450536
Surrogate_Ridge,29,chip_simple_dxm2p727_dym4p545__Lj12p0nH_Cj2p0fF__roL8p5mm__tee_fl160um_fc12_cg1p2um__rpg1p4um,4.74980651086,6.09022137188,5.5267328888435365,228.6746087658278,5.875417349924537,5,fig5_cg3p5um_rpg2p5um__Lj12p0nH_Cj0p0fF__roL8p5mm__tee_fl160um_fc12,4.85348773769,6.38790903463,4.356288998512268,225.5893196577544,6.102737650921461,0.009052999643273139,0.10368122683000003,0.2976876627499996,1.1704438903312688,3.085289108073397,0.22732030099692402
Surrogate_Ridge,29,chip_simple_dxm2p727_dym4p545__Lj12p0nH_Cj2p0fF__roL8p5mm__tee_fl160um_fc12_cg1p2um__rpg1p4um,4.74980651086,6.09022137188,5.5267328888435365,228.6746087658278,5.875417349924537,6,fig5_cg3p0um_rpg2p0um__Lj12p0nH_Cj0p0fF__roL8p5mm__tee_fl160um_fc12,4.85591843529,6.44095110726,4.270610977590561,230.04663618304903,6.1997071597004,0.009331711260330442,0.1061119244299995,0.35072973537999985,1.2561219112529756,1.3720274172212328,0.32428980977586264
Surrogate_Ridge,29,chip_simple_dxm2p727_dym4p545__Lj12p0nH_Cj2p0fF__roL8p5mm__tee_fl160um_fc12_cg1p2um__rpg1p4um,4.74980651086,6.09022137188,5.5267328888435365,228.6746087658278,5.875417349924537,7,fig5_cg2p5um_rpg2p5um__Lj12p0nH_Cj0p0fF__roL8p5mm__tee_fl160um_fc12,4.86782605146,6.40620544852,4.850844314466476,237.9905673388129,6.17514285459043,0.012045929452237756,0.11801954059999975,0.3159840766399995,0.6758885743770602,9.315958572985096,0.29972550466589265
Surrogate_Ridge,29,chip_simple_dxm2p727_dym4p545__Lj12p0nH_Cj2p0fF__roL8p5mm__tee_fl160um_fc12_cg1p2um__rpg1p4um,4.74980651086,6.09022137188,5.5267328888435365,228.6746087658278,5.875417349924537,8,fig5_cg2p5um_rpg3p5um__Lj12p0nH_Cj0p0fF__roL8p5mm__tee_fl160um_fc12,4.90933450729,6.40357690957,3.7329917837715145,201.2880257934344,6.003674917928219,0.014043901774541326,0.1595279964299996,0.3133555376899997,1.793741105072022,27.3865829723934,0.12825756800368193
Surrogate_Ridge,29,chip_simple_dxm2p727_dym4p545__Lj12p0nH_Cj2p0fF__roL8p5mm__tee_fl160um_fc12_cg1p2um__rpg1p4um,4.74980651086,6.09022137188,5.5267328888435365,228.6746087658278,5.875417349924537,9,fig5_cg3p5um_rpg1p5um__Lj12p0nH_Cj0p0fF__roL8p5mm__tee_fl160um_fc12,4.70486631048,6.33112792154,5.111963850152969,266.195772124899,6.191175501007713,0.020345635176854452,0.04494020038000013,0.24090654966000002,0.4147690386905678,37.52116335907121,0.31575815108317595
Surrogate_Ridge,29,chip_simple_dxm2p727_dym4p545__Lj12p0nH_Cj2p0fF__roL8p5mm__tee_fl160um_fc12_cg1p2um__rpg1p4um,4.74980651086,6.09022137188,5.5267328888435365,228.6746087658278,5.875417349924537,10,fig5_cg2p0um_rpg3p5um__Lj12p0nH_Cj0p0fF__roL8p5mm__tee_fl160um_fc12,4.92988654864,6.34828832398,4.071626393825531,199.5447640637109,5.952483565984568,0.027062272149858093,0.1800800377799998,0.2580669521000001,1.455106495018006,29.129844702116912,0.07706621606003061
Surrogate_Ridge,30,chip_simple_dxm2p727_dym0p909__Lj12p0nH_Cj2p0fF__roL8p5mm__tee_fl160um_fc12_cg1p2um__rpg1p4um,4.67072704929,6.033110391,6.3982936910362245,254.17679291960144,5.72023740726515,1,fig5_cg3p0um_rpg1p5um__Lj12p0nH_Cj0p0fF__roL8p5mm__tee_fl160um_fc12,4.80934135586,6.34266483957,4.7338018228397365,237.2002446708589,6.176728175579623,0.0036104942219557564,0.13861430657000007,0.30955444857000014,1.664491868196488,16.976548248742546,0.456490768314473
Surrogate_Ridge,30,chip_simple_dxm2p727_dym0p909__Lj12p0nH_Cj2p0fF__roL8p5mm__tee_fl160um_fc12_cg1p2um__rpg1p4um,4.67072704929,6.033110391,6.3982936910362245,254.17679291960144,5.72023740726515,2,fig5_cg3p0um_rpg2p0um__Lj12p0nH_Cj0p0fF__roL8p5mm__tee_fl160um_fc12,4.85591843529,6.44095110726,4.270610977590561,230.04663618304903,6.1997071597004,0.00438687306885328,0.18519138599999962,0.40784071625999996,2.1276827134456635,24.130156736552408,0.47946975243525003
Surrogate_Ridge,30,chip_simple_dxm2p727_dym0p909__Lj12p0nH_Cj2p0fF__roL8p5mm__tee_fl160um_fc12_cg1p2um__rpg1p4um,4.67072704929,6.033110391,6.3982936910362245,254.17679291960144,5.72023740726515,3,fig5_cg2p5um_rpg2p0um__Lj12p0nH_Cj0p0fF__roL8p5mm__tee_fl160um_fc12,4.82985966256,6.3640851834,4.45615377314949,229.1245415394613,6.124821045393385,0.005226415985780765,0.15913261326999972,0.33097479240000016,1.9421399178867347,25.05225138014015,0.4045836381282353
Surrogate_Ridge,30,chip_simple_dxm2p727_dym0p909__Lj12p0nH_Cj2p0fF__roL8p5mm__tee_fl160um_fc12_cg1p2um__rpg1p4um,4.67072704929,6.033110391,6.3982936910362245,254.17679291960144,5.72023740726515,4,fig5_cg2p5um_rpg2p5um__Lj12p0nH_Cj0p0fF__roL8p5mm__tee_fl160um_fc12,4.86782605146,6.40620544852,4.850844314466476,237.9905673388129,6.17514285459043,0.009006946178608807,0.19709900216999987,0.3730950575199996,1.5474493765697481,16.186225580788545,0.45490544732528004
Surrogate_Ridge,30,chip_simple_dxm2p727_dym0p909__Lj12p0nH_Cj2p0fF__roL8p5mm__tee_fl160um_fc12_cg1p2um__rpg1p4um,4.67072704929,6.033110391,6.3982936910362245,254.17679291960144,5.72023740726515,5,fig5_cg3p5um_rpg1p5um__Lj12p0nH_Cj0p0fF__roL8p5mm__tee_fl160um_fc12,4.70486631048,6.33112792154,5.111963850152969,266.195772124899,6.191175501007713,0.01097965422260425,0.03413926118999999,0.29801753054000013,1.2863298408832557,12.018979205297569,0.47093809374256335
Surrogate_Ridge,30,chip_simple_dxm2p727_dym0p909__Lj12p0nH_Cj2p0fF__roL8p5mm__tee_fl160um_fc12_cg1p2um__rpg1p4um,4.67072704929,6.033110391,6.3982936910362245,254.17679291960144,5.72023740726515,6,fig5_cg3p0um_rpg1p0um__Lj12p0nH_Cj0p0fF__roL8p5mm__tee_fl160um_fc12,4.5918495592,6.3683346429,6.310808488025665,329.7787087605889,6.339102179225892,0.01176777214483265,0.07887749009,0.3352242518999997,0.08748520301055951,75.60191584098749,0.6188647719607427
Surrogate_Ridge,30,chip_simple_dxm2p727_dym0p909__Lj12p0nH_Cj2p0fF__roL8p5mm__tee_fl160um_fc12_cg1p2um__rpg1p4um,4.67072704929,6.033110391,6.3982936910362245,254.17679291960144,5.72023740726515,7,fig5_cg3p5um_rpg1p0um__Lj12p0nH_Cj0p0fF__roL8p5mm__tee_fl160um_fc12,4.65151549232,6.42206990109,5.782993409578324,310.4906595751157,6.336782825594393,0.013207426721637229,0.01921155697000021,0.3889595100900003,0.6153002814579001,56.31386665551429,0.6165454183292436
Surrogate_Ridge,30,chip_simple_dxm2p727_dym0p909__Lj12p0nH_Cj2p0fF__roL8p5mm__tee_fl160um_fc12_cg1p2um__rpg1p4um,4.67072704929,6.033110391,6.3982936910362245,254.17679291960144,5.72023740726515,8,fig5_cg3p0um_rpg2p5um__Lj12p0nH_Cj0p0fF__roL8p5mm__tee_fl160um_fc12,4.89777742204,6.34923094667,4.391671866830825,213.14051325530752,6.096625432754106,0.014096908685525218,0.22705037274999995,0.3161205556699995,2.006621824205399,41.036279664293914,0.3763880254889562
Surrogate_Ridge,30,chip_simple_dxm2p727_dym0p909__Lj12p0nH_Cj2p0fF__roL8p5mm__tee_fl160um_fc12_cg1p2um__rpg1p4um,4.67072704929,6.033110391,6.3982936910362245,254.17679291960144,5.72023740726515,9,fig5_cg3p5um_rpg2p0um__Lj12p0nH_Cj0p0fF__roL8p5mm__tee_fl160um_fc12,4.78544785971,6.42909571039,4.586441499513626,250.3896145461569,6.177842469599042,0.01768553849334567,0.11472081041999971,0.39598531939000026,1.8118521915225987,3.787178373444533,0.45760506233389275
Surrogate_Ridge,30,chip_simple_dxm2p727_dym0p909__Lj12p0nH_Cj2p0fF__roL8p5mm__tee_fl160um_fc12_cg1p2um__rpg1p4um,4.67072704929,6.033110391,6.3982936910362245,254.17679291960144,5.72023740726515,10,fig5_cg2p0um_rpg2p5um__Lj12p0nH_Cj0p0fF__roL8p5mm__tee_fl160um_fc12,4.88081947033,6.29200362079,4.710222612869263,215.78136757047287,6.007573423867593,0.018055192013112283,0.2100924210399997,0.25889322978999996,1.6880710781669617,38.39542534912857,0.2873360166024437
Surrogate_Ridge,31,chip_simple_dxm1p818_dym9p091__Lj12p0nH_Cj2p0fF__roL8p5mm__tee_fl160um_fc12_cg1p2um__rpg1p4um,4.74969784785,6.2030248277,5.352145627542496,242.6223832530139,6.0075688817595525,1,fig5_cg3p5um_rpg2p0um__Lj12p0nH_Cj0p0fF__roL8p5mm__tee_fl160um_fc12,4.78544785971,6.42909571039,4.586441499513626,250.3896145461569,6.177842469599042,0.0017299933770926514,0.035750011859999375,0.2260708826900002,0.7657041280288706,7.7672312931429985,0.17027358783948987
Surrogate_Ridge,31,chip_simple_dxm1p818_dym9p091__Lj12p0nH_Cj2p0fF__roL8p5mm__tee_fl160um_fc12_cg1p2um__rpg1p4um,4.74969784785,6.2030248277,5.352145627542496,242.6223832530139,6.0075688817595525,2,fig5_cg3p0um_rpg2p5um__Lj12p0nH_Cj0p0fF__roL8p5mm__tee_fl160um_fc12,4.89777742204,6.34923094667,4.391671866830825,213.14051325530752,6.096625432754106,0.0028724075030345498,0.14807957418999962,0.14620611896999947,0.9604737607116709,29.481869997706383,0.08905655099455334
Surrogate_Ridge,31,chip_simple_dxm1p818_dym9p091__Lj12p0nH_Cj2p0fF__roL8p5mm__tee_fl160um_fc12_cg1p2um__rpg1p4um,4.74969784785,6.2030248277,5.352145627542496,242.6223832530139,6.0075688817595525,3,fig5_cg3p5um_rpg2p5um__Lj12p0nH_Cj0p0fF__roL8p5mm__tee_fl160um_fc12,4.85348773769,6.38790903463,4.356288998512268,225.5893196577544,6.102737650921461,0.003828344405131981,0.10378988983999982,0.18488420692999963,0.9958566290302286,17.033063595259506,0.09516876916190853
Surrogate_Ridge,31,chip_simple_dxm1p818_dym9p091__Lj12p0nH_Cj2p0fF__roL8p5mm__tee_fl160um_fc12_cg1p2um__rpg1p4um,4.74969784785,6.2030248277,5.352145627542496,242.6223832530139,6.0075688817595525,4,fig5_cg3p0um_rpg3p0um__Lj12p0nH_Cj0p0fF__roL8p5mm__tee_fl160um_fc12,4.91022642408,6.30951729449,3.4180947746620176,181.0996536786009,5.916928558404827,0.007251889778155312,0.16052857622999994,0.1064924667899998,1.9340508528804787,61.522729574413006,0.09064032335472572
Surrogate_Ridge,31,chip_simple_dxm1p818_dym9p091__Lj12p0nH_Cj2p0fF__roL8p5mm__tee_fl160um_fc12_cg1p2um__rpg1p4um,4.74969784785,6.2030248277,5.352145627542496,242.6223832530139,6.0075688817595525,5,fig5_cg3p0um_rpg2p0um__Lj12p0nH_Cj0p0fF__roL8p5mm__tee_fl160um_fc12,4.85591843529,6.44095110726,4.270610977590561,230.04663618304903,6.1997071597004,0.009900951685997169,0.10622058743999929,0.2379262795599999,1.0815346499519354,12.575747069964876,0.19213827794084715
Surrogate_Ridge,31,chip_simple_dxm1p818_dym9p091__Lj12p0nH_Cj2p0fF__roL8p5mm__tee_fl160um_fc12_cg1p2um__rpg1p4um,4.74969784785,6.2030248277,5.352145627542496,242.6223832530139,6.0075688817595525,6,fig5_cg3p5um_rpg1p5um__Lj12p0nH_Cj0p0fF__roL8p5mm__tee_fl160um_fc12,4.70486631048,6.33112792154,5.111963850152969,266.195772124899,6.191175501007713,0.011039668807136697,0.04483153737000034,0.12810309384000007,0.24018177738952762,23.5733888718851,0.18360661924816046
Surrogate_Ridge,31,chip_simple_dxm1p818_dym9p091__Lj12p0nH_Cj2p0fF__roL8p5mm__tee_fl160um_fc12_cg1p2um__rpg1p4um,4.74969784785,6.2030248277,5.352145627542496,242.6223832530139,6.0075688817595525,7,fig5_cg2p5um_rpg3p0um__Lj12p0nH_Cj0p0fF__roL8p5mm__tee_fl160um_fc12,4.8216114018,6.30639910885,4.078658870691299,212.78053759295764,5.96985922957307,0.016707007887891687,0.07191355394999999,0.1033742811499998,1.273486756851197,29.841845660056265,0.037709652186482145
Surrogate_Ridge,31,chip_simple_dxm1p818_dym9p091__Lj12p0nH_Cj2p0fF__roL8p5mm__tee_fl160um_fc12_cg1p2um__rpg1p4um,4.74969784785,6.2030248277,5.352145627542496,242.6223832530139,6.0075688817595525,8,fig5_cg2p5um_rpg2p5um__Lj12p0nH_Cj0p0fF__roL8p5mm__tee_fl160um_fc12,4.86782605146,6.40620544852,4.850844314466476,237.9905673388129,6.17514285459043,0.021454420823772868,0.11812820360999954,0.20318062081999955,0.50130131307602,4.631815914201013,0.16757397283087716
Surrogate_Ridge,31,chip_simple_dxm1p818_dym9p091__Lj12p0nH_Cj2p0fF__roL8p5mm__tee_fl160um_fc12_cg1p2um__rpg1p4um,4.74969784785,6.2030248277,5.352145627542496,242.6223832530139,6.0075688817595525,9,fig5_cg2p5um_rpg3p5um__Lj12p0nH_Cj0p0fF__roL8p5mm__tee_fl160um_fc12,4.90933450729,6.40357690957,3.7329917837715145,201.2880257934344,6.003674917928219,0.023367621410093877,0.15963665943999938,0.20055208186999973,1.6191538437709818,41.33435745957951,0.003893963831333558
Surrogate_Ridge,31,chip_simple_dxm1p818_dym9p091__Lj12p0nH_Cj2p0fF__roL8p5mm__tee_fl160um_fc12_cg1p2um__rpg1p4um,4.74969784785,6.2030248277,5.352145627542496,242.6223832530139,6.0075688817595525,10,fig5_cg4p0um_rpg2p5um__Lj12p0nH_Cj0p0fF__roL8p5mm__tee_fl160um_fc12,4.84081846419,6.4170299131,4.2439929298172,228.91083087667948,6.164372524451142,0.02432223153006515,0.09112061633999957,0.21400508540000018,1.1081526977252967,13.711552376334424,0.15680364269158975
Surrogate_Ridge,32,chip_simple_dxm1p818_dy8p182__Lj12p0nH_Cj2p0fF__roL8p5mm__tee_fl160um_fc12_cg1p2um__rpg1p4um,4.68706864521,6.07511708902,5.952970358833313,248.5187126523267,5.817319914222084,1,fig5_cg3p0um_rpg2p0um__Lj12p0nH_Cj0p0fF__roL8p5mm__tee_fl160um_fc12,4.85591843529,6.44095110726,4.270610977590561,230.04663618304903,6.1997071597004,0.001869052343869949,0.16884979007999945,0.36583401824000017,1.682359381242752,18.47207646927768,0.3823872454783155
Surrogate_Ridge,32,chip_simple_dxm1p818_dy8p182__Lj12p0nH_Cj2p0fF__roL8p5mm__tee_fl160um_fc12_cg1p2um__rpg1p4um,4.68706864521,6.07511708902,5.952970358833313,248.5187126523267,5.817319914222084,2,fig5_cg3p0um_rpg2p5um__Lj12p0nH_Cj0p0fF__roL8p5mm__tee_fl160um_fc12,4.89777742204,6.34923094667,4.391671866830825,213.14051325530752,6.096625432754106,0.005588356468517246,0.21070877682999978,0.27411385764999974,1.5612984920024875,35.37819939701919,0.2793055185320217
Surrogate_Ridge,32,chip_simple_dxm1p818_dy8p182__Lj12p0nH_Cj2p0fF__roL8p5mm__tee_fl160um_fc12_cg1p2um__rpg1p4um,4.68706864521,6.07511708902,5.952970358833313,248.5187126523267,5.817319914222084,3,fig5_cg3p5um_rpg1p5um__Lj12p0nH_Cj0p0fF__roL8p5mm__tee_fl160um_fc12,4.70486631048,6.33112792154,5.111963850152969,266.195772124899,6.191175501007713,0.007182323332677544,0.01779766526999982,0.25601083252000034,0.8410065086803442,17.677059472572296,0.3738555867856288
Surrogate_Ridge,32,chip_simple_dxm1p818_dy8p182__Lj12p0nH_Cj2p0fF__roL8p5mm__tee_fl160um_fc12_cg1p2um__rpg1p4um,4.68706864521,6.07511708902,5.952970358833313,248.5187126523267,5.817319914222084,4,fig5_cg3p0um_rpg1p5um__Lj12p0nH_Cj0p0fF__roL8p5mm__tee_fl160um_fc12,4.80934135586,6.34266483957,4.7338018228397365,237.2002446708589,6.176728175579623,0.008020116836006336,0.1222727106499999,0.26754775055000035,1.2191685359935764,11.318467981467819,0.35940826135753845
Surrogate_Ridge,32,chip_simple_dxm1p818_dy8p182__Lj12p0nH_Cj2p0fF__roL8p5mm__tee_fl160um_fc12_cg1p2um__rpg1p4um,4.68706864521,6.07511708902,5.952970358833313,248.5187126523267,5.817319914222084,5,fig5_cg3p5um_rpg2p0um__Lj12p0nH_Cj0p0fF__roL8p5mm__tee_fl160um_fc12,4.78544785971,6.42909571039,4.586441499513626,250.3896145461569,6.177842469599042,0.008097521365492119,0.09837921449999953,0.35397862137000047,1.3665288593196872,1.8709018938301938,0.3605225553769582
Surrogate_Ridge,32,chip_simple_dxm1p818_dy8p182__Lj12p0nH_Cj2p0fF__roL8p5mm__tee_fl160um_fc12_cg1p2um__rpg1p4um,4.68706864521,6.07511708902,5.952970358833313,248.5187126523267,5.817319914222084,6,fig5_cg2p5um_rpg2p5um__Lj12p0nH_Cj0p0fF__roL8p5mm__tee_fl160um_fc12,4.86782605146,6.40620544852,4.850844314466476,237.9905673388129,6.17514285459043,0.008397079440609368,0.1807574062499997,0.3310883594999998,1.1021260443668366,10.528145313513818,0.3578229403683455
Surrogate_Ridge,32,chip_simple_dxm1p818_dy8p182__Lj12p0nH_Cj2p0fF__roL8p5mm__tee_fl160um_fc12_cg1p2um__rpg1p4um,4.68706864521,6.07511708902,5.952970358833313,248.5187126523267,5.817319914222084,7,fig5_cg2p5um_rpg2p0um__Lj12p0nH_Cj0p0fF__roL8p5mm__tee_fl160um_fc12,4.82985966256,6.3640851834,4.45615377314949,229.1245415394613,6.124821045393385,0.011744037840913026,0.14279101734999955,0.2889680943800004,1.4968165856838231,19.394171112865422,0.30750113117130073
Surrogate_Ridge,32,chip_simple_dxm1p818_dy8p182__Lj12p0nH_Cj2p0fF__roL8p5mm__tee_fl160um_fc12_cg1p2um__rpg1p4um,4.68706864521,6.07511708902,5.952970358833313,248.5187126523267,5.817319914222084,8,fig5_cg2p5um_rpg3p0um__Lj12p0nH_Cj0p0fF__roL8p5mm__tee_fl160um_fc12,4.8216114018,6.30639910885,4.078658870691299,212.78053759295764,5.96985922957307,0.014920489657089397,0.13454275659000015,0.23128201983000007,1.8743114881420135,35.73817505936907,0.1525393153509862
Surrogate_Ridge,32,chip_simple_dxm1p818_dy8p182__Lj12p0nH_Cj2p0fF__roL8p5mm__tee_fl160um_fc12_cg1p2um__rpg1p4um,4.68706864521,6.07511708902,5.952970358833313,248.5187126523267,5.817319914222084,9,fig5_cg3p5um_rpg1p0um__Lj12p0nH_Cj0p0fF__roL8p5mm__tee_fl160um_fc12,4.65151549232,6.42206990109,5.782993409578324,310.4906595751157,6.336782825594393,0.01613749391664664,0.035553152890000383,0.3469528120700005,0.16997694925498852,61.971946922789016,0.519462911372309
Surrogate_Ridge,32,chip_simple_dxm1p818_dy8p182__Lj12p0nH_Cj2p0fF__roL8p5mm__tee_fl160um_fc12_cg1p2um__rpg1p4um,4.68706864521,6.07511708902,5.952970358833313,248.5187126523267,5.817319914222084,10,fig5_cg3p5um_rpg2p5um__Lj12p0nH_Cj0p0fF__roL8p5mm__tee_fl160um_fc12,4.85348773769,6.38790903463,4.356288998512268,225.5893196577544,6.102737650921461,0.018883088015090383,0.16641909247999997,0.3127919456099999,1.5966813603210452,22.92939299457231,0.28541773669937687
Surrogate_Ridge,33,chip_simple_dxm0p909_dym9p091__Lj12p0nH_Cj2p0fF__roL8p5mm__tee_fl160um_fc12_cg1p2um__rpg1p4um,4.79013705882,6.1195332543,5.13624333574295,216.91057737244603,5.892737425611814,1,fig5_cg3p0um_rpg3p0um__Lj12p0nH_Cj0p0fF__roL8p5mm__tee_fl160um_fc12,4.91022642408,6.30951729449,3.4180947746620176,181.0996536786009,5.916928558404827,0.0008029210937910633,0.12008936526000014,0.1899840401899997,1.7181485610809326,35.810923693845126,0.024191132793013104
Surrogate_Ridge,33,chip_simple_dxm0p909_dym9p091__Lj12p0nH_Cj2p0fF__roL8p5mm__tee_fl160um_fc12_cg1p2um__rpg1p4um,4.79013705882,6.1195332543,5.13624333574295,216.91057737244603,5.892737425611814,2,fig5_cg3p5um_rpg2p5um__Lj12p0nH_Cj0p0fF__roL8p5mm__tee_fl160um_fc12,4.85348773769,6.38790903463,4.356288998512268,225.5893196577544,6.102737650921461,0.007562916384449274,0.06335067887000001,0.26837578032999954,0.7799543372306825,8.678742285308374,0.21000022530964735
Surrogate_Ridge,33,chip_simple_dxm0p909_dym9p091__Lj12p0nH_Cj2p0fF__roL8p5mm__tee_fl160um_fc12_cg1p2um__rpg1p4um,4.79013705882,6.1195332543,5.13624333574295,216.91057737244603,5.892737425611814,3,fig5_cg3p0um_rpg2p5um__Lj12p0nH_Cj0p0fF__roL8p5mm__tee_fl160um_fc12,4.89777742204,6.34923094667,4.391671866830825,213.14051325530752,6.096625432754106,0.007674976928931719,0.10764036321999981,0.22969769236999937,0.7445714689121248,3.770064117138503,0.20388800714229216
Surrogate_Ridge,33,chip_simple_dxm0p909_dym9p091__Lj12p0nH_Cj2p0fF__roL8p5mm__tee_fl160um_fc12_cg1p2um__rpg1p4um,4.79013705882,6.1195332543,5.13624333574295,216.91057737244603,5.892737425611814,4,fig5_cg2p5um_rpg3p5um__Lj12p0nH_Cj0p0fF__roL8p5mm__tee_fl160um_fc12,4.90933450729,6.40357690957,3.7329917837715145,201.2880257934344,6.003674917928219,0.009279374579698619,0.11919744846999958,0.28404365526999964,1.4032515519714357,15.622551579011628,0.11093749231640526
Surrogate_Ridge,33,chip_simple_dxm0p909_dym9p091__Lj12p0nH_Cj2p0fF__roL8p5mm__tee_fl160um_fc12_cg1p2um__rpg1p4um,4.79013705882,6.1195332543,5.13624333574295,216.91057737244603,5.892737425611814,5,fig5_cg2p5um_rpg3p0um__Lj12p0nH_Cj0p0fF__roL8p5mm__tee_fl160um_fc12,4.8216114018,6.30639910885,4.078658870691299,212.78053759295764,5.96985922957307,0.012675035999757603,0.03147434298000018,0.1868658545499997,1.0575844650516508,4.130039779488385,0.07712180396125667
Surrogate_Ridge,33,chip_simple_dxm0p909_dym9p091__Lj12p0nH_Cj2p0fF__roL8p5mm__tee_fl160um_fc12_cg1p2um__rpg1p4um,4.79013705882,6.1195332543,5.13624333574295,216.91057737244603,5.892737425611814,6,fig5_cg3p5um_rpg2p0um__Lj12p0nH_Cj0p0fF__roL8p5mm__tee_fl160um_fc12,4.78544785971,6.42909571039,4.586441499513626,250.3896145461569,6.177842469599042,0.017911366634671612,0.0046891991100004304,0.3095624560900001,0.5498018362293244,33.47903717371088,0.2851050439872287
Surrogate_Ridge,33,chip_simple_dxm0p909_dym9p091__Lj12p0nH_Cj2p0fF__roL8p5mm__tee_fl160um_fc12_cg1p2um__rpg1p4um,4.79013705882,6.1195332543,5.13624333574295,216.91057737244603,5.892737425611814,7,fig5_cg2p5um_rpg4p0um__Lj12p0nH_Cj0p0fF__roL8p5mm__tee_fl160um_fc12,4.97746029131,6.34846078021,3.4394829423675537,176.0279190752371,5.892001031860305,0.01894026740308387,0.18732323248999982,0.22892752590999965,1.6967603933753965,40.882658297208934,0.0007363937515085794
Surrogate_Ridge,33,chip_simple_dxm0p909_dym9p091__Lj12p0nH_Cj2p0fF__roL8p5mm__tee_fl160um_fc12_cg1p2um__rpg1p4um,4.79013705882,6.1195332543,5.13624333574295,216.91057737244603,5.892737425611814,8,fig5_cg3p5um_rpg3p5um__Lj12p0nH_Cj0p0fF__roL8p5mm__tee_fl160um_fc12,4.88834773081,6.55440012204,3.58235393236351,219.15970791952185,6.190036689460878,0.026035678614337348,0.09821067198999955,0.4348668677399994,1.5538894033794404,2.249130547075822,0.29729926384906413
Surrogate_Ridge,33,chip_simple_dxm0p909_dym9p091__Lj12p0nH_Cj2p0fF__roL8p5mm__tee_fl160um_fc12_cg1p2um__rpg1p4um,4.79013705882,6.1195332543,5.13624333574295,216.91057737244603,5.892737425611814,9,fig5_cg3p0um_rpg4p0um__Lj12p0nH_Cj0p0fF__roL8p5mm__tee_fl160um_fc12,4.940704631,6.42408762791,3.4702477960357663,191.51572092370972,6.040377137923779,0.02622847215384244,0.15056757217999994,0.3045543736099994,1.665995539707184,25.394856448736306,0.1476397123119657
Surrogate_Ridge,33,chip_simple_dxm0p909_dym9p091__Lj12p0nH_Cj2p0fF__roL8p5mm__tee_fl160um_fc12_cg1p2um__rpg1p4um,4.79013705882,6.1195332543,5.13624333574295,216.91057737244603,5.892737425611814,10,fig5_cg3p0um_rpg2p0um__Lj12p0nH_Cj0p0fF__roL8p5mm__tee_fl160um_fc12,4.85591843529,6.44095110726,4.270610977590561,230.04663618304903,6.1997071597004,0.027603587007516625,0.06578137646999949,0.3214178529599998,0.8656323581523893,13.136058810603004,0.30696973408858597
Surrogate_Ridge,34,chip_simple_dxm0p909_dy0p909__Lj12p0nH_Cj2p0fF__roL8p5mm__tee_fl160um_fc12_cg1p2um__rpg1p4um,4.70544106074,5.99746757962,5.927770181566238,231.070657809695,5.70049614019032,1,fig5_cg3p0um_rpg2p5um__Lj12p0nH_Cj0p0fF__roL8p5mm__tee_fl160um_fc12,4.89777742204,6.34923094667,4.391671866830825,213.14051325530752,6.096625432754106,0.004484833338887926,0.19233636129999976,0.35176336704999933,1.5360983147354128,17.930144554387482,0.3961292925637858
Surrogate_Ridge,34,chip_simple_dxm0p909_dy0p909__Lj12p0nH_Cj2p0fF__roL8p5mm__tee_fl160um_fc12_cg1p2um__rpg1p4um,4.70544106074,5.99746757962,5.927770181566238,231.070657809695,5.70049614019032,2,fig5_cg2p5um_rpg2p5um__Lj12p0nH_Cj0p0fF__roL8p5mm__tee_fl160um_fc12,4.86782605146,6.40620544852,4.850844314466476,237.9905673388129,6.17514285459043,0.0049599694477846035,0.16238499071999968,0.4087378688999994,1.076925867099762,6.919909529117888,0.47464671440010964
Surrogate_Ridge,34,chip_simple_dxm0p909_dy0p909__Lj12p0nH_Cj2p0fF__roL8p5mm__tee_fl160um_fc12_cg1p2um__rpg1p4um,4.70544106074,5.99746757962,5.927770181566238,231.070657809695,5.70049614019032,3,fig5_cg3p0um_rpg2p0um__Lj12p0nH_Cj0p0fF__roL8p5mm__tee_fl160um_fc12,4.85591843529,6.44095110726,4.270610977590561,230.04663618304903,6.1997071597004,0.005971532284133748,0.15047737454999943,0.44348352763999976,1.6571592039756773,1.0240216266459754,0.4992110195100796
Surrogate_Ridge,34,chip_simple_dxm0p909_dy0p909__Lj12p0nH_Cj2p0fF__roL8p5mm__tee_fl160um_fc12_cg1p2um__rpg1p4um,4.70544106074,5.99746757962,5.927770181566238,231.070657809695,5.70049614019032,4,fig5_cg2p5um_rpg3p0um__Lj12p0nH_Cj0p0fF__roL8p5mm__tee_fl160um_fc12,4.8216114018,6.30639910885,4.078658870691299,212.78053759295764,5.96985922957307,0.007175649667918937,0.11617034106000013,0.30893152922999967,1.8491113108749389,18.290120216737364,0.26936308938275033
Surrogate_Ridge,34,chip_simple_dxm0p909_dy0p909__Lj12p0nH_Cj2p0fF__roL8p5mm__tee_fl160um_fc12_cg1p2um__rpg1p4um,4.70544106074,5.99746757962,5.927770181566238,231.070657809695,5.70049614019032,5,fig5_cg2p5um_rpg2p0um__Lj12p0nH_Cj0p0fF__roL8p5mm__tee_fl160um_fc12,4.82985966256,6.3640851834,4.45615377314949,229.1245415394613,6.124821045393385,0.013285398469231168,0.12441860181999953,0.36661760377999997,1.4716164084167485,1.9461162702337163,0.4243249052030649
Surrogate_Ridge,34,chip_simple_dxm0p909_dy0p909__Lj12p0nH_Cj2p0fF__roL8p5mm__tee_fl160um_fc12_cg1p2um__rpg1p4um,4.70544106074,5.99746757962,5.927770181566238,231.070657809695,5.70049614019032,6,fig5_cg3p0um_rpg3p0um__Lj12p0nH_Cj0p0fF__roL8p5mm__tee_fl160um_fc12,4.91022642408,6.30951729449,3.4180947746620176,181.0996536786009,5.916928558404827,0.013539243635223009,0.20478536334000008,0.31204971486999966,2.5096754069042206,49.971004131094105,0.21643241821450676
Surrogate_Ridge,34,chip_simple_dxm0p909_dy0p909__Lj12p0nH_Cj2p0fF__roL8p5mm__tee_fl160um_fc12_cg1p2um__rpg1p4um,4.70544106074,5.99746757962,5.927770181566238,231.070657809695,5.70049614019032,7,fig5_cg3p5um_rpg2p0um__Lj12p0nH_Cj0p0fF__roL8p5mm__tee_fl160um_fc12,4.78544785971,6.42909571039,4.586441499513626,250.3896145461569,6.177842469599042,0.015054250276886129,0.08000679896999952,0.43162813077000006,1.3413286820526125,19.3189567364619,0.47734632940872235
Surrogate_Ridge,34,chip_simple_dxm0p909_dy0p909__Lj12p0nH_Cj2p0fF__roL8p5mm__tee_fl160um_fc12_cg1p2um__rpg1p4um,4.70544106074,5.99746757962,5.927770181566238,231.070657809695,5.70049614019032,8,fig5_cg2p0um_rpg3p0um__Lj12p0nH_Cj0p0fF__roL8p5mm__tee_fl160um_fc12,4.90691227134,6.26460466713,4.076762608140945,192.584502898011,5.878506475506168,0.017208639878464688,0.20147121060000028,0.2671370875100001,1.851007573425293,38.486154911684,0.17801033531584753
Surrogate_Ridge,34,chip_simple_dxm0p909_dy0p909__Lj12p0nH_Cj2p0fF__roL8p5mm__tee_fl160um_fc12_cg1p2um__rpg1p4um,4.70544106074,5.99746757962,5.927770181566238,231.070657809695,5.70049614019032,9,fig5_cg3p0um_rpg1p5um__Lj12p0nH_Cj0p0fF__roL8p5mm__tee_fl160um_fc12,4.80934135586,6.34266483957,4.7338018228397365,237.2002446708589,6.176728175579623,0.01799934047096046,0.10390029511999987,0.34519725994999995,1.1939683587265018,6.129586861163887,0.4762320353893026
Surrogate_Ridge,34,chip_simple_dxm0p909_dy0p909__Lj12p0nH_Cj2p0fF__roL8p5mm__tee_fl160um_fc12_cg1p2um__rpg1p4um,4.70544106074,5.99746757962,5.927770181566238,231.070657809695,5.70049614019032,10,fig5_cg2p5um_rpg3p5um__Lj12p0nH_Cj0p0fF__roL8p5mm__tee_fl160um_fc12,4.90933450729,6.40357690957,3.7329917837715145,201.2880257934344,6.003674917928219,0.01993243912963417,0.20389344654999952,0.4061093299499996,2.1947783977947237,29.782632016260607,0.3031787777378989
Surrogate_Ridge,35,chip_simple_dxm0p909_dy5p455__Lj12p0nH_Cj2p0fF__roL8p5mm__tee_fl160um_fc12_cg1p2um__rpg1p4um,4.72272816644,6.03503005138,6.337249859149932,241.7065879254781,5.820442264738436,1,fig5_cg3p0um_rpg2p0um__Lj12p0nH_Cj0p0fF__roL8p5mm__tee_fl160um_fc12,4.85591843529,6.44095110726,4.270610977590561,230.04663618304903,6.1997071597004,0.002677780924338166,0.13319026884999996,0.4059210558800004,2.0666388815593715,11.659951742429058,0.37926489496196325
Surrogate_Ridge,35,chip_simple_dxm0p909_dy5p455__Lj12p0nH_Cj2p0fF__roL8p5mm__tee_fl160um_fc12_cg1p2um__rpg1p4um,4.72272816644,6.03503005138,6.337249859149932,241.7065879254781,5.820442264738436,2,fig5_cg2p5um_rpg2p0um__Lj12p0nH_Cj0p0fF__roL8p5mm__tee_fl160um_fc12,4.82985966256,6.3640851834,4.45615377314949,229.1245415394613,6.124821045393385,0.0034616314796520877,0.10713149612000006,0.3290551320200006,1.8810960860004426,12.582046386016799,0.3043787806549485
Surrogate_Ridge,35,chip_simple_dxm0p909_dy5p455__Lj12p0nH_Cj2p0fF__roL8p5mm__tee_fl160um_fc12_cg1p2um__rpg1p4um,4.72272816644,6.03503005138,6.337249859149932,241.7065879254781,5.820442264738436,3,fig5_cg2p5um_rpg2p5um__Lj12p0nH_Cj0p0fF__roL8p5mm__tee_fl160um_fc12,4.86782605146,6.40620544852,4.850844314466476,237.9905673388129,6.17514285459043,0.003675545223765551,0.1450978850200002,0.37117539714000003,1.486405544683456,3.716020586665195,0.35470058985199326
Surrogate_Ridge,35,chip_simple_dxm0p909_dy5p455__Lj12p0nH_Cj2p0fF__roL8p5mm__tee_fl160um_fc12_cg1p2um__rpg1p4um,4.72272816644,6.03503005138,6.337249859149932,241.7065879254781,5.820442264738436,4,fig5_cg3p0um_rpg1p5um__Lj12p0nH_Cj0p0fF__roL8p5mm__tee_fl160um_fc12,4.80934135586,6.34266483957,4.7338018228397365,237.2002446708589,6.176728175579623,0.005998091085737783,0.0866131894200004,0.30763478819000056,1.603448036310196,4.506343254619196,0.3562859108411862
Surrogate_Ridge,35,chip_simple_dxm0p909_dy5p455__Lj12p0nH_Cj2p0fF__roL8p5mm__tee_fl160um_fc12_cg1p2um__rpg1p4um,4.72272816644,6.03503005138,6.337249859149932,241.7065879254781,5.820442264738436,5,fig5_cg3p0um_rpg2p5um__Lj12p0nH_Cj0p0fF__roL8p5mm__tee_fl160um_fc12,4.89777742204,6.34923094667,4.391671866830825,213.14051325530752,6.096625432754106,0.008782771147412986,0.1750492556000003,0.31420089528999995,1.945577992319107,28.566074670170565,0.27618316801566944
Surrogate_Ridge,35,chip_simple_dxm0p909_dy5p455__Lj12p0nH_Cj2p0fF__roL8p5mm__tee_fl160um_fc12_cg1p2um__rpg1p4um,4.72272816644,6.03503005138,6.337249859149932,241.7065879254781,5.820442264738436,6,fig5_cg2p0um_rpg2p5um__Lj12p0nH_Cj0p0fF__roL8p5mm__tee_fl160um_fc12,4.88081947033,6.29200362079,4.710222612869263,215.78136757047287,6.007573423867593,0.013031695092758741,0.15809130389000003,0.2569735694100004,1.6270272462806696,25.925220355005223,0.1871311591291569
Surrogate_Ridge,35,chip_simple_dxm0p909_dy5p455__Lj12p0nH_Cj2p0fF__roL8p5mm__tee_fl160um_fc12_cg1p2um__rpg1p4um,4.72272816644,6.03503005138,6.337249859149932,241.7065879254781,5.820442264738436,7,fig5_cg2p5um_rpg3p0um__Lj12p0nH_Cj0p0fF__roL8p5mm__tee_fl160um_fc12,4.8216114018,6.30639910885,4.078658870691299,212.78053759295764,5.96985922957307,0.013314759352353453,0.09888323536000065,0.2713690574700003,2.258590988458633,28.926050332520447,0.14941696483463396
Surrogate_Ridge,35,chip_simple_dxm0p909_dy5p455__Lj12p0nH_Cj2p0fF__roL8p5mm__tee_fl160um_fc12_cg1p2um__rpg1p4um,4.72272816644,6.03503005138,6.337249859149932,241.7065879254781,5.820442264738436,8,fig5_cg3p5um_rpg1p5um__Lj12p0nH_Cj0p0fF__roL8p5mm__tee_fl160um_fc12,4.70486631048,6.33112792154,5.111963850152969,266.195772124899,6.191175501007713,0.01378653984410311,0.017861855959999673,0.29609787016000055,1.2252860089969637,24.48918419942092,0.37073323626927657
Surrogate_Ridge,35,chip_simple_dxm0p909_dy5p455__Lj12p0nH_Cj2p0fF__roL8p5mm__tee_fl160um_fc12_cg1p2um__rpg1p4um,4.72272816644,6.03503005138,6.337249859149932,241.7065879254781,5.820442264738436,9,fig5_cg3p5um_rpg2p0um__Lj12p0nH_Cj0p0fF__roL8p5mm__tee_fl160um_fc12,4.78544785971,6.42909571039,4.586441499513626,250.3896145461569,6.177842469599042,0.01635730616166486,0.06271969327000004,0.3940656590100007,1.7508083596363067,8.683026620678817,0.357400204860606
Surrogate_Ridge,35,chip_simple_dxm0p909_dy5p455__Lj12p0nH_Cj2p0fF__roL8p5mm__tee_fl160um_fc12_cg1p2um__rpg1p4um,4.72272816644,6.03503005138,6.337249859149932,241.7065879254781,5.820442264738436,10,fig5_cg2p0um_rpg3p0um__Lj12p0nH_Cj0p0fF__roL8p5mm__tee_fl160um_fc12,4.90691227134,6.26460466713,4.076762608140945,192.584502898011,5.878506475506168,0.016779832742385294,0.1841841049000008,0.2295746157500007,2.2604872510089873,49.12208502746708,0.05806421076773116
Surrogate_Ridge,36,chip_simple_dx0p000_dym5p455__Lj12p0nH_Cj2p0fF__roL8p5mm__tee_fl160um_fc12_cg1p2um__rpg1p4um,4.72839728936,5.92461245195,5.86921667430687,213.1829395597018,5.58090723401915,1,fig5_cg2p5um_rpg3p0um__Lj12p0nH_Cj0p0fF__roL8p5mm__tee_fl160um_fc12,4.8216114018,6.30639910885,4.078658870691299,212.78053759295764,5.96985922957307,0.0038477135955632554,0.09321411244000011,0.38178665690000013,1.7905578036155703,0.40240196674415074,0.3889519955539207
Surrogate_Ridge,36,chip_simple_dx0p000_dym5p455__Lj12p0nH_Cj2p0fF__roL8p5mm__tee_fl160um_fc12_cg1p2um__rpg1p4um,4.72839728936,5.92461245195,5.86921667430687,213.1829395597018,5.58090723401915,2,fig5_cg2p5um_rpg2p5um__Lj12p0nH_Cj0p0fF__roL8p5mm__tee_fl160um_fc12,4.86782605146,6.40620544852,4.850844314466476,237.9905673388129,6.17514285459043,0.008008440098268413,0.13942876209999966,0.4815929965699999,1.0183723598403933,24.8076277791111,0.59423562057128
Surrogate_Ridge,36,chip_simple_dx0p000_dym5p455__Lj12p0nH_Cj2p0fF__roL8p5mm__tee_fl160um_fc12_cg1p2um__rpg1p4um,4.72839728936,5.92461245195,5.86921667430687,213.1829395597018,5.58090723401915,3,fig5_cg3p0um_rpg2p5um__Lj12p0nH_Cj0p0fF__roL8p5mm__tee_fl160um_fc12,4.89777742204,6.34923094667,4.391671866830825,213.14051325530752,6.096625432754106,0.010001883501297165,0.16938013267999974,0.4246184947199998,1.4775448074760442,0.042426304394268755,0.5157181987349562
Surrogate_Ridge,36,chip_simple_dx0p000_dym5p455__Lj12p0nH_Cj2p0fF__roL8p5mm__tee_fl160um_fc12_cg1p2um__rpg1p4um,4.72839728936,5.92461245195,5.86921667430687,213.1829395597018,5.58090723401915,4,fig5_cg2p5um_rpg3p5um__Lj12p0nH_Cj0p0fF__roL8p5mm__tee_fl160um_fc12,4.90933450729,6.40357690957,3.7329917837715145,201.2880257934344,6.003674917928219,0.01114591849058586,0.1809372179299995,0.47896445762000006,2.136224890535355,11.894913766267393,0.42276768390906927
Surrogate_Ridge,36,chip_simple_dx0p000_dym5p455__Lj12p0nH_Cj2p0fF__roL8p5mm__tee_fl160um_fc12_cg1p2um__rpg1p4um,4.72839728936,5.92461245195,5.86921667430687,213.1829395597018,5.58090723401915,5,fig5_cg2p0um_rpg3p0um__Lj12p0nH_Cj0p0fF__roL8p5mm__tee_fl160um_fc12,4.90691227134,6.26460466713,4.076762608140945,192.584502898011,5.878506475506168,0.012127213051530646,0.17851498198000026,0.33999221518000056,1.7924540661659245,20.598436661690783,0.2975992414870179
Surrogate_Ridge,36,chip_simple_dx0p000_dym5p455__Lj12p0nH_Cj2p0fF__roL8p5mm__tee_fl160um_fc12_cg1p2um__rpg1p4um,4.72839728936,5.92461245195,5.86921667430687,213.1829395597018,5.58090723401915,6,fig5_cg3p0um_rpg3p0um__Lj12p0nH_Cj0p0fF__roL8p5mm__tee_fl160um_fc12,4.91022642408,6.30951729449,3.4180947746620176,181.0996536786009,5.916928558404827,0.012470381680414859,0.18182913472000006,0.3849048425400001,2.451121899644852,32.08328588110089,0.3360213243856771
Surrogate_Ridge,36,chip_simple_dx0p000_dym5p455__Lj12p0nH_Cj2p0fF__roL8p5mm__tee_fl160um_fc12_cg1p2um__rpg1p4um,4.72839728936,5.92461245195,5.86921667430687,213.1829395597018,5.58090723401915,7,fig5_cg2p0um_rpg3p5um__Lj12p0nH_Cj0p0fF__roL8p5mm__tee_fl160um_fc12,4.92988654864,6.34828832398,4.071626393825531,199.5447640637109,5.952483565984568,0.012796193264730402,0.20148925927999972,0.42367587203000046,1.797590280481339,13.638175495990907,0.37157633196541795
Surrogate_Ridge,36,chip_simple_dx0p000_dym5p455__Lj12p0nH_Cj2p0fF__roL8p5mm__tee_fl160um_fc12_cg1p2um__rpg1p4um,4.72839728936,5.92461245195,5.86921667430687,213.1829395597018,5.58090723401915,8,fig5_cg3p0um_rpg2p0um__Lj12p0nH_Cj0p0fF__roL8p5mm__tee_fl160um_fc12,4.85591843529,6.44095110726,4.270610977590561,230.04663618304903,6.1997071597004,0.01899231671990724,0.1275211459299994,0.5163386553100002,1.5986056967163087,16.863696623347238,0.61879992568125
Surrogate_Ridge,36,chip_simple_dx0p000_dym5p455__Lj12p0nH_Cj2p0fF__roL8p5mm__tee_fl160um_fc12_cg1p2um__rpg1p4um,4.72839728936,5.92461245195,5.86921667430687,213.1829395597018,5.58090723401915,9,fig5_cg2p0um_rpg2p5um__Lj12p0nH_Cj0p0fF__roL8p5mm__tee_fl160um_fc12,4.88081947033,6.29200362079,4.710222612869263,215.78136757047287,6.007573423867593,0.02291716423605863,0.1524221809699995,0.3673911688400002,1.1589940614376069,2.598428010771073,0.4266661898484436
Surrogate_Ridge,36,chip_simple_dx0p000_dym5p455__Lj12p0nH_Cj2p0fF__roL8p5mm__tee_fl160um_fc12_cg1p2um__rpg1p4um,4.72839728936,5.92461245195,5.86921667430687,213.1829395597018,5.58090723401915,10,fig5_cg2p5um_rpg2p0um__Lj12p0nH_Cj0p0fF__roL8p5mm__tee_fl160um_fc12,4.82985966256,6.3640851834,4.45615377314949,229.1245415394613,6.124821045393385,0.02362809799870132,0.10146237319999951,0.43947273145000043,1.4130629011573799,15.941601979759497,0.5439138113742352
Surrogate_Ridge,37,chip_simple_dx0p000_dym3p636__Lj12p0nH_Cj2p0fF__roL8p5mm__tee_fl160um_fc12_cg1p2um__rpg1p4um,4.72612336149,6.18704295133,5.69404318081665,252.795946074152,6.004656007623384,1,fig5_cg3p5um_rpg2p0um__Lj12p0nH_Cj0p0fF__roL8p5mm__tee_fl160um_fc12,4.78544785971,6.42909571039,4.586441499513626,250.3896145461569,6.177842469599042,0.002223180002041155,0.05932449821999963,0.2420527590600008,1.1076016813030245,2.4063315279950928,0.173186461975658
Surrogate_Ridge,37,chip_simple_dx0p000_dym3p636__Lj12p0nH_Cj2p0fF__roL8p5mm__tee_fl160um_fc12_cg1p2um__rpg1p4um,4.72612336149,6.18704295133,5.69404318081665,252.795946074152,6.004656007623384,2,fig5_cg3p0um_rpg2p0um__Lj12p0nH_Cj0p0fF__roL8p5mm__tee_fl160um_fc12,4.85591843529,6.44095110726,4.270610977590561,230.04663618304903,6.1997071597004,0.0029351262662877953,0.12979507379999955,0.2539081559300005,1.4234322032260893,22.749309891102968,0.1950511520770153
Surrogate_Ridge,37,chip_simple_dx0p000_dym3p636__Lj12p0nH_Cj2p0fF__roL8p5mm__tee_fl160um_fc12_cg1p2um__rpg1p4um,4.72612336149,6.18704295133,5.69404318081665,252.795946074152,6.004656007623384,3,fig5_cg3p5um_rpg1p5um__Lj12p0nH_Cj0p0fF__roL8p5mm__tee_fl160um_fc12,4.70486631048,6.33112792154,5.111963850152969,266.195772124899,6.191175501007713,0.0033341322341611072,0.021257051010000083,0.14408497021000066,0.5820793306636816,13.39982605074701,0.1865194933843286
Surrogate_Ridge,37,chip_simple_dx0p000_dym3p636__Lj12p0nH_Cj2p0fF__roL8p5mm__tee_fl160um_fc12_cg1p2um__rpg1p4um,4.72612336149,6.18704295133,5.69404318081665,252.795946074152,6.004656007623384,4,fig5_cg3p0um_rpg2p5um__Lj12p0nH_Cj0p0fF__roL8p5mm__tee_fl160um_fc12,4.89777742204,6.34923094667,4.391671866830825,213.14051325530752,6.096625432754106,0.004105865758909897,0.17165406054999988,0.16218799534000006,1.3023713139858248,39.655432818844474,0.09196942513072148
Surrogate_Ridge,37,chip_simple_dx0p000_dym3p636__Lj12p0nH_Cj2p0fF__roL8p5mm__tee_fl160um_fc12_cg1p2um__rpg1p4um,4.72612336149,6.18704295133,5.69404318081665,252.795946074152,6.004656007623384,5,fig5_cg3p5um_rpg2p5um__Lj12p0nH_Cj0p0fF__roL8p5mm__tee_fl160um_fc12,4.85348773769,6.38790903463,4.356288998512268,225.5893196577544,6.102737650921461,0.011373456019928225,0.12736437620000007,0.20086608330000022,1.3377541823043826,27.206626416397597,0.09808164329807667
Surrogate_Ridge,37,chip_simple_dx0p000_dym3p636__Lj12p0nH_Cj2p0fF__roL8p5mm__tee_fl160um_fc12_cg1p2um__rpg1p4um,4.72612336149,6.18704295133,5.69404318081665,252.795946074152,6.004656007623384,6,fig5_cg3p0um_rpg1p5um__Lj12p0nH_Cj0p0fF__roL8p5mm__tee_fl160um_fc12,4.80934135586,6.34266483957,4.7338018228397365,237.2002446708589,6.176728175579623,0.01202561502367272,0.08321799436999999,0.15562188824000067,0.9602413579769138,15.595701403293106,0.17207216795623825
Surrogate_Ridge,37,chip_simple_dx0p000_dym3p636__Lj12p0nH_Cj2p0fF__roL8p5mm__tee_fl160um_fc12_cg1p2um__rpg1p4um,4.72612336149,6.18704295133,5.69404318081665,252.795946074152,6.004656007623384,7,fig5_cg2p5um_rpg2p5um__Lj12p0nH_Cj0p0fF__roL8p5mm__tee_fl160um_fc12,4.86782605146,6.40620544852,4.850844314466476,237.9905673388129,6.17514285459043,0.01421985650351612,0.1417026899699998,0.21916249719000014,0.8431988663501739,14.805378735339104,0.1704868469670453
Surrogate_Ridge,37,chip_simple_dx0p000_dym3p636__Lj12p0nH_Cj2p0fF__roL8p5mm__tee_fl160um_fc12_cg1p2um__rpg1p4um,4.72612336149,6.18704295133,5.69404318081665,252.795946074152,6.004656007623384,8,fig5_cg3p5um_rpg1p0um__Lj12p0nH_Cj0p0fF__roL8p5mm__tee_fl160um_fc12,4.65151549232,6.42206990109,5.782993409578324,310.4906595751157,6.336782825594393,0.014706312716288073,0.07460786917000028,0.23502694976000083,0.08895022876167413,57.69471350096373,0.33212681797100885
Surrogate_Ridge,37,chip_simple_dx0p000_dym3p636__Lj12p0nH_Cj2p0fF__roL8p5mm__tee_fl160um_fc12_cg1p2um__rpg1p4um,4.72612336149,6.18704295133,5.69404318081665,252.795946074152,6.004656007623384,9,fig5_cg3p0um_rpg3p0um__Lj12p0nH_Cj0p0fF__roL8p5mm__tee_fl160um_fc12,4.91022642408,6.30951729449,3.4180947746620176,181.0996536786009,5.916928558404827,0.015537833501539018,0.1841030625900002,0.12247434316000039,2.2759484061546327,71.6962923955511,0.08772744921855757
Surrogate_Ridge,37,chip_simple_dx0p000_dym3p636__Lj12p0nH_Cj2p0fF__roL8p5mm__tee_fl160um_fc12_cg1p2um__rpg1p4um,4.72612336149,6.18704295133,5.69404318081665,252.795946074152,6.004656007623384,10,fig5_cg2p5um_rpg3p0um__Lj12p0nH_Cj0p0fF__roL8p5mm__tee_fl160um_fc12,4.8216114018,6.30639910885,4.078658870691299,212.78053759295764,5.96985922957307,0.017672287720880284,0.09548804031000024,0.1193561575200004,1.6153843101253509,40.015408481194356,0.034796778050314
Surrogate_Ridge,38,chip_simple_dx0p000_dy7p273__Lj12p0nH_Cj2p0fF__roL8p5mm__tee_fl160um_fc12_cg1p2um__rpg1p4um,4.60121050011,6.17360640727,6.32578533212471,293.2158087846097,5.983718913317313,1,fig5_cg3p5um_rpg1p0um__Lj12p0nH_Cj0p0fF__roL8p5mm__tee_fl160um_fc12,4.65151549232,6.42206990109,5.782993409578324,310.4906595751157,6.336782825594393,0.0016358917290602937,0.050304992210000066,0.2484634938200001,0.5427919225463853,17.274850790506036,0.3530639122770802
Surrogate_Ridge,38,chip_simple_dx0p000_dy7p273__Lj12p0nH_Cj2p0fF__roL8p5mm__tee_fl160um_fc12_cg1p2um__rpg1p4um,4.60121050011,6.17360640727,6.32578533212471,293.2158087846097,5.983718913317313,2,fig5_cg3p5um_rpg0p5um__Lj12p0nH_Cj0p0fF__roL8p5mm__tee_fl160um_fc12,4.48458805947,6.33290774525,6.273954957790375,350.28792536348936,6.333902670879128,0.0036654676693139965,0.1166224406399996,0.15930133797999968,0.051830374334334905,57.07211657887967,0.3501837575618154
Surrogate_Ridge,38,chip_simple_dx0p000_dy7p273__Lj12p0nH_Cj2p0fF__roL8p5mm__tee_fl160um_fc12_cg1p2um__rpg1p4um,4.60121050011,6.17360640727,6.32578533212471,293.2158087846097,5.983718913317313,3,fig5_cg4p0um_rpg0p5um__Lj12p0nH_Cj0p0fF__roL8p5mm__tee_fl160um_fc12,4.52155001594,6.39443554908,6.552557450353622,359.2700242399351,6.454069012219757,0.005445646722802208,0.07966048416999971,0.22082914180999946,0.2267721182289124,66.05421545532539,0.4703500989024443
Surrogate_Ridge,38,chip_simple_dx0p000_dy7p273__Lj12p0nH_Cj2p0fF__roL8p5mm__tee_fl160um_fc12_cg1p2um__rpg1p4um,4.60121050011,6.17360640727,6.32578533212471,293.2158087846097,5.983718913317313,4,fig5_cg3p0um_rpg1p5um__Lj12p0nH_Cj0p0fF__roL8p5mm__tee_fl160um_fc12,4.80934135586,6.34266483957,4.7338018228397365,237.2002446708589,6.176728175579623,0.006940028817458746,0.20813085575000034,0.16905843229999995,1.5919835092849732,56.0155641137508,0.19300926226230963
Surrogate_Ridge,38,chip_simple_dx0p000_dy7p273__Lj12p0nH_Cj2p0fF__roL8p5mm__tee_fl160um_fc12_cg1p2um__rpg1p4um,4.60121050011,6.17360640727,6.32578533212471,293.2158087846097,5.983718913317313,5,fig5_cg3p0um_rpg1p0um__Lj12p0nH_Cj0p0fF__roL8p5mm__tee_fl160um_fc12,4.5918495592,6.3683346429,6.310808488025665,329.7787087605889,6.339102179225892,0.007438731888993589,0.009360940909999727,0.19472823562999952,0.014976844099044762,36.562899975979235,0.3553832659085794
Surrogate_Ridge,38,chip_simple_dx0p000_dy7p273__Lj12p0nH_Cj2p0fF__roL8p5mm__tee_fl160um_fc12_cg1p2um__rpg1p4um,4.60121050011,6.17360640727,6.32578533212471,293.2158087846097,5.983718913317313,6,fig5_cg3p5um_rpg1p5um__Lj12p0nH_Cj0p0fF__roL8p5mm__tee_fl160um_fc12,4.70486631048,6.33112792154,5.111963850152969,266.195772124899,6.191175501007713,0.007712089569220077,0.10365581037000027,0.15752151426999994,1.213821481971741,27.020036659710684,0.20745658769039999
Surrogate_Ridge,38,chip_simple_dx0p000_dy7p273__Lj12p0nH_Cj2p0fF__roL8p5mm__tee_fl160um_fc12_cg1p2um__rpg1p4um,4.60121050011,6.17360640727,6.32578533212471,293.2158087846097,5.983718913317313,7,fig5_cg3p0um_rpg2p0um__Lj12p0nH_Cj0p0fF__roL8p5mm__tee_fl160um_fc12,4.85591843529,6.44095110726,4.270610977590561,230.04663618304903,6.1997071597004,0.014547099526337395,0.2547079351799999,0.26734469998999977,2.0551743545341488,63.16917260156066,0.21598824638308667
Surrogate_Ridge,38,chip_simple_dx0p000_dy7p273__Lj12p0nH_Cj2p0fF__roL8p5mm__tee_fl160um_fc12_cg1p2um__rpg1p4um,4.60121050011,6.17360640727,6.32578533212471,293.2158087846097,5.983718913317313,8,fig5_cg2p5um_rpg2p0um__Lj12p0nH_Cj0p0fF__roL8p5mm__tee_fl160um_fc12,4.82985966256,6.3640851834,4.45615377314949,229.1245415394613,6.124821045393385,0.021358057987997583,0.22864916245,0.19047877612999997,1.86963155897522,64.0912672451484,0.14110213207607192
Surrogate_Ridge,38,chip_simple_dx0p000_dy7p273__Lj12p0nH_Cj2p0fF__roL8p5mm__tee_fl160um_fc12_cg1p2um__rpg1p4um,4.60121050011,6.17360640727,6.32578533212471,293.2158087846097,5.983718913317313,9,fig5_cg4p5um_rpg0p5um__Lj12p0nH_Cj0p0fF__roL8p5mm__tee_fl160um_fc12,4.51249644149,6.35090511355,6.372151983530045,348.6053033569676,6.370880057120116,0.021383745901406574,0.08871405861999992,0.17729870627999933,0.04636665140533491,55.38949457235793,0.3871611438028033
Surrogate_Ridge,38,chip_simple_dx0p000_dy7p273__Lj12p0nH_Cj2p0fF__roL8p5mm__tee_fl160um_fc12_cg1p2um__rpg1p4um,4.60121050011,6.17360640727,6.32578533212471,293.2158087846097,5.983718913317313,10,fig5_cg3p5um_rpg2p0um__Lj12p0nH_Cj0p0fF__roL8p5mm__tee_fl160um_fc12,4.78544785971,6.42909571039,4.586441499513626,250.3896145461569,6.177842469599042,0.02189406118979333,0.18423735959999998,0.25548930312000007,1.739343832611084,42.826194238452786,0.1941235562817294
Surrogate_Ridge,39,chip_simple_dx0p000_dy9p091__Lj12p0nH_Cj2p0fF__roL8p5mm__tee_fl160um_fc12_cg1p2um__rpg1p4um,4.69248631541,6.18716502488,5.242757017772674,249.32244368071773,5.952568618706093,1,fig5_cg3p5um_rpg2p0um__Lj12p0nH_Cj0p0fF__roL8p5mm__tee_fl160um_fc12,4.78544785971,6.42909571039,4.586441499513626,250.3896145461569,6.177842469599042,0.0016204682994946074,0.09296154429999959,0.24193068551000074,0.6563155182590483,1.0671708654391807,0.2252738508929495
Surrogate_Ridge,39,chip_simple_dx0p000_dy9p091__Lj12p0nH_Cj2p0fF__roL8p5mm__tee_fl160um_fc12_cg1p2um__rpg1p4um,4.69248631541,6.18716502488,5.242757017772674,249.32244368071773,5.952568618706093,2,fig5_cg3p5um_rpg2p5um__Lj12p0nH_Cj0p0fF__roL8p5mm__tee_fl160um_fc12,4.85348773769,6.38790903463,4.356288998512268,225.5893196577544,6.102737650921461,0.003972632952229267,0.16100142228000003,0.20074400975000017,0.8864680192604064,23.733124022963324,0.15016903221536815
Surrogate_Ridge,39,chip_simple_dx0p000_dy9p091__Lj12p0nH_Cj2p0fF__roL8p5mm__tee_fl160um_fc12_cg1p2um__rpg1p4um,4.69248631541,6.18716502488,5.242757017772674,249.32244368071773,5.952568618706093,3,fig5_cg3p0um_rpg2p5um__Lj12p0nH_Cj0p0fF__roL8p5mm__tee_fl160um_fc12,4.89777742204,6.34923094667,4.391671866830825,213.14051325530752,6.096625432754106,0.00635533338400068,0.20529110662999983,0.16206592179,0.8510851509418487,36.1819304254102,0.14405681404801296
Surrogate_Ridge,39,chip_simple_dx0p000_dy9p091__Lj12p0nH_Cj2p0fF__roL8p5mm__tee_fl160um_fc12_cg1p2um__rpg1p4um,4.69248631541,6.18716502488,5.242757017772674,249.32244368071773,5.952568618706093,4,fig5_cg3p0um_rpg3p0um__Lj12p0nH_Cj0p0fF__roL8p5mm__tee_fl160um_fc12,4.91022642408,6.30951729449,3.4180947746620176,181.0996536786009,5.916928558404827,0.010491635213537352,0.21774010867000015,0.12235226961000034,1.8246622431106565,68.22279000211682,0.0356400603012661
Surrogate_Ridge,39,chip_simple_dx0p000_dy9p091__Lj12p0nH_Cj2p0fF__roL8p5mm__tee_fl160um_fc12_cg1p2um__rpg1p4um,4.69248631541,6.18716502488,5.242757017772674,249.32244368071773,5.952568618706093,5,fig5_cg3p5um_rpg1p5um__Lj12p0nH_Cj0p0fF__roL8p5mm__tee_fl160um_fc12,4.70486631048,6.33112792154,5.111963850152969,266.195772124899,6.191175501007713,0.01075724863859883,0.012379995069999872,0.14396289666000062,0.13079316761970539,16.873328444181283,0.23860688230162008
Surrogate_Ridge,39,chip_simple_dx0p000_dy9p091__Lj12p0nH_Cj2p0fF__roL8p5mm__tee_fl160um_fc12_cg1p2um__rpg1p4um,4.69248631541,6.18716502488,5.242757017772674,249.32244368071773,5.952568618706093,6,fig5_cg3p0um_rpg2p0um__Lj12p0nH_Cj0p0fF__roL8p5mm__tee_fl160um_fc12,4.85591843529,6.44095110726,4.270610977590561,230.04663618304903,6.1997071597004,0.013707976546302889,0.1634321198799995,0.25378608238000044,0.9721460401821131,19.275807497668694,0.24713854099430677
Surrogate_Ridge,39,chip_simple_dx0p000_dy9p091__Lj12p0nH_Cj2p0fF__roL8p5mm__tee_fl160um_fc12_cg1p2um__rpg1p4um,4.69248631541,6.18716502488,5.242757017772674,249.32244368071773,5.952568618706093,7,fig5_cg4p0um_rpg2p5um__Lj12p0nH_Cj0p0fF__roL8p5mm__tee_fl160um_fc12,4.84081846419,6.4170299131,4.2439929298172,228.91083087667948,6.164372524451142,0.02183686641394232,0.14833214877999978,0.22986488822000073,0.9987640879554744,20.411612804038242,0.21180390574504937
Surrogate_Ridge,39,chip_simple_dx0p000_dy9p091__Lj12p0nH_Cj2p0fF__roL8p5mm__tee_fl160um_fc12_cg1p2um__rpg1p4um,4.69248631541,6.18716502488,5.242757017772674,249.32244368071773,5.952568618706093,8,fig5_cg2p5um_rpg3p0um__Lj12p0nH_Cj0p0fF__roL8p5mm__tee_fl160um_fc12,4.8216114018,6.30639910885,4.078658870691299,212.78053759295764,5.96985922957307,0.023416461723756395,0.1291250863900002,0.11923408397000035,1.1640981470813747,36.54190608776008,0.017290610866977474
Surrogate_Ridge,39,chip_simple_dx0p000_dy9p091__Lj12p0nH_Cj2p0fF__roL8p5mm__tee_fl160um_fc12_cg1p2um__rpg1p4um,4.69248631541,6.18716502488,5.242757017772674,249.32244368071773,5.952568618706093,9,fig5_cg2p5um_rpg2p5um__Lj12p0nH_Cj0p0fF__roL8p5mm__tee_fl160um_fc12,4.86782605146,6.40620544852,4.850844314466476,237.9905673388129,6.17514285459043,0.028984967709256574,0.17533973604999975,0.2190404236400001,0.39191270330619776,11.331876341904831,0.22257423588433678
Surrogate_Ridge,39,chip_simple_dx0p000_dy9p091__Lj12p0nH_Cj2p0fF__roL8p5mm__tee_fl160um_fc12_cg1p2um__rpg1p4um,4.69248631541,6.18716502488,5.242757017772674,249.32244368071773,5.952568618706093,10,fig5_cg4p5um_rpg1p0um__Lj12p0nH_Cj0p0fF__roL8p5mm__tee_fl160um_fc12,4.66547453942,6.44365646453,5.568490972890854,305.09213979648246,6.526420054379522,0.029129527896231355,0.027011775990000153,0.25649143965000043,0.3257339551181797,55.76969611576473,0.5738514356734292
Surrogate_Ridge,40,chip_simple_dx0p909_dym10p000__Lj12p0nH_Cj2p0fF__roL8p5mm__tee_fl160um_fc12_cg1p2um__rpg1p4um,4.75971213917,6.07465492096,5.310514949054718,219.69317393009035,5.782856387995313,1,fig5_cg3p0um_rpg3p0um__Lj12p0nH_Cj0p0fF__roL8p5mm__tee_fl160um_fc12,4.91022642408,6.30951729449,3.4180947746620176,181.0996536786009,5.916928558404827,0.0020465887604134724,0.15051428490999985,0.2348623735300004,1.8924201743927003,38.59352025148945,0.1340721704095138
Surrogate_Ridge,40,chip_simple_dx0p909_dym10p000__Lj12p0nH_Cj2p0fF__roL8p5mm__tee_fl160um_fc12_cg1p2um__rpg1p4um,4.75971213917,6.07465492096,5.310514949054718,219.69317393009035,5.782856387995313,2,fig5_cg3p0um_rpg2p5um__Lj12p0nH_Cj0p0fF__roL8p5mm__tee_fl160um_fc12,4.89777742204,6.34923094667,4.391671866830825,213.14051325530752,6.096625432754106,0.00485172869225935,0.13806528286999953,0.27457602571000006,0.9188430822238924,6.552660674782828,0.31376904475879286
Surrogate_Ridge,40,chip_simple_dx0p909_dym10p000__Lj12p0nH_Cj2p0fF__roL8p5mm__tee_fl160um_fc12_cg1p2um__rpg1p4um,4.75971213917,6.07465492096,5.310514949054718,219.69317393009035,5.782856387995313,3,fig5_cg2p5um_rpg3p0um__Lj12p0nH_Cj0p0fF__roL8p5mm__tee_fl160um_fc12,4.8216114018,6.30639910885,4.078658870691299,212.78053759295764,5.96985922957307,0.008631832557004707,0.061899262629999896,0.2317441878900004,1.2318560783634185,6.91263633713271,0.18700284157775737
Surrogate_Ridge,40,chip_simple_dx0p909_dym10p000__Lj12p0nH_Cj2p0fF__roL8p5mm__tee_fl160um_fc12_cg1p2um__rpg1p4um,4.75971213917,6.07465492096,5.310514949054718,219.69317393009035,5.782856387995313,4,fig5_cg2p5um_rpg3p5um__Lj12p0nH_Cj0p0fF__roL8p5mm__tee_fl160um_fc12,4.90933450729,6.40357690957,3.7329917837715145,201.2880257934344,6.003674917928219,0.009408466319973456,0.1496223681199993,0.3289219886100003,1.5775231652832034,18.405148136655953,0.22081852993290596
Surrogate_Ridge,40,chip_simple_dx0p909_dym10p000__Lj12p0nH_Cj2p0fF__roL8p5mm__tee_fl160um_fc12_cg1p2um__rpg1p4um,4.75971213917,6.07465492096,5.310514949054718,219.69317393009035,5.782856387995313,5,fig5_cg3p5um_rpg2p5um__Lj12p0nH_Cj0p0fF__roL8p5mm__tee_fl160um_fc12,4.85348773769,6.38790903463,4.356288998512268,225.5893196577544,6.102737650921461,0.0094872599949354,0.09377559851999973,0.3132541136700002,0.9542259505424502,5.896145727664049,0.31988126292614805
Surrogate_Ridge,40,chip_simple_dx0p909_dym10p000__Lj12p0nH_Cj2p0fF__roL8p5mm__tee_fl160um_fc12_cg1p2um__rpg1p4um,4.75971213917,6.07465492096,5.310514949054718,219.69317393009035,5.782856387995313,6,fig5_cg3p5um_rpg2p0um__Lj12p0nH_Cj0p0fF__roL8p5mm__tee_fl160um_fc12,4.78544785971,6.42909571039,4.586441499513626,250.3896145461569,6.177842469599042,0.015874173621595912,0.025735720539999285,0.3544407894300008,0.7240734495410921,30.696440616066553,0.3949860816037294
Surrogate_Ridge,40,chip_simple_dx0p909_dym10p000__Lj12p0nH_Cj2p0fF__roL8p5mm__tee_fl160um_fc12_cg1p2um__rpg1p4um,4.75971213917,6.07465492096,5.310514949054718,219.69317393009035,5.782856387995313,7,fig5_cg3p0um_rpg2p0um__Lj12p0nH_Cj0p0fF__roL8p5mm__tee_fl160um_fc12,4.85591843529,6.44095110726,4.270610977590561,230.04663618304903,6.1997071597004,0.020092429723865893,0.0962062961199992,0.3662961863000005,1.039903971464157,10.353462252958678,0.41685077170508666
Surrogate_Ridge,40,chip_simple_dx0p909_dym10p000__Lj12p0nH_Cj2p0fF__roL8p5mm__tee_fl160um_fc12_cg1p2um__rpg1p4um,4.75971213917,6.07465492096,5.310514949054718,219.69317393009035,5.782856387995313,8,fig5_cg2p5um_rpg2p5um__Lj12p0nH_Cj0p0fF__roL8p5mm__tee_fl160um_fc12,4.86782605146,6.40620544852,4.850844314466476,237.9905673388129,6.17514285459043,0.02029075989379661,0.10811391228999945,0.33155052756000014,0.45967063458824153,18.29739340872254,0.3922864665951167
Surrogate_Ridge,40,chip_simple_dx0p909_dym10p000__Lj12p0nH_Cj2p0fF__roL8p5mm__tee_fl160um_fc12_cg1p2um__rpg1p4um,4.75971213917,6.07465492096,5.310514949054718,219.69317393009035,5.782856387995313,9,fig5_cg2p5um_rpg4p0um__Lj12p0nH_Cj0p0fF__roL8p5mm__tee_fl160um_fc12,4.97746029131,6.34846078021,3.4394829423675537,176.0279190752371,5.892001031860305,0.02262066118270284,0.21774815213999954,0.27380585925000034,1.8710320066871642,43.66525485485326,0.10914464386499212
Surrogate_Ridge,40,chip_simple_dx0p909_dym10p000__Lj12p0nH_Cj2p0fF__roL8p5mm__tee_fl160um_fc12_cg1p2um__rpg1p4um,4.75971213917,6.07465492096,5.310514949054718,219.69317393009035,5.782856387995313,10,fig5_cg2p0um_rpg3p5um__Lj12p0nH_Cj0p0fF__roL8p5mm__tee_fl160um_fc12,4.92988654864,6.34828832398,4.071626393825531,199.5447640637109,5.952483565984568,0.027214485215831988,0.1701744094699995,0.2736334030200007,1.2388885552291873,20.148409866379467,0.16962717798925464
Surrogate_Ridge,41,chip_simple_dx0p909_dym0p909__Lj12p0nH_Cj2p0fF__roL8p5mm__tee_fl160um_fc12_cg1p2um__rpg1p4um,4.73041475635,6.13915705239,5.531350560152053,240.65162948709263,5.907224899753467,1,fig5_cg3p0um_rpg2p5um__Lj12p0nH_Cj0p0fF__roL8p5mm__tee_fl160um_fc12,4.89777742204,6.34923094667,4.391671866830825,213.14051325530752,6.096625432754106,0.0016532897053333688,0.1673626656899998,0.21007389427999978,1.139678693321228,27.51111623178511,0.1894005330006392
Surrogate_Ridge,41,chip_simple_dx0p909_dym0p909__Lj12p0nH_Cj2p0fF__roL8p5mm__tee_fl160um_fc12_cg1p2um__rpg1p4um,4.73041475635,6.13915705239,5.531350560152053,240.65162948709263,5.907224899753467,2,fig5_cg3p5um_rpg2p0um__Lj12p0nH_Cj0p0fF__roL8p5mm__tee_fl160um_fc12,4.78544785971,6.42909571039,4.586441499513626,250.3896145461569,6.177842469599042,0.0035482119823195403,0.05503310335999956,0.2899386580000005,0.9449090606384276,9.737985059064272,0.2706175698455757
Surrogate_Ridge,41,chip_simple_dx0p909_dym0p909__Lj12p0nH_Cj2p0fF__roL8p5mm__tee_fl160um_fc12_cg1p2um__rpg1p4um,4.73041475635,6.13915705239,5.531350560152053,240.65162948709263,5.907224899753467,3,fig5_cg3p0um_rpg2p0um__Lj12p0nH_Cj0p0fF__roL8p5mm__tee_fl160um_fc12,4.85591843529,6.44095110726,4.270610977590561,230.04663618304903,6.1997071597004,0.006038519343319236,0.12550367893999947,0.3017940548700002,1.2607395825614924,10.604993304043603,0.292482259946933
Surrogate_Ridge,41,chip_simple_dx0p909_dym0p909__Lj12p0nH_Cj2p0fF__roL8p5mm__tee_fl160um_fc12_cg1p2um__rpg1p4um,4.73041475635,6.13915705239,5.531350560152053,240.65162948709263,5.907224899753467,4,fig5_cg3p5um_rpg2p5um__Lj12p0nH_Cj0p0fF__roL8p5mm__tee_fl160um_fc12,4.85348773769,6.38790903463,4.356288998512268,225.5893196577544,6.102737650921461,0.007538915120802304,0.12307298134,0.24875198223999995,1.1750615616397857,15.062309829338233,0.19551275116799438
Surrogate_Ridge,41,chip_simple_dx0p909_dym0p909__Lj12p0nH_Cj2p0fF__roL8p5mm__tee_fl160um_fc12_cg1p2um__rpg1p4um,4.73041475635,6.13915705239,5.531350560152053,240.65162948709263,5.907224899753467,5,fig5_cg3p0um_rpg3p0um__Lj12p0nH_Cj0p0fF__roL8p5mm__tee_fl160um_fc12,4.91022642408,6.30951729449,3.4180947746620176,181.0996536786009,5.916928558404827,0.008298416368237773,0.17981166773000012,0.17036024210000011,2.113255785490036,59.55197580849173,0.009703658651360136
Surrogate_Ridge,41,chip_simple_dx0p909_dym0p909__Lj12p0nH_Cj2p0fF__roL8p5mm__tee_fl160um_fc12_cg1p2um__rpg1p4um,4.73041475635,6.13915705239,5.531350560152053,240.65162948709263,5.907224899753467,6,fig5_cg3p5um_rpg1p5um__Lj12p0nH_Cj0p0fF__roL8p5mm__tee_fl160um_fc12,4.70486631048,6.33112792154,5.111963850152969,266.195772124899,6.191175501007713,0.010587865144727041,0.025548445870000158,0.1919708691500004,0.4193867099990847,25.544142637806374,0.2839506012542463
Surrogate_Ridge,41,chip_simple_dx0p909_dym0p909__Lj12p0nH_Cj2p0fF__roL8p5mm__tee_fl160um_fc12_cg1p2um__rpg1p4um,4.73041475635,6.13915705239,5.531350560152053,240.65162948709263,5.907224899753467,7,fig5_cg2p5um_rpg3p0um__Lj12p0nH_Cj0p0fF__roL8p5mm__tee_fl160um_fc12,4.8216114018,6.30639910885,4.078658870691299,212.78053759295764,5.96985922957307,0.012470188010299192,0.09119664545000017,0.16724205646000012,1.452691689460754,27.87109189413499,0.0626343298196037
Surrogate_Ridge,41,chip_simple_dx0p909_dym0p909__Lj12p0nH_Cj2p0fF__roL8p5mm__tee_fl160um_fc12_cg1p2um__rpg1p4um,4.73041475635,6.13915705239,5.531350560152053,240.65162948709263,5.907224899753467,8,fig5_cg2p5um_rpg2p5um__Lj12p0nH_Cj0p0fF__roL8p5mm__tee_fl160um_fc12,4.86782605146,6.40620544852,4.850844314466476,237.9905673388129,6.17514285459043,0.014200994123863414,0.13741129510999972,0.26704839612999987,0.680506245685577,2.66106214827974,0.267917954836963
Surrogate_Ridge,41,chip_simple_dx0p909_dym0p909__Lj12p0nH_Cj2p0fF__roL8p5mm__tee_fl160um_fc12_cg1p2um__rpg1p4um,4.73041475635,6.13915705239,5.531350560152053,240.65162948709263,5.907224899753467,9,fig5_cg3p0um_rpg1p5um__Lj12p0nH_Cj0p0fF__roL8p5mm__tee_fl160um_fc12,4.80934135586,6.34266483957,4.7338018228397365,237.2002446708589,6.176728175579623,0.021454105282195376,0.07892659950999992,0.2035077871800004,0.7975487373123169,3.451384816233741,0.26950327582615596
Surrogate_Ridge,41,chip_simple_dx0p909_dym0p909__Lj12p0nH_Cj2p0fF__roL8p5mm__tee_fl160um_fc12_cg1p2um__rpg1p4um,4.73041475635,6.13915705239,5.531350560152053,240.65162948709263,5.907224899753467,10,fig5_cg2p5um_rpg3p5um__Lj12p0nH_Cj0p0fF__roL8p5mm__tee_fl160um_fc12,4.90933450729,6.40357690957,3.7329917837715145,201.2880257934344,6.003674917928219,0.021769738197625236,0.17891975093999957,0.26441985718000005,1.7983587763805389,39.363603693658234,0.0964500181747523
Surrogate_Ridge,42,chip_simple_dx0p909_dy1p818__Lj12p0nH_Cj2p0fF__roL8p5mm__tee_fl160um_fc12_cg1p2um__rpg1p4um,4.72805541503,5.96254016051,6.395456623533248,229.17457992820783,5.710812142211281,1,fig5_cg2p5um_rpg2p5um__Lj12p0nH_Cj0p0fF__roL8p5mm__tee_fl160um_fc12,4.86782605146,6.40620544852,4.850844314466476,237.9905673388129,6.17514285459043,0.0021464725942177067,0.13977063642999976,0.44366528801000005,1.544612309066772,8.81598741060506,0.4643307123791489
Surrogate_Ridge,42,chip_simple_dx0p909_dy1p818__Lj12p0nH_Cj2p0fF__roL8p5mm__tee_fl160um_fc12_cg1p2um__rpg1p4um,4.72805541503,5.96254016051,6.395456623533248,229.17457992820783,5.710812142211281,2,fig5_cg2p5um_rpg2p0um__Lj12p0nH_Cj0p0fF__roL8p5mm__tee_fl160um_fc12,4.82985966256,6.3640851834,4.45615377314949,229.1245415394613,6.124821045393385,0.004761694433106492,0.10180424752999961,0.4015450228900006,1.9393028503837586,0.050038388746543205,0.41400890318210415
Surrogate_Ridge,42,chip_simple_dx0p909_dy1p818__Lj12p0nH_Cj2p0fF__roL8p5mm__tee_fl160um_fc12_cg1p2um__rpg1p4um,4.72805541503,5.96254016051,6.395456623533248,229.17457992820783,5.710812142211281,3,fig5_cg3p0um_rpg2p0um__Lj12p0nH_Cj0p0fF__roL8p5mm__tee_fl160um_fc12,4.85591843529,6.44095110726,4.270610977590561,230.04663618304903,6.1997071597004,0.007602959565677294,0.12786302025999952,0.4784109467500004,2.1248456459426874,0.8720562548411976,0.4888950174891189
Surrogate_Ridge,42,chip_simple_dx0p909_dy1p818__Lj12p0nH_Cj2p0fF__roL8p5mm__tee_fl160um_fc12_cg1p2um__rpg1p4um,4.72805541503,5.96254016051,6.395456623533248,229.17457992820783,5.710812142211281,4,fig5_cg2p0um_rpg2p5um__Lj12p0nH_Cj0p0fF__roL8p5mm__tee_fl160um_fc12,4.88081947033,6.29200362079,4.710222612869263,215.78136757047287,6.007573423867593,0.008156432265265284,0.1527640552999996,0.3294634602800004,1.6852340106639856,13.393212357734967,0.29676128165631255
Surrogate_Ridge,42,chip_simple_dx0p909_dy1p818__Lj12p0nH_Cj2p0fF__roL8p5mm__tee_fl160um_fc12_cg1p2um__rpg1p4um,4.72805541503,5.96254016051,6.395456623533248,229.17457992820783,5.710812142211281,5,fig5_cg2p5um_rpg3p0um__Lj12p0nH_Cj0p0fF__roL8p5mm__tee_fl160um_fc12,4.8216114018,6.30639910885,4.078658870691299,212.78053759295764,5.96985922957307,0.0093380832946003,0.09355598677000021,0.3438589483400003,2.316797752841949,16.39404233525019,0.2590470873617896
Surrogate_Ridge,42,chip_simple_dx0p909_dy1p818__Lj12p0nH_Cj2p0fF__roL8p5mm__tee_fl160um_fc12_cg1p2um__rpg1p4um,4.72805541503,5.96254016051,6.395456623533248,229.17457992820783,5.710812142211281,6,fig5_cg2p0um_rpg3p0um__Lj12p0nH_Cj0p0fF__roL8p5mm__tee_fl160um_fc12,4.90691227134,6.26460466713,4.076762608140945,192.584502898011,5.878506475506168,0.00983356480736324,0.17885685631000037,0.30206450662000073,2.3186940153923032,36.590077030196824,0.1676943332948868
Surrogate_Ridge,42,chip_simple_dx0p909_dy1p818__Lj12p0nH_Cj2p0fF__roL8p5mm__tee_fl160um_fc12_cg1p2um__rpg1p4um,4.72805541503,5.96254016051,6.395456623533248,229.17457992820783,5.710812142211281,7,fig5_cg3p0um_rpg2p5um__Lj12p0nH_Cj0p0fF__roL8p5mm__tee_fl160um_fc12,4.89777742204,6.34923094667,4.391671866830825,213.14051325530752,6.096625432754106,0.010502215885073147,0.16972200700999984,0.38669078615999997,2.003784756702423,16.03406667290031,0.3858132905428251
Surrogate_Ridge,42,chip_simple_dx0p909_dy1p818__Lj12p0nH_Cj2p0fF__roL8p5mm__tee_fl160um_fc12_cg1p2um__rpg1p4um,4.72805541503,5.96254016051,6.395456623533248,229.17457992820783,5.710812142211281,8,fig5_cg3p0um_rpg1p5um__Lj12p0nH_Cj0p0fF__roL8p5mm__tee_fl160um_fc12,4.80934135586,6.34266483957,4.7338018228397365,237.2002446708589,6.176728175579623,0.014510535785552814,0.08128594082999996,0.3801246790600006,1.661654800693512,8.02566474265106,0.46591603336834186
Surrogate_Ridge,42,chip_simple_dx0p909_dy1p818__Lj12p0nH_Cj2p0fF__roL8p5mm__tee_fl160um_fc12_cg1p2um__rpg1p4um,4.72805541503,5.96254016051,6.395456623533248,229.17457992820783,5.710812142211281,9,fig5_cg2p0um_rpg3p5um__Lj12p0nH_Cj0p0fF__roL8p5mm__tee_fl160um_fc12,4.92988654864,6.34828832398,4.071626393825531,199.5447640637109,5.952483565984568,0.021317529888732565,0.20183113360999982,0.3857481634700006,2.323830229707718,29.629815864496948,0.24167142377328688
Surrogate_Ridge,42,chip_simple_dx0p909_dy1p818__Lj12p0nH_Cj2p0fF__roL8p5mm__tee_fl160um_fc12_cg1p2um__rpg1p4um,4.72805541503,5.96254016051,6.395456623533248,229.17457992820783,5.710812142211281,10,fig5_cg3p0um_rpg3p0um__Lj12p0nH_Cj0p0fF__roL8p5mm__tee_fl160um_fc12,4.91022642408,6.30951729449,3.4180947746620176,181.0996536786009,5.916928558404827,0.023208304743740384,0.18217100905000017,0.3469771339800003,2.977361848871231,48.07492624960693,0.20611641619354604
Surrogate_Ridge,43,chip_simple_dx0p909_dy8p182__Lj12p0nH_Cj2p0fF__roL8p5mm__tee_fl160um_fc12_cg1p2um__rpg1p4um,4.68790432134,6.07605330218,6.1550839484939575,252.6847248926069,5.829326184395551,1,fig5_cg3p0um_rpg2p0um__Lj12p0nH_Cj0p0fF__roL8p5mm__tee_fl160um_fc12,4.85591843529,6.44095110726,4.270610977590561,230.04663618304903,6.1997071597004,0.0017824262369924874,0.16801411395,0.36489780508,1.8844729709033965,22.638088709557877,0.37038097530484837
Surrogate_Ridge,43,chip_simple_dx0p909_dy8p182__Lj12p0nH_Cj2p0fF__roL8p5mm__tee_fl160um_fc12_cg1p2um__rpg1p4um,4.68790432134,6.07605330218,6.1550839484939575,252.6847248926069,5.829326184395551,2,fig5_cg3p0um_rpg1p5um__Lj12p0nH_Cj0p0fF__roL8p5mm__tee_fl160um_fc12,4.80934135586,6.34266483957,4.7338018228397365,237.2002446708589,6.176728175579623,0.004153257904190518,0.12143703452000043,0.2666115373900002,1.421282125654221,15.484480221748015,0.34740199118407133
Surrogate_Ridge,43,chip_simple_dx0p909_dy8p182__Lj12p0nH_Cj2p0fF__roL8p5mm__tee_fl160um_fc12_cg1p2um__rpg1p4um,4.68790432134,6.07605330218,6.1550839484939575,252.6847248926069,5.829326184395551,3,fig5_cg3p5um_rpg1p5um__Lj12p0nH_Cj0p0fF__roL8p5mm__tee_fl160um_fc12,4.70486631048,6.33112792154,5.111963850152969,266.195772124899,6.191175501007713,0.006830539710910686,0.016961989140000355,0.2550746193600002,1.0431200983409887,13.5110472322921,0.3618493166121617
Surrogate_Ridge,43,chip_simple_dx0p909_dy8p182__Lj12p0nH_Cj2p0fF__roL8p5mm__tee_fl160um_fc12_cg1p2um__rpg1p4um,4.68790432134,6.07605330218,6.1550839484939575,252.6847248926069,5.829326184395551,4,fig5_cg2p5um_rpg2p0um__Lj12p0nH_Cj0p0fF__roL8p5mm__tee_fl160um_fc12,4.82985966256,6.3640851834,4.45615377314949,229.1245415394613,6.124821045393385,0.007699669121205511,0.1419553412200001,0.28803188122000023,1.6989301753444677,23.560183353145618,0.2954948609978336
Surrogate_Ridge,43,chip_simple_dx0p909_dy8p182__Lj12p0nH_Cj2p0fF__roL8p5mm__tee_fl160um_fc12_cg1p2um__rpg1p4um,4.68790432134,6.07605330218,6.1550839484939575,252.6847248926069,5.829326184395551,5,fig5_cg2p5um_rpg2p5um__Lj12p0nH_Cj0p0fF__roL8p5mm__tee_fl160um_fc12,4.86782605146,6.40620544852,4.850844314466476,237.9905673388129,6.17514285459043,0.008157621372357747,0.17992173012000023,0.3301521463399997,1.304239634027481,14.694157553794014,0.3458166701948784
Surrogate_Ridge,43,chip_simple_dx0p909_dy8p182__Lj12p0nH_Cj2p0fF__roL8p5mm__tee_fl160um_fc12_cg1p2um__rpg1p4um,4.68790432134,6.07605330218,6.1550839484939575,252.6847248926069,5.829326184395551,6,fig5_cg3p0um_rpg2p5um__Lj12p0nH_Cj0p0fF__roL8p5mm__tee_fl160um_fc12,4.89777742204,6.34923094667,4.391671866830825,213.14051325530752,6.096625432754106,0.008784343461786498,0.20987310070000031,0.2731776444899996,1.763412081663132,39.544211637299384,0.26729924835855456
Surrogate_Ridge,43,chip_simple_dx0p909_dy8p182__Lj12p0nH_Cj2p0fF__roL8p5mm__tee_fl160um_fc12_cg1p2um__rpg1p4um,4.68790432134,6.07605330218,6.1550839484939575,252.6847248926069,5.829326184395551,7,fig5_cg3p5um_rpg2p0um__Lj12p0nH_Cj0p0fF__roL8p5mm__tee_fl160um_fc12,4.78544785971,6.42909571039,4.586441499513626,250.3896145461569,6.177842469599042,0.011003673017354434,0.09754353837000007,0.3530424082100003,1.5686424489803317,2.2951103464500022,0.3485162852034911
Surrogate_Ridge,43,chip_simple_dx0p909_dy8p182__Lj12p0nH_Cj2p0fF__roL8p5mm__tee_fl160um_fc12_cg1p2um__rpg1p4um,4.68790432134,6.07605330218,6.1550839484939575,252.6847248926069,5.829326184395551,8,fig5_cg3p5um_rpg1p0um__Lj12p0nH_Cj0p0fF__roL8p5mm__tee_fl160um_fc12,4.65151549232,6.42206990109,5.782993409578324,310.4906595751157,6.336782825594393,0.012030155296458962,0.03638882901999985,0.34601659891000036,0.37209053891563304,57.80593468250882,0.5074566411988419
Surrogate_Ridge,43,chip_simple_dx0p909_dy8p182__Lj12p0nH_Cj2p0fF__roL8p5mm__tee_fl160um_fc12_cg1p2um__rpg1p4um,4.68790432134,6.07605330218,6.1550839484939575,252.6847248926069,5.829326184395551,9,fig5_cg3p0um_rpg1p0um__Lj12p0nH_Cj0p0fF__roL8p5mm__tee_fl160um_fc12,4.5918495592,6.3683346429,6.310808488025665,329.7787087605889,6.339102179225892,0.015896838463380577,0.09605476213999964,0.2922813407199998,0.1557245395317075,77.09398386798202,0.5097759948303411
Surrogate_Ridge,43,chip_simple_dx0p909_dy8p182__Lj12p0nH_Cj2p0fF__roL8p5mm__tee_fl160um_fc12_cg1p2um__rpg1p4um,4.68790432134,6.07605330218,6.1550839484939575,252.6847248926069,5.829326184395551,10,fig5_cg2p5um_rpg3p0um__Lj12p0nH_Cj0p0fF__roL8p5mm__tee_fl160um_fc12,4.8216114018,6.30639910885,4.078658870691299,212.78053759295764,5.96985922957307,0.017988322515502024,0.13370708046000068,0.23034580666999993,2.076425077802658,39.904187299649266,0.14053304517751908
Surrogate_Ridge,44,chip_simple_dx1p818_dym7p273__Lj12p0nH_Cj2p0fF__roL8p5mm__tee_fl160um_fc12_cg1p2um__rpg1p4um,4.74666112839,6.08358454415,5.664541106372833,231.1803356314868,5.849984420391888,1,fig5_cg3p0um_rpg2p5um__Lj12p0nH_Cj0p0fF__roL8p5mm__tee_fl160um_fc12,4.89777742204,6.34923094667,4.391671866830825,213.14051325530752,6.096625432754106,0.0011276606283234572,0.15111629364999946,0.2656464025199998,1.2728692395420076,18.039822376179274,0.24664101236221825
Surrogate_Ridge,44,chip_simple_dx1p818_dym7p273__Lj12p0nH_Cj2p0fF__roL8p5mm__tee_fl160um_fc12_cg1p2um__rpg1p4um,4.74666112839,6.08358454415,5.664541106372833,231.1803356314868,5.849984420391888,2,fig5_cg3p0um_rpg2p0um__Lj12p0nH_Cj0p0fF__roL8p5mm__tee_fl160um_fc12,4.85591843529,6.44095110726,4.270610977590561,230.04663618304903,6.1997071597004,0.006237742433715029,0.10925730689999913,0.35736656311000026,1.393930128782272,1.133699448437767,0.34972273930851205
Surrogate_Ridge,44,chip_simple_dx1p818_dym7p273__Lj12p0nH_Cj2p0fF__roL8p5mm__tee_fl160um_fc12_cg1p2um__rpg1p4um,4.74666112839,6.08358454415,5.664541106372833,231.1803356314868,5.849984420391888,3,fig5_cg2p5um_rpg3p0um__Lj12p0nH_Cj0p0fF__roL8p5mm__tee_fl160um_fc12,4.8216114018,6.30639910885,4.078658870691299,212.78053759295764,5.96985922957307,0.006794524657200284,0.07495027340999982,0.22281456470000016,1.5858822356815336,18.399798038529156,0.11987480918118276
Surrogate_Ridge,44,chip_simple_dx1p818_dym7p273__Lj12p0nH_Cj2p0fF__roL8p5mm__tee_fl160um_fc12_cg1p2um__rpg1p4um,4.74666112839,6.08358454415,5.664541106372833,231.1803356314868,5.849984420391888,4,fig5_cg3p0um_rpg3p0um__Lj12p0nH_Cj0p0fF__roL8p5mm__tee_fl160um_fc12,4.91022642408,6.30951729449,3.4180947746620176,181.0996536786009,5.916928558404827,0.00709505918273465,0.16356529568999978,0.22593275034000015,2.2464463317108154,50.0806819528859,0.06694413801293919
Surrogate_Ridge,44,chip_simple_dx1p818_dym7p273__Lj12p0nH_Cj2p0fF__roL8p5mm__tee_fl160um_fc12_cg1p2um__rpg1p4um,4.74666112839,6.08358454415,5.664541106372833,231.1803356314868,5.849984420391888,5,fig5_cg2p5um_rpg2p5um__Lj12p0nH_Cj0p0fF__roL8p5mm__tee_fl160um_fc12,4.86782605146,6.40620544852,4.850844314466476,237.9905673388129,6.17514285459043,0.008542294289924802,0.12116492306999938,0.3226209043699999,0.8136967919063567,6.810231707326096,0.32515843419854207
Surrogate_Ridge,44,chip_simple_dx1p818_dym7p273__Lj12p0nH_Cj2p0fF__roL8p5mm__tee_fl160um_fc12_cg1p2um__rpg1p4um,4.74666112839,6.08358454415,5.664541106372833,231.1803356314868,5.849984420391888,6,fig5_cg3p5um_rpg2p0um__Lj12p0nH_Cj0p0fF__roL8p5mm__tee_fl160um_fc12,4.78544785971,6.42909571039,4.586441499513626,250.3896145461569,6.177842469599042,0.008860434753115005,0.03878673131999921,0.34551116624000056,1.0780996068592072,19.209278914670108,0.3278580492071548
Surrogate_Ridge,44,chip_simple_dx1p818_dym7p273__Lj12p0nH_Cj2p0fF__roL8p5mm__tee_fl160um_fc12_cg1p2um__rpg1p4um,4.74666112839,6.08358454415,5.664541106372833,231.1803356314868,5.849984420391888,7,fig5_cg3p5um_rpg2p5um__Lj12p0nH_Cj0p0fF__roL8p5mm__tee_fl160um_fc12,4.85348773769,6.38790903463,4.356288998512268,225.5893196577544,6.102737650921461,0.011465521134859142,0.10682660929999965,0.30432449048,1.3082521078605653,5.591015973732397,0.25275323052957344
Surrogate_Ridge,44,chip_simple_dx1p818_dym7p273__Lj12p0nH_Cj2p0fF__roL8p5mm__tee_fl160um_fc12_cg1p2um__rpg1p4um,4.74666112839,6.08358454415,5.664541106372833,231.1803356314868,5.849984420391888,8,fig5_cg2p5um_rpg3p5um__Lj12p0nH_Cj0p0fF__roL8p5mm__tee_fl160um_fc12,4.90933450729,6.40357690957,3.7329917837715145,201.2880257934344,6.003674917928219,0.016124235384278526,0.16267337889999922,0.3199923654200001,1.9315493226013185,29.892309838052398,0.15369049753633135
Surrogate_Ridge,44,chip_simple_dx1p818_dym7p273__Lj12p0nH_Cj2p0fF__roL8p5mm__tee_fl160um_fc12_cg1p2um__rpg1p4um,4.74666112839,6.08358454415,5.664541106372833,231.1803356314868,5.849984420391888,9,fig5_cg3p5um_rpg1p5um__Lj12p0nH_Cj0p0fF__roL8p5mm__tee_fl160um_fc12,4.70486631048,6.33112792154,5.111963850152969,266.195772124899,6.191175501007713,0.017332828731173613,0.041794817910000504,0.24754337739000043,0.5525772562198643,35.01543649341221,0.34119108061582537
Surrogate_Ridge,44,chip_simple_dx1p818_dym7p273__Lj12p0nH_Cj2p0fF__roL8p5mm__tee_fl160um_fc12_cg1p2um__rpg1p4um,4.74666112839,6.08358454415,5.664541106372833,231.1803356314868,5.849984420391888,10,fig5_cg2p5um_rpg2p0um__Lj12p0nH_Cj0p0fF__roL8p5mm__tee_fl160um_fc12,4.82985966256,6.3640851834,4.45615377314949,229.1245415394613,6.124821045393385,0.021367544282452074,0.08319853416999923,0.28050063925000046,1.2083873332233432,2.055794092025508,0.2748366250014973
Surrogate_Ridge,45,chip_simple_dx1p818_dy3p636__Lj12p0nH_Cj2p0fF__roL8p5mm__tee_fl160um_fc12_cg1p2um__rpg1p4um,4.7147704111,6.16119909555,5.562345516431808,248.05193508888928,5.9861451046852325,1,fig5_cg3p5um_rpg2p0um__Lj12p0nH_Cj0p0fF__roL8p5mm__tee_fl160um_fc12,4.78544785971,6.42909571039,4.586441499513626,250.3896145461569,6.177842469599042,0.0018588419442940472,0.0706774486099997,0.2678966148400006,0.9759040169181823,2.337679457267626,0.19169736491380984
Surrogate_Ridge,45,chip_simple_dx1p818_dy3p636__Lj12p0nH_Cj2p0fF__roL8p5mm__tee_fl160um_fc12_cg1p2um__rpg1p4um,4.7147704111,6.16119909555,5.562345516431808,248.05193508888928,5.9861451046852325,2,fig5_cg3p0um_rpg2p5um__Lj12p0nH_Cj0p0fF__roL8p5mm__tee_fl160um_fc12,4.89777742204,6.34923094667,4.391671866830825,213.14051325530752,6.096625432754106,0.003025201177184998,0.18300701093999994,0.18803185111999987,1.1706736496009826,34.911421833581755,0.11048032806887331
Surrogate_Ridge,45,chip_simple_dx1p818_dy3p636__Lj12p0nH_Cj2p0fF__roL8p5mm__tee_fl160um_fc12_cg1p2um__rpg1p4um,4.7147704111,6.16119909555,5.562345516431808,248.05193508888928,5.9861451046852325,3,fig5_cg3p0um_rpg2p0um__Lj12p0nH_Cj0p0fF__roL8p5mm__tee_fl160um_fc12,4.85591843529,6.44095110726,4.270610977590561,230.04663618304903,6.1997071597004,0.004919119441708345,0.1411480241899996,0.2797520117100003,1.2917345388412471,18.00529890584025,0.21356205501516712
Surrogate_Ridge,45,chip_simple_dx1p818_dy3p636__Lj12p0nH_Cj2p0fF__roL8p5mm__tee_fl160um_fc12_cg1p2um__rpg1p4um,4.7147704111,6.16119909555,5.562345516431808,248.05193508888928,5.9861451046852325,4,fig5_cg3p5um_rpg1p5um__Lj12p0nH_Cj0p0fF__roL8p5mm__tee_fl160um_fc12,4.70486631048,6.33112792154,5.111963850152969,266.195772124899,6.191175501007713,0.0060789191384248735,0.009904100620000023,0.16992882599000048,0.45038166627883935,18.143837036009728,0.20503039632248043
Surrogate_Ridge,45,chip_simple_dx1p818_dy3p636__Lj12p0nH_Cj2p0fF__roL8p5mm__tee_fl160um_fc12_cg1p2um__rpg1p4um,4.7147704111,6.16119909555,5.562345516431808,248.05193508888928,5.9861451046852325,5,fig5_cg3p5um_rpg2p5um__Lj12p0nH_Cj0p0fF__roL8p5mm__tee_fl160um_fc12,4.85348773769,6.38790903463,4.356288998512268,225.5893196577544,6.102737650921461,0.008347187711072478,0.13871732659000013,0.22670993908000003,1.2060565179195404,22.46261543113488,0.1165925462362285
Surrogate_Ridge,45,chip_simple_dx1p818_dy3p636__Lj12p0nH_Cj2p0fF__roL8p5mm__tee_fl160um_fc12_cg1p2um__rpg1p4um,4.7147704111,6.16119909555,5.562345516431808,248.05193508888928,5.9861451046852325,6,fig5_cg3p0um_rpg3p0um__Lj12p0nH_Cj0p0fF__roL8p5mm__tee_fl160um_fc12,4.91022642408,6.30951729449,3.4180947746620176,181.0996536786009,5.916928558404827,0.011839705873570906,0.19545601298000026,0.1483181989400002,2.1442507417697905,66.95228141028838,0.06921654628040574
Surrogate_Ridge,45,chip_simple_dx1p818_dy3p636__Lj12p0nH_Cj2p0fF__roL8p5mm__tee_fl160um_fc12_cg1p2um__rpg1p4um,4.7147704111,6.16119909555,5.562345516431808,248.05193508888928,5.9861451046852325,7,fig5_cg2p5um_rpg2p5um__Lj12p0nH_Cj0p0fF__roL8p5mm__tee_fl160um_fc12,4.86782605146,6.40620544852,4.850844314466476,237.9905673388129,6.17514285459043,0.015881238261205185,0.15305564035999986,0.24500635296999995,0.7115012019653317,10.061367750076386,0.18899774990519713
Surrogate_Ridge,45,chip_simple_dx1p818_dy3p636__Lj12p0nH_Cj2p0fF__roL8p5mm__tee_fl160um_fc12_cg1p2um__rpg1p4um,4.7147704111,6.16119909555,5.562345516431808,248.05193508888928,5.9861451046852325,8,fig5_cg2p5um_rpg3p0um__Lj12p0nH_Cj0p0fF__roL8p5mm__tee_fl160um_fc12,4.8216114018,6.30639910885,4.078658870691299,212.78053759295764,5.96985922957307,0.01631347892628933,0.1068409907000003,0.1452000133000002,1.4836866457405087,35.27139749593164,0.016285875112162174
Surrogate_Ridge,45,chip_simple_dx1p818_dy3p636__Lj12p0nH_Cj2p0fF__roL8p5mm__tee_fl160um_fc12_cg1p2um__rpg1p4um,4.7147704111,6.16119909555,5.562345516431808,248.05193508888928,5.9861451046852325,9,fig5_cg3p0um_rpg1p5um__Lj12p0nH_Cj0p0fF__roL8p5mm__tee_fl160um_fc12,4.80934135586,6.34266483957,4.7338018228397365,237.2002446708589,6.176728175579623,0.017521460667140953,0.09457094476000005,0.18146574402000049,0.8285436935920716,10.851690418030387,0.19058307089439008
Surrogate_Ridge,45,chip_simple_dx1p818_dy3p636__Lj12p0nH_Cj2p0fF__roL8p5mm__tee_fl160um_fc12_cg1p2um__rpg1p4um,4.7147704111,6.16119909555,5.562345516431808,248.05193508888928,5.9861451046852325,10,fig5_cg3p5um_rpg1p0um__Lj12p0nH_Cj0p0fF__roL8p5mm__tee_fl160um_fc12,4.65151549232,6.42206990109,5.782993409578324,310.4906595751157,6.336782825594393,0.021007419293464943,0.06325491878000022,0.26087080554000064,0.22064789314651634,62.43872448622645,0.3506377209091607
Surrogate_Ridge,46,chip_simple_dx1p818_dy5p455__Lj12p0nH_Cj2p0fF__roL8p5mm__tee_fl160um_fc12_cg1p2um__rpg1p4um,4.76504494824,6.06753025245,5.516957339994431,221.8716816785297,5.805015849622223,1,fig5_cg3p0um_rpg2p5um__Lj12p0nH_Cj0p0fF__roL8p5mm__tee_fl160um_fc12,4.89777742204,6.34923094667,4.391671866830825,213.14051325530752,6.096625432754106,0.0025502467859996104,0.13273247379999997,0.28170069421999955,1.125285473163606,8.731168423222186,0.29160958313188257
Surrogate_Ridge,46,chip_simple_dx1p818_dy5p455__Lj12p0nH_Cj2p0fF__roL8p5mm__tee_fl160um_fc12_cg1p2um__rpg1p4um,4.76504494824,6.06753025245,5.516957339994431,221.8716816785297,5.805015849622223,2,fig5_cg3p0um_rpg3p0um__Lj12p0nH_Cj0p0fF__roL8p5mm__tee_fl160um_fc12,4.91022642408,6.30951729449,3.4180947746620176,181.0996536786009,5.916928558404827,0.0036507186861363824,0.1451814758400003,0.24198704203999988,2.0988625653324138,40.77202799992881,0.11191270878260351
Surrogate_Ridge,46,chip_simple_dx1p818_dy5p455__Lj12p0nH_Cj2p0fF__roL8p5mm__tee_fl160um_fc12_cg1p2um__rpg1p4um,4.76504494824,6.06753025245,5.516957339994431,221.8716816785297,5.805015849622223,3,fig5_cg2p5um_rpg3p0um__Lj12p0nH_Cj0p0fF__roL8p5mm__tee_fl160um_fc12,4.8216114018,6.30639910885,4.078658870691299,212.78053759295764,5.96985922957307,0.005266232537545081,0.05656645356000034,0.23886885639999988,1.438298469303132,9.091144085572068,0.16484337995084708
Surrogate_Ridge,46,chip_simple_dx1p818_dy5p455__Lj12p0nH_Cj2p0fF__roL8p5mm__tee_fl160um_fc12_cg1p2um__rpg1p4um,4.76504494824,6.06753025245,5.516957339994431,221.8716816785297,5.805015849622223,4,fig5_cg2p5um_rpg3p5um__Lj12p0nH_Cj0p0fF__roL8p5mm__tee_fl160um_fc12,4.90933450729,6.40357690957,3.7329917837715145,201.2880257934344,6.003674917928219,0.010110928450440754,0.14428955904999974,0.3360466571199998,1.7839655562229169,20.58365588509531,0.19865906830599567
Surrogate_Ridge,46,chip_simple_dx1p818_dy5p455__Lj12p0nH_Cj2p0fF__roL8p5mm__tee_fl160um_fc12_cg1p2um__rpg1p4um,4.76504494824,6.06753025245,5.516957339994431,221.8716816785297,5.805015849622223,5,fig5_cg3p5um_rpg2p5um__Lj12p0nH_Cj0p0fF__roL8p5mm__tee_fl160um_fc12,4.85348773769,6.38790903463,4.356288998512268,225.5893196577544,6.102737650921461,0.011585349396982768,0.08844278945000017,0.3203787821799997,1.1606683414821637,3.7176379792246905,0.29772180129923775
Surrogate_Ridge,46,chip_simple_dx1p818_dy5p455__Lj12p0nH_Cj2p0fF__roL8p5mm__tee_fl160um_fc12_cg1p2um__rpg1p4um,4.76504494824,6.06753025245,5.516957339994431,221.8716816785297,5.805015849622223,6,fig5_cg2p5um_rpg2p5um__Lj12p0nH_Cj0p0fF__roL8p5mm__tee_fl160um_fc12,4.86782605146,6.40620544852,4.850844314466476,237.9905673388129,6.17514285459043,0.012231980396531485,0.10278110321999989,0.33867519606999963,0.666113025527955,16.118885660283183,0.3701270049682064
Surrogate_Ridge,46,chip_simple_dx1p818_dy5p455__Lj12p0nH_Cj2p0fF__roL8p5mm__tee_fl160um_fc12_cg1p2um__rpg1p4um,4.76504494824,6.06753025245,5.516957339994431,221.8716816785297,5.805015849622223,7,fig5_cg3p0um_rpg2p0um__Lj12p0nH_Cj0p0fF__roL8p5mm__tee_fl160um_fc12,4.85591843529,6.44095110726,4.270610977590561,230.04663618304903,6.1997071597004,0.013260218657744925,0.09087348704999965,0.37342085481,1.2463463624038704,8.17495450451932,0.39469131007817637
Surrogate_Ridge,46,chip_simple_dx1p818_dy5p455__Lj12p0nH_Cj2p0fF__roL8p5mm__tee_fl160um_fc12_cg1p2um__rpg1p4um,4.76504494824,6.06753025245,5.516957339994431,221.8716816785297,5.805015849622223,8,fig5_cg3p5um_rpg2p0um__Lj12p0nH_Cj0p0fF__roL8p5mm__tee_fl160um_fc12,4.78544785971,6.42909571039,4.586441499513626,250.3896145461569,6.177842469599042,0.01422910150960491,0.02040291146999973,0.3615654579400003,0.9305158404808056,28.517932867627195,0.3728266199768191
Surrogate_Ridge,46,chip_simple_dx1p818_dy5p455__Lj12p0nH_Cj2p0fF__roL8p5mm__tee_fl160um_fc12_cg1p2um__rpg1p4um,4.76504494824,6.06753025245,5.516957339994431,221.8716816785297,5.805015849622223,9,fig5_cg2p0um_rpg3p5um__Lj12p0nH_Cj0p0fF__roL8p5mm__tee_fl160um_fc12,4.92988654864,6.34828832398,4.071626393825531,199.5447640637109,5.952483565984568,0.022377058764241325,0.16484160039999995,0.2807580715300002,1.4453309461689008,22.326917614818825,0.14746771636234435
Surrogate_Ridge,46,chip_simple_dx1p818_dy5p455__Lj12p0nH_Cj2p0fF__roL8p5mm__tee_fl160um_fc12_cg1p2um__rpg1p4um,4.76504494824,6.06753025245,5.516957339994431,221.8716816785297,5.805015849622223,10,fig5_cg2p0um_rpg3p0um__Lj12p0nH_Cj0p0fF__roL8p5mm__tee_fl160um_fc12,4.90691227134,6.26460466713,4.076762608140945,192.584502898011,5.878506475506168,0.02559858261046883,0.1418673231000005,0.1970744146800003,1.4401947318534862,29.2871787805187,0.07349062588394428
Surrogate_Ridge,47,chip_simple_dx2p727_dym10p000__Lj12p0nH_Cj2p0fF__roL8p5mm__tee_fl160um_fc12_cg1p2um__rpg1p4um,4.74229331487,6.15078958492,5.620493009893417,241.95026076677843,5.9601362593327005,1,fig5_cg3p0um_rpg2p5um__Lj12p0nH_Cj0p0fF__roL8p5mm__tee_fl160um_fc12,4.89777742204,6.34923094667,4.391671866830825,213.14051325530752,6.096625432754106,0.0014530292353315084,0.1554841071699995,0.1984413617499996,1.228821143062592,28.809747511470903,0.13648917342140532
Surrogate_Ridge,47,chip_simple_dx2p727_dym10p000__Lj12p0nH_Cj2p0fF__roL8p5mm__tee_fl160um_fc12_cg1p2um__rpg1p4um,4.74229331487,6.15078958492,5.620493009893417,241.95026076677843,5.9601362593327005,2,fig5_cg3p5um_rpg2p0um__Lj12p0nH_Cj0p0fF__roL8p5mm__tee_fl160um_fc12,4.78544785971,6.42909571039,4.586441499513626,250.3896145461569,6.177842469599042,0.0033537512071168092,0.043154544839999254,0.27830612547000033,1.0340515103797916,8.439353779378479,0.21770621026634185
Surrogate_Ridge,47,chip_simple_dx2p727_dym10p000__Lj12p0nH_Cj2p0fF__roL8p5mm__tee_fl160um_fc12_cg1p2um__rpg1p4um,4.74229331487,6.15078958492,5.620493009893417,241.95026076677843,5.9601362593327005,3,fig5_cg3p0um_rpg2p0um__Lj12p0nH_Cj0p0fF__roL8p5mm__tee_fl160um_fc12,4.85591843529,6.44095110726,4.270610977590561,230.04663618304903,6.1997071597004,0.004066168958216139,0.11362512041999917,0.29016152234000003,1.3498820323028564,11.903624583729396,0.23957090036769912
Surrogate_Ridge,47,chip_simple_dx2p727_dym10p000__Lj12p0nH_Cj2p0fF__roL8p5mm__tee_fl160um_fc12_cg1p2um__rpg1p4um,4.74229331487,6.15078958492,5.620493009893417,241.95026076677843,5.9601362593327005,4,fig5_cg3p5um_rpg1p5um__Lj12p0nH_Cj0p0fF__roL8p5mm__tee_fl160um_fc12,4.70486631048,6.33112792154,5.111963850152969,266.195772124899,6.191175501007713,0.008673693623831804,0.03742700439000046,0.1803383366200002,0.5085291597404487,24.24551135812058,0.23103924167501244
Surrogate_Ridge,47,chip_simple_dx2p727_dym10p000__Lj12p0nH_Cj2p0fF__roL8p5mm__tee_fl160um_fc12_cg1p2um__rpg1p4um,4.74229331487,6.15078958492,5.620493009893417,241.95026076677843,5.9601362593327005,5,fig5_cg3p5um_rpg2p5um__Lj12p0nH_Cj0p0fF__roL8p5mm__tee_fl160um_fc12,4.85348773769,6.38790903463,4.356288998512268,225.5893196577544,6.102737650921461,0.008809867298554791,0.1111944228199997,0.23711944970999976,1.2642040113811497,16.360941109024026,0.1426013915887605
Surrogate_Ridge,47,chip_simple_dx2p727_dym10p000__Lj12p0nH_Cj2p0fF__roL8p5mm__tee_fl160um_fc12_cg1p2um__rpg1p4um,4.74229331487,6.15078958492,5.620493009893417,241.95026076677843,5.9601362593327005,6,fig5_cg3p0um_rpg3p0um__Lj12p0nH_Cj0p0fF__roL8p5mm__tee_fl160um_fc12,4.91022642408,6.30951729449,3.4180947746620176,181.0996536786009,5.916928558404827,0.009615948020599856,0.16793310920999982,0.15872770956999993,2.2023982352313998,60.850607088177526,0.04320770092787374
Surrogate_Ridge,47,chip_simple_dx2p727_dym10p000__Lj12p0nH_Cj2p0fF__roL8p5mm__tee_fl160um_fc12_cg1p2um__rpg1p4um,4.74229331487,6.15078958492,5.620493009893417,241.95026076677843,5.9601362593327005,7,fig5_cg2p5um_rpg2p5um__Lj12p0nH_Cj0p0fF__roL8p5mm__tee_fl160um_fc12,4.86782605146,6.40620544852,4.850844314466476,237.9905673388129,6.17514285459043,0.011985487963672286,0.12553273658999942,0.2554158635999997,0.769648695426941,3.959693427965533,0.21500659525772914
Surrogate_Ridge,47,chip_simple_dx2p727_dym10p000__Lj12p0nH_Cj2p0fF__roL8p5mm__tee_fl160um_fc12_cg1p2um__rpg1p4um,4.74229331487,6.15078958492,5.620493009893417,241.95026076677843,5.9601362593327005,8,fig5_cg2p5um_rpg3p0um__Lj12p0nH_Cj0p0fF__roL8p5mm__tee_fl160um_fc12,4.8216114018,6.30639910885,4.078658870691299,212.78053759295764,5.96985922957307,0.01207915093461803,0.07931808692999986,0.15560952392999994,1.541834139202118,29.169723173820785,0.009722970240369833
Surrogate_Ridge,47,chip_simple_dx2p727_dym10p000__Lj12p0nH_Cj2p0fF__roL8p5mm__tee_fl160um_fc12_cg1p2um__rpg1p4um,4.74229331487,6.15078958492,5.620493009893417,241.95026076677843,5.9601362593327005,9,fig5_cg3p0um_rpg1p5um__Lj12p0nH_Cj0p0fF__roL8p5mm__tee_fl160um_fc12,4.80934135586,6.34266483957,4.7338018228397365,237.2002446708589,6.176728175579623,0.01745536718925375,0.06704804098999961,0.19187525465000022,0.8866911870536809,4.750016095919534,0.2165919162469221
Surrogate_Ridge,47,chip_simple_dx2p727_dym10p000__Lj12p0nH_Cj2p0fF__roL8p5mm__tee_fl160um_fc12_cg1p2um__rpg1p4um,4.74229331487,6.15078958492,5.620493009893417,241.95026076677843,5.9601362593327005,10,fig5_cg2p5um_rpg2p0um__Lj12p0nH_Cj0p0fF__roL8p5mm__tee_fl160um_fc12,4.82985966256,6.3640851834,4.45615377314949,229.1245415394613,6.124821045393385,0.02266788350087953,0.08756634768999927,0.21329559848000024,1.1643392367439276,12.825719227317137,0.16468478606068437
Surrogate_Ridge,48,chip_simple_dx3p636_dym5p455__Lj12p0nH_Cj2p0fF__roL8p5mm__tee_fl160um_fc12_cg1p2um__rpg1p4um,4.63197173575,6.19329916872,6.540510196891784,294.34437514212726,6.010793791569966,1,fig5_cg3p5um_rpg0p5um__Lj12p0nH_Cj0p0fF__roL8p5mm__tee_fl160um_fc12,4.48458805947,6.33290774525,6.273954957790375,350.28792536348936,6.333902670879128,0.0016132085863232292,0.1473836762799996,0.1396085765299997,0.2665552391014092,55.9435502213621,0.32310887930916277
Surrogate_Ridge,48,chip_simple_dx3p636_dym5p455__Lj12p0nH_Cj2p0fF__roL8p5mm__tee_fl160um_fc12_cg1p2um__rpg1p4um,4.63197173575,6.19329916872,6.540510196891784,294.34437514212726,6.010793791569966,2,fig5_cg3p5um_rpg1p0um__Lj12p0nH_Cj0p0fF__roL8p5mm__tee_fl160um_fc12,4.65151549232,6.42206990109,5.782993409578324,310.4906595751157,6.336782825594393,0.0020665339664106917,0.01954375657000007,0.22877073237000012,0.7575167873134596,16.146284432988466,0.3259890340244276
Surrogate_Ridge,48,chip_simple_dx3p636_dym5p455__Lj12p0nH_Cj2p0fF__roL8p5mm__tee_fl160um_fc12_cg1p2um__rpg1p4um,4.63197173575,6.19329916872,6.540510196891784,294.34437514212726,6.010793791569966,3,fig5_cg3p0um_rpg1p0um__Lj12p0nH_Cj0p0fF__roL8p5mm__tee_fl160um_fc12,4.5918495592,6.3683346429,6.310808488025665,329.7787087605889,6.339102179225892,0.004166809620131204,0.04012217654999972,0.17503547417999954,0.22970170886611907,35.434333618461665,0.32830838765592674
Surrogate_Ridge,48,chip_simple_dx3p636_dym5p455__Lj12p0nH_Cj2p0fF__roL8p5mm__tee_fl160um_fc12_cg1p2um__rpg1p4um,4.63197173575,6.19329916872,6.540510196891784,294.34437514212726,6.010793791569966,4,fig5_cg3p0um_rpg1p5um__Lj12p0nH_Cj0p0fF__roL8p5mm__tee_fl160um_fc12,4.80934135586,6.34266483957,4.7338018228397365,237.2002446708589,6.176728175579623,0.006308146256962733,0.17736962011000035,0.14936567084999997,1.8067083740520475,57.14413047126837,0.165934384009657
Surrogate_Ridge,48,chip_simple_dx3p636_dym5p455__Lj12p0nH_Cj2p0fF__roL8p5mm__tee_fl160um_fc12_cg1p2um__rpg1p4um,4.63197173575,6.19329916872,6.540510196891784,294.34437514212726,6.010793791569966,5,fig5_cg4p0um_rpg0p5um__Lj12p0nH_Cj0p0fF__roL8p5mm__tee_fl160um_fc12,4.52155001594,6.39443554908,6.552557450353622,359.2700242399351,6.454069012219757,0.006766645585428811,0.11042171980999971,0.20113638035999948,0.012047253461838103,64.92564909780782,0.44327522064979163
Surrogate_Ridge,48,chip_simple_dx3p636_dym5p455__Lj12p0nH_Cj2p0fF__roL8p5mm__tee_fl160um_fc12_cg1p2um__rpg1p4um,4.63197173575,6.19329916872,6.540510196891784,294.34437514212726,6.010793791569966,6,fig5_cg3p5um_rpg1p5um__Lj12p0nH_Cj0p0fF__roL8p5mm__tee_fl160um_fc12,4.70486631048,6.33112792154,5.111963850152969,266.195772124899,6.191175501007713,0.010275634732469046,0.07289457473000027,0.13782875281999996,1.4285463467388153,28.148603017228254,0.18038170943774734
Surrogate_Ridge,48,chip_simple_dx3p636_dym5p455__Lj12p0nH_Cj2p0fF__roL8p5mm__tee_fl160um_fc12_cg1p2um__rpg1p4um,4.63197173575,6.19329916872,6.540510196891784,294.34437514212726,6.010793791569966,7,fig5_cg3p0um_rpg2p0um__Lj12p0nH_Cj0p0fF__roL8p5mm__tee_fl160um_fc12,4.85591843529,6.44095110726,4.270610977590561,230.04663618304903,6.1997071597004,0.016205258279765166,0.2239466995399999,0.24765193853999978,2.269899219301223,64.29773895907823,0.18891336813043402
Surrogate_Ridge,48,chip_simple_dx3p636_dym5p455__Lj12p0nH_Cj2p0fF__roL8p5mm__tee_fl160um_fc12_cg1p2um__rpg1p4um,4.63197173575,6.19329916872,6.540510196891784,294.34437514212726,6.010793791569966,8,fig5_cg2p5um_rpg2p0um__Lj12p0nH_Cj0p0fF__roL8p5mm__tee_fl160um_fc12,4.82985966256,6.3640851834,4.45615377314949,229.1245415394613,6.124821045393385,0.01949148245708495,0.19788792681,0.17078601468,2.0843564237422942,65.21983360266597,0.11402725382341927
Surrogate_Ridge,48,chip_simple_dx3p636_dym5p455__Lj12p0nH_Cj2p0fF__roL8p5mm__tee_fl160um_fc12_cg1p2um__rpg1p4um,4.63197173575,6.19329916872,6.540510196891784,294.34437514212726,6.010793791569966,9,fig5_cg4p5um_rpg0p5um__Lj12p0nH_Cj0p0fF__roL8p5mm__tee_fl160um_fc12,4.51249644149,6.35090511355,6.372151983530045,348.6053033569676,6.370880057120116,0.02524155936658733,0.11947529425999992,0.15760594482999934,0.1683582133617394,54.26092821484036,0.36008626555015066
Surrogate_Ridge,48,chip_simple_dx3p636_dym5p455__Lj12p0nH_Cj2p0fF__roL8p5mm__tee_fl160um_fc12_cg1p2um__rpg1p4um,4.63197173575,6.19329916872,6.540510196891784,294.34437514212726,6.010793791569966,10,fig5_cg3p5um_rpg2p0um__Lj12p0nH_Cj0p0fF__roL8p5mm__tee_fl160um_fc12,4.78544785971,6.42909571039,4.586441499513626,250.3896145461569,6.177842469599042,0.02624051088449828,0.15347612396,0.23579654167000008,1.9540686973781582,43.954760595970356,0.16704867802907675
Surrogate_Ridge,49,chip_simple_dx4p545_dym9p091__Lj12p0nH_Cj2p0fF__roL8p5mm__tee_fl160um_fc12_cg1p2um__rpg1p4um,4.69845603184,6.03996782339,6.099931291072846,243.1226746857453,5.71065108426744,1,fig5_cg3p0um_rpg2p0um__Lj12p0nH_Cj0p0fF__roL8p5mm__tee_fl160um_fc12,4.85591843529,6.44095110726,4.270610977590561,230.04663618304903,6.1997071597004,0.0027838330052100506,0.1574624034499994,0.4009832838700005,1.8293203134822846,13.076038502696264,0.48905607543296004
Surrogate_Ridge,49,chip_simple_dx4p545_dym9p091__Lj12p0nH_Cj2p0fF__roL8p5mm__tee_fl160um_fc12_cg1p2um__rpg1p4um,4.69845603184,6.03996782339,6.099931291072846,243.1226746857453,5.71065108426744,2,fig5_cg2p5um_rpg2p5um__Lj12p0nH_Cj0p0fF__roL8p5mm__tee_fl160um_fc12,4.86782605146,6.40620544852,4.850844314466476,237.9905673388129,6.17514285459043,0.005584501016242986,0.16937001961999965,0.36623762513000013,1.2490869766063692,5.132107346932401,0.46449177032299005
Surrogate_Ridge,49,chip_simple_dx4p545_dym9p091__Lj12p0nH_Cj2p0fF__roL8p5mm__tee_fl160um_fc12_cg1p2um__rpg1p4um,4.69845603184,6.03996782339,6.099931291072846,243.1226746857453,5.71065108426744,3,fig5_cg3p0um_rpg2p5um__Lj12p0nH_Cj0p0fF__roL8p5mm__tee_fl160um_fc12,4.89777742204,6.34923094667,4.391671866830825,213.14051325530752,6.096625432754106,0.006759098050755116,0.19932139019999973,0.30926312328000005,1.7082594242420202,29.98216143043777,0.38597434848666623
Surrogate_Ridge,49,chip_simple_dx4p545_dym9p091__Lj12p0nH_Cj2p0fF__roL8p5mm__tee_fl160um_fc12_cg1p2um__rpg1p4um,4.69845603184,6.03996782339,6.099931291072846,243.1226746857453,5.71065108426744,4,fig5_cg2p5um_rpg2p0um__Lj12p0nH_Cj0p0fF__roL8p5mm__tee_fl160um_fc12,4.82985966256,6.3640851834,4.45615377314949,229.1245415394613,6.124821045393385,0.008153903006242353,0.1314036307199995,0.3241173600100007,1.6437775179233558,13.998133146284005,0.4141699611259453
Surrogate_Ridge,49,chip_simple_dx4p545_dym9p091__Lj12p0nH_Cj2p0fF__roL8p5mm__tee_fl160um_fc12_cg1p2um__rpg1p4um,4.69845603184,6.03996782339,6.099931291072846,243.1226746857453,5.71065108426744,5,fig5_cg3p0um_rpg1p5um__Lj12p0nH_Cj0p0fF__roL8p5mm__tee_fl160um_fc12,4.80934135586,6.34266483957,4.7338018228397365,237.2002446708589,6.176728175579623,0.00858685152479841,0.11088532401999984,0.30269701618000067,1.366129468233109,5.922430014886402,0.466077091312183
Surrogate_Ridge,49,chip_simple_dx4p545_dym9p091__Lj12p0nH_Cj2p0fF__roL8p5mm__tee_fl160um_fc12_cg1p2um__rpg1p4um,4.69845603184,6.03996782339,6.099931291072846,243.1226746857453,5.71065108426744,6,fig5_cg3p5um_rpg1p5um__Lj12p0nH_Cj0p0fF__roL8p5mm__tee_fl160um_fc12,4.70486631048,6.33112792154,5.111963850152969,266.195772124899,6.191175501007713,0.012146526913134914,0.006410278639999767,0.29116009815000066,0.9879674409198769,23.073097439153713,0.48052441674027335
Surrogate_Ridge,49,chip_simple_dx4p545_dym9p091__Lj12p0nH_Cj2p0fF__roL8p5mm__tee_fl160um_fc12_cg1p2um__rpg1p4um,4.69845603184,6.03996782339,6.099931291072846,243.1226746857453,5.71065108426744,7,fig5_cg2p5um_rpg3p0um__Lj12p0nH_Cj0p0fF__roL8p5mm__tee_fl160um_fc12,4.8216114018,6.30639910885,4.078658870691299,212.78053759295764,5.96985922957307,0.012793382591377047,0.1231553699600001,0.2664312854600004,2.021272420381546,30.342137092787652,0.25920814530563074
Surrogate_Ridge,49,chip_simple_dx4p545_dym9p091__Lj12p0nH_Cj2p0fF__roL8p5mm__tee_fl160um_fc12_cg1p2um__rpg1p4um,4.69845603184,6.03996782339,6.099931291072846,243.1226746857453,5.71065108426744,8,fig5_cg3p5um_rpg2p0um__Lj12p0nH_Cj0p0fF__roL8p5mm__tee_fl160um_fc12,4.78544785971,6.42909571039,4.586441499513626,250.3896145461569,6.177842469599042,0.012888175429090995,0.08699182786999948,0.3891278870000008,1.5134897915592198,7.266939860411611,0.46719138533160276
Surrogate_Ridge,49,chip_simple_dx4p545_dym9p091__Lj12p0nH_Cj2p0fF__roL8p5mm__tee_fl160um_fc12_cg1p2um__rpg1p4um,4.69845603184,6.03996782339,6.099931291072846,243.1226746857453,5.71065108426744,9,fig5_cg2p0um_rpg2p5um__Lj12p0nH_Cj0p0fF__roL8p5mm__tee_fl160um_fc12,4.88081947033,6.29200362079,4.710222612869263,215.78136757047287,6.007573423867593,0.01988431640664411,0.18236343848999947,0.2520357974000005,1.3897086782035828,27.34130711527243,0.2969223396001537
Surrogate_Ridge,49,chip_simple_dx4p545_dym9p091__Lj12p0nH_Cj2p0fF__roL8p5mm__tee_fl160um_fc12_cg1p2um__rpg1p4um,4.69845603184,6.03996782339,6.099931291072846,243.1226746857453,5.71065108426744,10,fig5_cg3p0um_rpg3p0um__Lj12p0nH_Cj0p0fF__roL8p5mm__tee_fl160um_fc12,4.91022642408,6.30951729449,3.4180947746620176,181.0996536786009,5.916928558404827,0.02051264666143362,0.21177039224000005,0.2695494711000004,2.681836516410828,62.02302100714439,0.20627747413738717
Surrogate_Ridge,50,chip_simple_dx4p545_dym4p545__Lj12p0nH_Cj2p0fF__roL8p5mm__tee_fl160um_fc12_cg1p2um__rpg1p4um,4.67643617071,6.11785108748,6.043482551631927,259.952537892804,5.857168214888497,1,fig5_cg3p0um_rpg2p0um__Lj12p0nH_Cj0p0fF__roL8p5mm__tee_fl160um_fc12,4.85591843529,6.44095110726,4.270610977590561,230.04663618304903,6.1997071597004,0.002415627995089465,0.17948226457999983,0.32310001978,1.7728715740413659,29.90590170975497,0.3425389448119027
Surrogate_Ridge,50,chip_simple_dx4p545_dym4p545__Lj12p0nH_Cj2p0fF__roL8p5mm__tee_fl160um_fc12_cg1p2um__rpg1p4um,4.67643617071,6.11785108748,6.043482551631927,259.952537892804,5.857168214888497,2,fig5_cg3p5um_rpg1p5um__Lj12p0nH_Cj0p0fF__roL8p5mm__tee_fl160um_fc12,4.70486631048,6.33112792154,5.111963850152969,266.195772124899,6.191175501007713,0.003733659241010382,0.028430139770000196,0.2132768340600002,0.9315187014789581,6.243234232095006,0.33400728611921604
Surrogate_Ridge,50,chip_simple_dx4p545_dym4p545__Lj12p0nH_Cj2p0fF__roL8p5mm__tee_fl160um_fc12_cg1p2um__rpg1p4um,4.67643617071,6.11785108748,6.043482551631927,259.952537892804,5.857168214888497,3,fig5_cg3p0um_rpg1p5um__Lj12p0nH_Cj0p0fF__roL8p5mm__tee_fl160um_fc12,4.80934135586,6.34266483957,4.7338018228397365,237.2002446708589,6.176728175579623,0.004475317348713108,0.13290518515000027,0.2248137520900002,1.3096807287921903,22.75229322194511,0.3195599606911257
Surrogate_Ridge,50,chip_simple_dx4p545_dym4p545__Lj12p0nH_Cj2p0fF__roL8p5mm__tee_fl160um_fc12_cg1p2um__rpg1p4um,4.67643617071,6.11785108748,6.043482551631927,259.952537892804,5.857168214888497,4,fig5_cg3p5um_rpg1p0um__Lj12p0nH_Cj0p0fF__roL8p5mm__tee_fl160um_fc12,4.65151549232,6.42206990109,5.782993409578324,310.4906595751157,6.336782825594393,0.008190351176830112,0.024920678390000006,0.30421881361000036,0.2604891420536024,50.538121682311726,0.4796146107058963
Surrogate_Ridge,50,chip_simple_dx4p545_dym4p545__Lj12p0nH_Cj2p0fF__roL8p5mm__tee_fl160um_fc12_cg1p2um__rpg1p4um,4.67643617071,6.11785108748,6.043482551631927,259.952537892804,5.857168214888497,5,fig5_cg3p5um_rpg2p0um__Lj12p0nH_Cj0p0fF__roL8p5mm__tee_fl160um_fc12,4.78544785971,6.42909571039,4.586441499513626,250.3896145461569,6.177842469599042,0.008636955068827131,0.10901168899999991,0.3112446229100003,1.457041052118301,9.562923346647096,0.32067425471054545
Surrogate_Ridge,50,chip_simple_dx4p545_dym4p545__Lj12p0nH_Cj2p0fF__roL8p5mm__tee_fl160um_fc12_cg1p2um__rpg1p4um,4.67643617071,6.11785108748,6.043482551631927,259.952537892804,5.857168214888497,6,fig5_cg3p0um_rpg2p5um__Lj12p0nH_Cj0p0fF__roL8p5mm__tee_fl160um_fc12,4.89777742204,6.34923094667,4.391671866830825,213.14051325530752,6.096625432754106,0.009715926405102314,0.22134125133000015,0.2313798591899996,1.6518106848011014,46.81202463749648,0.23945721786560892
Surrogate_Ridge,50,chip_simple_dx4p545_dym4p545__Lj12p0nH_Cj2p0fF__roL8p5mm__tee_fl160um_fc12_cg1p2um__rpg1p4um,4.67643617071,6.11785108748,6.043482551631927,259.952537892804,5.857168214888497,7,fig5_cg2p5um_rpg2p0um__Lj12p0nH_Cj0p0fF__roL8p5mm__tee_fl160um_fc12,4.82985966256,6.3640851834,4.45615377314949,229.1245415394613,6.124821045393385,0.011778033091551055,0.15342349184999993,0.24623409592000023,1.587328778482437,30.827996353342712,0.267652830504888
Surrogate_Ridge,50,chip_simple_dx4p545_dym4p545__Lj12p0nH_Cj2p0fF__roL8p5mm__tee_fl160um_fc12_cg1p2um__rpg1p4um,4.67643617071,6.11785108748,6.043482551631927,259.952537892804,5.857168214888497,8,fig5_cg2p5um_rpg2p5um__Lj12p0nH_Cj0p0fF__roL8p5mm__tee_fl160um_fc12,4.86782605146,6.40620544852,4.850844314466476,237.9905673388129,6.17514285459043,0.01211534632012351,0.19138988075000007,0.2883543610399997,1.1926382371654505,21.961970553991108,0.31797463970193274
Surrogate_Ridge,50,chip_simple_dx4p545_dym4p545__Lj12p0nH_Cj2p0fF__roL8p5mm__tee_fl160um_fc12_cg1p2um__rpg1p4um,4.67643617071,6.11785108748,6.043482551631927,259.952537892804,5.857168214888497,9,fig5_cg3p0um_rpg1p0um__Lj12p0nH_Cj0p0fF__roL8p5mm__tee_fl160um_fc12,4.5918495592,6.3683346429,6.310808488025665,329.7787087605889,6.339102179225892,0.015894994465973235,0.0845866115099998,0.2504835554199998,0.26732593639373814,69.82617086778492,0.48193396433739544
Surrogate_Ridge,50,chip_simple_dx4p545_dym4p545__Lj12p0nH_Cj2p0fF__roL8p5mm__tee_fl160um_fc12_cg1p2um__rpg1p4um,4.67643617071,6.11785108748,6.043482551631927,259.952537892804,5.857168214888497,10,fig5_cg2p5um_rpg3p0um__Lj12p0nH_Cj0p0fF__roL8p5mm__tee_fl160um_fc12,4.8216114018,6.30639910885,4.078658870691299,212.78053759295764,5.96985922957307,0.021812647312332466,0.14517523109000052,0.18854802136999993,1.9648236809406274,47.17200029984636,0.11269101468457343
Surrogate_Ridge,51,chip_simple_dx4p545_dym3p636__Lj12p0nH_Cj2p0fF__roL8p5mm__tee_fl160um_fc12_cg1p2um__rpg1p4um,4.75526161807,6.06820241703,5.393554075391769,221.40091609806976,5.765231944176255,1,fig5_cg3p0um_rpg3p0um__Lj12p0nH_Cj0p0fF__roL8p5mm__tee_fl160um_fc12,4.91022642408,6.30951729449,3.4180947746620176,181.0996536786009,5.916928558404827,0.002844798469618935,0.15496480601000062,0.2413148774599998,1.9754593007297516,40.301262419468856,0.1516966142285714
Surrogate_Ridge,51,chip_simple_dx4p545_dym3p636__Lj12p0nH_Cj2p0fF__roL8p5mm__tee_fl160um_fc12_cg1p2um__rpg1p4um,4.75526161807,6.06820241703,5.393554075391769,221.40091609806976,5.765231944176255,2,fig5_cg3p0um_rpg2p5um__Lj12p0nH_Cj0p0fF__roL8p5mm__tee_fl160um_fc12,4.89777742204,6.34923094667,4.391671866830825,213.14051325530752,6.096625432754106,0.0037490978055417967,0.1425158039700003,0.28102852963999947,1.0018822085609438,8.260402842762232,0.33139348857785045
Surrogate_Ridge,51,chip_simple_dx4p545_dym3p636__Lj12p0nH_Cj2p0fF__roL8p5mm__tee_fl160um_fc12_cg1p2um__rpg1p4um,4.75526161807,6.06820241703,5.393554075391769,221.40091609806976,5.765231944176255,3,fig5_cg2p5um_rpg3p0um__Lj12p0nH_Cj0p0fF__roL8p5mm__tee_fl160um_fc12,4.8216114018,6.30639910885,4.078658870691299,212.78053759295764,5.96985922957307,0.007354306681502912,0.06634978373000067,0.2381966918199998,1.3148952047004698,8.620378505112114,0.20462728539681496
Surrogate_Ridge,51,chip_simple_dx4p545_dym3p636__Lj12p0nH_Cj2p0fF__roL8p5mm__tee_fl160um_fc12_cg1p2um__rpg1p4um,4.75526161807,6.06820241703,5.393554075391769,221.40091609806976,5.765231944176255,4,fig5_cg2p5um_rpg3p5um__Lj12p0nH_Cj0p0fF__roL8p5mm__tee_fl160um_fc12,4.90933450729,6.40357690957,3.7329917837715145,201.2880257934344,6.003674917928219,0.0100467179997666,0.15407288922000006,0.33537449253999974,1.6605622916202547,20.112890304635357,0.23844297375196355
Surrogate_Ridge,51,chip_simple_dx4p545_dym3p636__Lj12p0nH_Cj2p0fF__roL8p5mm__tee_fl160um_fc12_cg1p2um__rpg1p4um,4.75526161807,6.06820241703,5.393554075391769,221.40091609806976,5.765231944176255,5,fig5_cg3p5um_rpg2p5um__Lj12p0nH_Cj0p0fF__roL8p5mm__tee_fl160um_fc12,4.85348773769,6.38790903463,4.356288998512268,225.5893196577544,6.102737650921461,0.010201157530346335,0.0982261196200005,0.31970661759999963,1.0372650768795015,4.1884035596846445,0.33750570674520564
Surrogate_Ridge,51,chip_simple_dx4p545_dym3p636__Lj12p0nH_Cj2p0fF__roL8p5mm__tee_fl160um_fc12_cg1p2um__rpg1p4um,4.75526161807,6.06820241703,5.393554075391769,221.40091609806976,5.765231944176255,6,fig5_cg3p5um_rpg2p0um__Lj12p0nH_Cj0p0fF__roL8p5mm__tee_fl160um_fc12,4.78544785971,6.42909571039,4.586441499513626,250.3896145461569,6.177842469599042,0.014702167520455754,0.030186241640000055,0.3608932933600002,0.8071125758781434,28.98869844808715,0.412610525422787
Surrogate_Ridge,51,chip_simple_dx4p545_dym3p636__Lj12p0nH_Cj2p0fF__roL8p5mm__tee_fl160um_fc12_cg1p2um__rpg1p4um,4.75526161807,6.06820241703,5.393554075391769,221.40091609806976,5.765231944176255,7,fig5_cg3p0um_rpg2p0um__Lj12p0nH_Cj0p0fF__roL8p5mm__tee_fl160um_fc12,4.85591843529,6.44095110726,4.270610977590561,230.04663618304903,6.1997071597004,0.016792986162117222,0.10065681721999997,0.3727486902299999,1.1229430978012083,8.645720084979274,0.43447521552414425
Surrogate_Ridge,51,chip_simple_dx4p545_dym3p636__Lj12p0nH_Cj2p0fF__roL8p5mm__tee_fl160um_fc12_cg1p2um__rpg1p4um,4.75526161807,6.06820241703,5.393554075391769,221.40091609806976,5.765231944176255,8,fig5_cg2p5um_rpg2p5um__Lj12p0nH_Cj0p0fF__roL8p5mm__tee_fl160um_fc12,4.86782605146,6.40620544852,4.850844314466476,237.9905673388129,6.17514285459043,0.01680148438389178,0.11256443339000022,0.33800303148999955,0.5427097609252929,16.589651240743137,0.40991091041417427
Surrogate_Ridge,51,chip_simple_dx4p545_dym3p636__Lj12p0nH_Cj2p0fF__roL8p5mm__tee_fl160um_fc12_cg1p2um__rpg1p4um,4.75526161807,6.06820241703,5.393554075391769,221.40091609806976,5.765231944176255,9,fig5_cg2p5um_rpg4p0um__Lj12p0nH_Cj0p0fF__roL8p5mm__tee_fl160um_fc12,4.97746029131,6.34846078021,3.4394829423675537,176.0279190752371,5.892001031860305,0.02487871833868282,0.2221986732400003,0.28025836317999975,1.9540711330242155,45.372997022832664,0.1267690876840497
Surrogate_Ridge,51,chip_simple_dx4p545_dym3p636__Lj12p0nH_Cj2p0fF__roL8p5mm__tee_fl160um_fc12_cg1p2um__rpg1p4um,4.75526161807,6.06820241703,5.393554075391769,221.40091609806976,5.765231944176255,10,fig5_cg2p0um_rpg3p5um__Lj12p0nH_Cj0p0fF__roL8p5mm__tee_fl160um_fc12,4.92988654864,6.34828832398,4.071626393825531,199.5447640637109,5.952483565984568,0.025517794148339105,0.17462493057000028,0.28008590695000013,1.3219276815662386,21.85615203435887,0.18725162180831223
Surrogate_Ridge,52,chip_simple_dx5p455_dym7p273__Lj12p0nH_Cj2p0fF__roL8p5mm__tee_fl160um_fc12_cg1p2um__rpg1p4um,4.77651693144,6.01267430814,5.288875754322052,206.53408976781333,5.687153108335405,1,fig5_cg3p0um_rpg3p0um__Lj12p0nH_Cj0p0fF__roL8p5mm__tee_fl160um_fc12,4.91022642408,6.30951729449,3.4180947746620176,181.0996536786009,5.916928558404827,0.003972070467569481,0.13370949264000043,0.2968429863499997,1.8707809796600343,25.434436089212426,0.2297754500694218
Surrogate_Ridge,52,chip_simple_dx5p455_dym7p273__Lj12p0nH_Cj2p0fF__roL8p5mm__tee_fl160um_fc12_cg1p2um__rpg1p4um,4.77651693144,6.01267430814,5.288875754322052,206.53408976781333,5.687153108335405,2,fig5_cg2p5um_rpg3p5um__Lj12p0nH_Cj0p0fF__roL8p5mm__tee_fl160um_fc12,4.90933450729,6.40357690957,3.7329917837715145,201.2880257934344,6.003674917928219,0.004608951318153222,0.13281757584999987,0.39090260142999966,1.5558839705505374,5.246063974378927,0.31652180959281395
Surrogate_Ridge,52,chip_simple_dx5p455_dym7p273__Lj12p0nH_Cj2p0fF__roL8p5mm__tee_fl160um_fc12_cg1p2um__rpg1p4um,4.77651693144,6.01267430814,5.288875754322052,206.53408976781333,5.687153108335405,3,fig5_cg2p5um_rpg3p0um__Lj12p0nH_Cj0p0fF__roL8p5mm__tee_fl160um_fc12,4.8216114018,6.30639910885,4.078658870691299,212.78053759295764,5.96985922957307,0.008351395171546674,0.04509447036000047,0.29372480070999973,1.2102168836307525,6.246447825144315,0.28270612123766536
Surrogate_Ridge,52,chip_simple_dx5p455_dym7p273__Lj12p0nH_Cj2p0fF__roL8p5mm__tee_fl160um_fc12_cg1p2um__rpg1p4um,4.77651693144,6.01267430814,5.288875754322052,206.53408976781333,5.687153108335405,4,fig5_cg3p0um_rpg2p5um__Lj12p0nH_Cj0p0fF__roL8p5mm__tee_fl160um_fc12,4.89777742204,6.34923094667,4.391671866830825,213.14051325530752,6.096625432754106,0.01225582691635275,0.1212604906000001,0.3365566385299994,0.8972038874912265,6.606423487494197,0.40947232441870085
Surrogate_Ridge,52,chip_simple_dx5p455_dym7p273__Lj12p0nH_Cj2p0fF__roL8p5mm__tee_fl160um_fc12_cg1p2um__rpg1p4um,4.77651693144,6.01267430814,5.288875754322052,206.53408976781333,5.687153108335405,5,fig5_cg2p5um_rpg4p0um__Lj12p0nH_Cj0p0fF__roL8p5mm__tee_fl160um_fc12,4.97746029131,6.34846078021,3.4394829423675537,176.0279190752371,5.892001031860305,0.014028530305489176,0.20094335987000012,0.3357864720699997,1.8493928119544982,30.506170692576234,0.2048479235249001
Surrogate_Ridge,52,chip_simple_dx5p455_dym7p273__Lj12p0nH_Cj2p0fF__roL8p5mm__tee_fl160um_fc12_cg1p2um__rpg1p4um,4.77651693144,6.01267430814,5.288875754322052,206.53408976781333,5.687153108335405,6,fig5_cg3p5um_rpg2p5um__Lj12p0nH_Cj0p0fF__roL8p5mm__tee_fl160um_fc12,4.85348773769,6.38790903463,4.356288998512268,225.5893196577544,6.102737650921461,0.019655613237034335,0.0769708062500003,0.37523472648999956,0.9325867558097842,19.055229889941074,0.41558454258605604
Surrogate_Ridge,52,chip_simple_dx5p455_dym7p273__Lj12p0nH_Cj2p0fF__roL8p5mm__tee_fl160um_fc12_cg1p2um__rpg1p4um,4.77651693144,6.01267430814,5.288875754322052,206.53408976781333,5.687153108335405,7,fig5_cg2p0um_rpg3p5um__Lj12p0nH_Cj0p0fF__roL8p5mm__tee_fl160um_fc12,4.92988654864,6.34828832398,4.071626393825531,199.5447640637109,5.952483565984568,0.020767387046789224,0.15336961720000009,0.33561401584000006,1.2172493604965213,6.989325704102441,0.26533045764916263
Surrogate_Ridge,52,chip_simple_dx5p455_dym7p273__Lj12p0nH_Cj2p0fF__roL8p5mm__tee_fl160um_fc12_cg1p2um__rpg1p4um,4.77651693144,6.01267430814,5.288875754322052,206.53408976781333,5.687153108335405,8,fig5_cg2p0um_rpg4p0um__Lj12p0nH_Cj0p0fF__roL8p5mm__tee_fl160um_fc12,4.9386279194,6.36953775963,3.746125830854416,192.53030771266367,5.985478910669201,0.02156625578878559,0.16211098796000023,0.35686345148999976,1.5427499234676358,14.003782055149657,0.298325802333796
Surrogate_Ridge,52,chip_simple_dx5p455_dym7p273__Lj12p0nH_Cj2p0fF__roL8p5mm__tee_fl160um_fc12_cg1p2um__rpg1p4um,4.77651693144,6.01267430814,5.288875754322052,206.53408976781333,5.687153108335405,9,fig5_cg2p5um_rpg2p5um__Lj12p0nH_Cj0p0fF__roL8p5mm__tee_fl160um_fc12,4.86782605146,6.40620544852,4.850844314466476,237.9905673388129,6.17514285459043,0.02525586186566956,0.09130912002000002,0.3935311403799995,0.4380314398555756,31.456477570999567,0.48798974625502467
Surrogate_Ridge,52,chip_simple_dx5p455_dym7p273__Lj12p0nH_Cj2p0fF__roL8p5mm__tee_fl160um_fc12_cg1p2um__rpg1p4um,4.77651693144,6.01267430814,5.288875754322052,206.53408976781333,5.687153108335405,10,fig5_cg3p0um_rpg4p0um__Lj12p0nH_Cj0p0fF__roL8p5mm__tee_fl160um_fc12,4.940704631,6.42408762791,3.4702477960357663,191.51572092370972,6.040377137923779,0.026890626092191172,0.16418769956000023,0.4114133197699994,1.8186279582862857,15.018368844103605,0.3532240295883744
Surrogate_Ridge,53,chip_simple_dx5p455_dym1p818__Lj12p0nH_Cj2p0fF__roL8p5mm__tee_fl160um_fc12_cg1p2um__rpg1p4um,4.68773821557,6.16915297771,5.944327746189117,263.86610641901024,6.004178125569785,1,fig5_cg3p5um_rpg1p5um__Lj12p0nH_Cj0p0fF__roL8p5mm__tee_fl160um_fc12,4.70486631048,6.33112792154,5.111963850152969,266.195772124899,6.191175501007713,0.0013359878715178712,0.017128094910000335,0.16197494383000066,0.8323638960361484,2.3296657058887718,0.18699737543792772
Surrogate_Ridge,53,chip_simple_dx5p455_dym1p818__Lj12p0nH_Cj2p0fF__roL8p5mm__tee_fl160um_fc12_cg1p2um__rpg1p4um,4.68773821557,6.16915297771,5.944327746189117,263.86610641901024,6.004178125569785,2,fig5_cg3p0um_rpg2p0um__Lj12p0nH_Cj0p0fF__roL8p5mm__tee_fl160um_fc12,4.85591843529,6.44095110726,4.270610977590561,230.04663618304903,6.1997071597004,0.0028180828427958778,0.16818021971999997,0.2717981295500005,1.6737167685985561,33.819470235961205,0.1955290341306144
Surrogate_Ridge,53,chip_simple_dx5p455_dym1p818__Lj12p0nH_Cj2p0fF__roL8p5mm__tee_fl160um_fc12_cg1p2um__rpg1p4um,4.68773821557,6.16915297771,5.944327746189117,263.86610641901024,6.004178125569785,3,fig5_cg3p0um_rpg1p5um__Lj12p0nH_Cj0p0fF__roL8p5mm__tee_fl160um_fc12,4.80934135586,6.34266483957,4.7338018228397365,237.2002446708589,6.176728175579623,0.005326724594742389,0.12160314029000041,0.17351186186000067,1.2105259233493806,26.665861748151343,0.17255005000983736
Surrogate_Ridge,53,chip_simple_dx5p455_dym1p818__Lj12p0nH_Cj2p0fF__roL8p5mm__tee_fl160um_fc12_cg1p2um__rpg1p4um,4.68773821557,6.16915297771,5.944327746189117,263.86610641901024,6.004178125569785,4,fig5_cg3p5um_rpg1p0um__Lj12p0nH_Cj0p0fF__roL8p5mm__tee_fl160um_fc12,4.65151549232,6.42206990109,5.782993409578324,310.4906595751157,6.336782825594393,0.005965417691944464,0.036222723249999866,0.2529169233800008,0.16133433661079266,46.62455315610549,0.33260470002460796
Surrogate_Ridge,53,chip_simple_dx5p455_dym1p818__Lj12p0nH_Cj2p0fF__roL8p5mm__tee_fl160um_fc12_cg1p2um__rpg1p4um,4.68773821557,6.16915297771,5.944327746189117,263.86610641901024,6.004178125569785,5,fig5_cg3p5um_rpg2p0um__Lj12p0nH_Cj0p0fF__roL8p5mm__tee_fl160um_fc12,4.78544785971,6.42909571039,4.586441499513626,250.3896145461569,6.177842469599042,0.006142701905369829,0.09770964414000005,0.2599427326800008,1.3578862466754913,13.47649187285333,0.17366434402925712
Surrogate_Ridge,53,chip_simple_dx5p455_dym1p818__Lj12p0nH_Cj2p0fF__roL8p5mm__tee_fl160um_fc12_cg1p2um__rpg1p4um,4.68773821557,6.16915297771,5.944327746189117,263.86610641901024,6.004178125569785,6,fig5_cg3p0um_rpg2p5um__Lj12p0nH_Cj0p0fF__roL8p5mm__tee_fl160um_fc12,4.89777742204,6.34923094667,4.391671866830825,213.14051325530752,6.096625432754106,0.009745584945127929,0.2100392064700003,0.18007796896000006,1.5526558793582916,50.72559316370271,0.09244730718432059
Surrogate_Ridge,53,chip_simple_dx5p455_dym1p818__Lj12p0nH_Cj2p0fF__roL8p5mm__tee_fl160um_fc12_cg1p2um__rpg1p4um,4.68773821557,6.16915297771,5.944327746189117,263.86610641901024,6.004178125569785,7,fig5_cg2p5um_rpg2p5um__Lj12p0nH_Cj0p0fF__roL8p5mm__tee_fl160um_fc12,4.86782605146,6.40620544852,4.850844314466476,237.9905673388129,6.17514285459043,0.015113957896835707,0.18008783589000021,0.23705247081000014,1.0934834317226407,25.875539080197342,0.1709647290206444
Surrogate_Ridge,53,chip_simple_dx5p455_dym1p818__Lj12p0nH_Cj2p0fF__roL8p5mm__tee_fl160um_fc12_cg1p2um__rpg1p4um,4.68773821557,6.16915297771,5.944327746189117,263.86610641901024,6.004178125569785,8,fig5_cg2p5um_rpg2p0um__Lj12p0nH_Cj0p0fF__roL8p5mm__tee_fl160um_fc12,4.82985966256,6.3640851834,4.45615377314949,229.1245415394613,6.124821045393385,0.01550181158030212,0.14212144699000007,0.1949322056900007,1.4881739730396273,34.741564879548946,0.12064291982359965
Surrogate_Ridge,53,chip_simple_dx5p455_dym1p818__Lj12p0nH_Cj2p0fF__roL8p5mm__tee_fl160um_fc12_cg1p2um__rpg1p4um,4.68773821557,6.16915297771,5.944327746189117,263.86610641901024,6.004178125569785,9,fig5_cg3p0um_rpg1p0um__Lj12p0nH_Cj0p0fF__roL8p5mm__tee_fl160um_fc12,4.5918495592,6.3683346429,6.310808488025665,329.7787087605889,6.339102179225892,0.01727151020096744,0.09588865636999966,0.19918166519000025,0.3664807418365479,65.91260234157869,0.3349240536561071
Surrogate_Ridge,53,chip_simple_dx5p455_dym1p818__Lj12p0nH_Cj2p0fF__roL8p5mm__tee_fl160um_fc12_cg1p2um__rpg1p4um,4.68773821557,6.16915297771,5.944327746189117,263.86610641901024,6.004178125569785,10,fig5_cg4p0um_rpg0p5um__Lj12p0nH_Cj0p0fF__roL8p5mm__tee_fl160um_fc12,4.52155001594,6.39443554908,6.552557450353622,359.2700242399351,6.454069012219757,0.017417890871908363,0.16618819962999964,0.22528257137000018,0.6082297041645051,95.40391782092485,0.449890886649972
Surrogate_Ridge,54,chip_simple_dx5p455_dy0p000__Lj12p0nH_Cj2p0fF__roL8p5mm__tee_fl160um_fc12_cg1p2um__rpg1p4um,4.79890317521,6.10186659077,5.400852404905319,218.1340294431616,5.86911477125879,1,fig5_cg3p0um_rpg3p0um__Lj12p0nH_Cj0p0fF__roL8p5mm__tee_fl160um_fc12,4.91022642408,6.30951729449,3.4180947746620176,181.0996536786009,5.916928558404827,0.0016194724415747159,0.11132324886999978,0.20765070371999972,1.982757630243301,37.03437576456071,0.0478137871460369
Surrogate_Ridge,54,chip_simple_dx5p455_dy0p000__Lj12p0nH_Cj2p0fF__roL8p5mm__tee_fl160um_fc12_cg1p2um__rpg1p4um,4.79890317521,6.10186659077,5.400852404905319,218.1340294431616,5.86911477125879,2,fig5_cg3p0um_rpg2p5um__Lj12p0nH_Cj0p0fF__roL8p5mm__tee_fl160um_fc12,4.89777742204,6.34923094667,4.391671866830825,213.14051325530752,6.096625432754106,0.0035688358049522015,0.09887424682999946,0.2473643558999994,1.0091805380744931,4.993516187854084,0.22751066149531596
Surrogate_Ridge,54,chip_simple_dx5p455_dy0p000__Lj12p0nH_Cj2p0fF__roL8p5mm__tee_fl160um_fc12_cg1p2um__rpg1p4um,4.79890317521,6.10186659077,5.400852404905319,218.1340294431616,5.86911477125879,3,fig5_cg2p5um_rpg3p0um__Lj12p0nH_Cj0p0fF__roL8p5mm__tee_fl160um_fc12,4.8216114018,6.30639910885,4.078658870691299,212.78053759295764,5.96985922957307,0.00593433551972263,0.022708226589999825,0.20453251807999973,1.3221935342140192,5.353491850203966,0.10074445831428047
Surrogate_Ridge,54,chip_simple_dx5p455_dy0p000__Lj12p0nH_Cj2p0fF__roL8p5mm__tee_fl160um_fc12_cg1p2um__rpg1p4um,4.79890317521,6.10186659077,5.400852404905319,218.1340294431616,5.86911477125879,4,fig5_cg2p5um_rpg3p5um__Lj12p0nH_Cj0p0fF__roL8p5mm__tee_fl160um_fc12,4.90933450729,6.40357690957,3.7329917837715145,201.2880257934344,6.003674917928219,0.007808562166122171,0.11043133207999922,0.30171031879999965,1.667860621133804,16.84600364972721,0.13456014666942906
Surrogate_Ridge,54,chip_simple_dx5p455_dy0p000__Lj12p0nH_Cj2p0fF__roL8p5mm__tee_fl160um_fc12_cg1p2um__rpg1p4um,4.79890317521,6.10186659077,5.400852404905319,218.1340294431616,5.86911477125879,5,fig5_cg3p5um_rpg2p5um__Lj12p0nH_Cj0p0fF__roL8p5mm__tee_fl160um_fc12,4.85348773769,6.38790903463,4.356288998512268,225.5893196577544,6.102737650921461,0.010287008917986305,0.054584562479999654,0.28604244385999955,1.044563406393051,7.455290214592793,0.23362287966267115
Surrogate_Ridge,54,chip_simple_dx5p455_dy0p000__Lj12p0nH_Cj2p0fF__roL8p5mm__tee_fl160um_fc12_cg1p2um__rpg1p4um,4.79890317521,6.10186659077,5.400852404905319,218.1340294431616,5.86911477125879,6,fig5_cg3p5um_rpg2p0um__Lj12p0nH_Cj0p0fF__roL8p5mm__tee_fl160um_fc12,4.78544785971,6.42909571039,4.586441499513626,250.3896145461569,6.177842469599042,0.016059962291140834,0.013455315500000786,0.3272291196200001,0.8144109053916928,32.2555851029953,0.3087276983402525
Surrogate_Ridge,54,chip_simple_dx5p455_dy0p000__Lj12p0nH_Cj2p0fF__roL8p5mm__tee_fl160um_fc12_cg1p2um__rpg1p4um,4.79890317521,6.10186659077,5.400852404905319,218.1340294431616,5.86911477125879,7,fig5_cg2p5um_rpg2p5um__Lj12p0nH_Cj0p0fF__roL8p5mm__tee_fl160um_fc12,4.86782605146,6.40620544852,4.850844314466476,237.9905673388129,6.17514285459043,0.016327339116057292,0.06892287624999938,0.30433885774999947,0.5500080904388422,19.856537895651286,0.3060280833316398
Surrogate_Ridge,54,chip_simple_dx5p455_dy0p000__Lj12p0nH_Cj2p0fF__roL8p5mm__tee_fl160um_fc12_cg1p2um__rpg1p4um,4.79890317521,6.10186659077,5.400852404905319,218.1340294431616,5.86911477125879,8,fig5_cg3p0um_rpg2p0um__Lj12p0nH_Cj0p0fF__roL8p5mm__tee_fl160um_fc12,4.85591843529,6.44095110726,4.270610977590561,230.04663618304903,6.1997071597004,0.017785429411063907,0.05701526007999913,0.3390845164899998,1.1302414273147576,11.912606739887423,0.33059238844160976
Surrogate_Ridge,54,chip_simple_dx5p455_dy0p000__Lj12p0nH_Cj2p0fF__roL8p5mm__tee_fl160um_fc12_cg1p2um__rpg1p4um,4.79890317521,6.10186659077,5.400852404905319,218.1340294431616,5.86911477125879,9,fig5_cg2p5um_rpg4p0um__Lj12p0nH_Cj0p0fF__roL8p5mm__tee_fl160um_fc12,4.97746029131,6.34846078021,3.4394829423675537,176.0279190752371,5.892001031860305,0.021950019055255905,0.17855711609999947,0.24659418943999967,1.961369462537765,42.106110367924515,0.022886260601515218
Surrogate_Ridge,54,chip_simple_dx5p455_dy0p000__Lj12p0nH_Cj2p0fF__roL8p5mm__tee_fl160um_fc12_cg1p2um__rpg1p4um,4.79890317521,6.10186659077,5.400852404905319,218.1340294431616,5.86911477125879,10,fig5_cg2p0um_rpg3p5um__Lj12p0nH_Cj0p0fF__roL8p5mm__tee_fl160um_fc12,4.92988654864,6.34828832398,4.071626393825531,199.5447640637109,5.952483565984568,0.02315646143545212,0.13098337342999944,0.24642173321000005,1.329226011079788,18.589265379450723,0.08336879472577774
Surrogate_Ridge,55,chip_simple_dx5p455_dy4p545__Lj12p0nH_Cj2p0fF__roL8p5mm__tee_fl160um_fc12_cg1p2um__rpg1p4um,4.76042805272,6.00426702014,5.580280214124679,214.12067118012288,5.701672548172258,1,fig5_cg2p5um_rpg3p0um__Lj12p0nH_Cj0p0fF__roL8p5mm__tee_fl160um_fc12,4.8216114018,6.30639910885,4.078658870691299,212.78053759295764,5.96985922957307,0.0036832374294288673,0.06118334908000023,0.30213208870999964,1.5016213434333796,1.3401335871652407,0.26818668140081225
Surrogate_Ridge,55,chip_simple_dx5p455_dy4p545__Lj12p0nH_Cj2p0fF__roL8p5mm__tee_fl160um_fc12_cg1p2um__rpg1p4um,4.76042805272,6.00426702014,5.580280214124679,214.12067118012288,5.701672548172258,2,fig5_cg3p0um_rpg3p0um__Lj12p0nH_Cj0p0fF__roL8p5mm__tee_fl160um_fc12,4.91022642408,6.30951729449,3.4180947746620176,181.0996536786009,5.916928558404827,0.005366842531365231,0.14979837136000018,0.30525027434999963,2.1621854394626614,33.02101750152198,0.21525601023256868
Surrogate_Ridge,55,chip_simple_dx5p455_dy4p545__Lj12p0nH_Cj2p0fF__roL8p5mm__tee_fl160um_fc12_cg1p2um__rpg1p4um,4.76042805272,6.00426702014,5.580280214124679,214.12067118012288,5.701672548172258,3,fig5_cg3p0um_rpg2p5um__Lj12p0nH_Cj0p0fF__roL8p5mm__tee_fl160um_fc12,4.89777742204,6.34923094667,4.391671866830825,213.14051325530752,6.096625432754106,0.006124389034621694,0.13734936931999986,0.3449639265299993,1.1886083472938536,0.9801579248153587,0.39495288458184774
Surrogate_Ridge,55,chip_simple_dx5p455_dy4p545__Lj12p0nH_Cj2p0fF__roL8p5mm__tee_fl160um_fc12_cg1p2um__rpg1p4um,4.76042805272,6.00426702014,5.580280214124679,214.12067118012288,5.701672548172258,4,fig5_cg2p5um_rpg3p5um__Lj12p0nH_Cj0p0fF__roL8p5mm__tee_fl160um_fc12,4.90933450729,6.40357690957,3.7329917837715145,201.2880257934344,6.003674917928219,0.007308417655599201,0.14890645456999962,0.39930988942999956,1.8472884303531645,12.832645386688483,0.30200236975596084
Surrogate_Ridge,55,chip_simple_dx5p455_dy4p545__Lj12p0nH_Cj2p0fF__roL8p5mm__tee_fl160um_fc12_cg1p2um__rpg1p4um,4.76042805272,6.00426702014,5.580280214124679,214.12067118012288,5.701672548172258,5,fig5_cg2p5um_rpg2p5um__Lj12p0nH_Cj0p0fF__roL8p5mm__tee_fl160um_fc12,4.86782605146,6.40620544852,4.850844314466476,237.9905673388129,6.17514285459043,0.012087724415901878,0.10739799873999978,0.4019384283799994,0.7294358996582027,23.86989615869001,0.47347030641817156
Surrogate_Ridge,55,chip_simple_dx5p455_dy4p545__Lj12p0nH_Cj2p0fF__roL8p5mm__tee_fl160um_fc12_cg1p2um__rpg1p4um,4.76042805272,6.00426702014,5.580280214124679,214.12067118012288,5.701672548172258,6,fig5_cg2p0um_rpg3p5um__Lj12p0nH_Cj0p0fF__roL8p5mm__tee_fl160um_fc12,4.92988654864,6.34828832398,4.071626393825531,199.5447640637109,5.952483565984568,0.01642183378874686,0.16945849591999984,0.34402130383999996,1.5086538202991484,14.575907116411997,0.2508110178123095
Surrogate_Ridge,55,chip_simple_dx5p455_dy4p545__Lj12p0nH_Cj2p0fF__roL8p5mm__tee_fl160um_fc12_cg1p2um__rpg1p4um,4.76042805272,6.00426702014,5.580280214124679,214.12067118012288,5.701672548172258,7,fig5_cg3p5um_rpg2p5um__Lj12p0nH_Cj0p0fF__roL8p5mm__tee_fl160um_fc12,4.85348773769,6.38790903463,4.356288998512268,225.5893196577544,6.102737650921461,0.018605015371642053,0.09305968497000006,0.38364201448999946,1.2239912156124113,11.468648477631518,0.40106510274920293
Surrogate_Ridge,55,chip_simple_dx5p455_dy4p545__Lj12p0nH_Cj2p0fF__roL8p5mm__tee_fl160um_fc12_cg1p2um__rpg1p4um,4.76042805272,6.00426702014,5.580280214124679,214.12067118012288,5.701672548172258,8,fig5_cg3p0um_rpg2p0um__Lj12p0nH_Cj0p0fF__roL8p5mm__tee_fl160um_fc12,4.85591843529,6.44095110726,4.270610977590561,230.04663618304903,6.1997071597004,0.018911602750521506,0.09549038256999953,0.43668408711999973,1.309669236534118,15.925965002926148,0.49803461152814155
Surrogate_Ridge,55,chip_simple_dx5p455_dy4p545__Lj12p0nH_Cj2p0fF__roL8p5mm__tee_fl160um_fc12_cg1p2um__rpg1p4um,4.76042805272,6.00426702014,5.580280214124679,214.12067118012288,5.701672548172258,9,fig5_cg2p0um_rpg3p0um__Lj12p0nH_Cj0p0fF__roL8p5mm__tee_fl160um_fc12,4.90691227134,6.26460466713,4.076762608140945,192.584502898011,5.878506475506168,0.020443594045793073,0.14648421862000038,0.26033764699000006,1.5035176059837339,21.536168282111873,0.17683392733390946
Surrogate_Ridge,55,chip_simple_dx5p455_dy4p545__Lj12p0nH_Cj2p0fF__roL8p5mm__tee_fl160um_fc12_cg1p2um__rpg1p4um,4.76042805272,6.00426702014,5.580280214124679,214.12067118012288,5.701672548172258,10,fig5_cg2p5um_rpg4p0um__Lj12p0nH_Cj0p0fF__roL8p5mm__tee_fl160um_fc12,4.97746029131,6.34846078021,3.4394829423675537,176.0279190752371,5.892001031860305,0.022963265094412846,0.21703223858999987,0.3441937600699996,2.1407972717571253,38.09275210488579,0.190328483688047
Surrogate_Ridge,56,chip_simple_dx6p364_dym6p364__Lj12p0nH_Cj2p0fF__roL8p5mm__tee_fl160um_fc12_cg1p2um__rpg1p4um,4.73299182388,6.11956228785,5.757296814630508,241.81304695721613,5.924140203230228,1,fig5_cg3p0um_rpg2p5um__Lj12p0nH_Cj0p0fF__roL8p5mm__tee_fl160um_fc12,4.89777742204,6.34923094667,4.391671866830825,213.14051325530752,6.096625432754106,0.0018764948847054279,0.16478559815999994,0.22966865881999965,1.3656249477996827,28.672533701908606,0.17248522952387813
Surrogate_Ridge,56,chip_simple_dx6p364_dym6p364__Lj12p0nH_Cj2p0fF__roL8p5mm__tee_fl160um_fc12_cg1p2um__rpg1p4um,4.73299182388,6.11956228785,5.757296814630508,241.81304695721613,5.924140203230228,2,fig5_cg3p0um_rpg2p0um__Lj12p0nH_Cj0p0fF__roL8p5mm__tee_fl160um_fc12,4.85591843529,6.44095110726,4.270610977590561,230.04663618304903,6.1997071597004,0.0024852892560585935,0.12292661140999961,0.3213888194100001,1.4866858370399472,11.766410774167099,0.27556695647017193
Surrogate_Ridge,56,chip_simple_dx6p364_dym6p364__Lj12p0nH_Cj2p0fF__roL8p5mm__tee_fl160um_fc12_cg1p2um__rpg1p4um,4.73299182388,6.11956228785,5.757296814630508,241.81304695721613,5.924140203230228,3,fig5_cg3p5um_rpg2p0um__Lj12p0nH_Cj0p0fF__roL8p5mm__tee_fl160um_fc12,4.78544785971,6.42909571039,4.586441499513626,250.3896145461569,6.177842469599042,0.0051294599632488455,0.05245603582999969,0.3095334225400004,1.1708553151168823,8.576567588940776,0.25370226636881466
Surrogate_Ridge,56,chip_simple_dx6p364_dym6p364__Lj12p0nH_Cj2p0fF__roL8p5mm__tee_fl160um_fc12_cg1p2um__rpg1p4um,4.73299182388,6.11956228785,5.757296814630508,241.81304695721613,5.924140203230228,4,fig5_cg3p5um_rpg1p5um__Lj12p0nH_Cj0p0fF__roL8p5mm__tee_fl160um_fc12,4.70486631048,6.33112792154,5.111963850152969,266.195772124899,6.191175501007713,0.008631932726714423,0.028125513400000024,0.21156563369000025,0.6453329644775394,24.382725167682878,0.26703529777748525
Surrogate_Ridge,56,chip_simple_dx6p364_dym6p364__Lj12p0nH_Cj2p0fF__roL8p5mm__tee_fl160um_fc12_cg1p2um__rpg1p4um,4.73299182388,6.11956228785,5.757296814630508,241.81304695721613,5.924140203230228,5,fig5_cg2p5um_rpg2p5um__Lj12p0nH_Cj0p0fF__roL8p5mm__tee_fl160um_fc12,4.86782605146,6.40620544852,4.850844314466476,237.9905673388129,6.17514285459043,0.008781141619236392,0.13483422757999985,0.28664316066999973,0.9064525001640318,3.8224796184032357,0.25100265136020194
Surrogate_Ridge,56,chip_simple_dx6p364_dym6p364__Lj12p0nH_Cj2p0fF__roL8p5mm__tee_fl160um_fc12_cg1p2um__rpg1p4um,4.73299182388,6.11956228785,5.757296814630508,241.81304695721613,5.924140203230228,6,fig5_cg2p5um_rpg3p0um__Lj12p0nH_Cj0p0fF__roL8p5mm__tee_fl160um_fc12,4.8216114018,6.30639910885,4.078658870691299,212.78053759295764,5.96985922957307,0.011066025639995652,0.0886195779200003,0.186836821,1.6786379439392087,29.032509364258487,0.04571902634284264
Surrogate_Ridge,56,chip_simple_dx6p364_dym6p364__Lj12p0nH_Cj2p0fF__roL8p5mm__tee_fl160um_fc12_cg1p2um__rpg1p4um,4.73299182388,6.11956228785,5.757296814630508,241.81304695721613,5.924140203230228,7,fig5_cg3p0um_rpg3p0um__Lj12p0nH_Cj0p0fF__roL8p5mm__tee_fl160um_fc12,4.91022642408,6.30951729449,3.4180947746620176,181.0996536786009,5.916928558404827,0.01174983981551138,0.17723460020000026,0.18995500663999998,2.3392020399684905,60.71339327861523,0.007211644825400931
Surrogate_Ridge,56,chip_simple_dx6p364_dym6p364__Lj12p0nH_Cj2p0fF__roL8p5mm__tee_fl160um_fc12_cg1p2um__rpg1p4um,4.73299182388,6.11956228785,5.757296814630508,241.81304695721613,5.924140203230228,8,fig5_cg3p5um_rpg2p5um__Lj12p0nH_Cj0p0fF__roL8p5mm__tee_fl160um_fc12,4.85348773769,6.38790903463,4.356288998512268,225.5893196577544,6.102737650921461,0.012109126501942383,0.12049591381000013,0.2683467467799998,1.4010078161182404,16.22372729946173,0.1785974476912333
Surrogate_Ridge,56,chip_simple_dx6p364_dym6p364__Lj12p0nH_Cj2p0fF__roL8p5mm__tee_fl160um_fc12_cg1p2um__rpg1p4um,4.73299182388,6.11956228785,5.757296814630508,241.81304695721613,5.924140203230228,9,fig5_cg3p0um_rpg1p5um__Lj12p0nH_Cj0p0fF__roL8p5mm__tee_fl160um_fc12,4.80934135586,6.34266483957,4.7338018228397365,237.2002446708589,6.176728175579623,0.013576222929570881,0.07634953198000005,0.22310255172000026,1.0234949917907716,4.612802286357237,0.2525879723493949
Surrogate_Ridge,56,chip_simple_dx6p364_dym6p364__Lj12p0nH_Cj2p0fF__roL8p5mm__tee_fl160um_fc12_cg1p2um__rpg1p4um,4.73299182388,6.11956228785,5.757296814630508,241.81304695721613,5.924140203230228,10,fig5_cg2p5um_rpg2p0um__Lj12p0nH_Cj0p0fF__roL8p5mm__tee_fl160um_fc12,4.82985966256,6.3640851834,4.45615377314949,229.1245415394613,6.124821045393385,0.016978396900636253,0.09686783867999971,0.24452289555000029,1.3011430414810183,12.68850541775484,0.20068084216315718
Surrogate_Ridge,57,chip_simple_dx7p273_dym1p818__Lj12p0nH_Cj2p0fF__roL8p5mm__tee_fl160um_fc12_cg1p2um__rpg1p4um,4.70663811853,6.16647237057,5.836125591398239,256.85236511832613,5.902282472045732,1,fig5_cg3p0um_rpg2p0um__Lj12p0nH_Cj0p0fF__roL8p5mm__tee_fl160um_fc12,4.85591843529,6.44095110726,4.270610977590561,230.04663618304903,6.1997071597004,0.0022429755886827617,0.14928031675999964,0.2744787366899999,1.5655146138076779,26.805728935277102,0.2974246876546678
Surrogate_Ridge,57,chip_simple_dx7p273_dym1p818__Lj12p0nH_Cj2p0fF__roL8p5mm__tee_fl160um_fc12_cg1p2um__rpg1p4um,4.70663811853,6.16647237057,5.836125591398239,256.85236511832613,5.902282472045732,2,fig5_cg3p5um_rpg1p5um__Lj12p0nH_Cj0p0fF__roL8p5mm__tee_fl160um_fc12,4.70486631048,6.33112792154,5.111963850152969,266.195772124899,6.191175501007713,0.0027928261755973695,0.00177180804999999,0.16465555097000006,0.7241617412452701,9.343407006572875,0.2888930289619811
Surrogate_Ridge,57,chip_simple_dx7p273_dym1p818__Lj12p0nH_Cj2p0fF__roL8p5mm__tee_fl160um_fc12_cg1p2um__rpg1p4um,4.70663811853,6.16647237057,5.836125591398239,256.85236511832613,5.902282472045732,3,fig5_cg3p5um_rpg2p0um__Lj12p0nH_Cj0p0fF__roL8p5mm__tee_fl160um_fc12,4.78544785971,6.42909571039,4.586441499513626,250.3896145461569,6.177842469599042,0.004504498490655801,0.07880974117999973,0.2626233398200002,1.249684091884613,6.462750572169227,0.2755599975533105
Surrogate_Ridge,57,chip_simple_dx7p273_dym1p818__Lj12p0nH_Cj2p0fF__roL8p5mm__tee_fl160um_fc12_cg1p2um__rpg1p4um,4.70663811853,6.16647237057,5.836125591398239,256.85236511832613,5.902282472045732,4,fig5_cg3p0um_rpg2p5um__Lj12p0nH_Cj0p0fF__roL8p5mm__tee_fl160um_fc12,4.89777742204,6.34923094667,4.391671866830825,213.14051325530752,6.096625432754106,0.00624165313167199,0.19113930350999997,0.18275857609999946,1.4444537245674134,43.71185186301861,0.19434296070837398
Surrogate_Ridge,57,chip_simple_dx7p273_dym1p818__Lj12p0nH_Cj2p0fF__roL8p5mm__tee_fl160um_fc12_cg1p2um__rpg1p4um,4.70663811853,6.16647237057,5.836125591398239,256.85236511832613,5.902282472045732,5,fig5_cg3p0um_rpg1p5um__Lj12p0nH_Cj0p0fF__roL8p5mm__tee_fl160um_fc12,4.80934135586,6.34266483957,4.7338018228397365,237.2002446708589,6.176728175579623,0.008088911441962755,0.10270323733000009,0.17619246900000007,1.1023237685585023,19.65212044746724,0.27444570353389075
Surrogate_Ridge,57,chip_simple_dx7p273_dym1p818__Lj12p0nH_Cj2p0fF__roL8p5mm__tee_fl160um_fc12_cg1p2um__rpg1p4um,4.70663811853,6.16647237057,5.836125591398239,256.85236511832613,5.902282472045732,6,fig5_cg3p5um_rpg1p0um__Lj12p0nH_Cj0p0fF__roL8p5mm__tee_fl160um_fc12,4.65151549232,6.42206990109,5.782993409578324,310.4906595751157,6.336782825594393,0.010925767256808147,0.05512262621000019,0.2555975305200002,0.053132181819914415,53.638294456789595,0.43450035354866134
Surrogate_Ridge,57,chip_simple_dx7p273_dym1p818__Lj12p0nH_Cj2p0fF__roL8p5mm__tee_fl160um_fc12_cg1p2um__rpg1p4um,4.70663811853,6.16647237057,5.836125591398239,256.85236511832613,5.902282472045732,7,fig5_cg2p5um_rpg2p5um__Lj12p0nH_Cj0p0fF__roL8p5mm__tee_fl160um_fc12,4.86782605146,6.40620544852,4.850844314466476,237.9905673388129,6.17514285459043,0.013029446421545566,0.1611879329299999,0.23973307794999954,0.9852812769317625,18.86179777951324,0.2728603825446978
Surrogate_Ridge,57,chip_simple_dx7p273_dym1p818__Lj12p0nH_Cj2p0fF__roL8p5mm__tee_fl160um_fc12_cg1p2um__rpg1p4um,4.70663811853,6.16647237057,5.836125591398239,256.85236511832613,5.902282472045732,8,fig5_cg3p5um_rpg2p5um__Lj12p0nH_Cj0p0fF__roL8p5mm__tee_fl160um_fc12,4.85348773769,6.38790903463,4.356288998512268,225.5893196577544,6.102737650921461,0.01606078420198346,0.14684961916000017,0.22143666405999962,1.4798365928859711,31.263045460571732,0.20045517887572917
Surrogate_Ridge,57,chip_simple_dx7p273_dym1p818__Lj12p0nH_Cj2p0fF__roL8p5mm__tee_fl160um_fc12_cg1p2um__rpg1p4um,4.70663811853,6.16647237057,5.836125591398239,256.85236511832613,5.902282472045732,9,fig5_cg2p5um_rpg2p0um__Lj12p0nH_Cj0p0fF__roL8p5mm__tee_fl160um_fc12,4.82985966256,6.3640851834,4.45615377314949,229.1245415394613,6.124821045393385,0.016588377046894757,0.12322154402999974,0.1976128128300001,1.379971818248749,27.727823578864843,0.22253857334765303
Surrogate_Ridge,57,chip_simple_dx7p273_dym1p818__Lj12p0nH_Cj2p0fF__roL8p5mm__tee_fl160um_fc12_cg1p2um__rpg1p4um,4.70663811853,6.16647237057,5.836125591398239,256.85236511832613,5.902282472045732,10,fig5_cg2p5um_rpg3p0um__Lj12p0nH_Cj0p0fF__roL8p5mm__tee_fl160um_fc12,4.8216114018,6.30639910885,4.078658870691299,212.78053759295764,5.96985922957307,0.019315129192465596,0.11497328327000034,0.1399267382799998,1.7574667207069394,44.07182752536849,0.0675767575273385
Surrogate_Ridge,58,chip_simple_dx8p182_dym6p364__Lj12p0nH_Cj2p0fF__roL8p5mm__tee_fl160um_fc12_cg1p2um__rpg1p4um,4.74033005446,6.12730674018,5.791866146835327,242.2763131992824,5.874957661976247,1,fig5_cg3p0um_rpg2p5um__Lj12p0nH_Cj0p0fF__roL8p5mm__tee_fl160um_fc12,4.89777742204,6.34923094667,4.391671866830825,213.14051325530752,6.096625432754106,0.002104271689386462,0.15744736757999966,0.22192420648999978,1.4001942800045013,29.135799943974888,0.22166777077785849
Surrogate_Ridge,58,chip_simple_dx8p182_dym6p364__Lj12p0nH_Cj2p0fF__roL8p5mm__tee_fl160um_fc12_cg1p2um__rpg1p4um,4.74033005446,6.12730674018,5.791866146835327,242.2763131992824,5.874957661976247,2,fig5_cg3p0um_rpg2p0um__Lj12p0nH_Cj0p0fF__roL8p5mm__tee_fl160um_fc12,4.85591843529,6.44095110726,4.270610977590561,230.04663618304903,6.1997071597004,0.002199034168051516,0.11558838082999934,0.3136443670800002,1.5212551692447658,12.229677016233381,0.3247494977241523
Surrogate_Ridge,58,chip_simple_dx8p182_dym6p364__Lj12p0nH_Cj2p0fF__roL8p5mm__tee_fl160um_fc12_cg1p2um__rpg1p4um,4.74033005446,6.12730674018,5.791866146835327,242.2763131992824,5.874957661976247,3,fig5_cg3p5um_rpg2p0um__Lj12p0nH_Cj0p0fF__roL8p5mm__tee_fl160um_fc12,4.78544785971,6.42909571039,4.586441499513626,250.3896145461569,6.177842469599042,0.005631324429370006,0.04511780524999942,0.3017889702100005,1.205424647321701,8.113301346874493,0.302884807622795
Surrogate_Ridge,58,chip_simple_dx8p182_dym6p364__Lj12p0nH_Cj2p0fF__roL8p5mm__tee_fl160um_fc12_cg1p2um__rpg1p4um,4.74033005446,6.12730674018,5.791866146835327,242.2763131992824,5.874957661976247,4,fig5_cg2p5um_rpg2p5um__Lj12p0nH_Cj0p0fF__roL8p5mm__tee_fl160um_fc12,4.86782605146,6.40620544852,4.850844314466476,237.9905673388129,6.17514285459043,0.008146851799739913,0.12749599699999958,0.27889870833999986,0.9410218323688504,4.285745860469518,0.3001851926141823
Surrogate_Ridge,58,chip_simple_dx8p182_dym6p364__Lj12p0nH_Cj2p0fF__roL8p5mm__tee_fl160um_fc12_cg1p2um__rpg1p4um,4.74033005446,6.12730674018,5.791866146835327,242.2763131992824,5.874957661976247,5,fig5_cg3p5um_rpg1p5um__Lj12p0nH_Cj0p0fF__roL8p5mm__tee_fl160um_fc12,4.70486631048,6.33112792154,5.111963850152969,266.195772124899,6.191175501007713,0.008641039696452817,0.035463743980000295,0.20382118136000038,0.679902296682358,23.919458925616595,0.3162178390314656
Surrogate_Ridge,58,chip_simple_dx8p182_dym6p364__Lj12p0nH_Cj2p0fF__roL8p5mm__tee_fl160um_fc12_cg1p2um__rpg1p4um,4.74033005446,6.12730674018,5.791866146835327,242.2763131992824,5.874957661976247,6,fig5_cg2p5um_rpg3p0um__Lj12p0nH_Cj0p0fF__roL8p5mm__tee_fl160um_fc12,4.8216114018,6.30639910885,4.078658870691299,212.78053759295764,5.96985922957307,0.010967042109492632,0.08128134734000003,0.1790923686700001,1.7132072761440273,29.49577560632477,0.094901567596823
Surrogate_Ridge,58,chip_simple_dx8p182_dym6p364__Lj12p0nH_Cj2p0fF__roL8p5mm__tee_fl160um_fc12_cg1p2um__rpg1p4um,4.74033005446,6.12730674018,5.791866146835327,242.2763131992824,5.874957661976247,7,fig5_cg3p0um_rpg3p0um__Lj12p0nH_Cj0p0fF__roL8p5mm__tee_fl160um_fc12,4.91022642408,6.30951729449,3.4180947746620176,181.0996536786009,5.916928558404827,0.012403376999352256,0.16989636962,0.1822105543100001,2.373771372173309,61.17665952068151,0.04197089642857943
Surrogate_Ridge,58,chip_simple_dx8p182_dym6p364__Lj12p0nH_Cj2p0fF__roL8p5mm__tee_fl160um_fc12_cg1p2um__rpg1p4um,4.74033005446,6.12730674018,5.791866146835327,242.2763131992824,5.874957661976247,8,fig5_cg3p0um_rpg1p5um__Lj12p0nH_Cj0p0fF__roL8p5mm__tee_fl160um_fc12,4.80934135586,6.34266483957,4.7338018228397365,237.2002446708589,6.176728175579623,0.01268766443534742,0.06901130139999978,0.2153580993900004,1.0580643239955903,5.076068528423519,0.30177051360337526
Surrogate_Ridge,58,chip_simple_dx8p182_dym6p364__Lj12p0nH_Cj2p0fF__roL8p5mm__tee_fl160um_fc12_cg1p2um__rpg1p4um,4.74033005446,6.12730674018,5.791866146835327,242.2763131992824,5.874957661976247,9,fig5_cg3p5um_rpg2p5um__Lj12p0nH_Cj0p0fF__roL8p5mm__tee_fl160um_fc12,4.85348773769,6.38790903463,4.356288998512268,225.5893196577544,6.102737650921461,0.013015476950918039,0.11315768322999986,0.26060229444999994,1.435577148323059,16.68699354152801,0.22777998894521367
Surrogate_Ridge,58,chip_simple_dx8p182_dym6p364__Lj12p0nH_Cj2p0fF__roL8p5mm__tee_fl160um_fc12_cg1p2um__rpg1p4um,4.74033005446,6.12730674018,5.791866146835327,242.2763131992824,5.874957661976247,10,fig5_cg2p5um_rpg2p0um__Lj12p0nH_Cj0p0fF__roL8p5mm__tee_fl160um_fc12,4.82985966256,6.3640851834,4.45615377314949,229.1245415394613,6.124821045393385,0.015720529278618053,0.08952960809999944,0.2367784432200004,1.335712373685837,13.151771659821122,0.24986338341713754
Surrogate_Ridge,59,chip_simple_dx8p182_dy0p909__Lj12p0nH_Cj2p0fF__roL8p5mm__tee_fl160um_fc12_cg1p2um__rpg1p4um,4.75057675295,6.09441747765,5.722410437381744,233.314149120694,5.853407541855238,1,fig5_cg3p0um_rpg2p5um__Lj12p0nH_Cj0p0fF__roL8p5mm__tee_fl160um_fc12,4.89777742204,6.34923094667,4.391671866830825,213.14051325530752,6.096625432754106,0.0011251369193477105,0.14720066909000007,0.25481346901999924,1.3307385705509187,20.173635865386473,0.24321789089886803
Surrogate_Ridge,59,chip_simple_dx8p182_dy0p909__Lj12p0nH_Cj2p0fF__roL8p5mm__tee_fl160um_fc12_cg1p2um__rpg1p4um,4.75057675295,6.09441747765,5.722410437381744,233.314149120694,5.853407541855238,2,fig5_cg3p0um_rpg2p0um__Lj12p0nH_Cj0p0fF__roL8p5mm__tee_fl160um_fc12,4.85591843529,6.44095110726,4.270610977590561,230.04663618304903,6.1997071597004,0.004746369031192837,0.10534168233999974,0.34653362960999967,1.4517994597911832,3.267512937644966,0.34629961784516183
Surrogate_Ridge,59,chip_simple_dx8p182_dy0p909__Lj12p0nH_Cj2p0fF__roL8p5mm__tee_fl160um_fc12_cg1p2um__rpg1p4um,4.75057675295,6.09441747765,5.722410437381744,233.314149120694,5.853407541855238,3,fig5_cg2p5um_rpg3p0um__Lj12p0nH_Cj0p0fF__roL8p5mm__tee_fl160um_fc12,4.8216114018,6.30639910885,4.078658870691299,212.78053759295764,5.96985922957307,0.0071627350676651555,0.07103464885000044,0.21198163119999958,1.6437515666904448,20.533611527736355,0.11645168771783254
Surrogate_Ridge,59,chip_simple_dx8p182_dy0p909__Lj12p0nH_Cj2p0fF__roL8p5mm__tee_fl160um_fc12_cg1p2um__rpg1p4um,4.75057675295,6.09441747765,5.722410437381744,233.314149120694,5.853407541855238,4,fig5_cg2p5um_rpg2p5um__Lj12p0nH_Cj0p0fF__roL8p5mm__tee_fl160um_fc12,4.86782605146,6.40620544852,4.850844314466476,237.9905673388129,6.17514285459043,0.007470896921551355,0.11724929850999999,0.3117879708699993,0.8715661229152678,4.676418218118897,0.32173531273519185
Surrogate_Ridge,59,chip_simple_dx8p182_dy0p909__Lj12p0nH_Cj2p0fF__roL8p5mm__tee_fl160um_fc12_cg1p2um__rpg1p4um,4.75057675295,6.09441747765,5.722410437381744,233.314149120694,5.853407541855238,5,fig5_cg3p5um_rpg2p0um__Lj12p0nH_Cj0p0fF__roL8p5mm__tee_fl160um_fc12,4.78544785971,6.42909571039,4.586441499513626,250.3896145461569,6.177842469599042,0.00825650904733226,0.034871106759999826,0.33467823273999997,1.1359689378681184,17.07546542546291,0.32443492774380456
Surrogate_Ridge,59,chip_simple_dx8p182_dy0p909__Lj12p0nH_Cj2p0fF__roL8p5mm__tee_fl160um_fc12_cg1p2um__rpg1p4um,4.75057675295,6.09441747765,5.722410437381744,233.314149120694,5.853407541855238,6,fig5_cg3p0um_rpg3p0um__Lj12p0nH_Cj0p0fF__roL8p5mm__tee_fl160um_fc12,4.91022642408,6.30951729449,3.4180947746620176,181.0996536786009,5.916928558404827,0.00837108917691001,0.1596496711300004,0.21509981683999957,2.3043156627197265,52.214495442093096,0.06352101654958897
Surrogate_Ridge,59,chip_simple_dx8p182_dy0p909__Lj12p0nH_Cj2p0fF__roL8p5mm__tee_fl160um_fc12_cg1p2um__rpg1p4um,4.75057675295,6.09441747765,5.722410437381744,233.314149120694,5.853407541855238,7,fig5_cg3p5um_rpg2p5um__Lj12p0nH_Cj0p0fF__roL8p5mm__tee_fl160um_fc12,4.85348773769,6.38790903463,4.356288998512268,225.5893196577544,6.102737650921461,0.012189391046935635,0.10291098474000027,0.2934915569799994,1.3661214388694765,7.724829462939596,0.24933010906622322
Surrogate_Ridge,59,chip_simple_dx8p182_dy0p909__Lj12p0nH_Cj2p0fF__roL8p5mm__tee_fl160um_fc12_cg1p2um__rpg1p4um,4.75057675295,6.09441747765,5.722410437381744,233.314149120694,5.853407541855238,8,fig5_cg3p5um_rpg1p5um__Lj12p0nH_Cj0p0fF__roL8p5mm__tee_fl160um_fc12,4.70486631048,6.33112792154,5.111963850152969,266.195772124899,6.191175501007713,0.015190811417136296,0.04571044246999989,0.23671044388999984,0.6104465872287754,32.88162300420501,0.33776795915247515
Surrogate_Ridge,59,chip_simple_dx8p182_dy0p909__Lj12p0nH_Cj2p0fF__roL8p5mm__tee_fl160um_fc12_cg1p2um__rpg1p4um,4.75057675295,6.09441747765,5.722410437381744,233.314149120694,5.853407541855238,9,fig5_cg2p5um_rpg3p5um__Lj12p0nH_Cj0p0fF__roL8p5mm__tee_fl160um_fc12,4.90933450729,6.40357690957,3.7329917837715145,201.2880257934344,6.003674917928219,0.017721757583186375,0.15875775433999983,0.3091594319199995,1.9894186536102296,32.0261233272596,0.15026737607298113
Surrogate_Ridge,59,chip_simple_dx8p182_dy0p909__Lj12p0nH_Cj2p0fF__roL8p5mm__tee_fl160um_fc12_cg1p2um__rpg1p4um,4.75057675295,6.09441747765,5.722410437381744,233.314149120694,5.853407541855238,10,fig5_cg2p5um_rpg2p0um__Lj12p0nH_Cj0p0fF__roL8p5mm__tee_fl160um_fc12,4.82985966256,6.3640851834,4.45615377314949,229.1245415394613,6.124821045393385,0.01864624314484498,0.07928290960999984,0.2696677057499999,1.2662566642322544,4.189607581232707,0.2714135035381471
Surrogate_Ridge,60,chip_simple_dx9p091_dym8p182__Lj12p0nH_Cj2p0fF__roL8p5mm__tee_fl160um_fc12_cg1p2um__rpg1p4um,4.73933459996,6.01297642346,4.979622645933151,207.4128246574417,5.665277094733514,1,fig5_cg3p0um_rpg3p0um__Lj12p0nH_Cj0p0fF__roL8p5mm__tee_fl160um_fc12,4.91022642408,6.30951729449,3.4180947746620176,181.0996536786009,5.916928558404827,0.005107223750893976,0.17089182411999992,0.2965408710300004,1.5615278712711338,26.313170978840787,0.25165146367131275
Surrogate_Ridge,60,chip_simple_dx9p091_dym8p182__Lj12p0nH_Cj2p0fF__roL8p5mm__tee_fl160um_fc12_cg1p2um__rpg1p4um,4.73933459996,6.01297642346,4.979622645933151,207.4128246574417,5.665277094733514,2,fig5_cg2p5um_rpg3p5um__Lj12p0nH_Cj0p0fF__roL8p5mm__tee_fl160um_fc12,4.90933450729,6.40357690957,3.7329917837715145,201.2880257934344,6.003674917928219,0.009642584137370635,0.16999990732999937,0.3906004861100003,1.2466308621616369,6.124798864007289,0.3383978231947049
Surrogate_Ridge,60,chip_simple_dx9p091_dym8p182__Lj12p0nH_Cj2p0fF__roL8p5mm__tee_fl160um_fc12_cg1p2um__rpg1p4um,4.73933459996,6.01297642346,4.979622645933151,207.4128246574417,5.665277094733514,3,fig5_cg2p5um_rpg4p0um__Lj12p0nH_Cj0p0fF__roL8p5mm__tee_fl160um_fc12,4.97746029131,6.34846078021,3.4394829423675537,176.0279190752371,5.892001031860305,0.013929080747169306,0.2381256913499996,0.3354843567500003,1.5401397035655977,31.384905582204595,0.22672393712679106
Surrogate_Ridge,60,chip_simple_dx9p091_dym8p182__Lj12p0nH_Cj2p0fF__roL8p5mm__tee_fl160um_fc12_cg1p2um__rpg1p4um,4.73933459996,6.01297642346,4.979622645933151,207.4128246574417,5.665277094733514,4,fig5_cg3p5um_rpg2p5um__Lj12p0nH_Cj0p0fF__roL8p5mm__tee_fl160um_fc12,4.85348773769,6.38790903463,4.356288998512268,225.5893196577544,6.102737650921461,0.017117609509277168,0.1141531377299998,0.3749326111700002,0.6233336474208837,18.176495000312713,0.437460556187947
Surrogate_Ridge,60,chip_simple_dx9p091_dym8p182__Lj12p0nH_Cj2p0fF__roL8p5mm__tee_fl160um_fc12_cg1p2um__rpg1p4um,4.73933459996,6.01297642346,4.979622645933151,207.4128246574417,5.665277094733514,5,fig5_cg3p0um_rpg2p5um__Lj12p0nH_Cj0p0fF__roL8p5mm__tee_fl160um_fc12,4.89777742204,6.34923094667,4.391671866830825,213.14051325530752,6.096625432754106,0.018786118413963503,0.1584428220799996,0.33625452321000004,0.587950779102326,5.727688597865836,0.4313483380205918
Surrogate_Ridge,60,chip_simple_dx9p091_dym8p182__Lj12p0nH_Cj2p0fF__roL8p5mm__tee_fl160um_fc12_cg1p2um__rpg1p4um,4.73933459996,6.01297642346,4.979622645933151,207.4128246574417,5.665277094733514,6,fig5_cg2p5um_rpg3p0um__Lj12p0nH_Cj0p0fF__roL8p5mm__tee_fl160um_fc12,4.8216114018,6.30639910885,4.078658870691299,212.78053759295764,5.96985922957307,0.01939587253346055,0.08227680183999997,0.2934226853900004,0.900963775241852,5.367712935515954,0.3045821348395563
Surrogate_Ridge,60,chip_simple_dx9p091_dym8p182__Lj12p0nH_Cj2p0fF__roL8p5mm__tee_fl160um_fc12_cg1p2um__rpg1p4um,4.73933459996,6.01297642346,4.979622645933151,207.4128246574417,5.665277094733514,7,fig5_cg3p0um_rpg4p0um__Lj12p0nH_Cj0p0fF__roL8p5mm__tee_fl160um_fc12,4.940704631,6.42408762791,3.4702477960357663,191.51572092370972,6.040377137923779,0.019868789442420678,0.20137003103999973,0.41111120445000005,1.5093748498973851,15.897103733731967,0.37510004319026535
Surrogate_Ridge,60,chip_simple_dx9p091_dym8p182__Lj12p0nH_Cj2p0fF__roL8p5mm__tee_fl160um_fc12_cg1p2um__rpg1p4um,4.73933459996,6.01297642346,4.979622645933151,207.4128246574417,5.665277094733514,8,fig5_cg3p5um_rpg3p5um__Lj12p0nH_Cj0p0fF__roL8p5mm__tee_fl160um_fc12,4.88834773081,6.55440012204,3.58235393236351,219.15970791952185,6.190036689460878,0.024027962666844684,0.14901313084999934,0.5414236985800001,1.3972687135696416,11.74688326208016,0.5247595947273638
Surrogate_Ridge,60,chip_simple_dx9p091_dym8p182__Lj12p0nH_Cj2p0fF__roL8p5mm__tee_fl160um_fc12_cg1p2um__rpg1p4um,4.73933459996,6.01297642346,4.979622645933151,207.4128246574417,5.665277094733514,9,fig5_cg2p0um_rpg4p0um__Lj12p0nH_Cj0p0fF__roL8p5mm__tee_fl160um_fc12,4.9386279194,6.36953775963,3.746125830854416,192.53030771266367,5.985478910669201,0.030723690668707167,0.19929331943999973,0.3565613361700004,1.2334968150787353,14.882516944778018,0.320201815935687
Surrogate_Ridge,60,chip_simple_dx9p091_dym8p182__Lj12p0nH_Cj2p0fF__roL8p5mm__tee_fl160um_fc12_cg1p2um__rpg1p4um,4.73933459996,6.01297642346,4.979622645933151,207.4128246574417,5.665277094733514,10,fig5_cg2p5um_rpg4p5um__Lj12p0nH_Cj0p0fF__roL8p5mm__tee_fl160um_fc12,4.94106024347,6.27626260442,3.614401097434997,177.32648850399752,5.824223648241028,0.03225536236285657,0.20172564350999966,0.26328618096000067,1.3652215484981545,30.086336153444165,0.15894655350751385
Surrogate_Ridge,61,chip_simple_dx9p091_dy4p545__Lj12p0nH_Cj2p0fF__roL8p5mm__tee_fl160um_fc12_cg1p2um__rpg1p4um,4.68769054045,6.11988182644,6.106558018573761,259.16147921563146,5.906583897822457,1,fig5_cg3p0um_rpg2p0um__Lj12p0nH_Cj0p0fF__roL8p5mm__tee_fl160um_fc12,4.85591843529,6.44095110726,4.270610977590561,230.04663618304903,6.1997071597004,0.0019400363356317353,0.16822789483999934,0.32106928081999975,1.8359470409832,29.114843032582428,0.2931232618779429
Surrogate_Ridge,61,chip_simple_dx9p091_dy4p545__Lj12p0nH_Cj2p0fF__roL8p5mm__tee_fl160um_fc12_cg1p2um__rpg1p4um,4.68769054045,6.11988182644,6.106558018573761,259.16147921563146,5.906583897822457,2,fig5_cg3p0um_rpg1p5um__Lj12p0nH_Cj0p0fF__roL8p5mm__tee_fl160um_fc12,4.80934135586,6.34266483957,4.7338018228397365,237.2002446708589,6.176728175579623,0.003335358111735761,0.12165081540999978,0.22278301312999993,1.3727561957340244,21.961234544772566,0.2701442777571659
Surrogate_Ridge,61,chip_simple_dx9p091_dy4p545__Lj12p0nH_Cj2p0fF__roL8p5mm__tee_fl160um_fc12_cg1p2um__rpg1p4um,4.68769054045,6.11988182644,6.106558018573761,259.16147921563146,5.906583897822457,3,fig5_cg3p5um_rpg1p5um__Lj12p0nH_Cj0p0fF__roL8p5mm__tee_fl160um_fc12,4.70486631048,6.33112792154,5.111963850152969,266.195772124899,6.191175501007713,0.0037931106849044558,0.017175770029999704,0.21124609509999992,0.9945941684207922,7.034292909267549,0.2845916031852562
Surrogate_Ridge,61,chip_simple_dx9p091_dy4p545__Lj12p0nH_Cj2p0fF__roL8p5mm__tee_fl160um_fc12_cg1p2um__rpg1p4um,4.68769054045,6.11988182644,6.106558018573761,259.16147921563146,5.906583897822457,4,fig5_cg3p5um_rpg1p0um__Lj12p0nH_Cj0p0fF__roL8p5mm__tee_fl160um_fc12,4.65151549232,6.42206990109,5.782993409578324,310.4906595751157,6.336782825594393,0.007682253726274889,0.0361750481300005,0.3021880746500001,0.3235646089954365,51.32918035948427,0.43019892777193647
Surrogate_Ridge,61,chip_simple_dx9p091_dy4p545__Lj12p0nH_Cj2p0fF__roL8p5mm__tee_fl160um_fc12_cg1p2um__rpg1p4um,4.68769054045,6.11988182644,6.106558018573761,259.16147921563146,5.906583897822457,5,fig5_cg3p5um_rpg2p0um__Lj12p0nH_Cj0p0fF__roL8p5mm__tee_fl160um_fc12,4.78544785971,6.42909571039,4.586441499513626,250.3896145461569,6.177842469599042,0.009171140964751629,0.09775731925999942,0.30921388395000005,1.5201165190601351,8.771864669474553,0.27125857177658563
Surrogate_Ridge,61,chip_simple_dx9p091_dy4p545__Lj12p0nH_Cj2p0fF__roL8p5mm__tee_fl160um_fc12_cg1p2um__rpg1p4um,4.68769054045,6.11988182644,6.106558018573761,259.16147921563146,5.906583897822457,6,fig5_cg3p0um_rpg2p5um__Lj12p0nH_Cj0p0fF__roL8p5mm__tee_fl160um_fc12,4.89777742204,6.34923094667,4.391671866830825,213.14051325530752,6.096625432754106,0.009811887880745327,0.21008688158999966,0.22934912022999931,1.7148861517429355,46.020965960323934,0.1900415349316491
Surrogate_Ridge,61,chip_simple_dx9p091_dy4p545__Lj12p0nH_Cj2p0fF__roL8p5mm__tee_fl160um_fc12_cg1p2um__rpg1p4um,4.68769054045,6.11988182644,6.106558018573761,259.16147921563146,5.906583897822457,7,fig5_cg2p5um_rpg2p0um__Lj12p0nH_Cj0p0fF__roL8p5mm__tee_fl160um_fc12,4.82985966256,6.3640851834,4.45615377314949,229.1245415394613,6.124821045393385,0.010004430946113484,0.14216912210999944,0.24420335695999995,1.650404245424271,30.03693767617017,0.21823714757092816
Surrogate_Ridge,61,chip_simple_dx9p091_dy4p545__Lj12p0nH_Cj2p0fF__roL8p5mm__tee_fl160um_fc12_cg1p2um__rpg1p4um,4.68769054045,6.11988182644,6.106558018573761,259.16147921563146,5.906583897822457,8,fig5_cg2p5um_rpg2p5um__Lj12p0nH_Cj0p0fF__roL8p5mm__tee_fl160um_fc12,4.86782605146,6.40620544852,4.850844314466476,237.9905673388129,6.17514285459043,0.011102930435275883,0.18013551100999958,0.2863236220799994,1.2557137041072846,21.170911876818565,0.2685589567679729
Surrogate_Ridge,61,chip_simple_dx9p091_dy4p545__Lj12p0nH_Cj2p0fF__roL8p5mm__tee_fl160um_fc12_cg1p2um__rpg1p4um,4.68769054045,6.11988182644,6.106558018573761,259.16147921563146,5.906583897822457,9,fig5_cg3p0um_rpg1p0um__Lj12p0nH_Cj0p0fF__roL8p5mm__tee_fl160um_fc12,4.5918495592,6.3683346429,6.310808488025665,329.7787087605889,6.339102179225892,0.01399785320905739,0.09584098125000029,0.2484528164599995,0.20425046945190406,70.61722954495747,0.4325182814034356
Surrogate_Ridge,61,chip_simple_dx9p091_dy4p545__Lj12p0nH_Cj2p0fF__roL8p5mm__tee_fl160um_fc12_cg1p2um__rpg1p4um,4.68769054045,6.11988182644,6.106558018573761,259.16147921563146,5.906583897822457,10,fig5_cg3p5um_rpg0p5um__Lj12p0nH_Cj0p0fF__roL8p5mm__tee_fl160um_fc12,4.48458805947,6.33290774525,6.273954957790375,350.28792536348936,6.333902670879128,0.020838570088862928,0.20310248098000017,0.21302591880999966,0.16739693921661392,91.1264461478579,0.42731877305667165
Surrogate_Ridge,62,chip_simple_dx10p000_dym10p000__Lj12p0nH_Cj2p0fF__roL8p5mm__tee_fl160um_fc12_cg1p2um__rpg1p4um,4.71844531011,6.15809605656,5.707450486171722,250.04335074310168,5.943757997746209,1,fig5_cg3p0um_rpg2p0um__Lj12p0nH_Cj0p0fF__roL8p5mm__tee_fl160um_fc12,4.85591843529,6.44095110726,4.270610977590561,230.04663618304903,6.1997071597004,0.002756569467905509,0.13747312517999966,0.2828550507000003,1.4368395085811612,19.996714560052652,0.2559491619541907
Surrogate_Ridge,62,chip_simple_dx10p000_dym10p000__Lj12p0nH_Cj2p0fF__roL8p5mm__tee_fl160um_fc12_cg1p2um__rpg1p4um,4.71844531011,6.15809605656,5.707450486171722,250.04335074310168,5.943757997746209,2,fig5_cg3p5um_rpg2p0um__Lj12p0nH_Cj0p0fF__roL8p5mm__tee_fl160um_fc12,4.78544785971,6.42909571039,4.586441499513626,250.3896145461569,6.177842469599042,0.0029871230047053116,0.06700254959999974,0.2709996538300006,1.1210089866580963,0.34626380305522275,0.23408447185283343
Surrogate_Ridge,62,chip_simple_dx10p000_dym10p000__Lj12p0nH_Cj2p0fF__roL8p5mm__tee_fl160um_fc12_cg1p2um__rpg1p4um,4.71844531011,6.15809605656,5.707450486171722,250.04335074310168,5.943757997746209,3,fig5_cg3p0um_rpg2p5um__Lj12p0nH_Cj0p0fF__roL8p5mm__tee_fl160um_fc12,4.89777742204,6.34923094667,4.391671866830825,213.14051325530752,6.096625432754106,0.0034942374378403138,0.17933211192999998,0.19113489010999984,1.3157786193408967,36.90283748779416,0.1528674350078969
Surrogate_Ridge,62,chip_simple_dx10p000_dym10p000__Lj12p0nH_Cj2p0fF__roL8p5mm__tee_fl160um_fc12_cg1p2um__rpg1p4um,4.71844531011,6.15809605656,5.707450486171722,250.04335074310168,5.943757997746209,4,fig5_cg3p5um_rpg1p5um__Lj12p0nH_Cj0p0fF__roL8p5mm__tee_fl160um_fc12,4.70486631048,6.33112792154,5.111963850152969,266.195772124899,6.191175501007713,0.004677651938273931,0.013578999629999977,0.17303186498000045,0.5954866360187534,16.152421381797325,0.24741750326150402
Surrogate_Ridge,62,chip_simple_dx10p000_dym10p000__Lj12p0nH_Cj2p0fF__roL8p5mm__tee_fl160um_fc12_cg1p2um__rpg1p4um,4.71844531011,6.15809605656,5.707450486171722,250.04335074310168,5.943757997746209,5,fig5_cg3p5um_rpg2p5um__Lj12p0nH_Cj0p0fF__roL8p5mm__tee_fl160um_fc12,4.85348773769,6.38790903463,4.356288998512268,225.5893196577544,6.102737650921461,0.0116148807317875,0.13504242758000018,0.22981297807,1.3511614876594544,24.45403108534728,0.1589796531752521
Surrogate_Ridge,62,chip_simple_dx10p000_dym10p000__Lj12p0nH_Cj2p0fF__roL8p5mm__tee_fl160um_fc12_cg1p2um__rpg1p4um,4.71844531011,6.15809605656,5.707450486171722,250.04335074310168,5.943757997746209,6,fig5_cg3p0um_rpg1p5um__Lj12p0nH_Cj0p0fF__roL8p5mm__tee_fl160um_fc12,4.80934135586,6.34266483957,4.7338018228397365,237.2002446708589,6.176728175579623,0.012337188158621514,0.0908960457500001,0.18456878301000046,0.9736486633319856,12.84310607224279,0.23297017783341367
Surrogate_Ridge,62,chip_simple_dx10p000_dym10p000__Lj12p0nH_Cj2p0fF__roL8p5mm__tee_fl160um_fc12_cg1p2um__rpg1p4um,4.71844531011,6.15809605656,5.707450486171722,250.04335074310168,5.943757997746209,7,fig5_cg2p5um_rpg2p5um__Lj12p0nH_Cj0p0fF__roL8p5mm__tee_fl160um_fc12,4.86782605146,6.40620544852,4.850844314466476,237.9905673388129,6.17514285459043,0.012710874853547195,0.1493807413499999,0.24810939195999993,0.8566061717052458,12.052783404288789,0.23138485684422072
Surrogate_Ridge,62,chip_simple_dx10p000_dym10p000__Lj12p0nH_Cj2p0fF__roL8p5mm__tee_fl160um_fc12_cg1p2um__rpg1p4um,4.71844531011,6.15809605656,5.707450486171722,250.04335074310168,5.943757997746209,8,fig5_cg3p0um_rpg3p0um__Lj12p0nH_Cj0p0fF__roL8p5mm__tee_fl160um_fc12,4.91022642408,6.30951729449,3.4180947746620176,181.0996536786009,5.916928558404827,0.014550192068425925,0.1917811139700003,0.15142123793000017,2.2893557115097045,68.94369706450078,0.026829439341382155
Surrogate_Ridge,62,chip_simple_dx10p000_dym10p000__Lj12p0nH_Cj2p0fF__roL8p5mm__tee_fl160um_fc12_cg1p2um__rpg1p4um,4.71844531011,6.15809605656,5.707450486171722,250.04335074310168,5.943757997746209,9,fig5_cg2p5um_rpg3p0um__Lj12p0nH_Cj0p0fF__roL8p5mm__tee_fl160um_fc12,4.8216114018,6.30639910885,4.078658870691299,212.78053759295764,5.96985922957307,0.015876739726985434,0.10316609169000035,0.14830305229000018,1.6287916154804227,37.26281315014404,0.026101231826861415
Surrogate_Ridge,62,chip_simple_dx10p000_dym10p000__Lj12p0nH_Cj2p0fF__roL8p5mm__tee_fl160um_fc12_cg1p2um__rpg1p4um,4.71844531011,6.15809605656,5.707450486171722,250.04335074310168,5.943757997746209,10,fig5_cg3p5um_rpg1p0um__Lj12p0nH_Cj0p0fF__roL8p5mm__tee_fl160um_fc12,4.65151549232,6.42206990109,5.782993409578324,310.4906595751157,6.336782825594393,0.01668646753249334,0.06692981779000018,0.2639738445300006,0.07554292340660229,60.447308832014045,0.39302482784818427
Surrogate_Ridge,63,fig5_cg0p5um_rpg2p0um__Lj12p0nH_Cj0p0fF__roL8p5mm__tee_fl160um_fc12,4.85287016324,5.21716045759,15.140575747583387,120.11707109236671,4.734598279457381,1,fig5_cg0p5um_rpg4p5um__Lj12p0nH_Cj0p0fF__roL8p5mm__tee_fl160um_fc12,4.91536795129,5.15896681443,15.940627231472014,88.96160903755928,4.628479910333719,0.15701094226627305,0.06249778804999995,0.058193643160000086,0.8000514838886268,31.15546205480743,0.1061183691236618
Surrogate_Ridge,63,fig5_cg0p5um_rpg2p0um__Lj12p0nH_Cj0p0fF__roL8p5mm__tee_fl160um_fc12,4.85287016324,5.21716045759,15.140575747583387,120.11707109236671,4.734598279457381,2,fig5_cg0p5um_rpg4p0um__Lj12p0nH_Cj0p0fF__roL8p5mm__tee_fl160um_fc12,4.93444795175,5.31580660647,11.014610311313628,104.66300593655608,4.723900019540444,0.16204399163846,0.08157778850999975,0.09864614887999945,4.125965436269759,15.454065155810639,0.010698259916936514
Surrogate_Ridge,63,fig5_cg0p5um_rpg2p0um__Lj12p0nH_Cj0p0fF__roL8p5mm__tee_fl160um_fc12,4.85287016324,5.21716045759,15.140575747583387,120.11707109236671,4.734598279457381,3,fig5_cg0p5um_rpg5p0um__Lj12p0nH_Cj0p0fF__roL8p5mm__tee_fl160um_fc12,4.98323158095,5.19678849863,14.45415507852745,76.08639123510137,4.620459238685448,0.1700607327568301,0.13036141770999965,0.020371958960000214,0.6864206690559378,44.03067985726534,0.11413904077193315
Surrogate_Ridge,63,fig5_cg0p5um_rpg2p0um__Lj12p0nH_Cj0p0fF__roL8p5mm__tee_fl160um_fc12,4.85287016324,5.21716045759,15.140575747583387,120.11707109236671,4.734598279457381,4,fig5_cg1p0um_rpg4p5um__Lj12p0nH_Cj0p0fF__roL8p5mm__tee_fl160um_fc12,4.92669215481,5.97329068938,5.158221075239181,170.16755028324246,5.4665157689459365,0.19687401577660088,0.07382199156999913,0.7561302317899994,9.982354672344206,50.05047919087575,0.7319174894885556
Surrogate_Ridge,63,fig5_cg0p5um_rpg2p0um__Lj12p0nH_Cj0p0fF__roL8p5mm__tee_fl160um_fc12,4.85287016324,5.21716045759,15.140575747583387,120.11707109236671,4.734598279457381,5,fig5_cg1p0um_rpg5p0um__Lj12p0nH_Cj0p0fF__roL8p5mm__tee_fl160um_fc12,5.002819954,6.02791749619,4.5428961180763245,154.53491753319466,5.492192335970341,0.2029727508749479,0.14994979075999915,0.8107570385999994,10.597679629507063,34.417846440827944,0.7575940565129597
Surrogate_Ridge,63,fig5_cg0p5um_rpg2p0um__Lj12p0nH_Cj0p0fF__roL8p5mm__tee_fl160um_fc12,4.85287016324,5.21716045759,15.140575747583387,120.11707109236671,4.734598279457381,6,fig5_cg0p5um_rpg3p0um__Lj12p0nH_Cj0p0fF__roL8p5mm__tee_fl160um_fc12,4.85228059761,5.17367615258,14.724469331972122,107.0517381501744,4.685228495113829,0.22635860997106627,0.0005895656300003438,0.04348430501000067,0.4161064156112655,13.065332942192313,0.04936978434355144
Surrogate_Ridge,63,fig5_cg0p5um_rpg2p0um__Lj12p0nH_Cj0p0fF__roL8p5mm__tee_fl160um_fc12,4.85287016324,5.21716045759,15.140575747583387,120.11707109236671,4.734598279457381,7,fig5_cg1p0um_rpg3p5um__Lj12p0nH_Cj0p0fF__roL8p5mm__tee_fl160um_fc12,4.93012574905,5.64408869323,6.575776153987884,136.7596168514535,5.1303535459575125,0.23892506516813922,0.0772555858099997,0.42692823563999927,8.564799593595502,16.642545759086786,0.3957552665001316
Surrogate_Ridge,63,fig5_cg0p5um_rpg2p0um__Lj12p0nH_Cj0p0fF__roL8p5mm__tee_fl160um_fc12,4.85287016324,5.21716045759,15.140575747583387,120.11707109236671,4.734598279457381,8,fig5_cg1p5um_rpg5p0um__Lj12p0nH_Cj0p0fF__roL8p5mm__tee_fl160um_fc12,5.04323507232,6.28021289796,3.42494801615715,157.85689600124496,5.786188574995053,0.24314772211719468,0.19036490907999948,1.06305244037,11.715627731426238,37.73982490887825,1.0515902955376717
Surrogate_Ridge,63,fig5_cg0p5um_rpg2p0um__Lj12p0nH_Cj0p0fF__roL8p5mm__tee_fl160um_fc12,4.85287016324,5.21716045759,15.140575747583387,120.11707109236671,4.734598279457381,9,fig5_cg1p5um_rpg4p5um__Lj12p0nH_Cj0p0fF__roL8p5mm__tee_fl160um_fc12,4.976402692,6.33017472215,3.799471869277954,182.9036327769298,5.865943595048655,0.24400004241105783,0.12353252875999932,1.1130142645599994,11.341103878305432,62.7865616845631,1.1313453155912745
Surrogate_Ridge,63,fig5_cg0p5um_rpg2p0um__Lj12p0nH_Cj0p0fF__roL8p5mm__tee_fl160um_fc12,4.85287016324,5.21716045759,15.140575747583387,120.11707109236671,4.734598279457381,10,fig5_cg1p5um_rpg4p0um__Lj12p0nH_Cj0p0fF__roL8p5mm__tee_fl160um_fc12,4.87824436992,6.24826740965,4.101225070188522,195.7599725835552,5.814198941096933,0.262935202567665,0.025374206679999567,1.03110695206,11.039350677394864,75.64290149118848,1.0796006616395522
Surrogate_Ridge,64,fig5_cg0p5um_rpg2p5um__Lj12p0nH_Cj0p0fF__roL8p5mm__tee_fl160um_fc12,4.86085203755,5.13967848351,17.965380264259338,105.70737983803429,4.613459377882024,1,fig5_cg0p5um_rpg5p0um__Lj12p0nH_Cj0p0fF__roL8p5mm__tee_fl160um_fc12,4.98323158095,5.19678849863,14.45415507852745,76.08639123510137,4.620459238685448,0.22268825452982963,0.12237954340000012,0.057110015120000135,3.511225185731888,29.62098860293291,0.00699986080342363
Surrogate_Ridge,64,fig5_cg0p5um_rpg2p5um__Lj12p0nH_Cj0p0fF__roL8p5mm__tee_fl160um_fc12,4.86085203755,5.13967848351,17.965380264259338,105.70737983803429,4.613459377882024,2,fig5_cg0p5um_rpg4p5um__Lj12p0nH_Cj0p0fF__roL8p5mm__tee_fl160um_fc12,4.91536795129,5.15896681443,15.940627231472014,88.96160903755928,4.628479910333719,0.23139264633267723,0.05451591374000042,0.019288330920000263,2.0247530327873235,16.745770800475,0.01502053245169499
Surrogate_Ridge,64,fig5_cg0p5um_rpg2p5um__Lj12p0nH_Cj0p0fF__roL8p5mm__tee_fl160um_fc12,4.86085203755,5.13967848351,17.965380264259338,105.70737983803429,4.613459377882024,3,fig5_cg0p5um_rpg0p5um__Lj12p0nH_Cj2p0fF__roL8p5mm__tee_fl160um_fc12,4.44465026675,4.80732283499,25.013992153053284,166.80161753124978,4.376474376069207,0.2585688163220866,0.41620177079999987,0.3323556485200001,7.048611888793946,61.09423769321549,0.23698500181281723
Surrogate_Ridge,64,fig5_cg0p5um_rpg2p5um__Lj12p0nH_Cj0p0fF__roL8p5mm__tee_fl160um_fc12,4.86085203755,5.13967848351,17.965380264259338,105.70737983803429,4.613459377882024,4,fig5_cg0p5um_rpg4p0um__Lj12p0nH_Cj0p0fF__roL8p5mm__tee_fl160um_fc12,4.93444795175,5.31580660647,11.014610311313628,104.66300593655608,4.723900019540444,0.26287227572213806,0.07359591420000022,0.1761281229599998,6.950769952945709,1.0443739014782096,0.11044064165842027
Surrogate_Ridge,64,fig5_cg0p5um_rpg2p5um__Lj12p0nH_Cj0p0fF__roL8p5mm__tee_fl160um_fc12,4.86085203755,5.13967848351,17.965380264259338,105.70737983803429,4.613459377882024,5,fig5_cg1p0um_rpg5p0um__Lj12p0nH_Cj0p0fF__roL8p5mm__tee_fl160um_fc12,5.002819954,6.02791749619,4.5428961180763245,154.53491753319466,5.492192335970341,0.2651024822983469,0.14196791644999962,0.8882390126799997,13.422484146183013,48.82753769516037,0.8787329580883165
Surrogate_Ridge,64,fig5_cg0p5um_rpg2p5um__Lj12p0nH_Cj0p0fF__roL8p5mm__tee_fl160um_fc12,4.86085203755,5.13967848351,17.965380264259338,105.70737983803429,4.613459377882024,6,fig5_cg1p0um_rpg4p5um__Lj12p0nH_Cj0p0fF__roL8p5mm__tee_fl160um_fc12,4.92669215481,5.97329068938,5.158221075239181,170.16755028324246,5.4665157689459365,0.28357038972594667,0.06584011725999961,0.8336122058699997,12.807159189020156,64.46017044520818,0.8530563910639124
Surrogate_Ridge,64,fig5_cg0p5um_rpg2p5um__Lj12p0nH_Cj0p0fF__roL8p5mm__tee_fl160um_fc12,4.86085203755,5.13967848351,17.965380264259338,105.70737983803429,4.613459377882024,7,fig5_cg1p5um_rpg5p0um__Lj12p0nH_Cj0p0fF__roL8p5mm__tee_fl160um_fc12,5.04323507232,6.28021289796,3.42494801615715,157.85689600124496,5.786188574995053,0.3153393017129417,0.18238303476999995,1.1405344144500003,14.540432248102189,52.14951616321068,1.1727291971130285
Surrogate_Ridge,64,fig5_cg0p5um_rpg2p5um__Lj12p0nH_Cj0p0fF__roL8p5mm__tee_fl160um_fc12,4.86085203755,5.13967848351,17.965380264259338,105.70737983803429,4.613459377882024,8,fig5_cg1p5um_rpg4p5um__Lj12p0nH_Cj0p0fF__roL8p5mm__tee_fl160um_fc12,4.976402692,6.33017472215,3.799471869277954,182.9036327769298,5.865943595048655,0.34357072476529393,0.11555065444999979,1.1904962386399998,14.165908394981383,77.19625293889553,1.2524842171666313
Surrogate_Ridge,64,fig5_cg0p5um_rpg2p5um__Lj12p0nH_Cj0p0fF__roL8p5mm__tee_fl160um_fc12,4.86085203755,5.13967848351,17.965380264259338,105.70737983803429,4.613459377882024,9,fig5_cg2p0um_rpg5p0um__Lj12p0nH_Cj0p0fF__roL8p5mm__tee_fl160um_fc12,5.00689696531,6.38596810645,3.1561178412323,168.5374911205823,5.90200752534716,0.373398712773614,0.14604492776000022,1.24628962294,14.809262423027038,62.83011128254802,1.2885481474651357
Surrogate_Ridge,64,fig5_cg0p5um_rpg2p5um__Lj12p0nH_Cj0p0fF__roL8p5mm__tee_fl160um_fc12,4.86085203755,5.13967848351,17.965380264259338,105.70737983803429,4.613459377882024,10,fig5_cg1p0um_rpg3p5um__Lj12p0nH_Cj0p0fF__roL8p5mm__tee_fl160um_fc12,4.93012574905,5.64408869323,6.575776153987884,136.7596168514535,5.1303535459575125,0.38883191734098627,0.06927371150000017,0.5044102097199996,11.389604110271453,31.052237013419216,0.5168941680754884
Surrogate_Ridge,65,fig5_cg0p5um_rpg3p5um__Lj12p0nH_Cj0p0fF__roL8p5mm__tee_fl160um_fc12,4.95220581627,5.47066739424,9.085998195718766,122.01967618339854,4.939635258326992,1,fig5_cg0p5um_rpg4p5um__Lj12p0nH_Cj0p0fF__roL8p5mm__tee_fl160um_fc12,4.91536795129,5.15896681443,15.940627231472014,88.96160903755928,4.628479910333719,0.027066421428993032,0.03683786497999986,0.3117005798100001,6.8546290357532484,33.05806714583926,0.3111553479932727
Surrogate_Ridge,65,fig5_cg0p5um_rpg3p5um__Lj12p0nH_Cj0p0fF__roL8p5mm__tee_fl160um_fc12,4.95220581627,5.47066739424,9.085998195718766,122.01967618339854,4.939635258326992,2,fig5_cg0p5um_rpg4p0um__Lj12p0nH_Cj0p0fF__roL8p5mm__tee_fl160um_fc12,4.93444795175,5.31580660647,11.014610311313628,104.66300593655608,4.723900019540444,0.03658603079838881,0.017757864520000055,0.15486078777000056,1.9286121155948628,17.35667024684247,0.21573523878654743
Surrogate_Ridge,65,fig5_cg0p5um_rpg3p5um__Lj12p0nH_Cj0p0fF__roL8p5mm__tee_fl160um_fc12,4.95220581627,5.47066739424,9.085998195718766,122.01967618339854,4.939635258326992,3,fig5_cg0p5um_rpg5p0um__Lj12p0nH_Cj0p0fF__roL8p5mm__tee_fl160um_fc12,4.98323158095,5.19678849863,14.45415507852745,76.08639123510137,4.620459238685448,0.03665569928324297,0.031025764679999845,0.27387889561000023,5.368156882808684,45.93328494829717,0.3191760196415441
Surrogate_Ridge,65,fig5_cg0p5um_rpg3p5um__Lj12p0nH_Cj0p0fF__roL8p5mm__tee_fl160um_fc12,4.95220581627,5.47066739424,9.085998195718766,122.01967618339854,4.939635258326992,4,fig5_cg1p0um_rpg4p5um__Lj12p0nH_Cj0p0fF__roL8p5mm__tee_fl160um_fc12,4.92669215481,5.97329068938,5.158221075239181,170.16755028324246,5.4665157689459365,0.055065710347942616,0.02551366146000067,0.5026232951399994,3.9277771204795844,48.14787409984392,0.5268805106189447
Surrogate_Ridge,65,fig5_cg0p5um_rpg3p5um__Lj12p0nH_Cj0p0fF__roL8p5mm__tee_fl160um_fc12,4.95220581627,5.47066739424,9.085998195718766,122.01967618339854,4.939635258326992,5,fig5_cg1p0um_rpg5p0um__Lj12p0nH_Cj0p0fF__roL8p5mm__tee_fl160um_fc12,5.002819954,6.02791749619,4.5428961180763245,154.53491753319466,5.492192335970341,0.060457190190700304,0.05061413772999934,0.5572501019499994,4.543102077642441,32.51524134979611,0.5525570776433488
Surrogate_Ridge,65,fig5_cg0p5um_rpg3p5um__Lj12p0nH_Cj0p0fF__roL8p5mm__tee_fl160um_fc12,4.95220581627,5.47066739424,9.085998195718766,122.01967618339854,4.939635258326992,6,fig5_cg1p5um_rpg4p5um__Lj12p0nH_Cj0p0fF__roL8p5mm__tee_fl160um_fc12,4.976402692,6.33017472215,3.799471869277954,182.9036327769298,5.865943595048655,0.09408259965972987,0.024196875729999512,0.8595073279099994,5.2865263264408116,60.883956593531266,0.9263083367216636
Surrogate_Ridge,65,fig5_cg0p5um_rpg3p5um__Lj12p0nH_Cj0p0fF__roL8p5mm__tee_fl160um_fc12,4.95220581627,5.47066739424,9.085998195718766,122.01967618339854,4.939635258326992,7,fig5_cg1p5um_rpg5p0um__Lj12p0nH_Cj0p0fF__roL8p5mm__tee_fl160um_fc12,5.04323507232,6.28021289796,3.42494801615715,157.85689600124496,5.786188574995053,0.09527628149099526,0.09102925604999967,0.8095455037199999,5.661050179561616,35.83721981784642,0.8465533166680608
Surrogate_Ridge,65,fig5_cg0p5um_rpg3p5um__Lj12p0nH_Cj0p0fF__roL8p5mm__tee_fl160um_fc12,4.95220581627,5.47066739424,9.085998195718766,122.01967618339854,4.939635258326992,8,fig5_cg1p0um_rpg3p5um__Lj12p0nH_Cj0p0fF__roL8p5mm__tee_fl160um_fc12,4.93012574905,5.64408869323,6.575776153987884,136.7596168514535,5.1303535459575125,0.10160941233336457,0.02208006722000011,0.17342129898999925,2.5102220417308816,14.739940668054956,0.19071828763052068
Surrogate_Ridge,65,fig5_cg0p5um_rpg3p5um__Lj12p0nH_Cj0p0fF__roL8p5mm__tee_fl160um_fc12,4.95220581627,5.47066739424,9.085998195718766,122.01967618339854,4.939635258326992,9,fig5_cg1p5um_rpg4p0um__Lj12p0nH_Cj0p0fF__roL8p5mm__tee_fl160um_fc12,4.87824436992,6.24826740965,4.101225070188522,195.7599725835552,5.814198941096933,0.11199780505211028,0.07396144635000024,0.77760001541,4.984773125530244,73.74029640015665,0.8745636827699412
Surrogate_Ridge,65,fig5_cg0p5um_rpg3p5um__Lj12p0nH_Cj0p0fF__roL8p5mm__tee_fl160um_fc12,4.95220581627,5.47066739424,9.085998195718766,122.01967618339854,4.939635258326992,10,fig5_cg0p5um_rpg3p0um__Lj12p0nH_Cj0p0fF__roL8p5mm__tee_fl160um_fc12,4.85228059761,5.17367615258,14.724469331972122,107.0517381501744,4.685228495113829,0.11295191120811775,0.09992521866000015,0.2969912416600007,5.638471136253356,14.967938033224144,0.25440676321316236
Surrogate_Ridge,66,fig5_cg1p0um_rpg1p0um__Lj12p0nH_Cj0p0fF__roL8p5mm__tee_fl160um_fc12,4.67320004812,5.91640960993,8.50689958678627,269.90737452966613,5.733069631974926,1,fig5_cg2p0um_rpg1p0um__Lj12p0nH_Cj0p0fF__roL8p5mm__tee_fl160um_fc12,4.67537317002,6.28144982257,6.80016774546051,305.861011614189,6.2286045622900525,0.0011862551692674516,0.0021731219000002966,0.3650402126400003,1.7067318413257597,35.95363708452288,0.4955349303151264
Surrogate_Ridge,66,fig5_cg1p0um_rpg1p0um__Lj12p0nH_Cj0p0fF__roL8p5mm__tee_fl160um_fc12,4.67320004812,5.91640960993,8.50689958678627,269.90737452966613,5.733069631974926,2,fig5_cg2p0um_rpg0p5um__Lj12p0nH_Cj0p0fF__roL8p5mm__tee_fl160um_fc12,4.56457478395,6.29107307619,7.123120399354934,343.529891336186,6.286368287736043,0.0023942668507047344,0.10862526416999962,0.37466346626000036,1.3837791874313359,73.62251680651985,0.5532986557611173
Surrogate_Ridge,66,fig5_cg1p0um_rpg1p0um__Lj12p0nH_Cj0p0fF__roL8p5mm__tee_fl160um_fc12,4.67320004812,5.91640960993,8.50689958678627,269.90737452966613,5.733069631974926,3,fig5_cg1p5um_rpg1p0um__Lj12p0nH_Cj0p0fF__roL8p5mm__tee_fl160um_fc12,4.7605818776,6.21817087681,5.831666317903518,253.65164600383045,6.132701943451215,0.004369425458648167,0.08738182947999995,0.3017612668800007,2.675233268882752,16.25572852583568,0.39963231147628875
Surrogate_Ridge,66,fig5_cg1p0um_rpg1p0um__Lj12p0nH_Cj0p0fF__roL8p5mm__tee_fl160um_fc12,4.67320004812,5.91640960993,8.50689958678627,269.90737452966613,5.733069631974926,4,fig5_cg2p5um_rpg0p5um__Lj12p0nH_Cj0p0fF__roL8p5mm__tee_fl160um_fc12,4.54592211662,6.38743350129,6.768334062421799,357.27924141069707,6.438170117514996,0.005101505110774073,0.1272779315000001,0.47102389136000067,1.7385655243644713,87.37186688103094,0.7051004855400702
Surrogate_Ridge,66,fig5_cg1p0um_rpg1p0um__Lj12p0nH_Cj0p0fF__roL8p5mm__tee_fl160um_fc12,4.67320004812,5.91640960993,8.50689958678627,269.90737452966613,5.733069631974926,5,fig5_cg2p0um_rpg1p5um__Lj12p0nH_Cj0p0fF__roL8p5mm__tee_fl160um_fc12,4.77793609257,6.1977870086,5.346981281085967,236.19198761457903,5.968418975392394,0.006342818887301223,0.10473604445000007,0.2813773986700001,3.1599183057003026,33.715386915087095,0.23534934341746805
Surrogate_Ridge,66,fig5_cg1p0um_rpg1p0um__Lj12p0nH_Cj0p0fF__roL8p5mm__tee_fl160um_fc12,4.67320004812,5.91640960993,8.50689958678627,269.90737452966613,5.733069631974926,6,fig5_cg1p5um_rpg0p5um__Lj12p0nH_Cj0p0fF__roL8p5mm__tee_fl160um_fc12,4.58877032672,6.22033143163,7.875931111408233,340.7758897032887,6.21478508076179,0.008309170432268033,0.08442972140000027,0.30392182170000037,0.6309684753780367,70.8685151736226,0.481715448786864
Surrogate_Ridge,66,fig5_cg1p0um_rpg1p0um__Lj12p0nH_Cj0p0fF__roL8p5mm__tee_fl160um_fc12,4.67320004812,5.91640960993,8.50689958678627,269.90737452966613,5.733069631974926,7,fig5_cg1p5um_rpg2p0um__Lj12p0nH_Cj0p0fF__roL8p5mm__tee_fl160um_fc12,4.87620084481,6.26170388145,4.99363361734581,218.7024888594067,5.970534325619533,0.015583661709821601,0.2030007966899996,0.34529427152000025,3.51326596944046,51.204885670259415,0.23746469364460676
Surrogate_Ridge,66,fig5_cg1p0um_rpg1p0um__Lj12p0nH_Cj0p0fF__roL8p5mm__tee_fl160um_fc12,4.67320004812,5.91640960993,8.50689958678627,269.90737452966613,5.733069631974926,8,fig5_cg1p0um_rpg1p5um__Lj12p0nH_Cj0p0fF__roL8p5mm__tee_fl160um_fc12,4.79990762773,5.93734773014,7.211306133548736,222.8918736386996,5.66911545033236,0.015867834723330115,0.12670757960999968,0.0209381202100003,1.295593453237534,47.015500890966536,0.06395418164256572
Surrogate_Ridge,66,fig5_cg1p0um_rpg1p0um__Lj12p0nH_Cj0p0fF__roL8p5mm__tee_fl160um_fc12,4.67320004812,5.91640960993,8.50689958678627,269.90737452966613,5.733069631974926,9,fig5_cg3p0um_rpg1p0um__Lj12p0nH_Cj0p0fF__roL8p5mm__tee_fl160um_fc12,4.5918495592,6.3683346429,6.310808488025665,329.7787087605889,6.339102179225892,0.02068634011540395,0.08135048892000007,0.4519250329700002,2.196091098760605,59.8713342309228,0.6060325472509662
Surrogate_Ridge,66,fig5_cg1p0um_rpg1p0um__Lj12p0nH_Cj0p0fF__roL8p5mm__tee_fl160um_fc12,4.67320004812,5.91640960993,8.50689958678627,269.90737452966613,5.733069631974926,10,fig5_cg1p0um_rpg0p5um__Lj12p0nH_Cj0p0fF__roL8p5mm__tee_fl160um_fc12,4.54202192391,5.9187518934,9.338552303901672,320.1328277671616,5.801737822485728,0.022846215855463987,0.13117812420999986,0.002342283469999984,0.8316527171154018,50.22545323749546,0.06866819051080153
Surrogate_Ridge,67,fig5_cg1p0um_rpg2p0um__Lj12p0nH_Cj0p0fF__roL8p5mm__tee_fl160um_fc12,4.88546910013,6.04518785501,6.151556719615936,205.9447691587804,5.705487976132026,1,fig5_cg2p5um_rpg3p0um__Lj12p0nH_Cj0p0fF__roL8p5mm__tee_fl160um_fc12,4.8216114018,6.30639910885,4.078658870691299,212.78053759295764,5.96985922957307,0.0015611679490206054,0.06385769832999966,0.26121125384,2.0728978489246366,6.835768434177254,0.26437125344104473
Surrogate_Ridge,67,fig5_cg1p0um_rpg2p0um__Lj12p0nH_Cj0p0fF__roL8p5mm__tee_fl160um_fc12,4.88546910013,6.04518785501,6.151556719615936,205.9447691587804,5.705487976132026,2,fig5_cg2p0um_rpg3p0um__Lj12p0nH_Cj0p0fF__roL8p5mm__tee_fl160um_fc12,4.90691227134,6.26460466713,4.076762608140945,192.584502898011,5.878506475506168,0.0035361395661203895,0.0214431712100005,0.21941681212000042,2.074794111474991,13.360266260769379,0.17301849937414193
Surrogate_Ridge,67,fig5_cg1p0um_rpg2p0um__Lj12p0nH_Cj0p0fF__roL8p5mm__tee_fl160um_fc12,4.88546910013,6.04518785501,6.151556719615936,205.9447691587804,5.705487976132026,3,fig5_cg2p5um_rpg2p5um__Lj12p0nH_Cj0p0fF__roL8p5mm__tee_fl160um_fc12,4.86782605146,6.40620544852,4.850844314466476,237.9905673388129,6.17514285459043,0.005292171981741505,0.017643048670000105,0.36101759350999973,1.3007124051494596,32.045798180032506,0.46965487845840403
Surrogate_Ridge,67,fig5_cg1p0um_rpg2p0um__Lj12p0nH_Cj0p0fF__roL8p5mm__tee_fl160um_fc12,4.88546910013,6.04518785501,6.151556719615936,205.9447691587804,5.705487976132026,4,fig5_cg2p0um_rpg3p5um__Lj12p0nH_Cj0p0fF__roL8p5mm__tee_fl160um_fc12,4.92988654864,6.34828832398,4.071626393825531,199.5447640637109,5.952483565984568,0.005502345014601299,0.04441744850999996,0.3031004689700003,2.0799303257904054,6.400005095069503,0.246995589852542
Surrogate_Ridge,67,fig5_cg1p0um_rpg2p0um__Lj12p0nH_Cj0p0fF__roL8p5mm__tee_fl160um_fc12,4.88546910013,6.04518785501,6.151556719615936,205.9447691587804,5.705487976132026,5,fig5_cg2p5um_rpg3p5um__Lj12p0nH_Cj0p0fF__roL8p5mm__tee_fl160um_fc12,4.90933450729,6.40357690957,3.7329917837715145,201.2880257934344,6.003674917928219,0.009137046696401885,0.02386540715999974,0.3583890545599999,2.4185649358444214,4.656743365345989,0.2981869417961933
Surrogate_Ridge,67,fig5_cg1p0um_rpg2p0um__Lj12p0nH_Cj0p0fF__roL8p5mm__tee_fl160um_fc12,4.88546910013,6.04518785501,6.151556719615936,205.9447691587804,5.705487976132026,6,fig5_cg2p0um_rpg2p5um__Lj12p0nH_Cj0p0fF__roL8p5mm__tee_fl160um_fc12,4.88081947033,6.29200362079,4.710222612869263,215.78136757047287,6.007573423867593,0.012876816897741656,0.004649629800000277,0.24681576578000008,1.4413341067466732,9.836598411692478,0.30208544773556767
Surrogate_Ridge,67,fig5_cg1p0um_rpg2p0um__Lj12p0nH_Cj0p0fF__roL8p5mm__tee_fl160um_fc12,4.88546910013,6.04518785501,6.151556719615936,205.9447691587804,5.705487976132026,7,fig5_cg3p0um_rpg2p5um__Lj12p0nH_Cj0p0fF__roL8p5mm__tee_fl160um_fc12,4.89777742204,6.34923094667,4.391671866830825,213.14051325530752,6.096625432754106,0.013335968253776717,0.012308321909999975,0.30404309165999965,1.7598848527851105,7.195744096527136,0.3911374566220802
Surrogate_Ridge,67,fig5_cg1p0um_rpg2p0um__Lj12p0nH_Cj0p0fF__roL8p5mm__tee_fl160um_fc12,4.88546910013,6.04518785501,6.151556719615936,205.9447691587804,5.705487976132026,8,fig5_cg3p0um_rpg3p0um__Lj12p0nH_Cj0p0fF__roL8p5mm__tee_fl160um_fc12,4.91022642408,6.30951729449,3.4180947746620176,181.0996536786009,5.916928558404827,0.015214637519956184,0.0247573239500003,0.26432943948,2.7334619449539184,24.845115480179487,0.21144058227280116
Surrogate_Ridge,67,fig5_cg1p0um_rpg2p0um__Lj12p0nH_Cj0p0fF__roL8p5mm__tee_fl160um_fc12,4.88546910013,6.04518785501,6.151556719615936,205.9447691587804,5.705487976132026,9,fig5_cg1p5um_rpg3p5um__Lj12p0nH_Cj0p0fF__roL8p5mm__tee_fl160um_fc12,4.91739512178,6.2089293665,4.491181793327331,192.69828834759227,5.78727831204173,0.017496084520836064,0.03192602165000036,0.1637415114899996,1.660374926288605,13.246480811188121,0.0817903359097043
Surrogate_Ridge,67,fig5_cg1p0um_rpg2p0um__Lj12p0nH_Cj0p0fF__roL8p5mm__tee_fl160um_fc12,4.88546910013,6.04518785501,6.151556719615936,205.9447691587804,5.705487976132026,10,fig5_cg2p0um_rpg4p0um__Lj12p0nH_Cj0p0fF__roL8p5mm__tee_fl160um_fc12,4.9386279194,6.36953775963,3.746125830854416,192.53030771266367,5.985478910669201,0.0187754332431844,0.0531588192700001,0.32434990462,2.40543088876152,13.414461446116718,0.2799909345371754
Surrogate_Ridge,68,fig5_cg1p0um_rpg4p0um__Lj12p0nH_Cj0p0fF__roL8p5mm__tee_fl160um_fc12,4.95117759309,6.03382781382,4.543285076444626,163.8602966996751,5.582606418234732,1,fig5_cg2p5um_rpg4p5um__Lj12p0nH_Cj0p0fF__roL8p5mm__tee_fl160um_fc12,4.94106024347,6.27626260442,3.614401097434997,177.32648850399752,5.824223648241028,0.0013976354452893607,0.010117349619999771,0.24243479059999995,0.9288839790096288,13.46619180432242,0.24161723000629554
Surrogate_Ridge,68,fig5_cg1p0um_rpg4p0um__Lj12p0nH_Cj0p0fF__roL8p5mm__tee_fl160um_fc12,4.95117759309,6.03382781382,4.543285076444626,163.8602966996751,5.582606418234732,2,fig5_cg2p5um_rpg4p0um__Lj12p0nH_Cj0p0fF__roL8p5mm__tee_fl160um_fc12,4.97746029131,6.34846078021,3.4394829423675537,176.0279190752371,5.892001031860305,0.009695200555274985,0.026282698220000178,0.3146329663899996,1.103802134077072,12.16762237556199,0.30939461362557275
Surrogate_Ridge,68,fig5_cg1p0um_rpg4p0um__Lj12p0nH_Cj0p0fF__roL8p5mm__tee_fl160um_fc12,4.95117759309,6.03382781382,4.543285076444626,163.8602966996751,5.582606418234732,3,fig5_cg3p0um_rpg4p0um__Lj12p0nH_Cj0p0fF__roL8p5mm__tee_fl160um_fc12,4.940704631,6.42408762791,3.4702477960357663,191.51572092370972,6.040377137923779,0.012073370457090992,0.010472962089999704,0.3902598140899993,1.0730372804088595,27.65542422403462,0.45777071968904703
Surrogate_Ridge,68,fig5_cg1p0um_rpg4p0um__Lj12p0nH_Cj0p0fF__roL8p5mm__tee_fl160um_fc12,4.95117759309,6.03382781382,4.543285076444626,163.8602966996751,5.582606418234732,4,fig5_cg2p5um_rpg5p0um__Lj12p0nH_Cj0p0fF__roL8p5mm__tee_fl160um_fc12,4.96853879237,6.44911161303,3.242022451978684,183.77948170929324,6.01719108962314,0.012194447350541033,0.017361199280000683,0.41528379921,1.3012626244659415,19.919185009618133,0.43458467138840806
Surrogate_Ridge,68,fig5_cg1p0um_rpg4p0um__Lj12p0nH_Cj0p0fF__roL8p5mm__tee_fl160um_fc12,4.95117759309,6.03382781382,4.543285076444626,163.8602966996751,5.582606418234732,5,fig5_cg3p0um_rpg4p5um__Lj12p0nH_Cj0p0fF__roL8p5mm__tee_fl160um_fc12,4.9941849025,6.38138344841,3.337415566484451,174.770816054377,5.970627936686949,0.014831853401452775,0.04300730941000008,0.34755563458999994,1.2058695099601748,10.910519354701904,0.38802151845221644
Surrogate_Ridge,68,fig5_cg1p0um_rpg4p0um__Lj12p0nH_Cj0p0fF__roL8p5mm__tee_fl160um_fc12,4.95117759309,6.03382781382,4.543285076444626,163.8602966996751,5.582606418234732,6,fig5_cg2p0um_rpg5p0um__Lj12p0nH_Cj0p0fF__roL8p5mm__tee_fl160um_fc12,5.00689696531,6.38596810645,3.1561178412323,168.5374911205823,5.90200752534716,0.015408314962451366,0.05571937222000045,0.3521402926299997,1.3871672352123259,4.677194420907199,0.3194011071124274
Surrogate_Ridge,68,fig5_cg1p0um_rpg4p0um__Lj12p0nH_Cj0p0fF__roL8p5mm__tee_fl160um_fc12,4.95117759309,6.03382781382,4.543285076444626,163.8602966996751,5.582606418234732,7,fig5_cg2p0um_rpg4p5um__Lj12p0nH_Cj0p0fF__roL8p5mm__tee_fl160um_fc12,4.97284935247,6.3313693992,3.633872322338104,179.5683919798121,5.856603419743111,0.015667551111547086,0.02167175938000021,0.2975415853799994,0.9094127541065218,15.708095280137002,0.2739970015083788
Surrogate_Ridge,68,fig5_cg1p0um_rpg4p0um__Lj12p0nH_Cj0p0fF__roL8p5mm__tee_fl160um_fc12,4.95117759309,6.03382781382,4.543285076444626,163.8602966996751,5.582606418234732,8,fig5_cg2p0um_rpg4p0um__Lj12p0nH_Cj0p0fF__roL8p5mm__tee_fl160um_fc12,4.9386279194,6.36953775963,3.746125830854416,192.53030771266367,5.985478910669201,0.035021164275880035,0.012549673689999707,0.3357099458099997,0.7971592455902097,28.670011012988567,0.40287249243446865
Surrogate_Ridge,68,fig5_cg1p0um_rpg4p0um__Lj12p0nH_Cj0p0fF__roL8p5mm__tee_fl160um_fc12,4.95117759309,6.03382781382,4.543285076444626,163.8602966996751,5.582606418234732,9,fig5_cg3p0um_rpg5p0um__Lj12p0nH_Cj0p0fF__roL8p5mm__tee_fl160um_fc12,4.95696839493,6.48702340891,3.0559725609760284,184.36721217201665,6.001161702196097,0.03668471336105179,0.005790801839999915,0.4531955950899995,1.4873125154685973,20.506915472341547,0.4185552839613642
Surrogate_Ridge,68,fig5_cg1p0um_rpg4p0um__Lj12p0nH_Cj0p0fF__roL8p5mm__tee_fl160um_fc12,4.95117759309,6.03382781382,4.543285076444626,163.8602966996751,5.582606418234732,10,fig5_cg2p5um_rpg3p5um__Lj12p0nH_Cj0p0fF__roL8p5mm__tee_fl160um_fc12,4.90933450729,6.40357690957,3.7329917837715145,201.2880257934344,6.003674917928219,0.037087142680497835,0.04184308580000007,0.3697490957499996,0.8102932926731112,37.4277290937593,0.4210684996934866
Surrogate_Ridge,69,fig5_cg1p5um_rpg1p5um__Lj12p0nH_Cj0p0fF__roL8p5mm__tee_fl160um_fc12,4.70205725312,6.11538531342,6.239270386688232,258.23019357418474,5.882120056560826,1,fig5_cg3p0um_rpg2p0um__Lj12p0nH_Cj0p0fF__roL8p5mm__tee_fl160um_fc12,4.85591843529,6.44095110726,4.270610977590561,230.04663618304903,6.1997071597004,0.0020658986516941358,0.15386118217,0.32556579384000006,1.968659409097671,28.183557391135707,0.31758710313957383
Surrogate_Ridge,69,fig5_cg1p5um_rpg1p5um__Lj12p0nH_Cj0p0fF__roL8p5mm__tee_fl160um_fc12,4.70205725312,6.11538531342,6.239270386688232,258.23019357418474,5.882120056560826,2,fig5_cg3p0um_rpg1p5um__Lj12p0nH_Cj0p0fF__roL8p5mm__tee_fl160um_fc12,4.80934135586,6.34266483957,4.7338018228397365,237.2002446708589,6.176728175579623,0.002111892509339486,0.10728410274000044,0.22727952615000024,1.5054685638484955,21.029948903325845,0.2946081190187968
Surrogate_Ridge,69,fig5_cg1p5um_rpg1p5um__Lj12p0nH_Cj0p0fF__roL8p5mm__tee_fl160um_fc12,4.70205725312,6.11538531342,6.239270386688232,258.23019357418474,5.882120056560826,3,fig5_cg3p5um_rpg1p5um__Lj12p0nH_Cj0p0fF__roL8p5mm__tee_fl160um_fc12,4.70486631048,6.33112792154,5.111963850152969,266.195772124899,6.191175501007713,0.005293703454417089,0.0028090573600003665,0.21574260812000023,1.1273065365352632,7.96557855071427,0.30905544444688715
Surrogate_Ridge,69,fig5_cg1p5um_rpg1p5um__Lj12p0nH_Cj0p0fF__roL8p5mm__tee_fl160um_fc12,4.70205725312,6.11538531342,6.239270386688232,258.23019357418474,5.882120056560826,4,fig5_cg2p5um_rpg2p0um__Lj12p0nH_Cj0p0fF__roL8p5mm__tee_fl160um_fc12,4.82985966256,6.3640851834,4.45615377314949,229.1245415394613,6.124821045393385,0.007214036975752884,0.1278024094400001,0.24869986998000027,1.7831166135387422,29.105652034723448,0.24270098883255908
Surrogate_Ridge,69,fig5_cg1p5um_rpg1p5um__Lj12p0nH_Cj0p0fF__roL8p5mm__tee_fl160um_fc12,4.70205725312,6.11538531342,6.239270386688232,258.23019357418474,5.882120056560826,5,fig5_cg3p5um_rpg1p0um__Lj12p0nH_Cj0p0fF__roL8p5mm__tee_fl160um_fc12,4.65151549232,6.42206990109,5.782993409578324,310.4906595751157,6.336782825594393,0.008007748421386688,0.050541760799999835,0.3066845876700004,0.45627697710990756,52.26046600093099,0.4546627690335674
Surrogate_Ridge,69,fig5_cg1p5um_rpg1p5um__Lj12p0nH_Cj0p0fF__roL8p5mm__tee_fl160um_fc12,4.70205725312,6.11538531342,6.239270386688232,258.23019357418474,5.882120056560826,6,fig5_cg2p5um_rpg2p5um__Lj12p0nH_Cj0p0fF__roL8p5mm__tee_fl160um_fc12,4.86782605146,6.40620544852,4.850844314466476,237.9905673388129,6.17514285459043,0.009836094227431803,0.16576879834000025,0.2908201350999997,1.3884260722217556,20.239626235371844,0.29302279802960385
Surrogate_Ridge,69,fig5_cg1p5um_rpg1p5um__Lj12p0nH_Cj0p0fF__roL8p5mm__tee_fl160um_fc12,4.70205725312,6.11538531342,6.239270386688232,258.23019357418474,5.882120056560826,7,fig5_cg3p0um_rpg2p5um__Lj12p0nH_Cj0p0fF__roL8p5mm__tee_fl160um_fc12,4.89777742204,6.34923094667,4.391671866830825,213.14051325530752,6.096625432754106,0.011085113400288235,0.19572016892000033,0.23384563324999963,1.8475985198574065,45.089680318877214,0.21450537619328003
Surrogate_Ridge,69,fig5_cg1p5um_rpg1p5um__Lj12p0nH_Cj0p0fF__roL8p5mm__tee_fl160um_fc12,4.70205725312,6.11538531342,6.239270386688232,258.23019357418474,5.882120056560826,8,fig5_cg3p0um_rpg1p0um__Lj12p0nH_Cj0p0fF__roL8p5mm__tee_fl160um_fc12,4.5918495592,6.3683346429,6.310808488025665,329.7787087605889,6.339102179225892,0.011223094973224275,0.11020769391999963,0.2529493294799998,0.07153810133743299,71.54851518640419,0.45698212266506655
Surrogate_Ridge,69,fig5_cg1p5um_rpg1p5um__Lj12p0nH_Cj0p0fF__roL8p5mm__tee_fl160um_fc12,4.70205725312,6.11538531342,6.239270386688232,258.23019357418474,5.882120056560826,9,fig5_cg3p5um_rpg2p0um__Lj12p0nH_Cj0p0fF__roL8p5mm__tee_fl160um_fc12,4.78544785971,6.42909571039,4.586441499513626,250.3896145461569,6.177842469599042,0.011644867093686926,0.08339060659000008,0.31371039697000036,1.6528288871746062,7.8405790280278325,0.29572241303821656
Surrogate_Ridge,69,fig5_cg1p5um_rpg1p5um__Lj12p0nH_Cj0p0fF__roL8p5mm__tee_fl160um_fc12,4.70205725312,6.11538531342,6.239270386688232,258.23019357418474,5.882120056560826,10,fig5_cg3p5um_rpg0p5um__Lj12p0nH_Cj0p0fF__roL8p5mm__tee_fl160um_fc12,4.48458805947,6.33290774525,6.273954957790375,350.28792536348936,6.333902670879128,0.01978700199459573,0.2174691936499995,0.21752243182999997,0.03468457110214285,92.05773178930463,0.4517826143183026
Surrogate_Ridge,70,fig5_cg2p5um_rpg1p5um__Lj12p0nH_Cj0p0fF__roL8p5mm__tee_fl160um_fc12,4.80241603649,6.29023464501,4.767015867277145,231.6400696953025,6.131116456786552,1,fig5_cg3p5um_rpg2p5um__Lj12p0nH_Cj0p0fF__roL8p5mm__tee_fl160um_fc12,4.85348773769,6.38790903463,4.356288998512268,225.5893196577544,6.102737650921461,0.0011551980548846453,0.05107170119999971,0.09767438961999986,0.4107268687648773,6.0507500375480845,0.028378805865091117
Surrogate_Ridge,70,fig5_cg2p5um_rpg1p5um__Lj12p0nH_Cj0p0fF__roL8p5mm__tee_fl160um_fc12,4.80241603649,6.29023464501,4.767015867277145,231.6400696953025,6.131116456786552,2,fig5_cg3p0um_rpg3p0um__Lj12p0nH_Cj0p0fF__roL8p5mm__tee_fl160um_fc12,4.91022642408,6.30951729449,3.4180947746620176,181.0996536786009,5.916928558404827,0.007168744687219222,0.10781038758999983,0.019282649480000025,1.3489210926151274,50.540416016701585,0.21418789838172536
Surrogate_Ridge,70,fig5_cg2p5um_rpg1p5um__Lj12p0nH_Cj0p0fF__roL8p5mm__tee_fl160um_fc12,4.80241603649,6.29023464501,4.767015867277145,231.6400696953025,6.131116456786552,3,fig5_cg4p0um_rpg2p5um__Lj12p0nH_Cj0p0fF__roL8p5mm__tee_fl160um_fc12,4.84081846419,6.4170299131,4.2439929298172,228.91083087667948,6.164372524451142,0.009092124066091584,0.038402427699999464,0.1267952680900004,0.5230229374599453,2.7292388186230028,0.033256067664590105
Surrogate_Ridge,70,fig5_cg2p5um_rpg1p5um__Lj12p0nH_Cj0p0fF__roL8p5mm__tee_fl160um_fc12,4.80241603649,6.29023464501,4.767015867277145,231.6400696953025,6.131116456786552,4,fig5_cg3p5um_rpg2p0um__Lj12p0nH_Cj0p0fF__roL8p5mm__tee_fl160um_fc12,4.78544785971,6.42909571039,4.586441499513626,250.3896145461569,6.177842469599042,0.013255764993973204,0.016968176780000732,0.13886106538000043,0.1805743677635192,18.74954485085442,0.046726012812490225
Surrogate_Ridge,70,fig5_cg2p5um_rpg1p5um__Lj12p0nH_Cj0p0fF__roL8p5mm__tee_fl160um_fc12,4.80241603649,6.29023464501,4.767015867277145,231.6400696953025,6.131116456786552,5,fig5_cg3p0um_rpg2p5um__Lj12p0nH_Cj0p0fF__roL8p5mm__tee_fl160um_fc12,4.89777742204,6.34923094667,4.391671866830825,213.14051325530752,6.096625432754106,0.017484546883279474,0.09536138554999951,0.058996301659999695,0.37534400044631955,18.49955643999496,0.034491024032446305
Surrogate_Ridge,70,fig5_cg2p5um_rpg1p5um__Lj12p0nH_Cj0p0fF__roL8p5mm__tee_fl160um_fc12,4.80241603649,6.29023464501,4.767015867277145,231.6400696953025,6.131116456786552,6,fig5_cg3p5um_rpg3p5um__Lj12p0nH_Cj0p0fF__roL8p5mm__tee_fl160um_fc12,4.88834773081,6.55440012204,3.58235393236351,219.15970791952185,6.190036689460878,0.017878701793496595,0.08593169431999925,0.2641654770299997,1.1846619349136351,12.480361775780636,0.05892023267432567
Surrogate_Ridge,70,fig5_cg2p5um_rpg1p5um__Lj12p0nH_Cj0p0fF__roL8p5mm__tee_fl160um_fc12,4.80241603649,6.29023464501,4.767015867277145,231.6400696953025,6.131116456786552,7,fig5_cg2p5um_rpg3p5um__Lj12p0nH_Cj0p0fF__roL8p5mm__tee_fl160um_fc12,4.90933450729,6.40357690957,3.7329917837715145,201.2880257934344,6.003674917928219,0.027376549772949153,0.10691847079999928,0.11334226455999996,1.0340240835056305,30.352043901868086,0.1274415388583332
Surrogate_Ridge,70,fig5_cg2p5um_rpg1p5um__Lj12p0nH_Cj0p0fF__roL8p5mm__tee_fl160um_fc12,4.80241603649,6.29023464501,4.767015867277145,231.6400696953025,6.131116456786552,8,fig5_cg3p0um_rpg4p0um__Lj12p0nH_Cj0p0fF__roL8p5mm__tee_fl160um_fc12,4.940704631,6.42408762791,3.4702477960357663,191.51572092370972,6.040377137923779,0.02746177791188775,0.13828859450999964,0.1338529828999997,1.2967680712413787,40.124348771592764,0.09073931886277276
Surrogate_Ridge,70,fig5_cg2p5um_rpg1p5um__Lj12p0nH_Cj0p0fF__roL8p5mm__tee_fl160um_fc12,4.80241603649,6.29023464501,4.767015867277145,231.6400696953025,6.131116456786552,9,fig5_cg4p5um_rpg2p0um__Lj12p0nH_Cj0p0fF__roL8p5mm__tee_fl160um_fc12,4.76152326688,6.26061677056,4.183778731437683,220.21744270871204,6.0120493220772,0.02968232959751943,0.0408927696100001,0.029617874449999526,0.5832371358394619,11.422626986590444,0.11906713470935237
Surrogate_Ridge,70,fig5_cg2p5um_rpg1p5um__Lj12p0nH_Cj0p0fF__roL8p5mm__tee_fl160um_fc12,4.80241603649,6.29023464501,4.767015867277145,231.6400696953025,6.131116456786552,10,fig5_cg2p5um_rpg4p0um__Lj12p0nH_Cj0p0fF__roL8p5mm__tee_fl160um_fc12,4.97746029131,6.34846078021,3.4394829423675537,176.0279190752371,5.892001031860305,0.03248705819218023,0.17504425481999952,0.05822613519999997,1.3275329249095913,55.61215062006539,0.23911542492624704
Surrogate_Ridge,71,fig5_cg3p0um_rpg0p5um__Lj12p0nH_Cj0p0fF__roL8p5mm__tee_fl160um_fc12,4.47188676231,6.35862255887,6.674660419145583,369.2900233258177,6.365138339891879,1,fig5_cg3p5um_rpg0p5um__Lj12p0nH_Cj0p0fF__roL8p5mm__tee_fl160um_fc12,4.48458805947,6.33290774525,6.273954957790375,350.28792536348936,6.333902670879128,0.018576615766124703,0.012701297160000458,0.02571481361999961,0.40070546135520857,19.00209796232832,0.031235669012750655
Surrogate_Ridge,71,fig5_cg3p0um_rpg0p5um__Lj12p0nH_Cj0p0fF__roL8p5mm__tee_fl160um_fc12,4.47188676231,6.35862255887,6.674660419145583,369.2900233258177,6.365138339891879,2,fig5_cg4p0um_rpg0p5um__Lj12p0nH_Cj0p0fF__roL8p5mm__tee_fl160um_fc12,4.52155001594,6.39443554908,6.552557450353622,359.2700242399351,6.454069012219757,0.019452438310099057,0.04966325363000035,0.03581299021000017,0.12210296879196125,10.019999085882603,0.08893067232787821
Surrogate_Ridge,71,fig5_cg3p0um_rpg0p5um__Lj12p0nH_Cj0p0fF__roL8p5mm__tee_fl160um_fc12,4.47188676231,6.35862255887,6.674660419145583,369.2900233258177,6.365138339891879,3,fig5_cg3p5um_rpg1p0um__Lj12p0nH_Cj0p0fF__roL8p5mm__tee_fl160um_fc12,4.65151549232,6.42206990109,5.782993409578324,310.4906595751157,6.336782825594393,0.02983890961848016,0.17962873001000013,0.06344734222000081,0.891667009567259,58.79936375070196,0.02835551429748584
Surrogate_Ridge,71,fig5_cg3p0um_rpg0p5um__Lj12p0nH_Cj0p0fF__roL8p5mm__tee_fl160um_fc12,4.47188676231,6.35862255887,6.674660419145583,369.2900233258177,6.365138339891879,4,fig5_cg4p5um_rpg0p5um__Lj12p0nH_Cj0p0fF__roL8p5mm__tee_fl160um_fc12,4.51249644149,6.35090511355,6.372151983530045,348.6053033569676,6.370880057120116,0.032878831170458235,0.040609679180000136,0.00771744531999996,0.30250843561553875,20.68471996885006,0.005741717228237242
Surrogate_Ridge,71,fig5_cg3p0um_rpg0p5um__Lj12p0nH_Cj0p0fF__roL8p5mm__tee_fl160um_fc12,4.47188676231,6.35862255887,6.674660419145583,369.2900233258177,6.365138339891879,5,fig5_cg3p0um_rpg1p0um__Lj12p0nH_Cj0p0fF__roL8p5mm__tee_fl160um_fc12,4.5918495592,6.3683346429,6.310808488025665,329.7787087605889,6.339102179225892,0.03523690593959042,0.11996279689000033,0.009712084030000234,0.3638519311199184,39.51131456522876,0.026036160665986685
Surrogate_Ridge,71,fig5_cg3p0um_rpg0p5um__Lj12p0nH_Cj0p0fF__roL8p5mm__tee_fl160um_fc12,4.47188676231,6.35862255887,6.674660419145583,369.2900233258177,6.365138339891879,6,fig5_cg3p0um_rpg1p5um__Lj12p0nH_Cj0p0fF__roL8p5mm__tee_fl160um_fc12,4.80934135586,6.34266483957,4.7338018228397365,237.2002446708589,6.176728175579623,0.04676697635117878,0.3374545935500004,0.01595771929999934,1.940858596305847,132.0897786549588,0.18841016431225643
Surrogate_Ridge,71,fig5_cg3p0um_rpg0p5um__Lj12p0nH_Cj0p0fF__roL8p5mm__tee_fl160um_fc12,4.47188676231,6.35862255887,6.674660419145583,369.2900233258177,6.365138339891879,7,fig5_cg3p5um_rpg1p5um__Lj12p0nH_Cj0p0fF__roL8p5mm__tee_fl160um_fc12,4.70486631048,6.33112792154,5.111963850152969,266.195772124899,6.191175501007713,0.04764573148136871,0.23297954817000033,0.02749463732999935,1.5626965689926147,103.09425120091868,0.17396283888416608
Surrogate_Ridge,71,fig5_cg3p0um_rpg0p5um__Lj12p0nH_Cj0p0fF__roL8p5mm__tee_fl160um_fc12,4.47188676231,6.35862255887,6.674660419145583,369.2900233258177,6.365138339891879,8,fig5_cg2p5um_rpg0p5um__Lj12p0nH_Cj0p0fF__roL8p5mm__tee_fl160um_fc12,4.54592211662,6.38743350129,6.768334062421799,357.27924141069707,6.438170117514996,0.05447668162733053,0.0740353543100003,0.028810942420000707,0.0936736432762153,12.010781915120617,0.0730317776231173
Surrogate_Ridge,71,fig5_cg3p0um_rpg0p5um__Lj12p0nH_Cj0p0fF__roL8p5mm__tee_fl160um_fc12,4.47188676231,6.35862255887,6.674660419145583,369.2900233258177,6.365138339891879,9,fig5_cg4p5um_rpg1p0um__Lj12p0nH_Cj0p0fF__roL8p5mm__tee_fl160um_fc12,4.66547453942,6.44365646453,5.568490972890854,305.09213979648246,6.526420054379522,0.05669462792541409,0.1935877771100003,0.08503390566000046,1.1061694462547296,64.19788352933523,0.16128171448764306
Surrogate_Ridge,71,fig5_cg3p0um_rpg0p5um__Lj12p0nH_Cj0p0fF__roL8p5mm__tee_fl160um_fc12,4.47188676231,6.35862255887,6.674660419145583,369.2900233258177,6.365138339891879,10,fig5_cg5p0um_rpg0p5um__Lj12p0nH_Cj0p0fF__roL8p5mm__tee_fl160um_fc12,4.54852290045,6.34578466778,6.117417553102493,331.8522825685193,6.365348751829195,0.05885579434720229,0.07663613814000048,0.012837891089999331,0.5572428660430901,37.4377407572984,0.0002104119373163016
Surrogate_Ridge,72,fig5_cg3p0um_rpg3p5um__Lj12p0nH_Cj0p0fF__roL8p5mm__tee_fl160um_fc12,4.92829096791,6.45957340168,3.572039231496811,200.6949020597348,6.130580680249026,1,fig5_cg3p5um_rpg4p0um__Lj12p0nH_Cj0p0fF__roL8p5mm__tee_fl160um_fc12,4.9416939411,6.51548606738,3.315546014060974,197.788389720846,6.147249764815354,0.001546521652500534,0.013402973189999834,0.0559126657000002,0.25649321743583675,2.9065123388888026,0.01666908456632754
Surrogate_Ridge,72,fig5_cg3p0um_rpg3p5um__Lj12p0nH_Cj0p0fF__roL8p5mm__tee_fl160um_fc12,4.92829096791,6.45957340168,3.572039231496811,200.6949020597348,6.130580680249026,2,fig5_cg3p5um_rpg3p5um__Lj12p0nH_Cj0p0fF__roL8p5mm__tee_fl160um_fc12,4.88834773081,6.55440012204,3.58235393236351,219.15970791952185,6.190036689460878,0.009498013047095102,0.03994323710000014,0.0948267203599995,0.010314700866699056,18.46480585978705,0.05945600921185168
Surrogate_Ridge,72,fig5_cg3p0um_rpg3p5um__Lj12p0nH_Cj0p0fF__roL8p5mm__tee_fl160um_fc12,4.92829096791,6.45957340168,3.572039231496811,200.6949020597348,6.130580680249026,3,fig5_cg3p5um_rpg4p5um__Lj12p0nH_Cj0p0fF__roL8p5mm__tee_fl160um_fc12,4.93974901061,6.38397286003,3.69327575235939,192.8740906594917,5.933832041481957,0.015677300529470417,0.01145804270000017,0.07560054165000007,0.12123652086257941,7.8208114002430875,0.19674863876706894
Surrogate_Ridge,72,fig5_cg3p0um_rpg3p5um__Lj12p0nH_Cj0p0fF__roL8p5mm__tee_fl160um_fc12,4.92829096791,6.45957340168,3.572039231496811,200.6949020597348,6.130580680249026,4,fig5_cg3p0um_rpg4p5um__Lj12p0nH_Cj0p0fF__roL8p5mm__tee_fl160um_fc12,4.9941849025,6.38138344841,3.337415566484451,174.770816054377,5.970627936686949,0.017933386068612445,0.06589393459000004,0.07818995326999989,0.23462366501235987,25.924086005357793,0.15995274356207734
Surrogate_Ridge,72,fig5_cg3p0um_rpg3p5um__Lj12p0nH_Cj0p0fF__roL8p5mm__tee_fl160um_fc12,4.92829096791,6.45957340168,3.572039231496811,200.6949020597348,6.130580680249026,5,fig5_cg3p0um_rpg4p0um__Lj12p0nH_Cj0p0fF__roL8p5mm__tee_fl160um_fc12,4.940704631,6.42408762791,3.4702477960357663,191.51572092370972,6.040377137923779,0.025964792089485673,0.012413663090000249,0.035485773770000506,0.10179143546104452,9.179181136025079,0.09020354232524674
Surrogate_Ridge,72,fig5_cg3p0um_rpg3p5um__Lj12p0nH_Cj0p0fF__roL8p5mm__tee_fl160um_fc12,4.92829096791,6.45957340168,3.572039231496811,200.6949020597348,6.130580680249026,6,fig5_cg4p5um_rpg3p0um__Lj12p0nH_Cj0p0fF__roL8p5mm__tee_fl160um_fc12,4.83995157357,6.4987501229,3.8456828279762254,228.4924012088084,6.243127364960313,0.028631026897929124,0.08833939434000015,0.0391767212199996,0.2736435964794146,27.797499149073587,0.11254668471128682
Surrogate_Ridge,72,fig5_cg3p0um_rpg3p5um__Lj12p0nH_Cj0p0fF__roL8p5mm__tee_fl160um_fc12,4.92829096791,6.45957340168,3.572039231496811,200.6949020597348,6.130580680249026,7,fig5_cg3p0um_rpg5p0um__Lj12p0nH_Cj0p0fF__roL8p5mm__tee_fl160um_fc12,4.95696839493,6.48702340891,3.0559725609760284,184.36721217201665,6.001161702196097,0.03198425031930368,0.028677427019999868,0.027450007229999684,0.5160666705207824,16.32768988771815,0.12941897805292957
Surrogate_Ridge,72,fig5_cg3p0um_rpg3p5um__Lj12p0nH_Cj0p0fF__roL8p5mm__tee_fl160um_fc12,4.92829096791,6.45957340168,3.572039231496811,200.6949020597348,6.130580680249026,8,fig5_cg4p5um_rpg2p5um__Lj12p0nH_Cj0p0fF__roL8p5mm__tee_fl160um_fc12,4.8208314661,6.41561937046,4.202300157867431,231.21565590524023,6.118632919744756,0.03642268903996648,0.10745950181000019,0.04395403122000019,0.6302609263706205,30.520753845505425,0.011947760504270377
Surrogate_Ridge,72,fig5_cg3p0um_rpg3p5um__Lj12p0nH_Cj0p0fF__roL8p5mm__tee_fl160um_fc12,4.92829096791,6.45957340168,3.572039231496811,200.6949020597348,6.130580680249026,9,fig5_cg4p5um_rpg3p5um__Lj12p0nH_Cj0p0fF__roL8p5mm__tee_fl160um_fc12,4.88861160423,6.4734435094,3.773440051719665,214.72133803964505,6.083690932056749,0.04292163502745626,0.03967936367999947,0.013870107719999858,0.2014008202228541,14.026435979910246,0.0468897481922772
Surrogate_Ridge,72,fig5_cg3p0um_rpg3p5um__Lj12p0nH_Cj0p0fF__roL8p5mm__tee_fl160um_fc12,4.92829096791,6.45957340168,3.572039231496811,200.6949020597348,6.130580680249026,10,fig5_cg4p0um_rpg2p5um__Lj12p0nH_Cj0p0fF__roL8p5mm__tee_fl160um_fc12,4.84081846419,6.4170299131,4.2439929298172,228.91083087667948,6.164372524451142,0.042937825737135796,0.08747250371999993,0.04254348857999979,0.6719536983203889,28.215928816944682,0.03379184420211612
Surrogate_Ridge,73,fig5_cg4p0um_rpg1p0um__Lj12p0nH_Cj0p0fF__roL8p5mm__tee_fl160um_fc12,4.65945895488,6.36376571745,5.935812954275131,303.21066175889354,6.3354729376276495,1,fig5_cg4p0um_rpg0p5um__Lj12p0nH_Cj0p0fF__roL8p5mm__tee_fl160um_fc12,4.52155001594,6.39443554908,6.552557450353622,359.2700242399351,6.454069012219757,0.0003240929882751023,0.1379089389399999,0.030669831630000033,0.6167444960784909,56.059362481041546,0.11859607459210775
Surrogate_Ridge,73,fig5_cg4p0um_rpg1p0um__Lj12p0nH_Cj0p0fF__roL8p5mm__tee_fl160um_fc12,4.65945895488,6.36376571745,5.935812954275131,303.21066175889354,6.3354729376276495,2,fig5_cg3p5um_rpg1p0um__Lj12p0nH_Cj0p0fF__roL8p5mm__tee_fl160um_fc12,4.65151549232,6.42206990109,5.782993409578324,310.4906595751157,6.336782825594393,0.0037354178605239247,0.007943462560000114,0.05830418364000067,0.1528195446968068,7.279997816222192,0.0013098879667436947
Surrogate_Ridge,73,fig5_cg4p0um_rpg1p0um__Lj12p0nH_Cj0p0fF__roL8p5mm__tee_fl160um_fc12,4.65945895488,6.36376571745,5.935812954275131,303.21066175889354,6.3354729376276495,3,fig5_cg3p5um_rpg1p5um__Lj12p0nH_Cj0p0fF__roL8p5mm__tee_fl160um_fc12,4.70486631048,6.33112792154,5.111963850152969,266.195772124899,6.191175501007713,0.006767082615624569,0.04540735560000009,0.03263779590999949,0.8238491041221625,37.01488963399453,0.14429743661993655
Surrogate_Ridge,73,fig5_cg4p0um_rpg1p0um__Lj12p0nH_Cj0p0fF__roL8p5mm__tee_fl160um_fc12,4.65945895488,6.36376571745,5.935812954275131,303.21066175889354,6.3354729376276495,4,fig5_cg4p5um_rpg0p5um__Lj12p0nH_Cj0p0fF__roL8p5mm__tee_fl160um_fc12,4.51249644149,6.35090511355,6.372151983530045,348.6053033569676,6.370880057120116,0.007143083255110039,0.1469625133900001,0.0128606039000001,0.4363390292549134,45.39464159807409,0.035407119492466776
Surrogate_Ridge,73,fig5_cg4p0um_rpg1p0um__Lj12p0nH_Cj0p0fF__roL8p5mm__tee_fl160um_fc12,4.65945895488,6.36376571745,5.935812954275131,303.21066175889354,6.3354729376276495,5,fig5_cg3p5um_rpg0p5um__Lj12p0nH_Cj0p0fF__roL8p5mm__tee_fl160um_fc12,4.48458805947,6.33290774525,6.273954957790375,350.28792536348936,6.333902670879128,0.009300024529186997,0.17487089540999978,0.03085797219999975,0.3381420035152436,47.07726360459583,0.0015702667485211208
Surrogate_Ridge,73,fig5_cg4p0um_rpg1p0um__Lj12p0nH_Cj0p0fF__roL8p5mm__tee_fl160um_fc12,4.65945895488,6.36376571745,5.935812954275131,303.21066175889354,6.3354729376276495,6,fig5_cg3p0um_rpg1p5um__Lj12p0nH_Cj0p0fF__roL8p5mm__tee_fl160um_fc12,4.80934135586,6.34266483957,4.7338018228397365,237.2002446708589,6.176728175579623,0.01601143060671622,0.14988240098000016,0.02110087787999948,1.2020111314353947,66.01041708803464,0.1587447620480269
Surrogate_Ridge,73,fig5_cg4p0um_rpg1p0um__Lj12p0nH_Cj0p0fF__roL8p5mm__tee_fl160um_fc12,4.65945895488,6.36376571745,5.935812954275131,303.21066175889354,6.3354729376276495,7,fig5_cg4p5um_rpg1p0um__Lj12p0nH_Cj0p0fF__roL8p5mm__tee_fl160um_fc12,4.66547453942,6.44365646453,5.568490972890854,305.09213979648246,6.526420054379522,0.017104981944013997,0.006015584540000063,0.07989074708000032,0.3673219813842774,1.88147803758892,0.1909471167518726
Surrogate_Ridge,73,fig5_cg4p0um_rpg1p0um__Lj12p0nH_Cj0p0fF__roL8p5mm__tee_fl160um_fc12,4.65945895488,6.36376571745,5.935812954275131,303.21066175889354,6.3354729376276495,8,fig5_cg3p5um_rpg2p0um__Lj12p0nH_Cj0p0fF__roL8p5mm__tee_fl160um_fc12,4.78544785971,6.42909571039,4.586441499513626,250.3896145461569,6.177842469599042,0.018395018794488946,0.1259889048299998,0.06532999294000064,1.3493714547615054,52.82104721273663,0.15763046802860714
Surrogate_Ridge,73,fig5_cg4p0um_rpg1p0um__Lj12p0nH_Cj0p0fF__roL8p5mm__tee_fl160um_fc12,4.65945895488,6.36376571745,5.935812954275131,303.21066175889354,6.3354729376276495,9,fig5_cg3p0um_rpg2p0um__Lj12p0nH_Cj0p0fF__roL8p5mm__tee_fl160um_fc12,4.85591843529,6.44095110726,4.270610977590561,230.04663618304903,6.1997071597004,0.01987611410679707,0.19645948040999972,0.07718538981000034,1.6652019766845703,73.1640255758445,0.13576577792724986
Surrogate_Ridge,73,fig5_cg4p0um_rpg1p0um__Lj12p0nH_Cj0p0fF__roL8p5mm__tee_fl160um_fc12,4.65945895488,6.36376571745,5.935812954275131,303.21066175889354,6.3354729376276495,10,fig5_cg3p0um_rpg1p0um__Lj12p0nH_Cj0p0fF__roL8p5mm__tee_fl160um_fc12,4.5918495592,6.3683346429,6.310808488025665,329.7787087605889,6.339102179225892,0.020743018530399088,0.0676093956799999,0.004568925450000094,0.37499553375053374,26.56804700169539,0.0036292415982428494
Surrogate_Ridge,74,fig5_cg4p0um_rpg3p0um__Lj12p0nH_Cj0p0fF__roL8p5mm__tee_fl160um_fc12,4.87667302103,6.48726366025,3.8455599045352935,220.61578723885552,6.219368413627765,1,fig5_cg3p5um_rpg3p5um__Lj12p0nH_Cj0p0fF__roL8p5mm__tee_fl160um_fc12,4.88834773081,6.55440012204,3.58235393236351,219.15970791952185,6.190036689460878,0.004003228844345606,0.011674709779999404,0.06713646178999966,0.26320597217178365,1.4560793193336679,0.02933172416688734
Surrogate_Ridge,74,fig5_cg4p0um_rpg3p0um__Lj12p0nH_Cj0p0fF__roL8p5mm__tee_fl160um_fc12,4.87667302103,6.48726366025,3.8455599045352935,220.61578723885552,6.219368413627765,2,fig5_cg4p0um_rpg2p5um__Lj12p0nH_Cj0p0fF__roL8p5mm__tee_fl160um_fc12,4.84081846419,6.4170299131,4.2439929298172,228.91083087667948,6.164372524451142,0.0118485556275664,0.035854556840000384,0.07023374714999964,0.39843302528190616,8.295043637823966,0.0549958891766229
Surrogate_Ridge,74,fig5_cg4p0um_rpg3p0um__Lj12p0nH_Cj0p0fF__roL8p5mm__tee_fl160um_fc12,4.87667302103,6.48726366025,3.8455599045352935,220.61578723885552,6.219368413627765,3,fig5_cg3p5um_rpg4p0um__Lj12p0nH_Cj0p0fF__roL8p5mm__tee_fl160um_fc12,4.9416939411,6.51548606738,3.315546014060974,197.788389720846,6.147249764815354,0.012087573003351367,0.06502092006999938,0.02822240713000035,0.5300138904743195,22.82739751800952,0.07211864881241148
Surrogate_Ridge,74,fig5_cg4p0um_rpg3p0um__Lj12p0nH_Cj0p0fF__roL8p5mm__tee_fl160um_fc12,4.87667302103,6.48726366025,3.8455599045352935,220.61578723885552,6.219368413627765,4,fig5_cg4p5um_rpg2p5um__Lj12p0nH_Cj0p0fF__roL8p5mm__tee_fl160um_fc12,4.8208314661,6.41561937046,4.202300157867431,231.21565590524023,6.118632919744756,0.01569579205192537,0.05584155493000065,0.07164428979000004,0.35674025333213777,10.599868666384708,0.1007354938830094
Surrogate_Ridge,74,fig5_cg4p0um_rpg3p0um__Lj12p0nH_Cj0p0fF__roL8p5mm__tee_fl160um_fc12,4.87667302103,6.48726366025,3.8455599045352935,220.61578723885552,6.219368413627765,5,fig5_cg3p0um_rpg4p0um__Lj12p0nH_Cj0p0fF__roL8p5mm__tee_fl160um_fc12,4.940704631,6.42408762791,3.4702477960357663,191.51572092370972,6.040377137923779,0.02345175483396466,0.06403160996999979,0.06317603234000035,0.37531210849952723,29.100066315145796,0.17899127570398576
Surrogate_Ridge,74,fig5_cg4p0um_rpg3p0um__Lj12p0nH_Cj0p0fF__roL8p5mm__tee_fl160um_fc12,4.87667302103,6.48726366025,3.8455599045352935,220.61578723885552,6.219368413627765,6,fig5_cg4p5um_rpg3p0um__Lj12p0nH_Cj0p0fF__roL8p5mm__tee_fl160um_fc12,4.83995157357,6.4987501229,3.8456828279762254,228.4924012088084,6.243127364960313,0.024483450185619655,0.03672144746000061,0.011486462649999751,0.0001229234409318991,7.876613969952871,0.023758951332547795
Surrogate_Ridge,74,fig5_cg4p0um_rpg3p0um__Lj12p0nH_Cj0p0fF__roL8p5mm__tee_fl160um_fc12,4.87667302103,6.48726366025,3.8455599045352935,220.61578723885552,6.219368413627765,7,fig5_cg4p5um_rpg2p0um__Lj12p0nH_Cj0p0fF__roL8p5mm__tee_fl160um_fc12,4.76152326688,6.26061677056,4.183778731437683,220.21744270871204,6.0120493220772,0.02577478277514831,0.11514975414999995,0.22664688968999958,0.3382188269023896,0.3983445301434756,0.20731909155056538
Surrogate_Ridge,74,fig5_cg4p0um_rpg3p0um__Lj12p0nH_Cj0p0fF__roL8p5mm__tee_fl160um_fc12,4.87667302103,6.48726366025,3.8455599045352935,220.61578723885552,6.219368413627765,8,fig5_cg3p0um_rpg4p5um__Lj12p0nH_Cj0p0fF__roL8p5mm__tee_fl160um_fc12,4.9941849025,6.38138344841,3.337415566484451,174.770816054377,5.970627936686949,0.031184442005626138,0.11751188146999958,0.10588021183999974,0.5081443380508426,45.84497118447851,0.24874047694081636
Surrogate_Ridge,74,fig5_cg4p0um_rpg3p0um__Lj12p0nH_Cj0p0fF__roL8p5mm__tee_fl160um_fc12,4.87667302103,6.48726366025,3.8455599045352935,220.61578723885552,6.219368413627765,9,fig5_cg3p5um_rpg4p5um__Lj12p0nH_Cj0p0fF__roL8p5mm__tee_fl160um_fc12,4.93974901061,6.38397286003,3.69327575235939,192.8740906594917,5.933832041481957,0.03903856601927439,0.06307598957999971,0.10329080021999992,0.1522841521759033,27.741696579363804,0.28553637214580796
Surrogate_Ridge,74,fig5_cg4p0um_rpg3p0um__Lj12p0nH_Cj0p0fF__roL8p5mm__tee_fl160um_fc12,4.87667302103,6.48726366025,3.8455599045352935,220.61578723885552,6.219368413627765,10,fig5_cg3p5um_rpg2p5um__Lj12p0nH_Cj0p0fF__roL8p5mm__tee_fl160um_fc12,4.85348773769,6.38790903463,4.356288998512268,225.5893196577544,6.102737650921461,0.0444344870970859,0.02318528334000014,0.09935462562000019,0.5107290939769742,4.973532418898884,0.11663076270630413
Surrogate_Ridge,75,fig5_cg4p0um_rpg4p0um__Lj12p0nH_Cj0p0fF__roL8p5mm__tee_fl160um_fc12,4.91173736256,6.48757988444,3.574671320106506,206.84312713324428,6.121370375963318,1,fig5_cg3p5um_rpg4p0um__Lj12p0nH_Cj0p0fF__roL8p5mm__tee_fl160um_fc12,4.9416939411,6.51548606738,3.315546014060974,197.788389720846,6.147249764815354,0.0033241493120280317,0.029956578539999335,0.02790618294000069,0.2591253060455321,9.054737412398282,0.025879388852035667
Surrogate_Ridge,75,fig5_cg4p0um_rpg4p0um__Lj12p0nH_Cj0p0fF__roL8p5mm__tee_fl160um_fc12,4.91173736256,6.48757988444,3.574671320106506,206.84312713324428,6.121370375963318,2,fig5_cg3p5um_rpg3p5um__Lj12p0nH_Cj0p0fF__roL8p5mm__tee_fl160um_fc12,4.88834773081,6.55440012204,3.58235393236351,219.15970791952185,6.190036689460878,0.008915717305878394,0.02338963175000064,0.0668202376,0.007682612257003729,12.31658078627757,0.0686663134975598
Surrogate_Ridge,75,fig5_cg4p0um_rpg4p0um__Lj12p0nH_Cj0p0fF__roL8p5mm__tee_fl160um_fc12,4.91173736256,6.48757988444,3.574671320106506,206.84312713324428,6.121370375963318,3,fig5_cg3p5um_rpg4p5um__Lj12p0nH_Cj0p0fF__roL8p5mm__tee_fl160um_fc12,4.93974901061,6.38397286003,3.69327575235939,192.8740906594917,5.933832041481957,0.019436459852328464,0.02801164804999967,0.10360702440999958,0.11860443225288408,13.969036473752567,0.1875383344813608
Surrogate_Ridge,75,fig5_cg4p0um_rpg4p0um__Lj12p0nH_Cj0p0fF__roL8p5mm__tee_fl160um_fc12,4.91173736256,6.48757988444,3.574671320106506,206.84312713324428,6.121370375963318,4,fig5_cg3p0um_rpg4p5um__Lj12p0nH_Cj0p0fF__roL8p5mm__tee_fl160um_fc12,4.9941849025,6.38138344841,3.337415566484451,174.770816054377,5.970627936686949,0.022423363719681313,0.08244753993999954,0.1061964360299994,0.2372557536220552,32.07231107886727,0.1507424392763692
Surrogate_Ridge,75,fig5_cg4p0um_rpg4p0um__Lj12p0nH_Cj0p0fF__roL8p5mm__tee_fl160um_fc12,4.91173736256,6.48757988444,3.574671320106506,206.84312713324428,6.121370375963318,5,fig5_cg4p5um_rpg3p0um__Lj12p0nH_Cj0p0fF__roL8p5mm__tee_fl160um_fc12,4.83995157357,6.4987501229,3.8456828279762254,228.4924012088084,6.243127364960313,0.022603583578768075,0.07178578899000065,0.011170238460000093,0.2710115078697193,21.649274075564108,0.12175698899699494
Surrogate_Ridge,75,fig5_cg4p0um_rpg4p0um__Lj12p0nH_Cj0p0fF__roL8p5mm__tee_fl160um_fc12,4.91173736256,6.48757988444,3.574671320106506,206.84312713324428,6.121370375963318,6,fig5_cg4p5um_rpg2p5um__Lj12p0nH_Cj0p0fF__roL8p5mm__tee_fl160um_fc12,4.8208314661,6.41561937046,4.202300157867431,231.21565590524023,6.118632919744756,0.027008674816965846,0.09090589646000069,0.0719605139799997,0.6276288377609252,24.372528771995945,0.002737456218562251
Surrogate_Ridge,75,fig5_cg4p0um_rpg4p0um__Lj12p0nH_Cj0p0fF__roL8p5mm__tee_fl160um_fc12,4.91173736256,6.48757988444,3.574671320106506,206.84312713324428,6.121370375963318,7,fig5_cg3p0um_rpg4p0um__Lj12p0nH_Cj0p0fF__roL8p5mm__tee_fl160um_fc12,4.940704631,6.42408762791,3.4702477960357663,191.51572092370972,6.040377137923779,0.028608170091358017,0.02896726843999975,0.06349225653000001,0.10442352407073985,15.327406209534558,0.08099323803953862
Surrogate_Ridge,75,fig5_cg4p0um_rpg4p0um__Lj12p0nH_Cj0p0fF__roL8p5mm__tee_fl160um_fc12,4.91173736256,6.48757988444,3.574671320106506,206.84312713324428,6.121370375963318,8,fig5_cg4p0um_rpg2p5um__Lj12p0nH_Cj0p0fF__roL8p5mm__tee_fl160um_fc12,4.84081846419,6.4170299131,4.2439929298172,228.91083087667948,6.164372524451142,0.03508476036458919,0.07091889837000043,0.0705499713399993,0.6693216097106935,22.067703743435203,0.04300214848782424
Surrogate_Ridge,75,fig5_cg4p0um_rpg4p0um__Lj12p0nH_Cj0p0fF__roL8p5mm__tee_fl160um_fc12,4.91173736256,6.48757988444,3.574671320106506,206.84312713324428,6.121370375963318,9,fig5_cg3p0um_rpg5p0um__Lj12p0nH_Cj0p0fF__roL8p5mm__tee_fl160um_fc12,4.95696839493,6.48702340891,3.0559725609760284,184.36721217201665,6.001161702196097,0.03794243588215541,0.04523103236999937,0.0005564755299998225,0.5186987591304777,22.47591496122763,0.12020867376722144
Surrogate_Ridge,75,fig5_cg4p0um_rpg4p0um__Lj12p0nH_Cj0p0fF__roL8p5mm__tee_fl160um_fc12,4.91173736256,6.48757988444,3.574671320106506,206.84312713324428,6.121370375963318,10,fig5_cg4p5um_rpg3p5um__Lj12p0nH_Cj0p0fF__roL8p5mm__tee_fl160um_fc12,4.88861160423,6.4734435094,3.773440051719665,214.72133803964505,6.083690932056749,0.039902370874721135,0.023125758329999968,0.014136375039999649,0.19876873161315878,7.878210906400767,0.03767944390656908
Surrogate_Ridge,76,fig5_cg5p0um_rpg3p0um__Lj12p0nH_Cj0p0fF__roL8p5mm__tee_fl160um_fc12,4.85322800026,6.38094867422,4.023637352510452,215.8306076900033,6.005703433060704,1,fig5_cg3p5um_rpg3p5um__Lj12p0nH_Cj0p0fF__roL8p5mm__tee_fl160um_fc12,4.88834773081,6.55440012204,3.58235393236351,219.15970791952185,6.190036689460878,0.0008262365320158855,0.03511973054999995,0.17345144781999977,0.441283420146942,3.329100229518559,0.18433325640017362
Surrogate_Ridge,76,fig5_cg5p0um_rpg3p0um__Lj12p0nH_Cj0p0fF__roL8p5mm__tee_fl160um_fc12,4.85322800026,6.38094867422,4.023637352510452,215.8306076900033,6.005703433060704,2,fig5_cg4p0um_rpg2p5um__Lj12p0nH_Cj0p0fF__roL8p5mm__tee_fl160um_fc12,4.84081846419,6.4170299131,4.2439929298172,228.91083087667948,6.164372524451142,0.011734712414655107,0.012409536069999838,0.03608123888000048,0.22035557730674782,13.080223186676193,0.15866909139043806
Surrogate_Ridge,76,fig5_cg5p0um_rpg3p0um__Lj12p0nH_Cj0p0fF__roL8p5mm__tee_fl160um_fc12,4.85322800026,6.38094867422,4.023637352510452,215.8306076900033,6.005703433060704,3,fig5_cg3p5um_rpg4p0um__Lj12p0nH_Cj0p0fF__roL8p5mm__tee_fl160um_fc12,4.9416939411,6.51548606738,3.315546014060974,197.788389720846,6.147249764815354,0.012396089695581728,0.08846594083999992,0.13453739316000046,0.7080913384494778,18.042217969157292,0.14154633175464948
Surrogate_Ridge,76,fig5_cg5p0um_rpg3p0um__Lj12p0nH_Cj0p0fF__roL8p5mm__tee_fl160um_fc12,4.85322800026,6.38094867422,4.023637352510452,215.8306076900033,6.005703433060704,4,fig5_cg3p0um_rpg4p0um__Lj12p0nH_Cj0p0fF__roL8p5mm__tee_fl160um_fc12,4.940704631,6.42408762791,3.4702477960357663,191.51572092370972,6.040377137923779,0.013951190523484792,0.08747663074000034,0.04313895368999976,0.5533895564746856,24.31488676629357,0.034673704863075194
Surrogate_Ridge,76,fig5_cg5p0um_rpg3p0um__Lj12p0nH_Cj0p0fF__roL8p5mm__tee_fl160um_fc12,4.85322800026,6.38094867422,4.023637352510452,215.8306076900033,6.005703433060704,5,fig5_cg4p5um_rpg2p5um__Lj12p0nH_Cj0p0fF__roL8p5mm__tee_fl160um_fc12,4.8208314661,6.41561937046,4.202300157867431,231.21565590524023,6.118632919744756,0.025557418739745645,0.0323965341600001,0.034670696240000076,0.17866280535697943,15.385048215236935,0.11292948668405156
Surrogate_Ridge,76,fig5_cg5p0um_rpg3p0um__Lj12p0nH_Cj0p0fF__roL8p5mm__tee_fl160um_fc12,4.85322800026,6.38094867422,4.023637352510452,215.8306076900033,6.005703433060704,6,fig5_cg3p0um_rpg4p5um__Lj12p0nH_Cj0p0fF__roL8p5mm__tee_fl160um_fc12,4.9941849025,6.38138344841,3.337415566484451,174.770816054377,5.970627936686949,0.026214676008602333,0.14095690224000013,0.0004347741900003754,0.6862217860260009,41.05979163562628,0.0350754963737554
Surrogate_Ridge,76,fig5_cg5p0um_rpg3p0um__Lj12p0nH_Cj0p0fF__roL8p5mm__tee_fl160um_fc12,4.85322800026,6.38094867422,4.023637352510452,215.8306076900033,6.005703433060704,7,fig5_cg3p5um_rpg2p5um__Lj12p0nH_Cj0p0fF__roL8p5mm__tee_fl160um_fc12,4.85348773769,6.38790903463,4.356288998512268,225.5893196577544,6.102737650921461,0.03143439216258349,0.0002597374300004063,0.006960360409999922,0.33265164600181585,9.758711967751111,0.09703421786075683
Surrogate_Ridge,76,fig5_cg5p0um_rpg3p0um__Lj12p0nH_Cj0p0fF__roL8p5mm__tee_fl160um_fc12,4.85322800026,6.38094867422,4.023637352510452,215.8306076900033,6.005703433060704,8,fig5_cg4p5um_rpg2p0um__Lj12p0nH_Cj0p0fF__roL8p5mm__tee_fl160um_fc12,4.76152326688,6.26061677056,4.183778731437683,220.21744270871204,6.0120493220772,0.033290784205182944,0.0917047333799994,0.12033190365999946,0.16014137892723124,4.3868350187087515,0.006345889016495576
Surrogate_Ridge,76,fig5_cg5p0um_rpg3p0um__Lj12p0nH_Cj0p0fF__roL8p5mm__tee_fl160um_fc12,4.85322800026,6.38094867422,4.023637352510452,215.8306076900033,6.005703433060704,9,fig5_cg4p5um_rpg3p0um__Lj12p0nH_Cj0p0fF__roL8p5mm__tee_fl160um_fc12,4.83995157357,6.4987501229,3.8456828279762254,228.4924012088084,6.243127364960313,0.03574000726020807,0.013276426690000065,0.11780144867999987,0.17795452453422644,12.661793518805098,0.23742393189960875
Surrogate_Ridge,76,fig5_cg5p0um_rpg3p0um__Lj12p0nH_Cj0p0fF__roL8p5mm__tee_fl160um_fc12,4.85322800026,6.38094867422,4.023637352510452,215.8306076900033,6.005703433060704,10,fig5_cg3p5um_rpg4p5um__Lj12p0nH_Cj0p0fF__roL8p5mm__tee_fl160um_fc12,4.93974901061,6.38397286003,3.69327575235939,192.8740906594917,5.933832041481957,0.041881896845047326,0.08652101035000026,0.0030241858100001906,0.33036160015106164,22.956517030511577,0.071871391578747
Surrogate_Ridge,77,chip_simple_dxm10p000_dym7p273__Lj12p0nH_Cj2p0fF__roL8p5mm__tee_fl160um_fc12_cg1p2um__rpg1p4um,4.73346264299,6.12196729623,5.803193593448639,243.08709551981173,5.917441531031344,1,fig5_cg3p0um_rpg2p0um__Lj12p0nH_Cj0p0fF__roL8p5mm__tee_fl160um_fc12,4.85591843529,6.44095110726,4.270610977590561,230.04663618304903,6.1997071597004,0.0019327073108528071,0.12245579229999937,0.31898381102999984,1.532582615858078,13.040459336762694,0.28226562866905525
Surrogate_Ridge,77,chip_simple_dxm10p000_dym7p273__Lj12p0nH_Cj2p0fF__roL8p5mm__tee_fl160um_fc12_cg1p2um__rpg1p4um,4.73346264299,6.12196729623,5.803193593448639,243.08709551981173,5.917441531031344,2,fig5_cg3p0um_rpg2p5um__Lj12p0nH_Cj0p0fF__roL8p5mm__tee_fl160um_fc12,4.89777742204,6.34923094667,4.391671866830825,213.14051325530752,6.096625432754106,0.002279319459372013,0.1643147790499997,0.2272636504399994,1.4115217266178135,29.9465822645042,0.17918390172276144
Surrogate_Ridge,77,chip_simple_dxm10p000_dym7p273__Lj12p0nH_Cj2p0fF__roL8p5mm__tee_fl160um_fc12_cg1p2um__rpg1p4um,4.73346264299,6.12196729623,5.803193593448639,243.08709551981173,5.917441531031344,3,fig5_cg3p5um_rpg2p0um__Lj12p0nH_Cj0p0fF__roL8p5mm__tee_fl160um_fc12,4.78544785971,6.42909571039,4.586441499513626,250.3896145461569,6.177842469599042,0.0053799058812002195,0.05198521671999945,0.30712841416000014,1.2167520939350132,7.3025190263451805,0.26040093856769797
Surrogate_Ridge,77,chip_simple_dxm10p000_dym7p273__Lj12p0nH_Cj2p0fF__roL8p5mm__tee_fl160um_fc12_cg1p2um__rpg1p4um,4.73346264299,6.12196729623,5.803193593448639,243.08709551981173,5.917441531031344,4,fig5_cg3p5um_rpg1p5um__Lj12p0nH_Cj0p0fF__roL8p5mm__tee_fl160um_fc12,4.70486631048,6.33112792154,5.111963850152969,266.195772124899,6.191175501007713,0.007919114656564488,0.028596332510000266,0.20916062531000001,0.6912297432956702,23.108676605087282,0.27373396997636856
Surrogate_Ridge,77,chip_simple_dxm10p000_dym7p273__Lj12p0nH_Cj2p0fF__roL8p5mm__tee_fl160um_fc12_cg1p2um__rpg1p4um,4.73346264299,6.12196729623,5.803193593448639,243.08709551981173,5.917441531031344,5,fig5_cg2p5um_rpg2p5um__Lj12p0nH_Cj0p0fF__roL8p5mm__tee_fl160um_fc12,4.86782605146,6.40620544852,4.850844314466476,237.9905673388129,6.17514285459043,0.00825946259222804,0.1343634084699996,0.2842381522899995,0.9523492789821626,5.096528180998831,0.25770132355908526
Surrogate_Ridge,77,chip_simple_dxm10p000_dym7p273__Lj12p0nH_Cj2p0fF__roL8p5mm__tee_fl160um_fc12_cg1p2um__rpg1p4um,4.73346264299,6.12196729623,5.803193593448639,243.08709551981173,5.917441531031344,6,fig5_cg2p5um_rpg3p0um__Lj12p0nH_Cj0p0fF__roL8p5mm__tee_fl160um_fc12,4.8216114018,6.30639910885,4.078658870691299,212.78053759295764,5.96985922957307,0.011491895664630731,0.08814875881000006,0.18443181261999975,1.7245347227573395,30.306557926854083,0.052417698541725954
Surrogate_Ridge,77,chip_simple_dxm10p000_dym7p273__Lj12p0nH_Cj2p0fF__roL8p5mm__tee_fl160um_fc12_cg1p2um__rpg1p4um,4.73346264299,6.12196729623,5.803193593448639,243.08709551981173,5.917441531031344,7,fig5_cg3p0um_rpg1p5um__Lj12p0nH_Cj0p0fF__roL8p5mm__tee_fl160um_fc12,4.80934135586,6.34266483957,4.7338018228397365,237.2002446708589,6.176728175579623,0.011928610388671384,0.07587871286999981,0.22069754334000002,1.0693917706089024,5.886850848952832,0.2592866445482782
Surrogate_Ridge,77,chip_simple_dxm10p000_dym7p273__Lj12p0nH_Cj2p0fF__roL8p5mm__tee_fl160um_fc12_cg1p2um__rpg1p4um,4.73346264299,6.12196729623,5.803193593448639,243.08709551981173,5.917441531031344,8,fig5_cg3p0um_rpg3p0um__Lj12p0nH_Cj0p0fF__roL8p5mm__tee_fl160um_fc12,4.91022642408,6.30951729449,3.4180947746620176,181.0996536786009,5.916928558404827,0.012968446834229,0.17676378109000002,0.18754999825999974,2.3850988187866213,61.987441841210824,0.000512972626517616
Surrogate_Ridge,77,chip_simple_dxm10p000_dym7p273__Lj12p0nH_Cj2p0fF__roL8p5mm__tee_fl160um_fc12_cg1p2um__rpg1p4um,4.73346264299,6.12196729623,5.803193593448639,243.08709551981173,5.917441531031344,9,fig5_cg3p5um_rpg2p5um__Lj12p0nH_Cj0p0fF__roL8p5mm__tee_fl160um_fc12,4.85348773769,6.38790903463,4.356288998512268,225.5893196577544,6.102737650921461,0.013183212332173727,0.12002509469999989,0.26594173839999957,1.4469045949363712,17.497775862057324,0.18529611989011663
Surrogate_Ridge,77,chip_simple_dxm10p000_dym7p273__Lj12p0nH_Cj2p0fF__roL8p5mm__tee_fl160um_fc12_cg1p2um__rpg1p4um,4.73346264299,6.12196729623,5.803193593448639,243.08709551981173,5.917441531031344,10,fig5_cg2p5um_rpg2p0um__Lj12p0nH_Cj0p0fF__roL8p5mm__tee_fl160um_fc12,4.82985966256,6.3640851834,4.45615377314949,229.1245415394613,6.124821045393385,0.015369544746163132,0.09639701956999946,0.24211788717000005,1.3470398202991491,13.962553980350435,0.2073795143620405
Surrogate_Ridge,78,chip_simple_dxm10p000_dy1p818__Lj12p0nH_Cj2p0fF__roL8p5mm__tee_fl160um_fc12_cg1p2um__rpg1p4um,4.72226988205,6.17696340758,5.36773969219017,244.6012788259304,5.984641715447427,1,fig5_cg3p5um_rpg2p0um__Lj12p0nH_Cj0p0fF__roL8p5mm__tee_fl160um_fc12,4.78544785971,6.42909571039,4.586441499513626,250.3896145461569,6.177842469599042,0.001660193059189124,0.06317797765999966,0.25213230281000065,0.7812981926765445,5.788335720226513,0.19320075415161497
Surrogate_Ridge,78,chip_simple_dxm10p000_dy1p818__Lj12p0nH_Cj2p0fF__roL8p5mm__tee_fl160um_fc12_cg1p2um__rpg1p4um,4.72226988205,6.17696340758,5.36773969219017,244.6012788259304,5.984641715447427,2,fig5_cg3p0um_rpg2p5um__Lj12p0nH_Cj0p0fF__roL8p5mm__tee_fl160um_fc12,4.89777742204,6.34923094667,4.391671866830825,213.14051325530752,6.096625432754106,0.0033392134594215058,0.1755075399899999,0.17226753908999992,0.9760678253593449,31.46076557062287,0.11198371730667844
Surrogate_Ridge,78,chip_simple_dxm10p000_dy1p818__Lj12p0nH_Cj2p0fF__roL8p5mm__tee_fl160um_fc12_cg1p2um__rpg1p4um,4.72226988205,6.17696340758,5.36773969219017,244.6012788259304,5.984641715447427,3,fig5_cg3p5um_rpg2p5um__Lj12p0nH_Cj0p0fF__roL8p5mm__tee_fl160um_fc12,4.85348773769,6.38790903463,4.356288998512268,225.5893196577544,6.102737650921461,0.0046154417635492885,0.1312178556400001,0.21094562705000008,1.0114506936779026,19.01195916817599,0.11809593547403363
Surrogate_Ridge,78,chip_simple_dxm10p000_dy1p818__Lj12p0nH_Cj2p0fF__roL8p5mm__tee_fl160um_fc12_cg1p2um__rpg1p4um,4.72226988205,6.17696340758,5.36773969219017,244.6012788259304,5.984641715447427,4,fig5_cg3p0um_rpg3p0um__Lj12p0nH_Cj0p0fF__roL8p5mm__tee_fl160um_fc12,4.91022642408,6.30951729449,3.4180947746620176,181.0996536786009,5.916928558404827,0.008502993748221483,0.18795654203000023,0.13255388691000025,1.9496449175281527,63.50162514732949,0.06771315704260061
Surrogate_Ridge,78,chip_simple_dxm10p000_dy1p818__Lj12p0nH_Cj2p0fF__roL8p5mm__tee_fl160um_fc12_cg1p2um__rpg1p4um,4.72226988205,6.17696340758,5.36773969219017,244.6012788259304,5.984641715447427,5,fig5_cg3p0um_rpg2p0um__Lj12p0nH_Cj0p0fF__roL8p5mm__tee_fl160um_fc12,4.85591843529,6.44095110726,4.270610977590561,230.04663618304903,6.1997071597004,0.009477752296323886,0.13364855323999958,0.26398769968000035,1.0971287145996094,14.554642642881362,0.21506544425297225
Surrogate_Ridge,78,chip_simple_dxm10p000_dy1p818__Lj12p0nH_Cj2p0fF__roL8p5mm__tee_fl160um_fc12_cg1p2um__rpg1p4um,4.72226988205,6.17696340758,5.36773969219017,244.6012788259304,5.984641715447427,6,fig5_cg3p5um_rpg1p5um__Lj12p0nH_Cj0p0fF__roL8p5mm__tee_fl160um_fc12,4.70486631048,6.33112792154,5.111963850152969,266.195772124899,6.191175501007713,0.010007263480531317,0.017403571570000054,0.15416451396000053,0.2557758420372016,21.594493298968615,0.20653378556028557
Surrogate_Ridge,78,chip_simple_dxm10p000_dy1p818__Lj12p0nH_Cj2p0fF__roL8p5mm__tee_fl160um_fc12_cg1p2um__rpg1p4um,4.72226988205,6.17696340758,5.36773969219017,244.6012788259304,5.984641715447427,7,fig5_cg2p5um_rpg3p0um__Lj12p0nH_Cj0p0fF__roL8p5mm__tee_fl160um_fc12,4.8216114018,6.30639910885,4.078658870691299,212.78053759295764,5.96985922957307,0.01755706774399808,0.09934151975000027,0.12943570127000026,1.289080821498871,31.82074123297275,0.014782485874357043
Surrogate_Ridge,78,chip_simple_dxm10p000_dy1p818__Lj12p0nH_Cj2p0fF__roL8p5mm__tee_fl160um_fc12_cg1p2um__rpg1p4um,4.72226988205,6.17696340758,5.36773969219017,244.6012788259304,5.984641715447427,8,fig5_cg2p5um_rpg2p5um__Lj12p0nH_Cj0p0fF__roL8p5mm__tee_fl160um_fc12,4.86782605146,6.40620544852,4.850844314466476,237.9905673388129,6.17514285459043,0.02148707499646064,0.14555616940999982,0.22924204094,0.516895377723694,6.610711487117499,0.19050113914300226
Surrogate_Ridge,78,chip_simple_dxm10p000_dy1p818__Lj12p0nH_Cj2p0fF__roL8p5mm__tee_fl160um_fc12_cg1p2um__rpg1p4um,4.72226988205,6.17696340758,5.36773969219017,244.6012788259304,5.984641715447427,9,fig5_cg2p5um_rpg3p5um__Lj12p0nH_Cj0p0fF__roL8p5mm__tee_fl160um_fc12,4.90933450729,6.40357690957,3.7329917837715145,201.2880257934344,6.003674917928219,0.02492937961723787,0.18706462523999967,0.2266135019900002,1.6347479084186558,43.31325303249599,0.019033202480791545
Surrogate_Ridge,78,chip_simple_dxm10p000_dy1p818__Lj12p0nH_Cj2p0fF__roL8p5mm__tee_fl160um_fc12_cg1p2um__rpg1p4um,4.72226988205,6.17696340758,5.36773969219017,244.6012788259304,5.984641715447427,10,fig5_cg4p0um_rpg2p5um__Lj12p0nH_Cj0p0fF__roL8p5mm__tee_fl160um_fc12,4.84081846419,6.4170299131,4.2439929298172,228.91083087667948,6.164372524451142,0.025315759908843983,0.11854858213999986,0.24006650552000064,1.1237467623729707,15.69044794925091,0.17973080900371485
Surrogate_Ridge,79,chip_simple_dxm10p000_dy2p727__Lj12p0nH_Cj2p0fF__roL8p5mm__tee_fl160um_fc12_cg1p2um__rpg1p4um,4.70723767854,6.21132532849,5.669662891471862,260.2253909274522,6.040061613915569,1,fig5_cg3p5um_rpg1p5um__Lj12p0nH_Cj0p0fF__roL8p5mm__tee_fl160um_fc12,4.70486631048,6.33112792154,5.111963850152969,266.195772124899,6.191175501007713,0.0015618950656678752,0.0023713680600003784,0.11980259305000018,0.5576990413188936,5.970381197446784,0.15111388709214424
Surrogate_Ridge,79,chip_simple_dxm10p000_dy2p727__Lj12p0nH_Cj2p0fF__roL8p5mm__tee_fl160um_fc12_cg1p2um__rpg1p4um,4.70723767854,6.21132532849,5.669662891471862,260.2253909274522,6.040061613915569,2,fig5_cg3p5um_rpg2p0um__Lj12p0nH_Cj0p0fF__roL8p5mm__tee_fl160um_fc12,4.78544785971,6.42909571039,4.586441499513626,250.3896145461569,6.177842469599042,0.0020606733103552904,0.07821018116999934,0.2177703819000003,1.0832213919582365,9.835776381295318,0.13778085568347365
Surrogate_Ridge,79,chip_simple_dxm10p000_dy2p727__Lj12p0nH_Cj2p0fF__roL8p5mm__tee_fl160um_fc12_cg1p2um__rpg1p4um,4.70723767854,6.21132532849,5.669662891471862,260.2253909274522,6.040061613915569,3,fig5_cg3p0um_rpg2p0um__Lj12p0nH_Cj0p0fF__roL8p5mm__tee_fl160um_fc12,4.85591843529,6.44095110726,4.270610977590561,230.04663618304903,6.1997071597004,0.004365062151220739,0.14868075674999925,0.22962577877,1.3990519138813013,30.178754744403193,0.15964554578483092
Surrogate_Ridge,79,chip_simple_dxm10p000_dy2p727__Lj12p0nH_Cj2p0fF__roL8p5mm__tee_fl160um_fc12_cg1p2um__rpg1p4um,4.70723767854,6.21132532849,5.669662891471862,260.2253909274522,6.040061613915569,4,fig5_cg3p0um_rpg2p5um__Lj12p0nH_Cj0p0fF__roL8p5mm__tee_fl160um_fc12,4.89777742204,6.34923094667,4.391671866830825,213.14051325530752,6.096625432754106,0.006793369982236303,0.19053974349999958,0.13790561817999958,1.2779910246410369,47.0848776721447,0.05656381883853712
Surrogate_Ridge,79,chip_simple_dxm10p000_dy2p727__Lj12p0nH_Cj2p0fF__roL8p5mm__tee_fl160um_fc12_cg1p2um__rpg1p4um,4.70723767854,6.21132532849,5.669662891471862,260.2253909274522,6.040061613915569,5,fig5_cg3p5um_rpg1p0um__Lj12p0nH_Cj0p0fF__roL8p5mm__tee_fl160um_fc12,4.65151549232,6.42206990109,5.782993409578324,310.4906595751157,6.336782825594393,0.011162992787198277,0.05572218622000058,0.21074457260000035,0.11333051810646211,50.265268647663504,0.2967212116788245
Surrogate_Ridge,79,chip_simple_dxm10p000_dy2p727__Lj12p0nH_Cj2p0fF__roL8p5mm__tee_fl160um_fc12_cg1p2um__rpg1p4um,4.70723767854,6.21132532849,5.669662891471862,260.2253909274522,6.040061613915569,6,fig5_cg3p0um_rpg1p5um__Lj12p0nH_Cj0p0fF__roL8p5mm__tee_fl160um_fc12,4.80934135586,6.34266483957,4.7338018228397365,237.2002446708589,6.176728175579623,0.012036630286423008,0.1021036773199997,0.1313395110800002,0.9358610686321258,23.02514625659333,0.1366665616640539
Surrogate_Ridge,79,chip_simple_dxm10p000_dy2p727__Lj12p0nH_Cj2p0fF__roL8p5mm__tee_fl160um_fc12_cg1p2um__rpg1p4um,4.70723767854,6.21132532849,5.669662891471862,260.2253909274522,6.040061613915569,7,fig5_cg3p5um_rpg2p5um__Lj12p0nH_Cj0p0fF__roL8p5mm__tee_fl160um_fc12,4.85348773769,6.38790903463,4.356288998512268,225.5893196577544,6.102737650921461,0.012659327521260541,0.14625005914999978,0.17658370613999974,1.3133738929595946,34.63607126969782,0.0626760370058923
Surrogate_Ridge,79,chip_simple_dxm10p000_dy2p727__Lj12p0nH_Cj2p0fF__roL8p5mm__tee_fl160um_fc12_cg1p2um__rpg1p4um,4.70723767854,6.21132532849,5.669662891471862,260.2253909274522,6.040061613915569,8,fig5_cg2p5um_rpg2p5um__Lj12p0nH_Cj0p0fF__roL8p5mm__tee_fl160um_fc12,4.86782605146,6.40620544852,4.850844314466476,237.9905673388129,6.17514285459043,0.018387733612176934,0.1605883729199995,0.19488012002999966,0.818818577005386,22.23482358863933,0.13508124067486094
Surrogate_Ridge,79,chip_simple_dxm10p000_dy2p727__Lj12p0nH_Cj2p0fF__roL8p5mm__tee_fl160um_fc12_cg1p2um__rpg1p4um,4.70723767854,6.21132532849,5.669662891471862,260.2253909274522,6.040061613915569,9,fig5_cg3p0um_rpg3p0um__Lj12p0nH_Cj0p0fF__roL8p5mm__tee_fl160um_fc12,4.91022642408,6.30951729449,3.4180947746620176,181.0996536786009,5.916928558404827,0.01932155377946969,0.2029887455399999,0.09819196599999991,2.2515681168098447,79.12573724885132,0.12313305551074194
Surrogate_Ridge,79,chip_simple_dxm10p000_dy2p727__Lj12p0nH_Cj2p0fF__roL8p5mm__tee_fl160um_fc12_cg1p2um__rpg1p4um,4.70723767854,6.21132532849,5.669662891471862,260.2253909274522,6.040061613915569,10,fig5_cg4p0um_rpg0p5um__Lj12p0nH_Cj0p0fF__roL8p5mm__tee_fl160um_fc12,4.52155001594,6.39443554908,6.552557450353622,359.2700242399351,6.454069012219757,0.02150885966337687,0.18568766260000036,0.1831102205899997,0.8828945588817598,99.04463331248286,0.41400739830418853
Surrogate_Ridge,80,chip_simple_dxm9p091_dym2p727__Lj12p0nH_Cj2p0fF__roL8p5mm__tee_fl160um_fc12_cg1p2um__rpg1p4um,4.7483244385,6.10698090701,5.363995685260773,228.13889295861065,5.896412931889758,1,fig5_cg3p0um_rpg2p5um__Lj12p0nH_Cj0p0fF__roL8p5mm__tee_fl160um_fc12,4.89777742204,6.34923094667,4.391671866830825,213.14051325530752,6.096625432754106,0.0022670854068514235,0.1494529835399998,0.24225003966000003,0.9723238184299472,14.99837970330313,0.20021250086434783
Surrogate_Ridge,80,chip_simple_dxm9p091_dym2p727__Lj12p0nH_Cj2p0fF__roL8p5mm__tee_fl160um_fc12_cg1p2um__rpg1p4um,4.7483244385,6.10698090701,5.363995685260773,228.13889295861065,5.896412931889758,2,fig5_cg3p0um_rpg3p0um__Lj12p0nH_Cj0p0fF__roL8p5mm__tee_fl160um_fc12,4.91022642408,6.30951729449,3.4180947746620176,181.0996536786009,5.916928558404827,0.00310740072420982,0.16190198558000013,0.20253638748000036,1.945900910598755,47.03923928000975,0.020515626515068774
Surrogate_Ridge,80,chip_simple_dxm9p091_dym2p727__Lj12p0nH_Cj2p0fF__roL8p5mm__tee_fl160um_fc12_cg1p2um__rpg1p4um,4.7483244385,6.10698090701,5.363995685260773,228.13889295861065,5.896412931889758,3,fig5_cg3p5um_rpg2p5um__Lj12p0nH_Cj0p0fF__roL8p5mm__tee_fl160um_fc12,4.85348773769,6.38790903463,4.356288998512268,225.5893196577544,6.102737650921461,0.006285121103558736,0.10516329919,0.2809281276200002,1.007706686748505,2.5495733008562524,0.20632471903170302
Surrogate_Ridge,80,chip_simple_dxm9p091_dym2p727__Lj12p0nH_Cj2p0fF__roL8p5mm__tee_fl160um_fc12_cg1p2um__rpg1p4um,4.7483244385,6.10698090701,5.363995685260773,228.13889295861065,5.896412931889758,4,fig5_cg3p5um_rpg2p0um__Lj12p0nH_Cj0p0fF__roL8p5mm__tee_fl160um_fc12,4.78544785971,6.42909571039,4.586441499513626,250.3896145461569,6.177842469599042,0.008558254160171546,0.03712342120999956,0.32211480338000076,0.7775541857471469,22.250721587546252,0.28142953770928436
Surrogate_Ridge,80,chip_simple_dxm9p091_dym2p727__Lj12p0nH_Cj2p0fF__roL8p5mm__tee_fl160um_fc12_cg1p2um__rpg1p4um,4.7483244385,6.10698090701,5.363995685260773,228.13889295861065,5.896412931889758,5,fig5_cg2p5um_rpg3p0um__Lj12p0nH_Cj0p0fF__roL8p5mm__tee_fl160um_fc12,4.8216114018,6.30639910885,4.078658870691299,212.78053759295764,5.96985922957307,0.009890063196579445,0.07328696330000017,0.19941820184000036,1.2853368145694732,15.358355365653011,0.07344629768331234
Surrogate_Ridge,80,chip_simple_dxm9p091_dym2p727__Lj12p0nH_Cj2p0fF__roL8p5mm__tee_fl160um_fc12_cg1p2um__rpg1p4um,4.7483244385,6.10698090701,5.363995685260773,228.13889295861065,5.896412931889758,6,fig5_cg3p0um_rpg2p0um__Lj12p0nH_Cj0p0fF__roL8p5mm__tee_fl160um_fc12,4.85591843529,6.44095110726,4.270610977590561,230.04663618304903,6.1997071597004,0.013350665228632307,0.10759399678999948,0.33397020025000046,1.0933847076702117,1.9077432244383772,0.30329422781064164
Surrogate_Ridge,80,chip_simple_dxm9p091_dym2p727__Lj12p0nH_Cj2p0fF__roL8p5mm__tee_fl160um_fc12_cg1p2um__rpg1p4um,4.7483244385,6.10698090701,5.363995685260773,228.13889295861065,5.896412931889758,7,fig5_cg2p5um_rpg3p5um__Lj12p0nH_Cj0p0fF__roL8p5mm__tee_fl160um_fc12,4.90933450729,6.40357690957,3.7329917837715145,201.2880257934344,6.003674917928219,0.01384382688790904,0.16101006878999957,0.2965960025600003,1.6310039014892581,26.850867165176254,0.10726198603846093
Surrogate_Ridge,80,chip_simple_dxm9p091_dym2p727__Lj12p0nH_Cj2p0fF__roL8p5mm__tee_fl160um_fc12_cg1p2um__rpg1p4um,4.7483244385,6.10698090701,5.363995685260773,228.13889295861065,5.896412931889758,8,fig5_cg2p5um_rpg2p5um__Lj12p0nH_Cj0p0fF__roL8p5mm__tee_fl160um_fc12,4.86782605146,6.40620544852,4.850844314466476,237.9905673388129,6.17514285459043,0.017860194644389118,0.11950161295999973,0.2992245415100001,0.5131513707942963,9.85167438020224,0.27872992270067165
Surrogate_Ridge,80,chip_simple_dxm9p091_dym2p727__Lj12p0nH_Cj2p0fF__roL8p5mm__tee_fl160um_fc12_cg1p2um__rpg1p4um,4.7483244385,6.10698090701,5.363995685260773,228.13889295861065,5.896412931889758,9,fig5_cg3p5um_rpg1p5um__Lj12p0nH_Cj0p0fF__roL8p5mm__tee_fl160um_fc12,4.70486631048,6.33112792154,5.111963850152969,266.195772124899,6.191175501007713,0.02275528235592362,0.04345812802000015,0.22414701453000063,0.2520318351078039,38.056879166288354,0.29476256911795495
Surrogate_Ridge,80,chip_simple_dxm9p091_dym2p727__Lj12p0nH_Cj2p0fF__roL8p5mm__tee_fl160um_fc12_cg1p2um__rpg1p4um,4.7483244385,6.10698090701,5.363995685260773,228.13889295861065,5.896412931889758,10,fig5_cg2p5um_rpg4p0um__Lj12p0nH_Cj0p0fF__roL8p5mm__tee_fl160um_fc12,4.97746029131,6.34846078021,3.4394829423675537,176.0279190752371,5.892001031860305,0.029721485718377898,0.22913585280999982,0.2414798732000003,1.924512742893219,52.11097388337356,0.004411900029452909
Surrogate_Ridge,81,chip_simple_dxm9p091_dy6p364__Lj12p0nH_Cj2p0fF__roL8p5mm__tee_fl160um_fc12_cg1p2um__rpg1p4um,4.71440404127,6.1075884134,5.646440187353134,241.39030605665508,5.857032072007844,1,fig5_cg3p0um_rpg2p5um__Lj12p0nH_Cj0p0fF__roL8p5mm__tee_fl160um_fc12,4.89777742204,6.34923094667,4.391671866830825,213.14051325530752,6.096625432754106,0.002023704480400397,0.18337338076999998,0.2416425332699994,1.2547683205223086,28.249792801347553,0.23959336074626147
Surrogate_Ridge,81,chip_simple_dxm9p091_dy6p364__Lj12p0nH_Cj2p0fF__roL8p5mm__tee_fl160um_fc12_cg1p2um__rpg1p4um,4.71440404127,6.1075884134,5.646440187353134,241.39030605665508,5.857032072007844,2,fig5_cg3p0um_rpg2p0um__Lj12p0nH_Cj0p0fF__roL8p5mm__tee_fl160um_fc12,4.85591843529,6.44095110726,4.270610977590561,230.04663618304903,6.1997071597004,0.004362752859629185,0.14151439401999966,0.33336269385999984,1.375829209762573,11.343669873606046,0.3426750876925553
Surrogate_Ridge,81,chip_simple_dxm9p091_dy6p364__Lj12p0nH_Cj2p0fF__roL8p5mm__tee_fl160um_fc12_cg1p2um__rpg1p4um,4.71440404127,6.1075884134,5.646440187353134,241.39030605665508,5.857032072007844,3,fig5_cg3p5um_rpg2p0um__Lj12p0nH_Cj0p0fF__roL8p5mm__tee_fl160um_fc12,4.78544785971,6.42909571039,4.586441499513626,250.3896145461569,6.177842469599042,0.004854613875213674,0.07104381843999974,0.32150729699000014,1.0599986878395082,8.999308489501828,0.320810397591198
Surrogate_Ridge,81,chip_simple_dxm9p091_dy6p364__Lj12p0nH_Cj2p0fF__roL8p5mm__tee_fl160um_fc12_cg1p2um__rpg1p4um,4.71440404127,6.1075884134,5.646440187353134,241.39030605665508,5.857032072007844,4,fig5_cg3p5um_rpg1p5um__Lj12p0nH_Cj0p0fF__roL8p5mm__tee_fl160um_fc12,4.70486631048,6.33112792154,5.111963850152969,266.195772124899,6.191175501007713,0.009970752191440533,0.009537730789999976,0.22353950814,0.5344763372001653,24.80546606824393,0.3341434289998686
Surrogate_Ridge,81,chip_simple_dxm9p091_dy6p364__Lj12p0nH_Cj2p0fF__roL8p5mm__tee_fl160um_fc12_cg1p2um__rpg1p4um,4.71440404127,6.1075884134,5.646440187353134,241.39030605665508,5.857032072007844,5,fig5_cg3p0um_rpg3p0um__Lj12p0nH_Cj0p0fF__roL8p5mm__tee_fl160um_fc12,4.91022642408,6.30951729449,3.4180947746620176,181.0996536786009,5.916928558404827,0.010425000783370159,0.1958223828100003,0.20192888108999973,2.2283454126911164,60.290652378054176,0.05989648639698242
Surrogate_Ridge,81,chip_simple_dxm9p091_dy6p364__Lj12p0nH_Cj2p0fF__roL8p5mm__tee_fl160um_fc12_cg1p2um__rpg1p4um,4.71440404127,6.1075884134,5.646440187353134,241.39030605665508,5.857032072007844,6,fig5_cg3p5um_rpg2p5um__Lj12p0nH_Cj0p0fF__roL8p5mm__tee_fl160um_fc12,4.85348773769,6.38790903463,4.356288998512268,225.5893196577544,6.102737650921461,0.010478820241185361,0.13908369642000018,0.28032062122999957,1.2901511888408663,15.800986398900676,0.24570557891361666
Surrogate_Ridge,81,chip_simple_dxm9p091_dy6p364__Lj12p0nH_Cj2p0fF__roL8p5mm__tee_fl160um_fc12_cg1p2um__rpg1p4um,4.71440404127,6.1075884134,5.646440187353134,241.39030605665508,5.857032072007844,7,fig5_cg2p5um_rpg2p5um__Lj12p0nH_Cj0p0fF__roL8p5mm__tee_fl160um_fc12,4.86782605146,6.40620544852,4.850844314466476,237.9905673388129,6.17514285459043,0.01133020729677498,0.1534220101899999,0.2986170351199995,0.7955958728866577,3.399738717842183,0.3181107825825853
Surrogate_Ridge,81,chip_simple_dxm9p091_dy6p364__Lj12p0nH_Cj2p0fF__roL8p5mm__tee_fl160um_fc12_cg1p2um__rpg1p4um,4.71440404127,6.1075884134,5.646440187353134,241.39030605665508,5.857032072007844,8,fig5_cg2p5um_rpg3p0um__Lj12p0nH_Cj0p0fF__roL8p5mm__tee_fl160um_fc12,4.8216114018,6.30639910885,4.078658870691299,212.78053759295764,5.96985922957307,0.011768248854544274,0.10720736053000035,0.19881069544999974,1.5677813166618346,28.609768463697435,0.11282715756522599
Surrogate_Ridge,81,chip_simple_dxm9p091_dy6p364__Lj12p0nH_Cj2p0fF__roL8p5mm__tee_fl160um_fc12_cg1p2um__rpg1p4um,4.71440404127,6.1075884134,5.646440187353134,241.39030605665508,5.857032072007844,9,fig5_cg3p0um_rpg1p5um__Lj12p0nH_Cj0p0fF__roL8p5mm__tee_fl160um_fc12,4.80934135586,6.34266483957,4.7338018228397365,237.2002446708589,6.176728175579623,0.017442145921056522,0.0949373145900001,0.23507642617000002,0.9126383645133975,4.190061385796184,0.31969610357177825
Surrogate_Ridge,81,chip_simple_dxm9p091_dy6p364__Lj12p0nH_Cj2p0fF__roL8p5mm__tee_fl160um_fc12_cg1p2um__rpg1p4um,4.71440404127,6.1075884134,5.646440187353134,241.39030605665508,5.857032072007844,10,fig5_cg2p5um_rpg2p0um__Lj12p0nH_Cj0p0fF__roL8p5mm__tee_fl160um_fc12,4.82985966256,6.3640851834,4.45615377314949,229.1245415394613,6.124821045393385,0.02163251042120423,0.11545562128999975,0.25649677000000004,1.1902864142036442,12.265764517193787,0.26778897338554053
Surrogate_Ridge,82,chip_simple_dxm8p182_dy3p636__Lj12p0nH_Cj2p0fF__roL8p5mm__tee_fl160um_fc12_cg1p2um__rpg1p4um,4.66348012176,6.05793179463,5.963364992448806,250.89943484547044,5.766429864350439,1,fig5_cg3p0um_rpg2p0um__Lj12p0nH_Cj0p0fF__roL8p5mm__tee_fl160um_fc12,4.85591843529,6.44095110726,4.270610977590561,230.04663618304903,6.1997071597004,0.0026452194637588845,0.1924383135299994,0.3830193126300001,1.6927540148582452,20.852798662421407,0.43327729534996084
Surrogate_Ridge,82,chip_simple_dxm8p182_dy3p636__Lj12p0nH_Cj2p0fF__roL8p5mm__tee_fl160um_fc12_cg1p2um__rpg1p4um,4.66348012176,6.05793179463,5.963364992448806,250.89943484547044,5.766429864350439,2,fig5_cg3p0um_rpg2p5um__Lj12p0nH_Cj0p0fF__roL8p5mm__tee_fl160um_fc12,4.89777742204,6.34923094667,4.391671866830825,213.14051325530752,6.096625432754106,0.007084136588343603,0.23429730027999973,0.2912991520399997,1.5716931256179807,37.75892159016291,0.33019556840366704
Surrogate_Ridge,82,chip_simple_dxm8p182_dy3p636__Lj12p0nH_Cj2p0fF__roL8p5mm__tee_fl160um_fc12_cg1p2um__rpg1p4um,4.66348012176,6.05793179463,5.963364992448806,250.89943484547044,5.766429864350439,3,fig5_cg3p5um_rpg1p5um__Lj12p0nH_Cj0p0fF__roL8p5mm__tee_fl160um_fc12,4.70486631048,6.33112792154,5.111963850152969,266.195772124899,6.191175501007713,0.00729377843948285,0.04138618871999977,0.2731961269100003,0.8514011422958374,15.29633727942857,0.42474563665727416
Surrogate_Ridge,82,chip_simple_dxm8p182_dy3p636__Lj12p0nH_Cj2p0fF__roL8p5mm__tee_fl160um_fc12_cg1p2um__rpg1p4um,4.66348012176,6.05793179463,5.963364992448806,250.89943484547044,5.766429864350439,4,fig5_cg3p0um_rpg1p5um__Lj12p0nH_Cj0p0fF__roL8p5mm__tee_fl160um_fc12,4.80934135586,6.34266483957,4.7338018228397365,237.2002446708589,6.176728175579623,0.007984365691069334,0.14586123409999985,0.2847330449400003,1.2295631696090696,13.699190174611545,0.4102983112291838
Surrogate_Ridge,82,chip_simple_dxm8p182_dy3p636__Lj12p0nH_Cj2p0fF__roL8p5mm__tee_fl160um_fc12_cg1p2um__rpg1p4um,4.66348012176,6.05793179463,5.963364992448806,250.89943484547044,5.766429864350439,5,fig5_cg3p5um_rpg2p0um__Lj12p0nH_Cj0p0fF__roL8p5mm__tee_fl160um_fc12,4.78544785971,6.42909571039,4.586441499513626,250.3896145461569,6.177842469599042,0.009023777087270412,0.12196773794999949,0.3711639157600004,1.3769234929351803,0.5098202993135317,0.41141260524860357
Surrogate_Ridge,82,chip_simple_dxm8p182_dy3p636__Lj12p0nH_Cj2p0fF__roL8p5mm__tee_fl160um_fc12_cg1p2um__rpg1p4um,4.66348012176,6.05793179463,5.963364992448806,250.89943484547044,5.766429864350439,6,fig5_cg2p5um_rpg2p5um__Lj12p0nH_Cj0p0fF__roL8p5mm__tee_fl160um_fc12,4.86782605146,6.40620544852,4.850844314466476,237.9905673388129,6.17514285459043,0.009679848456819538,0.20434592969999965,0.34827365388999976,1.1125206779823298,12.908867506657543,0.40871299023999086
Surrogate_Ridge,82,chip_simple_dxm8p182_dy3p636__Lj12p0nH_Cj2p0fF__roL8p5mm__tee_fl160um_fc12_cg1p2um__rpg1p4um,4.66348012176,6.05793179463,5.963364992448806,250.89943484547044,5.766429864350439,7,fig5_cg2p5um_rpg2p0um__Lj12p0nH_Cj0p0fF__roL8p5mm__tee_fl160um_fc12,4.82985966256,6.3640851834,4.45615377314949,229.1245415394613,6.124821045393385,0.012310076207332826,0.1663795407999995,0.3061533887700003,1.5072112192993163,21.774893306009147,0.3583911810429461
Surrogate_Ridge,82,chip_simple_dxm8p182_dy3p636__Lj12p0nH_Cj2p0fF__roL8p5mm__tee_fl160um_fc12_cg1p2um__rpg1p4um,4.66348012176,6.05793179463,5.963364992448806,250.89943484547044,5.766429864350439,8,fig5_cg3p5um_rpg1p0um__Lj12p0nH_Cj0p0fF__roL8p5mm__tee_fl160um_fc12,4.65151549232,6.42206990109,5.782993409578324,310.4906595751157,6.336782825594393,0.015341843143590444,0.01196462944000043,0.36413810646000044,0.18037158287048172,59.59122472964529,0.5703529612439544
Surrogate_Ridge,82,chip_simple_dxm8p182_dy3p636__Lj12p0nH_Cj2p0fF__roL8p5mm__tee_fl160um_fc12_cg1p2um__rpg1p4um,4.66348012176,6.05793179463,5.963364992448806,250.89943484547044,5.766429864350439,9,fig5_cg2p5um_rpg3p0um__Lj12p0nH_Cj0p0fF__roL8p5mm__tee_fl160um_fc12,4.8216114018,6.30639910885,4.078658870691299,212.78053759295764,5.96985922957307,0.016827684058201425,0.1581312800400001,0.24846731422,1.8847061217575067,38.118897252512795,0.20342936522263155
Surrogate_Ridge,82,chip_simple_dxm8p182_dy3p636__Lj12p0nH_Cj2p0fF__roL8p5mm__tee_fl160um_fc12_cg1p2um__rpg1p4um,4.66348012176,6.05793179463,5.963364992448806,250.89943484547044,5.766429864350439,10,fig5_cg3p5um_rpg2p5um__Lj12p0nH_Cj0p0fF__roL8p5mm__tee_fl160um_fc12,4.85348773769,6.38790903463,4.356288998512268,225.5893196577544,6.102737650921461,0.020531839086953153,0.19000761592999993,0.32997723999999984,1.6070759939365384,25.310115187716036,0.3363077865710222
Surrogate_Ridge,83,chip_simple_dxm8p182_dy10p000__Lj12p0nH_Cj2p0fF__roL8p5mm__tee_fl160um_fc12_cg1p2um__rpg1p4um,4.72789217151,6.02697172035,6.188374780282974,236.31888715968915,5.7728279248915735,1,fig5_cg2p5um_rpg2p5um__Lj12p0nH_Cj0p0fF__roL8p5mm__tee_fl160um_fc12,4.86782605146,6.40620544852,4.850844314466476,237.9905673388129,6.17514285459043,0.002837184271185881,0.13993387995000006,0.37923372817,1.3375304658164975,1.6716801791237401,0.4023149296988562
Surrogate_Ridge,83,chip_simple_dxm8p182_dy10p000__Lj12p0nH_Cj2p0fF__roL8p5mm__tee_fl160um_fc12_cg1p2um__rpg1p4um,4.72789217151,6.02697172035,6.188374780282974,236.31888715968915,5.7728279248915735,2,fig5_cg3p0um_rpg2p0um__Lj12p0nH_Cj0p0fF__roL8p5mm__tee_fl160um_fc12,4.85591843529,6.44095110726,4.270610977590561,230.04663618304903,6.1997071597004,0.0032258034297481903,0.12802626377999982,0.41397938691000036,1.9177638026924129,6.272250976640123,0.42687923480882617
Surrogate_Ridge,83,chip_simple_dxm8p182_dy10p000__Lj12p0nH_Cj2p0fF__roL8p5mm__tee_fl160um_fc12_cg1p2um__rpg1p4um,4.72789217151,6.02697172035,6.188374780282974,236.31888715968915,5.7728279248915735,3,fig5_cg2p5um_rpg2p0um__Lj12p0nH_Cj0p0fF__roL8p5mm__tee_fl160um_fc12,4.82985966256,6.3640851834,4.45615377314949,229.1245415394613,6.124821045393385,0.005956943304511488,0.10196749104999991,0.33711346305000056,1.732221007133484,7.194345620227864,0.3519931205018114
Surrogate_Ridge,83,chip_simple_dxm8p182_dy10p000__Lj12p0nH_Cj2p0fF__roL8p5mm__tee_fl160um_fc12_cg1p2um__rpg1p4um,4.72789217151,6.02697172035,6.188374780282974,236.31888715968915,5.7728279248915735,4,fig5_cg3p0um_rpg2p5um__Lj12p0nH_Cj0p0fF__roL8p5mm__tee_fl160um_fc12,4.89777742204,6.34923094667,4.391671866830825,213.14051325530752,6.096625432754106,0.006291171150659015,0.16988525053000014,0.3222592263199999,1.7967029134521484,23.17837390438163,0.32379750786253236
Surrogate_Ridge,83,chip_simple_dxm8p182_dy10p000__Lj12p0nH_Cj2p0fF__roL8p5mm__tee_fl160um_fc12_cg1p2um__rpg1p4um,4.72789217151,6.02697172035,6.188374780282974,236.31888715968915,5.7728279248915735,5,fig5_cg2p5um_rpg3p0um__Lj12p0nH_Cj0p0fF__roL8p5mm__tee_fl160um_fc12,4.8216114018,6.30639910885,4.078658870691299,212.78053759295764,5.96985922957307,0.00958102064056543,0.09371923029000051,0.27942738850000026,2.1097159095916744,23.53834956673151,0.19703130468149688
Surrogate_Ridge,83,chip_simple_dxm8p182_dy10p000__Lj12p0nH_Cj2p0fF__roL8p5mm__tee_fl160um_fc12_cg1p2um__rpg1p4um,4.72789217151,6.02697172035,6.188374780282974,236.31888715968915,5.7728279248915735,6,fig5_cg3p0um_rpg1p5um__Lj12p0nH_Cj0p0fF__roL8p5mm__tee_fl160um_fc12,4.80934135586,6.34266483957,4.7338018228397365,237.2002446708589,6.176728175579623,0.010024031111542521,0.08144918435000026,0.31569311922000054,1.4545729574432373,0.8813575111697389,0.40390025068804913
Surrogate_Ridge,83,chip_simple_dxm8p182_dy10p000__Lj12p0nH_Cj2p0fF__roL8p5mm__tee_fl160um_fc12_cg1p2um__rpg1p4um,4.72789217151,6.02697172035,6.188374780282974,236.31888715968915,5.7728279248915735,7,fig5_cg2p0um_rpg2p5um__Lj12p0nH_Cj0p0fF__roL8p5mm__tee_fl160um_fc12,4.88081947033,6.29200362079,4.710222612869263,215.78136757047287,6.007573423867593,0.01451901748072327,0.1529272988199999,0.26503190044000036,1.478152167413711,20.537519589216288,0.23474549897601982
Surrogate_Ridge,83,chip_simple_dxm8p182_dy10p000__Lj12p0nH_Cj2p0fF__roL8p5mm__tee_fl160um_fc12_cg1p2um__rpg1p4um,4.72789217151,6.02697172035,6.188374780282974,236.31888715968915,5.7728279248915735,8,fig5_cg2p0um_rpg3p0um__Lj12p0nH_Cj0p0fF__roL8p5mm__tee_fl160um_fc12,4.90691227134,6.26460466713,4.076762608140945,192.584502898011,5.878506475506168,0.015077727095866392,0.17902009983000067,0.2376329467800007,2.1116121721420287,43.734384261678144,0.10567855061459408
Surrogate_Ridge,83,chip_simple_dxm8p182_dy10p000__Lj12p0nH_Cj2p0fF__roL8p5mm__tee_fl160um_fc12_cg1p2um__rpg1p4um,4.72789217151,6.02697172035,6.188374780282974,236.31888715968915,5.7728279248915735,9,fig5_cg3p5um_rpg2p0um__Lj12p0nH_Cj0p0fF__roL8p5mm__tee_fl160um_fc12,4.78544785971,6.42909571039,4.586441499513626,250.3896145461569,6.177842469599042,0.015630483643995403,0.0575556881999999,0.40212399004000066,1.601933280769348,14.070727386467752,0.4050145447074689
Surrogate_Ridge,83,chip_simple_dxm8p182_dy10p000__Lj12p0nH_Cj2p0fF__roL8p5mm__tee_fl160um_fc12_cg1p2um__rpg1p4um,4.72789217151,6.02697172035,6.188374780282974,236.31888715968915,5.7728279248915735,10,fig5_cg3p5um_rpg1p5um__Lj12p0nH_Cj0p0fF__roL8p5mm__tee_fl160um_fc12,4.70486631048,6.33112792154,5.111963850152969,266.195772124899,6.191175501007713,0.01624358457155329,0.023025861029999817,0.30415620119000053,1.076410930130005,29.876884965209854,0.4183475761161395
Surrogate_Ridge,84,chip_simple_dxm7p273_dym10p000__Lj12p0nH_Cj2p0fF__roL8p5mm__tee_fl160um_fc12_cg1p2um__rpg1p4um,4.7126813443,6.13908473444,5.581218069385528,245.41483597333,5.892340005717795,1,fig5_cg3p0um_rpg2p5um__Lj12p0nH_Cj0p0fF__roL8p5mm__tee_fl160um_fc12,4.89777742204,6.34923094667,4.391671866830825,213.14051325530752,6.096625432754106,0.002583600535898815,0.18509607773999992,0.21014621222999974,1.1895462025547028,32.27432271802249,0.2042854270363108
Surrogate_Ridge,84,chip_simple_dxm7p273_dym10p000__Lj12p0nH_Cj2p0fF__roL8p5mm__tee_fl160um_fc12_cg1p2um__rpg1p4um,4.7126813443,6.13908473444,5.581218069385528,245.41483597333,5.892340005717795,2,fig5_cg3p5um_rpg2p0um__Lj12p0nH_Cj0p0fF__roL8p5mm__tee_fl160um_fc12,4.78544785971,6.42909571039,4.586441499513626,250.3896145461569,6.177842469599042,0.003020078733081267,0.07276651540999968,0.29001097595000047,0.9947765698719024,4.974778572826892,0.28550246388124734
Surrogate_Ridge,84,chip_simple_dxm7p273_dym10p000__Lj12p0nH_Cj2p0fF__roL8p5mm__tee_fl160um_fc12_cg1p2um__rpg1p4um,4.7126813443,6.13908473444,5.581218069385528,245.41483597333,5.892340005717795,3,fig5_cg3p0um_rpg2p0um__Lj12p0nH_Cj0p0fF__roL8p5mm__tee_fl160um_fc12,4.85591843529,6.44095110726,4.270610977590561,230.04663618304903,6.1997071597004,0.004888841634709418,0.1432370909899996,0.3018663728200002,1.3106070917949673,15.368199790280983,0.3073671539826046
Surrogate_Ridge,84,chip_simple_dxm7p273_dym10p000__Lj12p0nH_Cj2p0fF__roL8p5mm__tee_fl160um_fc12_cg1p2um__rpg1p4um,4.7126813443,6.13908473444,5.581218069385528,245.41483597333,5.892340005717795,4,fig5_cg3p5um_rpg1p5um__Lj12p0nH_Cj0p0fF__roL8p5mm__tee_fl160um_fc12,4.70486631048,6.33112792154,5.111963850152969,266.195772124899,6.191175501007713,0.007809887185282919,0.007815033820000039,0.19204318710000035,0.4692542192325595,20.780936151568994,0.29883549528991793
Surrogate_Ridge,84,chip_simple_dxm7p273_dym10p000__Lj12p0nH_Cj2p0fF__roL8p5mm__tee_fl160um_fc12_cg1p2um__rpg1p4um,4.7126813443,6.13908473444,5.581218069385528,245.41483597333,5.892340005717795,5,fig5_cg3p5um_rpg2p5um__Lj12p0nH_Cj0p0fF__roL8p5mm__tee_fl160um_fc12,4.85348773769,6.38790903463,4.356288998512268,225.5893196577544,6.102737650921461,0.008982152697052997,0.14080639339000012,0.2488243001899999,1.2249290708732605,19.825516315575612,0.210397645203666
Surrogate_Ridge,84,chip_simple_dxm7p273_dym10p000__Lj12p0nH_Cj2p0fF__roL8p5mm__tee_fl160um_fc12_cg1p2um__rpg1p4um,4.7126813443,6.13908473444,5.581218069385528,245.41483597333,5.892340005717795,6,fig5_cg3p0um_rpg3p0um__Lj12p0nH_Cj0p0fF__roL8p5mm__tee_fl160um_fc12,4.91022642408,6.30951729449,3.4180947746620176,181.0996536786009,5.916928558404827,0.011030241853261595,0.19754507978000024,0.17043256005000007,2.1631232947235106,64.31518229472911,0.02458855268703175
Surrogate_Ridge,84,chip_simple_dxm7p273_dym10p000__Lj12p0nH_Cj2p0fF__roL8p5mm__tee_fl160um_fc12_cg1p2um__rpg1p4um,4.7126813443,6.13908473444,5.581218069385528,245.41483597333,5.892340005717795,7,fig5_cg2p5um_rpg2p5um__Lj12p0nH_Cj0p0fF__roL8p5mm__tee_fl160um_fc12,4.86782605146,6.40620544852,4.850844314466476,237.9905673388129,6.17514285459043,0.014284029284109724,0.15514470715999984,0.2671207140799998,0.7303737549190519,7.424268634517119,0.2828028488726346
Surrogate_Ridge,84,chip_simple_dxm7p273_dym10p000__Lj12p0nH_Cj2p0fF__roL8p5mm__tee_fl160um_fc12_cg1p2um__rpg1p4um,4.7126813443,6.13908473444,5.581218069385528,245.41483597333,5.892340005717795,8,fig5_cg2p5um_rpg3p0um__Lj12p0nH_Cj0p0fF__roL8p5mm__tee_fl160um_fc12,4.8216114018,6.30639910885,4.078658870691299,212.78053759295764,5.96985922957307,0.01446335553869018,0.10893005750000029,0.16731437441000008,1.5025591986942288,32.63429838037237,0.07751922385527532
Surrogate_Ridge,84,chip_simple_dxm7p273_dym10p000__Lj12p0nH_Cj2p0fF__roL8p5mm__tee_fl160um_fc12_cg1p2um__rpg1p4um,4.7126813443,6.13908473444,5.581218069385528,245.41483597333,5.892340005717795,9,fig5_cg3p0um_rpg1p5um__Lj12p0nH_Cj0p0fF__roL8p5mm__tee_fl160um_fc12,4.80934135586,6.34266483957,4.7338018228397365,237.2002446708589,6.176728175579623,0.017945965149693405,0.09666001156000004,0.20358010513000036,0.8474162465457917,8.21459130247112,0.2843881698618276
Surrogate_Ridge,84,chip_simple_dxm7p273_dym10p000__Lj12p0nH_Cj2p0fF__roL8p5mm__tee_fl160um_fc12_cg1p2um__rpg1p4um,4.7126813443,6.13908473444,5.581218069385528,245.41483597333,5.892340005717795,10,fig5_cg3p5um_rpg1p0um__Lj12p0nH_Cj0p0fF__roL8p5mm__tee_fl160um_fc12,4.65151549232,6.42206990109,5.782993409578324,310.4906595751157,6.336782825594393,0.023351578053657937,0.06116585198000024,0.2829851666500005,0.2017753401927962,65.07582360178571,0.44444281987659817
Surrogate_Ridge,85,chip_simple_dxm7p273_dy3p636__Lj12p0nH_Cj2p0fF__roL8p5mm__tee_fl160um_fc12_cg1p2um__rpg1p4um,4.74239033124,6.19637507253,5.681721828037261,250.6248885555281,5.991999899644134,1,fig5_cg3p5um_rpg2p0um__Lj12p0nH_Cj0p0fF__roL8p5mm__tee_fl160um_fc12,4.78544785971,6.42909571039,4.586441499513626,250.3896145461569,6.177842469599042,0.002149709583505233,0.04305752846999944,0.23272063785999997,1.0952803285236348,0.2352740093711816,0.18584256995490822
Surrogate_Ridge,85,chip_simple_dxm7p273_dy3p636__Lj12p0nH_Cj2p0fF__roL8p5mm__tee_fl160um_fc12_cg1p2um__rpg1p4um,4.74239033124,6.19637507253,5.681721828037261,250.6248885555281,5.991999899644134,2,fig5_cg3p0um_rpg2p0um__Lj12p0nH_Cj0p0fF__roL8p5mm__tee_fl160um_fc12,4.85591843529,6.44095110726,4.270610977590561,230.04663618304903,6.1997071597004,0.0028810024152386027,0.11352810404999936,0.24457603472999967,1.4111108504466996,20.578252372479056,0.2077072600562655
Surrogate_Ridge,85,chip_simple_dxm7p273_dy3p636__Lj12p0nH_Cj2p0fF__roL8p5mm__tee_fl160um_fc12_cg1p2um__rpg1p4um,4.74239033124,6.19637507253,5.681721828037261,250.6248885555281,5.991999899644134,3,fig5_cg3p0um_rpg2p5um__Lj12p0nH_Cj0p0fF__roL8p5mm__tee_fl160um_fc12,4.89777742204,6.34923094667,4.391671866830825,213.14051325530752,6.096625432754106,0.003306256475182265,0.15538709079999968,0.15285587413999924,1.2900499612064351,37.48437530022056,0.10462553310997169
Surrogate_Ridge,85,chip_simple_dxm7p273_dy3p636__Lj12p0nH_Cj2p0fF__roL8p5mm__tee_fl160um_fc12_cg1p2um__rpg1p4um,4.74239033124,6.19637507253,5.681721828037261,250.6248885555281,5.991999899644134,4,fig5_cg3p5um_rpg1p5um__Lj12p0nH_Cj0p0fF__roL8p5mm__tee_fl160um_fc12,4.70486631048,6.33112792154,5.111963850152969,266.195772124899,6.191175501007713,0.004088737476429174,0.037524020760000276,0.13475284900999984,0.5697579778842918,15.57088356937092,0.1991756013635788
Surrogate_Ridge,85,chip_simple_dxm7p273_dy3p636__Lj12p0nH_Cj2p0fF__roL8p5mm__tee_fl160um_fc12_cg1p2um__rpg1p4um,4.74239033124,6.19637507253,5.681721828037261,250.6248885555281,5.991999899644134,5,fig5_cg3p5um_rpg2p5um__Lj12p0nH_Cj0p0fF__roL8p5mm__tee_fl160um_fc12,4.85348773769,6.38790903463,4.356288998512268,225.5893196577544,6.102737650921461,0.010564667043801695,0.11109740644999988,0.1915339620999994,1.3254328295249929,25.035568897773686,0.11073775127732688
Surrogate_Ridge,85,chip_simple_dxm7p273_dy3p636__Lj12p0nH_Cj2p0fF__roL8p5mm__tee_fl160um_fc12_cg1p2um__rpg1p4um,4.74239033124,6.19637507253,5.681721828037261,250.6248885555281,5.991999899644134,6,fig5_cg3p0um_rpg1p5um__Lj12p0nH_Cj0p0fF__roL8p5mm__tee_fl160um_fc12,4.80934135586,6.34266483957,4.7338018228397365,237.2002446708589,6.176728175579623,0.012809733708515349,0.0669510246199998,0.14628976703999985,0.9479200051975241,13.424643884669194,0.18472827593548846
Surrogate_Ridge,85,chip_simple_dxm7p273_dy3p636__Lj12p0nH_Cj2p0fF__roL8p5mm__tee_fl160um_fc12_cg1p2um__rpg1p4um,4.74239033124,6.19637507253,5.681721828037261,250.6248885555281,5.991999899644134,7,fig5_cg2p5um_rpg2p5um__Lj12p0nH_Cj0p0fF__roL8p5mm__tee_fl160um_fc12,4.86782605146,6.40620544852,4.850844314466476,237.9905673388129,6.17514285459043,0.01351372584459271,0.1254357202199996,0.20983037598999932,0.8308775135707842,12.634321216715193,0.1831429549462955
Surrogate_Ridge,85,chip_simple_dxm7p273_dy3p636__Lj12p0nH_Cj2p0fF__roL8p5mm__tee_fl160um_fc12_cg1p2um__rpg1p4um,4.74239033124,6.19637507253,5.681721828037261,250.6248885555281,5.991999899644134,8,fig5_cg3p0um_rpg3p0um__Lj12p0nH_Cj0p0fF__roL8p5mm__tee_fl160um_fc12,4.91022642408,6.30951729449,3.4180947746620176,181.0996536786009,5.916928558404827,0.014085495888346327,0.16783609284,0.11314222195999957,2.263627053375243,69.52523487692719,0.07507134123930737
Surrogate_Ridge,85,chip_simple_dxm7p273_dy3p636__Lj12p0nH_Cj2p0fF__roL8p5mm__tee_fl160um_fc12_cg1p2um__rpg1p4um,4.74239033124,6.19637507253,5.681721828037261,250.6248885555281,5.991999899644134,9,fig5_cg2p5um_rpg3p0um__Lj12p0nH_Cj0p0fF__roL8p5mm__tee_fl160um_fc12,4.8216114018,6.30639910885,4.078658870691299,212.78053759295764,5.96985922957307,0.016303261857403984,0.07922107056000005,0.11002403631999957,1.6030629573459612,37.844350962570445,0.022140670071063795
Surrogate_Ridge,85,chip_simple_dxm7p273_dy3p636__Lj12p0nH_Cj2p0fF__roL8p5mm__tee_fl160um_fc12_cg1p2um__rpg1p4um,4.74239033124,6.19637507253,5.681721828037261,250.6248885555281,5.991999899644134,10,fig5_cg3p5um_rpg1p0um__Lj12p0nH_Cj0p0fF__roL8p5mm__tee_fl160um_fc12,4.65151549232,6.42206990109,5.782993409578324,310.4906595751157,6.336782825594393,0.01638175072257351,0.09087483892000048,0.22569482856,0.10127158154106386,59.86577101958764,0.34478292595025906
Surrogate_Ridge,86,chip_simple_dxm5p455_dy10p000__Lj12p0nH_Cj2p0fF__roL8p5mm__tee_fl160um_fc12_cg1p2um__rpg1p4um,4.75382768337,6.07114357609,5.742745215496063,229.3685246164135,5.84654579468076,1,fig5_cg3p0um_rpg2p5um__Lj12p0nH_Cj0p0fF__roL8p5mm__tee_fl160um_fc12,4.89777742204,6.34923094667,4.391671866830825,213.14051325530752,6.096625432754106,0.0013817614434618846,0.14394973866999994,0.27808737057999977,1.3510733486652375,16.228011361105985,0.25007963807334566
Surrogate_Ridge,86,chip_simple_dxm5p455_dy10p000__Lj12p0nH_Cj2p0fF__roL8p5mm__tee_fl160um_fc12_cg1p2um__rpg1p4um,4.75382768337,6.07114357609,5.742745215496063,229.3685246164135,5.84654579468076,2,fig5_cg2p5um_rpg3p0um__Lj12p0nH_Cj0p0fF__roL8p5mm__tee_fl160um_fc12,4.8216114018,6.30639910885,4.078658870691299,212.78053759295764,5.96985922957307,0.005573281658134525,0.0677837184300003,0.2352555327600001,1.6640863448047636,16.587987023455867,0.12331343489231017
Surrogate_Ridge,86,chip_simple_dxm5p455_dy10p000__Lj12p0nH_Cj2p0fF__roL8p5mm__tee_fl160um_fc12_cg1p2um__rpg1p4um,4.75382768337,6.07114357609,5.742745215496063,229.3685246164135,5.84654579468076,3,fig5_cg3p0um_rpg2p0um__Lj12p0nH_Cj0p0fF__roL8p5mm__tee_fl160um_fc12,4.85591843529,6.44095110726,4.270610977590561,230.04663618304903,6.1997071597004,0.005944826570273467,0.10209075191999961,0.3698075311700002,1.472134237905502,0.678111566635522,0.35316136501963946
Surrogate_Ridge,86,chip_simple_dxm5p455_dy10p000__Lj12p0nH_Cj2p0fF__roL8p5mm__tee_fl160um_fc12_cg1p2um__rpg1p4um,4.75382768337,6.07114357609,5.742745215496063,229.3685246164135,5.84654579468076,4,fig5_cg2p5um_rpg2p5um__Lj12p0nH_Cj0p0fF__roL8p5mm__tee_fl160um_fc12,4.86782605146,6.40620544852,4.850844314466476,237.9905673388129,6.17514285459043,0.006565773722495021,0.11399836808999986,0.33506187242999985,0.8919009010295866,8.622042722399385,0.3285970599096695
Surrogate_Ridge,86,chip_simple_dxm5p455_dy10p000__Lj12p0nH_Cj2p0fF__roL8p5mm__tee_fl160um_fc12_cg1p2um__rpg1p4um,4.75382768337,6.07114357609,5.742745215496063,229.3685246164135,5.84654579468076,5,fig5_cg3p0um_rpg3p0um__Lj12p0nH_Cj0p0fF__roL8p5mm__tee_fl160um_fc12,4.91022642408,6.30951729449,3.4180947746620176,181.0996536786009,5.916928558404827,0.007798421334275648,0.15639874071000026,0.2383737184000001,2.3246504408340454,48.26887093781261,0.0703827637240666
Surrogate_Ridge,86,chip_simple_dxm5p455_dy10p000__Lj12p0nH_Cj2p0fF__roL8p5mm__tee_fl160um_fc12_cg1p2um__rpg1p4um,4.75382768337,6.07114357609,5.742745215496063,229.3685246164135,5.84654579468076,6,fig5_cg3p5um_rpg2p0um__Lj12p0nH_Cj0p0fF__roL8p5mm__tee_fl160um_fc12,4.78544785971,6.42909571039,4.586441499513626,250.3896145461569,6.177842469599042,0.010691805919280945,0.031620176339999695,0.3579521343000005,1.1563037159824372,21.021089929743397,0.3312966749182822
Surrogate_Ridge,86,chip_simple_dxm5p455_dy10p000__Lj12p0nH_Cj2p0fF__roL8p5mm__tee_fl160um_fc12_cg1p2um__rpg1p4um,4.75382768337,6.07114357609,5.742745215496063,229.3685246164135,5.84654579468076,7,fig5_cg3p5um_rpg2p5um__Lj12p0nH_Cj0p0fF__roL8p5mm__tee_fl160um_fc12,4.85348773769,6.38790903463,4.356288998512268,225.5893196577544,6.102737650921461,0.013537892747643622,0.09966005432000014,0.31676545853999993,1.3864562169837953,3.7792049586591077,0.25619185624070084
Surrogate_Ridge,86,chip_simple_dxm5p455_dy10p000__Lj12p0nH_Cj2p0fF__roL8p5mm__tee_fl160um_fc12_cg1p2um__rpg1p4um,4.75382768337,6.07114357609,5.742745215496063,229.3685246164135,5.84654579468076,8,fig5_cg2p5um_rpg3p5um__Lj12p0nH_Cj0p0fF__roL8p5mm__tee_fl160um_fc12,4.90933450729,6.40357690957,3.7329917837715145,201.2880257934344,6.003674917928219,0.015560514611399368,0.1555068239199997,0.33243333348000004,2.0097534317245485,28.08049882297911,0.15712912324745876
Surrogate_Ridge,86,chip_simple_dxm5p455_dy10p000__Lj12p0nH_Cj2p0fF__roL8p5mm__tee_fl160um_fc12_cg1p2um__rpg1p4um,4.75382768337,6.07114357609,5.742745215496063,229.3685246164135,5.84654579468076,9,fig5_cg2p5um_rpg2p0um__Lj12p0nH_Cj0p0fF__roL8p5mm__tee_fl160um_fc12,4.82985966256,6.3640851834,4.45615377314949,229.1245415394613,6.124821045393385,0.018537990804480858,0.07603197918999971,0.2929416073100004,1.2865914423465732,0.24398307695221888,0.2782752507126247
Surrogate_Ridge,86,chip_simple_dxm5p455_dy10p000__Lj12p0nH_Cj2p0fF__roL8p5mm__tee_fl160um_fc12_cg1p2um__rpg1p4um,4.75382768337,6.07114357609,5.742745215496063,229.3685246164135,5.84654579468076,10,fig5_cg3p5um_rpg1p5um__Lj12p0nH_Cj0p0fF__roL8p5mm__tee_fl160um_fc12,4.70486631048,6.33112792154,5.111963850152969,266.195772124899,6.191175501007713,0.018825444108543594,0.04896137289000002,0.2599843454500004,0.6307813653430943,36.8272475084855,0.3446297063269528
Surrogate_Ridge,87,chip_simple_dxm4p545_dy3p636__Lj12p0nH_Cj2p0fF__roL8p5mm__tee_fl160um_fc12_cg1p2um__rpg1p4um,4.75468111361,6.06015537266,5.269286218986511,217.6085822265456,5.73890366119554,1,fig5_cg3p0um_rpg3p0um__Lj12p0nH_Cj0p0fF__roL8p5mm__tee_fl160um_fc12,4.91022642408,6.30951729449,3.4180947746620176,181.0996536786009,5.916928558404827,0.002220773573193749,0.15554531046999998,0.24936192183000028,1.8511914443244932,36.50892854794469,0.17802489720928705
Surrogate_Ridge,87,chip_simple_dxm4p545_dy3p636__Lj12p0nH_Cj2p0fF__roL8p5mm__tee_fl160um_fc12_cg1p2um__rpg1p4um,4.75468111361,6.06015537266,5.269286218986511,217.6085822265456,5.73890366119554,2,fig5_cg3p0um_rpg2p5um__Lj12p0nH_Cj0p0fF__roL8p5mm__tee_fl160um_fc12,4.89777742204,6.34923094667,4.391671866830825,213.14051325530752,6.096625432754106,0.006456181411205121,0.14309630842999965,0.28907557400999995,0.8776143521556854,4.468068971238068,0.3577217715585661
Surrogate_Ridge,87,chip_simple_dxm4p545_dy3p636__Lj12p0nH_Cj2p0fF__roL8p5mm__tee_fl160um_fc12_cg1p2um__rpg1p4um,4.75468111361,6.06015537266,5.269286218986511,217.6085822265456,5.73890366119554,3,fig5_cg2p5um_rpg3p5um__Lj12p0nH_Cj0p0fF__roL8p5mm__tee_fl160um_fc12,4.90933450729,6.40357690957,3.7329917837715145,201.2880257934344,6.003674917928219,0.00887228565117509,0.15465339367999942,0.3434215369100002,1.5362944352149963,16.320556433111193,0.2647712567326792
Surrogate_Ridge,87,chip_simple_dxm4p545_dy3p636__Lj12p0nH_Cj2p0fF__roL8p5mm__tee_fl160um_fc12_cg1p2um__rpg1p4um,4.75468111361,6.06015537266,5.269286218986511,217.6085822265456,5.73890366119554,4,fig5_cg2p5um_rpg3p0um__Lj12p0nH_Cj0p0fF__roL8p5mm__tee_fl160um_fc12,4.8216114018,6.30639910885,4.078658870691299,212.78053759295764,5.96985922957307,0.009444863064827048,0.06693028819000002,0.24624373619000028,1.1906273482952114,4.82804463358795,0.23095556837753062
Surrogate_Ridge,87,chip_simple_dxm4p545_dy3p636__Lj12p0nH_Cj2p0fF__roL8p5mm__tee_fl160um_fc12_cg1p2um__rpg1p4um,4.75468111361,6.06015537266,5.269286218986511,217.6085822265456,5.73890366119554,5,fig5_cg3p5um_rpg2p5um__Lj12p0nH_Cj0p0fF__roL8p5mm__tee_fl160um_fc12,4.85348773769,6.38790903463,4.356288998512268,225.5893196577544,6.102737650921461,0.010637829852900373,0.09880662407999985,0.3277536619700001,0.9129972204742431,7.980737431208809,0.3638339897259213
Surrogate_Ridge,87,chip_simple_dxm4p545_dy3p636__Lj12p0nH_Cj2p0fF__roL8p5mm__tee_fl160um_fc12_cg1p2um__rpg1p4um,4.75468111361,6.06015537266,5.269286218986511,217.6085822265456,5.73890366119554,6,fig5_cg3p5um_rpg2p0um__Lj12p0nH_Cj0p0fF__roL8p5mm__tee_fl160um_fc12,4.78544785971,6.42909571039,4.586441499513626,250.3896145461569,6.177842469599042,0.018536068115271174,0.03076674609999941,0.3689403377300007,0.682844719472885,32.78103231961131,0.43893880840350263
Surrogate_Ridge,87,chip_simple_dxm4p545_dy3p636__Lj12p0nH_Cj2p0fF__roL8p5mm__tee_fl160um_fc12_cg1p2um__rpg1p4um,4.75468111361,6.06015537266,5.269286218986511,217.6085822265456,5.73890366119554,7,fig5_cg2p5um_rpg4p0um__Lj12p0nH_Cj0p0fF__roL8p5mm__tee_fl160um_fc12,4.97746029131,6.34846078021,3.4394829423675537,176.0279190752371,5.892001031860305,0.020946359234605427,0.22277917769999966,0.2883054075500002,1.8298032766189571,41.5806631513085,0.15309737066476536
Surrogate_Ridge,87,chip_simple_dxm4p545_dy3p636__Lj12p0nH_Cj2p0fF__roL8p5mm__tee_fl160um_fc12_cg1p2um__rpg1p4um,4.75468111361,6.06015537266,5.269286218986511,217.6085822265456,5.73890366119554,8,fig5_cg2p5um_rpg2p5um__Lj12p0nH_Cj0p0fF__roL8p5mm__tee_fl160um_fc12,4.86782605146,6.40620544852,4.850844314466476,237.9905673388129,6.17514285459043,0.022664091475561313,0.11314493784999957,0.34605007586000003,0.4184419045200345,20.3819851122673,0.4362391933948899
Surrogate_Ridge,87,chip_simple_dxm4p545_dy3p636__Lj12p0nH_Cj2p0fF__roL8p5mm__tee_fl160um_fc12_cg1p2um__rpg1p4um,4.75468111361,6.06015537266,5.269286218986511,217.6085822265456,5.73890366119554,9,fig5_cg3p0um_rpg2p0um__Lj12p0nH_Cj0p0fF__roL8p5mm__tee_fl160um_fc12,4.85591843529,6.44095110726,4.270610977590561,230.04663618304903,6.1997071597004,0.023338240246298814,0.10123732167999933,0.3807957346000004,0.9986752413959499,12.438053956503438,0.4608034985048599
Surrogate_Ridge,87,chip_simple_dxm4p545_dy3p636__Lj12p0nH_Cj2p0fF__roL8p5mm__tee_fl160um_fc12_cg1p2um__rpg1p4um,4.75468111361,6.06015537266,5.269286218986511,217.6085822265456,5.73890366119554,10,fig5_cg2p0um_rpg3p5um__Lj12p0nH_Cj0p0fF__roL8p5mm__tee_fl160um_fc12,4.92988654864,6.34828832398,4.071626393825531,199.5447640637109,5.952483565984568,0.027502113076136956,0.17520543502999963,0.2881329513200006,1.1976598251609802,18.063818162834707,0.21357990478902789
Surrogate_Ridge,88,chip_simple_dxm4p545_dy8p182__Lj12p0nH_Cj2p0fF__roL8p5mm__tee_fl160um_fc12_cg1p2um__rpg1p4um,4.67322344557,5.98395316967,6.190873927841186,240.9406241300008,5.72043645068073,1,fig5_cg3p0um_rpg2p0um__Lj12p0nH_Cj0p0fF__roL8p5mm__tee_fl160um_fc12,4.85591843529,6.44095110726,4.270610977590561,230.04663618304903,6.1997071597004,0.0038752303849376294,0.18269498971999987,0.45699793758999974,1.920262950250625,10.893987946951768,0.4792707090196693
Surrogate_Ridge,88,chip_simple_dxm4p545_dy8p182__Lj12p0nH_Cj2p0fF__roL8p5mm__tee_fl160um_fc12_cg1p2um__rpg1p4um,4.67322344557,5.98395316967,6.190873927841186,240.9406241300008,5.72043645068073,2,fig5_cg2p5um_rpg2p5um__Lj12p0nH_Cj0p0fF__roL8p5mm__tee_fl160um_fc12,4.86782605146,6.40620544852,4.850844314466476,237.9905673388129,6.17514285459043,0.005111405414359654,0.1946026058900001,0.4222522788499994,1.3400296133747096,2.9500567911879045,0.4547064039096993
Surrogate_Ridge,88,chip_simple_dxm4p545_dy8p182__Lj12p0nH_Cj2p0fF__roL8p5mm__tee_fl160um_fc12_cg1p2um__rpg1p4um,4.67322344557,5.98395316967,6.190873927841186,240.9406241300008,5.72043645068073,3,fig5_cg2p5um_rpg2p0um__Lj12p0nH_Cj0p0fF__roL8p5mm__tee_fl160um_fc12,4.82985966256,6.3640851834,4.45615377314949,229.1245415394613,6.124821045393385,0.006821844465419875,0.15663621698999997,0.38013201372999994,1.7347201546916962,11.816082590539509,0.40438459471265453
Surrogate_Ridge,88,chip_simple_dxm4p545_dy8p182__Lj12p0nH_Cj2p0fF__roL8p5mm__tee_fl160um_fc12_cg1p2um__rpg1p4um,4.67322344557,5.98395316967,6.190873927841186,240.9406241300008,5.72043645068073,4,fig5_cg3p0um_rpg2p5um__Lj12p0nH_Cj0p0fF__roL8p5mm__tee_fl160um_fc12,4.89777742204,6.34923094667,4.391671866830825,213.14051325530752,6.096625432754106,0.008422298421048623,0.2245539764700002,0.3652777769999993,1.7992020610103605,27.800110874693274,0.3761889820733755
Surrogate_Ridge,88,chip_simple_dxm4p545_dy8p182__Lj12p0nH_Cj2p0fF__roL8p5mm__tee_fl160um_fc12_cg1p2um__rpg1p4um,4.67322344557,5.98395316967,6.190873927841186,240.9406241300008,5.72043645068073,5,fig5_cg3p0um_rpg1p5um__Lj12p0nH_Cj0p0fF__roL8p5mm__tee_fl160um_fc12,4.80934135586,6.34266483957,4.7338018228397365,237.2002446708589,6.176728175579623,0.009025499597723892,0.1361179102900003,0.3587116698999999,1.4570721050014495,3.7403794591419057,0.45629172489889225
Surrogate_Ridge,88,chip_simple_dxm4p545_dy8p182__Lj12p0nH_Cj2p0fF__roL8p5mm__tee_fl160um_fc12_cg1p2um__rpg1p4um,4.67322344557,5.98395316967,6.190873927841186,240.9406241300008,5.72043645068073,6,fig5_cg2p5um_rpg3p0um__Lj12p0nH_Cj0p0fF__roL8p5mm__tee_fl160um_fc12,4.8216114018,6.30639910885,4.078658870691299,212.78053759295764,5.96985922957307,0.013098303612196693,0.14838795623000056,0.32244593917999964,2.1122150571498866,28.160086537043156,0.24942277889234
Surrogate_Ridge,88,chip_simple_dxm4p545_dy8p182__Lj12p0nH_Cj2p0fF__roL8p5mm__tee_fl160um_fc12_cg1p2um__rpg1p4um,4.67322344557,5.98395316967,6.190873927841186,240.9406241300008,5.72043645068073,7,fig5_cg3p5um_rpg1p5um__Lj12p0nH_Cj0p0fF__roL8p5mm__tee_fl160um_fc12,4.70486631048,6.33112792154,5.111963850152969,266.195772124899,6.191175501007713,0.014919074018148348,0.031642864910000235,0.3471747518699999,1.0789100776882172,25.25514799489821,0.4707390503269826
Surrogate_Ridge,88,chip_simple_dxm4p545_dy8p182__Lj12p0nH_Cj2p0fF__roL8p5mm__tee_fl160um_fc12_cg1p2um__rpg1p4um,4.67322344557,5.98395316967,6.190873927841186,240.9406241300008,5.72043645068073,8,fig5_cg3p5um_rpg2p0um__Lj12p0nH_Cj0p0fF__roL8p5mm__tee_fl160um_fc12,4.78544785971,6.42909571039,4.586441499513626,250.3896145461569,6.177842469599042,0.016026311892533313,0.11222441413999995,0.44514254072000004,1.6044324283275602,9.448990416156107,0.457406018918312
Surrogate_Ridge,88,chip_simple_dxm4p545_dy8p182__Lj12p0nH_Cj2p0fF__roL8p5mm__tee_fl160um_fc12_cg1p2um__rpg1p4um,4.67322344557,5.98395316967,6.190873927841186,240.9406241300008,5.72043645068073,9,fig5_cg2p0um_rpg2p5um__Lj12p0nH_Cj0p0fF__roL8p5mm__tee_fl160um_fc12,4.88081947033,6.29200362079,4.710222612869263,215.78136757047287,6.007573423867593,0.01689820799574863,0.20759602475999994,0.30805045111999974,1.4806513149719231,25.159256559527932,0.28713697318686293
Surrogate_Ridge,88,chip_simple_dxm4p545_dy8p182__Lj12p0nH_Cj2p0fF__roL8p5mm__tee_fl160um_fc12_cg1p2um__rpg1p4um,4.67322344557,5.98395316967,6.190873927841186,240.9406241300008,5.72043645068073,10,fig5_cg2p0um_rpg3p0um__Lj12p0nH_Cj0p0fF__roL8p5mm__tee_fl160um_fc12,4.90691227134,6.26460466713,4.076762608140945,192.584502898011,5.878506475506168,0.018627599106414455,0.23368882577000072,0.28065149746000007,2.114111319700241,48.35612123198979,0.1580700248254372
Surrogate_Ridge,89,chip_simple_dxm3p636_dym9p091__Lj12p0nH_Cj2p0fF__roL8p5mm__tee_fl160um_fc12_cg1p2um__rpg1p4um,4.6860923718,6.15572974559,5.265247003330231,246.28336462848563,5.931427421476935,1,fig5_cg3p5um_rpg2p0um__Lj12p0nH_Cj0p0fF__roL8p5mm__tee_fl160um_fc12,4.78544785971,6.42909571039,4.586441499513626,250.3896145461569,6.177842469599042,0.0022493778859218414,0.0993554879099996,0.27336596479999997,0.678805503816605,4.106249917671278,0.24641504812210702
Surrogate_Ridge,89,chip_simple_dxm3p636_dym9p091__Lj12p0nH_Cj2p0fF__roL8p5mm__tee_fl160um_fc12_cg1p2um__rpg1p4um,4.6860923718,6.15572974559,5.265247003330231,246.28336462848563,5.931427421476935,2,fig5_cg3p5um_rpg2p5um__Lj12p0nH_Cj0p0fF__roL8p5mm__tee_fl160um_fc12,4.85348773769,6.38790903463,4.356288998512268,225.5893196577544,6.102737650921461,0.004210506443747968,0.16739536589000004,0.2321792890399994,0.9089580048179631,20.694044970731227,0.17131022944452567
Surrogate_Ridge,89,chip_simple_dxm3p636_dym9p091__Lj12p0nH_Cj2p0fF__roL8p5mm__tee_fl160um_fc12_cg1p2um__rpg1p4um,4.6860923718,6.15572974559,5.265247003330231,246.28336462848563,5.931427421476935,3,fig5_cg3p0um_rpg2p5um__Lj12p0nH_Cj0p0fF__roL8p5mm__tee_fl160um_fc12,4.89777742204,6.34923094667,4.391671866830825,213.14051325530752,6.096625432754106,0.005455484856951224,0.21168505023999984,0.19350120107999924,0.8735751364994053,33.142851373178104,0.1651980112771705
Surrogate_Ridge,89,chip_simple_dxm3p636_dym9p091__Lj12p0nH_Cj2p0fF__roL8p5mm__tee_fl160um_fc12_cg1p2um__rpg1p4um,4.6860923718,6.15572974559,5.265247003330231,246.28336462848563,5.931427421476935,4,fig5_cg3p0um_rpg3p0um__Lj12p0nH_Cj0p0fF__roL8p5mm__tee_fl160um_fc12,4.91022642408,6.30951729449,3.4180947746620176,181.0996536786009,5.916928558404827,0.00938426543116301,0.22413405228000016,0.15378754889999957,1.8471522286682132,65.18371094988473,0.01449886307210857
Surrogate_Ridge,89,chip_simple_dxm3p636_dym9p091__Lj12p0nH_Cj2p0fF__roL8p5mm__tee_fl160um_fc12_cg1p2um__rpg1p4um,4.6860923718,6.15572974559,5.265247003330231,246.28336462848563,5.931427421476935,5,fig5_cg3p5um_rpg1p5um__Lj12p0nH_Cj0p0fF__roL8p5mm__tee_fl160um_fc12,4.70486631048,6.33112792154,5.111963850152969,266.195772124899,6.191175501007713,0.01181329168165516,0.01877393867999988,0.17539817594999985,0.15328315317726204,19.91240749641338,0.2597480795307776
Surrogate_Ridge,89,chip_simple_dxm3p636_dym9p091__Lj12p0nH_Cj2p0fF__roL8p5mm__tee_fl160um_fc12_cg1p2um__rpg1p4um,4.6860923718,6.15572974559,5.265247003330231,246.28336462848563,5.931427421476935,6,fig5_cg3p0um_rpg2p0um__Lj12p0nH_Cj0p0fF__roL8p5mm__tee_fl160um_fc12,4.85591843529,6.44095110726,4.270610977590561,230.04663618304903,6.1997071597004,0.013051746636298885,0.1698260634899995,0.2852213616699997,0.9946360257396698,16.236728445436597,0.2682797382234643
Surrogate_Ridge,89,chip_simple_dxm3p636_dym9p091__Lj12p0nH_Cj2p0fF__roL8p5mm__tee_fl160um_fc12_cg1p2um__rpg1p4um,4.6860923718,6.15572974559,5.265247003330231,246.28336462848563,5.931427421476935,7,fig5_cg2p5um_rpg3p0um__Lj12p0nH_Cj0p0fF__roL8p5mm__tee_fl160um_fc12,4.8216114018,6.30639910885,4.078658870691299,212.78053759295764,5.96985922957307,0.021189281500088194,0.1355190300000002,0.15066936325999958,1.1865881326389314,33.502827035527986,0.038431808096135
Surrogate_Ridge,89,chip_simple_dxm3p636_dym9p091__Lj12p0nH_Cj2p0fF__roL8p5mm__tee_fl160um_fc12_cg1p2um__rpg1p4um,4.6860923718,6.15572974559,5.265247003330231,246.28336462848563,5.931427421476935,8,fig5_cg4p0um_rpg2p5um__Lj12p0nH_Cj0p0fF__roL8p5mm__tee_fl160um_fc12,4.84081846419,6.4170299131,4.2439929298172,228.91083087667948,6.164372524451142,0.0230829560234404,0.1547260923899998,0.26130016750999996,1.021254073513031,17.372533751806145,0.2329451029742069
Surrogate_Ridge,89,chip_simple_dxm3p636_dym9p091__Lj12p0nH_Cj2p0fF__roL8p5mm__tee_fl160um_fc12_cg1p2um__rpg1p4um,4.6860923718,6.15572974559,5.265247003330231,246.28336462848563,5.931427421476935,9,fig5_cg2p5um_rpg2p5um__Lj12p0nH_Cj0p0fF__roL8p5mm__tee_fl160um_fc12,4.86782605146,6.40620544852,4.850844314466476,237.9905673388129,6.17514285459043,0.026817891263050182,0.18173367965999976,0.2504757029299993,0.4144026888637544,8.292797289672734,0.2437154331134943
Surrogate_Ridge,89,chip_simple_dxm3p636_dym9p091__Lj12p0nH_Cj2p0fF__roL8p5mm__tee_fl160um_fc12_cg1p2um__rpg1p4um,4.6860923718,6.15572974559,5.265247003330231,246.28336462848563,5.931427421476935,10,fig5_cg2p5um_rpg3p5um__Lj12p0nH_Cj0p0fF__roL8p5mm__tee_fl160um_fc12,4.90933450729,6.40357690957,3.7329917837715145,201.2880257934344,6.003674917928219,0.027085714090685636,0.2232421354899996,0.2478471639799995,1.5322552195587162,44.99533883505123,0.07224749645128359
Surrogate_Ridge,90,chip_simple_dxm3p636_dym7p273__Lj12p0nH_Cj2p0fF__roL8p5mm__tee_fl160um_fc12_cg1p2um__rpg1p4um,4.70656141043,6.12250313634,6.093136621461868,255.126111021594,5.854507694338232,1,fig5_cg3p0um_rpg2p0um__Lj12p0nH_Cj0p0fF__roL8p5mm__tee_fl160um_fc12,4.85591843529,6.44095110726,4.270610977590561,230.04663618304903,6.1997071597004,0.0014128902452389992,0.14935702485999958,0.3184479709200003,1.822525643871307,25.079474838544968,0.3451994653621675
Surrogate_Ridge,90,chip_simple_dxm3p636_dym7p273__Lj12p0nH_Cj2p0fF__roL8p5mm__tee_fl160um_fc12_cg1p2um__rpg1p4um,4.70656141043,6.12250313634,6.093136621461868,255.126111021594,5.854507694338232,2,fig5_cg3p0um_rpg1p5um__Lj12p0nH_Cj0p0fF__roL8p5mm__tee_fl160um_fc12,4.80934135586,6.34266483957,4.7338018228397365,237.2002446708589,6.176728175579623,0.004052646442512889,0.10277994543000002,0.2201617032300005,1.3593347986221316,17.925866350735106,0.32222048124139047
Surrogate_Ridge,90,chip_simple_dxm3p636_dym7p273__Lj12p0nH_Cj2p0fF__roL8p5mm__tee_fl160um_fc12_cg1p2um__rpg1p4um,4.70656141043,6.12250313634,6.093136621461868,255.126111021594,5.854507694338232,3,fig5_cg3p5um_rpg1p5um__Lj12p0nH_Cj0p0fF__roL8p5mm__tee_fl160um_fc12,4.70486631048,6.33112792154,5.111963850152969,266.195772124899,6.191175501007713,0.004903234042805731,0.0016950999500000563,0.2086247852000005,0.9811727713088993,11.069661103305009,0.3366678066694808
Surrogate_Ridge,90,chip_simple_dxm3p636_dym7p273__Lj12p0nH_Cj2p0fF__roL8p5mm__tee_fl160um_fc12_cg1p2um__rpg1p4um,4.70656141043,6.12250313634,6.093136621461868,255.126111021594,5.854507694338232,4,fig5_cg3p0um_rpg2p5um__Lj12p0nH_Cj0p0fF__roL8p5mm__tee_fl160um_fc12,4.89777742204,6.34923094667,4.391671866830825,213.14051325530752,6.096625432754106,0.008179864279199709,0.1912160116099999,0.2267278103299999,1.7014647546310426,41.985597766286475,0.2421177384158737
Surrogate_Ridge,90,chip_simple_dxm3p636_dym7p273__Lj12p0nH_Cj2p0fF__roL8p5mm__tee_fl160um_fc12_cg1p2um__rpg1p4um,4.70656141043,6.12250313634,6.093136621461868,255.126111021594,5.854507694338232,5,fig5_cg3p5um_rpg2p0um__Lj12p0nH_Cj0p0fF__roL8p5mm__tee_fl160um_fc12,4.78544785971,6.42909571039,4.586441499513626,250.3896145461569,6.177842469599042,0.009016512786545567,0.07888644927999966,0.3065925740500006,1.5066951219482423,4.736496475437093,0.3233347752608102
Surrogate_Ridge,90,chip_simple_dxm3p636_dym7p273__Lj12p0nH_Cj2p0fF__roL8p5mm__tee_fl160um_fc12_cg1p2um__rpg1p4um,4.70656141043,6.12250313634,6.093136621461868,255.126111021594,5.854507694338232,6,fig5_cg2p5um_rpg2p0um__Lj12p0nH_Cj0p0fF__roL8p5mm__tee_fl160um_fc12,4.82985966256,6.3640851834,4.45615377314949,229.1245415394613,6.124821045393385,0.009197771995191978,0.12329825212999967,0.24158204706000053,1.6369828483123783,26.00156948213271,0.27031335105515275
Surrogate_Ridge,90,chip_simple_dxm3p636_dym7p273__Lj12p0nH_Cj2p0fF__roL8p5mm__tee_fl160um_fc12_cg1p2um__rpg1p4um,4.70656141043,6.12250313634,6.093136621461868,255.126111021594,5.854507694338232,7,fig5_cg2p5um_rpg2p5um__Lj12p0nH_Cj0p0fF__roL8p5mm__tee_fl160um_fc12,4.86782605146,6.40620544852,4.850844314466476,237.9905673388129,6.17514285459043,0.009211711088138968,0.16126464102999982,0.28370231217999997,1.2422923069953917,17.135543682781105,0.3206351602521975
Surrogate_Ridge,90,chip_simple_dxm3p636_dym7p273__Lj12p0nH_Cj2p0fF__roL8p5mm__tee_fl160um_fc12_cg1p2um__rpg1p4um,4.70656141043,6.12250313634,6.093136621461868,255.126111021594,5.854507694338232,8,fig5_cg3p5um_rpg1p0um__Lj12p0nH_Cj0p0fF__roL8p5mm__tee_fl160um_fc12,4.65151549232,6.42206990109,5.782993409578324,310.4906595751157,6.336782825594393,0.010196685530300481,0.05504591811000026,0.29956676475000066,0.31014321188354366,55.36454855352173,0.48227513125616106
Surrogate_Ridge,90,chip_simple_dxm3p636_dym7p273__Lj12p0nH_Cj2p0fF__roL8p5mm__tee_fl160um_fc12_cg1p2um__rpg1p4um,4.70656141043,6.12250313634,6.093136621461868,255.126111021594,5.854507694338232,9,fig5_cg3p0um_rpg1p0um__Lj12p0nH_Cj0p0fF__roL8p5mm__tee_fl160um_fc12,4.5918495592,6.3683346429,6.310808488025665,329.7787087605889,6.339102179225892,0.01609913287102136,0.11471185123000005,0.24583150656000008,0.2176718665637969,74.65259773899493,0.4845944848876602
Surrogate_Ridge,90,chip_simple_dxm3p636_dym7p273__Lj12p0nH_Cj2p0fF__roL8p5mm__tee_fl160um_fc12_cg1p2um__rpg1p4um,4.70656141043,6.12250313634,6.093136621461868,255.126111021594,5.854507694338232,10,fig5_cg2p5um_rpg3p0um__Lj12p0nH_Cj0p0fF__roL8p5mm__tee_fl160um_fc12,4.8216114018,6.30639910885,4.078658870691299,212.78053759295764,5.96985922957307,0.018632380412320557,0.11504999137000027,0.18389597251000023,2.0144777507705687,42.34557342863636,0.11535153523483821
Surrogate_Ridge,91,chip_simple_dxm3p636_dy1p818__Lj12p0nH_Cj2p0fF__roL8p5mm__tee_fl160um_fc12_cg1p2um__rpg1p4um,4.65948056766,6.03083989622,6.176426648702622,251.6809113919346,5.759649809678368,1,fig5_cg3p0um_rpg2p0um__Lj12p0nH_Cj0p0fF__roL8p5mm__tee_fl160um_fc12,4.85591843529,6.44095110726,4.270610977590561,230.04663618304903,6.1997071597004,0.0029105375242764707,0.19643786762999937,0.41011121104000026,1.9058156711120606,21.634275208885555,0.4400573500220313
Surrogate_Ridge,91,chip_simple_dxm3p636_dy1p818__Lj12p0nH_Cj2p0fF__roL8p5mm__tee_fl160um_fc12_cg1p2um__rpg1p4um,4.65948056766,6.03083989622,6.176426648702622,251.6809113919346,5.759649809678368,2,fig5_cg3p0um_rpg1p5um__Lj12p0nH_Cj0p0fF__roL8p5mm__tee_fl160um_fc12,4.80934135586,6.34266483957,4.7338018228397365,237.2002446708589,6.176728175579623,0.0052080301163831295,0.14986078819999982,0.31182494335000044,1.442624825862885,14.480666721075693,0.41707836590125424
Surrogate_Ridge,91,chip_simple_dxm3p636_dy1p818__Lj12p0nH_Cj2p0fF__roL8p5mm__tee_fl160um_fc12_cg1p2um__rpg1p4um,4.65948056766,6.03083989622,6.176426648702622,251.6809113919346,5.759649809678368,3,fig5_cg2p5um_rpg2p0um__Lj12p0nH_Cj0p0fF__roL8p5mm__tee_fl160um_fc12,4.82985966256,6.3640851834,4.45615377314949,229.1245415394613,6.124821045393385,0.007838908318874214,0.17037909489999947,0.33324528718000046,1.7202728755531318,22.556369852473296,0.36517123571501653
Surrogate_Ridge,91,chip_simple_dxm3p636_dy1p818__Lj12p0nH_Cj2p0fF__roL8p5mm__tee_fl160um_fc12_cg1p2um__rpg1p4um,4.65948056766,6.03083989622,6.176426648702622,251.6809113919346,5.759649809678368,4,fig5_cg2p5um_rpg2p5um__Lj12p0nH_Cj0p0fF__roL8p5mm__tee_fl160um_fc12,4.86782605146,6.40620544852,4.850844314466476,237.9905673388129,6.17514285459043,0.008442788828037314,0.20834548379999962,0.3753655522999999,1.3255823342361452,13.690344053121692,0.4154930449120613
Surrogate_Ridge,91,chip_simple_dxm3p636_dy1p818__Lj12p0nH_Cj2p0fF__roL8p5mm__tee_fl160um_fc12_cg1p2um__rpg1p4um,4.65948056766,6.03083989622,6.176426648702622,251.6809113919346,5.759649809678368,5,fig5_cg3p5um_rpg1p5um__Lj12p0nH_Cj0p0fF__roL8p5mm__tee_fl160um_fc12,4.70486631048,6.33112792154,5.111963850152969,266.195772124899,6.191175501007713,0.008877535554977107,0.04538574281999974,0.30028802532000043,1.0644627985496529,14.514860732964422,0.4315256913293446
Surrogate_Ridge,91,chip_simple_dxm3p636_dy1p818__Lj12p0nH_Cj2p0fF__roL8p5mm__tee_fl160um_fc12_cg1p2um__rpg1p4um,4.65948056766,6.03083989622,6.176426648702622,251.6809113919346,5.759649809678368,6,fig5_cg3p0um_rpg2p5um__Lj12p0nH_Cj0p0fF__roL8p5mm__tee_fl160um_fc12,4.89777742204,6.34923094667,4.391671866830825,213.14051325530752,6.096625432754106,0.009982840260988671,0.2382968543799997,0.3183910504499998,1.7847547818717961,38.54039813662706,0.3369756230757375
Surrogate_Ridge,91,chip_simple_dxm3p636_dy1p818__Lj12p0nH_Cj2p0fF__roL8p5mm__tee_fl160um_fc12_cg1p2um__rpg1p4um,4.65948056766,6.03083989622,6.176426648702622,251.6809113919346,5.759649809678368,7,fig5_cg3p5um_rpg2p0um__Lj12p0nH_Cj0p0fF__roL8p5mm__tee_fl160um_fc12,4.78544785971,6.42909571039,4.586441499513626,250.3896145461569,6.177842469599042,0.013048465190419554,0.12596729204999946,0.39825581417000055,1.5899851491889958,1.29129684577768,0.418192659920674
Surrogate_Ridge,91,chip_simple_dxm3p636_dy1p818__Lj12p0nH_Cj2p0fF__roL8p5mm__tee_fl160um_fc12_cg1p2um__rpg1p4um,4.65948056766,6.03083989622,6.176426648702622,251.6809113919346,5.759649809678368,8,fig5_cg3p5um_rpg1p0um__Lj12p0nH_Cj0p0fF__roL8p5mm__tee_fl160um_fc12,4.65151549232,6.42206990109,5.782993409578324,310.4906595751157,6.336782825594393,0.014076401248353507,0.00796507534000046,0.3912300048700006,0.3934332391242972,58.80974818318114,0.5771330159160248
Surrogate_Ridge,91,chip_simple_dxm3p636_dy1p818__Lj12p0nH_Cj2p0fF__roL8p5mm__tee_fl160um_fc12_cg1p2um__rpg1p4um,4.65948056766,6.03083989622,6.176426648702622,251.6809113919346,5.759649809678368,9,fig5_cg3p0um_rpg1p0um__Lj12p0nH_Cj0p0fF__roL8p5mm__tee_fl160um_fc12,4.5918495592,6.3683346429,6.310808488025665,329.7787087605889,6.339102179225892,0.016875318037308646,0.06763100846000025,0.33749474668,0.13438183932304337,78.09779736865434,0.579452369547524
Surrogate_Ridge,91,chip_simple_dxm3p636_dy1p818__Lj12p0nH_Cj2p0fF__roL8p5mm__tee_fl160um_fc12_cg1p2um__rpg1p4um,4.65948056766,6.03083989622,6.176426648702622,251.6809113919346,5.759649809678368,10,fig5_cg2p5um_rpg3p0um__Lj12p0nH_Cj0p0fF__roL8p5mm__tee_fl160um_fc12,4.8216114018,6.30639910885,4.078658870691299,212.78053759295764,5.96985922957307,0.01841646466601928,0.16213083414000007,0.27555921263000016,2.097767778011322,38.90037379897694,0.210209419894702
Surrogate_Ridge,92,chip_simple_dxm3p636_dy10p000__Lj12p0nH_Cj2p0fF__roL8p5mm__tee_fl160um_fc12_cg1p2um__rpg1p4um,4.73815107358,6.05231853835,6.033662920442581,235.33044959964005,5.811514966384675,1,fig5_cg3p0um_rpg2p0um__Lj12p0nH_Cj0p0fF__roL8p5mm__tee_fl160um_fc12,4.85591843529,6.44095110726,4.270610977590561,230.04663618304903,6.1997071597004,0.002802361862198799,0.11776736170999946,0.3886325689100003,1.7630519428520204,5.283813416591016,0.3881921933157244
Surrogate_Ridge,92,chip_simple_dxm3p636_dy10p000__Lj12p0nH_Cj2p0fF__roL8p5mm__tee_fl160um_fc12_cg1p2um__rpg1p4um,4.73815107358,6.05231853835,6.033662920442581,235.33044959964005,5.811514966384675,2,fig5_cg2p5um_rpg2p5um__Lj12p0nH_Cj0p0fF__roL8p5mm__tee_fl160um_fc12,4.86782605146,6.40620544852,4.850844314466476,237.9905673388129,6.17514285459043,0.0033872433633791955,0.1296749778799997,0.35388691016999996,1.182818605976105,2.660117739172847,0.3636278882057544
Surrogate_Ridge,92,chip_simple_dxm3p636_dy10p000__Lj12p0nH_Cj2p0fF__roL8p5mm__tee_fl160um_fc12_cg1p2um__rpg1p4um,4.73815107358,6.05231853835,6.033662920442581,235.33044959964005,5.811514966384675,3,fig5_cg3p0um_rpg2p5um__Lj12p0nH_Cj0p0fF__roL8p5mm__tee_fl160um_fc12,4.89777742204,6.34923094667,4.391671866830825,213.14051325530752,6.096625432754106,0.0038543654490873643,0.1596263484599998,0.2969124083199999,1.641991053611756,22.189936344332523,0.2851104663694306
Surrogate_Ridge,92,chip_simple_dxm3p636_dy10p000__Lj12p0nH_Cj2p0fF__roL8p5mm__tee_fl160um_fc12_cg1p2um__rpg1p4um,4.73815107358,6.05231853835,6.033662920442581,235.33044959964005,5.811514966384675,4,fig5_cg2p5um_rpg3p0um__Lj12p0nH_Cj0p0fF__roL8p5mm__tee_fl160um_fc12,4.8216114018,6.30639910885,4.078658870691299,212.78053759295764,5.96985922957307,0.008007878657343006,0.08346032822000016,0.2540805705000002,1.955004049751282,22.549912006682405,0.15834426318839512
Surrogate_Ridge,92,chip_simple_dxm3p636_dy10p000__Lj12p0nH_Cj2p0fF__roL8p5mm__tee_fl160um_fc12_cg1p2um__rpg1p4um,4.73815107358,6.05231853835,6.033662920442581,235.33044959964005,5.811514966384675,5,fig5_cg2p5um_rpg2p0um__Lj12p0nH_Cj0p0fF__roL8p5mm__tee_fl160um_fc12,4.82985966256,6.3640851834,4.45615377314949,229.1245415394613,6.124821045393385,0.008939394692245257,0.09170858897999956,0.3117666450500005,1.5775091472930916,6.205908060178757,0.31330607900870966
Surrogate_Ridge,92,chip_simple_dxm3p636_dy10p000__Lj12p0nH_Cj2p0fF__roL8p5mm__tee_fl160um_fc12_cg1p2um__rpg1p4um,4.73815107358,6.05231853835,6.033662920442581,235.33044959964005,5.811514966384675,6,fig5_cg3p0um_rpg1p5um__Lj12p0nH_Cj0p0fF__roL8p5mm__tee_fl160um_fc12,4.80934135586,6.34266483957,4.7338018228397365,237.2002446708589,6.176728175579623,0.011923144898140104,0.0711902822799999,0.2903463012200005,1.2998610976028449,1.8697950712188458,0.3652132091949474
Surrogate_Ridge,92,chip_simple_dxm3p636_dy10p000__Lj12p0nH_Cj2p0fF__roL8p5mm__tee_fl160um_fc12_cg1p2um__rpg1p4um,4.73815107358,6.05231853835,6.033662920442581,235.33044959964005,5.811514966384675,7,fig5_cg3p5um_rpg2p0um__Lj12p0nH_Cj0p0fF__roL8p5mm__tee_fl160um_fc12,4.78544785971,6.42909571039,4.586441499513626,250.3896145461569,6.177842469599042,0.012496349217105546,0.047296786129999546,0.3767771720400006,1.4472214209289556,15.059164946516859,0.36632750321436713
Surrogate_Ridge,92,chip_simple_dxm3p636_dy10p000__Lj12p0nH_Cj2p0fF__roL8p5mm__tee_fl160um_fc12_cg1p2um__rpg1p4um,4.73815107358,6.05231853835,6.033662920442581,235.33044959964005,5.811514966384675,8,fig5_cg3p5um_rpg1p5um__Lj12p0nH_Cj0p0fF__roL8p5mm__tee_fl160um_fc12,4.70486631048,6.33112792154,5.111963850152969,266.195772124899,6.191175501007713,0.015012977337292208,0.03328476310000017,0.2788093831900005,0.9216990702896126,30.86532252525896,0.3796605346230377
Surrogate_Ridge,92,chip_simple_dxm3p636_dy10p000__Lj12p0nH_Cj2p0fF__roL8p5mm__tee_fl160um_fc12_cg1p2um__rpg1p4um,4.73815107358,6.05231853835,6.033662920442581,235.33044959964005,5.811514966384675,9,fig5_cg3p0um_rpg3p0um__Lj12p0nH_Cj0p0fF__roL8p5mm__tee_fl160um_fc12,4.91022642408,6.30951729449,3.4180947746620176,181.0996536786009,5.916928558404827,0.015079155658805805,0.1720753505000001,0.2571987561400002,2.6155681457805637,54.230795921039146,0.10541359202015155
Surrogate_Ridge,92,chip_simple_dxm3p636_dy10p000__Lj12p0nH_Cj2p0fF__roL8p5mm__tee_fl160um_fc12_cg1p2um__rpg1p4um,4.73815107358,6.05231853835,6.033662920442581,235.33044959964005,5.811514966384675,10,fig5_cg2p0um_rpg3p0um__Lj12p0nH_Cj0p0fF__roL8p5mm__tee_fl160um_fc12,4.90691227134,6.26460466713,4.076762608140945,192.584502898011,5.878506475506168,0.016767621840833427,0.16876119776000031,0.21228612878000064,1.9569003123016362,42.74594670162904,0.06699150912149232
Surrogate_Ridge,93,chip_simple_dxm2p727_dym8p182__Lj12p0nH_Cj2p0fF__roL8p5mm__tee_fl160um_fc12_cg1p2um__rpg1p4um,4.75792911556,6.08928538059,5.430974245897293,224.8860487804459,5.836762695096986,1,fig5_cg3p0um_rpg2p5um__Lj12p0nH_Cj0p0fF__roL8p5mm__tee_fl160um_fc12,4.89777742204,6.34923094667,4.391671866830825,213.14051325530752,6.096625432754106,0.0022581429746648695,0.13984830648000024,0.25994556607999986,1.0393023790664673,11.745535525138365,0.2598627376571194
Surrogate_Ridge,93,chip_simple_dxm2p727_dym8p182__Lj12p0nH_Cj2p0fF__roL8p5mm__tee_fl160um_fc12_cg1p2um__rpg1p4um,4.75792911556,6.08928538059,5.430974245897293,224.8860487804459,5.836762695096986,2,fig5_cg3p0um_rpg3p0um__Lj12p0nH_Cj0p0fF__roL8p5mm__tee_fl160um_fc12,4.91022642408,6.30951729449,3.4180947746620176,181.0996536786009,5.916928558404827,0.0030860341256267435,0.15229730852000056,0.2202319139000002,2.012879471235275,43.78639510184499,0.08016586330784037
Surrogate_Ridge,93,chip_simple_dxm2p727_dym8p182__Lj12p0nH_Cj2p0fF__roL8p5mm__tee_fl160um_fc12_cg1p2um__rpg1p4um,4.75792911556,6.08928538059,5.430974245897293,224.8860487804459,5.836762695096986,3,fig5_cg2p5um_rpg3p0um__Lj12p0nH_Cj0p0fF__roL8p5mm__tee_fl160um_fc12,4.8216114018,6.30639910885,4.078658870691299,212.78053759295764,5.96985922957307,0.007437425661027498,0.06368228624000061,0.2171137282600002,1.3523153752059933,12.105511187488247,0.13309653447608394
Surrogate_Ridge,93,chip_simple_dxm2p727_dym8p182__Lj12p0nH_Cj2p0fF__roL8p5mm__tee_fl160um_fc12_cg1p2um__rpg1p4um,4.75792911556,6.08928538059,5.430974245897293,224.8860487804459,5.836762695096986,4,fig5_cg3p5um_rpg2p5um__Lj12p0nH_Cj0p0fF__roL8p5mm__tee_fl160um_fc12,4.85348773769,6.38790903463,4.356288998512268,225.5893196577544,6.102737650921461,0.008654498257618142,0.09555862213000044,0.29862365404,1.074685247385025,0.7032708773085119,0.2659749558244746
Surrogate_Ridge,93,chip_simple_dxm2p727_dym8p182__Lj12p0nH_Cj2p0fF__roL8p5mm__tee_fl160um_fc12_cg1p2um__rpg1p4um,4.75792911556,6.08928538059,5.430974245897293,224.8860487804459,5.836762695096986,5,fig5_cg3p5um_rpg2p0um__Lj12p0nH_Cj0p0fF__roL8p5mm__tee_fl160um_fc12,4.78544785971,6.42909571039,4.586441499513626,250.3896145461569,6.177842469599042,0.011247777035586895,0.027518744149999996,0.3398103298000006,0.8445327463836669,25.503565765711016,0.34107977450205595
Surrogate_Ridge,93,chip_simple_dxm2p727_dym8p182__Lj12p0nH_Cj2p0fF__roL8p5mm__tee_fl160um_fc12_cg1p2um__rpg1p4um,4.75792911556,6.08928538059,5.430974245897293,224.8860487804459,5.836762695096986,6,fig5_cg2p5um_rpg3p5um__Lj12p0nH_Cj0p0fF__roL8p5mm__tee_fl160um_fc12,4.90933450729,6.40357690957,3.7329917837715145,201.2880257934344,6.003674917928219,0.01168648674091999,0.15140539173,0.3142915289800001,1.6979824621257782,23.59802298701149,0.16691222283123253
Surrogate_Ridge,93,chip_simple_dxm2p727_dym8p182__Lj12p0nH_Cj2p0fF__roL8p5mm__tee_fl160um_fc12_cg1p2um__rpg1p4um,4.75792911556,6.08928538059,5.430974245897293,224.8860487804459,5.836762695096986,7,fig5_cg3p0um_rpg2p0um__Lj12p0nH_Cj0p0fF__roL8p5mm__tee_fl160um_fc12,4.85591843529,6.44095110726,4.270610977590561,230.04663618304903,6.1997071597004,0.013319664214732447,0.09798931972999991,0.3516657266700003,1.1603632683067318,5.1605874026031415,0.36294446460341323
Surrogate_Ridge,93,chip_simple_dxm2p727_dym8p182__Lj12p0nH_Cj2p0fF__roL8p5mm__tee_fl160um_fc12_cg1p2um__rpg1p4um,4.75792911556,6.08928538059,5.430974245897293,224.8860487804459,5.836762695096986,8,fig5_cg2p5um_rpg2p5um__Lj12p0nH_Cj0p0fF__roL8p5mm__tee_fl160um_fc12,4.86782605146,6.40620544852,4.850844314466476,237.9905673388129,6.17514285459043,0.015077776972164444,0.10989693590000016,0.31692006792999994,0.5801299314308164,13.104518558367005,0.33838015949344324
Surrogate_Ridge,93,chip_simple_dxm2p727_dym8p182__Lj12p0nH_Cj2p0fF__roL8p5mm__tee_fl160um_fc12_cg1p2um__rpg1p4um,4.75792911556,6.08928538059,5.430974245897293,224.8860487804459,5.836762695096986,9,fig5_cg3p5um_rpg1p5um__Lj12p0nH_Cj0p0fF__roL8p5mm__tee_fl160um_fc12,4.70486631048,6.33112792154,5.111963850152969,266.195772124899,6.191175501007713,0.025730468204585077,0.05306280507999972,0.24184254095000046,0.319010395744324,41.30972334445312,0.35441280591072655
Surrogate_Ridge,93,chip_simple_dxm2p727_dym8p182__Lj12p0nH_Cj2p0fF__roL8p5mm__tee_fl160um_fc12_cg1p2um__rpg1p4um,4.75792911556,6.08928538059,5.430974245897293,224.8860487804459,5.836762695096986,10,fig5_cg2p0um_rpg3p5um__Lj12p0nH_Cj0p0fF__roL8p5mm__tee_fl160um_fc12,4.92988654864,6.34828832398,4.071626393825531,199.5447640637109,5.952483565984568,0.026785625094674775,0.17195743308000022,0.2590029433900005,1.3593478520717621,25.341284716735004,0.1157208708875812
Surrogate_Ridge,94,chip_simple_dxm2p727_dym5p455__Lj12p0nH_Cj2p0fF__roL8p5mm__tee_fl160um_fc12_cg1p2um__rpg1p4um,4.76150653148,6.0438906881,5.615447397510528,220.81109276355625,5.795859860949257,1,fig5_cg3p0um_rpg2p5um__Lj12p0nH_Cj0p0fF__roL8p5mm__tee_fl160um_fc12,4.89777742204,6.34923094667,4.391671866830825,213.14051325530752,6.096625432754106,0.0028195193468898505,0.13627089055999964,0.30534025856999936,1.2237755306797027,7.670579508248721,0.300765571804849
Surrogate_Ridge,94,chip_simple_dxm2p727_dym5p455__Lj12p0nH_Cj2p0fF__roL8p5mm__tee_fl160um_fc12_cg1p2um__rpg1p4um,4.76150653148,6.0438906881,5.615447397510528,220.81109276355625,5.795859860949257,2,fig5_cg2p5um_rpg3p0um__Lj12p0nH_Cj0p0fF__roL8p5mm__tee_fl160um_fc12,4.8216114018,6.30639910885,4.078658870691299,212.78053759295764,5.96985922957307,0.004002115244850958,0.06010487032,0.2625084207499997,1.5367885268192287,8.030555170598603,0.1739993686238135
Surrogate_Ridge,94,chip_simple_dxm2p727_dym5p455__Lj12p0nH_Cj2p0fF__roL8p5mm__tee_fl160um_fc12_cg1p2um__rpg1p4um,4.76150653148,6.0438906881,5.615447397510528,220.81109276355625,5.795859860949257,3,fig5_cg3p0um_rpg3p0um__Lj12p0nH_Cj0p0fF__roL8p5mm__tee_fl160um_fc12,4.91022642408,6.30951729449,3.4180947746620176,181.0996536786009,5.916928558404827,0.004950176828747656,0.14871989259999996,0.2656266063899997,2.1973526228485105,39.711439084955344,0.12106869745556992
Surrogate_Ridge,94,chip_simple_dxm2p727_dym5p455__Lj12p0nH_Cj2p0fF__roL8p5mm__tee_fl160um_fc12_cg1p2um__rpg1p4um,4.76150653148,6.0438906881,5.615447397510528,220.81109276355625,5.795859860949257,4,fig5_cg2p5um_rpg2p5um__Lj12p0nH_Cj0p0fF__roL8p5mm__tee_fl160um_fc12,4.86782605146,6.40620544852,4.850844314466476,237.9905673388129,6.17514285459043,0.009547399247287989,0.10631951997999955,0.36231476041999944,0.7646030830440518,17.17947457525665,0.3792829936411728
Surrogate_Ridge,94,chip_simple_dxm2p727_dym5p455__Lj12p0nH_Cj2p0fF__roL8p5mm__tee_fl160um_fc12_cg1p2um__rpg1p4um,4.76150653148,6.0438906881,5.615447397510528,220.81109276355625,5.795859860949257,5,fig5_cg2p5um_rpg3p5um__Lj12p0nH_Cj0p0fF__roL8p5mm__tee_fl160um_fc12,4.90933450729,6.40357690957,3.7329917837715145,201.2880257934344,6.003674917928219,0.010085179880373524,0.1478279758099994,0.3596862214699996,1.8824556137390136,19.523066970121846,0.20781505697896208
Surrogate_Ridge,94,chip_simple_dxm2p727_dym5p455__Lj12p0nH_Cj2p0fF__roL8p5mm__tee_fl160um_fc12_cg1p2um__rpg1p4um,4.76150653148,6.0438906881,5.615447397510528,220.81109276355625,5.795859860949257,6,fig5_cg3p0um_rpg2p0um__Lj12p0nH_Cj0p0fF__roL8p5mm__tee_fl160um_fc12,4.85591843529,6.44095110726,4.270610977590561,230.04663618304903,6.1997071597004,0.012317210502991649,0.09441190380999931,0.3970604191599998,1.3448364199199672,9.235543419492785,0.4038472987511428
Surrogate_Ridge,94,chip_simple_dxm2p727_dym5p455__Lj12p0nH_Cj2p0fF__roL8p5mm__tee_fl160um_fc12_cg1p2um__rpg1p4um,4.76150653148,6.0438906881,5.615447397510528,220.81109276355625,5.795859860949257,7,fig5_cg3p5um_rpg2p5um__Lj12p0nH_Cj0p0fF__roL8p5mm__tee_fl160um_fc12,4.85348773769,6.38790903463,4.356288998512268,225.5893196577544,6.102737650921461,0.014239245225804687,0.09198120620999983,0.3440183465299995,1.2591583989982604,4.778226894198156,0.30687778997220416
Surrogate_Ridge,94,chip_simple_dxm2p727_dym5p455__Lj12p0nH_Cj2p0fF__roL8p5mm__tee_fl160um_fc12_cg1p2um__rpg1p4um,4.76150653148,6.0438906881,5.615447397510528,220.81109276355625,5.795859860949257,8,fig5_cg3p5um_rpg2p0um__Lj12p0nH_Cj0p0fF__roL8p5mm__tee_fl160um_fc12,4.78544785971,6.42909571039,4.586441499513626,250.3896145461569,6.177842469599042,0.01606099489761165,0.023941328229999392,0.3852050222900001,1.0290058979969023,29.57852178260066,0.3819826086497855
Surrogate_Ridge,94,chip_simple_dxm2p727_dym5p455__Lj12p0nH_Cj2p0fF__roL8p5mm__tee_fl160um_fc12_cg1p2um__rpg1p4um,4.76150653148,6.0438906881,5.615447397510528,220.81109276355625,5.795859860949257,9,fig5_cg2p0um_rpg3p5um__Lj12p0nH_Cj0p0fF__roL8p5mm__tee_fl160um_fc12,4.92988654864,6.34828832398,4.071626393825531,199.5447640637109,5.952483565984568,0.019608782591494976,0.16838001715999962,0.30439763588,1.5438210036849975,21.26632869984536,0.15662370503531076
Surrogate_Ridge,94,chip_simple_dxm2p727_dym5p455__Lj12p0nH_Cj2p0fF__roL8p5mm__tee_fl160um_fc12_cg1p2um__rpg1p4um,4.76150653148,6.0438906881,5.615447397510528,220.81109276355625,5.795859860949257,10,fig5_cg2p0um_rpg3p0um__Lj12p0nH_Cj0p0fF__roL8p5mm__tee_fl160um_fc12,4.90691227134,6.26460466713,4.076762608140945,192.584502898011,5.878506475506168,0.02120165944026725,0.14540573986000016,0.22071397903000012,1.538684789369583,28.226589865545236,0.08264661455691069
Surrogate_Ridge,95,chip_simple_dxm2p727_dy5p455__Lj12p0nH_Cj2p0fF__roL8p5mm__tee_fl160um_fc12_cg1p2um__rpg1p4um,4.69743144278,5.95177627861,6.58547302658081,237.55915169859625,5.688443329457153,1,fig5_cg2p5um_rpg2p0um__Lj12p0nH_Cj0p0fF__roL8p5mm__tee_fl160um_fc12,4.82985966256,6.3640851834,4.45615377314949,229.1245415394613,6.124821045393385,0.00272616981349808,0.13242821977999952,0.4123089047900006,2.12931925343132,8.434610159134962,0.4363777159362323
Surrogate_Ridge,95,chip_simple_dxm2p727_dy5p455__Lj12p0nH_Cj2p0fF__roL8p5mm__tee_fl160um_fc12_cg1p2um__rpg1p4um,4.69743144278,5.95177627861,6.58547302658081,237.55915169859625,5.688443329457153,2,fig5_cg2p5um_rpg2p5um__Lj12p0nH_Cj0p0fF__roL8p5mm__tee_fl160um_fc12,4.86782605146,6.40620544852,4.850844314466476,237.9905673388129,6.17514285459043,0.004668597902920034,0.17039460867999967,0.45442916991000004,1.7346287121143336,0.4314156402166418,0.4866995251332771
Surrogate_Ridge,95,chip_simple_dxm2p727_dy5p455__Lj12p0nH_Cj2p0fF__roL8p5mm__tee_fl160um_fc12_cg1p2um__rpg1p4um,4.69743144278,5.95177627861,6.58547302658081,237.55915169859625,5.688443329457153,3,fig5_cg3p0um_rpg2p0um__Lj12p0nH_Cj0p0fF__roL8p5mm__tee_fl160um_fc12,4.85591843529,6.44095110726,4.270610977590561,230.04663618304903,6.1997071597004,0.0076178519143153284,0.15848699250999942,0.4891748286500004,2.314862048990249,7.512515515547221,0.5112638302432471
Surrogate_Ridge,95,chip_simple_dxm2p727_dy5p455__Lj12p0nH_Cj2p0fF__roL8p5mm__tee_fl160um_fc12_cg1p2um__rpg1p4um,4.69743144278,5.95177627861,6.58547302658081,237.55915169859625,5.688443329457153,4,fig5_cg2p0um_rpg2p5um__Lj12p0nH_Cj0p0fF__roL8p5mm__tee_fl160um_fc12,4.88081947033,6.29200362079,4.710222612869263,215.78136757047287,6.007573423867593,0.008135157153577034,0.1833880275499995,0.3402273421800004,1.875250413711547,21.777784128123386,0.3191300944104407
Surrogate_Ridge,95,chip_simple_dxm2p727_dy5p455__Lj12p0nH_Cj2p0fF__roL8p5mm__tee_fl160um_fc12_cg1p2um__rpg1p4um,4.69743144278,5.95177627861,6.58547302658081,237.55915169859625,5.688443329457153,5,fig5_cg3p0um_rpg1p5um__Lj12p0nH_Cj0p0fF__roL8p5mm__tee_fl160um_fc12,4.80934135586,6.34266483957,4.7338018228397365,237.2002446708589,6.176728175579623,0.009657135318211205,0.11190991307999987,0.3908885609600006,1.8516712037410734,0.3589070277373594,0.48828484612247003
Surrogate_Ridge,95,chip_simple_dxm2p727_dy5p455__Lj12p0nH_Cj2p0fF__roL8p5mm__tee_fl160um_fc12_cg1p2um__rpg1p4um,4.69743144278,5.95177627861,6.58547302658081,237.55915169859625,5.688443329457153,6,fig5_cg2p0um_rpg3p0um__Lj12p0nH_Cj0p0fF__roL8p5mm__tee_fl160um_fc12,4.90691227134,6.26460466713,4.076762608140945,192.584502898011,5.878506475506168,0.014059296736316828,0.20948082856000028,0.3128283885200007,2.5087104184398648,44.97464880058524,0.19006314604901497
Surrogate_Ridge,95,chip_simple_dxm2p727_dy5p455__Lj12p0nH_Cj2p0fF__roL8p5mm__tee_fl160um_fc12_cg1p2um__rpg1p4um,4.69743144278,5.95177627861,6.58547302658081,237.55915169859625,5.688443329457153,7,fig5_cg3p0um_rpg2p5um__Lj12p0nH_Cj0p0fF__roL8p5mm__tee_fl160um_fc12,4.89777742204,6.34923094667,4.391671866830825,213.14051325530752,6.096625432754106,0.014783951421725604,0.20034597925999975,0.39745466805999996,2.1938011597499845,24.418638443288728,0.40818210329695326
Surrogate_Ridge,95,chip_simple_dxm2p727_dy5p455__Lj12p0nH_Cj2p0fF__roL8p5mm__tee_fl160um_fc12_cg1p2um__rpg1p4um,4.69743144278,5.95177627861,6.58547302658081,237.55915169859625,5.688443329457153,8,fig5_cg2p5um_rpg3p0um__Lj12p0nH_Cj0p0fF__roL8p5mm__tee_fl160um_fc12,4.8216114018,6.30639910885,4.078658870691299,212.78053759295764,5.96985922957307,0.015816408903648146,0.12417995902000012,0.3546228302400003,2.5068141558895105,24.77861410563861,0.28141590011591777
Surrogate_Ridge,95,chip_simple_dxm2p727_dy5p455__Lj12p0nH_Cj2p0fF__roL8p5mm__tee_fl160um_fc12_cg1p2um__rpg1p4um,4.69743144278,5.95177627861,6.58547302658081,237.55915169859625,5.688443329457153,9,fig5_cg3p0um_rpg1p0um__Lj12p0nH_Cj0p0fF__roL8p5mm__tee_fl160um_fc12,4.5918495592,6.3683346429,6.310808488025665,329.7787087605889,6.339102179225892,0.020901801633413236,0.1055818835800002,0.41655836429000015,0.27466453855514494,92.21955706199267,0.6506588497687398
Surrogate_Ridge,95,chip_simple_dxm2p727_dy5p455__Lj12p0nH_Cj2p0fF__roL8p5mm__tee_fl160um_fc12_cg1p2um__rpg1p4um,4.69743144278,5.95177627861,6.58547302658081,237.55915169859625,5.688443329457153,10,fig5_cg3p5um_rpg1p5um__Lj12p0nH_Cj0p0fF__roL8p5mm__tee_fl160um_fc12,4.70486631048,6.33112792154,5.111963850152969,266.195772124899,6.191175501007713,0.022907058770502673,0.007434867699999792,0.37935164293000057,1.4735091764278412,28.636620426302756,0.5027321715505604
Surrogate_Ridge,96,chip_simple_dxm2p727_dy6p364__Lj12p0nH_Cj2p0fF__roL8p5mm__tee_fl160um_fc12_cg1p2um__rpg1p4um,4.65832113829,5.97027326234,6.963625674341201,256.8590426189228,5.683821567758439,1,fig5_cg2p5um_rpg2p0um__Lj12p0nH_Cj0p0fF__roL8p5mm__tee_fl160um_fc12,4.82985966256,6.3640851834,4.45615377314949,229.1245415394613,6.124821045393385,0.004873761605418757,0.17153852426999983,0.3938119210600002,2.5074719011917113,27.734501079461495,0.4409994776349455
Surrogate_Ridge,96,chip_simple_dxm2p727_dy6p364__Lj12p0nH_Cj2p0fF__roL8p5mm__tee_fl160um_fc12_cg1p2um__rpg1p4um,4.65832113829,5.97027326234,6.963625674341201,256.8590426189228,5.683821567758439,2,fig5_cg3p0um_rpg1p5um__Lj12p0nH_Cj0p0fF__roL8p5mm__tee_fl160um_fc12,4.80934135586,6.34266483957,4.7338018228397365,237.2002446708589,6.176728175579623,0.00612535975196315,0.15102021757000017,0.37239157723000016,2.2298238515014646,19.658797948063892,0.49290660782118323
Surrogate_Ridge,96,chip_simple_dxm2p727_dy6p364__Lj12p0nH_Cj2p0fF__roL8p5mm__tee_fl160um_fc12_cg1p2um__rpg1p4um,4.65832113829,5.97027326234,6.963625674341201,256.8590426189228,5.683821567758439,3,fig5_cg3p0um_rpg1p0um__Lj12p0nH_Cj0p0fF__roL8p5mm__tee_fl160um_fc12,4.5918495592,6.3683346429,6.310808488025665,329.7787087605889,6.339102179225892,0.007644695469207123,0.0664715790899999,0.39806138055999973,0.6528171863155361,72.91966614166614,0.655280611467453
Surrogate_Ridge,96,chip_simple_dxm2p727_dy6p364__Lj12p0nH_Cj2p0fF__roL8p5mm__tee_fl160um_fc12_cg1p2um__rpg1p4um,4.65832113829,5.97027326234,6.963625674341201,256.8590426189228,5.683821567758439,4,fig5_cg2p0um_rpg1p5um__Lj12p0nH_Cj0p0fF__roL8p5mm__tee_fl160um_fc12,4.77793609257,6.1977870086,5.346981281085967,236.19198761457903,5.968418975392394,0.012157223317425058,0.11961495428000024,0.22751374625999965,1.6166443932552337,20.66705500434375,0.2845974076339548
Surrogate_Ridge,96,chip_simple_dxm2p727_dy6p364__Lj12p0nH_Cj2p0fF__roL8p5mm__tee_fl160um_fc12_cg1p2um__rpg1p4um,4.65832113829,5.97027326234,6.963625674341201,256.8590426189228,5.683821567758439,5,fig5_cg3p0um_rpg2p0um__Lj12p0nH_Cj0p0fF__roL8p5mm__tee_fl160um_fc12,4.85591843529,6.44095110726,4.270610977590561,230.04663618304903,6.1997071597004,0.012694936017913667,0.19759729699999973,0.47067784492,2.69301469675064,26.812406435873754,0.5158855919419603
Surrogate_Ridge,96,chip_simple_dxm2p727_dy6p364__Lj12p0nH_Cj2p0fF__roL8p5mm__tee_fl160um_fc12_cg1p2um__rpg1p4um,4.65832113829,5.97027326234,6.963625674341201,256.8590426189228,5.683821567758439,6,fig5_cg2p0um_rpg2p5um__Lj12p0nH_Cj0p0fF__roL8p5mm__tee_fl160um_fc12,4.88081947033,6.29200362079,4.710222612869263,215.78136757047287,6.007573423867593,0.014406748654463586,0.2224983320399998,0.32173035845,2.2534030614719383,41.07767504844992,0.3237518561091539
Surrogate_Ridge,96,chip_simple_dxm2p727_dy6p364__Lj12p0nH_Cj2p0fF__roL8p5mm__tee_fl160um_fc12_cg1p2um__rpg1p4um,4.65832113829,5.97027326234,6.963625674341201,256.8590426189228,5.683821567758439,7,fig5_cg2p5um_rpg2p5um__Lj12p0nH_Cj0p0fF__roL8p5mm__tee_fl160um_fc12,4.86782605146,6.40620544852,4.850844314466476,237.9905673388129,6.17514285459043,0.01478761506004951,0.20950491316999997,0.4359321861799996,2.1127813598747247,18.86847528010989,0.4913212868319903
Surrogate_Ridge,96,chip_simple_dxm2p727_dy6p364__Lj12p0nH_Cj2p0fF__roL8p5mm__tee_fl160um_fc12_cg1p2um__rpg1p4um,4.65832113829,5.97027326234,6.963625674341201,256.8590426189228,5.683821567758439,8,fig5_cg3p5um_rpg1p0um__Lj12p0nH_Cj0p0fF__roL8p5mm__tee_fl160um_fc12,4.65151549232,6.42206990109,5.782993409578324,310.4906595751157,6.336782825594393,0.018161543094096733,0.006805645970000107,0.4517966387500003,1.1806322647628766,53.63161695619294,0.6529612578359538
Surrogate_Ridge,96,chip_simple_dxm2p727_dy6p364__Lj12p0nH_Cj2p0fF__roL8p5mm__tee_fl160um_fc12_cg1p2um__rpg1p4um,4.65832113829,5.97027326234,6.963625674341201,256.8590426189228,5.683821567758439,9,fig5_cg3p5um_rpg1p5um__Lj12p0nH_Cj0p0fF__roL8p5mm__tee_fl160um_fc12,4.70486631048,6.33112792154,5.111963850152969,266.195772124899,6.191175501007713,0.021386842171367024,0.046545172190000095,0.36085465920000015,1.8516618241882323,9.336729505976223,0.5073539332492736
Surrogate_Ridge,96,chip_simple_dxm2p727_dy6p364__Lj12p0nH_Cj2p0fF__roL8p5mm__tee_fl160um_fc12_cg1p2um__rpg1p4um,4.65832113829,5.97027326234,6.963625674341201,256.8590426189228,5.683821567758439,10,fig5_cg3p5um_rpg0p5um__Lj12p0nH_Cj0p0fF__roL8p5mm__tee_fl160um_fc12,4.48458805947,6.33290774525,6.273954957790375,350.28792536348936,6.333902670879128,0.02302515600002094,0.17373307881999978,0.3626344829099999,0.6896707165508262,93.42888274456658,0.650081103120689
Surrogate_Ridge,97,chip_simple_dxm1p818_dym3p636__Lj12p0nH_Cj2p0fF__roL8p5mm__tee_fl160um_fc12_cg1p2um__rpg1p4um,4.75565613885,6.15842245489,5.839258372745514,245.1008754910855,5.917462910914268,1,fig5_cg3p0um_rpg2p0um__Lj12p0nH_Cj0p0fF__roL8p5mm__tee_fl160um_fc12,4.85591843529,6.44095110726,4.270610977590561,230.04663618304903,6.1997071597004,0.0013135195682171352,0.10026229643999951,0.2825286523699999,1.5686473951549527,15.054239308036472,0.28224424878613164
Surrogate_Ridge,97,chip_simple_dxm1p818_dym3p636__Lj12p0nH_Cj2p0fF__roL8p5mm__tee_fl160um_fc12_cg1p2um__rpg1p4um,4.75565613885,6.15842245489,5.839258372745514,245.1008754910855,5.917462910914268,2,fig5_cg3p0um_rpg2p5um__Lj12p0nH_Cj0p0fF__roL8p5mm__tee_fl160um_fc12,4.89777742204,6.34923094667,4.391671866830825,213.14051325530752,6.096625432754106,0.002544607769419287,0.14212128318999984,0.19080849177999948,1.4475865059146882,31.96036223577798,0.17916252183983783
Surrogate_Ridge,97,chip_simple_dxm1p818_dym3p636__Lj12p0nH_Cj2p0fF__roL8p5mm__tee_fl160um_fc12_cg1p2um__rpg1p4um,4.75565613885,6.15842245489,5.839258372745514,245.1008754910855,5.917462910914268,3,fig5_cg3p5um_rpg2p0um__Lj12p0nH_Cj0p0fF__roL8p5mm__tee_fl160um_fc12,4.78544785971,6.42909571039,4.586441499513626,250.3896145461569,6.177842469599042,0.0050643814646483265,0.029791720859999593,0.2706732555000002,1.2528168732318878,5.288739055071403,0.26037955868477436
Surrogate_Ridge,97,chip_simple_dxm1p818_dym3p636__Lj12p0nH_Cj2p0fF__roL8p5mm__tee_fl160um_fc12_cg1p2um__rpg1p4um,4.75565613885,6.15842245489,5.839258372745514,245.1008754910855,5.917462910914268,4,fig5_cg3p5um_rpg1p5um__Lj12p0nH_Cj0p0fF__roL8p5mm__tee_fl160um_fc12,4.70486631048,6.33112792154,5.111963850152969,266.195772124899,6.191175501007713,0.006661001123078293,0.05078982837000012,0.17270546665000008,0.7272945225925449,21.094896633813505,0.27371259009344495
Surrogate_Ridge,97,chip_simple_dxm1p818_dym3p636__Lj12p0nH_Cj2p0fF__roL8p5mm__tee_fl160um_fc12_cg1p2um__rpg1p4um,4.75565613885,6.15842245489,5.839258372745514,245.1008754910855,5.917462910914268,5,fig5_cg2p5um_rpg2p5um__Lj12p0nH_Cj0p0fF__roL8p5mm__tee_fl160um_fc12,4.86782605146,6.40620544852,4.850844314466476,237.9905673388129,6.17514285459043,0.008098222811484874,0.11216991260999976,0.24778299362999956,0.9884140582790373,7.110308152272609,0.25767994367616165
Surrogate_Ridge,97,chip_simple_dxm1p818_dym3p636__Lj12p0nH_Cj2p0fF__roL8p5mm__tee_fl160um_fc12_cg1p2um__rpg1p4um,4.75565613885,6.15842245489,5.839258372745514,245.1008754910855,5.917462910914268,6,fig5_cg3p0um_rpg1p5um__Lj12p0nH_Cj0p0fF__roL8p5mm__tee_fl160um_fc12,4.80934135586,6.34266483957,4.7338018228397365,237.2002446708589,6.176728175579623,0.01028177270048334,0.05368521700999995,0.1842423846800001,1.1054565499057771,7.90063082022661,0.2592652646653546
Surrogate_Ridge,97,chip_simple_dxm1p818_dym3p636__Lj12p0nH_Cj2p0fF__roL8p5mm__tee_fl160um_fc12_cg1p2um__rpg1p4um,4.75565613885,6.15842245489,5.839258372745514,245.1008754910855,5.917462910914268,7,fig5_cg2p5um_rpg3p0um__Lj12p0nH_Cj0p0fF__roL8p5mm__tee_fl160um_fc12,4.8216114018,6.30639910885,4.078658870691299,212.78053759295764,5.96985922957307,0.012157018872319155,0.0659552629500002,0.14797665395999982,1.7605995020542142,32.32033789812786,0.05239631865880234
Surrogate_Ridge,97,chip_simple_dxm1p818_dym3p636__Lj12p0nH_Cj2p0fF__roL8p5mm__tee_fl160um_fc12_cg1p2um__rpg1p4um,4.75565613885,6.15842245489,5.839258372745514,245.1008754910855,5.917462910914268,8,fig5_cg3p5um_rpg2p5um__Lj12p0nH_Cj0p0fF__roL8p5mm__tee_fl160um_fc12,4.85348773769,6.38790903463,4.356288998512268,225.5893196577544,6.102737650921461,0.013667103139686708,0.09783159884000003,0.22948657973999964,1.482969374233246,19.5115558333311,0.18527474000719302
Surrogate_Ridge,97,chip_simple_dxm1p818_dym3p636__Lj12p0nH_Cj2p0fF__roL8p5mm__tee_fl160um_fc12_cg1p2um__rpg1p4um,4.75565613885,6.15842245489,5.839258372745514,245.1008754910855,5.917462910914268,9,fig5_cg3p0um_rpg3p0um__Lj12p0nH_Cj0p0fF__roL8p5mm__tee_fl160um_fc12,4.91022642408,6.30951729449,3.4180947746620176,181.0996536786009,5.916928558404827,0.013975037304089789,0.15457028523000016,0.1510948395999998,2.421163598083496,64.0012218124846,0.0005343525094412271
Surrogate_Ridge,97,chip_simple_dxm1p818_dym3p636__Lj12p0nH_Cj2p0fF__roL8p5mm__tee_fl160um_fc12_cg1p2um__rpg1p4um,4.75565613885,6.15842245489,5.839258372745514,245.1008754910855,5.917462910914268,10,fig5_cg2p5um_rpg2p0um__Lj12p0nH_Cj0p0fF__roL8p5mm__tee_fl160um_fc12,4.82985966256,6.3640851834,4.45615377314949,229.1245415394613,6.124821045393385,0.01423876808411895,0.07420352370999961,0.20566272851000011,1.3831045995960238,15.976333951624213,0.20735813447911688
Surrogate_Ridge,98,chip_simple_dxm1p818_dym1p818__Lj12p0nH_Cj2p0fF__roL8p5mm__tee_fl160um_fc12_cg1p2um__rpg1p4um,4.73721367161,6.13567698727,5.951634760875701,247.7004995876065,5.9295256555453815,1,fig5_cg3p0um_rpg2p0um__Lj12p0nH_Cj0p0fF__roL8p5mm__tee_fl160um_fc12,4.85591843529,6.44095110726,4.270610977590561,230.04663618304903,6.1997071597004,0.0007198134950434061,0.11870476367999938,0.30527411999,1.6810237832851405,17.653863404557455,0.2701815041550182
Surrogate_Ridge,98,chip_simple_dxm1p818_dym1p818__Lj12p0nH_Cj2p0fF__roL8p5mm__tee_fl160um_fc12_cg1p2um__rpg1p4um,4.73721367161,6.13567698727,5.951634760875701,247.7004995876065,5.9295256555453815,2,fig5_cg3p0um_rpg2p5um__Lj12p0nH_Cj0p0fF__roL8p5mm__tee_fl160um_fc12,4.89777742204,6.34923094667,4.391671866830825,213.14051325530752,6.096625432754106,0.0041203205006350805,0.1605637504299997,0.21355395939999955,1.559962894044876,34.55998633229896,0.16709977720872438
Surrogate_Ridge,98,chip_simple_dxm1p818_dym1p818__Lj12p0nH_Cj2p0fF__roL8p5mm__tee_fl160um_fc12_cg1p2um__rpg1p4um,4.73721367161,6.13567698727,5.951634760875701,247.7004995876065,5.9295256555453815,3,fig5_cg3p5um_rpg1p5um__Lj12p0nH_Cj0p0fF__roL8p5mm__tee_fl160um_fc12,4.70486631048,6.33112792154,5.111963850152969,266.195772124899,6.191175501007713,0.005823819190874139,0.03234736113000025,0.19545093427000015,0.8396709107227327,18.49527253729252,0.2616498454623315
Surrogate_Ridge,98,chip_simple_dxm1p818_dym1p818__Lj12p0nH_Cj2p0fF__roL8p5mm__tee_fl160um_fc12_cg1p2um__rpg1p4um,4.73721367161,6.13567698727,5.951634760875701,247.7004995876065,5.9295256555453815,4,fig5_cg3p5um_rpg2p0um__Lj12p0nH_Cj0p0fF__roL8p5mm__tee_fl160um_fc12,4.78544785971,6.42909571039,4.586441499513626,250.3896145461569,6.177842469599042,0.006391452669183542,0.048234188099999464,0.2934187231200003,1.3651932613620756,2.6891149585504195,0.2483168140536609
Surrogate_Ridge,98,chip_simple_dxm1p818_dym1p818__Lj12p0nH_Cj2p0fF__roL8p5mm__tee_fl160um_fc12_cg1p2um__rpg1p4um,4.73721367161,6.13567698727,5.951634760875701,247.7004995876065,5.9295256555453815,5,fig5_cg3p0um_rpg1p5um__Lj12p0nH_Cj0p0fF__roL8p5mm__tee_fl160um_fc12,4.80934135586,6.34266483957,4.7338018228397365,237.2002446708589,6.176728175579623,0.007213336767414427,0.07212768424999982,0.20698785230000016,1.217832938035965,10.500254916747593,0.24720252003424115
Surrogate_Ridge,98,chip_simple_dxm1p818_dym1p818__Lj12p0nH_Cj2p0fF__roL8p5mm__tee_fl160um_fc12_cg1p2um__rpg1p4um,4.73721367161,6.13567698727,5.951634760875701,247.7004995876065,5.9295256555453815,6,fig5_cg2p5um_rpg2p5um__Lj12p0nH_Cj0p0fF__roL8p5mm__tee_fl160um_fc12,4.86782605146,6.40620544852,4.850844314466476,237.9905673388129,6.17514285459043,0.0074837868055675875,0.13061237984999963,0.27052846124999963,1.100790446409225,9.709932248793592,0.2456171990450482
Surrogate_Ridge,98,chip_simple_dxm1p818_dym1p818__Lj12p0nH_Cj2p0fF__roL8p5mm__tee_fl160um_fc12_cg1p2um__rpg1p4um,4.73721367161,6.13567698727,5.951634760875701,247.7004995876065,5.9295256555453815,7,fig5_cg2p5um_rpg2p0um__Lj12p0nH_Cj0p0fF__roL8p5mm__tee_fl160um_fc12,4.82985966256,6.3640851834,4.45615377314949,229.1245415394613,6.124821045393385,0.01114443655065633,0.09264599094999948,0.22840819613000019,1.4954809877262116,18.575958048145196,0.19529538984800343
Surrogate_Ridge,98,chip_simple_dxm1p818_dym1p818__Lj12p0nH_Cj2p0fF__roL8p5mm__tee_fl160um_fc12_cg1p2um__rpg1p4um,4.73721367161,6.13567698727,5.951634760875701,247.7004995876065,5.9295256555453815,8,fig5_cg2p5um_rpg3p0um__Lj12p0nH_Cj0p0fF__roL8p5mm__tee_fl160um_fc12,4.8216114018,6.30639910885,4.078658870691299,212.78053759295764,5.96985922957307,0.013717167338441541,0.08439773019000008,0.17072212157999989,1.872975890184402,34.919961994648844,0.04033357402768889
Surrogate_Ridge,98,chip_simple_dxm1p818_dym1p818__Lj12p0nH_Cj2p0fF__roL8p5mm__tee_fl160um_fc12_cg1p2um__rpg1p4um,4.73721367161,6.13567698727,5.951634760875701,247.7004995876065,5.9295256555453815,9,fig5_cg3p5um_rpg1p0um__Lj12p0nH_Cj0p0fF__roL8p5mm__tee_fl160um_fc12,4.65151549232,6.42206990109,5.782993409578324,310.4906595751157,6.336782825594393,0.015150215990527413,0.08569817929000045,0.2863929138200003,0.168641351297377,62.79015998750924,0.40725717004901174
Surrogate_Ridge,98,chip_simple_dxm1p818_dym1p818__Lj12p0nH_Cj2p0fF__roL8p5mm__tee_fl160um_fc12_cg1p2um__rpg1p4um,4.73721367161,6.13567698727,5.951634760875701,247.7004995876065,5.9295256555453815,10,fig5_cg3p5um_rpg2p5um__Lj12p0nH_Cj0p0fF__roL8p5mm__tee_fl160um_fc12,4.85348773769,6.38790903463,4.356288998512268,225.5893196577544,6.102737650921461,0.01685311642545564,0.1162740660799999,0.2522320473599997,1.5953457623634337,22.111179929852085,0.17321199537607956
Surrogate_Ridge,99,chip_simple_dxm1p818_dy1p818__Lj12p0nH_Cj2p0fF__roL8p5mm__tee_fl160um_fc12_cg1p2um__rpg1p4um,4.71658813345,5.98678880657,6.365563063159942,235.3370986289206,5.714595461499598,1,fig5_cg2p5um_rpg2p5um__Lj12p0nH_Cj0p0fF__roL8p5mm__tee_fl160um_fc12,4.86782605146,6.40620544852,4.850844314466476,237.9905673388129,6.17514285459043,0.002905756700741697,0.15123791800999964,0.41941664194999984,1.5147187486934657,2.6534687098923087,0.4605473930908319
Surrogate_Ridge,99,chip_simple_dxm1p818_dy1p818__Lj12p0nH_Cj2p0fF__roL8p5mm__tee_fl160um_fc12_cg1p2um__rpg1p4um,4.71658813345,5.98678880657,6.365563063159942,235.3370986289206,5.714595461499598,2,fig5_cg2p5um_rpg2p0um__Lj12p0nH_Cj0p0fF__roL8p5mm__tee_fl160um_fc12,4.82985966256,6.3640851834,4.45615377314949,229.1245415394613,6.124821045393385,0.004066740402384141,0.11327152910999949,0.3772963768300004,1.9094092900104522,6.212557089459295,0.41022558389378716
Surrogate_Ridge,99,chip_simple_dxm1p818_dy1p818__Lj12p0nH_Cj2p0fF__roL8p5mm__tee_fl160um_fc12_cg1p2um__rpg1p4um,4.71658813345,5.98678880657,6.365563063159942,235.3370986289206,5.714595461499598,3,fig5_cg3p0um_rpg2p0um__Lj12p0nH_Cj0p0fF__roL8p5mm__tee_fl160um_fc12,4.85591843529,6.44095110726,4.270610977590561,230.04663618304903,6.1997071597004,0.005277794346346796,0.1393303018399994,0.4541623006900002,2.094952085569381,5.290462445871555,0.4851116982008019
Surrogate_Ridge,99,chip_simple_dxm1p818_dy1p818__Lj12p0nH_Cj2p0fF__roL8p5mm__tee_fl160um_fc12_cg1p2um__rpg1p4um,4.71658813345,5.98678880657,6.365563063159942,235.3370986289206,5.714595461499598,4,fig5_cg3p0um_rpg2p5um__Lj12p0nH_Cj0p0fF__roL8p5mm__tee_fl160um_fc12,4.89777742204,6.34923094667,4.391671866830825,213.14051325530752,6.096625432754106,0.009821837550726029,0.18118928858999972,0.36244214009999975,1.9738911963291166,22.19658537361306,0.3820299712545081
Surrogate_Ridge,99,chip_simple_dxm1p818_dy1p818__Lj12p0nH_Cj2p0fF__roL8p5mm__tee_fl160um_fc12_cg1p2um__rpg1p4um,4.71658813345,5.98678880657,6.365563063159942,235.3370986289206,5.714595461499598,5,fig5_cg3p0um_rpg1p5um__Lj12p0nH_Cj0p0fF__roL8p5mm__tee_fl160um_fc12,4.80934135586,6.34266483957,4.7338018228397365,237.2002446708589,6.176728175579623,0.010346605253191839,0.09275322240999984,0.35587603300000037,1.6317612403202055,1.8631460419383075,0.4621327140800249
Surrogate_Ridge,99,chip_simple_dxm1p818_dy1p818__Lj12p0nH_Cj2p0fF__roL8p5mm__tee_fl160um_fc12_cg1p2um__rpg1p4um,4.71658813345,5.98678880657,6.365563063159942,235.3370986289206,5.714595461499598,6,fig5_cg2p0um_rpg2p5um__Lj12p0nH_Cj0p0fF__roL8p5mm__tee_fl160um_fc12,4.88081947033,6.29200362079,4.710222612869263,215.78136757047287,6.007573423867593,0.010412553343988686,0.16423133687999947,0.3052148142200002,1.6553404502906792,19.55573105844772,0.29297796236799556
Surrogate_Ridge,99,chip_simple_dxm1p818_dy1p818__Lj12p0nH_Cj2p0fF__roL8p5mm__tee_fl160um_fc12_cg1p2um__rpg1p4um,4.71658813345,5.98678880657,6.365563063159942,235.3370986289206,5.714595461499598,7,fig5_cg2p5um_rpg3p0um__Lj12p0nH_Cj0p0fF__roL8p5mm__tee_fl160um_fc12,4.8216114018,6.30639910885,4.078658870691299,212.78053759295764,5.96985922957307,0.011357627110323534,0.10502326835000009,0.3196103022800001,2.2869041924686426,22.556561035962943,0.2552637680734726
Surrogate_Ridge,99,chip_simple_dxm1p818_dy1p818__Lj12p0nH_Cj2p0fF__roL8p5mm__tee_fl160um_fc12_cg1p2um__rpg1p4um,4.71658813345,5.98678880657,6.365563063159942,235.3370986289206,5.714595461499598,8,fig5_cg2p0um_rpg3p0um__Lj12p0nH_Cj0p0fF__roL8p5mm__tee_fl160um_fc12,4.90691227134,6.26460466713,4.076762608140945,192.584502898011,5.878506475506168,0.01315939684754885,0.19032413789000024,0.2778158605600005,2.288800455018997,42.752595730909576,0.16391101400656982
Surrogate_Ridge,99,chip_simple_dxm1p818_dy1p818__Lj12p0nH_Cj2p0fF__roL8p5mm__tee_fl160um_fc12_cg1p2um__rpg1p4um,4.71658813345,5.98678880657,6.365563063159942,235.3370986289206,5.714595461499598,9,fig5_cg3p5um_rpg1p5um__Lj12p0nH_Cj0p0fF__roL8p5mm__tee_fl160um_fc12,4.70486631048,6.33112792154,5.111963850152969,266.195772124899,6.191175501007713,0.02027550978436411,0.01172182297000024,0.34433911497000036,1.2535992130069733,30.858673495978422,0.4765800395081152
Surrogate_Ridge,99,chip_simple_dxm1p818_dy1p818__Lj12p0nH_Cj2p0fF__roL8p5mm__tee_fl160um_fc12_cg1p2um__rpg1p4um,4.71658813345,5.98678880657,6.365563063159942,235.3370986289206,5.714595461499598,10,fig5_cg3p5um_rpg2p0um__Lj12p0nH_Cj0p0fF__roL8p5mm__tee_fl160um_fc12,4.78544785971,6.42909571039,4.586441499513626,250.3896145461569,6.177842469599042,0.020911725783540752,0.06885972625999948,0.4423069038200005,1.7791215636463162,15.05251591723632,0.46324700809944463
Surrogate_Ridge,100,chip_simple_dxm1p818_dy3p636__Lj12p0nH_Cj2p0fF__roL8p5mm__tee_fl160um_fc12_cg1p2um__rpg1p4um,4.72466810462,6.01834362229,5.96028201146698,231.13712300128543,5.753478884920279,1,fig5_cg3p0um_rpg2p5um__Lj12p0nH_Cj0p0fF__roL8p5mm__tee_fl160um_fc12,4.89777742204,6.34923094667,4.391671866830825,213.14051325530752,6.096625432754106,0.0038731795150784712,0.1731093174199998,0.3308873243799999,1.5686101446361542,17.996609745977906,0.34314654783382714
Surrogate_Ridge,100,chip_simple_dxm1p818_dy3p636__Lj12p0nH_Cj2p0fF__roL8p5mm__tee_fl160um_fc12_cg1p2um__rpg1p4um,4.72466810462,6.01834362229,5.96028201146698,231.13712300128543,5.753478884920279,2,fig5_cg2p5um_rpg2p5um__Lj12p0nH_Cj0p0fF__roL8p5mm__tee_fl160um_fc12,4.86782605146,6.40620544852,4.850844314466476,237.9905673388129,6.17514285459043,0.003962031600557221,0.14315794683999972,0.38786182623,1.1094376970005033,6.853444337527463,0.42166396967015096
Surrogate_Ridge,100,chip_simple_dxm1p818_dy3p636__Lj12p0nH_Cj2p0fF__roL8p5mm__tee_fl160um_fc12_cg1p2um__rpg1p4um,4.72466810462,6.01834362229,5.96028201146698,231.13712300128543,5.753478884920279,3,fig5_cg3p0um_rpg2p0um__Lj12p0nH_Cj0p0fF__roL8p5mm__tee_fl160um_fc12,4.85591843529,6.44095110726,4.270610977590561,230.04663618304903,6.1997071597004,0.004959225376011183,0.13125033066999947,0.42260748497000034,1.6896710338764187,1.0904868182363998,0.44622827478012095
Surrogate_Ridge,100,chip_simple_dxm1p818_dy3p636__Lj12p0nH_Cj2p0fF__roL8p5mm__tee_fl160um_fc12_cg1p2um__rpg1p4um,4.72466810462,6.01834362229,5.96028201146698,231.13712300128543,5.753478884920279,4,fig5_cg2p5um_rpg3p0um__Lj12p0nH_Cj0p0fF__roL8p5mm__tee_fl160um_fc12,4.8216114018,6.30639910885,4.078658870691299,212.78053759295764,5.96985922957307,0.006607390105582691,0.09694329718000017,0.28805548656000024,1.8816231407756803,18.35658540832779,0.21638034465279166
Surrogate_Ridge,100,chip_simple_dxm1p818_dy3p636__Lj12p0nH_Cj2p0fF__roL8p5mm__tee_fl160um_fc12_cg1p2um__rpg1p4um,4.72466810462,6.01834362229,5.96028201146698,231.13712300128543,5.753478884920279,5,fig5_cg2p5um_rpg2p0um__Lj12p0nH_Cj0p0fF__roL8p5mm__tee_fl160um_fc12,4.82985966256,6.3640851834,4.45615377314949,229.1245415394613,6.124821045393385,0.011790526590168007,0.10519155793999957,0.34574156111000054,1.5041282383174899,2.0125814618241407,0.3713421604731062
Surrogate_Ridge,100,chip_simple_dxm1p818_dy3p636__Lj12p0nH_Cj2p0fF__roL8p5mm__tee_fl160um_fc12_cg1p2um__rpg1p4um,4.72466810462,6.01834362229,5.96028201146698,231.13712300128543,5.753478884920279,6,fig5_cg3p0um_rpg3p0um__Lj12p0nH_Cj0p0fF__roL8p5mm__tee_fl160um_fc12,4.91022642408,6.30951729449,3.4180947746620176,181.0996536786009,5.916928558404827,0.013260987148782022,0.18555831946000012,0.29117367220000023,2.542187236804962,50.03746932268453,0.16344967348454809
Surrogate_Ridge,100,chip_simple_dxm1p818_dy3p636__Lj12p0nH_Cj2p0fF__roL8p5mm__tee_fl160um_fc12_cg1p2um__rpg1p4um,4.72466810462,6.01834362229,5.96028201146698,231.13712300128543,5.753478884920279,7,fig5_cg3p5um_rpg2p0um__Lj12p0nH_Cj0p0fF__roL8p5mm__tee_fl160um_fc12,4.78544785971,6.42909571039,4.586441499513626,250.3896145461569,6.177842469599042,0.014356484016972003,0.060779755089999554,0.41075208810000063,1.3738405119533539,19.252491544871475,0.4243635846787637
Surrogate_Ridge,100,chip_simple_dxm1p818_dy3p636__Lj12p0nH_Cj2p0fF__roL8p5mm__tee_fl160um_fc12_cg1p2um__rpg1p4um,4.72466810462,6.01834362229,5.96028201146698,231.13712300128543,5.753478884920279,8,fig5_cg2p0um_rpg3p0um__Lj12p0nH_Cj0p0fF__roL8p5mm__tee_fl160um_fc12,4.90691227134,6.26460466713,4.076762608140945,192.584502898011,5.878506475506168,0.01618235291750103,0.18224416672000032,0.24626104484000066,1.8835194033260345,38.55262010327442,0.12502759058588886
Surrogate_Ridge,100,chip_simple_dxm1p818_dy3p636__Lj12p0nH_Cj2p0fF__roL8p5mm__tee_fl160um_fc12_cg1p2um__rpg1p4um,4.72466810462,6.01834362229,5.96028201146698,231.13712300128543,5.753478884920279,9,fig5_cg3p0um_rpg1p5um__Lj12p0nH_Cj0p0fF__roL8p5mm__tee_fl160um_fc12,4.80934135586,6.34266483957,4.7338018228397365,237.2002446708589,6.176728175579623,0.016519124731580147,0.08467325123999991,0.3243212172800005,1.2264801886272432,6.063121669573462,0.4232492906593439
Surrogate_Ridge,100,chip_simple_dxm1p818_dy3p636__Lj12p0nH_Cj2p0fF__roL8p5mm__tee_fl160um_fc12_cg1p2um__rpg1p4um,4.72466810462,6.01834362229,5.96028201146698,231.13712300128543,5.753478884920279,10,fig5_cg3p5um_rpg1p5um__Lj12p0nH_Cj0p0fF__roL8p5mm__tee_fl160um_fc12,4.70486631048,6.33112792154,5.111963850152969,266.195772124899,6.191175501007713,0.019173934243862878,0.019801794140000162,0.3127842992500005,0.8483181613140109,35.05864912361358,0.43769661608743426
Surrogate_Ridge,101,chip_simple_dxm1p818_dy10p000__Lj12p0nH_Cj2p0fF__roL8p5mm__tee_fl160um_fc12_cg1p2um__rpg1p4um,4.77817000938,6.12893558245,5.456556175081253,227.5213594644575,5.917687244651611,1,fig5_cg3p0um_rpg2p5um__Lj12p0nH_Cj0p0fF__roL8p5mm__tee_fl160um_fc12,4.89777742204,6.34923094667,4.391671866830825,213.14051325530752,6.096625432754106,0.001209729910928747,0.11960741265999975,0.22029536422000007,1.0648843082504271,14.38084620914998,0.17893818810249495
Surrogate_Ridge,101,chip_simple_dxm1p818_dy10p000__Lj12p0nH_Cj2p0fF__roL8p5mm__tee_fl160um_fc12_cg1p2um__rpg1p4um,4.77817000938,6.12893558245,5.456556175081253,227.5213594644575,5.917687244651611,2,fig5_cg3p0um_rpg3p0um__Lj12p0nH_Cj0p0fF__roL8p5mm__tee_fl160um_fc12,4.91022642408,6.30951729449,3.4180947746620176,181.0996536786009,5.916928558404827,0.0031942390073214323,0.13205641470000007,0.1805817120400004,2.038461400419235,46.4217057858566,0.0007586862467841016
Surrogate_Ridge,101,chip_simple_dxm1p818_dy10p000__Lj12p0nH_Cj2p0fF__roL8p5mm__tee_fl160um_fc12_cg1p2um__rpg1p4um,4.77817000938,6.12893558245,5.456556175081253,227.5213594644575,5.917687244651611,3,fig5_cg3p5um_rpg2p5um__Lj12p0nH_Cj0p0fF__roL8p5mm__tee_fl160um_fc12,4.85348773769,6.38790903463,4.356288998512268,225.5893196577544,6.102737650921461,0.007326634954563665,0.07531772830999994,0.25897345218000023,1.1002671765689849,1.9320398067031022,0.18505040626985014
Surrogate_Ridge,101,chip_simple_dxm1p818_dy10p000__Lj12p0nH_Cj2p0fF__roL8p5mm__tee_fl160um_fc12_cg1p2um__rpg1p4um,4.77817000938,6.12893558245,5.456556175081253,227.5213594644575,5.917687244651611,4,fig5_cg2p5um_rpg3p0um__Lj12p0nH_Cj0p0fF__roL8p5mm__tee_fl160um_fc12,4.8216114018,6.30639910885,4.078658870691299,212.78053759295764,5.96985922957307,0.00766798438857366,0.04344139242000011,0.1774635264000004,1.3778973043899532,14.740821871499861,0.05217198492145947
Surrogate_Ridge,101,chip_simple_dxm1p818_dy10p000__Lj12p0nH_Cj2p0fF__roL8p5mm__tee_fl160um_fc12_cg1p2um__rpg1p4um,4.77817000938,6.12893558245,5.456556175081253,227.5213594644575,5.917687244651611,5,fig5_cg3p5um_rpg2p0um__Lj12p0nH_Cj0p0fF__roL8p5mm__tee_fl160um_fc12,4.78544785971,6.42909571039,4.586441499513626,250.3896145461569,6.177842469599042,0.008630469339794413,0.007277850329999502,0.3001601279400008,0.8701146755676268,22.868255081699402,0.2601552249474315
Surrogate_Ridge,101,chip_simple_dxm1p818_dy10p000__Lj12p0nH_Cj2p0fF__roL8p5mm__tee_fl160um_fc12_cg1p2um__rpg1p4um,4.77817000938,6.12893558245,5.456556175081253,227.5213594644575,5.917687244651611,6,fig5_cg3p0um_rpg2p0um__Lj12p0nH_Cj0p0fF__roL8p5mm__tee_fl160um_fc12,4.85591843529,6.44095110726,4.270610977590561,230.04663618304903,6.1997071597004,0.010936546996165577,0.07774842590999942,0.3120155248100005,1.1859451974906916,2.5252767185915275,0.28201991504878876
Surrogate_Ridge,101,chip_simple_dxm1p818_dy10p000__Lj12p0nH_Cj2p0fF__roL8p5mm__tee_fl160um_fc12_cg1p2um__rpg1p4um,4.77817000938,6.12893558245,5.456556175081253,227.5213594644575,5.917687244651611,7,fig5_cg2p5um_rpg3p5um__Lj12p0nH_Cj0p0fF__roL8p5mm__tee_fl160um_fc12,4.90933450729,6.40357690957,3.7329917837715145,201.2880257934344,6.003674917928219,0.012940836966589769,0.1311644979099995,0.27464132712000033,1.723564391309738,26.233333671023104,0.08598767327660806
Surrogate_Ridge,101,chip_simple_dxm1p818_dy10p000__Lj12p0nH_Cj2p0fF__roL8p5mm__tee_fl160um_fc12_cg1p2um__rpg1p4um,4.77817000938,6.12893558245,5.456556175081253,227.5213594644575,5.917687244651611,8,fig5_cg2p5um_rpg2p5um__Lj12p0nH_Cj0p0fF__roL8p5mm__tee_fl160um_fc12,4.86782605146,6.40620544852,4.850844314466476,237.9905673388129,6.17514285459043,0.014106457992187058,0.08965604207999966,0.27726986607000015,0.6057118606147762,10.46920787435539,0.2574556099388188
Surrogate_Ridge,101,chip_simple_dxm1p818_dy10p000__Lj12p0nH_Cj2p0fF__roL8p5mm__tee_fl160um_fc12_cg1p2um__rpg1p4um,4.77817000938,6.12893558245,5.456556175081253,227.5213594644575,5.917687244651611,9,fig5_cg3p5um_rpg1p5um__Lj12p0nH_Cj0p0fF__roL8p5mm__tee_fl160um_fc12,4.70486631048,6.33112792154,5.111963850152969,266.195772124899,6.191175501007713,0.021645629906654657,0.07330369890000021,0.20219233909000067,0.34459232492828384,38.674412660441504,0.2734882563561021
Surrogate_Ridge,101,chip_simple_dxm1p818_dy10p000__Lj12p0nH_Cj2p0fF__roL8p5mm__tee_fl160um_fc12_cg1p2um__rpg1p4um,4.77817000938,6.12893558245,5.456556175081253,227.5213594644575,5.917687244651611,10,fig5_cg2p0um_rpg3p5um__Lj12p0nH_Cj0p0fF__roL8p5mm__tee_fl160um_fc12,4.92988654864,6.34828832398,4.071626393825531,199.5447640637109,5.952483565984568,0.02800523277272915,0.15171653925999973,0.21935274153000073,1.384929781255722,27.976595400746618,0.03479632133295674
Surrogate_Ridge,102,chip_simple_dxm0p909_dym6p364__Lj12p0nH_Cj2p0fF__roL8p5mm__tee_fl160um_fc12_cg1p2um__rpg1p4um,4.73641698179,6.08792263054,5.621972734323501,233.0698299477765,5.852490232076104,1,fig5_cg3p0um_rpg2p5um__Lj12p0nH_Cj0p0fF__roL8p5mm__tee_fl160um_fc12,4.89777742204,6.34923094667,4.391671866830825,213.14051325530752,6.096625432754106,0.0011808417699252106,0.16136044025000018,0.26130831613000005,1.2303008674926756,19.929316692468973,0.2441352006780022
Surrogate_Ridge,102,chip_simple_dxm0p909_dym6p364__Lj12p0nH_Cj2p0fF__roL8p5mm__tee_fl160um_fc12_cg1p2um__rpg1p4um,4.73641698179,6.08792263054,5.621972734323501,233.0698299477765,5.852490232076104,2,fig5_cg3p0um_rpg2p0um__Lj12p0nH_Cj0p0fF__roL8p5mm__tee_fl160um_fc12,4.85591843529,6.44095110726,4.270610977590561,230.04663618304903,6.1997071597004,0.006320592290516137,0.11950145349999985,0.3530284767200005,1.3513617567329401,3.0231937647274663,0.347216927624296
Surrogate_Ridge,102,chip_simple_dxm0p909_dym6p364__Lj12p0nH_Cj2p0fF__roL8p5mm__tee_fl160um_fc12_cg1p2um__rpg1p4um,4.73641698179,6.08792263054,5.621972734323501,233.0698299477765,5.852490232076104,3,fig5_cg3p0um_rpg3p0um__Lj12p0nH_Cj0p0fF__roL8p5mm__tee_fl160um_fc12,4.91022642408,6.30951729449,3.4180947746620176,181.0996536786009,5.916928558404827,0.007140759494233268,0.1738094422900005,0.22159466395000038,2.2038779596614835,51.970176269175596,0.06443832632872315
Surrogate_Ridge,102,chip_simple_dxm0p909_dym6p364__Lj12p0nH_Cj2p0fF__roL8p5mm__tee_fl160um_fc12_cg1p2um__rpg1p4um,4.73641698179,6.08792263054,5.621972734323501,233.0698299477765,5.852490232076104,4,fig5_cg3p5um_rpg2p0um__Lj12p0nH_Cj0p0fF__roL8p5mm__tee_fl160um_fc12,4.78544785971,6.42909571039,4.586441499513626,250.3896145461569,6.177842469599042,0.0076112572767724485,0.04903087791999994,0.3411730798500008,1.0355312348098753,17.31978459838041,0.32535223752293874
Surrogate_Ridge,102,chip_simple_dxm0p909_dym6p364__Lj12p0nH_Cj2p0fF__roL8p5mm__tee_fl160um_fc12_cg1p2um__rpg1p4um,4.73641698179,6.08792263054,5.621972734323501,233.0698299477765,5.852490232076104,5,fig5_cg2p5um_rpg3p0um__Lj12p0nH_Cj0p0fF__roL8p5mm__tee_fl160um_fc12,4.8216114018,6.30639910885,4.078658870691299,212.78053759295764,5.96985922957307,0.008020296325059515,0.08519442001000055,0.2184764783100004,1.5433138636322017,20.289292354818855,0.11736899749696672
Surrogate_Ridge,102,chip_simple_dxm0p909_dym6p364__Lj12p0nH_Cj2p0fF__roL8p5mm__tee_fl160um_fc12_cg1p2um__rpg1p4um,4.73641698179,6.08792263054,5.621972734323501,233.0698299477765,5.852490232076104,6,fig5_cg2p5um_rpg2p5um__Lj12p0nH_Cj0p0fF__roL8p5mm__tee_fl160um_fc12,4.86782605146,6.40620544852,4.850844314466476,237.9905673388129,6.17514285459043,0.009963631485361934,0.1314090696700001,0.31828281798000013,0.7711284198570247,4.920737391036397,0.322652622514326
Surrogate_Ridge,102,chip_simple_dxm0p909_dym6p364__Lj12p0nH_Cj2p0fF__roL8p5mm__tee_fl160um_fc12_cg1p2um__rpg1p4um,4.73641698179,6.08792263054,5.621972734323501,233.0698299477765,5.852490232076104,7,fig5_cg3p5um_rpg2p5um__Lj12p0nH_Cj0p0fF__roL8p5mm__tee_fl160um_fc12,4.85348773769,6.38790903463,4.356288998512268,225.5893196577544,6.102737650921461,0.010374759640792004,0.11707075590000038,0.2999864040900002,1.2656837358112334,7.480510290022096,0.2502474188453574
Surrogate_Ridge,102,chip_simple_dxm0p909_dym6p364__Lj12p0nH_Cj2p0fF__roL8p5mm__tee_fl160um_fc12_cg1p2um__rpg1p4um,4.73641698179,6.08792263054,5.621972734323501,233.0698299477765,5.852490232076104,8,fig5_cg3p5um_rpg1p5um__Lj12p0nH_Cj0p0fF__roL8p5mm__tee_fl160um_fc12,4.70486631048,6.33112792154,5.111963850152969,266.195772124899,6.191175501007713,0.015947423157651866,0.03155067130999978,0.24320529100000066,0.5100088841705324,33.12594217712251,0.33868526893160933
Surrogate_Ridge,102,chip_simple_dxm0p909_dym6p364__Lj12p0nH_Cj2p0fF__roL8p5mm__tee_fl160um_fc12_cg1p2um__rpg1p4um,4.73641698179,6.08792263054,5.621972734323501,233.0698299477765,5.852490232076104,9,fig5_cg2p5um_rpg3p5um__Lj12p0nH_Cj0p0fF__roL8p5mm__tee_fl160um_fc12,4.90933450729,6.40357690957,3.7329917837715145,201.2880257934344,6.003674917928219,0.01717662940965607,0.17291752549999995,0.3156542790300003,1.8889809505519866,31.781804154342097,0.1511846858521153
Surrogate_Ridge,102,chip_simple_dxm0p909_dym6p364__Lj12p0nH_Cj2p0fF__roL8p5mm__tee_fl160um_fc12_cg1p2um__rpg1p4um,4.73641698179,6.08792263054,5.621972734323501,233.0698299477765,5.852490232076104,10,fig5_cg3p0um_rpg1p5um__Lj12p0nH_Cj0p0fF__roL8p5mm__tee_fl160um_fc12,4.80934135586,6.34266483957,4.7338018228397365,237.2002446708589,6.176728175579623,0.022560011056006045,0.0729243740700003,0.25474220903000067,0.8881709114837646,4.130414723082396,0.324237943503519
Surrogate_Ridge,103,chip_simple_dx0p909_dy0p000__Lj12p0nH_Cj2p0fF__roL8p5mm__tee_fl160um_fc12_cg1p2um__rpg1p4um,4.74139838894,6.04523834088,5.675883268123626,226.36996000978667,5.713551955173814,1,fig5_cg3p0um_rpg2p5um__Lj12p0nH_Cj0p0fF__roL8p5mm__tee_fl160um_fc12,4.89777742204,6.34923094667,4.391671866830825,213.14051325530752,6.096625432754106,0.002608861340819068,0.15637903309999945,0.30399260578999954,1.2842114012928008,13.229446754479142,0.3830734775802922
Surrogate_Ridge,103,chip_simple_dx0p909_dy0p000__Lj12p0nH_Cj2p0fF__roL8p5mm__tee_fl160um_fc12_cg1p2um__rpg1p4um,4.74139838894,6.04523834088,5.675883268123626,226.36996000978667,5.713551955173814,2,fig5_cg2p5um_rpg3p0um__Lj12p0nH_Cj0p0fF__roL8p5mm__tee_fl160um_fc12,4.8216114018,6.30639910885,4.078658870691299,212.78053759295764,5.96985922957307,0.0054751746310304755,0.08021301285999982,0.2611607679699999,1.5972243974323268,13.589422416829024,0.2563072743992567
Surrogate_Ridge,103,chip_simple_dx0p909_dy0p000__Lj12p0nH_Cj2p0fF__roL8p5mm__tee_fl160um_fc12_cg1p2um__rpg1p4um,4.74139838894,6.04523834088,5.675883268123626,226.36996000978667,5.713551955173814,3,fig5_cg3p0um_rpg3p0um__Lj12p0nH_Cj0p0fF__roL8p5mm__tee_fl160um_fc12,4.91022642408,6.30951729449,3.4180947746620176,181.0996536786009,5.916928558404827,0.0072362960746695576,0.16882803513999978,0.26427895360999987,2.2577884934616086,45.270306331185765,0.20337660323101314
Surrogate_Ridge,103,chip_simple_dx0p909_dy0p000__Lj12p0nH_Cj2p0fF__roL8p5mm__tee_fl160um_fc12_cg1p2um__rpg1p4um,4.74139838894,6.04523834088,5.675883268123626,226.36996000978667,5.713551955173814,4,fig5_cg2p5um_rpg2p5um__Lj12p0nH_Cj0p0fF__roL8p5mm__tee_fl160um_fc12,4.86782605146,6.40620544852,4.850844314466476,237.9905673388129,6.17514285459043,0.008422594940662782,0.12642766251999937,0.3609671076399996,0.8250389536571499,11.620607329026228,0.461590899416616
Surrogate_Ridge,103,chip_simple_dx0p909_dy0p000__Lj12p0nH_Cj2p0fF__roL8p5mm__tee_fl160um_fc12_cg1p2um__rpg1p4um,4.74139838894,6.04523834088,5.675883268123626,226.36996000978667,5.713551955173814,5,fig5_cg3p0um_rpg2p0um__Lj12p0nH_Cj0p0fF__roL8p5mm__tee_fl160um_fc12,4.85591843529,6.44095110726,4.270610977590561,230.04663618304903,6.1997071597004,0.009233112857182552,0.11452004634999913,0.39571276637999997,1.4052722905330652,3.676676173262365,0.486155204526586
Surrogate_Ridge,103,chip_simple_dx0p909_dy0p000__Lj12p0nH_Cj2p0fF__roL8p5mm__tee_fl160um_fc12_cg1p2um__rpg1p4um,4.74139838894,6.04523834088,5.675883268123626,226.36996000978667,5.713551955173814,6,fig5_cg3p5um_rpg2p0um__Lj12p0nH_Cj0p0fF__roL8p5mm__tee_fl160um_fc12,4.78544785971,6.42909571039,4.586441499513626,250.3896145461569,6.177842469599042,0.013599901111118388,0.04404947076999921,0.38385736951000027,1.0894417686100004,24.01965453637024,0.46429051442522873
Surrogate_Ridge,103,chip_simple_dx0p909_dy0p000__Lj12p0nH_Cj2p0fF__roL8p5mm__tee_fl160um_fc12_cg1p2um__rpg1p4um,4.74139838894,6.04523834088,5.675883268123626,226.36996000978667,5.713551955173814,7,fig5_cg2p5um_rpg3p5um__Lj12p0nH_Cj0p0fF__roL8p5mm__tee_fl160um_fc12,4.90933450729,6.40357690957,3.7329917837715145,201.2880257934344,6.003674917928219,0.013779440571612137,0.16793611834999922,0.3583385686899998,1.9428914843521117,25.081934216352266,0.2901229627544053
Surrogate_Ridge,103,chip_simple_dx0p909_dy0p000__Lj12p0nH_Cj2p0fF__roL8p5mm__tee_fl160um_fc12_cg1p2um__rpg1p4um,4.74139838894,6.04523834088,5.675883268123626,226.36996000978667,5.713551955173814,8,fig5_cg3p5um_rpg2p5um__Lj12p0nH_Cj0p0fF__roL8p5mm__tee_fl160um_fc12,4.85348773769,6.38790903463,4.356288998512268,225.5893196577544,6.102737650921461,0.0145505046382377,0.11208934874999965,0.3426706937499997,1.3195942696113585,0.7806403520322647,0.3891856957476474
Surrogate_Ridge,103,chip_simple_dx0p909_dy0p000__Lj12p0nH_Cj2p0fF__roL8p5mm__tee_fl160um_fc12_cg1p2um__rpg1p4um,4.74139838894,6.04523834088,5.675883268123626,226.36996000978667,5.713551955173814,9,fig5_cg2p0um_rpg3p0um__Lj12p0nH_Cj0p0fF__roL8p5mm__tee_fl160um_fc12,4.90691227134,6.26460466713,4.076762608140945,192.584502898011,5.878506475506168,0.021469430084653757,0.16551388239999998,0.2193663262500003,1.599120659982681,33.785457111775656,0.16495452033235392
Surrogate_Ridge,103,chip_simple_dx0p909_dy0p000__Lj12p0nH_Cj2p0fF__roL8p5mm__tee_fl160um_fc12_cg1p2um__rpg1p4um,4.74139838894,6.04523834088,5.675883268123626,226.36996000978667,5.713551955173814,10,fig5_cg2p0um_rpg3p5um__Lj12p0nH_Cj0p0fF__roL8p5mm__tee_fl160um_fc12,4.92988654864,6.34828832398,4.071626393825531,199.5447640637109,5.952483565984568,0.022198840981752614,0.18848815969999944,0.3030499831000002,1.6042568742980956,26.82519594607578,0.23893161081075398
Surrogate_Ridge,104,chip_simple_dx0p909_dy6p364__Lj12p0nH_Cj2p0fF__roL8p5mm__tee_fl160um_fc12_cg1p2um__rpg1p4um,4.70997564431,5.99512074395,5.736094124229431,225.95671781879915,5.714840812333396,1,fig5_cg3p0um_rpg2p5um__Lj12p0nH_Cj0p0fF__roL8p5mm__tee_fl160um_fc12,4.89777742204,6.34923094667,4.391671866830825,213.14051325530752,6.096625432754106,0.003618387788606906,0.18780177772999984,0.3541102027199994,1.3444222573986053,12.816204563491624,0.38178462042071004
Surrogate_Ridge,104,chip_simple_dx0p909_dy6p364__Lj12p0nH_Cj2p0fF__roL8p5mm__tee_fl160um_fc12_cg1p2um__rpg1p4um,4.70997564431,5.99512074395,5.736094124229431,225.95671781879915,5.714840812333396,2,fig5_cg2p5um_rpg3p0um__Lj12p0nH_Cj0p0fF__roL8p5mm__tee_fl160um_fc12,4.8216114018,6.30639910885,4.078658870691299,212.78053759295764,5.96985922957307,0.005725457636716818,0.11163575749000021,0.3112783648999997,1.6574352535381314,13.176180225841506,0.25501841723967456
Surrogate_Ridge,104,chip_simple_dx0p909_dy6p364__Lj12p0nH_Cj2p0fF__roL8p5mm__tee_fl160um_fc12_cg1p2um__rpg1p4um,4.70997564431,5.99512074395,5.736094124229431,225.95671781879915,5.714840812333396,3,fig5_cg2p5um_rpg2p5um__Lj12p0nH_Cj0p0fF__roL8p5mm__tee_fl160um_fc12,4.86782605146,6.40620544852,4.850844314466476,237.9905673388129,6.17514285459043,0.007670066370252119,0.15785040714999976,0.41108470456999946,0.8852498097629544,12.033849520013746,0.46030204225703386
Surrogate_Ridge,104,chip_simple_dx0p909_dy6p364__Lj12p0nH_Cj2p0fF__roL8p5mm__tee_fl160um_fc12_cg1p2um__rpg1p4um,4.70997564431,5.99512074395,5.736094124229431,225.95671781879915,5.714840812333396,4,fig5_cg3p0um_rpg3p0um__Lj12p0nH_Cj0p0fF__roL8p5mm__tee_fl160um_fc12,4.91022642408,6.30951729449,3.4180947746620176,181.0996536786009,5.916928558404827,0.009032616217023774,0.20025077977000016,0.3143965505399997,2.317999349567413,44.85706414019825,0.20208774607143098
Surrogate_Ridge,104,chip_simple_dx0p909_dy6p364__Lj12p0nH_Cj2p0fF__roL8p5mm__tee_fl160um_fc12_cg1p2um__rpg1p4um,4.70997564431,5.99512074395,5.736094124229431,225.95671781879915,5.714840812333396,5,fig5_cg3p0um_rpg2p0um__Lj12p0nH_Cj0p0fF__roL8p5mm__tee_fl160um_fc12,4.85591843529,6.44095110726,4.270610977590561,230.04663618304903,6.1997071597004,0.009344825577377548,0.14594279097999951,0.4458303633099998,1.4654831466388698,4.089918364249883,0.48486634736700385
Surrogate_Ridge,104,chip_simple_dx0p909_dy6p364__Lj12p0nH_Cj2p0fF__roL8p5mm__tee_fl160um_fc12_cg1p2um__rpg1p4um,4.70997564431,5.99512074395,5.736094124229431,225.95671781879915,5.714840812333396,6,fig5_cg2p5um_rpg3p5um__Lj12p0nH_Cj0p0fF__roL8p5mm__tee_fl160um_fc12,4.90933450729,6.40357690957,3.7329917837715145,201.2880257934344,6.003674917928219,0.01492151512036902,0.1993588629799996,0.40845616561999964,2.0031023404579162,24.66869202536475,0.28883410559482314
Surrogate_Ridge,104,chip_simple_dx0p909_dy6p364__Lj12p0nH_Cj2p0fF__roL8p5mm__tee_fl160um_fc12_cg1p2um__rpg1p4um,4.70997564431,5.99512074395,5.736094124229431,225.95671781879915,5.714840812333396,7,fig5_cg3p5um_rpg2p0um__Lj12p0nH_Cj0p0fF__roL8p5mm__tee_fl160um_fc12,4.78544785971,6.42909571039,4.586441499513626,250.3896145461569,6.177842469599042,0.015368830393391552,0.0754722153999996,0.4339749664400001,1.149652624715805,24.432896727357758,0.46300165726564657
Surrogate_Ridge,104,chip_simple_dx0p909_dy6p364__Lj12p0nH_Cj2p0fF__roL8p5mm__tee_fl160um_fc12_cg1p2um__rpg1p4um,4.70997564431,5.99512074395,5.736094124229431,225.95671781879915,5.714840812333396,8,fig5_cg3p5um_rpg2p5um__Lj12p0nH_Cj0p0fF__roL8p5mm__tee_fl160um_fc12,4.85348773769,6.38790903463,4.356288998512268,225.5893196577544,6.102737650921461,0.01700122976657308,0.14351209338000004,0.39278829067999954,1.379805125717163,0.367398161044747,0.38789683858806523
Surrogate_Ridge,104,chip_simple_dx0p909_dy6p364__Lj12p0nH_Cj2p0fF__roL8p5mm__tee_fl160um_fc12_cg1p2um__rpg1p4um,4.70997564431,5.99512074395,5.736094124229431,225.95671781879915,5.714840812333396,9,fig5_cg2p0um_rpg3p0um__Lj12p0nH_Cj0p0fF__roL8p5mm__tee_fl160um_fc12,4.90691227134,6.26460466713,4.076762608140945,192.584502898011,5.878506475506168,0.019852819616021266,0.19693662703000037,0.26948392318000014,1.6593315160884856,33.37221492078814,0.16366566317277176
Surrogate_Ridge,104,chip_simple_dx0p909_dy6p364__Lj12p0nH_Cj2p0fF__roL8p5mm__tee_fl160um_fc12_cg1p2um__rpg1p4um,4.70997564431,5.99512074395,5.736094124229431,225.95671781879915,5.714840812333396,10,fig5_cg2p5um_rpg2p0um__Lj12p0nH_Cj0p0fF__roL8p5mm__tee_fl160um_fc12,4.82985966256,6.3640851834,4.45615377314949,229.1245415394613,6.124821045393385,0.02075534132097492,0.11988401824999961,0.36896443945,1.279940351079941,3.167823720662142,0.4099802330599891
Surrogate_Ridge,105,chip_simple_dx0p909_dy10p000__Lj12p0nH_Cj2p0fF__roL8p5mm__tee_fl160um_fc12_cg1p2um__rpg1p4um,4.6871433385,6.02047336532,6.148103960992813,243.26442283681763,5.760159287002021,1,fig5_cg3p0um_rpg2p0um__Lj12p0nH_Cj0p0fF__roL8p5mm__tee_fl160um_fc12,4.85591843529,6.44095110726,4.270610977590561,230.04663618304903,6.1997071597004,0.0026631671352947057,0.16877509678999925,0.4204777419400001,1.8774929834022522,13.217786653768599,0.4395478726983786
Surrogate_Ridge,105,chip_simple_dx0p909_dy10p000__Lj12p0nH_Cj2p0fF__roL8p5mm__tee_fl160um_fc12_cg1p2um__rpg1p4um,4.6871433385,6.02047336532,6.148103960992813,243.26442283681763,5.760159287002021,2,fig5_cg2p5um_rpg2p5um__Lj12p0nH_Cj0p0fF__roL8p5mm__tee_fl160um_fc12,4.86782605146,6.40620544852,4.850844314466476,237.9905673388129,6.17514285459043,0.005354102309133932,0.1806827129599995,0.38573208319999974,1.2972596465263369,5.273855498004735,0.4149835675884086
Surrogate_Ridge,105,chip_simple_dx0p909_dy10p000__Lj12p0nH_Cj2p0fF__roL8p5mm__tee_fl160um_fc12_cg1p2um__rpg1p4um,4.6871433385,6.02047336532,6.148103960992813,243.26442283681763,5.760159287002021,3,fig5_cg2p5um_rpg2p0um__Lj12p0nH_Cj0p0fF__roL8p5mm__tee_fl160um_fc12,4.82985966256,6.3640851834,4.45615377314949,229.1245415394613,6.124821045393385,0.007106917280634823,0.14271632405999934,0.3436118180800003,1.6919501878433234,14.13988129735634,0.36466175839136383
Surrogate_Ridge,105,chip_simple_dx0p909_dy10p000__Lj12p0nH_Cj2p0fF__roL8p5mm__tee_fl160um_fc12_cg1p2um__rpg1p4um,4.6871433385,6.02047336532,6.148103960992813,243.26442283681763,5.760159287002021,4,fig5_cg3p0um_rpg2p5um__Lj12p0nH_Cj0p0fF__roL8p5mm__tee_fl160um_fc12,4.89777742204,6.34923094667,4.391671866830825,213.14051325530752,6.096625432754106,0.0073248789398315285,0.21063408353999957,0.32875758134999966,1.7564320941619878,30.123909581510105,0.3364661457520848
Surrogate_Ridge,105,chip_simple_dx0p909_dy10p000__Lj12p0nH_Cj2p0fF__roL8p5mm__tee_fl160um_fc12_cg1p2um__rpg1p4um,4.6871433385,6.02047336532,6.148103960992813,243.26442283681763,5.760159287002021,5,fig5_cg3p0um_rpg1p5um__Lj12p0nH_Cj0p0fF__roL8p5mm__tee_fl160um_fc12,4.80934135586,6.34266483957,4.7338018228397365,237.2002446708589,6.176728175579623,0.007690383619255201,0.12219801735999969,0.3221914742500003,1.4143021381530767,6.064178165958737,0.41656888857760155
Surrogate_Ridge,105,chip_simple_dx0p909_dy10p000__Lj12p0nH_Cj2p0fF__roL8p5mm__tee_fl160um_fc12_cg1p2um__rpg1p4um,4.6871433385,6.02047336532,6.148103960992813,243.26442283681763,5.760159287002021,6,fig5_cg3p5um_rpg1p5um__Lj12p0nH_Cj0p0fF__roL8p5mm__tee_fl160um_fc12,4.70486631048,6.33112792154,5.111963850152969,266.195772124899,6.191175501007713,0.012087780641385083,0.017722971979999613,0.31065455622000027,1.0361401108398445,22.93134928808138,0.4310162140056919
Surrogate_Ridge,105,chip_simple_dx0p909_dy10p000__Lj12p0nH_Cj2p0fF__roL8p5mm__tee_fl160um_fc12_cg1p2um__rpg1p4um,4.6871433385,6.02047336532,6.148103960992813,243.26442283681763,5.760159287002021,7,fig5_cg2p5um_rpg3p0um__Lj12p0nH_Cj0p0fF__roL8p5mm__tee_fl160um_fc12,4.8216114018,6.30639910885,4.078658870691299,212.78053759295764,5.96985922957307,0.013290215626130366,0.13446806329999994,0.28592574353,2.069445090301514,30.483885243859987,0.2096999425710493
Surrogate_Ridge,105,chip_simple_dx0p909_dy10p000__Lj12p0nH_Cj2p0fF__roL8p5mm__tee_fl160um_fc12_cg1p2um__rpg1p4um,4.6871433385,6.02047336532,6.148103960992813,243.26442283681763,5.760159287002021,8,fig5_cg3p5um_rpg2p0um__Lj12p0nH_Cj0p0fF__roL8p5mm__tee_fl160um_fc12,4.78544785971,6.42909571039,4.586441499513626,250.3896145461569,6.177842469599042,0.013475090933462306,0.09830452120999933,0.4086223450700004,1.5616624614791874,7.125191709339276,0.4176831825970213
Surrogate_Ridge,105,chip_simple_dx0p909_dy10p000__Lj12p0nH_Cj2p0fF__roL8p5mm__tee_fl160um_fc12_cg1p2um__rpg1p4um,4.6871433385,6.02047336532,6.148103960992813,243.26442283681763,5.760159287002021,9,fig5_cg2p0um_rpg2p5um__Lj12p0nH_Cj0p0fF__roL8p5mm__tee_fl160um_fc12,4.88081947033,6.29200362079,4.710222612869263,215.78136757047287,6.007573423867593,0.018638999621944072,0.19367613182999932,0.2715302554700001,1.4378813481235504,27.483055266344763,0.24741413686557223
Surrogate_Ridge,105,chip_simple_dx0p909_dy10p000__Lj12p0nH_Cj2p0fF__roL8p5mm__tee_fl160um_fc12_cg1p2um__rpg1p4um,4.6871433385,6.02047336532,6.148103960992813,243.26442283681763,5.760159287002021,10,fig5_cg2p0um_rpg3p0um__Lj12p0nH_Cj0p0fF__roL8p5mm__tee_fl160um_fc12,4.90691227134,6.26460466713,4.076762608140945,192.584502898011,5.878506475506168,0.020160586162902793,0.2197689328400001,0.24413130181000042,2.071341352851868,50.67991993880662,0.1183471885041465
Surrogate_Ridge,106,chip_simple_dx1p818_dym5p455__Lj12p0nH_Cj2p0fF__roL8p5mm__tee_fl160um_fc12_cg1p2um__rpg1p4um,4.75276332089,6.12142191828,5.658263751716613,235.8553039603668,5.927860977969706,1,fig5_cg3p0um_rpg2p5um__Lj12p0nH_Cj0p0fF__roL8p5mm__tee_fl160um_fc12,4.89777742204,6.34923094667,4.391671866830825,213.14051325530752,6.096625432754106,0.0007933104985314247,0.14501410115000013,0.2278090283899994,1.2665918848857878,22.714790705059272,0.16876445478439983
Surrogate_Ridge,106,chip_simple_dx1p818_dym5p455__Lj12p0nH_Cj2p0fF__roL8p5mm__tee_fl160um_fc12_cg1p2um__rpg1p4um,4.75276332089,6.12142191828,5.658263751716613,235.8553039603668,5.927860977969706,2,fig5_cg3p0um_rpg2p0um__Lj12p0nH_Cj0p0fF__roL8p5mm__tee_fl160um_fc12,4.85591843529,6.44095110726,4.270610977590561,230.04663618304903,6.1997071597004,0.004555583143851559,0.1031551143999998,0.3195291889799998,1.3876527741260523,5.8086677773177655,0.27184618173069364
Surrogate_Ridge,106,chip_simple_dx1p818_dym5p455__Lj12p0nH_Cj2p0fF__roL8p5mm__tee_fl160um_fc12_cg1p2um__rpg1p4um,4.75276332089,6.12142191828,5.658263751716613,235.8553039603668,5.927860977969706,3,fig5_cg3p5um_rpg2p0um__Lj12p0nH_Cj0p0fF__roL8p5mm__tee_fl160um_fc12,4.78544785971,6.42909571039,4.586441499513626,250.3896145461569,6.177842469599042,0.005858176992017506,0.032684538819999887,0.3076737921100001,1.0718222522029874,14.53431058579011,0.24998149162933636
Surrogate_Ridge,106,chip_simple_dx1p818_dym5p455__Lj12p0nH_Cj2p0fF__roL8p5mm__tee_fl160um_fc12_cg1p2um__rpg1p4um,4.75276332089,6.12142191828,5.658263751716613,235.8553039603668,5.927860977969706,4,fig5_cg3p0um_rpg3p0um__Lj12p0nH_Cj0p0fF__roL8p5mm__tee_fl160um_fc12,4.91022642408,6.30951729449,3.4180947746620176,181.0996536786009,5.916928558404827,0.007940999873898331,0.15746310319000045,0.18809537620999972,2.2401689770545956,54.755650281765895,0.010932419564879226
Surrogate_Ridge,106,chip_simple_dx1p818_dym5p455__Lj12p0nH_Cj2p0fF__roL8p5mm__tee_fl160um_fc12_cg1p2um__rpg1p4um,4.75276332089,6.12142191828,5.658263751716613,235.8553039603668,5.927860977969706,5,fig5_cg2p5um_rpg3p0um__Lj12p0nH_Cj0p0fF__roL8p5mm__tee_fl160um_fc12,4.8216114018,6.30639910885,4.078658870691299,212.78053759295764,5.96985922957307,0.008716776554715396,0.0688480809100005,0.18497719056999973,1.5796048810253138,23.074766367409154,0.041998251603364345
Surrogate_Ridge,106,chip_simple_dx1p818_dym5p455__Lj12p0nH_Cj2p0fF__roL8p5mm__tee_fl160um_fc12_cg1p2um__rpg1p4um,4.75276332089,6.12142191828,5.658263751716613,235.8553039603668,5.927860977969706,6,fig5_cg2p5um_rpg2p5um__Lj12p0nH_Cj0p0fF__roL8p5mm__tee_fl160um_fc12,4.86782605146,6.40620544852,4.850844314466476,237.9905673388129,6.17514285459043,0.009396099188826303,0.11506273057000005,0.28478353023999947,0.8074194372501369,2.1352633784460977,0.24728187662072365
Surrogate_Ridge,106,chip_simple_dx1p818_dym5p455__Lj12p0nH_Cj2p0fF__roL8p5mm__tee_fl160um_fc12_cg1p2um__rpg1p4um,4.75276332089,6.12142191828,5.658263751716613,235.8553039603668,5.927860977969706,7,fig5_cg3p5um_rpg2p5um__Lj12p0nH_Cj0p0fF__roL8p5mm__tee_fl160um_fc12,4.85348773769,6.38790903463,4.356288998512268,225.5893196577544,6.102737650921461,0.00992291635617519,0.10072441680000033,0.26648711634999955,1.3019747532043455,10.265984302612395,0.17487667295175502
Surrogate_Ridge,106,chip_simple_dx1p818_dym5p455__Lj12p0nH_Cj2p0fF__roL8p5mm__tee_fl160um_fc12_cg1p2um__rpg1p4um,4.75276332089,6.12142191828,5.658263751716613,235.8553039603668,5.927860977969706,8,fig5_cg3p5um_rpg1p5um__Lj12p0nH_Cj0p0fF__roL8p5mm__tee_fl160um_fc12,4.70486631048,6.33112792154,5.111963850152969,266.195772124899,6.191175501007713,0.01270339964854685,0.04789701040999983,0.20970600326,0.5462999015636445,30.34046816453221,0.26331452303800695
Surrogate_Ridge,106,chip_simple_dx1p818_dym5p455__Lj12p0nH_Cj2p0fF__roL8p5mm__tee_fl160um_fc12_cg1p2um__rpg1p4um,4.75276332089,6.12142191828,5.658263751716613,235.8553039603668,5.927860977969706,9,fig5_cg2p5um_rpg3p5um__Lj12p0nH_Cj0p0fF__roL8p5mm__tee_fl160um_fc12,4.90933450729,6.40357690957,3.7329917837715145,201.2880257934344,6.003674917928219,0.01894741594129152,0.1565711863999999,0.28215499128999966,1.9252719679450987,34.5672781669324,0.07581393995851293
Surrogate_Ridge,106,chip_simple_dx1p818_dym5p455__Lj12p0nH_Cj2p0fF__roL8p5mm__tee_fl160um_fc12_cg1p2um__rpg1p4um,4.75276332089,6.12142191828,5.658263751716613,235.8553039603668,5.927860977969706,10,fig5_cg3p0um_rpg1p5um__Lj12p0nH_Cj0p0fF__roL8p5mm__tee_fl160um_fc12,4.80934135586,6.34266483957,4.7338018228397365,237.2002446708589,6.176728175579623,0.019227817809858744,0.056578034970000246,0.22124292129,0.9244619288768767,1.3449407104920965,0.2488671976099166
Surrogate_Ridge,107,chip_simple_dx2p727_dym9p091__Lj12p0nH_Cj2p0fF__roL8p5mm__tee_fl160um_fc12_cg1p2um__rpg1p4um,4.71854167281,6.10937869643,5.389543067037582,235.1503843898085,5.897915052557842,1,fig5_cg3p0um_rpg2p5um__Lj12p0nH_Cj0p0fF__roL8p5mm__tee_fl160um_fc12,4.89777742204,6.34923094667,4.391671866830825,213.14051325530752,6.096625432754106,0.0022497600505109613,0.17923574923000007,0.23985225023999934,0.9978712002067569,22.00987113450097,0.19871038019626397
Surrogate_Ridge,107,chip_simple_dx2p727_dym9p091__Lj12p0nH_Cj2p0fF__roL8p5mm__tee_fl160um_fc12_cg1p2um__rpg1p4um,4.71854167281,6.10937869643,5.389543067037582,235.1503843898085,5.897915052557842,2,fig5_cg3p5um_rpg2p0um__Lj12p0nH_Cj0p0fF__roL8p5mm__tee_fl160um_fc12,4.78544785971,6.42909571039,4.586441499513626,250.3896145461569,6.177842469599042,0.00531608403427046,0.06690618689999983,0.3197170139600001,0.8031015675239566,15.239230156348412,0.2799274170412005
Surrogate_Ridge,107,chip_simple_dx2p727_dym9p091__Lj12p0nH_Cj2p0fF__roL8p5mm__tee_fl160um_fc12_cg1p2um__rpg1p4um,4.71854167281,6.10937869643,5.389543067037582,235.1503843898085,5.897915052557842,3,fig5_cg3p0um_rpg3p0um__Lj12p0nH_Cj0p0fF__roL8p5mm__tee_fl160um_fc12,4.91022642408,6.30951729449,3.4180947746620176,181.0996536786009,5.916928558404827,0.005508132805405449,0.1916847512700004,0.20013859805999967,1.9714482923755647,54.05073071120759,0.019013505846984913
Surrogate_Ridge,107,chip_simple_dx2p727_dym9p091__Lj12p0nH_Cj2p0fF__roL8p5mm__tee_fl160um_fc12_cg1p2um__rpg1p4um,4.71854167281,6.10937869643,5.389543067037582,235.1503843898085,5.897915052557842,4,fig5_cg3p5um_rpg2p5um__Lj12p0nH_Cj0p0fF__roL8p5mm__tee_fl160um_fc12,4.85348773769,6.38790903463,4.356288998512268,225.5893196577544,6.102737650921461,0.005830159993642953,0.13494606488000027,0.2785303381999995,1.0332540685253147,9.561064732054092,0.20482259836361916
Surrogate_Ridge,107,chip_simple_dx2p727_dym9p091__Lj12p0nH_Cj2p0fF__roL8p5mm__tee_fl160um_fc12_cg1p2um__rpg1p4um,4.71854167281,6.10937869643,5.389543067037582,235.1503843898085,5.897915052557842,5,fig5_cg3p0um_rpg2p0um__Lj12p0nH_Cj0p0fF__roL8p5mm__tee_fl160um_fc12,4.85591843529,6.44095110726,4.270610977590561,230.04663618304903,6.1997071597004,0.010574476747671325,0.13737676247999975,0.3315724108299998,1.1189320894470214,5.103748206759462,0.3017921071425578
Surrogate_Ridge,107,chip_simple_dx2p727_dym9p091__Lj12p0nH_Cj2p0fF__roL8p5mm__tee_fl160um_fc12_cg1p2um__rpg1p4um,4.71854167281,6.10937869643,5.389543067037582,235.1503843898085,5.897915052557842,6,fig5_cg2p5um_rpg3p0um__Lj12p0nH_Cj0p0fF__roL8p5mm__tee_fl160um_fc12,4.8216114018,6.30639910885,4.078658870691299,212.78053759295764,5.96985922957307,0.012466263143173653,0.10306972899000044,0.19702041241999968,1.310884196346283,22.36984679685085,0.07194417701522848
Surrogate_Ridge,107,chip_simple_dx2p727_dym9p091__Lj12p0nH_Cj2p0fF__roL8p5mm__tee_fl160um_fc12_cg1p2um__rpg1p4um,4.71854167281,6.10937869643,5.389543067037582,235.1503843898085,5.897915052557842,7,fig5_cg3p5um_rpg1p5um__Lj12p0nH_Cj0p0fF__roL8p5mm__tee_fl160um_fc12,4.70486631048,6.33112792154,5.111963850152969,266.195772124899,6.191175501007713,0.01638509752695281,0.013675362329999885,0.22174922510999995,0.2775792168846136,31.045387735090515,0.2932604484498711
Surrogate_Ridge,107,chip_simple_dx2p727_dym9p091__Lj12p0nH_Cj2p0fF__roL8p5mm__tee_fl160um_fc12_cg1p2um__rpg1p4um,4.71854167281,6.10937869643,5.389543067037582,235.1503843898085,5.897915052557842,8,fig5_cg2p5um_rpg2p5um__Lj12p0nH_Cj0p0fF__roL8p5mm__tee_fl160um_fc12,4.86782605146,6.40620544852,4.850844314466476,237.9905673388129,6.17514285459043,0.018046683044812016,0.14928437865,0.2968267520899994,0.538698752571106,2.840182949004401,0.2772278020325878
Surrogate_Ridge,107,chip_simple_dx2p727_dym9p091__Lj12p0nH_Cj2p0fF__roL8p5mm__tee_fl160um_fc12_cg1p2um__rpg1p4um,4.71854167281,6.10937869643,5.389543067037582,235.1503843898085,5.897915052557842,9,fig5_cg2p5um_rpg3p5um__Lj12p0nH_Cj0p0fF__roL8p5mm__tee_fl160um_fc12,4.90933450729,6.40357690957,3.7329917837715145,201.2880257934344,6.003674917928219,0.018468932693590127,0.19079283447999984,0.2941982131399996,1.6565512832660678,33.862358596374094,0.10575986537037707
Surrogate_Ridge,107,chip_simple_dx2p727_dym9p091__Lj12p0nH_Cj2p0fF__roL8p5mm__tee_fl160um_fc12_cg1p2um__rpg1p4um,4.71854167281,6.10937869643,5.389543067037582,235.1503843898085,5.897915052557842,10,fig5_cg4p0um_rpg2p5um__Lj12p0nH_Cj0p0fF__roL8p5mm__tee_fl160um_fc12,4.84081846419,6.4170299131,4.2439929298172,228.91083087667948,6.164372524451142,0.02878788287420799,0.12227679138000003,0.30765121667000006,1.1455501372203827,6.23955351312901,0.2664574718933004
Surrogate_Ridge,108,chip_simple_dx2p727_dym6p364__Lj12p0nH_Cj2p0fF__roL8p5mm__tee_fl160um_fc12_cg1p2um__rpg1p4um,4.72708638401,6.15667409709,5.543435228425979,244.333560948847,5.937980422389637,1,fig5_cg3p0um_rpg2p5um__Lj12p0nH_Cj0p0fF__roL8p5mm__tee_fl160um_fc12,4.89777742204,6.34923094667,4.391671866830825,213.14051325530752,6.096625432754106,0.0021675117557176603,0.1706910380300002,0.19255684957999986,1.1517633615951537,31.193047693539484,0.1586450103644692
Surrogate_Ridge,108,chip_simple_dx2p727_dym6p364__Lj12p0nH_Cj2p0fF__roL8p5mm__tee_fl160um_fc12_cg1p2um__rpg1p4um,4.72708638401,6.15667409709,5.543435228425979,244.333560948847,5.937980422389637,2,fig5_cg3p5um_rpg2p0um__Lj12p0nH_Cj0p0fF__roL8p5mm__tee_fl160um_fc12,4.78544785971,6.42909571039,4.586441499513626,250.3896145461569,6.177842469599042,0.0024933090731685567,0.05836147569999994,0.2724216133000006,0.9569937289123533,6.056053597309898,0.23986204720940574
Surrogate_Ridge,108,chip_simple_dx2p727_dym6p364__Lj12p0nH_Cj2p0fF__roL8p5mm__tee_fl160um_fc12_cg1p2um__rpg1p4um,4.72708638401,6.15667409709,5.543435228425979,244.333560948847,5.937980422389637,3,fig5_cg3p0um_rpg2p0um__Lj12p0nH_Cj0p0fF__roL8p5mm__tee_fl160um_fc12,4.85591843529,6.44095110726,4.270610977590561,230.04663618304903,6.1997071597004,0.005368270559139338,0.12883205127999986,0.2842770101700003,1.2728242508354182,14.286924765797977,0.261726737310763
Surrogate_Ridge,108,chip_simple_dx2p727_dym6p364__Lj12p0nH_Cj2p0fF__roL8p5mm__tee_fl160um_fc12_cg1p2um__rpg1p4um,4.72708638401,6.15667409709,5.543435228425979,244.333560948847,5.937980422389637,4,fig5_cg3p5um_rpg2p5um__Lj12p0nH_Cj0p0fF__roL8p5mm__tee_fl160um_fc12,4.85348773769,6.38790903463,4.356288998512268,225.5893196577544,6.102737650921461,0.007684951586011468,0.12640135368000038,0.23123493754000002,1.1871462299137114,18.744241291092607,0.1647572285318244
Surrogate_Ridge,108,chip_simple_dx2p727_dym6p364__Lj12p0nH_Cj2p0fF__roL8p5mm__tee_fl160um_fc12_cg1p2um__rpg1p4um,4.72708638401,6.15667409709,5.543435228425979,244.333560948847,5.937980422389637,5,fig5_cg3p5um_rpg1p5um__Lj12p0nH_Cj0p0fF__roL8p5mm__tee_fl160um_fc12,4.70486631048,6.33112792154,5.111963850152969,266.195772124899,6.191175501007713,0.008176556173585092,0.022220073529999773,0.17445382445000046,0.4314713782730104,21.862211176052,0.25319507861807633
Surrogate_Ridge,108,chip_simple_dx2p727_dym6p364__Lj12p0nH_Cj2p0fF__roL8p5mm__tee_fl160um_fc12_cg1p2um__rpg1p4um,4.72708638401,6.15667409709,5.543435228425979,244.333560948847,5.937980422389637,6,fig5_cg3p0um_rpg3p0um__Lj12p0nH_Cj0p0fF__roL8p5mm__tee_fl160um_fc12,4.91022642408,6.30951729449,3.4180947746620176,181.0996536786009,5.916928558404827,0.00984164256555543,0.1831400400700005,0.15284319740000019,2.1253404537639615,63.23390727024611,0.02105186398480985
Surrogate_Ridge,108,chip_simple_dx2p727_dym6p364__Lj12p0nH_Cj2p0fF__roL8p5mm__tee_fl160um_fc12_cg1p2um__rpg1p4um,4.72708638401,6.15667409709,5.543435228425979,244.333560948847,5.937980422389637,7,fig5_cg2p5um_rpg3p0um__Lj12p0nH_Cj0p0fF__roL8p5mm__tee_fl160um_fc12,4.8216114018,6.30639910885,4.078658870691299,212.78053759295764,5.96985922957307,0.014257049021599248,0.09452501779000055,0.1497250117600002,1.4647763577346797,31.553023355889366,0.03187880718343372
Surrogate_Ridge,108,chip_simple_dx2p727_dym6p364__Lj12p0nH_Cj2p0fF__roL8p5mm__tee_fl160um_fc12_cg1p2um__rpg1p4um,4.72708638401,6.15667409709,5.543435228425979,244.333560948847,5.937980422389637,8,fig5_cg2p5um_rpg2p5um__Lj12p0nH_Cj0p0fF__roL8p5mm__tee_fl160um_fc12,4.86782605146,6.40620544852,4.850844314466476,237.9905673388129,6.17514285459043,0.014975319528026056,0.1407396674500001,0.24953135142999994,0.6925909139595028,6.342993610034114,0.23716243220079303
Surrogate_Ridge,108,chip_simple_dx2p727_dym6p364__Lj12p0nH_Cj2p0fF__roL8p5mm__tee_fl160um_fc12_cg1p2um__rpg1p4um,4.72708638401,6.15667409709,5.543435228425979,244.333560948847,5.937980422389637,9,fig5_cg3p0um_rpg1p5um__Lj12p0nH_Cj0p0fF__roL8p5mm__tee_fl160um_fc12,4.80934135586,6.34266483957,4.7338018228397365,237.2002446708589,6.176728175579623,0.01944391897582047,0.0822549718500003,0.18599074248000047,0.8096334055862426,7.133316277988115,0.23874775318998598
Surrogate_Ridge,108,chip_simple_dx2p727_dym6p364__Lj12p0nH_Cj2p0fF__roL8p5mm__tee_fl160um_fc12_cg1p2um__rpg1p4um,4.72708638401,6.15667409709,5.543435228425979,244.333560948847,5.937980422389637,10,fig5_cg2p5um_rpg3p5um__Lj12p0nH_Cj0p0fF__roL8p5mm__tee_fl160um_fc12,4.90933450729,6.40357690957,3.7329917837715145,201.2880257934344,6.003674917928219,0.024413668128431876,0.18224812327999995,0.24690281248000012,1.8104434446544646,43.04553515541261,0.06569449553858231
Surrogate_Ridge,109,chip_simple_dx2p727_dym2p727__Lj12p0nH_Cj2p0fF__roL8p5mm__tee_fl160um_fc12_cg1p2um__rpg1p4um,4.74631445878,6.09700835048,5.432559073844909,228.52115913635785,5.873822536131756,1,fig5_cg3p0um_rpg2p5um__Lj12p0nH_Cj0p0fF__roL8p5mm__tee_fl160um_fc12,4.89777742204,6.34923094667,4.391671866830825,213.14051325530752,6.096625432754106,0.0017812650609608436,0.1514629632600002,0.2522225961899993,1.0408872070140838,15.380645881050327,0.22280289662234942
Surrogate_Ridge,109,chip_simple_dx2p727_dym2p727__Lj12p0nH_Cj2p0fF__roL8p5mm__tee_fl160um_fc12_cg1p2um__rpg1p4um,4.74631445878,6.09700835048,5.432559073844909,228.52115913635785,5.873822536131756,2,fig5_cg3p0um_rpg3p0um__Lj12p0nH_Cj0p0fF__roL8p5mm__tee_fl160um_fc12,4.91022642408,6.30951729449,3.4180947746620176,181.0996536786009,5.916928558404827,0.0037878190039982423,0.16391196530000052,0.21250894400999965,2.0144642991828916,47.42150545775695,0.043106022273070366
Surrogate_Ridge,109,chip_simple_dx2p727_dym2p727__Lj12p0nH_Cj2p0fF__roL8p5mm__tee_fl160um_fc12_cg1p2um__rpg1p4um,4.74631445878,6.09700835048,5.432559073844909,228.52115913635785,5.873822536131756,3,fig5_cg3p5um_rpg2p5um__Lj12p0nH_Cj0p0fF__roL8p5mm__tee_fl160um_fc12,4.85348773769,6.38790903463,4.356288998512268,225.5893196577544,6.102737650921461,0.007476629762642333,0.10717327891000039,0.2909006841499995,1.0762700753326415,2.9318394786034503,0.2289151147897046
Surrogate_Ridge,109,chip_simple_dx2p727_dym2p727__Lj12p0nH_Cj2p0fF__roL8p5mm__tee_fl160um_fc12_cg1p2um__rpg1p4um,4.74631445878,6.09700835048,5.432559073844909,228.52115913635785,5.873822536131756,4,fig5_cg3p5um_rpg2p0um__Lj12p0nH_Cj0p0fF__roL8p5mm__tee_fl160um_fc12,4.78544785971,6.42909571039,4.586441499513626,250.3896145461569,6.177842469599042,0.008665586284037664,0.03913340092999995,0.33208735991000005,0.8461175743312834,21.868455409799054,0.30401993346728595
Surrogate_Ridge,109,chip_simple_dx2p727_dym2p727__Lj12p0nH_Cj2p0fF__roL8p5mm__tee_fl160um_fc12_cg1p2um__rpg1p4um,4.74631445878,6.09700835048,5.432559073844909,228.52115913635785,5.873822536131756,5,fig5_cg2p5um_rpg3p0um__Lj12p0nH_Cj0p0fF__roL8p5mm__tee_fl160um_fc12,4.8216114018,6.30639910885,4.078658870691299,212.78053759295764,5.96985922957307,0.00872009181522739,0.07529694302000056,0.20939075836999965,1.3539002031536098,15.74062154340021,0.09603669344131394
Surrogate_Ridge,109,chip_simple_dx2p727_dym2p727__Lj12p0nH_Cj2p0fF__roL8p5mm__tee_fl160um_fc12_cg1p2um__rpg1p4um,4.74631445878,6.09700835048,5.432559073844909,228.52115913635785,5.873822536131756,6,fig5_cg3p0um_rpg2p0um__Lj12p0nH_Cj0p0fF__roL8p5mm__tee_fl160um_fc12,4.85591843529,6.44095110726,4.270610977590561,230.04663618304903,6.1997071597004,0.011507499041471227,0.10960397650999987,0.34394275677999975,1.1619480962543483,1.5254770466911793,0.32588462356864323
Surrogate_Ridge,109,chip_simple_dx2p727_dym2p727__Lj12p0nH_Cj2p0fF__roL8p5mm__tee_fl160um_fc12_cg1p2um__rpg1p4um,4.74631445878,6.09700835048,5.432559073844909,228.52115913635785,5.873822536131756,7,fig5_cg2p5um_rpg3p5um__Lj12p0nH_Cj0p0fF__roL8p5mm__tee_fl160um_fc12,4.90933450729,6.40357690957,3.7329917837715145,201.2880257934344,6.003674917928219,0.01392215622269751,0.16302004850999996,0.3065685590899996,1.6995672900733947,27.233133342923452,0.12985238179646252
Surrogate_Ridge,109,chip_simple_dx2p727_dym2p727__Lj12p0nH_Cj2p0fF__roL8p5mm__tee_fl160um_fc12_cg1p2um__rpg1p4um,4.74631445878,6.09700835048,5.432559073844909,228.52115913635785,5.873822536131756,8,fig5_cg2p5um_rpg2p5um__Lj12p0nH_Cj0p0fF__roL8p5mm__tee_fl160um_fc12,4.86782605146,6.40620544852,4.850844314466476,237.9905673388129,6.17514285459043,0.015250815331305042,0.12151159268000011,0.3091970980399994,0.5817147593784329,9.469408202455043,0.30132031845867324
Surrogate_Ridge,109,chip_simple_dx2p727_dym2p727__Lj12p0nH_Cj2p0fF__roL8p5mm__tee_fl160um_fc12_cg1p2um__rpg1p4um,4.74631445878,6.09700835048,5.432559073844909,228.52115913635785,5.873822536131756,9,fig5_cg3p5um_rpg1p5um__Lj12p0nH_Cj0p0fF__roL8p5mm__tee_fl160um_fc12,4.70486631048,6.33112792154,5.111963850152969,266.195772124899,6.191175501007713,0.021587330728980756,0.041448148299999765,0.23411957105999992,0.3205952236919405,37.674612988541156,0.31735296487595654
Surrogate_Ridge,109,chip_simple_dx2p727_dym2p727__Lj12p0nH_Cj2p0fF__roL8p5mm__tee_fl160um_fc12_cg1p2um__rpg1p4um,4.74631445878,6.09700835048,5.432559073844909,228.52115913635785,5.873822536131756,10,fig5_cg2p0um_rpg3p5um__Lj12p0nH_Cj0p0fF__roL8p5mm__tee_fl160um_fc12,4.92988654864,6.34828832398,4.071626393825531,199.5447640637109,5.952483565984568,0.029482066546837306,0.18357208986000018,0.2512799735,1.3609326800193786,28.976395072646966,0.0786610298528112
Surrogate_Ridge,110,chip_simple_dx2p727_dym1p818__Lj12p0nH_Cj2p0fF__roL8p5mm__tee_fl160um_fc12_cg1p2um__rpg1p4um,4.79645156373,6.00832875415,5.780460235179901,211.2241767155577,5.742636683458404,1,fig5_cg2p5um_rpg3p0um__Lj12p0nH_Cj0p0fF__roL8p5mm__tee_fl160um_fc12,4.8216114018,6.30639910885,4.078658870691299,212.78053759295764,5.96985922957307,0.001431468328813685,0.02515983807000044,0.2980703547000001,1.7018013644886016,1.5563608773999533,0.22722254611466663
Surrogate_Ridge,110,chip_simple_dx2p727_dym1p818__Lj12p0nH_Cj2p0fF__roL8p5mm__tee_fl160um_fc12_cg1p2um__rpg1p4um,4.79645156373,6.00832875415,5.780460235179901,211.2241767155577,5.742636683458404,2,fig5_cg2p5um_rpg3p5um__Lj12p0nH_Cj0p0fF__roL8p5mm__tee_fl160um_fc12,4.90933450729,6.40357690957,3.7329917837715145,201.2880257934344,6.003674917928219,0.0068808693012223756,0.11288294355999984,0.39524815542,2.0474684514083865,9.93615092212329,0.2610382344698152
Surrogate_Ridge,110,chip_simple_dx2p727_dym1p818__Lj12p0nH_Cj2p0fF__roL8p5mm__tee_fl160um_fc12_cg1p2um__rpg1p4um,4.79645156373,6.00832875415,5.780460235179901,211.2241767155577,5.742636683458404,3,fig5_cg3p0um_rpg2p5um__Lj12p0nH_Cj0p0fF__roL8p5mm__tee_fl160um_fc12,4.89777742204,6.34923094667,4.391671866830825,213.14051325530752,6.096625432754106,0.007114771379649798,0.10132585831000007,0.34090219251999976,1.3887883683490756,1.9163365397498353,0.3539887492957021
Surrogate_Ridge,110,chip_simple_dx2p727_dym1p818__Lj12p0nH_Cj2p0fF__roL8p5mm__tee_fl160um_fc12_cg1p2um__rpg1p4um,4.79645156373,6.00832875415,5.780460235179901,211.2241767155577,5.742636683458404,4,fig5_cg3p0um_rpg3p0um__Lj12p0nH_Cj0p0fF__roL8p5mm__tee_fl160um_fc12,4.91022642408,6.30951729449,3.4180947746620176,181.0996536786009,5.916928558404827,0.00770574444767054,0.1137748603500004,0.3011885403400001,2.3623654605178834,30.124523036956788,0.17429187494642306
Surrogate_Ridge,110,chip_simple_dx2p727_dym1p818__Lj12p0nH_Cj2p0fF__roL8p5mm__tee_fl160um_fc12_cg1p2um__rpg1p4um,4.79645156373,6.00832875415,5.780460235179901,211.2241767155577,5.742636683458404,5,fig5_cg2p5um_rpg2p5um__Lj12p0nH_Cj0p0fF__roL8p5mm__tee_fl160um_fc12,4.86782605146,6.40620544852,4.850844314466476,237.9905673388129,6.17514285459043,0.007715391935101774,0.07137448772999999,0.39787669436999984,0.9296159207134247,26.766390623255205,0.43250617113202594
Surrogate_Ridge,110,chip_simple_dx2p727_dym1p818__Lj12p0nH_Cj2p0fF__roL8p5mm__tee_fl160um_fc12_cg1p2um__rpg1p4um,4.79645156373,6.00832875415,5.780460235179901,211.2241767155577,5.742636683458404,6,fig5_cg2p0um_rpg3p5um__Lj12p0nH_Cj0p0fF__roL8p5mm__tee_fl160um_fc12,4.92988654864,6.34828832398,4.071626393825531,199.5447640637109,5.952483565984568,0.011086408437837834,0.13343498491000005,0.3399595698300004,1.7088338413543704,11.679412651846803,0.2098468825261639
Surrogate_Ridge,110,chip_simple_dx2p727_dym1p818__Lj12p0nH_Cj2p0fF__roL8p5mm__tee_fl160um_fc12_cg1p2um__rpg1p4um,4.79645156373,6.00832875415,5.780460235179901,211.2241767155577,5.742636683458404,7,fig5_cg2p0um_rpg3p0um__Lj12p0nH_Cj0p0fF__roL8p5mm__tee_fl160um_fc12,4.90691227134,6.26460466713,4.076762608140945,192.584502898011,5.878506475506168,0.012511904139737972,0.1104607076100006,0.2562759129800005,1.7036976270389559,18.63967381754668,0.13586979204776384
Surrogate_Ridge,110,chip_simple_dx2p727_dym1p818__Lj12p0nH_Cj2p0fF__roL8p5mm__tee_fl160um_fc12_cg1p2um__rpg1p4um,4.79645156373,6.00832875415,5.780460235179901,211.2241767155577,5.742636683458404,8,fig5_cg3p0um_rpg2p0um__Lj12p0nH_Cj0p0fF__roL8p5mm__tee_fl160um_fc12,4.85591843529,6.44095110726,4.270610977590561,230.04663618304903,6.1997071597004,0.018257122890325852,0.059466871559999746,0.4326223531100002,1.50984925758934,18.822459467491342,0.4570704762419959
Surrogate_Ridge,110,chip_simple_dx2p727_dym1p818__Lj12p0nH_Cj2p0fF__roL8p5mm__tee_fl160um_fc12_cg1p2um__rpg1p4um,4.79645156373,6.00832875415,5.780460235179901,211.2241767155577,5.742636683458404,9,fig5_cg2p0um_rpg4p0um__Lj12p0nH_Cj0p0fF__roL8p5mm__tee_fl160um_fc12,4.9386279194,6.36953775963,3.746125830854416,192.53030771266367,5.985478910669201,0.021394237314634478,0.1421763556700002,0.3612090054800001,2.034334404325485,18.69386900289402,0.2428422272107973
Surrogate_Ridge,110,chip_simple_dx2p727_dym1p818__Lj12p0nH_Cj2p0fF__roL8p5mm__tee_fl160um_fc12_cg1p2um__rpg1p4um,4.79645156373,6.00832875415,5.780460235179901,211.2241767155577,5.742636683458404,10,fig5_cg3p5um_rpg2p5um__Lj12p0nH_Cj0p0fF__roL8p5mm__tee_fl160um_fc12,4.85348773769,6.38790903463,4.356288998512268,225.5893196577544,6.102737650921461,0.02386886275397894,0.05703617396000027,0.3795802804799999,1.4241712366676333,14.365142942196712,0.3601009674630573
Surrogate_Ridge,111,chip_simple_dx3p636_dym3p636__Lj12p0nH_Cj2p0fF__roL8p5mm__tee_fl160um_fc12_cg1p2um__rpg1p4um,4.74777878771,6.12954537699,6.021033943702697,245.8580906627232,5.948433271599349,1,fig5_cg3p0um_rpg2p0um__Lj12p0nH_Cj0p0fF__roL8p5mm__tee_fl160um_fc12,4.85591843529,6.44095110726,4.270610977590561,230.04663618304903,6.1997071597004,0.00047159762028900433,0.10813964757999983,0.31140573026999974,1.7504229661121364,15.811454479674182,0.2512738881010508
Surrogate_Ridge,111,chip_simple_dx3p636_dym3p636__Lj12p0nH_Cj2p0fF__roL8p5mm__tee_fl160um_fc12_cg1p2um__rpg1p4um,4.74777878771,6.12954537699,6.021033943702697,245.8580906627232,5.948433271599349,2,fig5_cg3p0um_rpg2p5um__Lj12p0nH_Cj0p0fF__roL8p5mm__tee_fl160um_fc12,4.89777742204,6.34923094667,4.391671866830825,213.14051325530752,6.096625432754106,0.004250418359211648,0.14999863433000016,0.2196855696799993,1.629362076871872,32.71757740741569,0.14819216115475697
Surrogate_Ridge,111,chip_simple_dx3p636_dym3p636__Lj12p0nH_Cj2p0fF__roL8p5mm__tee_fl160um_fc12_cg1p2um__rpg1p4um,4.74777878771,6.12954537699,6.021033943702697,245.8580906627232,5.948433271599349,3,fig5_cg2p5um_rpg2p5um__Lj12p0nH_Cj0p0fF__roL8p5mm__tee_fl160um_fc12,4.86782605146,6.40620544852,4.850844314466476,237.9905673388129,6.17514285459043,0.006046682123808533,0.12004726375000008,0.2766600715299994,1.170189629236221,7.867523323910319,0.2267095829910808
Surrogate_Ridge,111,chip_simple_dx3p636_dym3p636__Lj12p0nH_Cj2p0fF__roL8p5mm__tee_fl160um_fc12_cg1p2um__rpg1p4um,4.74777878771,6.12954537699,6.021033943702697,245.8580906627232,5.948433271599349,4,fig5_cg3p0um_rpg1p5um__Lj12p0nH_Cj0p0fF__roL8p5mm__tee_fl160um_fc12,4.80934135586,6.34266483957,4.7338018228397365,237.2002446708589,6.176728175579623,0.006515402269987149,0.061562568150000274,0.21311946257999992,1.287232120862961,8.65784599186432,0.22829490398027374
Surrogate_Ridge,111,chip_simple_dx3p636_dym3p636__Lj12p0nH_Cj2p0fF__roL8p5mm__tee_fl160um_fc12_cg1p2um__rpg1p4um,4.74777878771,6.12954537699,6.021033943702697,245.8580906627232,5.948433271599349,5,fig5_cg3p5um_rpg1p5um__Lj12p0nH_Cj0p0fF__roL8p5mm__tee_fl160um_fc12,4.70486631048,6.33112792154,5.111963850152969,266.195772124899,6.191175501007713,0.006847262174591132,0.0429124772299998,0.2015825445499999,0.9090700935497287,20.337681462175794,0.2427422294083641
Surrogate_Ridge,111,chip_simple_dx3p636_dym3p636__Lj12p0nH_Cj2p0fF__roL8p5mm__tee_fl160um_fc12_cg1p2um__rpg1p4um,4.74777878771,6.12954537699,6.021033943702697,245.8580906627232,5.948433271599349,6,fig5_cg3p5um_rpg2p0um__Lj12p0nH_Cj0p0fF__roL8p5mm__tee_fl160um_fc12,4.78544785971,6.42909571039,4.586441499513626,250.3896145461569,6.177842469599042,0.00762844404078728,0.037669071999999915,0.29955033340000004,1.4345924441890716,4.531523883433692,0.2294091979996935
Surrogate_Ridge,111,chip_simple_dx3p636_dym3p636__Lj12p0nH_Cj2p0fF__roL8p5mm__tee_fl160um_fc12_cg1p2um__rpg1p4um,4.74777878771,6.12954537699,6.021033943702697,245.8580906627232,5.948433271599349,7,fig5_cg2p5um_rpg2p0um__Lj12p0nH_Cj0p0fF__roL8p5mm__tee_fl160um_fc12,4.82985966256,6.3640851834,4.45615377314949,229.1245415394613,6.124821045393385,0.00909284790078017,0.08208087484999993,0.23453980640999994,1.5648801705532076,16.733549123261923,0.17638777379403603
Surrogate_Ridge,111,chip_simple_dx3p636_dym3p636__Lj12p0nH_Cj2p0fF__roL8p5mm__tee_fl160um_fc12_cg1p2um__rpg1p4um,4.74777878771,6.12954537699,6.021033943702697,245.8580906627232,5.948433271599349,8,fig5_cg2p5um_rpg3p0um__Lj12p0nH_Cj0p0fF__roL8p5mm__tee_fl160um_fc12,4.8216114018,6.30639910885,4.078658870691299,212.78053759295764,5.96985922957307,0.012823141735457682,0.07383261409000053,0.17685373185999964,1.942375073011398,33.07755306976557,0.021425957973721488
Surrogate_Ridge,111,chip_simple_dx3p636_dym3p636__Lj12p0nH_Cj2p0fF__roL8p5mm__tee_fl160um_fc12_cg1p2um__rpg1p4um,4.74777878771,6.12954537699,6.021033943702697,245.8580906627232,5.948433271599349,9,fig5_cg3p5um_rpg1p0um__Lj12p0nH_Cj0p0fF__roL8p5mm__tee_fl160um_fc12,4.65151549232,6.42206990109,5.782993409578324,310.4906595751157,6.336782825594393,0.015888705697015757,0.09626329539,0.29252452410000007,0.23804053412437298,64.63256891239251,0.38834955399504434
Surrogate_Ridge,111,chip_simple_dx3p636_dym3p636__Lj12p0nH_Cj2p0fF__roL8p5mm__tee_fl160um_fc12_cg1p2um__rpg1p4um,4.74777878771,6.12954537699,6.021033943702697,245.8580906627232,5.948433271599349,10,fig5_cg3p0um_rpg3p0um__Lj12p0nH_Cj0p0fF__roL8p5mm__tee_fl160um_fc12,4.91022642408,6.30951729449,3.4180947746620176,181.0996536786009,5.916928558404827,0.017851864486755072,0.16244763637000048,0.17997191749999963,2.60293916904068,64.75843698412231,0.03150471319452208
Surrogate_Ridge,112,chip_simple_dx4p545_dym8p182__Lj12p0nH_Cj2p0fF__roL8p5mm__tee_fl160um_fc12_cg1p2um__rpg1p4um,4.75308547284,6.17343119835,5.396160117353439,238.3080880769413,5.979312965249873,1,fig5_cg3p0um_rpg2p5um__Lj12p0nH_Cj0p0fF__roL8p5mm__tee_fl160um_fc12,4.89777742204,6.34923094667,4.391671866830825,213.14051325530752,6.096625432754106,0.0018254960177468249,0.14469194920000028,0.17579974831999934,1.0044882505226136,25.167574821633764,0.11731246750423274
Surrogate_Ridge,112,chip_simple_dx4p545_dym8p182__Lj12p0nH_Cj2p0fF__roL8p5mm__tee_fl160um_fc12_cg1p2um__rpg1p4um,4.75308547284,6.17343119835,5.396160117353439,238.3080880769413,5.979312965249873,2,fig5_cg3p5um_rpg2p0um__Lj12p0nH_Cj0p0fF__roL8p5mm__tee_fl160um_fc12,4.78544785971,6.42909571039,4.586441499513626,250.3896145461569,6.177842469599042,0.00312342019610817,0.03236238687000004,0.25566451204000007,0.8097186178398132,12.081526469215618,0.19852950434916927
Surrogate_Ridge,112,chip_simple_dx4p545_dym8p182__Lj12p0nH_Cj2p0fF__roL8p5mm__tee_fl160um_fc12_cg1p2um__rpg1p4um,4.75308547284,6.17343119835,5.396160117353439,238.3080880769413,5.979312965249873,3,fig5_cg3p5um_rpg2p5um__Lj12p0nH_Cj0p0fF__roL8p5mm__tee_fl160um_fc12,4.85348773769,6.38790903463,4.356288998512268,225.5893196577544,6.102737650921461,0.004601092170793086,0.10040226485000048,0.2144778362799995,1.0398711188411713,12.718768419186887,0.12342468567158793
Surrogate_Ridge,112,chip_simple_dx4p545_dym8p182__Lj12p0nH_Cj2p0fF__roL8p5mm__tee_fl160um_fc12_cg1p2um__rpg1p4um,4.75308547284,6.17343119835,5.396160117353439,238.3080880769413,5.979312965249873,4,fig5_cg3p0um_rpg3p0um__Lj12p0nH_Cj0p0fF__roL8p5mm__tee_fl160um_fc12,4.91022642408,6.30951729449,3.4180947746620176,181.0996536786009,5.916928558404827,0.005878643452862618,0.1571409512400006,0.13608609613999967,1.9780653426914214,57.20843439834039,0.062384406845046314
Surrogate_Ridge,112,chip_simple_dx4p545_dym8p182__Lj12p0nH_Cj2p0fF__roL8p5mm__tee_fl160um_fc12_cg1p2um__rpg1p4um,4.75308547284,6.17343119835,5.396160117353439,238.3080880769413,5.979312965249873,5,fig5_cg3p0um_rpg2p0um__Lj12p0nH_Cj0p0fF__roL8p5mm__tee_fl160um_fc12,4.85591843529,6.44095110726,4.270610977590561,230.04663618304903,6.1997071597004,0.009218218530065984,0.10283296244999995,0.26751990890999977,1.125549139762878,8.261451893892257,0.22039419445052655
Surrogate_Ridge,112,chip_simple_dx4p545_dym8p182__Lj12p0nH_Cj2p0fF__roL8p5mm__tee_fl160um_fc12_cg1p2um__rpg1p4um,4.75308547284,6.17343119835,5.396160117353439,238.3080880769413,5.979312965249873,6,fig5_cg3p5um_rpg1p5um__Lj12p0nH_Cj0p0fF__roL8p5mm__tee_fl160um_fc12,4.70486631048,6.33112792154,5.111963850152969,266.195772124899,6.191175501007713,0.013091618168858198,0.04821916235999968,0.15769672318999994,0.2841962672004703,27.88768404795772,0.21186253575783986
Surrogate_Ridge,112,chip_simple_dx4p545_dym8p182__Lj12p0nH_Cj2p0fF__roL8p5mm__tee_fl160um_fc12_cg1p2um__rpg1p4um,4.75308547284,6.17343119835,5.396160117353439,238.3080880769413,5.979312965249873,7,fig5_cg2p5um_rpg3p0um__Lj12p0nH_Cj0p0fF__roL8p5mm__tee_fl160um_fc12,4.8216114018,6.30639910885,4.078658870691299,212.78053759295764,5.96985922957307,0.013522668400522079,0.06852592896000065,0.13296791049999968,1.3175012466621396,25.527550483983646,0.009453735676802744
Surrogate_Ridge,112,chip_simple_dx4p545_dym8p182__Lj12p0nH_Cj2p0fF__roL8p5mm__tee_fl160um_fc12_cg1p2um__rpg1p4um,4.75308547284,6.17343119835,5.396160117353439,238.3080880769413,5.979312965249873,8,fig5_cg2p5um_rpg2p5um__Lj12p0nH_Cj0p0fF__roL8p5mm__tee_fl160um_fc12,4.86782605146,6.40620544852,4.850844314466476,237.9905673388129,6.17514285459043,0.018339915452410354,0.1147405786200002,0.23277425016999942,0.5453158028869627,0.317520738128394,0.19582988934055656
Surrogate_Ridge,112,chip_simple_dx4p545_dym8p182__Lj12p0nH_Cj2p0fF__roL8p5mm__tee_fl160um_fc12_cg1p2um__rpg1p4um,4.75308547284,6.17343119835,5.396160117353439,238.3080880769413,5.979312965249873,9,fig5_cg2p5um_rpg3p5um__Lj12p0nH_Cj0p0fF__roL8p5mm__tee_fl160um_fc12,4.90933450729,6.40357690957,3.7329917837715145,201.2880257934344,6.003674917928219,0.020151291296068744,0.15624903445000005,0.2301457112199996,1.6631683335819245,37.02006228350689,0.024361952678345844
Surrogate_Ridge,112,chip_simple_dx4p545_dym8p182__Lj12p0nH_Cj2p0fF__roL8p5mm__tee_fl160um_fc12_cg1p2um__rpg1p4um,4.75308547284,6.17343119835,5.396160117353439,238.3080880769413,5.979312965249873,10,fig5_cg4p0um_rpg2p5um__Lj12p0nH_Cj0p0fF__roL8p5mm__tee_fl160um_fc12,4.84081846419,6.4170299131,4.2439929298172,228.91083087667948,6.164372524451142,0.026666703911549138,0.08773299135000023,0.24359871475000006,1.1521671875362394,9.397257200261805,0.18505955920126915
Surrogate_Ridge,113,chip_simple_dx4p545_dy1p818__Lj12p0nH_Cj2p0fF__roL8p5mm__tee_fl160um_fc12_cg1p2um__rpg1p4um,4.69868257573,6.0187323908,6.370664913076401,244.86051310279487,5.748930898042892,1,fig5_cg3p0um_rpg2p0um__Lj12p0nH_Cj0p0fF__roL8p5mm__tee_fl160um_fc12,4.85591843529,6.44095110726,4.270610977590561,230.04663618304903,6.1997071597004,0.003515720172411166,0.1572358595599992,0.42221871645999975,2.10005393548584,14.813876919745837,0.4507762616575075
Surrogate_Ridge,113,chip_simple_dx4p545_dy1p818__Lj12p0nH_Cj2p0fF__roL8p5mm__tee_fl160um_fc12_cg1p2um__rpg1p4um,4.69868257573,6.0187323908,6.370664913076401,244.86051310279487,5.748930898042892,2,fig5_cg2p5um_rpg2p0um__Lj12p0nH_Cj0p0fF__roL8p5mm__tee_fl160um_fc12,4.82985966256,6.3640851834,4.45615377314949,229.1245415394613,6.124821045393385,0.0037858759981987873,0.1311770868299993,0.34535279259999996,1.914511139926911,15.735971563333578,0.37589014735049275
Surrogate_Ridge,113,chip_simple_dx4p545_dy1p818__Lj12p0nH_Cj2p0fF__roL8p5mm__tee_fl160um_fc12_cg1p2um__rpg1p4um,4.69868257573,6.0187323908,6.370664913076401,244.86051310279487,5.748930898042892,3,fig5_cg2p5um_rpg2p5um__Lj12p0nH_Cj0p0fF__roL8p5mm__tee_fl160um_fc12,4.86782605146,6.40620544852,4.850844314466476,237.9905673388129,6.17514285459043,0.005173159643478081,0.16914347572999944,0.3874730577199994,1.5198205986099245,6.869945763981974,0.4262119565475375
Surrogate_Ridge,113,chip_simple_dx4p545_dy1p818__Lj12p0nH_Cj2p0fF__roL8p5mm__tee_fl160um_fc12_cg1p2um__rpg1p4um,4.69868257573,6.0187323908,6.370664913076401,244.86051310279487,5.748930898042892,4,fig5_cg3p0um_rpg1p5um__Lj12p0nH_Cj0p0fF__roL8p5mm__tee_fl160um_fc12,4.80934135586,6.34266483957,4.7338018228397365,237.2002446708589,6.176728175579623,0.0055398814738259845,0.11065878012999963,0.32393244876999994,1.6368630902366643,7.660268431935975,0.42779727753673047
Surrogate_Ridge,113,chip_simple_dx4p545_dy1p818__Lj12p0nH_Cj2p0fF__roL8p5mm__tee_fl160um_fc12_cg1p2um__rpg1p4um,4.69868257573,6.0187323908,6.370664913076401,244.86051310279487,5.748930898042892,5,fig5_cg3p0um_rpg2p5um__Lj12p0nH_Cj0p0fF__roL8p5mm__tee_fl160um_fc12,4.89777742204,6.34923094667,4.391671866830825,213.14051325530752,6.096625432754106,0.010759718241518333,0.19909484630999952,0.3304985558699993,1.9789930462455754,31.719999847487344,0.3476945347112137
Surrogate_Ridge,113,chip_simple_dx4p545_dy1p818__Lj12p0nH_Cj2p0fF__roL8p5mm__tee_fl160um_fc12_cg1p2um__rpg1p4um,4.69868257573,6.0187323908,6.370664913076401,244.86051310279487,5.748930898042892,6,fig5_cg3p5um_rpg1p5um__Lj12p0nH_Cj0p0fF__roL8p5mm__tee_fl160um_fc12,4.70486631048,6.33112792154,5.111963850152969,266.195772124899,6.191175501007713,0.01372788195588926,0.006183734749999559,0.3123955307399999,1.258701062923432,21.33525902210414,0.4422446029648208
Surrogate_Ridge,113,chip_simple_dx4p545_dy1p818__Lj12p0nH_Cj2p0fF__roL8p5mm__tee_fl160um_fc12_cg1p2um__rpg1p4um,4.69868257573,6.0187323908,6.370664913076401,244.86051310279487,5.748930898042892,7,fig5_cg2p0um_rpg2p5um__Lj12p0nH_Cj0p0fF__roL8p5mm__tee_fl160um_fc12,4.88081947033,6.29200362079,4.710222612869263,215.78136757047287,6.007573423867593,0.013901471777116618,0.18213689459999927,0.27327122998999975,1.660442300207138,29.079145532322002,0.25864252582470115
Surrogate_Ridge,113,chip_simple_dx4p545_dy1p818__Lj12p0nH_Cj2p0fF__roL8p5mm__tee_fl160um_fc12_cg1p2um__rpg1p4um,4.69868257573,6.0187323908,6.370664913076401,244.86051310279487,5.748930898042892,8,fig5_cg2p5um_rpg3p0um__Lj12p0nH_Cj0p0fF__roL8p5mm__tee_fl160um_fc12,4.8216114018,6.30639910885,4.078658870691299,212.78053759295764,5.96985922957307,0.015828602659279364,0.12292882606999989,0.28766671804999966,2.2920060423851014,32.079975509837226,0.2209283315301782
Surrogate_Ridge,113,chip_simple_dx4p545_dy1p818__Lj12p0nH_Cj2p0fF__roL8p5mm__tee_fl160um_fc12_cg1p2um__rpg1p4um,4.69868257573,6.0187323908,6.370664913076401,244.86051310279487,5.748930898042892,9,fig5_cg3p0um_rpg1p0um__Lj12p0nH_Cj0p0fF__roL8p5mm__tee_fl160um_fc12,4.5918495592,6.3683346429,6.310808488025665,329.7787087605889,6.339102179225892,0.016832202145762785,0.10683301653000044,0.3496022520999995,0.05985642505073585,84.91819565779406,0.5901712811830002
Surrogate_Ridge,113,chip_simple_dx4p545_dy1p818__Lj12p0nH_Cj2p0fF__roL8p5mm__tee_fl160um_fc12_cg1p2um__rpg1p4um,4.69868257573,6.0187323908,6.370664913076401,244.86051310279487,5.748930898042892,10,fig5_cg3p5um_rpg2p0um__Lj12p0nH_Cj0p0fF__roL8p5mm__tee_fl160um_fc12,4.78544785971,6.42909571039,4.586441499513626,250.3896145461569,6.177842469599042,0.01756043507830232,0.08676528397999927,0.41036331959000005,1.784223413562775,5.529101443362038,0.42891157155615023
Surrogate_Ridge,114,chip_simple_dx5p455_dym4p545__Lj12p0nH_Cj2p0fF__roL8p5mm__tee_fl160um_fc12_cg1p2um__rpg1p4um,4.69472936147,5.99210974881,6.508161545293808,243.8217298199476,5.725711006734401,1,fig5_cg2p5um_rpg2p0um__Lj12p0nH_Cj0p0fF__roL8p5mm__tee_fl160um_fc12,4.82985966256,6.3640851834,4.45615377314949,229.1245415394613,6.124821045393385,0.002751744751146432,0.13513030108999935,0.3719754345900004,2.052007772144318,14.697188280486301,0.39911003865898387
Surrogate_Ridge,114,chip_simple_dx5p455_dym4p545__Lj12p0nH_Cj2p0fF__roL8p5mm__tee_fl160um_fc12_cg1p2um__rpg1p4um,4.69472936147,5.99210974881,6.508161545293808,243.8217298199476,5.725711006734401,2,fig5_cg3p0um_rpg2p0um__Lj12p0nH_Cj0p0fF__roL8p5mm__tee_fl160um_fc12,4.85591843529,6.44095110726,4.270610977590561,230.04663618304903,6.1997071597004,0.005210904039269798,0.16118907381999925,0.44884135845000017,2.237550567703247,13.77509363689856,0.4739961529659986
Surrogate_Ridge,114,chip_simple_dx5p455_dym4p545__Lj12p0nH_Cj2p0fF__roL8p5mm__tee_fl160um_fc12_cg1p2um__rpg1p4um,4.69472936147,5.99210974881,6.508161545293808,243.8217298199476,5.725711006734401,3,fig5_cg2p5um_rpg2p5um__Lj12p0nH_Cj0p0fF__roL8p5mm__tee_fl160um_fc12,4.86782605146,6.40620544852,4.850844314466476,237.9905673388129,6.17514285459043,0.005461368781342985,0.1730966899899995,0.4140956997099998,1.6573172308273314,5.831162481134697,0.44943184785602863
Surrogate_Ridge,114,chip_simple_dx5p455_dym4p545__Lj12p0nH_Cj2p0fF__roL8p5mm__tee_fl160um_fc12_cg1p2um__rpg1p4um,4.69472936147,5.99210974881,6.508161545293808,243.8217298199476,5.725711006734401,4,fig5_cg3p0um_rpg1p5um__Lj12p0nH_Cj0p0fF__roL8p5mm__tee_fl160um_fc12,4.80934135586,6.34266483957,4.7338018228397365,237.2002446708589,6.176728175579623,0.006088911753527678,0.1146119943899997,0.35055509076000035,1.7743597224540713,6.621485149088699,0.4510171688452216
Surrogate_Ridge,114,chip_simple_dx5p455_dym4p545__Lj12p0nH_Cj2p0fF__roL8p5mm__tee_fl160um_fc12_cg1p2um__rpg1p4um,4.69472936147,5.99210974881,6.508161545293808,243.8217298199476,5.725711006734401,5,fig5_cg2p0um_rpg2p5um__Lj12p0nH_Cj0p0fF__roL8p5mm__tee_fl160um_fc12,4.88081947033,6.29200362079,4.710222612869263,215.78136757047287,6.007573423867593,0.011296052037203328,0.18609010885999933,0.29989387198000017,1.797938932424545,28.040362249474725,0.28186241713319227
Surrogate_Ridge,114,chip_simple_dx5p455_dym4p545__Lj12p0nH_Cj2p0fF__roL8p5mm__tee_fl160um_fc12_cg1p2um__rpg1p4um,4.69472936147,5.99210974881,6.508161545293808,243.8217298199476,5.725711006734401,6,fig5_cg3p0um_rpg2p5um__Lj12p0nH_Cj0p0fF__roL8p5mm__tee_fl160um_fc12,4.89777742204,6.34923094667,4.391671866830825,213.14051325530752,6.096625432754106,0.01342884214240471,0.20304806056999958,0.35712119785999974,2.1164896784629823,30.681216564640067,0.3709144260197048
Surrogate_Ridge,114,chip_simple_dx5p455_dym4p545__Lj12p0nH_Cj2p0fF__roL8p5mm__tee_fl160um_fc12_cg1p2um__rpg1p4um,4.69472936147,5.99210974881,6.508161545293808,243.8217298199476,5.725711006734401,7,fig5_cg3p0um_rpg1p0um__Lj12p0nH_Cj0p0fF__roL8p5mm__tee_fl160um_fc12,4.5918495592,6.3683346429,6.310808488025665,329.7787087605889,6.339102179225892,0.016062865285178352,0.10287980227000038,0.37622489408999993,0.19735305726814278,85.95697894064133,0.6133911724914913
Surrogate_Ridge,114,chip_simple_dx5p455_dym4p545__Lj12p0nH_Cj2p0fF__roL8p5mm__tee_fl160um_fc12_cg1p2um__rpg1p4um,4.69472936147,5.99210974881,6.508161545293808,243.8217298199476,5.725711006734401,8,fig5_cg3p5um_rpg1p5um__Lj12p0nH_Cj0p0fF__roL8p5mm__tee_fl160um_fc12,4.70486631048,6.33112792154,5.111963850152969,266.195772124899,6.191175501007713,0.01684191358563473,0.010136949009999618,0.33901817273000034,1.396197695140839,22.374042304951416,0.46546449427331194
Surrogate_Ridge,114,chip_simple_dx5p455_dym4p545__Lj12p0nH_Cj2p0fF__roL8p5mm__tee_fl160um_fc12_cg1p2um__rpg1p4um,4.69472936147,5.99210974881,6.508161545293808,243.8217298199476,5.725711006734401,9,fig5_cg2p5um_rpg3p0um__Lj12p0nH_Cj0p0fF__roL8p5mm__tee_fl160um_fc12,4.8216114018,6.30639910885,4.078658870691299,212.78053759295764,5.96985922957307,0.017266938628932336,0.12688204032999995,0.3142893600400001,2.4295026746025083,31.04119222698995,0.24414822283866933
Surrogate_Ridge,114,chip_simple_dx5p455_dym4p545__Lj12p0nH_Cj2p0fF__roL8p5mm__tee_fl160um_fc12_cg1p2um__rpg1p4um,4.69472936147,5.99210974881,6.508161545293808,243.8217298199476,5.725711006734401,10,fig5_cg2p0um_rpg3p0um__Lj12p0nH_Cj0p0fF__roL8p5mm__tee_fl160um_fc12,4.90691227134,6.26460466713,4.076762608140945,192.584502898011,5.878506475506168,0.01759330781185433,0.2121829098700001,0.2724949183200005,2.4313989371528626,51.23722692193658,0.15279546877176653
Surrogate_Ridge,115,chip_simple_dx6p364_dym3p636__Lj12p0nH_Cj2p0fF__roL8p5mm__tee_fl160um_fc12_cg1p2um__rpg1p4um,4.71402075523,6.0245119494,5.5386759384231565,225.8283250558296,5.6832973122206925,1,fig5_cg3p0um_rpg2p5um__Lj12p0nH_Cj0p0fF__roL8p5mm__tee_fl160um_fc12,4.89777742204,6.34923094667,4.391671866830825,213.14051325530752,6.096625432754106,0.003563537475847096,0.1837566668099999,0.32471899726999975,1.147004071592331,12.68781180052207,0.4133281205334134
Surrogate_Ridge,115,chip_simple_dx6p364_dym3p636__Lj12p0nH_Cj2p0fF__roL8p5mm__tee_fl160um_fc12_cg1p2um__rpg1p4um,4.71402075523,6.0245119494,5.5386759384231565,225.8283250558296,5.6832973122206925,2,fig5_cg3p0um_rpg3p0um__Lj12p0nH_Cj0p0fF__roL8p5mm__tee_fl160um_fc12,4.91022642408,6.30951729449,3.4180947746620176,181.0996536786009,5.916928558404827,0.006280275339680028,0.19620566885000024,0.2850053450900001,2.120581163761139,44.72867137722869,0.23363124618413433
Surrogate_Ridge,115,chip_simple_dx6p364_dym3p636__Lj12p0nH_Cj2p0fF__roL8p5mm__tee_fl160um_fc12_cg1p2um__rpg1p4um,4.71402075523,6.0245119494,5.5386759384231565,225.8283250558296,5.6832973122206925,3,fig5_cg2p5um_rpg3p0um__Lj12p0nH_Cj0p0fF__roL8p5mm__tee_fl160um_fc12,4.8216114018,6.30639910885,4.078658870691299,212.78053759295764,5.96985922957307,0.007322296335411091,0.10759064657000028,0.2818871594500001,1.4600170677318571,13.047787462871952,0.2865619173523779
Surrogate_Ridge,115,chip_simple_dx6p364_dym3p636__Lj12p0nH_Cj2p0fF__roL8p5mm__tee_fl160um_fc12_cg1p2um__rpg1p4um,4.71402075523,6.0245119494,5.5386759384231565,225.8283250558296,5.6832973122206925,4,fig5_cg3p0um_rpg2p0um__Lj12p0nH_Cj0p0fF__roL8p5mm__tee_fl160um_fc12,4.85591843529,6.44095110726,4.270610977590561,230.04663618304903,6.1997071597004,0.012437877601896099,0.1418976800599996,0.4164391578600002,1.2680649608325956,4.218311127219437,0.5164098474797072
Surrogate_Ridge,115,chip_simple_dx6p364_dym3p636__Lj12p0nH_Cj2p0fF__roL8p5mm__tee_fl160um_fc12_cg1p2um__rpg1p4um,4.71402075523,6.0245119494,5.5386759384231565,225.8283250558296,5.6832973122206925,5,fig5_cg2p5um_rpg2p5um__Lj12p0nH_Cj0p0fF__roL8p5mm__tee_fl160um_fc12,4.86782605146,6.40620544852,4.850844314466476,237.9905673388129,6.17514285459043,0.012668485047804282,0.15380529622999983,0.38169349911999984,0.6878316239566802,12.1622422829833,0.4918455423697372
Surrogate_Ridge,115,chip_simple_dx6p364_dym3p636__Lj12p0nH_Cj2p0fF__roL8p5mm__tee_fl160um_fc12_cg1p2um__rpg1p4um,4.71402075523,6.0245119494,5.5386759384231565,225.8283250558296,5.6832973122206925,6,fig5_cg3p5um_rpg2p5um__Lj12p0nH_Cj0p0fF__roL8p5mm__tee_fl160um_fc12,4.85348773769,6.38790903463,4.356288998512268,225.5893196577544,6.102737650921461,0.013022664033830091,0.1394669824600001,0.3633970852299999,1.1823869399108888,0.23900539807519294,0.4194403387007686
Surrogate_Ridge,115,chip_simple_dx6p364_dym3p636__Lj12p0nH_Cj2p0fF__roL8p5mm__tee_fl160um_fc12_cg1p2um__rpg1p4um,4.71402075523,6.0245119494,5.5386759384231565,225.8283250558296,5.6832973122206925,7,fig5_cg2p5um_rpg3p5um__Lj12p0nH_Cj0p0fF__roL8p5mm__tee_fl160um_fc12,4.90933450729,6.40357690957,3.7329917837715145,201.2880257934344,6.003674917928219,0.01356718561289983,0.19531375205999968,0.37906496017,1.805684154651642,24.540299262395195,0.3203776057075265
Surrogate_Ridge,115,chip_simple_dx6p364_dym3p636__Lj12p0nH_Cj2p0fF__roL8p5mm__tee_fl160um_fc12_cg1p2um__rpg1p4um,4.71402075523,6.0245119494,5.5386759384231565,225.8283250558296,5.6832973122206925,8,fig5_cg3p5um_rpg2p0um__Lj12p0nH_Cj0p0fF__roL8p5mm__tee_fl160um_fc12,4.78544785971,6.42909571039,4.586441499513626,250.3896145461569,6.177842469599042,0.01383407758365297,0.07142710447999967,0.4045837609900005,0.9522344389095307,24.56128949032731,0.4945451573783499
Surrogate_Ridge,115,chip_simple_dx6p364_dym3p636__Lj12p0nH_Cj2p0fF__roL8p5mm__tee_fl160um_fc12_cg1p2um__rpg1p4um,4.71402075523,6.0245119494,5.5386759384231565,225.8283250558296,5.6832973122206925,9,fig5_cg2p0um_rpg3p5um__Lj12p0nH_Cj0p0fF__roL8p5mm__tee_fl160um_fc12,4.92988654864,6.34828832398,4.071626393825531,199.5447640637109,5.952483565984568,0.025110354162344965,0.2158657934099999,0.3237763745800004,1.467049544597626,26.28356099211871,0.26918625376387517
Surrogate_Ridge,115,chip_simple_dx6p364_dym3p636__Lj12p0nH_Cj2p0fF__roL8p5mm__tee_fl160um_fc12_cg1p2um__rpg1p4um,4.71402075523,6.0245119494,5.5386759384231565,225.8283250558296,5.6832973122206925,10,fig5_cg3p5um_rpg1p5um__Lj12p0nH_Cj0p0fF__roL8p5mm__tee_fl160um_fc12,4.70486631048,6.33112792154,5.111963850152969,266.195772124899,6.191175501007713,0.02623656912335776,0.009154444750000046,0.30661597214000036,0.4267120882701878,40.367447069069414,0.5078781887870205
Surrogate_Ridge,116,chip_simple_dx6p364_dy1p818__Lj12p0nH_Cj2p0fF__roL8p5mm__tee_fl160um_fc12_cg1p2um__rpg1p4um,4.78660549975,6.1040397152,5.110710218223572,214.76827989123595,5.886049446197547,1,fig5_cg3p0um_rpg3p0um__Lj12p0nH_Cj0p0fF__roL8p5mm__tee_fl160um_fc12,4.91022642408,6.30951729449,3.4180947746620176,181.0996536786009,5.916928558404827,0.0010127009115113309,0.12362092432999994,0.2054775792900001,1.6926154435615541,33.66862621263505,0.03087911220727957
Surrogate_Ridge,116,chip_simple_dx6p364_dy1p818__Lj12p0nH_Cj2p0fF__roL8p5mm__tee_fl160um_fc12_cg1p2um__rpg1p4um,4.78660549975,6.1040397152,5.110710218223572,214.76827989123595,5.886049446197547,2,fig5_cg2p5um_rpg3p5um__Lj12p0nH_Cj0p0fF__roL8p5mm__tee_fl160um_fc12,4.90933450729,6.40357690957,3.7329917837715145,201.2880257934344,6.003674917928219,0.008743565706358576,0.12272900753999938,0.29953719437000004,1.3777184344520572,13.480254097801549,0.11762547173067173
Surrogate_Ridge,116,chip_simple_dx6p364_dy1p818__Lj12p0nH_Cj2p0fF__roL8p5mm__tee_fl160um_fc12_cg1p2um__rpg1p4um,4.78660549975,6.1040397152,5.110710218223572,214.76827989123595,5.886049446197547,3,fig5_cg3p5um_rpg2p5um__Lj12p0nH_Cj0p0fF__roL8p5mm__tee_fl160um_fc12,4.85348773769,6.38790903463,4.356288998512268,225.5893196577544,6.102737650921461,0.008778605437178023,0.06688223793999981,0.28386931942999993,0.754421219711304,10.821039766518453,0.2166882047239138
Surrogate_Ridge,116,chip_simple_dx6p364_dy1p818__Lj12p0nH_Cj2p0fF__roL8p5mm__tee_fl160um_fc12_cg1p2um__rpg1p4um,4.78660549975,6.1040397152,5.110710218223572,214.76827989123595,5.886049446197547,4,fig5_cg3p0um_rpg2p5um__Lj12p0nH_Cj0p0fF__roL8p5mm__tee_fl160um_fc12,4.89777742204,6.34923094667,4.391671866830825,213.14051325530752,6.096625432754106,0.009125728121422183,0.11117192228999961,0.24519123146999977,0.7190383513927463,1.627766635928424,0.21057598655655863
Surrogate_Ridge,116,chip_simple_dx6p364_dy1p818__Lj12p0nH_Cj2p0fF__roL8p5mm__tee_fl160um_fc12_cg1p2um__rpg1p4um,4.78660549975,6.1040397152,5.110710218223572,214.76827989123595,5.886049446197547,5,fig5_cg2p5um_rpg3p0um__Lj12p0nH_Cj0p0fF__roL8p5mm__tee_fl160um_fc12,4.8216114018,6.30639910885,4.078658870691299,212.78053759295764,5.96985922957307,0.01327021454098487,0.03500590204999998,0.2023593936500001,1.0320513475322723,1.987742298278306,0.08380978337552314
Surrogate_Ridge,116,chip_simple_dx6p364_dy1p818__Lj12p0nH_Cj2p0fF__roL8p5mm__tee_fl160um_fc12_cg1p2um__rpg1p4um,4.78660549975,6.1040397152,5.110710218223572,214.76827989123595,5.886049446197547,6,fig5_cg2p5um_rpg4p0um__Lj12p0nH_Cj0p0fF__roL8p5mm__tee_fl160um_fc12,4.97746029131,6.34846078021,3.4394829423675537,176.0279190752371,5.892001031860305,0.017454807516456467,0.19085479155999963,0.24442106501000005,1.671227275856018,38.740360815998855,0.005951585662757886
Surrogate_Ridge,116,chip_simple_dx6p364_dy1p818__Lj12p0nH_Cj2p0fF__roL8p5mm__tee_fl160um_fc12_cg1p2um__rpg1p4um,4.78660549975,6.1040397152,5.110710218223572,214.76827989123595,5.886049446197547,7,fig5_cg3p5um_rpg2p0um__Lj12p0nH_Cj0p0fF__roL8p5mm__tee_fl160um_fc12,4.78544785971,6.42909571039,4.586441499513626,250.3896145461569,6.177842469599042,0.020478011022373448,0.0011576400400006293,0.3250559951900005,0.524268718709946,35.62133465492096,0.29179302340149516
Surrogate_Ridge,116,chip_simple_dx6p364_dy1p818__Lj12p0nH_Cj2p0fF__roL8p5mm__tee_fl160um_fc12_cg1p2um__rpg1p4um,4.78660549975,6.1040397152,5.110710218223572,214.76827989123595,5.886049446197547,8,fig5_cg3p0um_rpg4p0um__Lj12p0nH_Cj0p0fF__roL8p5mm__tee_fl160um_fc12,4.940704631,6.42408762791,3.4702477960357663,191.51572092370972,6.040377137923779,0.02450031842586218,0.15409913124999974,0.32004791270999977,1.6404624221878055,23.252558967526227,0.15432769172623217
Surrogate_Ridge,116,chip_simple_dx6p364_dy1p818__Lj12p0nH_Cj2p0fF__roL8p5mm__tee_fl160um_fc12_cg1p2um__rpg1p4um,4.78660549975,6.1040397152,5.110710218223572,214.76827989123595,5.886049446197547,9,fig5_cg3p5um_rpg3p5um__Lj12p0nH_Cj0p0fF__roL8p5mm__tee_fl160um_fc12,4.88834773081,6.55440012204,3.58235393236351,219.15970791952185,6.190036689460878,0.025093466200959796,0.10174223105999936,0.4503604068399998,1.528356285860062,4.391428028285901,0.3039872432633306
Surrogate_Ridge,116,chip_simple_dx6p364_dy1p818__Lj12p0nH_Cj2p0fF__roL8p5mm__tee_fl160um_fc12_cg1p2um__rpg1p4um,4.78660549975,6.1040397152,5.110710218223572,214.76827989123595,5.886049446197547,10,fig5_cg4p0um_rpg2p5um__Lj12p0nH_Cj0p0fF__roL8p5mm__tee_fl160um_fc12,4.84081846419,6.4170299131,4.2439929298172,228.91083087667948,6.164372524451142,0.02999338596760289,0.05421296443999957,0.3129901979000005,0.8667172884063721,14.142550985443535,0.27832307825359504
Surrogate_Ridge,117,chip_simple_dx7p273_dym6p364__Lj12p0nH_Cj2p0fF__roL8p5mm__tee_fl160um_fc12_cg1p2um__rpg1p4um,4.7503430357,6.17492619199,5.804041626502991,248.14376491460783,5.971500738296518,1,fig5_cg3p0um_rpg2p0um__Lj12p0nH_Cj0p0fF__roL8p5mm__tee_fl160um_fc12,4.85591843529,6.44095110726,4.270610977590561,230.04663618304903,6.1997071597004,0.0014404255501476288,0.10557539958999929,0.26602491527000005,1.5334306489124296,18.097128731558797,0.2282064214038817
Surrogate_Ridge,117,chip_simple_dx7p273_dym6p364__Lj12p0nH_Cj2p0fF__roL8p5mm__tee_fl160um_fc12_cg1p2um__rpg1p4um,4.7503430357,6.17492619199,5.804041626502991,248.14376491460783,5.971500738296518,2,fig5_cg3p0um_rpg2p5um__Lj12p0nH_Cj0p0fF__roL8p5mm__tee_fl160um_fc12,4.89777742204,6.34923094667,4.391671866830825,213.14051325530752,6.096625432754106,0.002998111670693918,0.1474343863399996,0.17430475467999962,1.4123697596721652,35.003251659300304,0.1251246944575879
Surrogate_Ridge,117,chip_simple_dx7p273_dym6p364__Lj12p0nH_Cj2p0fF__roL8p5mm__tee_fl160um_fc12_cg1p2um__rpg1p4um,4.7503430357,6.17492619199,5.804041626502991,248.14376491460783,5.971500738296518,3,fig5_cg3p5um_rpg2p0um__Lj12p0nH_Cj0p0fF__roL8p5mm__tee_fl160um_fc12,4.78544785971,6.42909571039,4.586441499513626,250.3896145461569,6.177842469599042,0.003831883182410608,0.03510482400999937,0.25416951840000035,1.2176001269893648,2.2458496315490777,0.20634173130252442
Surrogate_Ridge,117,chip_simple_dx7p273_dym6p364__Lj12p0nH_Cj2p0fF__roL8p5mm__tee_fl160um_fc12_cg1p2um__rpg1p4um,4.7503430357,6.17492619199,5.804041626502991,248.14376491460783,5.971500738296518,4,fig5_cg3p5um_rpg1p5um__Lj12p0nH_Cj0p0fF__roL8p5mm__tee_fl160um_fc12,4.70486631048,6.33112792154,5.111963850152969,266.195772124899,6.191175501007713,0.0049095109556275204,0.04547672522000035,0.15620172955000022,0.6920777763500219,18.05200721029118,0.21967476271119502
Surrogate_Ridge,117,chip_simple_dx7p273_dym6p364__Lj12p0nH_Cj2p0fF__roL8p5mm__tee_fl160um_fc12_cg1p2um__rpg1p4um,4.7503430357,6.17492619199,5.804041626502991,248.14376491460783,5.971500738296518,5,fig5_cg2p5um_rpg2p5um__Lj12p0nH_Cj0p0fF__roL8p5mm__tee_fl160um_fc12,4.86782605146,6.40620544852,4.850844314466476,237.9905673388129,6.17514285459043,0.009898253334732243,0.11748301575999953,0.2312792565299997,0.9531973120365143,10.153197575794934,0.2036421162939117
Surrogate_Ridge,117,chip_simple_dx7p273_dym6p364__Lj12p0nH_Cj2p0fF__roL8p5mm__tee_fl160um_fc12_cg1p2um__rpg1p4um,4.7503430357,6.17492619199,5.804041626502991,248.14376491460783,5.971500738296518,6,fig5_cg3p0um_rpg1p5um__Lj12p0nH_Cj0p0fF__roL8p5mm__tee_fl160um_fc12,4.80934135586,6.34266483957,4.7338018228397365,237.2002446708589,6.176728175579623,0.010054288911362369,0.05899832015999973,0.16773864758000023,1.070239803663254,10.943520243748935,0.20522743728310466
Surrogate_Ridge,117,chip_simple_dx7p273_dym6p364__Lj12p0nH_Cj2p0fF__roL8p5mm__tee_fl160um_fc12_cg1p2um__rpg1p4um,4.7503430357,6.17492619199,5.804041626502991,248.14376491460783,5.971500738296518,7,fig5_cg3p5um_rpg2p5um__Lj12p0nH_Cj0p0fF__roL8p5mm__tee_fl160um_fc12,4.85348773769,6.38790903463,4.356288998512268,225.5893196577544,6.102737650921461,0.012925804890954717,0.10314470198999981,0.21298284263999978,1.447752627990723,22.554445256853427,0.13123691262494308
Surrogate_Ridge,117,chip_simple_dx7p273_dym6p364__Lj12p0nH_Cj2p0fF__roL8p5mm__tee_fl160um_fc12_cg1p2um__rpg1p4um,4.7503430357,6.17492619199,5.804041626502991,248.14376491460783,5.971500738296518,8,fig5_cg2p5um_rpg3p0um__Lj12p0nH_Cj0p0fF__roL8p5mm__tee_fl160um_fc12,4.8216114018,6.30639910885,4.078658870691299,212.78053759295764,5.96985922957307,0.014091253349041743,0.07126836609999998,0.13147291685999996,1.7253827558116912,35.363227321650186,0.0016415087234475934
Surrogate_Ridge,117,chip_simple_dx7p273_dym6p364__Lj12p0nH_Cj2p0fF__roL8p5mm__tee_fl160um_fc12_cg1p2um__rpg1p4um,4.7503430357,6.17492619199,5.804041626502991,248.14376491460783,5.971500738296518,9,fig5_cg3p0um_rpg3p0um__Lj12p0nH_Cj0p0fF__roL8p5mm__tee_fl160um_fc12,4.91022642408,6.30951729449,3.4180947746620176,181.0996536786009,5.916928558404827,0.014727347273001228,0.15988338837999994,0.13459110249999995,2.385946851840973,67.04411123600693,0.054572179891691164
Surrogate_Ridge,117,chip_simple_dx7p273_dym6p364__Lj12p0nH_Cj2p0fF__roL8p5mm__tee_fl160um_fc12_cg1p2um__rpg1p4um,4.7503430357,6.17492619199,5.804041626502991,248.14376491460783,5.971500738296518,10,fig5_cg2p5um_rpg2p0um__Lj12p0nH_Cj0p0fF__roL8p5mm__tee_fl160um_fc12,4.82985966256,6.3640851834,4.45615377314949,229.1245415394613,6.124821045393385,0.01587680280218377,0.07951662685999938,0.18915899141000025,1.3478878533535008,19.019223375146538,0.15332030709686695
Surrogate_Ridge,118,chip_simple_dx8p182_dym5p455__Lj12p0nH_Cj2p0fF__roL8p5mm__tee_fl160um_fc12_cg1p2um__rpg1p4um,4.73816341164,6.10905258679,5.354065241529464,230.3995690846008,5.852343747262508,1,fig5_cg3p0um_rpg2p5um__Lj12p0nH_Cj0p0fF__roL8p5mm__tee_fl160um_fc12,4.89777742204,6.34923094667,4.391671866830825,213.14051325530752,6.096625432754106,0.0024702855413245785,0.15961401039999945,0.2401783598799998,0.9623933746986388,17.25905582929329,0.24428168549159768
Surrogate_Ridge,118,chip_simple_dx8p182_dym5p455__Lj12p0nH_Cj2p0fF__roL8p5mm__tee_fl160um_fc12_cg1p2um__rpg1p4um,4.73816341164,6.10905258679,5.354065241529464,230.3995690846008,5.852343747262508,2,fig5_cg3p0um_rpg3p0um__Lj12p0nH_Cj0p0fF__roL8p5mm__tee_fl160um_fc12,4.91022642408,6.30951729449,3.4180947746620176,181.0996536786009,5.916928558404827,0.0037777642707873594,0.17206301243999977,0.20046470770000013,1.9359704668674467,49.29991540599991,0.06458481114231862
Surrogate_Ridge,118,chip_simple_dx8p182_dym5p455__Lj12p0nH_Cj2p0fF__roL8p5mm__tee_fl160um_fc12_cg1p2um__rpg1p4um,4.73816341164,6.10905258679,5.354065241529464,230.3995690846008,5.852343747262508,3,fig5_cg3p5um_rpg2p5um__Lj12p0nH_Cj0p0fF__roL8p5mm__tee_fl160um_fc12,4.85348773769,6.38790903463,4.356288998512268,225.5893196577544,6.102737650921461,0.006028647319646184,0.11532432604999965,0.27885644783999997,0.9977762430171966,4.810249426846411,0.25039390365895287
Surrogate_Ridge,118,chip_simple_dx8p182_dym5p455__Lj12p0nH_Cj2p0fF__roL8p5mm__tee_fl160um_fc12_cg1p2um__rpg1p4um,4.73816341164,6.10905258679,5.354065241529464,230.3995690846008,5.852343747262508,4,fig5_cg3p5um_rpg2p0um__Lj12p0nH_Cj0p0fF__roL8p5mm__tee_fl160um_fc12,4.78544785971,6.42909571039,4.586441499513626,250.3896145461569,6.177842469599042,0.007685757185222618,0.04728444806999921,0.32004312360000053,0.7676237420158385,19.990045461556093,0.3254987223365342
Surrogate_Ridge,118,chip_simple_dx8p182_dym5p455__Lj12p0nH_Cj2p0fF__roL8p5mm__tee_fl160um_fc12_cg1p2um__rpg1p4um,4.73816341164,6.10905258679,5.354065241529464,230.3995690846008,5.852343747262508,5,fig5_cg2p5um_rpg3p0um__Lj12p0nH_Cj0p0fF__roL8p5mm__tee_fl160um_fc12,4.8216114018,6.30639910885,4.078658870691299,212.78053759295764,5.96985922957307,0.010984585513511136,0.08344799015999982,0.19734652206000014,1.2754063708381649,17.61903149164317,0.11751548231056219
Surrogate_Ridge,118,chip_simple_dx8p182_dym5p455__Lj12p0nH_Cj2p0fF__roL8p5mm__tee_fl160um_fc12_cg1p2um__rpg1p4um,4.73816341164,6.10905258679,5.354065241529464,230.3995690846008,5.852343747262508,6,fig5_cg3p0um_rpg2p0um__Lj12p0nH_Cj0p0fF__roL8p5mm__tee_fl160um_fc12,4.85591843529,6.44095110726,4.270610977590561,230.04663618304903,6.1997071597004,0.013022114913402391,0.11775502364999912,0.33189852047000024,1.0834542639389033,0.3529329015517817,0.3473634124378915
Surrogate_Ridge,118,chip_simple_dx8p182_dym5p455__Lj12p0nH_Cj2p0fF__roL8p5mm__tee_fl160um_fc12_cg1p2um__rpg1p4um,4.73816341164,6.10905258679,5.354065241529464,230.3995690846008,5.852343747262508,7,fig5_cg2p5um_rpg3p5um__Lj12p0nH_Cj0p0fF__roL8p5mm__tee_fl160um_fc12,4.90933450729,6.40357690957,3.7329917837715145,201.2880257934344,6.003674917928219,0.015256652838013125,0.17117109564999922,0.29452432278000007,1.6210734577579498,29.111543291166413,0.15133117066571078
Surrogate_Ridge,118,chip_simple_dx8p182_dym5p455__Lj12p0nH_Cj2p0fF__roL8p5mm__tee_fl160um_fc12_cg1p2um__rpg1p4um,4.73816341164,6.10905258679,5.354065241529464,230.3995690846008,5.852343747262508,8,fig5_cg2p5um_rpg2p5um__Lj12p0nH_Cj0p0fF__roL8p5mm__tee_fl160um_fc12,4.86782605146,6.40620544852,4.850844314466476,237.9905673388129,6.17514285459043,0.018571826290549733,0.12966263981999937,0.2971528617299999,0.5032209270629879,7.5909982542120815,0.3227991073279215
Surrogate_Ridge,118,chip_simple_dx8p182_dym5p455__Lj12p0nH_Cj2p0fF__roL8p5mm__tee_fl160um_fc12_cg1p2um__rpg1p4um,4.73816341164,6.10905258679,5.354065241529464,230.3995690846008,5.852343747262508,9,fig5_cg3p5um_rpg1p5um__Lj12p0nH_Cj0p0fF__roL8p5mm__tee_fl160um_fc12,4.70486631048,6.33112792154,5.111963850152969,266.195772124899,6.191175501007713,0.021202175152339627,0.03329710116000051,0.2220753347500004,0.24210139137649556,35.796203040298195,0.3388317537452048
Surrogate_Ridge,118,chip_simple_dx8p182_dym5p455__Lj12p0nH_Cj2p0fF__roL8p5mm__tee_fl160um_fc12_cg1p2um__rpg1p4um,4.73816341164,6.10905258679,5.354065241529464,230.3995690846008,5.852343747262508,10,fig5_cg4p0um_rpg2p5um__Lj12p0nH_Cj0p0fF__roL8p5mm__tee_fl160um_fc12,4.84081846419,6.4170299131,4.2439929298172,228.91083087667948,6.164372524451142,0.02924691162551455,0.1026550525499994,0.3079773263100005,1.1100723117122646,1.4887382079213296,0.3120287771886341
Surrogate_Ridge,119,chip_simple_dx8p182_dym3p636__Lj12p0nH_Cj2p0fF__roL8p5mm__tee_fl160um_fc12_cg1p2um__rpg1p4um,4.72575545687,6.04494433563,5.9379728162078855,234.943394381694,5.777304605739439,1,fig5_cg3p0um_rpg2p5um__Lj12p0nH_Cj0p0fF__roL8p5mm__tee_fl160um_fc12,4.89777742204,6.34923094667,4.391671866830825,213.14051325530752,6.096625432754106,0.0033356489408402157,0.1720219651699999,0.3042866110399993,1.54630094937706,21.802881126386467,0.3193208270146668
Surrogate_Ridge,119,chip_simple_dx8p182_dym3p636__Lj12p0nH_Cj2p0fF__roL8p5mm__tee_fl160um_fc12_cg1p2um__rpg1p4um,4.72575545687,6.04494433563,5.9379728162078855,234.943394381694,5.777304605739439,2,fig5_cg3p0um_rpg2p0um__Lj12p0nH_Cj0p0fF__roL8p5mm__tee_fl160um_fc12,4.85591843529,6.44095110726,4.270610977590561,230.04663618304903,6.1997071597004,0.003539596236903699,0.13016297841999958,0.39600677162999975,1.6673618386173246,4.89675819864496,0.4224025539609606
Surrogate_Ridge,119,chip_simple_dx8p182_dym3p636__Lj12p0nH_Cj2p0fF__roL8p5mm__tee_fl160um_fc12_cg1p2um__rpg1p4um,4.72575545687,6.04494433563,5.9379728162078855,234.943394381694,5.777304605739439,3,fig5_cg2p5um_rpg2p5um__Lj12p0nH_Cj0p0fF__roL8p5mm__tee_fl160um_fc12,4.86782605146,6.40620544852,4.850844314466476,237.9905673388129,6.17514285459043,0.004602267575903129,0.14207059458999982,0.3612611128899994,1.0871285017414092,3.047172957118903,0.3978382488509906
Surrogate_Ridge,119,chip_simple_dx8p182_dym3p636__Lj12p0nH_Cj2p0fF__roL8p5mm__tee_fl160um_fc12_cg1p2um__rpg1p4um,4.72575545687,6.04494433563,5.9379728162078855,234.943394381694,5.777304605739439,4,fig5_cg2p5um_rpg3p0um__Lj12p0nH_Cj0p0fF__roL8p5mm__tee_fl160um_fc12,4.8216114018,6.30639910885,4.078658870691299,212.78053759295764,5.96985922957307,0.007884539461627612,0.09585594493000027,0.26145477321999966,1.8593139455165861,22.16285678873635,0.1925546238336313
Surrogate_Ridge,119,chip_simple_dx8p182_dym3p636__Lj12p0nH_Cj2p0fF__roL8p5mm__tee_fl160um_fc12_cg1p2um__rpg1p4um,4.72575545687,6.04494433563,5.9379728162078855,234.943394381694,5.777304605739439,5,fig5_cg3p5um_rpg2p0um__Lj12p0nH_Cj0p0fF__roL8p5mm__tee_fl160um_fc12,4.78544785971,6.42909571039,4.586441499513626,250.3896145461569,6.177842469599042,0.011686463566060224,0.05969240283999966,0.38415137476000005,1.3515313166942597,15.446220164462915,0.4005378638596033
Surrogate_Ridge,119,chip_simple_dx8p182_dym3p636__Lj12p0nH_Cj2p0fF__roL8p5mm__tee_fl160um_fc12_cg1p2um__rpg1p4um,4.72575545687,6.04494433563,5.9379728162078855,234.943394381694,5.777304605739439,6,fig5_cg2p5um_rpg2p0um__Lj12p0nH_Cj0p0fF__roL8p5mm__tee_fl160um_fc12,4.82985966256,6.3640851834,4.45615377314949,229.1245415394613,6.124821045393385,0.011688740350381506,0.10410420568999967,0.31914084776999996,1.4818190430583957,5.818852842232701,0.34751643965394585
Surrogate_Ridge,119,chip_simple_dx8p182_dym3p636__Lj12p0nH_Cj2p0fF__roL8p5mm__tee_fl160um_fc12_cg1p2um__rpg1p4um,4.72575545687,6.04494433563,5.9379728162078855,234.943394381694,5.777304605739439,7,fig5_cg3p0um_rpg3p0um__Lj12p0nH_Cj0p0fF__roL8p5mm__tee_fl160um_fc12,4.91022642408,6.30951729449,3.4180947746620176,181.0996536786009,5.916928558404827,0.013500446304979596,0.18447096721000023,0.26457295885999965,2.519878041545868,53.84374070309309,0.13962395266538774
Surrogate_Ridge,119,chip_simple_dx8p182_dym3p636__Lj12p0nH_Cj2p0fF__roL8p5mm__tee_fl160um_fc12_cg1p2um__rpg1p4um,4.72575545687,6.04494433563,5.9379728162078855,234.943394381694,5.777304605739439,8,fig5_cg3p0um_rpg1p5um__Lj12p0nH_Cj0p0fF__roL8p5mm__tee_fl160um_fc12,4.80934135586,6.34266483957,4.7338018228397365,237.2002446708589,6.176728175579623,0.01411228819317004,0.08358589899000002,0.29772050393999994,1.204170993368149,2.256850289164902,0.39942356984018357
Surrogate_Ridge,119,chip_simple_dx8p182_dym3p636__Lj12p0nH_Cj2p0fF__roL8p5mm__tee_fl160um_fc12_cg1p2um__rpg1p4um,4.72575545687,6.04494433563,5.9379728162078855,234.943394381694,5.777304605739439,9,fig5_cg3p5um_rpg1p5um__Lj12p0nH_Cj0p0fF__roL8p5mm__tee_fl160um_fc12,4.70486631048,6.33112792154,5.111963850152969,266.195772124899,6.191175501007713,0.015376630043911654,0.020889146390000057,0.2861835859099999,0.8260089660549168,31.252377743205017,0.4138708952682739
Surrogate_Ridge,119,chip_simple_dx8p182_dym3p636__Lj12p0nH_Cj2p0fF__roL8p5mm__tee_fl160um_fc12_cg1p2um__rpg1p4um,4.72575545687,6.04494433563,5.9379728162078855,234.943394381694,5.777304605739439,10,fig5_cg3p5um_rpg2p5um__Lj12p0nH_Cj0p0fF__roL8p5mm__tee_fl160um_fc12,4.85348773769,6.38790903463,4.356288998512268,225.5893196577544,6.102737650921461,0.018365041748411644,0.1277322808200001,0.3429646989999995,1.5816838176956178,9.35407472393959,0.325433045182022
Surrogate_Ridge,120,chip_simple_dx8p182_dy6p364__Lj12p0nH_Cj2p0fF__roL8p5mm__tee_fl160um_fc12_cg1p2um__rpg1p4um,4.8164099367,6.12097847271,5.243484284074783,214.32152718251388,5.892330069038773,1,fig5_cg3p0um_rpg3p0um__Lj12p0nH_Cj0p0fF__roL8p5mm__tee_fl160um_fc12,4.91022642408,6.30951729449,3.4180947746620176,181.0996536786009,5.916928558404827,0.0006417398894024384,0.09381648737999981,0.18853882177999992,1.8253895094127652,33.221873503912974,0.024598489366053577
Surrogate_Ridge,120,chip_simple_dx8p182_dy6p364__Lj12p0nH_Cj2p0fF__roL8p5mm__tee_fl160um_fc12_cg1p2um__rpg1p4um,4.8164099367,6.12097847271,5.243484284074783,214.32152718251388,5.892330069038773,2,fig5_cg3p0um_rpg2p5um__Lj12p0nH_Cj0p0fF__roL8p5mm__tee_fl160um_fc12,4.89777742204,6.34923094667,4.391671866830825,213.14051325530752,6.096625432754106,0.006594570888826109,0.08136748533999949,0.2282524739599996,0.8518124172439574,1.181013927206351,0.20429536371533263
Surrogate_Ridge,120,chip_simple_dx8p182_dy6p364__Lj12p0nH_Cj2p0fF__roL8p5mm__tee_fl160um_fc12_cg1p2um__rpg1p4um,4.8164099367,6.12097847271,5.243484284074783,214.32152718251388,5.892330069038773,3,fig5_cg2p5um_rpg3p5um__Lj12p0nH_Cj0p0fF__roL8p5mm__tee_fl160um_fc12,4.90933450729,6.40357690957,3.7329917837715145,201.2880257934344,6.003674917928219,0.006740999756200525,0.09292457058999926,0.28259843685999986,1.5104925003032683,13.033501389079476,0.11134484888944574
Surrogate_Ridge,120,chip_simple_dx8p182_dy6p364__Lj12p0nH_Cj2p0fF__roL8p5mm__tee_fl160um_fc12_cg1p2um__rpg1p4um,4.8164099367,6.12097847271,5.243484284074783,214.32152718251388,5.892330069038773,4,fig5_cg2p5um_rpg3p0um__Lj12p0nH_Cj0p0fF__roL8p5mm__tee_fl160um_fc12,4.8216114018,6.30639910885,4.078658870691299,212.78053759295764,5.96985922957307,0.008847756566849817,0.005201465099999858,0.18542063613999993,1.1648254133834834,1.5409895895562329,0.07752916053429715
Surrogate_Ridge,120,chip_simple_dx8p182_dy6p364__Lj12p0nH_Cj2p0fF__roL8p5mm__tee_fl160um_fc12_cg1p2um__rpg1p4um,4.8164099367,6.12097847271,5.243484284074783,214.32152718251388,5.892330069038773,5,fig5_cg3p5um_rpg2p5um__Lj12p0nH_Cj0p0fF__roL8p5mm__tee_fl160um_fc12,4.85348773769,6.38790903463,4.356288998512268,225.5893196577544,6.102737650921461,0.009947113181767914,0.03707780098999969,0.26693056191999975,0.8871952855625151,11.267792475240526,0.21040758188268782
Surrogate_Ridge,120,chip_simple_dx8p182_dy6p364__Lj12p0nH_Cj2p0fF__roL8p5mm__tee_fl160um_fc12_cg1p2um__rpg1p4um,4.8164099367,6.12097847271,5.243484284074783,214.32152718251388,5.892330069038773,6,fig5_cg2p5um_rpg4p0um__Lj12p0nH_Cj0p0fF__roL8p5mm__tee_fl160um_fc12,4.97746029131,6.34846078021,3.4394829423675537,176.0279190752371,5.892001031860305,0.017506081684073853,0.1610503546099995,0.22748230749999987,1.8040013417072291,38.29360810727678,0.00032903717846810565
Surrogate_Ridge,120,chip_simple_dx8p182_dy6p364__Lj12p0nH_Cj2p0fF__roL8p5mm__tee_fl160um_fc12_cg1p2um__rpg1p4um,4.8164099367,6.12097847271,5.243484284074783,214.32152718251388,5.892330069038773,7,fig5_cg3p5um_rpg2p0um__Lj12p0nH_Cj0p0fF__roL8p5mm__tee_fl160um_fc12,4.78544785971,6.42909571039,4.586441499513626,250.3896145461569,6.177842469599042,0.019746018369965982,0.030962076990000753,0.3081172376800003,0.6570427845611571,36.06808736364303,0.28551240056026916
Surrogate_Ridge,120,chip_simple_dx8p182_dy6p364__Lj12p0nH_Cj2p0fF__roL8p5mm__tee_fl160um_fc12_cg1p2um__rpg1p4um,4.8164099367,6.12097847271,5.243484284074783,214.32152718251388,5.892330069038773,8,fig5_cg2p5um_rpg2p5um__Lj12p0nH_Cj0p0fF__roL8p5mm__tee_fl160um_fc12,4.86782605146,6.40620544852,4.850844314466476,237.9905673388129,6.17514285459043,0.023826352116021746,0.05141611475999941,0.28522697580999967,0.3926399696083065,23.66904015629902,0.28281278555165645
Surrogate_Ridge,120,chip_simple_dx8p182_dy6p364__Lj12p0nH_Cj2p0fF__roL8p5mm__tee_fl160um_fc12_cg1p2um__rpg1p4um,4.8164099367,6.12097847271,5.243484284074783,214.32152718251388,5.892330069038773,9,fig5_cg3p0um_rpg2p0um__Lj12p0nH_Cj0p0fF__roL8p5mm__tee_fl160um_fc12,4.85591843529,6.44095110726,4.270610977590561,230.04663618304903,6.1997071597004,0.02541924062677243,0.039508498589999164,0.31997263455,0.9728733064842219,15.725109000535156,0.30737709066162644
Surrogate_Ridge,120,chip_simple_dx8p182_dy6p364__Lj12p0nH_Cj2p0fF__roL8p5mm__tee_fl160um_fc12_cg1p2um__rpg1p4um,4.8164099367,6.12097847271,5.243484284074783,214.32152718251388,5.892330069038773,10,fig5_cg2p0um_rpg3p5um__Lj12p0nH_Cj0p0fF__roL8p5mm__tee_fl160um_fc12,4.92988654864,6.34828832398,4.071626393825531,199.5447640637109,5.952483565984568,0.026505575404037106,0.11347661193999947,0.22730985127000025,1.1718578902492522,14.77676311880299,0.060153496945794416
Surrogate_Ridge,121,chip_simple_dx8p182_dy7p273__Lj12p0nH_Cj2p0fF__roL8p5mm__tee_fl160um_fc12_cg1p2um__rpg1p4um,4.69969106963,6.14084802289,5.903258055982589,255.60206895931188,5.914831339260037,1,fig5_cg3p0um_rpg2p0um__Lj12p0nH_Cj0p0fF__roL8p5mm__tee_fl160um_fc12,4.85591843529,6.44095110726,4.270610977590561,230.04663618304903,6.1997071597004,0.0017157608430920226,0.1562273656599995,0.3001030843699999,1.6326470783920284,25.555432776262847,0.2848758204403623
Surrogate_Ridge,121,chip_simple_dx8p182_dy7p273__Lj12p0nH_Cj2p0fF__roL8p5mm__tee_fl160um_fc12_cg1p2um__rpg1p4um,4.69969106963,6.14084802289,5.903258055982589,255.60206895931188,5.914831339260037,2,fig5_cg3p5um_rpg1p5um__Lj12p0nH_Cj0p0fF__roL8p5mm__tee_fl160um_fc12,4.70486631048,6.33112792154,5.111963850152969,266.195772124899,6.191175501007713,0.0032733700833577056,0.005175240849999874,0.19027989865000006,0.7912942058296206,10.59370316558713,0.2763441617476756
Surrogate_Ridge,121,chip_simple_dx8p182_dy7p273__Lj12p0nH_Cj2p0fF__roL8p5mm__tee_fl160um_fc12_cg1p2um__rpg1p4um,4.69969106963,6.14084802289,5.903258055982589,255.60206895931188,5.914831339260037,3,fig5_cg3p5um_rpg2p0um__Lj12p0nH_Cj0p0fF__roL8p5mm__tee_fl160um_fc12,4.78544785971,6.42909571039,4.586441499513626,250.3896145461569,6.177842469599042,0.0055288802299912,0.08575679007999959,0.2882476875000002,1.3168165564689636,5.212454413154973,0.26301113033900503
Surrogate_Ridge,121,chip_simple_dx8p182_dy7p273__Lj12p0nH_Cj2p0fF__roL8p5mm__tee_fl160um_fc12_cg1p2um__rpg1p4um,4.69969106963,6.14084802289,5.903258055982589,255.60206895931188,5.914831339260037,4,fig5_cg3p0um_rpg2p5um__Lj12p0nH_Cj0p0fF__roL8p5mm__tee_fl160um_fc12,4.89777742204,6.34923094667,4.391671866830825,213.14051325530752,6.096625432754106,0.006391271137305761,0.19808635240999983,0.20838292377999945,1.511586189151764,42.461555704004354,0.1817940934940685
Surrogate_Ridge,121,chip_simple_dx8p182_dy7p273__Lj12p0nH_Cj2p0fF__roL8p5mm__tee_fl160um_fc12_cg1p2um__rpg1p4um,4.69969106963,6.14084802289,5.903258055982589,255.60206895931188,5.914831339260037,5,fig5_cg3p0um_rpg1p5um__Lj12p0nH_Cj0p0fF__roL8p5mm__tee_fl160um_fc12,4.80934135586,6.34266483957,4.7338018228397365,237.2002446708589,6.176728175579623,0.006787713328387437,0.10965028622999995,0.20181681668000007,1.1694562331428529,18.401824288452985,0.26189683631958527
Surrogate_Ridge,121,chip_simple_dx8p182_dy7p273__Lj12p0nH_Cj2p0fF__roL8p5mm__tee_fl160um_fc12_cg1p2um__rpg1p4um,4.69969106963,6.14084802289,5.903258055982589,255.60206895931188,5.914831339260037,6,fig5_cg3p5um_rpg1p0um__Lj12p0nH_Cj0p0fF__roL8p5mm__tee_fl160um_fc12,4.65151549232,6.42206990109,5.782993409578324,310.4906595751157,6.336782825594393,0.01076532271623335,0.04817557731000033,0.2812218782000002,0.12026464640426493,54.88859061580385,0.42195148633435586
Surrogate_Ridge,121,chip_simple_dx8p182_dy7p273__Lj12p0nH_Cj2p0fF__roL8p5mm__tee_fl160um_fc12_cg1p2um__rpg1p4um,4.69969106963,6.14084802289,5.903258055982589,255.60206895931188,5.914831339260037,7,fig5_cg2p5um_rpg2p5um__Lj12p0nH_Cj0p0fF__roL8p5mm__tee_fl160um_fc12,4.86782605146,6.40620544852,4.850844314466476,237.9905673388129,6.17514285459043,0.0115283760101905,0.16813498182999975,0.26535742562999953,1.052413741516113,17.611501620498984,0.2603115153303923
Surrogate_Ridge,121,chip_simple_dx8p182_dy7p273__Lj12p0nH_Cj2p0fF__roL8p5mm__tee_fl160um_fc12_cg1p2um__rpg1p4um,4.69969106963,6.14084802289,5.903258055982589,255.60206895931188,5.914831339260037,8,fig5_cg2p5um_rpg2p0um__Lj12p0nH_Cj0p0fF__roL8p5mm__tee_fl160um_fc12,4.82985966256,6.3640851834,4.45615377314949,229.1245415394613,6.124821045393385,0.014180328347905667,0.1301685929299996,0.2232371605100001,1.4471042828330996,26.47752741985059,0.20998970613334755
Surrogate_Ridge,121,chip_simple_dx8p182_dy7p273__Lj12p0nH_Cj2p0fF__roL8p5mm__tee_fl160um_fc12_cg1p2um__rpg1p4um,4.69969106963,6.14084802289,5.903258055982589,255.60206895931188,5.914831339260037,9,fig5_cg3p5um_rpg2p5um__Lj12p0nH_Cj0p0fF__roL8p5mm__tee_fl160um_fc12,4.85348773769,6.38790903463,4.356288998512268,225.5893196577544,6.102737650921461,0.017531853156133856,0.15379666806000003,0.24706101173999961,1.5469690574703217,30.012749301557477,0.1879063116614237
Surrogate_Ridge,121,chip_simple_dx8p182_dy7p273__Lj12p0nH_Cj2p0fF__roL8p5mm__tee_fl160um_fc12_cg1p2um__rpg1p4um,4.69969106963,6.14084802289,5.903258055982589,255.60206895931188,5.914831339260037,10,fig5_cg2p5um_rpg3p0um__Lj12p0nH_Cj0p0fF__roL8p5mm__tee_fl160um_fc12,4.8216114018,6.30639910885,4.078658870691299,212.78053759295764,5.96985922957307,0.018623886451984484,0.1219203321700002,0.1655510859599998,1.82459918529129,42.821531366354236,0.05502789031303301
Surrogate_Ridge,122,chip_simple_dx10p000_dym9p091__Lj12p0nH_Cj2p0fF__roL8p5mm__tee_fl160um_fc12_cg1p2um__rpg1p4um,4.74335442636,5.96352019986,5.678793174303054,212.85016882186287,5.680023776609713,1,fig5_cg2p5um_rpg3p0um__Lj12p0nH_Cj0p0fF__roL8p5mm__tee_fl160um_fc12,4.8216114018,6.30639910885,4.078658870691299,212.78053759295764,5.96985922957307,0.003291182861745725,0.07825697544000043,0.3428789089900004,1.600134303611755,0.069631228905223,0.28983545296335755
Surrogate_Ridge,122,chip_simple_dx10p000_dym9p091__Lj12p0nH_Cj2p0fF__roL8p5mm__tee_fl160um_fc12_cg1p2um__rpg1p4um,4.74335442636,5.96352019986,5.678793174303054,212.85016882186287,5.680023776609713,2,fig5_cg3p0um_rpg2p5um__Lj12p0nH_Cj0p0fF__roL8p5mm__tee_fl160um_fc12,4.89777742204,6.34923094667,4.391671866830825,213.14051325530752,6.096625432754106,0.007501000733167312,0.15442299568000006,0.38571074681000006,1.287121307472229,0.290344433444659,0.41660165614439304
Surrogate_Ridge,122,chip_simple_dx10p000_dym9p091__Lj12p0nH_Cj2p0fF__roL8p5mm__tee_fl160um_fc12_cg1p2um__rpg1p4um,4.74335442636,5.96352019986,5.678793174303054,212.85016882186287,5.680023776609713,3,fig5_cg3p0um_rpg3p0um__Lj12p0nH_Cj0p0fF__roL8p5mm__tee_fl160um_fc12,4.91022642408,6.30951729449,3.4180947746620176,181.0996536786009,5.916928558404827,0.007630366203555174,0.1668719977200004,0.3459970946300004,2.260698399641037,31.750515143261964,0.23690478179511398
Surrogate_Ridge,122,chip_simple_dx10p000_dym9p091__Lj12p0nH_Cj2p0fF__roL8p5mm__tee_fl160um_fc12_cg1p2um__rpg1p4um,4.74335442636,5.96352019986,5.678793174303054,212.85016882186287,5.680023776609713,4,fig5_cg2p5um_rpg3p5um__Lj12p0nH_Cj0p0fF__roL8p5mm__tee_fl160um_fc12,4.90933450729,6.40357690957,3.7329917837715145,201.2880257934344,6.003674917928219,0.008032226598239224,0.16598008092999983,0.4400567097100003,1.9458013905315399,11.562143028428466,0.32365114131850614
Surrogate_Ridge,122,chip_simple_dx10p000_dym9p091__Lj12p0nH_Cj2p0fF__roL8p5mm__tee_fl160um_fc12_cg1p2um__rpg1p4um,4.74335442636,5.96352019986,5.678793174303054,212.85016882186287,5.680023776609713,5,fig5_cg2p5um_rpg2p5um__Lj12p0nH_Cj0p0fF__roL8p5mm__tee_fl160um_fc12,4.86782605146,6.40620544852,4.850844314466476,237.9905673388129,6.17514285459043,0.01042255745221742,0.12447162509999998,0.44268524866000014,0.8279488598365781,25.14039851695003,0.49511907798071686
Surrogate_Ridge,122,chip_simple_dx10p000_dym9p091__Lj12p0nH_Cj2p0fF__roL8p5mm__tee_fl160um_fc12_cg1p2um__rpg1p4um,4.74335442636,5.96352019986,5.678793174303054,212.85016882186287,5.680023776609713,6,fig5_cg2p0um_rpg3p5um__Lj12p0nH_Cj0p0fF__roL8p5mm__tee_fl160um_fc12,4.92988654864,6.34828832398,4.071626393825531,199.5447640637109,5.952483565984568,0.014334242973025683,0.18653212228000005,0.3847681241200007,1.6071667804775238,13.30540475815198,0.2724597893748548
Surrogate_Ridge,122,chip_simple_dx10p000_dym9p091__Lj12p0nH_Cj2p0fF__roL8p5mm__tee_fl160um_fc12_cg1p2um__rpg1p4um,4.74335442636,5.96352019986,5.678793174303054,212.85016882186287,5.680023776609713,7,fig5_cg2p0um_rpg3p0um__Lj12p0nH_Cj0p0fF__roL8p5mm__tee_fl160um_fc12,4.90691227134,6.26460466713,4.076762608140945,192.584502898011,5.878506475506168,0.01685393929739174,0.1635578449800006,0.3010844672700008,1.6020305661621093,20.265665923851856,0.19848269889645476
Surrogate_Ridge,122,chip_simple_dx10p000_dym9p091__Lj12p0nH_Cj2p0fF__roL8p5mm__tee_fl160um_fc12_cg1p2um__rpg1p4um,4.74335442636,5.96352019986,5.678793174303054,212.85016882186287,5.680023776609713,8,fig5_cg3p0um_rpg2p0um__Lj12p0nH_Cj0p0fF__roL8p5mm__tee_fl160um_fc12,4.85591843529,6.44095110726,4.270610977590561,230.04663618304903,6.1997071597004,0.019244053589744653,0.11256400892999974,0.4774309074000005,1.4081821967124935,17.196467361186166,0.5196833830906868
Surrogate_Ridge,122,chip_simple_dx10p000_dym9p091__Lj12p0nH_Cj2p0fF__roL8p5mm__tee_fl160um_fc12_cg1p2um__rpg1p4um,4.74335442636,5.96352019986,5.678793174303054,212.85016882186287,5.680023776609713,9,fig5_cg3p5um_rpg2p5um__Lj12p0nH_Cj0p0fF__roL8p5mm__tee_fl160um_fc12,4.85348773769,6.38790903463,4.356288998512268,225.5893196577544,6.102737650921461,0.022481383791572638,0.11013331133000026,0.4243888347700002,1.3225041757907867,12.739150835891536,0.42271387431174823
Surrogate_Ridge,122,chip_simple_dx10p000_dym9p091__Lj12p0nH_Cj2p0fF__roL8p5mm__tee_fl160um_fc12_cg1p2um__rpg1p4um,4.74335442636,5.96352019986,5.678793174303054,212.85016882186287,5.680023776609713,10,fig5_cg2p0um_rpg4p0um__Lj12p0nH_Cj0p0fF__roL8p5mm__tee_fl160um_fc12,4.9386279194,6.36953775963,3.746125830854416,192.53030771266367,5.985478910669201,0.023686964975624822,0.1952734930400002,0.4060175597700004,1.9326673434486383,20.319861109199195,0.3054551340594882
Surrogate_Ridge,123,chip_simple_dx10p000_dy0p909__Lj12p0nH_Cj2p0fF__roL8p5mm__tee_fl160um_fc12_cg1p2um__rpg1p4um,4.75255400103,6.13763196296,5.2944752149524685,230.5572668902481,5.940929181592612,1,fig5_cg3p0um_rpg2p5um__Lj12p0nH_Cj0p0fF__roL8p5mm__tee_fl160um_fc12,4.89777742204,6.34923094667,4.391671866830825,213.14051325530752,6.096625432754106,0.002710591713769676,0.14522342100999985,0.21159898371000008,0.9028033481216431,17.416753634940562,0.1556962511614941
Surrogate_Ridge,123,chip_simple_dx10p000_dy0p909__Lj12p0nH_Cj2p0fF__roL8p5mm__tee_fl160um_fc12_cg1p2um__rpg1p4um,4.75255400103,6.13763196296,5.2944752149524685,230.5572668902481,5.940929181592612,2,fig5_cg3p0um_rpg3p0um__Lj12p0nH_Cj0p0fF__roL8p5mm__tee_fl160um_fc12,4.91022642408,6.30951729449,3.4180947746620176,181.0996536786009,5.916928558404827,0.003104638369541207,0.15767242305000018,0.1718853315300004,1.876380440290451,49.457613211647185,0.024000623187784953
Surrogate_Ridge,123,chip_simple_dx10p000_dy0p909__Lj12p0nH_Cj2p0fF__roL8p5mm__tee_fl160um_fc12_cg1p2um__rpg1p4um,4.75255400103,6.13763196296,5.2944752149524685,230.5572668902481,5.940929181592612,3,fig5_cg3p5um_rpg2p5um__Lj12p0nH_Cj0p0fF__roL8p5mm__tee_fl160um_fc12,4.85348773769,6.38790903463,4.356288998512268,225.5893196577544,6.102737650921461,0.004351581798164091,0.10093373666000005,0.25027707167000024,0.9381862164402008,4.967947232493685,0.1618084693288493
Surrogate_Ridge,123,chip_simple_dx10p000_dy0p909__Lj12p0nH_Cj2p0fF__roL8p5mm__tee_fl160um_fc12_cg1p2um__rpg1p4um,4.75255400103,6.13763196296,5.2944752149524685,230.5572668902481,5.940929181592612,4,fig5_cg3p5um_rpg2p0um__Lj12p0nH_Cj0p0fF__roL8p5mm__tee_fl160um_fc12,4.78544785971,6.42909571039,4.586441499513626,250.3896145461569,6.177842469599042,0.006813113888603384,0.03289385867999961,0.2914637474300008,0.7080337154388427,19.83234765590882,0.23691328800643063
Surrogate_Ridge,123,chip_simple_dx10p000_dy0p909__Lj12p0nH_Cj2p0fF__roL8p5mm__tee_fl160um_fc12_cg1p2um__rpg1p4um,4.75255400103,6.13763196296,5.2944752149524685,230.5572668902481,5.940929181592612,5,fig5_cg2p5um_rpg3p0um__Lj12p0nH_Cj0p0fF__roL8p5mm__tee_fl160um_fc12,4.8216114018,6.30639910885,4.078658870691299,212.78053759295764,5.96985922957307,0.012358848973898419,0.06905740077000022,0.16876714589000041,1.2158163442611691,17.776729297290444,0.028930047980458617
Surrogate_Ridge,123,chip_simple_dx10p000_dy0p909__Lj12p0nH_Cj2p0fF__roL8p5mm__tee_fl160um_fc12_cg1p2um__rpg1p4um,4.75255400103,6.13763196296,5.2944752149524685,230.5572668902481,5.940929181592612,6,fig5_cg3p0um_rpg2p0um__Lj12p0nH_Cj0p0fF__roL8p5mm__tee_fl160um_fc12,4.85591843529,6.44095110726,4.270610977590561,230.04663618304903,6.1997071597004,0.014326582587939974,0.10336443425999953,0.3033191443000005,1.0238642373619076,0.5106307071990557,0.2587779781077879
Surrogate_Ridge,123,chip_simple_dx10p000_dy0p909__Lj12p0nH_Cj2p0fF__roL8p5mm__tee_fl160um_fc12_cg1p2um__rpg1p4um,4.75255400103,6.13763196296,5.2944752149524685,230.5572668902481,5.940929181592612,7,fig5_cg2p5um_rpg3p5um__Lj12p0nH_Cj0p0fF__roL8p5mm__tee_fl160um_fc12,4.90933450729,6.40357690957,3.7329917837715145,201.2880257934344,6.003674917928219,0.015608474375880765,0.15678050625999962,0.26594494661000034,1.561483431180954,29.269241096813687,0.0627457363356072
Surrogate_Ridge,123,chip_simple_dx10p000_dy0p909__Lj12p0nH_Cj2p0fF__roL8p5mm__tee_fl160um_fc12_cg1p2um__rpg1p4um,4.75255400103,6.13763196296,5.2944752149524685,230.5572668902481,5.940929181592612,8,fig5_cg2p5um_rpg2p5um__Lj12p0nH_Cj0p0fF__roL8p5mm__tee_fl160um_fc12,4.86782605146,6.40620544852,4.850844314466476,237.9905673388129,6.17514285459043,0.021119261101857887,0.11527205042999977,0.26857348556000016,0.4436309004859922,7.4333004485648075,0.23421367299781792
Surrogate_Ridge,123,chip_simple_dx10p000_dy0p909__Lj12p0nH_Cj2p0fF__roL8p5mm__tee_fl160um_fc12_cg1p2um__rpg1p4um,4.75255400103,6.13763196296,5.2944752149524685,230.5572668902481,5.940929181592612,9,fig5_cg3p5um_rpg1p5um__Lj12p0nH_Cj0p0fF__roL8p5mm__tee_fl160um_fc12,4.70486631048,6.33112792154,5.111963850152969,266.195772124899,6.191175501007713,0.02128468350898449,0.047687690550000106,0.19349595858000068,0.1825113647994998,35.63850523465092,0.2502463194151012
Surrogate_Ridge,123,chip_simple_dx10p000_dy0p909__Lj12p0nH_Cj2p0fF__roL8p5mm__tee_fl160um_fc12_cg1p2um__rpg1p4um,4.75255400103,6.13763196296,5.2944752149524685,230.5572668902481,5.940929181592612,10,fig5_cg4p0um_rpg2p5um__Lj12p0nH_Cj0p0fF__roL8p5mm__tee_fl160um_fc12,4.84081846419,6.4170299131,4.2439929298172,228.91083087667948,6.164372524451142,0.026042231355041134,0.0882644631599998,0.2793979501400008,1.0504822851352689,1.6464360135686036,0.2234433428585305
Surrogate_Ridge,124,chip_simple_dx10p000_dy3p636__Lj12p0nH_Cj2p0fF__roL8p5mm__tee_fl160um_fc12_cg1p2um__rpg1p4um,4.72330395194,6.22215593495,5.852815342746735,262.75745588173754,6.048624542248245,1,fig5_cg3p5um_rpg1p5um__Lj12p0nH_Cj0p0fF__roL8p5mm__tee_fl160um_fc12,4.70486631048,6.33112792154,5.111963850152969,266.195772124899,6.191175501007713,0.0007565065239350537,0.018437641460000265,0.10897198659000029,0.7408514925937659,3.4383162431614664,0.14255095875946822
Surrogate_Ridge,124,chip_simple_dx10p000_dy3p636__Lj12p0nH_Cj2p0fF__roL8p5mm__tee_fl160um_fc12_cg1p2um__rpg1p4um,4.72330395194,6.22215593495,5.852815342746735,262.75745588173754,6.048624542248245,2,fig5_cg3p0um_rpg2p0um__Lj12p0nH_Cj0p0fF__roL8p5mm__tee_fl160um_fc12,4.85591843529,6.44095110726,4.270610977590561,230.04663618304903,6.1997071597004,0.0028325086474047705,0.13261448334999937,0.21879517231000012,1.5822043651561737,32.71081969868851,0.1510826174521549
Surrogate_Ridge,124,chip_simple_dx10p000_dy3p636__Lj12p0nH_Cj2p0fF__roL8p5mm__tee_fl160um_fc12_cg1p2um__rpg1p4um,4.72330395194,6.22215593495,5.852815342746735,262.75745588173754,6.048624542248245,3,fig5_cg3p5um_rpg2p0um__Lj12p0nH_Cj0p0fF__roL8p5mm__tee_fl160um_fc12,4.78544785971,6.42909571039,4.586441499513626,250.3896145461569,6.177842469599042,0.004126166071720956,0.06214390776999945,0.20693977544000042,1.2663738432331089,12.367841335580636,0.12921792735079762
Surrogate_Ridge,124,chip_simple_dx10p000_dy3p636__Lj12p0nH_Cj2p0fF__roL8p5mm__tee_fl160um_fc12_cg1p2um__rpg1p4um,4.72330395194,6.22215593495,5.852815342746735,262.75745588173754,6.048624542248245,4,fig5_cg3p5um_rpg1p0um__Lj12p0nH_Cj0p0fF__roL8p5mm__tee_fl160um_fc12,4.65151549232,6.42206990109,5.782993409578324,310.4906595751157,6.336782825594393,0.007029515917428258,0.07178845962000047,0.19991396614000045,0.06982193316841023,47.73320369337819,0.28815828334614846
Surrogate_Ridge,124,chip_simple_dx10p000_dy3p636__Lj12p0nH_Cj2p0fF__roL8p5mm__tee_fl160um_fc12_cg1p2um__rpg1p4um,4.72330395194,6.22215593495,5.852815342746735,262.75745588173754,6.048624542248245,5,fig5_cg3p0um_rpg1p5um__Lj12p0nH_Cj0p0fF__roL8p5mm__tee_fl160um_fc12,4.80934135586,6.34266483957,4.7338018228397365,237.2002446708589,6.176728175579623,0.007051275898241289,0.08603740391999981,0.1205089046200003,1.1190135199069982,25.55721121087865,0.12810363333137786
Surrogate_Ridge,124,chip_simple_dx10p000_dy3p636__Lj12p0nH_Cj2p0fF__roL8p5mm__tee_fl160um_fc12_cg1p2um__rpg1p4um,4.72330395194,6.22215593495,5.852815342746735,262.75745588173754,6.048624542248245,6,fig5_cg3p0um_rpg2p5um__Lj12p0nH_Cj0p0fF__roL8p5mm__tee_fl160um_fc12,4.89777742204,6.34923094667,4.391671866830825,213.14051325530752,6.096625432754106,0.008256410337847374,0.1744734700999997,0.1270750117199997,1.4611434759159092,49.61694262643002,0.048000890505861094
Surrogate_Ridge,124,chip_simple_dx10p000_dy3p636__Lj12p0nH_Cj2p0fF__roL8p5mm__tee_fl160um_fc12_cg1p2um__rpg1p4um,4.72330395194,6.22215593495,5.852815342746735,262.75745588173754,6.048624542248245,7,fig5_cg2p5um_rpg2p5um__Lj12p0nH_Cj0p0fF__roL8p5mm__tee_fl160um_fc12,4.86782605146,6.40620544852,4.850844314466476,237.9905673388129,6.17514285459043,0.015835124888408846,0.14452209951999961,0.18404951356999977,1.0019710282802583,24.766888542924647,0.1265183123421849
Surrogate_Ridge,124,chip_simple_dx10p000_dy3p636__Lj12p0nH_Cj2p0fF__roL8p5mm__tee_fl160um_fc12_cg1p2um__rpg1p4um,4.72330395194,6.22215593495,5.852815342746735,262.75745588173754,6.048624542248245,8,fig5_cg3p5um_rpg2p5um__Lj12p0nH_Cj0p0fF__roL8p5mm__tee_fl160um_fc12,4.85348773769,6.38790903463,4.356288998512268,225.5893196577544,6.102737650921461,0.01713849456078598,0.1301837857499999,0.16575309967999985,1.496526344234467,37.16813622398314,0.05411310867321628
Surrogate_Ridge,124,chip_simple_dx10p000_dy3p636__Lj12p0nH_Cj2p0fF__roL8p5mm__tee_fl160um_fc12_cg1p2um__rpg1p4um,4.72330395194,6.22215593495,5.852815342746735,262.75745588173754,6.048624542248245,9,fig5_cg4p0um_rpg0p5um__Lj12p0nH_Cj0p0fF__roL8p5mm__tee_fl160um_fc12,4.52155001594,6.39443554908,6.552557450353622,359.2700242399351,6.454069012219757,0.017934370054149586,0.20175393600000024,0.17227961412999981,0.6997421076068875,96.51256835819754,0.4054444699715125
Surrogate_Ridge,124,chip_simple_dx10p000_dy3p636__Lj12p0nH_Cj2p0fF__roL8p5mm__tee_fl160um_fc12_cg1p2um__rpg1p4um,4.72330395194,6.22215593495,5.852815342746735,262.75745588173754,6.048624542248245,10,fig5_cg2p5um_rpg2p0um__Lj12p0nH_Cj0p0fF__roL8p5mm__tee_fl160um_fc12,4.82985966256,6.3640851834,4.45615377314949,229.1245415394613,6.124821045393385,0.017999649996588662,0.10655571061999947,0.14192924845000032,1.3966615695972449,33.63291434227625,0.07619650314514015
Surrogate_Ridge,125,chip_simple_dx10p000_dy8p182__Lj12p0nH_Cj2p0fF__roL8p5mm__tee_fl160um_fc12_cg1p2um__rpg1p4um,4.71267796257,6.14331372447,5.878011034767151,252.6873389056645,5.925969437183419,1,fig5_cg3p0um_rpg2p0um__Lj12p0nH_Cj0p0fF__roL8p5mm__tee_fl160um_fc12,4.85591843529,6.44095110726,4.270610977590561,230.04663618304903,6.1997071597004,0.0014386284805160052,0.14324047271999962,0.2976373827900005,1.6074000571765898,22.64070272261546,0.27373772251698103
Surrogate_Ridge,125,chip_simple_dx10p000_dy8p182__Lj12p0nH_Cj2p0fF__roL8p5mm__tee_fl160um_fc12_cg1p2um__rpg1p4um,4.71267796257,6.14331372447,5.878011034767151,252.6873389056645,5.925969437183419,2,fig5_cg3p5um_rpg1p5um__Lj12p0nH_Cj0p0fF__roL8p5mm__tee_fl160um_fc12,4.70486631048,6.33112792154,5.111963850152969,266.195772124899,6.191175501007713,0.0038794344106714072,0.00781165209000001,0.1878141970700007,0.7660471846141821,13.508433219234519,0.26520606382429435
Surrogate_Ridge,125,chip_simple_dx10p000_dy8p182__Lj12p0nH_Cj2p0fF__roL8p5mm__tee_fl160um_fc12_cg1p2um__rpg1p4um,4.71267796257,6.14331372447,5.878011034767151,252.6873389056645,5.925969437183419,3,fig5_cg3p5um_rpg2p0um__Lj12p0nH_Cj0p0fF__roL8p5mm__tee_fl160um_fc12,4.78544785971,6.42909571039,4.586441499513626,250.3896145461569,6.177842469599042,0.005049969821497245,0.0727698971399997,0.2857819859200008,1.291569535253525,2.2977243595075834,0.25187303241562375
Surrogate_Ridge,125,chip_simple_dx10p000_dy8p182__Lj12p0nH_Cj2p0fF__roL8p5mm__tee_fl160um_fc12_cg1p2um__rpg1p4um,4.71267796257,6.14331372447,5.878011034767151,252.6873389056645,5.925969437183419,4,fig5_cg3p0um_rpg2p5um__Lj12p0nH_Cj0p0fF__roL8p5mm__tee_fl160um_fc12,4.89777742204,6.34923094667,4.391671866830825,213.14051325530752,6.096625432754106,0.005127316515067852,0.18509945946999995,0.20591722220000008,1.4863391679363254,39.546825650356965,0.17065599557068722
Surrogate_Ridge,125,chip_simple_dx10p000_dy8p182__Lj12p0nH_Cj2p0fF__roL8p5mm__tee_fl160um_fc12_cg1p2um__rpg1p4um,4.71267796257,6.14331372447,5.878011034767151,252.6873389056645,5.925969437183419,5,fig5_cg3p0um_rpg1p5um__Lj12p0nH_Cj0p0fF__roL8p5mm__tee_fl160um_fc12,4.80934135586,6.34266483957,4.7338018228397365,237.2002446708589,6.176728175579623,0.007633183239742132,0.09666339329000007,0.1993511151000007,1.1442092119274143,15.487094234805596,0.250758738396204
Surrogate_Ridge,125,chip_simple_dx10p000_dy8p182__Lj12p0nH_Cj2p0fF__roL8p5mm__tee_fl160um_fc12_cg1p2um__rpg1p4um,4.71267796257,6.14331372447,5.878011034767151,252.6873389056645,5.925969437183419,6,fig5_cg2p5um_rpg2p5um__Lj12p0nH_Cj0p0fF__roL8p5mm__tee_fl160um_fc12,4.86782605146,6.40620544852,4.850844314466476,237.9905673388129,6.17514285459043,0.010574034970531866,0.15514808888999987,0.26289172405000016,1.0271667203006745,14.696771566851595,0.24917341740701104
Surrogate_Ridge,125,chip_simple_dx10p000_dy8p182__Lj12p0nH_Cj2p0fF__roL8p5mm__tee_fl160um_fc12_cg1p2um__rpg1p4um,4.71267796257,6.14331372447,5.878011034767151,252.6873389056645,5.925969437183419,7,fig5_cg3p5um_rpg1p0um__Lj12p0nH_Cj0p0fF__roL8p5mm__tee_fl160um_fc12,4.65151549232,6.42206990109,5.782993409578324,310.4906595751157,6.336782825594393,0.012592141793623531,0.06116247025000021,0.27875617662000085,0.0950176251888264,57.80332066945124,0.4108133884109746
Surrogate_Ridge,125,chip_simple_dx10p000_dy8p182__Lj12p0nH_Cj2p0fF__roL8p5mm__tee_fl160um_fc12_cg1p2um__rpg1p4um,4.71267796257,6.14331372447,5.878011034767151,252.6873389056645,5.925969437183419,8,fig5_cg2p5um_rpg2p0um__Lj12p0nH_Cj0p0fF__roL8p5mm__tee_fl160um_fc12,4.82985966256,6.3640851834,4.45615377314949,229.1245415394613,6.124821045393385,0.014250437106031976,0.11718169998999972,0.22077145893000072,1.421857261617661,23.5627973662032,0.19885160820996628
Surrogate_Ridge,125,chip_simple_dx10p000_dy8p182__Lj12p0nH_Cj2p0fF__roL8p5mm__tee_fl160um_fc12_cg1p2um__rpg1p4um,4.71267796257,6.14331372447,5.878011034767151,252.6873389056645,5.925969437183419,9,fig5_cg3p5um_rpg2p5um__Lj12p0nH_Cj0p0fF__roL8p5mm__tee_fl160um_fc12,4.85348773769,6.38790903463,4.356288998512268,225.5893196577544,6.102737650921461,0.016103748026101056,0.14080977512000015,0.24459531016000025,1.5217220362548831,27.098019247910088,0.1767682137380424
Surrogate_Ridge,125,chip_simple_dx10p000_dy8p182__Lj12p0nH_Cj2p0fF__roL8p5mm__tee_fl160um_fc12_cg1p2um__rpg1p4um,4.71267796257,6.14331372447,5.878011034767151,252.6873389056645,5.925969437183419,10,fig5_cg2p5um_rpg3p0um__Lj12p0nH_Cj0p0fF__roL8p5mm__tee_fl160um_fc12,4.8216114018,6.30639910885,4.078658870691299,212.78053759295764,5.96985922957307,0.016780875628809734,0.10893343923000032,0.16308538438000042,1.7993521640758514,39.90680131270685,0.04388979238965174
Surrogate_Ridge,126,chip_simple_dx10p000_dy10p000__Lj12p0nH_Cj2p0fF__roL8p5mm__tee_fl160um_fc12_cg1p2um__rpg1p4um,4.7197549909,6.17427677037,5.8566343768806455,255.68904490554613,5.95457013669626,1,fig5_cg3p0um_rpg2p0um__Lj12p0nH_Cj0p0fF__roL8p5mm__tee_fl160um_fc12,4.85591843529,6.44095110726,4.270610977590561,230.04663618304903,6.1997071597004,0.0017049112073071048,0.13616344438999928,0.2666743368900004,1.5860233992900845,25.642408722497095,0.24513702300413964
Surrogate_Ridge,126,chip_simple_dx10p000_dy10p000__Lj12p0nH_Cj2p0fF__roL8p5mm__tee_fl160um_fc12_cg1p2um__rpg1p4um,4.7197549909,6.17427677037,5.8566343768806455,255.68904490554613,5.95457013669626,2,fig5_cg3p5um_rpg1p5um__Lj12p0nH_Cj0p0fF__roL8p5mm__tee_fl160um_fc12,4.70486631048,6.33112792154,5.111963850152969,266.195772124899,6.191175501007713,0.002643234481011722,0.014888680420000355,0.1568511511700006,0.7446705267276768,10.506727219352882,0.23660536431145296
Surrogate_Ridge,126,chip_simple_dx10p000_dy10p000__Lj12p0nH_Cj2p0fF__roL8p5mm__tee_fl160um_fc12_cg1p2um__rpg1p4um,4.7197549909,6.17427677037,5.8566343768806455,255.68904490554613,5.95457013669626,3,fig5_cg3p5um_rpg2p0um__Lj12p0nH_Cj0p0fF__roL8p5mm__tee_fl160um_fc12,4.78544785971,6.42909571039,4.586441499513626,250.3896145461569,6.177842469599042,0.004316853336424002,0.06569286880999936,0.2548189400200007,1.2701928773670197,5.29943035938922,0.22327233290278237
Surrogate_Ridge,126,chip_simple_dx10p000_dy10p000__Lj12p0nH_Cj2p0fF__roL8p5mm__tee_fl160um_fc12_cg1p2um__rpg1p4um,4.7197549909,6.17427677037,5.8566343768806455,255.68904490554613,5.95457013669626,4,fig5_cg3p0um_rpg2p5um__Lj12p0nH_Cj0p0fF__roL8p5mm__tee_fl160um_fc12,4.89777742204,6.34923094667,4.391671866830825,213.14051325530752,6.096625432754106,0.005736858407560521,0.1780224311399996,0.17495417629999999,1.46496251004982,42.5485316502386,0.14205529605784584
Surrogate_Ridge,126,chip_simple_dx10p000_dy10p000__Lj12p0nH_Cj2p0fF__roL8p5mm__tee_fl160um_fc12_cg1p2um__rpg1p4um,4.7197549909,6.17427677037,5.8566343768806455,255.68904490554613,5.95457013669626,5,fig5_cg3p0um_rpg1p5um__Lj12p0nH_Cj0p0fF__roL8p5mm__tee_fl160um_fc12,4.80934135586,6.34266483957,4.7338018228397365,237.2002446708589,6.176728175579623,0.007508413693395681,0.08958636495999972,0.1683880692000006,1.122832554040909,18.488800234687233,0.2221580388833626
Surrogate_Ridge,126,chip_simple_dx10p000_dy10p000__Lj12p0nH_Cj2p0fF__roL8p5mm__tee_fl160um_fc12_cg1p2um__rpg1p4um,4.7197549909,6.17427677037,5.8566343768806455,255.68904490554613,5.95457013669626,6,fig5_cg3p5um_rpg1p0um__Lj12p0nH_Cj0p0fF__roL8p5mm__tee_fl160um_fc12,4.65151549232,6.42206990109,5.782993409578324,310.4906595751157,6.336782825594393,0.010805065311941421,0.06823949858000056,0.24779313072000075,0.07364096730232106,54.8016146695696,0.3822126888981332
Surrogate_Ridge,126,chip_simple_dx10p000_dy10p000__Lj12p0nH_Cj2p0fF__roL8p5mm__tee_fl160um_fc12_cg1p2um__rpg1p4um,4.7197549909,6.17427677037,5.8566343768806455,255.68904490554613,5.95457013669626,7,fig5_cg2p5um_rpg2p5um__Lj12p0nH_Cj0p0fF__roL8p5mm__tee_fl160um_fc12,4.86782605146,6.40620544852,4.850844314466476,237.9905673388129,6.17514285459043,0.012151282962750441,0.14807106055999952,0.23192867815000007,1.0057900624141691,17.69847756673323,0.22057271789416966
Surrogate_Ridge,126,chip_simple_dx10p000_dy10p000__Lj12p0nH_Cj2p0fF__roL8p5mm__tee_fl160um_fc12_cg1p2um__rpg1p4um,4.7197549909,6.17427677037,5.8566343768806455,255.68904490554613,5.95457013669626,8,fig5_cg2p5um_rpg2p0um__Lj12p0nH_Cj0p0fF__roL8p5mm__tee_fl160um_fc12,4.82985966256,6.3640851834,4.45615377314949,229.1245415394613,6.124821045393385,0.015596457103997877,0.11010467165999938,0.18980841303000062,1.4004806037311557,26.564503366084836,0.1702509086971249
Surrogate_Ridge,126,chip_simple_dx10p000_dy10p000__Lj12p0nH_Cj2p0fF__roL8p5mm__tee_fl160um_fc12_cg1p2um__rpg1p4um,4.7197549909,6.17427677037,5.8566343768806455,255.68904490554613,5.95457013669626,9,fig5_cg3p5um_rpg2p5um__Lj12p0nH_Cj0p0fF__roL8p5mm__tee_fl160um_fc12,4.85348773769,6.38790903463,4.356288998512268,225.5893196577544,6.102737650921461,0.015825921878178276,0.1337327467899998,0.21363226426000015,1.5003453783683778,30.099725247791724,0.14816751422520102
Surrogate_Ridge,126,chip_simple_dx10p000_dy10p000__Lj12p0nH_Cj2p0fF__roL8p5mm__tee_fl160um_fc12_cg1p2um__rpg1p4um,4.7197549909,6.17427677037,5.8566343768806455,255.68904490554613,5.95457013669626,10,fig5_cg2p5um_rpg3p0um__Lj12p0nH_Cj0p0fF__roL8p5mm__tee_fl160um_fc12,4.8216114018,6.30639910885,4.078658870691299,212.78053759295764,5.96985922957307,0.018541558507845,0.10185641089999997,0.13212233848000032,1.777975506189346,42.90850731258848,0.01528909287681035
