method,query_idx,query_sample_id,query_fq_GHz,query_fr_GHz,query_chi_MHz,query_g_MHz,query_kappa_MHz,rank,retrieved_sample_id,retrieved_fq_GHz,retrieved_fr_GHz,retrieved_chi_MHz,retrieved_g_MHz,retrieved_kappa_MHz,distance_or_cost,error_fq,error_fr,error_chi,error_g,error_kappa
Surrogate_RF,0,fig5_cg2p0um_rpg2p0um__Lj12p0nH_Cj0p0fF__roL8p5mm__tee_fl160um_fc12,4.87611067234,6.2724037398,4.550888010089874,210.16157380006155,6.038057856245259,1,fig5_cg3p0um_rpg2p5um__Lj12p0nH_Cj0p0fF__roL8p5mm__tee_fl160um_fc12,4.89777742204,6.34923094667,4.391671866830825,213.14051325530752,6.096625432754106,0.0025432182032848055,0.0216667496999996,0.07682720687,0.15921614325904887,2.9789394552459783,0.05856757650884692
Surrogate_RF,0,fig5_cg2p0um_rpg2p0um__Lj12p0nH_Cj0p0fF__roL8p5mm__tee_fl160um_fc12,4.87611067234,6.2724037398,4.550888010089874,210.16157380006155,6.038057856245259,2,fig5_cg2p0um_rpg2p5um__Lj12p0nH_Cj0p0fF__roL8p5mm__tee_fl160um_fc12,4.88081947033,6.29200362079,4.710222612869263,215.78136757047287,6.007573423867593,0.002572672164958136,0.004708797989999347,0.01959988099000043,0.1593346027793885,5.61979377041132,0.030484432377665627
Surrogate_RF,0,fig5_cg2p0um_rpg2p0um__Lj12p0nH_Cj0p0fF__roL8p5mm__tee_fl160um_fc12,4.87611067234,6.2724037398,4.550888010089874,210.16157380006155,6.038057856245259,3,fig5_cg2p5um_rpg2p5um__Lj12p0nH_Cj0p0fF__roL8p5mm__tee_fl160um_fc12,4.86782605146,6.40620544852,4.850844314466476,237.9905673388129,6.17514285459043,0.00274247087806729,0.008284620880000482,0.13380170872000008,0.29995630437660203,27.828993538751348,0.13708499834517074
Surrogate_RF,0,fig5_cg2p0um_rpg2p0um__Lj12p0nH_Cj0p0fF__roL8p5mm__tee_fl160um_fc12,4.87611067234,6.2724037398,4.550888010089874,210.16157380006155,6.038057856245259,4,fig5_cg4p5um_rpg2p5um__Lj12p0nH_Cj0p0fF__roL8p5mm__tee_fl160um_fc12,4.8208314661,6.41561937046,4.202300157867431,231.21565590524023,6.118632919744756,0.004333582190746575,0.05527920624000071,0.14321563066000031,0.34858785222244304,21.05408210517868,0.08057506349949684
Surrogate_RF,0,fig5_cg2p0um_rpg2p0um__Lj12p0nH_Cj0p0fF__roL8p5mm__tee_fl160um_fc12,4.87611067234,6.2724037398,4.550888010089874,210.16157380006155,6.038057856245259,5,fig5_cg3p5um_rpg2p5um__Lj12p0nH_Cj0p0fF__roL8p5mm__tee_fl160um_fc12,4.85348773769,6.38790903463,4.356288998512268,225.5893196577544,6.102737650921461,0.004423824389332388,0.022622934650000204,0.11550529483000016,0.19459901157760662,15.427745857692855,0.06467979467620211
Surrogate_RF,0,fig5_cg2p0um_rpg2p0um__Lj12p0nH_Cj0p0fF__roL8p5mm__tee_fl160um_fc12,4.87611067234,6.2724037398,4.550888010089874,210.16157380006155,6.038057856245259,6,fig5_cg5p0um_rpg2p5um__Lj12p0nH_Cj0p0fF__roL8p5mm__tee_fl160um_fc12,4.81774089875,6.23547817573,4.9252252214355465,224.50085102947097,5.919781007367641,0.004520473507659048,0.05836977358999995,0.036925564069999695,0.3743372113456722,14.339277229409419,0.1182768488776178
Surrogate_RF,0,fig5_cg2p0um_rpg2p0um__Lj12p0nH_Cj0p0fF__roL8p5mm__tee_fl160um_fc12,4.87611067234,6.2724037398,4.550888010089874,210.16157380006155,6.038057856245259,7,fig5_cg4p0um_rpg2p5um__Lj12p0nH_Cj0p0fF__roL8p5mm__tee_fl160um_fc12,4.84081846419,6.4170299131,4.2439929298172,228.91083087667948,6.164372524451142,0.004603038313943382,0.03529220815000045,0.14462617330000072,0.30689508027267465,18.749257076617937,0.12631466820588333
Surrogate_RF,0,fig5_cg2p0um_rpg2p0um__Lj12p0nH_Cj0p0fF__roL8p5mm__tee_fl160um_fc12,4.87611067234,6.2724037398,4.550888010089874,210.16157380006155,6.038057856245259,8,fig5_cg2p5um_rpg2p0um__Lj12p0nH_Cj0p0fF__roL8p5mm__tee_fl160um_fc12,4.82985966256,6.3640851834,4.45615377314949,229.1245415394613,6.124821045393385,0.005499161755343563,0.04625100978000063,0.09168144360000063,0.09473423694038452,18.962967739399744,0.08676318914812597
Surrogate_RF,0,fig5_cg2p0um_rpg2p0um__Lj12p0nH_Cj0p0fF__roL8p5mm__tee_fl160um_fc12,4.87611067234,6.2724037398,4.550888010089874,210.16157380006155,6.038057856245259,9,fig5_cg3p0um_rpg2p0um__Lj12p0nH_Cj0p0fF__roL8p5mm__tee_fl160um_fc12,4.85591843529,6.44095110726,4.270610977590561,230.04663618304903,6.1997071597004,0.0058054569714298095,0.020192237050000728,0.16854736746000043,0.28027703249931335,19.885062382987485,0.16164930345514072
Surrogate_RF,0,fig5_cg2p0um_rpg2p0um__Lj12p0nH_Cj0p0fF__roL8p5mm__tee_fl160um_fc12,4.87611067234,6.2724037398,4.550888010089874,210.16157380006155,6.038057856245259,10,fig5_cg4p5um_rpg2p0um__Lj12p0nH_Cj0p0fF__roL8p5mm__tee_fl160um_fc12,4.76152326688,6.26061677056,4.183778731437683,220.21744270871204,6.0120493220772,0.0077206025807398755,0.11458740546000001,0.011786969239999223,0.36710927865219123,10.055868908650496,0.02600853416805915
Surrogate_RF,1,fig5_cg2p5um_rpg1p0um__Lj12p0nH_Cj0p0fF__roL8p5mm__tee_fl160um_fc12,4.66294784318,6.36077653441,6.190793763965607,308.1283621705032,6.290282883749718,1,fig5_cg3p0um_rpg1p0um__Lj12p0nH_Cj0p0fF__roL8p5mm__tee_fl160um_fc12,4.5918495592,6.3683346429,6.310808488025665,329.7787087605889,6.339102179225892,0.00018142902985823675,0.07109828398000051,0.007558108489999604,0.12001472406005753,21.650346590085746,0.04881929547617414
Surrogate_RF,1,fig5_cg2p5um_rpg1p0um__Lj12p0nH_Cj0p0fF__roL8p5mm__tee_fl160um_fc12,4.66294784318,6.36077653441,6.190793763965607,308.1283621705032,6.290282883749718,2,fig5_cg3p5um_rpg1p0um__Lj12p0nH_Cj0p0fF__roL8p5mm__tee_fl160um_fc12,4.65151549232,6.42206990109,5.782993409578324,310.4906595751157,6.336782825594393,0.0007140605663969542,0.011432350860000717,0.06129336668000018,0.407800354387283,2.362297404612548,0.046499941844674986
Surrogate_RF,1,fig5_cg2p5um_rpg1p0um__Lj12p0nH_Cj0p0fF__roL8p5mm__tee_fl160um_fc12,4.66294784318,6.36077653441,6.190793763965607,308.1283621705032,6.290282883749718,3,fig5_cg2p0um_rpg1p0um__Lj12p0nH_Cj0p0fF__roL8p5mm__tee_fl160um_fc12,4.67537317002,6.28144982257,6.80016774546051,305.861011614189,6.2286045622900525,0.0019302638547110279,0.012425326839999862,0.07932671184000029,0.6093739814949028,2.2673505563141703,0.061678321459665675
Surrogate_RF,1,fig5_cg2p5um_rpg1p0um__Lj12p0nH_Cj0p0fF__roL8p5mm__tee_fl160um_fc12,4.66294784318,6.36077653441,6.190793763965607,308.1283621705032,6.290282883749718,4,fig5_cg4p5um_rpg1p0um__Lj12p0nH_Cj0p0fF__roL8p5mm__tee_fl160um_fc12,4.66547453942,6.44365646453,5.568490972890854,305.09213979648246,6.526420054379522,0.0022596102938664767,0.0025266962399994597,0.08287993011999983,0.6223027910747536,3.036222374020724,0.23613717062980388
Surrogate_RF,1,fig5_cg2p5um_rpg1p0um__Lj12p0nH_Cj0p0fF__roL8p5mm__tee_fl160um_fc12,4.66294784318,6.36077653441,6.190793763965607,308.1283621705032,6.290282883749718,5,fig5_cg5p0um_rpg1p0um__Lj12p0nH_Cj0p0fF__roL8p5mm__tee_fl160um_fc12,4.67009412056,6.40368347107,5.386180753400803,292.5653068578806,6.313414733179575,0.0022596102938664767,0.0071462773799995105,0.04290693665999967,0.8046130105648048,15.563055312622566,0.023131849429856466
Surrogate_RF,1,fig5_cg2p5um_rpg1p0um__Lj12p0nH_Cj0p0fF__roL8p5mm__tee_fl160um_fc12,4.66294784318,6.36077653441,6.190793763965607,308.1283621705032,6.290282883749718,6,fig5_cg4p5um_rpg0p5um__Lj12p0nH_Cj0p0fF__roL8p5mm__tee_fl160um_fc12,4.51249644149,6.35090511355,6.372151983530045,348.6053033569676,6.370880057120116,0.00806905619944452,0.1504514016900007,0.00987142086000059,0.1813582195644372,40.476941186464444,0.08059717337039807
Surrogate_RF,1,fig5_cg2p5um_rpg1p0um__Lj12p0nH_Cj0p0fF__roL8p5mm__tee_fl160um_fc12,4.66294784318,6.36077653441,6.190793763965607,308.1283621705032,6.290282883749718,7,fig5_cg5p0um_rpg0p5um__Lj12p0nH_Cj0p0fF__roL8p5mm__tee_fl160um_fc12,4.54852290045,6.34578466778,6.117417553102493,331.8522825685193,6.365348751829195,0.00806905619944452,0.11442494273000037,0.014991866629999961,0.07337621086311419,23.723920398016105,0.07506586807947713
Surrogate_RF,1,fig5_cg2p5um_rpg1p0um__Lj12p0nH_Cj0p0fF__roL8p5mm__tee_fl160um_fc12,4.66294784318,6.36077653441,6.190793763965607,308.1283621705032,6.290282883749718,8,fig5_cg4p0um_rpg0p5um__Lj12p0nH_Cj0p0fF__roL8p5mm__tee_fl160um_fc12,4.52155001594,6.39443554908,6.552557450353622,359.2700242399351,6.454069012219757,0.012072831026800315,0.1413978272400005,0.03365901466999954,0.3617636863880147,51.1416620694319,0.16378612847003904
Surrogate_RF,1,fig5_cg2p5um_rpg1p0um__Lj12p0nH_Cj0p0fF__roL8p5mm__tee_fl160um_fc12,4.66294784318,6.36077653441,6.190793763965607,308.1283621705032,6.290282883749718,9,fig5_cg3p5um_rpg0p5um__Lj12p0nH_Cj0p0fF__roL8p5mm__tee_fl160um_fc12,4.48458805947,6.33290774525,6.273954957790375,350.28792536348936,6.333902670879128,0.013011913031215792,0.17835978371000039,0.02786878916000024,0.08316119382476739,42.159563192986184,0.04361978712941017
Surrogate_RF,1,fig5_cg2p5um_rpg1p0um__Lj12p0nH_Cj0p0fF__roL8p5mm__tee_fl160um_fc12,4.66294784318,6.36077653441,6.190793763965607,308.1283621705032,6.290282883749718,10,fig5_cg2p5um_rpg0p5um__Lj12p0nH_Cj0p0fF__roL8p5mm__tee_fl160um_fc12,4.54592211662,6.38743350129,6.768334062421799,357.27924141069707,6.438170117514996,0.01750383590628534,0.11702572656000054,0.026656966880000077,0.5775402984561913,49.15087924019389,0.14788723376527813
Surrogate_RF,2,fig5_cg3p5um_rpg3p0um__Lj12p0nH_Cj0p0fF__roL8p5mm__tee_fl160um_fc12,4.93553973885,6.40871504867,3.609282795269012,194.3874784003586,6.04946112689089,1,fig5_cg3p5um_rpg4p0um__Lj12p0nH_Cj0p0fF__roL8p5mm__tee_fl160um_fc12,4.9416939411,6.51548606738,3.315546014060974,197.788389720846,6.147249764815354,0.00073888943916094,0.006154202249999408,0.10677101870999994,0.2937367812080378,3.4009113204874097,0.0977886379244639
Surrogate_RF,2,fig5_cg3p5um_rpg3p0um__Lj12p0nH_Cj0p0fF__roL8p5mm__tee_fl160um_fc12,4.93553973885,6.40871504867,3.609282795269012,194.3874784003586,6.04946112689089,2,fig5_cg3p0um_rpg4p0um__Lj12p0nH_Cj0p0fF__roL8p5mm__tee_fl160um_fc12,4.940704631,6.42408762791,3.4702477960357663,191.51572092370972,6.040377137923779,0.0009246879306307743,0.005164892149999822,0.01537257923999924,0.13903499923324558,2.8717574766488667,0.009083988967110379
Surrogate_RF,2,fig5_cg3p5um_rpg3p0um__Lj12p0nH_Cj0p0fF__roL8p5mm__tee_fl160um_fc12,4.93553973885,6.40871504867,3.609282795269012,194.3874784003586,6.04946112689089,3,fig5_cg2p5um_rpg4p0um__Lj12p0nH_Cj0p0fF__roL8p5mm__tee_fl160um_fc12,4.97746029131,6.34846078021,3.4394829423675537,176.0279190752371,5.892001031860305,0.0009599759323131577,0.041920552459999705,0.06025426846000048,0.16979985290145816,18.359559325121495,0.15746009503058467
Surrogate_RF,2,fig5_cg3p5um_rpg3p0um__Lj12p0nH_Cj0p0fF__roL8p5mm__tee_fl160um_fc12,4.93553973885,6.40871504867,3.609282795269012,194.3874784003586,6.04946112689089,4,fig5_cg3p5um_rpg4p5um__Lj12p0nH_Cj0p0fF__roL8p5mm__tee_fl160um_fc12,4.93974901061,6.38397286003,3.69327575235939,192.8740906594917,5.933832041481957,0.0013914027272889525,0.004209271759999744,0.02474218864000033,0.08399295709037835,1.5133877408668752,0.11562908540893257
Surrogate_RF,2,fig5_cg3p5um_rpg3p0um__Lj12p0nH_Cj0p0fF__roL8p5mm__tee_fl160um_fc12,4.93553973885,6.40871504867,3.609282795269012,194.3874784003586,6.04946112689089,5,fig5_cg2p0um_rpg4p0um__Lj12p0nH_Cj0p0fF__roL8p5mm__tee_fl160um_fc12,4.9386279194,6.36953775963,3.746125830854416,192.53030771266367,5.985478910669201,0.001649308423521945,0.0030881805499998194,0.039177289040000396,0.13684303558540423,1.8571706876949179,0.06398221622168876
Surrogate_RF,2,fig5_cg3p5um_rpg3p0um__Lj12p0nH_Cj0p0fF__roL8p5mm__tee_fl160um_fc12,4.93553973885,6.40871504867,3.609282795269012,194.3874784003586,6.04946112689089,6,fig5_cg4p0um_rpg4p5um__Lj12p0nH_Cj0p0fF__roL8p5mm__tee_fl160um_fc12,4.92435526103,6.48519909443,3.5933491122837067,205.0387458671971,6.080993342285782,0.0024186718691937645,0.011184477820000538,0.07648404576000001,0.015933682985305175,10.651267466838505,0.03153221539489248
Surrogate_RF,2,fig5_cg3p5um_rpg3p0um__Lj12p0nH_Cj0p0fF__roL8p5mm__tee_fl160um_fc12,4.93553973885,6.40871504867,3.609282795269012,194.3874784003586,6.04946112689089,7,fig5_cg3p0um_rpg3p0um__Lj12p0nH_Cj0p0fF__roL8p5mm__tee_fl160um_fc12,4.91022642408,6.30951729449,3.4180947746620176,181.0996536786009,5.916928558404827,0.0024280480854562084,0.025313314769999984,0.09919775418000043,0.19118802060699425,13.287824721757687,0.13253256848606298
Surrogate_RF,2,fig5_cg3p5um_rpg3p0um__Lj12p0nH_Cj0p0fF__roL8p5mm__tee_fl160um_fc12,4.93553973885,6.40871504867,3.609282795269012,194.3874784003586,6.04946112689089,8,fig5_cg2p5um_rpg3p5um__Lj12p0nH_Cj0p0fF__roL8p5mm__tee_fl160um_fc12,4.90933450729,6.40357690957,3.7329917837715145,201.2880257934344,6.003674917928219,0.0028230998216302724,0.02620523156000054,0.005138139100000494,0.12370898850250267,6.900547393075811,0.04578620896267083
Surrogate_RF,2,fig5_cg3p5um_rpg3p0um__Lj12p0nH_Cj0p0fF__roL8p5mm__tee_fl160um_fc12,4.93553973885,6.40871504867,3.609282795269012,194.3874784003586,6.04946112689089,9,fig5_cg3p0um_rpg4p5um__Lj12p0nH_Cj0p0fF__roL8p5mm__tee_fl160um_fc12,4.9941849025,6.38138344841,3.337415566484451,174.770816054377,5.970627936686949,0.003048452231373871,0.05864516364999961,0.027331600260000144,0.27186722878456093,19.61666234598158,0.07883319020394097
Surrogate_RF,2,fig5_cg3p5um_rpg3p0um__Lj12p0nH_Cj0p0fF__roL8p5mm__tee_fl160um_fc12,4.93553973885,6.40871504867,3.609282795269012,194.3874784003586,6.04946112689089,10,fig5_cg2p5um_rpg4p5um__Lj12p0nH_Cj0p0fF__roL8p5mm__tee_fl160um_fc12,4.94106024347,6.27626260442,3.614401097434997,177.32648850399752,5.824223648241028,0.003431060298672588,0.005520504619999755,0.13245244425000013,0.005118302165985078,17.060989896361065,0.22523747864986188
Surrogate_RF,3,fig5_cg4p0um_rpg1p5um__Lj12p0nH_Cj0p0fF__roL8p5mm__tee_fl160um_fc12,4.63955293545,6.42466191485,4.9842324073925015,290.9207745568615,6.2754882085959895,1,fig5_cg3p5um_rpg1p5um__Lj12p0nH_Cj0p0fF__roL8p5mm__tee_fl160um_fc12,4.70486631048,6.33112792154,5.111963850152969,266.195772124899,6.191175501007713,0.011680881184808575,0.06531337502999968,0.09353399330999945,0.12773144276046722,24.72500243196248,0.08431270758827658
Surrogate_RF,3,fig5_cg4p0um_rpg1p5um__Lj12p0nH_Cj0p0fF__roL8p5mm__tee_fl160um_fc12,4.63955293545,6.42466191485,4.9842324073925015,290.9207745568615,6.2754882085959895,2,fig5_cg5p0um_rpg1p5um__Lj12p0nH_Cj0p0fF__roL8p5mm__tee_fl160um_fc12,4.78104020561,6.40912743907,4.688513258781433,251.19081153078065,6.311876326449141,0.013543581745464136,0.14148727015999985,0.015534475780000001,0.2957191486110684,39.72996302608084,0.03638811785315177
Surrogate_RF,3,fig5_cg4p0um_rpg1p5um__Lj12p0nH_Cj0p0fF__roL8p5mm__tee_fl160um_fc12,4.63955293545,6.42466191485,4.9842324073925015,290.9207745568615,6.2754882085959895,3,fig5_cg4p5um_rpg1p0um__Lj12p0nH_Cj0p0fF__roL8p5mm__tee_fl160um_fc12,4.66547453942,6.44365646453,5.568490972890854,305.09213979648246,6.526420054379522,0.01430928331634397,0.02592160396999965,0.01899454968000036,0.5842585654983523,14.171365239620968,0.25093184578353256
Surrogate_RF,3,fig5_cg4p0um_rpg1p5um__Lj12p0nH_Cj0p0fF__roL8p5mm__tee_fl160um_fc12,4.63955293545,6.42466191485,4.9842324073925015,290.9207745568615,6.2754882085959895,4,fig5_cg5p0um_rpg1p0um__Lj12p0nH_Cj0p0fF__roL8p5mm__tee_fl160um_fc12,4.67009412056,6.40368347107,5.386180753400803,292.5653068578806,6.313414733179575,0.01430928331634397,0.030541185109999702,0.0209784437799998,0.4019483460083011,1.644532301019126,0.03792652458358514
Surrogate_RF,3,fig5_cg4p0um_rpg1p5um__Lj12p0nH_Cj0p0fF__roL8p5mm__tee_fl160um_fc12,4.63955293545,6.42466191485,4.9842324073925015,290.9207745568615,6.2754882085959895,5,fig5_cg3p0um_rpg1p5um__Lj12p0nH_Cj0p0fF__roL8p5mm__tee_fl160um_fc12,4.80934135586,6.34266483957,4.7338018228397365,237.2002446708589,6.176728175579623,0.016110594616371127,0.16978842040999975,0.08199707527999944,0.250430584552765,53.720529886002595,0.09876003301636693
Surrogate_RF,3,fig5_cg4p0um_rpg1p5um__Lj12p0nH_Cj0p0fF__roL8p5mm__tee_fl160um_fc12,4.63955293545,6.42466191485,4.9842324073925015,290.9207745568615,6.2754882085959895,6,fig5_cg3p5um_rpg1p0um__Lj12p0nH_Cj0p0fF__roL8p5mm__tee_fl160um_fc12,4.65151549232,6.42206990109,5.782993409578324,310.4906595751157,6.336782825594393,0.021134192015233966,0.011962556869999474,0.00259201375999929,0.7987610021858229,19.56988501825424,0.06129461699840366
Surrogate_RF,3,fig5_cg4p0um_rpg1p5um__Lj12p0nH_Cj0p0fF__roL8p5mm__tee_fl160um_fc12,4.63955293545,6.42466191485,4.9842324073925015,290.9207745568615,6.2754882085959895,7,fig5_cg3p5um_rpg2p0um__Lj12p0nH_Cj0p0fF__roL8p5mm__tee_fl160um_fc12,4.78544785971,6.42909571039,4.586441499513626,250.3896145461569,6.177842469599042,0.023411975844633743,0.1458949242599994,0.0044337955400006734,0.3977909078788757,40.53116001070458,0.09764573899694717
Surrogate_RF,3,fig5_cg4p0um_rpg1p5um__Lj12p0nH_Cj0p0fF__roL8p5mm__tee_fl160um_fc12,4.63955293545,6.42466191485,4.9842324073925015,290.9207745568615,6.2754882085959895,8,fig5_cg2p0um_rpg1p5um__Lj12p0nH_Cj0p0fF__roL8p5mm__tee_fl160um_fc12,4.77793609257,6.1977870086,5.346981281085967,236.19198761457903,5.968418975392394,0.02405117487248682,0.13838315711999982,0.22687490624999995,0.36274887369346587,54.728786942282454,0.30706923320359536
Surrogate_RF,3,fig5_cg4p0um_rpg1p5um__Lj12p0nH_Cj0p0fF__roL8p5mm__tee_fl160um_fc12,4.63955293545,6.42466191485,4.9842324073925015,290.9207745568615,6.2754882085959895,9,fig5_cg3p0um_rpg1p0um__Lj12p0nH_Cj0p0fF__roL8p5mm__tee_fl160um_fc12,4.5918495592,6.3683346429,6.310808488025665,329.7787087605889,6.339102179225892,0.025801677522099876,0.04770337625000032,0.05632727194999987,1.3265760806331635,38.85793420372744,0.06361397062990282
Surrogate_RF,3,fig5_cg4p0um_rpg1p5um__Lj12p0nH_Cj0p0fF__roL8p5mm__tee_fl160um_fc12,4.63955293545,6.42466191485,4.9842324073925015,290.9207745568615,6.2754882085959895,10,fig5_cg2p5um_rpg2p0um__Lj12p0nH_Cj0p0fF__roL8p5mm__tee_fl160um_fc12,4.82985966256,6.3640851834,4.45615377314949,229.1245415394613,6.124821045393385,0.02581383304636055,0.1903067271099994,0.06057673144999942,0.5280786342430117,61.7962330174002,0.15066716320260465
Surrogate_RF,4,fig5_cg4p0um_rpg2p0um__Lj12p0nH_Cj0p0fF__roL8p5mm__tee_fl160um_fc12,4.748742396,6.44545425307,4.889859412620544,268.43046141521694,6.211987637476319,1,fig5_cg3p5um_rpg1p5um__Lj12p0nH_Cj0p0fF__roL8p5mm__tee_fl160um_fc12,4.70486631048,6.33112792154,5.111963850152969,266.195772124899,6.191175501007713,0.0029438863999107605,0.04387608552,0.11432633153000005,0.22210443753242437,2.234689290317931,0.020812136468606468
Surrogate_RF,4,fig5_cg4p0um_rpg2p0um__Lj12p0nH_Cj0p0fF__roL8p5mm__tee_fl160um_fc12,4.748742396,6.44545425307,4.889859412620544,268.43046141521694,6.211987637476319,2,fig5_cg5p0um_rpg1p5um__Lj12p0nH_Cj0p0fF__roL8p5mm__tee_fl160um_fc12,4.78104020561,6.40912743907,4.688513258781433,251.19081153078065,6.311876326449141,0.003862280008842569,0.03229780961000017,0.036326814000000596,0.20134615383911125,17.23964988443629,0.09988868897282188
Surrogate_RF,4,fig5_cg4p0um_rpg2p0um__Lj12p0nH_Cj0p0fF__roL8p5mm__tee_fl160um_fc12,4.748742396,6.44545425307,4.889859412620544,268.43046141521694,6.211987637476319,3,fig5_cg3p0um_rpg1p5um__Lj12p0nH_Cj0p0fF__roL8p5mm__tee_fl160um_fc12,4.80934135586,6.34266483957,4.7338018228397365,237.2002446708589,6.176728175579623,0.005908232455508684,0.06059895986000008,0.10278941350000004,0.15605758978080786,31.230216744358046,0.03525946189669682
Surrogate_RF,4,fig5_cg4p0um_rpg2p0um__Lj12p0nH_Cj0p0fF__roL8p5mm__tee_fl160um_fc12,4.748742396,6.44545425307,4.889859412620544,268.43046141521694,6.211987637476319,4,fig5_cg3p5um_rpg2p0um__Lj12p0nH_Cj0p0fF__roL8p5mm__tee_fl160um_fc12,4.78544785971,6.42909571039,4.586441499513626,250.3896145461569,6.177842469599042,0.010464318933481157,0.03670546370999972,0.01635854267999992,0.30341791310691857,18.040846869060033,0.03414516787727706
Surrogate_RF,4,fig5_cg4p0um_rpg2p0um__Lj12p0nH_Cj0p0fF__roL8p5mm__tee_fl160um_fc12,4.748742396,6.44545425307,4.889859412620544,268.43046141521694,6.211987637476319,5,fig5_cg2p5um_rpg2p0um__Lj12p0nH_Cj0p0fF__roL8p5mm__tee_fl160um_fc12,4.82985966256,6.3640851834,4.45615377314949,229.1245415394613,6.124821045393385,0.011689094526969649,0.08111726655999973,0.08136906967000002,0.43370563947105456,39.30591987575565,0.08716659208293454
Surrogate_RF,4,fig5_cg4p0um_rpg2p0um__Lj12p0nH_Cj0p0fF__roL8p5mm__tee_fl160um_fc12,4.748742396,6.44545425307,4.889859412620544,268.43046141521694,6.211987637476319,6,fig5_cg3p0um_rpg2p0um__Lj12p0nH_Cj0p0fF__roL8p5mm__tee_fl160um_fc12,4.85591843529,6.44095110726,4.270610977590561,230.04663618304903,6.1997071597004,0.012168025432710075,0.10717603928999964,0.00450314581000022,0.6192484350299834,38.38382523216791,0.012280477775919785
Surrogate_RF,4,fig5_cg4p0um_rpg2p0um__Lj12p0nH_Cj0p0fF__roL8p5mm__tee_fl160um_fc12,4.748742396,6.44545425307,4.889859412620544,268.43046141521694,6.211987637476319,7,fig5_cg2p0um_rpg1p5um__Lj12p0nH_Cj0p0fF__roL8p5mm__tee_fl160um_fc12,4.77793609257,6.1977870086,5.346981281085967,236.19198761457903,5.968418975392394,0.013501556450847309,0.02919369657000015,0.24766724447000055,0.457121868465423,32.238473800637905,0.24356866208392525
Surrogate_RF,4,fig5_cg4p0um_rpg2p0um__Lj12p0nH_Cj0p0fF__roL8p5mm__tee_fl160um_fc12,4.748742396,6.44545425307,4.889859412620544,268.43046141521694,6.211987637476319,8,fig5_cg5p0um_rpg2p0um__Lj12p0nH_Cj0p0fF__roL8p5mm__tee_fl160um_fc12,4.7824799616,6.42903822535,4.148984312175751,238.4699741879,6.164233198851292,0.013781288602147215,0.033737565600000075,0.01641602772000006,0.7408751004447938,29.960487227316946,0.04775443862502726
Surrogate_RF,4,fig5_cg4p0um_rpg2p0um__Lj12p0nH_Cj0p0fF__roL8p5mm__tee_fl160um_fc12,4.748742396,6.44545425307,4.889859412620544,268.43046141521694,6.211987637476319,9,fig5_cg4p5um_rpg2p0um__Lj12p0nH_Cj0p0fF__roL8p5mm__tee_fl160um_fc12,4.76152326688,6.26061677056,4.183778731437683,220.21744270871204,6.0120493220772,0.01464560897476685,0.01278087088000035,0.18483748250999987,0.7060806811828613,48.2130187065049,0.19993831539911966
Surrogate_RF,4,fig5_cg4p0um_rpg2p0um__Lj12p0nH_Cj0p0fF__roL8p5mm__tee_fl160um_fc12,4.748742396,6.44545425307,4.889859412620544,268.43046141521694,6.211987637476319,10,fig5_cg2p5um_rpg2p5um__Lj12p0nH_Cj0p0fF__roL8p5mm__tee_fl160um_fc12,4.86782605146,6.40620544852,4.850844314466476,237.9905673388129,6.17514285459043,0.01601301521900333,0.11908365545999988,0.03924880455000057,0.039015098154068006,30.439894076404045,0.03684478288588977
Surrogate_RF,5,fig5_cg4p0um_rpg3p5um__Lj12p0nH_Cj0p0fF__roL8p5mm__tee_fl160um_fc12,4.90384920712,6.54926187025,3.662946759157181,218.4104958390511,6.221849233798731,1,fig5_cg4p5um_rpg3p5um__Lj12p0nH_Cj0p0fF__roL8p5mm__tee_fl160um_fc12,4.88861160423,6.4734435094,3.773440051719665,214.72133803964505,6.083690932056749,0.00023028287891417896,0.01523760289000009,0.0758183608499996,0.11049329256248397,3.689157799406047,0.1381583017419823
Surrogate_RF,5,fig5_cg4p0um_rpg3p5um__Lj12p0nH_Cj0p0fF__roL8p5mm__tee_fl160um_fc12,4.90384920712,6.54926187025,3.662946759157181,218.4104958390511,6.221849233798731,2,fig5_cg5p0um_rpg3p5um__Lj12p0nH_Cj0p0fF__roL8p5mm__tee_fl160um_fc12,4.8449296474,6.49114766601,3.579725257246017,218.56513466245417,6.134914389553229,0.00024923371178773413,0.058919559720000514,0.0581142042399998,0.08322150191116373,0.15463882340307578,0.08693484424550224
Surrogate_RF,5,fig5_cg4p0um_rpg3p5um__Lj12p0nH_Cj0p0fF__roL8p5mm__tee_fl160um_fc12,4.90384920712,6.54926187025,3.662946759157181,218.4104958390511,6.221849233798731,3,fig5_cg4p5um_rpg3p0um__Lj12p0nH_Cj0p0fF__roL8p5mm__tee_fl160um_fc12,4.83995157357,6.4987501229,3.8456828279762254,228.4924012088084,6.243127364960313,0.0007809539254013889,0.06389763355000078,0.05051174734999986,0.18273606881904447,10.081905369757294,0.021278131161581726
Surrogate_RF,5,fig5_cg4p0um_rpg3p5um__Lj12p0nH_Cj0p0fF__roL8p5mm__tee_fl160um_fc12,4.90384920712,6.54926187025,3.662946759157181,218.4104958390511,6.221849233798731,4,fig5_cg3p5um_rpg3p5um__Lj12p0nH_Cj0p0fF__roL8p5mm__tee_fl160um_fc12,4.88834773081,6.55440012204,3.58235393236351,219.15970791952185,6.190036689460878,0.0009621892147487774,0.015501476310000761,0.005138251790000048,0.08059282679367108,0.7492120804707554,0.03181254433785341
Surrogate_RF,5,fig5_cg4p0um_rpg3p5um__Lj12p0nH_Cj0p0fF__roL8p5mm__tee_fl160um_fc12,4.90384920712,6.54926187025,3.662946759157181,218.4104958390511,6.221849233798731,5,fig5_cg3p0um_rpg3p0um__Lj12p0nH_Cj0p0fF__roL8p5mm__tee_fl160um_fc12,4.91022642408,6.30951729449,3.4180947746620176,181.0996536786009,5.916928558404827,0.006964638382487532,0.006377216959999821,0.23974457575999963,0.24485198449516332,37.31084216045019,0.30492067539390444
Surrogate_RF,5,fig5_cg4p0um_rpg3p5um__Lj12p0nH_Cj0p0fF__roL8p5mm__tee_fl160um_fc12,4.90384920712,6.54926187025,3.662946759157181,218.4104958390511,6.221849233798731,6,fig5_cg2p5um_rpg3p5um__Lj12p0nH_Cj0p0fF__roL8p5mm__tee_fl160um_fc12,4.90933450729,6.40357690957,3.7329917837715145,201.2880257934344,6.003674917928219,0.007058685380296458,0.005485300169999263,0.1456849606799997,0.0700450246143336,17.122470045616694,0.21817431587051228
Surrogate_RF,5,fig5_cg4p0um_rpg3p5um__Lj12p0nH_Cj0p0fF__roL8p5mm__tee_fl160um_fc12,4.90384920712,6.54926187025,3.662946759157181,218.4104958390511,6.221849233798731,7,fig5_cg3p5um_rpg4p0um__Lj12p0nH_Cj0p0fF__roL8p5mm__tee_fl160um_fc12,4.9416939411,6.51548606738,3.315546014060974,197.788389720846,6.147249764815354,0.007283855682314363,0.03784473397999921,0.03377580286999926,0.3474007450962069,20.622106118205096,0.07459946898337755
Surrogate_RF,5,fig5_cg4p0um_rpg3p5um__Lj12p0nH_Cj0p0fF__roL8p5mm__tee_fl160um_fc12,4.90384920712,6.54926187025,3.662946759157181,218.4104958390511,6.221849233798731,8,fig5_cg2p5um_rpg3p0um__Lj12p0nH_Cj0p0fF__roL8p5mm__tee_fl160um_fc12,4.8216114018,6.30639910885,4.078658870691299,212.78053759295764,5.96985922957307,0.007905042775786535,0.08223780532000013,0.24286276139999963,0.41571211153411847,5.629958246093452,0.25199000422566087
Surrogate_RF,5,fig5_cg4p0um_rpg3p5um__Lj12p0nH_Cj0p0fF__roL8p5mm__tee_fl160um_fc12,4.90384920712,6.54926187025,3.662946759157181,218.4104958390511,6.221849233798731,9,fig5_cg3p5um_rpg4p5um__Lj12p0nH_Cj0p0fF__roL8p5mm__tee_fl160um_fc12,4.93974901061,6.38397286003,3.69327575235939,192.8740906594917,5.933832041481957,0.009919323405405588,0.03589980348999955,0.16528901021999953,0.030328993202209276,25.53640517955938,0.28801719231677403
Surrogate_RF,5,fig5_cg4p0um_rpg3p5um__Lj12p0nH_Cj0p0fF__roL8p5mm__tee_fl160um_fc12,4.90384920712,6.54926187025,3.662946759157181,218.4104958390511,6.221849233798731,10,fig5_cg3p0um_rpg4p0um__Lj12p0nH_Cj0p0fF__roL8p5mm__tee_fl160um_fc12,4.940704631,6.42408762791,3.4702477960357663,191.51572092370972,6.040377137923779,0.011626518472433685,0.03685542387999963,0.12517424233999996,0.19269896312141466,26.894774915341372,0.18147209587495183
Surrogate_RF,6,fig5_cg4p5um_rpg1p5um__Lj12p0nH_Cj0p0fF__roL8p5mm__tee_fl160um_fc12,4.59469010583,6.34920688704,5.448846369407653,302.1057462697455,6.1470363296688255,1,fig5_cg4p5um_rpg1p0um__Lj12p0nH_Cj0p0fF__roL8p5mm__tee_fl160um_fc12,4.66547453942,6.44365646453,5.568490972890854,305.09213979648246,6.526420054379522,0.00287279043175568,0.07078443359000008,0.09444957748999983,0.11964460348320038,2.986393526736947,0.3793837247106966
Surrogate_RF,6,fig5_cg4p5um_rpg1p5um__Lj12p0nH_Cj0p0fF__roL8p5mm__tee_fl160um_fc12,4.59469010583,6.34920688704,5.448846369407653,302.1057462697455,6.1470363296688255,2,fig5_cg5p0um_rpg1p0um__Lj12p0nH_Cj0p0fF__roL8p5mm__tee_fl160um_fc12,4.67009412056,6.40368347107,5.386180753400803,292.5653068578806,6.313414733179575,0.00287279043175568,0.07540401473000014,0.054476584029999664,0.06266561600685083,9.540439411864895,0.16637840351074917
Surrogate_RF,6,fig5_cg4p5um_rpg1p5um__Lj12p0nH_Cj0p0fF__roL8p5mm__tee_fl160um_fc12,4.59469010583,6.34920688704,5.448846369407653,302.1057462697455,6.1470363296688255,3,fig5_cg3p5um_rpg1p0um__Lj12p0nH_Cj0p0fF__roL8p5mm__tee_fl160um_fc12,4.65151549232,6.42206990109,5.782993409578324,310.4906595751157,6.336782825594393,0.005319861790406502,0.05682538648999991,0.07286301405000017,0.334147040170671,8.384913305370219,0.1897464959255677
Surrogate_RF,6,fig5_cg4p5um_rpg1p5um__Lj12p0nH_Cj0p0fF__roL8p5mm__tee_fl160um_fc12,4.59469010583,6.34920688704,5.448846369407653,302.1057462697455,6.1470363296688255,4,fig5_cg3p0um_rpg1p0um__Lj12p0nH_Cj0p0fF__roL8p5mm__tee_fl160um_fc12,4.5918495592,6.3683346429,6.310808488025665,329.7787087605889,6.339102179225892,0.0073649368475259235,0.002840546629999885,0.019127755859999596,0.8619621186180115,27.672962490843418,0.19206584955706685
Surrogate_RF,6,fig5_cg4p5um_rpg1p5um__Lj12p0nH_Cj0p0fF__roL8p5mm__tee_fl160um_fc12,4.59469010583,6.34920688704,5.448846369407653,302.1057462697455,6.1470363296688255,5,fig5_cg2p0um_rpg1p0um__Lj12p0nH_Cj0p0fF__roL8p5mm__tee_fl160um_fc12,4.67537317002,6.28144982257,6.80016774546051,305.861011614189,6.2286045622900525,0.017593329351789488,0.08068306419000049,0.0677570644700003,1.3513213760528568,3.755265344443501,0.08156823262122703
Surrogate_RF,6,fig5_cg4p5um_rpg1p5um__Lj12p0nH_Cj0p0fF__roL8p5mm__tee_fl160um_fc12,4.59469010583,6.34920688704,5.448846369407653,302.1057462697455,6.1470363296688255,6,fig5_cg3p5um_rpg1p5um__Lj12p0nH_Cj0p0fF__roL8p5mm__tee_fl160um_fc12,4.70486631048,6.33112792154,5.111963850152969,266.195772124899,6.191175501007713,0.022132304255749094,0.11017620465000011,0.018078965499999988,0.3368825192546847,35.9099741448465,0.04413917133888745
Surrogate_RF,6,fig5_cg4p5um_rpg1p5um__Lj12p0nH_Cj0p0fF__roL8p5mm__tee_fl160um_fc12,4.59469010583,6.34920688704,5.448846369407653,302.1057462697455,6.1470363296688255,7,fig5_cg4p5um_rpg0p5um__Lj12p0nH_Cj0p0fF__roL8p5mm__tee_fl160um_fc12,4.51249644149,6.35090511355,6.372151983530045,348.6053033569676,6.370880057120116,0.02449207478257229,0.08219366434000008,0.001698226509999401,0.9233056141223912,46.499557087222115,0.22384372745129077
Surrogate_RF,6,fig5_cg4p5um_rpg1p5um__Lj12p0nH_Cj0p0fF__roL8p5mm__tee_fl160um_fc12,4.59469010583,6.34920688704,5.448846369407653,302.1057462697455,6.1470363296688255,8,fig5_cg5p0um_rpg0p5um__Lj12p0nH_Cj0p0fF__roL8p5mm__tee_fl160um_fc12,4.54852290045,6.34578466778,6.117417553102493,331.8522825685193,6.365348751829195,0.02449207478257229,0.04616720537999974,0.00342221925999997,0.6685711836948398,29.746536298773776,0.21831242216036983
Surrogate_RF,6,fig5_cg4p5um_rpg1p5um__Lj12p0nH_Cj0p0fF__roL8p5mm__tee_fl160um_fc12,4.59469010583,6.34920688704,5.448846369407653,302.1057462697455,6.1470363296688255,9,fig5_cg3p0um_rpg1p5um__Lj12p0nH_Cj0p0fF__roL8p5mm__tee_fl160um_fc12,4.80934135586,6.34266483957,4.7338018228397365,237.2002446708589,6.176728175579623,0.025448743653612844,0.21465125003000018,0.006542047469999979,0.7150445465679169,64.90550159888662,0.0296918459107971
Surrogate_RF,6,fig5_cg4p5um_rpg1p5um__Lj12p0nH_Cj0p0fF__roL8p5mm__tee_fl160um_fc12,4.59469010583,6.34920688704,5.448846369407653,302.1057462697455,6.1470363296688255,10,fig5_cg5p0um_rpg1p5um__Lj12p0nH_Cj0p0fF__roL8p5mm__tee_fl160um_fc12,4.78104020561,6.40912743907,4.688513258781433,251.19081153078065,6.311876326449141,0.025777039935733607,0.18635009978000028,0.05992055202999946,0.7603331106262203,50.91493473896486,0.1648399967803158
Surrogate_RF,7,chip_simple_dxm10p000_dy8p182__Lj12p0nH_Cj2p0fF__roL8p5mm__tee_fl160um_fc12_cg1p2um__rpg1p4um,4.73691805842,6.05949311541,5.380391926355362,223.4408097631216,5.823182422814878,1,fig5_cg1p5um_rpg2p0um__Lj12p0nH_Cj0p0fF__roL8p5mm__tee_fl160um_fc12,4.87620084481,6.26170388145,4.99363361734581,218.7024888594067,5.970534325619533,0.0016308376321241195,0.1392827863899999,0.20221076604000032,0.38675830900955166,4.738320903714879,0.1473519028046546
Surrogate_RF,7,chip_simple_dxm10p000_dy8p182__Lj12p0nH_Cj2p0fF__roL8p5mm__tee_fl160um_fc12_cg1p2um__rpg1p4um,4.73691805842,6.05949311541,5.380391926355362,223.4408097631216,5.823182422814878,2,fig5_cg2p0um_rpg1p5um__Lj12p0nH_Cj0p0fF__roL8p5mm__tee_fl160um_fc12,4.77793609257,6.1977870086,5.346981281085967,236.19198761457903,5.968418975392394,0.0028302541198389564,0.04101803415000038,0.13829389319000018,0.0334106452693943,12.751177851457442,0.1452365525775159
Surrogate_RF,7,chip_simple_dxm10p000_dy8p182__Lj12p0nH_Cj2p0fF__roL8p5mm__tee_fl160um_fc12_cg1p2um__rpg1p4um,4.73691805842,6.05949311541,5.380391926355362,223.4408097631216,5.823182422814878,3,fig5_cg1p5um_rpg2p5um__Lj12p0nH_Cj0p0fF__roL8p5mm__tee_fl160um_fc12,4.93882770809,6.20515259596,4.85777295016098,196.1018444801448,5.919324796967785,0.004070524903775829,0.20190964967000014,0.14565948055,0.5226189761943818,27.3389652829768,0.09614237415290638
Surrogate_RF,7,chip_simple_dxm10p000_dy8p182__Lj12p0nH_Cj2p0fF__roL8p5mm__tee_fl160um_fc12_cg1p2um__rpg1p4um,4.73691805842,6.05949311541,5.380391926355362,223.4408097631216,5.823182422814878,4,fig5_cg2p0um_rpg2p5um__Lj12p0nH_Cj0p0fF__roL8p5mm__tee_fl160um_fc12,4.88081947033,6.29200362079,4.710222612869263,215.78136757047287,6.007573423867593,0.008135221326273836,0.14390141190999994,0.2325105053800005,0.6701693134860989,7.659442192648726,0.184391001052715
Surrogate_RF,7,chip_simple_dxm10p000_dy8p182__Lj12p0nH_Cj2p0fF__roL8p5mm__tee_fl160um_fc12_cg1p2um__rpg1p4um,4.73691805842,6.05949311541,5.380391926355362,223.4408097631216,5.823182422814878,5,fig5_cg3p0um_rpg1p5um__Lj12p0nH_Cj0p0fF__roL8p5mm__tee_fl160um_fc12,4.80934135586,6.34266483957,4.7338018228397365,237.2002446708589,6.176728175579623,0.008899784403079009,0.07242329744000031,0.2831717241600007,0.6465901035156252,13.759434907737301,0.3535457527647443
Surrogate_RF,7,chip_simple_dxm10p000_dy8p182__Lj12p0nH_Cj2p0fF__roL8p5mm__tee_fl160um_fc12_cg1p2um__rpg1p4um,4.73691805842,6.05949311541,5.380391926355362,223.4408097631216,5.823182422814878,6,fig5_cg2p5um_rpg2p0um__Lj12p0nH_Cj0p0fF__roL8p5mm__tee_fl160um_fc12,4.82985966256,6.3640851834,4.45615377314949,229.1245415394613,6.124821045393385,0.014556400071361336,0.09294160413999997,0.3045920679900007,0.9242381532058719,5.683731776339698,0.3016386225785066
Surrogate_RF,7,chip_simple_dxm10p000_dy8p182__Lj12p0nH_Cj2p0fF__roL8p5mm__tee_fl160um_fc12_cg1p2um__rpg1p4um,4.73691805842,6.05949311541,5.380391926355362,223.4408097631216,5.823182422814878,7,fig5_cg3p5um_rpg1p5um__Lj12p0nH_Cj0p0fF__roL8p5mm__tee_fl160um_fc12,4.70486631048,6.33112792154,5.111963850152969,266.195772124899,6.191175501007713,0.014558552259024367,0.032051747939999764,0.2716348061300007,0.26842807620239295,42.754962361777416,0.36799307819283467
Surrogate_RF,7,chip_simple_dxm10p000_dy8p182__Lj12p0nH_Cj2p0fF__roL8p5mm__tee_fl160um_fc12_cg1p2um__rpg1p4um,4.73691805842,6.05949311541,5.380391926355362,223.4408097631216,5.823182422814878,8,fig5_cg2p5um_rpg2p5um__Lj12p0nH_Cj0p0fF__roL8p5mm__tee_fl160um_fc12,4.86782605146,6.40620544852,4.850844314466476,237.9905673388129,6.17514285459043,0.0152244876186338,0.13090799304000011,0.34671233311000016,0.5295476118888853,14.549757575691302,0.35196043177555136
Surrogate_RF,7,chip_simple_dxm10p000_dy8p182__Lj12p0nH_Cj2p0fF__roL8p5mm__tee_fl160um_fc12_cg1p2um__rpg1p4um,4.73691805842,6.05949311541,5.380391926355362,223.4408097631216,5.823182422814878,9,fig5_cg5p0um_rpg1p5um__Lj12p0nH_Cj0p0fF__roL8p5mm__tee_fl160um_fc12,4.78104020561,6.40912743907,4.688513258781433,251.19081153078065,6.311876326449141,0.015371716361861116,0.044122147190000405,0.34963432366000013,0.6918786675739286,27.750001767659057,0.488693903634263
Surrogate_RF,7,chip_simple_dxm10p000_dy8p182__Lj12p0nH_Cj2p0fF__roL8p5mm__tee_fl160um_fc12_cg1p2um__rpg1p4um,4.73691805842,6.05949311541,5.380391926355362,223.4408097631216,5.823182422814878,10,fig5_cg3p0um_rpg2p0um__Lj12p0nH_Cj0p0fF__roL8p5mm__tee_fl160um_fc12,4.85591843529,6.44095110726,4.270610977590561,230.04663618304903,6.1997071597004,0.017044957683040117,0.11900037686999987,0.3814579918500005,1.1097809487648007,6.605826419927439,0.37652473688552135
Surrogate_RF,8,chip_simple_dxm9p091_dy1p818__Lj12p0nH_Cj2p0fF__roL8p5mm__tee_fl160um_fc12_cg1p2um__rpg1p4um,4.74215768088,6.21093014773,5.51327842791748,249.1576770098445,6.055638770575854,1,fig5_cg2p0um_rpg1p5um__Lj12p0nH_Cj0p0fF__roL8p5mm__tee_fl160um_fc12,4.77793609257,6.1977870086,5.346981281085967,236.19198761457903,5.968418975392394,0.002647064646280807,0.035778411689999956,0.013143139130000314,0.16629714683151242,12.965689395265457,0.08721979518345968
Surrogate_RF,8,chip_simple_dxm9p091_dy1p818__Lj12p0nH_Cj2p0fF__roL8p5mm__tee_fl160um_fc12_cg1p2um__rpg1p4um,4.74215768088,6.21093014773,5.51327842791748,249.1576770098445,6.055638770575854,2,fig5_cg3p0um_rpg1p5um__Lj12p0nH_Cj0p0fF__roL8p5mm__tee_fl160um_fc12,4.80934135586,6.34266483957,4.7338018228397365,237.2002446708589,6.176728175579623,0.005313274542702785,0.06718367497999989,0.1317346918400002,0.7794766050777433,11.957432338985598,0.12108940500376875
Surrogate_RF,8,chip_simple_dxm9p091_dy1p818__Lj12p0nH_Cj2p0fF__roL8p5mm__tee_fl160um_fc12_cg1p2um__rpg1p4um,4.74215768088,6.21093014773,5.51327842791748,249.1576770098445,6.055638770575854,3,fig5_cg3p5um_rpg1p5um__Lj12p0nH_Cj0p0fF__roL8p5mm__tee_fl160um_fc12,4.70486631048,6.33112792154,5.111963850152969,266.195772124899,6.191175501007713,0.006961403276608767,0.03729137040000019,0.12019777381000019,0.40131457776451107,17.038095115054517,0.1355367304318591
Surrogate_RF,8,chip_simple_dxm9p091_dy1p818__Lj12p0nH_Cj2p0fF__roL8p5mm__tee_fl160um_fc12_cg1p2um__rpg1p4um,4.74215768088,6.21093014773,5.51327842791748,249.1576770098445,6.055638770575854,4,fig5_cg1p5um_rpg2p0um__Lj12p0nH_Cj0p0fF__roL8p5mm__tee_fl160um_fc12,4.87620084481,6.26170388145,4.99363361734581,218.7024888594067,5.970534325619533,0.008528734385375618,0.1340431639299995,0.050773733719999825,0.5196448105716698,30.455188150437777,0.08510444495632097
Surrogate_RF,8,chip_simple_dxm9p091_dy1p818__Lj12p0nH_Cj2p0fF__roL8p5mm__tee_fl160um_fc12_cg1p2um__rpg1p4um,4.74215768088,6.21093014773,5.51327842791748,249.1576770098445,6.055638770575854,5,fig5_cg5p0um_rpg1p5um__Lj12p0nH_Cj0p0fF__roL8p5mm__tee_fl160um_fc12,4.78104020561,6.40912743907,4.688513258781433,251.19081153078065,6.311876326449141,0.009387573613954347,0.03888252472999998,0.19819729133999964,0.8247651691360467,2.0331345209361587,0.25623755587328745
Surrogate_RF,8,chip_simple_dxm9p091_dy1p818__Lj12p0nH_Cj2p0fF__roL8p5mm__tee_fl160um_fc12_cg1p2um__rpg1p4um,4.74215768088,6.21093014773,5.51327842791748,249.1576770098445,6.055638770575854,6,fig5_cg1p5um_rpg2p5um__Lj12p0nH_Cj0p0fF__roL8p5mm__tee_fl160um_fc12,4.93882770809,6.20515259596,4.85777295016098,196.1018444801448,5.919324796967785,0.015753379567045825,0.1966700272099997,0.0057775517700005,0.6555054777564999,53.0558325296997,0.13631397360806918
Surrogate_RF,8,chip_simple_dxm9p091_dy1p818__Lj12p0nH_Cj2p0fF__roL8p5mm__tee_fl160um_fc12_cg1p2um__rpg1p4um,4.74215768088,6.21093014773,5.51327842791748,249.1576770098445,6.055638770575854,7,fig5_cg2p5um_rpg2p0um__Lj12p0nH_Cj0p0fF__roL8p5mm__tee_fl160um_fc12,4.82985966256,6.3640851834,4.45615377314949,229.1245415394613,6.124821045393385,0.01652983507735562,0.08770198167999954,0.15315503567000022,1.05712465476799,20.0331354703832,0.06918227481753103
Surrogate_RF,8,chip_simple_dxm9p091_dy1p818__Lj12p0nH_Cj2p0fF__roL8p5mm__tee_fl160um_fc12_cg1p2um__rpg1p4um,4.74215768088,6.21093014773,5.51327842791748,249.1576770098445,6.055638770575854,8,fig5_cg2p0um_rpg2p5um__Lj12p0nH_Cj0p0fF__roL8p5mm__tee_fl160um_fc12,4.88081947033,6.29200362079,4.710222612869263,215.78136757047287,6.007573423867593,0.016859951055024015,0.13866178944999952,0.08107347306000001,0.803055815048217,33.376309439371624,0.04806534670826057
Surrogate_RF,8,chip_simple_dxm9p091_dy1p818__Lj12p0nH_Cj2p0fF__roL8p5mm__tee_fl160um_fc12_cg1p2um__rpg1p4um,4.74215768088,6.21093014773,5.51327842791748,249.1576770098445,6.055638770575854,9,fig5_cg3p0um_rpg2p0um__Lj12p0nH_Cj0p0fF__roL8p5mm__tee_fl160um_fc12,4.85591843529,6.44095110726,4.270610977590561,230.04663618304903,6.1997071597004,0.01871031910526832,0.11376075440999944,0.23002095953,1.2426674503269188,19.11104082679546,0.14406838912454578
Surrogate_RF,8,chip_simple_dxm9p091_dy1p818__Lj12p0nH_Cj2p0fF__roL8p5mm__tee_fl160um_fc12_cg1p2um__rpg1p4um,4.74215768088,6.21093014773,5.51327842791748,249.1576770098445,6.055638770575854,10,fig5_cg2p5um_rpg2p5um__Lj12p0nH_Cj0p0fF__roL8p5mm__tee_fl160um_fc12,4.86782605146,6.40620544852,4.850844314466476,237.9905673388129,6.17514285459043,0.020131529062282383,0.1256683705799997,0.19527530078999966,0.6624341134510034,11.167109671031596,0.1195040840145758
Surrogate_RF,9,chip_simple_dxm9p091_dy7p273__Lj12p0nH_Cj2p0fF__roL8p5mm__tee_fl160um_fc12_cg1p2um__rpg1p4um,4.74507176175,6.18262050637,5.316328256315231,239.6289775289412,5.930712308950749,1,fig5_cg2p0um_rpg1p5um__Lj12p0nH_Cj0p0fF__roL8p5mm__tee_fl160um_fc12,4.77793609257,6.1977870086,5.346981281085967,236.19198761457903,5.968418975392394,0.0005686277032088429,0.03286433081999984,0.015166502229999601,0.030653024770736614,3.436989914362158,0.037706666441645
Surrogate_RF,9,chip_simple_dxm9p091_dy7p273__Lj12p0nH_Cj2p0fF__roL8p5mm__tee_fl160um_fc12_cg1p2um__rpg1p4um,4.74507176175,6.18262050637,5.316328256315231,239.6289775289412,5.930712308950749,2,fig5_cg3p0um_rpg1p5um__Lj12p0nH_Cj0p0fF__roL8p5mm__tee_fl160um_fc12,4.80934135586,6.34266483957,4.7338018228397365,237.2002446708589,6.176728175579623,0.002855471320215565,0.06426959410999977,0.1600443332000001,0.5825264334754943,2.4287328580822987,0.24601586662887343
Surrogate_RF,9,chip_simple_dxm9p091_dy7p273__Lj12p0nH_Cj2p0fF__roL8p5mm__tee_fl160um_fc12_cg1p2um__rpg1p4um,4.74507176175,6.18262050637,5.316328256315231,239.6289775289412,5.930712308950749,3,fig5_cg1p5um_rpg2p0um__Lj12p0nH_Cj0p0fF__roL8p5mm__tee_fl160um_fc12,4.87620084481,6.26170388145,4.99363361734581,218.7024888594067,5.970534325619533,0.0051105480881536176,0.13112908305999937,0.07908337507999974,0.32269463896942074,20.92648866953448,0.03982201666878371
Surrogate_RF,9,chip_simple_dxm9p091_dy7p273__Lj12p0nH_Cj2p0fF__roL8p5mm__tee_fl160um_fc12_cg1p2um__rpg1p4um,4.74507176175,6.18262050637,5.316328256315231,239.6289775289412,5.930712308950749,4,fig5_cg3p5um_rpg1p5um__Lj12p0nH_Cj0p0fF__roL8p5mm__tee_fl160um_fc12,4.70486631048,6.33112792154,5.111963850152969,266.195772124899,6.191175501007713,0.005399437967060035,0.0402054512700003,0.1485074151700001,0.20436440616226204,26.566794595957816,0.2604631920569638
Surrogate_RF,9,chip_simple_dxm9p091_dy7p273__Lj12p0nH_Cj2p0fF__roL8p5mm__tee_fl160um_fc12_cg1p2um__rpg1p4um,4.74507176175,6.18262050637,5.316328256315231,239.6289775289412,5.930712308950749,5,fig5_cg5p0um_rpg1p5um__Lj12p0nH_Cj0p0fF__roL8p5mm__tee_fl160um_fc12,4.78104020561,6.40912743907,4.688513258781433,251.19081153078065,6.311876326449141,0.006858883405334488,0.035968443859999866,0.22650693269999955,0.6278149975337977,11.561834001839458,0.3811640174983921
Surrogate_RF,9,chip_simple_dxm9p091_dy7p273__Lj12p0nH_Cj2p0fF__roL8p5mm__tee_fl160um_fc12_cg1p2um__rpg1p4um,4.74507176175,6.18262050637,5.316328256315231,239.6289775289412,5.930712308950749,6,fig5_cg1p5um_rpg2p5um__Lj12p0nH_Cj0p0fF__roL8p5mm__tee_fl160um_fc12,4.93882770809,6.20515259596,4.85777295016098,196.1018444801448,5.919324796967785,0.009352998441242997,0.1937559463399996,0.022532089589999416,0.4585553061542509,43.5271330487964,0.011387511982964504
Surrogate_RF,9,chip_simple_dxm9p091_dy7p273__Lj12p0nH_Cj2p0fF__roL8p5mm__tee_fl160um_fc12_cg1p2um__rpg1p4um,4.74507176175,6.18262050637,5.316328256315231,239.6289775289412,5.930712308950749,7,fig5_cg2p0um_rpg2p5um__Lj12p0nH_Cj0p0fF__roL8p5mm__tee_fl160um_fc12,4.88081947033,6.29200362079,4.710222612869263,215.78136757047287,6.007573423867593,0.009649410367363505,0.1357477085799994,0.10938311441999993,0.606105643445968,23.847609958468325,0.07686111491684411
Surrogate_RF,9,chip_simple_dxm9p091_dy7p273__Lj12p0nH_Cj2p0fF__roL8p5mm__tee_fl160um_fc12_cg1p2um__rpg1p4um,4.74507176175,6.18262050637,5.316328256315231,239.6289775289412,5.930712308950749,8,fig5_cg2p5um_rpg2p0um__Lj12p0nH_Cj0p0fF__roL8p5mm__tee_fl160um_fc12,4.82985966256,6.3640851834,4.45615377314949,229.1245415394613,6.124821045393385,0.010699998992178553,0.08478790080999943,0.18146467703000013,0.860174483165741,10.504435989479902,0.1941087364426357
Surrogate_RF,9,chip_simple_dxm9p091_dy7p273__Lj12p0nH_Cj2p0fF__roL8p5mm__tee_fl160um_fc12_cg1p2um__rpg1p4um,4.74507176175,6.18262050637,5.316328256315231,239.6289775289412,5.930712308950749,9,fig5_cg3p0um_rpg2p0um__Lj12p0nH_Cj0p0fF__roL8p5mm__tee_fl160um_fc12,4.85591843529,6.44095110726,4.270610977590561,230.04663618304903,6.1997071597004,0.01271325629648289,0.11084667353999933,0.25833060088999993,1.0457172787246698,9.58234134589216,0.26899485074965046
Surrogate_RF,9,chip_simple_dxm9p091_dy7p273__Lj12p0nH_Cj2p0fF__roL8p5mm__tee_fl160um_fc12_cg1p2um__rpg1p4um,4.74507176175,6.18262050637,5.316328256315231,239.6289775289412,5.930712308950749,10,fig5_cg2p5um_rpg2p5um__Lj12p0nH_Cj0p0fF__roL8p5mm__tee_fl160um_fc12,4.86782605146,6.40620544852,4.850844314466476,237.9905673388129,6.17514285459043,0.013177579889854968,0.12275428970999958,0.22358494214999958,0.4654839418487544,1.6384101901282975,0.24443054563968047
Surrogate_RF,10,chip_simple_dxm8p182_dy6p364__Lj12p0nH_Cj2p0fF__roL8p5mm__tee_fl160um_fc12_cg1p2um__rpg1p4um,4.72702479207,5.98450514713,6.381414699699402,232.9283309309818,5.7691492674636375,1,fig5_cg1p0um_rpg2p5um__Lj12p0nH_Cj0p0fF__roL8p5mm__tee_fl160um_fc12,4.8761770008,5.99407925784,6.270368555709839,201.3919971854669,5.6148078415071,0.013361947812887692,0.14915220873000035,0.009574110710000028,0.11104614398956247,31.536333745514895,0.15434142595653721
Surrogate_RF,10,chip_simple_dxm8p182_dy6p364__Lj12p0nH_Cj2p0fF__roL8p5mm__tee_fl160um_fc12_cg1p2um__rpg1p4um,4.72702479207,5.98450514713,6.381414699699402,232.9283309309818,5.7691492674636375,2,fig5_cg1p5um_rpg2p0um__Lj12p0nH_Cj0p0fF__roL8p5mm__tee_fl160um_fc12,4.87620084481,6.26170388145,4.99363361734581,218.7024888594067,5.970534325619533,0.01341609898280727,0.14917605273999968,0.27719873431999975,1.3877810823535919,14.225842071575073,0.20138505815589536
Surrogate_RF,10,chip_simple_dxm8p182_dy6p364__Lj12p0nH_Cj2p0fF__roL8p5mm__tee_fl160um_fc12_cg1p2um__rpg1p4um,4.72702479207,5.98450514713,6.381414699699402,232.9283309309818,5.7691492674636375,3,fig5_cg2p0um_rpg1p5um__Lj12p0nH_Cj0p0fF__roL8p5mm__tee_fl160um_fc12,4.77793609257,6.1977870086,5.346981281085967,236.19198761457903,5.968418975392394,0.016991001714996363,0.050911300500000145,0.2132818614699996,1.0344334186134345,3.2636566835972474,0.19926970792875665
Surrogate_RF,10,chip_simple_dxm8p182_dy6p364__Lj12p0nH_Cj2p0fF__roL8p5mm__tee_fl160um_fc12_cg1p2um__rpg1p4um,4.72702479207,5.98450514713,6.381414699699402,232.9283309309818,5.7691492674636375,4,fig5_cg1p5um_rpg2p5um__Lj12p0nH_Cj0p0fF__roL8p5mm__tee_fl160um_fc12,4.93882770809,6.20515259596,4.85777295016098,196.1018444801448,5.919324796967785,0.024039104052726384,0.2118029160199999,0.22064744882999943,1.523641749538422,36.826486450836995,0.15017552950414714
Surrogate_RF,10,chip_simple_dxm8p182_dy6p364__Lj12p0nH_Cj2p0fF__roL8p5mm__tee_fl160um_fc12_cg1p2um__rpg1p4um,4.72702479207,5.98450514713,6.381414699699402,232.9283309309818,5.7691492674636375,5,fig5_cg1p0um_rpg1p5um__Lj12p0nH_Cj0p0fF__roL8p5mm__tee_fl160um_fc12,4.79990762773,5.93734773014,7.211306133548736,222.8918736386996,5.66911545033236,0.025148168915336267,0.07288283565999976,0.0471574169900002,0.8298914338493342,10.036457292282194,0.10003381713127713
Surrogate_RF,10,chip_simple_dxm8p182_dy6p364__Lj12p0nH_Cj2p0fF__roL8p5mm__tee_fl160um_fc12_cg1p2um__rpg1p4um,4.72702479207,5.98450514713,6.381414699699402,232.9283309309818,5.7691492674636375,6,fig5_cg3p0um_rpg1p5um__Lj12p0nH_Cj0p0fF__roL8p5mm__tee_fl160um_fc12,4.80934135586,6.34266483957,4.7338018228397365,237.2002446708589,6.176728175579623,0.029230416729884977,0.08231656379000007,0.3581596924400001,1.6476128768596654,4.271913739877107,0.4075789081159851
Surrogate_RF,10,chip_simple_dxm8p182_dy6p364__Lj12p0nH_Cj2p0fF__roL8p5mm__tee_fl160um_fc12_cg1p2um__rpg1p4um,4.72702479207,5.98450514713,6.381414699699402,232.9283309309818,5.7691492674636375,7,fig5_cg3p5um_rpg1p5um__Lj12p0nH_Cj0p0fF__roL8p5mm__tee_fl160um_fc12,4.70486631048,6.33112792154,5.111963850152969,266.195772124899,6.191175501007713,0.03557015097333884,0.02215848159,0.3466227744100001,1.2694508495464332,33.26744119391722,0.4220262335440754
Surrogate_RF,10,chip_simple_dxm8p182_dy6p364__Lj12p0nH_Cj2p0fF__roL8p5mm__tee_fl160um_fc12_cg1p2um__rpg1p4um,4.72702479207,5.98450514713,6.381414699699402,232.9283309309818,5.7691492674636375,8,fig5_cg2p0um_rpg2p5um__Lj12p0nH_Cj0p0fF__roL8p5mm__tee_fl160um_fc12,4.88081947033,6.29200362079,4.710222612869263,215.78136757047287,6.007573423867593,0.03576269707542958,0.1537946782599997,0.30749847365999994,1.671192086830139,17.14696336050892,0.23842415640395576
Surrogate_RF,10,chip_simple_dxm8p182_dy6p364__Lj12p0nH_Cj2p0fF__roL8p5mm__tee_fl160um_fc12_cg1p2um__rpg1p4um,4.72702479207,5.98450514713,6.381414699699402,232.9283309309818,5.7691492674636375,9,fig5_cg1p5um_rpg1p0um__Lj12p0nH_Cj0p0fF__roL8p5mm__tee_fl160um_fc12,4.7605818776,6.21817087681,5.831666317903518,253.65164600383045,6.132701943451215,0.037109815609991804,0.03355708553000003,0.2336657296800002,0.5497483817958839,20.723315072848663,0.36355267598757735
Surrogate_RF,10,chip_simple_dxm8p182_dy6p364__Lj12p0nH_Cj2p0fF__roL8p5mm__tee_fl160um_fc12_cg1p2um__rpg1p4um,4.72702479207,5.98450514713,6.381414699699402,232.9283309309818,5.7691492674636375,10,fig5_cg5p0um_rpg1p5um__Lj12p0nH_Cj0p0fF__roL8p5mm__tee_fl160um_fc12,4.78104020561,6.40912743907,4.688513258781433,251.19081153078065,6.311876326449141,0.038963182013031984,0.05401541354000017,0.42462229193999956,1.6929014409179688,18.262480599798863,0.5427270589855038
Surrogate_RF,11,chip_simple_dxm7p273_dym7p273__Lj12p0nH_Cj2p0fF__roL8p5mm__tee_fl160um_fc12_cg1p2um__rpg1p4um,4.72538962076,6.12848580344,6.047306581918716,251.02953182785623,5.876810016672627,1,fig5_cg2p0um_rpg1p5um__Lj12p0nH_Cj0p0fF__roL8p5mm__tee_fl160um_fc12,4.77793609257,6.1977870086,5.346981281085967,236.19198761457903,5.968418975392394,0.010475373728796825,0.052546471810000384,0.06930120515999949,0.7003253008327484,14.837544213277198,0.09160895871976749
Surrogate_RF,11,chip_simple_dxm7p273_dym7p273__Lj12p0nH_Cj2p0fF__roL8p5mm__tee_fl160um_fc12_cg1p2um__rpg1p4um,4.72538962076,6.12848580344,6.047306581918716,251.02953182785623,5.876810016672627,2,fig5_cg1p5um_rpg2p0um__Lj12p0nH_Cj0p0fF__roL8p5mm__tee_fl160um_fc12,4.87620084481,6.26170388145,4.99363361734581,218.7024888594067,5.970534325619533,0.013283033272381901,0.15081122404999991,0.13321807800999963,1.0536729645729057,32.32704296844952,0.0937243089469062
Surrogate_RF,11,chip_simple_dxm7p273_dym7p273__Lj12p0nH_Cj2p0fF__roL8p5mm__tee_fl160um_fc12_cg1p2um__rpg1p4um,4.72538962076,6.12848580344,6.047306581918716,251.02953182785623,5.876810016672627,3,fig5_cg3p0um_rpg1p5um__Lj12p0nH_Cj0p0fF__roL8p5mm__tee_fl160um_fc12,4.80934135586,6.34266483957,4.7338018228397365,237.2002446708589,6.176728175579623,0.01778189087991023,0.08395173510000031,0.21417903613,1.3135047590789792,13.829287156997339,0.2999181589069959
Surrogate_RF,11,chip_simple_dxm7p273_dym7p273__Lj12p0nH_Cj2p0fF__roL8p5mm__tee_fl160um_fc12_cg1p2um__rpg1p4um,4.72538962076,6.12848580344,6.047306581918716,251.02953182785623,5.876810016672627,4,fig5_cg2p0um_rpg1p0um__Lj12p0nH_Cj0p0fF__roL8p5mm__tee_fl160um_fc12,4.67537317002,6.28144982257,6.80016774546051,305.861011614189,6.2286045622900525,0.020296997380827714,0.050016450739999385,0.15296401912999968,0.7528611635417946,54.83147978633278,0.35179454561742585
Surrogate_RF,11,chip_simple_dxm7p273_dym7p273__Lj12p0nH_Cj2p0fF__roL8p5mm__tee_fl160um_fc12_cg1p2um__rpg1p4um,4.72538962076,6.12848580344,6.047306581918716,251.02953182785623,5.876810016672627,5,fig5_cg3p5um_rpg1p5um__Lj12p0nH_Cj0p0fF__roL8p5mm__tee_fl160um_fc12,4.70486631048,6.33112792154,5.111963850152969,266.195772124899,6.191175501007713,0.020758035200470554,0.020523310279999762,0.2026421181,0.935342731765747,15.166240297042776,0.31436548433508626
Surrogate_RF,11,chip_simple_dxm7p273_dym7p273__Lj12p0nH_Cj2p0fF__roL8p5mm__tee_fl160um_fc12_cg1p2um__rpg1p4um,4.72538962076,6.12848580344,6.047306581918716,251.02953182785623,5.876810016672627,6,fig5_cg1p0um_rpg2p5um__Lj12p0nH_Cj0p0fF__roL8p5mm__tee_fl160um_fc12,4.8761770008,5.99407925784,6.270368555709839,201.3919971854669,5.6148078415071,0.02411430434058707,0.15078738004000058,0.1344065456000001,0.2230619737911237,49.63753464238934,0.2620021751655264
Surrogate_RF,11,chip_simple_dxm7p273_dym7p273__Lj12p0nH_Cj2p0fF__roL8p5mm__tee_fl160um_fc12_cg1p2um__rpg1p4um,4.72538962076,6.12848580344,6.047306581918716,251.02953182785623,5.876810016672627,7,fig5_cg5p0um_rpg1p5um__Lj12p0nH_Cj0p0fF__roL8p5mm__tee_fl160um_fc12,4.78104020561,6.40912743907,4.688513258781433,251.19081153078065,6.311876326449141,0.02442174368160388,0.055650584850000406,0.28064163562999944,1.3587933231372826,0.16127970292441773,0.4350663097765146
Surrogate_RF,11,chip_simple_dxm7p273_dym7p273__Lj12p0nH_Cj2p0fF__roL8p5mm__tee_fl160um_fc12_cg1p2um__rpg1p4um,4.72538962076,6.12848580344,6.047306581918716,251.02953182785623,5.876810016672627,8,fig5_cg1p5um_rpg2p5um__Lj12p0nH_Cj0p0fF__roL8p5mm__tee_fl160um_fc12,4.93882770809,6.20515259596,4.85777295016098,196.1018444801448,5.919324796967785,0.024459831579992382,0.21343808733000014,0.0766667925199993,1.1895336317577359,54.92768734771144,0.04251478029515798
Surrogate_RF,11,chip_simple_dxm7p273_dym7p273__Lj12p0nH_Cj2p0fF__roL8p5mm__tee_fl160um_fc12_cg1p2um__rpg1p4um,4.72538962076,6.12848580344,6.047306581918716,251.02953182785623,5.876810016672627,9,fig5_cg4p5um_rpg1p0um__Lj12p0nH_Cj0p0fF__roL8p5mm__tee_fl160um_fc12,4.66547453942,6.44365646453,5.568490972890854,305.09213979648246,6.526420054379522,0.02881486053162692,0.05991508133999979,0.3151706610899998,0.4788156090278619,54.062607968626224,0.6496100377068954
Surrogate_RF,11,chip_simple_dxm7p273_dym7p273__Lj12p0nH_Cj2p0fF__roL8p5mm__tee_fl160um_fc12_cg1p2um__rpg1p4um,4.72538962076,6.12848580344,6.047306581918716,251.02953182785623,5.876810016672627,10,fig5_cg5p0um_rpg1p0um__Lj12p0nH_Cj0p0fF__roL8p5mm__tee_fl160um_fc12,4.67009412056,6.40368347107,5.386180753400803,292.5653068578806,6.313414733179575,0.02881486053162692,0.055295500199999736,0.27519766762999964,0.6611258285179131,41.53577503002438,0.436604716506948
Surrogate_RF,12,chip_simple_dxm7p273_dym6p364__Lj12p0nH_Cj2p0fF__roL8p5mm__tee_fl160um_fc12_cg1p2um__rpg1p4um,4.65347230611,6.0179480245,6.143081427398681,250.29134412810515,5.756747050636442,1,fig5_cg2p0um_rpg1p5um__Lj12p0nH_Cj0p0fF__roL8p5mm__tee_fl160um_fc12,4.77793609257,6.1977870086,5.346981281085967,236.19198761457903,5.968418975392394,0.014540772246104814,0.12446378645999978,0.17983898409999988,0.796100146312714,14.099356513526118,0.21167192475595176
Surrogate_RF,12,chip_simple_dxm7p273_dym6p364__Lj12p0nH_Cj2p0fF__roL8p5mm__tee_fl160um_fc12_cg1p2um__rpg1p4um,4.65347230611,6.0179480245,6.143081427398681,250.29134412810515,5.756747050636442,2,fig5_cg1p5um_rpg2p0um__Lj12p0nH_Cj0p0fF__roL8p5mm__tee_fl160um_fc12,4.87620084481,6.26170388145,4.99363361734581,218.7024888594067,5.970534325619533,0.016403857092474026,0.2227285386999993,0.24375585695000002,1.1494478100528713,31.58885526869844,0.21378727498309047
Surrogate_RF,12,chip_simple_dxm7p273_dym6p364__Lj12p0nH_Cj2p0fF__roL8p5mm__tee_fl160um_fc12_cg1p2um__rpg1p4um,4.65347230611,6.0179480245,6.143081427398681,250.29134412810515,5.756747050636442,3,fig5_cg2p0um_rpg1p0um__Lj12p0nH_Cj0p0fF__roL8p5mm__tee_fl160um_fc12,4.67537317002,6.28144982257,6.80016774546051,305.861011614189,6.2286045622900525,0.02276154095834908,0.021900863910000012,0.26350179807000007,0.6570863180618289,55.56966748608386,0.4718575116536101
Surrogate_RF,12,chip_simple_dxm7p273_dym6p364__Lj12p0nH_Cj2p0fF__roL8p5mm__tee_fl160um_fc12_cg1p2um__rpg1p4um,4.65347230611,6.0179480245,6.143081427398681,250.29134412810515,5.756747050636442,4,fig5_cg3p0um_rpg1p5um__Lj12p0nH_Cj0p0fF__roL8p5mm__tee_fl160um_fc12,4.80934135586,6.34266483957,4.7338018228397365,237.2002446708589,6.176728175579623,0.023238586368775554,0.1558690497499997,0.3247168150700004,1.4092796045589449,13.091099457246258,0.4199811249431802
Surrogate_RF,12,chip_simple_dxm7p273_dym6p364__Lj12p0nH_Cj2p0fF__roL8p5mm__tee_fl160um_fc12_cg1p2um__rpg1p4um,4.65347230611,6.0179480245,6.143081427398681,250.29134412810515,5.756747050636442,5,fig5_cg1p0um_rpg2p5um__Lj12p0nH_Cj0p0fF__roL8p5mm__tee_fl160um_fc12,4.8761770008,5.99407925784,6.270368555709839,201.3919971854669,5.6148078415071,0.02445735072217599,0.22270469468999998,0.023868766659999707,0.12728712831115807,48.89934694263826,0.1419392091293421
Surrogate_RF,12,chip_simple_dxm7p273_dym6p364__Lj12p0nH_Cj2p0fF__roL8p5mm__tee_fl160um_fc12_cg1p2um__rpg1p4um,4.65347230611,6.0179480245,6.143081427398681,250.29134412810515,5.756747050636442,6,fig5_cg3p5um_rpg1p5um__Lj12p0nH_Cj0p0fF__roL8p5mm__tee_fl160um_fc12,4.70486631048,6.33112792154,5.111963850152969,266.195772124899,6.191175501007713,0.026778119135047275,0.051394004369999635,0.3131798970400004,1.0311175772457126,15.904427996793856,0.43442845037127054
Surrogate_RF,12,chip_simple_dxm7p273_dym6p364__Lj12p0nH_Cj2p0fF__roL8p5mm__tee_fl160um_fc12_cg1p2um__rpg1p4um,4.65347230611,6.0179480245,6.143081427398681,250.29134412810515,5.756747050636442,7,fig5_cg1p5um_rpg2p5um__Lj12p0nH_Cj0p0fF__roL8p5mm__tee_fl160um_fc12,4.93882770809,6.20515259596,4.85777295016098,196.1018444801448,5.919324796967785,0.028288109707828493,0.28535540197999953,0.1872045714599997,1.2853084772377015,54.18949964796036,0.16257774633134225
Surrogate_RF,12,chip_simple_dxm7p273_dym6p364__Lj12p0nH_Cj2p0fF__roL8p5mm__tee_fl160um_fc12_cg1p2um__rpg1p4um,4.65347230611,6.0179480245,6.143081427398681,250.29134412810515,5.756747050636442,8,fig5_cg1p5um_rpg1p0um__Lj12p0nH_Cj0p0fF__roL8p5mm__tee_fl160um_fc12,4.7605818776,6.21817087681,5.831666317903518,253.65164600383045,6.132701943451215,0.02994954297245203,0.10710957148999967,0.20022285231000048,0.3114151094951634,3.3603018757252983,0.37595489281477246
Surrogate_RF,12,chip_simple_dxm7p273_dym6p364__Lj12p0nH_Cj2p0fF__roL8p5mm__tee_fl160um_fc12_cg1p2um__rpg1p4um,4.65347230611,6.0179480245,6.143081427398681,250.29134412810515,5.756747050636442,9,fig5_cg5p0um_rpg1p5um__Lj12p0nH_Cj0p0fF__roL8p5mm__tee_fl160um_fc12,4.78104020561,6.40912743907,4.688513258781433,251.19081153078065,6.311876326449141,0.030583999791249896,0.1275678994999998,0.39117941456999983,1.4545681686172482,0.8994674026754979,0.5551292758126989
Surrogate_RF,12,chip_simple_dxm7p273_dym6p364__Lj12p0nH_Cj2p0fF__roL8p5mm__tee_fl160um_fc12_cg1p2um__rpg1p4um,4.65347230611,6.0179480245,6.143081427398681,250.29134412810515,5.756747050636442,10,fig5_cg3p0um_rpg1p0um__Lj12p0nH_Cj0p0fF__roL8p5mm__tee_fl160um_fc12,4.5918495592,6.3683346429,6.310808488025665,329.7787087605889,6.339102179225892,0.033132360642310024,0.06162274691000036,0.35038661839999996,0.16772706062698362,79.48736463248378,0.5823551285894499
Surrogate_RF,13,chip_simple_dxm7p273_dym3p636__Lj12p0nH_Cj2p0fF__roL8p5mm__tee_fl160um_fc12_cg1p2um__rpg1p4um,4.73480918565,6.04038903556,6.218829399219513,237.6303531091748,5.832068017454491,1,fig5_cg1p5um_rpg2p0um__Lj12p0nH_Cj0p0fF__roL8p5mm__tee_fl160um_fc12,4.87620084481,6.26170388145,4.99363361734581,218.7024888594067,5.970534325619533,0.011090881677201793,0.14139165915999996,0.22131484589000028,1.225195781873703,18.927864249768078,0.13846630816504213
Surrogate_RF,13,chip_simple_dxm7p273_dym3p636__Lj12p0nH_Cj2p0fF__roL8p5mm__tee_fl160um_fc12_cg1p2um__rpg1p4um,4.73480918565,6.04038903556,6.218829399219513,237.6303531091748,5.832068017454491,2,fig5_cg2p0um_rpg1p5um__Lj12p0nH_Cj0p0fF__roL8p5mm__tee_fl160um_fc12,4.77793609257,6.1977870086,5.346981281085967,236.19198761457903,5.968418975392394,0.012479913550605673,0.04312690692000043,0.15739797304000014,0.8718481181335456,1.4383654945957574,0.13635095793790342
Surrogate_RF,13,chip_simple_dxm7p273_dym3p636__Lj12p0nH_Cj2p0fF__roL8p5mm__tee_fl160um_fc12_cg1p2um__rpg1p4um,4.73480918565,6.04038903556,6.218829399219513,237.6303531091748,5.832068017454491,3,fig5_cg1p0um_rpg2p5um__Lj12p0nH_Cj0p0fF__roL8p5mm__tee_fl160um_fc12,4.8761770008,5.99407925784,6.270368555709839,201.3919971854669,5.6148078415071,0.015260356228951189,0.14136781515000063,0.046309777719999445,0.051539156490326477,36.2383559237079,0.21726017594739044
Surrogate_RF,13,chip_simple_dxm7p273_dym3p636__Lj12p0nH_Cj2p0fF__roL8p5mm__tee_fl160um_fc12_cg1p2um__rpg1p4um,4.73480918565,6.04038903556,6.218829399219513,237.6303531091748,5.832068017454491,4,fig5_cg1p5um_rpg2p5um__Lj12p0nH_Cj0p0fF__roL8p5mm__tee_fl160um_fc12,4.93882770809,6.20515259596,4.85777295016098,196.1018444801448,5.919324796967785,0.02157162766262422,0.20401852244000018,0.16476356039999995,1.361056449058533,41.52850862903,0.08725677951329391
Surrogate_RF,13,chip_simple_dxm7p273_dym3p636__Lj12p0nH_Cj2p0fF__roL8p5mm__tee_fl160um_fc12_cg1p2um__rpg1p4um,4.73480918565,6.04038903556,6.218829399219513,237.6303531091748,5.832068017454491,5,fig5_cg3p0um_rpg1p5um__Lj12p0nH_Cj0p0fF__roL8p5mm__tee_fl160um_fc12,4.80934135586,6.34266483957,4.7338018228397365,237.2002446708589,6.176728175579623,0.022827602058667774,0.07453217021000036,0.30227580401000065,1.4850275763797764,0.43010843831589796,0.34466015812513184
Surrogate_RF,13,chip_simple_dxm7p273_dym3p636__Lj12p0nH_Cj2p0fF__roL8p5mm__tee_fl160um_fc12_cg1p2um__rpg1p4um,4.73480918565,6.04038903556,6.218829399219513,237.6303531091748,5.832068017454491,6,fig5_cg3p5um_rpg1p5um__Lj12p0nH_Cj0p0fF__roL8p5mm__tee_fl160um_fc12,4.70486631048,6.33112792154,5.111963850152969,266.195772124899,6.191175501007713,0.02803434945556868,0.029942875169999716,0.29073888598000064,1.1068655490665442,28.565419015724217,0.3591074835532222
Surrogate_RF,13,chip_simple_dxm7p273_dym3p636__Lj12p0nH_Cj2p0fF__roL8p5mm__tee_fl160um_fc12_cg1p2um__rpg1p4um,4.73480918565,6.04038903556,6.218829399219513,237.6303531091748,5.832068017454491,7,fig5_cg2p0um_rpg2p5um__Lj12p0nH_Cj0p0fF__roL8p5mm__tee_fl160um_fc12,4.88081947033,6.29200362079,4.710222612869263,215.78136757047287,6.007573423867593,0.031266058774219604,0.14601028468,0.25161458523000046,1.5086067863502501,21.848985538701925,0.17550540641310253
Surrogate_RF,13,chip_simple_dxm7p273_dym3p636__Lj12p0nH_Cj2p0fF__roL8p5mm__tee_fl160um_fc12_cg1p2um__rpg1p4um,4.73480918565,6.04038903556,6.218829399219513,237.6303531091748,5.832068017454491,8,fig5_cg5p0um_rpg1p5um__Lj12p0nH_Cj0p0fF__roL8p5mm__tee_fl160um_fc12,4.78104020561,6.40912743907,4.688513258781433,251.19081153078065,6.311876326449141,0.03141889341624962,0.04623101996000045,0.3687384035100001,1.5303161404380798,13.560458421605858,0.47980830899465055
Surrogate_RF,13,chip_simple_dxm7p273_dym3p636__Lj12p0nH_Cj2p0fF__roL8p5mm__tee_fl160um_fc12_cg1p2um__rpg1p4um,4.73480918565,6.04038903556,6.218829399219513,237.6303531091748,5.832068017454491,9,fig5_cg1p0um_rpg1p5um__Lj12p0nH_Cj0p0fF__roL8p5mm__tee_fl160um_fc12,4.79990762773,5.93734773014,7.211306133548736,222.8918736386996,5.66911545033236,0.034127524459455216,0.06509844208000004,0.10304130541999967,0.9924767343292231,14.738479470475198,0.16295256712213035
Surrogate_RF,13,chip_simple_dxm7p273_dym3p636__Lj12p0nH_Cj2p0fF__roL8p5mm__tee_fl160um_fc12_cg1p2um__rpg1p4um,4.73480918565,6.04038903556,6.218829399219513,237.6303531091748,5.832068017454491,10,fig5_cg2p0um_rpg1p0um__Lj12p0nH_Cj0p0fF__roL8p5mm__tee_fl160um_fc12,4.67537317002,6.28144982257,6.80016774546051,305.861011614189,6.2286045622900525,0.03421821526079914,0.05943601562999934,0.24106078701000033,0.5813383462409973,68.23065850501422,0.3965365448355618
Surrogate_RF,14,chip_simple_dxm7p273_dy1p818__Lj12p0nH_Cj2p0fF__roL8p5mm__tee_fl160um_fc12_cg1p2um__rpg1p4um,4.72771702229,5.972340521,5.773035212522506,219.24495923206857,5.714431158523696,1,fig5_cg1p5um_rpg2p0um__Lj12p0nH_Cj0p0fF__roL8p5mm__tee_fl160um_fc12,4.87620084481,6.26170388145,4.99363361734581,218.7024888594067,5.970534325619533,0.003541563617618908,0.14848382251999936,0.28936336045000033,0.7794015951766964,0.5424703726618532,0.25610316709583714
Surrogate_RF,14,chip_simple_dxm7p273_dy1p818__Lj12p0nH_Cj2p0fF__roL8p5mm__tee_fl160um_fc12_cg1p2um__rpg1p4um,4.72771702229,5.972340521,5.773035212522506,219.24495923206857,5.714431158523696,2,fig5_cg1p0um_rpg2p5um__Lj12p0nH_Cj0p0fF__roL8p5mm__tee_fl160um_fc12,4.8761770008,5.99407925784,6.270368555709839,201.3919971854669,5.6148078415071,0.008031485889792068,0.14845997851000003,0.021738736840000605,0.497333343187333,17.852962046601675,0.09962331701659544
Surrogate_RF,14,chip_simple_dxm7p273_dy1p818__Lj12p0nH_Cj2p0fF__roL8p5mm__tee_fl160um_fc12_cg1p2um__rpg1p4um,4.72771702229,5.972340521,5.773035212522506,219.24495923206857,5.714431158523696,3,fig5_cg1p5um_rpg2p5um__Lj12p0nH_Cj0p0fF__roL8p5mm__tee_fl160um_fc12,4.93882770809,6.20515259596,4.85777295016098,196.1018444801448,5.919324796967785,0.00841312529854691,0.2111106857999996,0.23281207496,0.9152622623615265,23.143114751923775,0.20489363844408892
Surrogate_RF,14,chip_simple_dxm7p273_dy1p818__Lj12p0nH_Cj2p0fF__roL8p5mm__tee_fl160um_fc12_cg1p2um__rpg1p4um,4.72771702229,5.972340521,5.773035212522506,219.24495923206857,5.714431158523696,4,fig5_cg2p0um_rpg1p5um__Lj12p0nH_Cj0p0fF__roL8p5mm__tee_fl160um_fc12,4.77793609257,6.1977870086,5.346981281085967,236.19198761457903,5.968418975392394,0.009115836540898547,0.05021907027999983,0.2254464876000002,0.426053931436539,16.947028382510467,0.2539878168686984
Surrogate_RF,14,chip_simple_dxm7p273_dy1p818__Lj12p0nH_Cj2p0fF__roL8p5mm__tee_fl160um_fc12_cg1p2um__rpg1p4um,4.72771702229,5.972340521,5.773035212522506,219.24495923206857,5.714431158523696,5,fig5_cg2p0um_rpg2p5um__Lj12p0nH_Cj0p0fF__roL8p5mm__tee_fl160um_fc12,4.88081947033,6.29200362079,4.710222612869263,215.78136757047287,6.007573423867593,0.017983369700867655,0.1531024480399994,0.3196630997900005,1.0628125996532436,3.4635916615957,0.29314226534389753
Surrogate_RF,14,chip_simple_dxm7p273_dy1p818__Lj12p0nH_Cj2p0fF__roL8p5mm__tee_fl160um_fc12_cg1p2um__rpg1p4um,4.72771702229,5.972340521,5.773035212522506,219.24495923206857,5.714431158523696,6,fig5_cg3p0um_rpg1p5um__Lj12p0nH_Cj0p0fF__roL8p5mm__tee_fl160um_fc12,4.80934135586,6.34266483957,4.7338018228397365,237.2002446708589,6.176728175579623,0.02004530567899522,0.08162433356999976,0.3703243185700007,1.03923338968277,17.955285438790327,0.46229701705592685
Surrogate_RF,14,chip_simple_dxm7p273_dy1p818__Lj12p0nH_Cj2p0fF__roL8p5mm__tee_fl160um_fc12_cg1p2um__rpg1p4um,4.72771702229,5.972340521,5.773035212522506,219.24495923206857,5.714431158523696,7,fig5_cg3p5um_rpg1p5um__Lj12p0nH_Cj0p0fF__roL8p5mm__tee_fl160um_fc12,4.70486631048,6.33112792154,5.111963850152969,266.195772124899,6.191175501007713,0.027809131334933197,0.022850711810000313,0.3587874005400007,0.6610713623695377,46.95081289283044,0.4767443424840172
Surrogate_RF,14,chip_simple_dxm7p273_dy1p818__Lj12p0nH_Cj2p0fF__roL8p5mm__tee_fl160um_fc12_cg1p2um__rpg1p4um,4.72771702229,5.972340521,5.773035212522506,219.24495923206857,5.714431158523696,8,fig5_cg2p5um_rpg2p0um__Lj12p0nH_Cj0p0fF__roL8p5mm__tee_fl160um_fc12,4.82985966256,6.3640851834,4.45615377314949,229.1245415394613,6.124821045393385,0.028390943712518688,0.10214264026999942,0.3917446624000007,1.3168814393730166,9.879582307392724,0.41038988686968914
Surrogate_RF,14,chip_simple_dxm7p273_dy1p818__Lj12p0nH_Cj2p0fF__roL8p5mm__tee_fl160um_fc12_cg1p2um__rpg1p4um,4.72771702229,5.972340521,5.773035212522506,219.24495923206857,5.714431158523696,9,fig5_cg2p5um_rpg2p5um__Lj12p0nH_Cj0p0fF__roL8p5mm__tee_fl160um_fc12,4.86782605146,6.40620544852,4.850844314466476,237.9905673388129,6.17514285459043,0.028780758400717404,0.14010902916999957,0.43386492752000017,0.92219089805603,18.745608106744328,0.4607116960667339
Surrogate_RF,14,chip_simple_dxm7p273_dy1p818__Lj12p0nH_Cj2p0fF__roL8p5mm__tee_fl160um_fc12_cg1p2um__rpg1p4um,4.72771702229,5.972340521,5.773035212522506,219.24495923206857,5.714431158523696,10,fig5_cg5p0um_rpg1p5um__Lj12p0nH_Cj0p0fF__roL8p5mm__tee_fl160um_fc12,4.78104020561,6.40912743907,4.688513258781433,251.19081153078065,6.311876326449141,0.02936398042826044,0.053323183319999856,0.43678691807000014,1.0845219537410733,31.945852298712083,0.5974451679254456
Surrogate_RF,15,chip_simple_dxm7p273_dy8p182__Lj12p0nH_Cj2p0fF__roL8p5mm__tee_fl160um_fc12_cg1p2um__rpg1p4um,4.73311969721,6.1823618083,5.650964117544174,249.6016788017964,5.977576415438447,1,fig5_cg2p0um_rpg1p5um__Lj12p0nH_Cj0p0fF__roL8p5mm__tee_fl160um_fc12,4.77793609257,6.1977870086,5.346981281085967,236.19198761457903,5.968418975392394,0.003992977524634917,0.04481639535999982,0.015425200300000164,0.30398283645820623,13.409691187217362,0.009157440046053011
Surrogate_RF,15,chip_simple_dxm7p273_dy8p182__Lj12p0nH_Cj2p0fF__roL8p5mm__tee_fl160um_fc12_cg1p2um__rpg1p4um,4.73311969721,6.1823618083,5.650964117544174,249.6016788017964,5.977576415438447,2,fig5_cg3p0um_rpg1p5um__Lj12p0nH_Cj0p0fF__roL8p5mm__tee_fl160um_fc12,4.80934135586,6.34266483957,4.7338018228397365,237.2002446708589,6.176728175579623,0.008121381265561615,0.07622165864999975,0.16030303127000067,0.9171622947044371,12.401434130937503,0.19915176014117542
Surrogate_RF,15,chip_simple_dxm7p273_dy8p182__Lj12p0nH_Cj2p0fF__roL8p5mm__tee_fl160um_fc12_cg1p2um__rpg1p4um,4.73311969721,6.1823618083,5.650964117544174,249.6016788017964,5.977576415438447,3,fig5_cg1p5um_rpg2p0um__Lj12p0nH_Cj0p0fF__roL8p5mm__tee_fl160um_fc12,4.87620084481,6.26170388145,4.99363361734581,218.7024888594067,5.970534325619533,0.008881235635484649,0.14308114759999935,0.0793420731500003,0.6573305001983636,30.899189942389683,0.007042089818914299
Surrogate_RF,15,chip_simple_dxm7p273_dy8p182__Lj12p0nH_Cj2p0fF__roL8p5mm__tee_fl160um_fc12_cg1p2um__rpg1p4um,4.73311969721,6.1823618083,5.650964117544174,249.6016788017964,5.977576415438447,4,fig5_cg3p5um_rpg1p5um__Lj12p0nH_Cj0p0fF__roL8p5mm__tee_fl160um_fc12,4.70486631048,6.33112792154,5.111963850152969,266.195772124899,6.191175501007713,0.010212466298794047,0.02825338673000033,0.14876611324000066,0.5390002673912049,16.594093323102612,0.21359908556926577
Surrogate_RF,15,chip_simple_dxm7p273_dy8p182__Lj12p0nH_Cj2p0fF__roL8p5mm__tee_fl160um_fc12_cg1p2um__rpg1p4um,4.73311969721,6.1823618083,5.650964117544174,249.6016788017964,5.977576415438447,5,fig5_cg5p0um_rpg1p5um__Lj12p0nH_Cj0p0fF__roL8p5mm__tee_fl160um_fc12,4.78104020561,6.40912743907,4.688513258781433,251.19081153078065,6.311876326449141,0.01300418884776583,0.04792050839999984,0.22676563077000012,0.9624508587627405,1.5891327289842536,0.3342999110106941
Surrogate_RF,15,chip_simple_dxm7p273_dy8p182__Lj12p0nH_Cj2p0fF__roL8p5mm__tee_fl160um_fc12_cg1p2um__rpg1p4um,4.73311969721,6.1823618083,5.650964117544174,249.6016788017964,5.977576415438447,6,fig5_cg1p5um_rpg2p5um__Lj12p0nH_Cj0p0fF__roL8p5mm__tee_fl160um_fc12,4.93882770809,6.20515259596,4.85777295016098,196.1018444801448,5.919324796967785,0.017269755555160925,0.20570801087999957,0.022790787659999978,0.7931911673831937,53.499834321651605,0.058251618470662514
Surrogate_RF,15,chip_simple_dxm7p273_dy8p182__Lj12p0nH_Cj2p0fF__roL8p5mm__tee_fl160um_fc12_cg1p2um__rpg1p4um,4.73311969721,6.1823618083,5.650964117544174,249.6016788017964,5.977576415438447,7,fig5_cg2p0um_rpg2p5um__Lj12p0nH_Cj0p0fF__roL8p5mm__tee_fl160um_fc12,4.88081947033,6.29200362079,4.710222612869263,215.78136757047287,6.007573423867593,0.020104067289535326,0.14769977311999938,0.10964181249000049,0.9407415046749108,33.82031123132353,0.0299970084291461
Surrogate_RF,15,chip_simple_dxm7p273_dy8p182__Lj12p0nH_Cj2p0fF__roL8p5mm__tee_fl160um_fc12_cg1p2um__rpg1p4um,4.73311969721,6.1823618083,5.650964117544174,249.6016788017964,5.977576415438447,8,fig5_cg2p5um_rpg2p0um__Lj12p0nH_Cj0p0fF__roL8p5mm__tee_fl160um_fc12,4.82985966256,6.3640851834,4.45615377314949,229.1245415394613,6.124821045393385,0.02069881158521075,0.0967399653499994,0.1817233751000007,1.1948103443946838,20.477137262335106,0.1472446299549377
Surrogate_RF,15,chip_simple_dxm7p273_dy8p182__Lj12p0nH_Cj2p0fF__roL8p5mm__tee_fl160um_fc12_cg1p2um__rpg1p4um,4.73311969721,6.1823618083,5.650964117544174,249.6016788017964,5.977576415438447,9,fig5_cg3p0um_rpg2p0um__Lj12p0nH_Cj0p0fF__roL8p5mm__tee_fl160um_fc12,4.85591843529,6.44095110726,4.270610977590561,230.04663618304903,6.1997071597004,0.023141930208055675,0.1227987380799993,0.2585892989600005,1.3803531399536126,19.555042618747365,0.22213074426195245
Surrogate_RF,15,chip_simple_dxm7p273_dy8p182__Lj12p0nH_Cj2p0fF__roL8p5mm__tee_fl160um_fc12_cg1p2um__rpg1p4um,4.73311969721,6.1823618083,5.650964117544174,249.6016788017964,5.977576415438447,10,fig5_cg2p5um_rpg2p5um__Lj12p0nH_Cj0p0fF__roL8p5mm__tee_fl160um_fc12,4.86782605146,6.40620544852,4.850844314466476,237.9905673388129,6.17514285459043,0.024440612393332475,0.13470635424999955,0.22384364022000014,0.8001198030776973,11.611111462983501,0.19756643915198246
Surrogate_RF,16,chip_simple_dxm7p273_dy9p091__Lj12p0nH_Cj2p0fF__roL8p5mm__tee_fl160um_fc12_cg1p2um__rpg1p4um,4.72336710509,6.1048577147,5.895831980884552,244.34013210942783,5.873176370681271,1,fig5_cg2p0um_rpg1p5um__Lj12p0nH_Cj0p0fF__roL8p5mm__tee_fl160um_fc12,4.77793609257,6.1977870086,5.346981281085967,236.19198761457903,5.968418975392394,0.006786232036692852,0.05456898747999972,0.09292929390000015,0.5488506997985843,8.148144494848793,0.09524260471112278
Surrogate_RF,16,chip_simple_dxm7p273_dy9p091__Lj12p0nH_Cj2p0fF__roL8p5mm__tee_fl160um_fc12_cg1p2um__rpg1p4um,4.72336710509,6.1048577147,5.895831980884552,244.34013210942783,5.873176370681271,2,fig5_cg1p5um_rpg2p0um__Lj12p0nH_Cj0p0fF__roL8p5mm__tee_fl160um_fc12,4.87620084481,6.26170388145,4.99363361734581,218.7024888594067,5.970534325619533,0.008757420415799131,0.15283373971999925,0.1568461667500003,0.9021983635387416,25.637643250021114,0.09735795493826149
Surrogate_RF,16,chip_simple_dxm7p273_dy9p091__Lj12p0nH_Cj2p0fF__roL8p5mm__tee_fl160um_fc12_cg1p2um__rpg1p4um,4.72336710509,6.1048577147,5.895831980884552,244.34013210942783,5.873176370681271,3,fig5_cg3p0um_rpg1p5um__Lj12p0nH_Cj0p0fF__roL8p5mm__tee_fl160um_fc12,4.80934135586,6.34266483957,4.7338018228397365,237.2002446708589,6.176728175579623,0.013937676960292496,0.08597425076999965,0.23780712487000066,1.1620301580448151,7.139887438568934,0.3035518048983512
Surrogate_RF,16,chip_simple_dxm7p273_dy9p091__Lj12p0nH_Cj2p0fF__roL8p5mm__tee_fl160um_fc12_cg1p2um__rpg1p4um,4.72336710509,6.1048577147,5.895831980884552,244.34013210942783,5.873176370681271,4,fig5_cg3p5um_rpg1p5um__Lj12p0nH_Cj0p0fF__roL8p5mm__tee_fl160um_fc12,4.70486631048,6.33112792154,5.111963850152969,266.195772124899,6.191175501007713,0.017483580475972885,0.018500794610000426,0.22627020684000065,0.7838681307315829,21.85564001547118,0.31799913032644156
Surrogate_RF,16,chip_simple_dxm7p273_dy9p091__Lj12p0nH_Cj2p0fF__roL8p5mm__tee_fl160um_fc12_cg1p2um__rpg1p4um,4.72336710509,6.1048577147,5.895831980884552,244.34013210942783,5.873176370681271,5,fig5_cg1p5um_rpg2p5um__Lj12p0nH_Cj0p0fF__roL8p5mm__tee_fl160um_fc12,4.93882770809,6.20515259596,4.85777295016098,196.1018444801448,5.919324796967785,0.01827711598702538,0.21546060299999947,0.10029488125999997,1.0380590307235718,48.238287629283036,0.04614842628651328
Surrogate_RF,16,chip_simple_dxm7p273_dy9p091__Lj12p0nH_Cj2p0fF__roL8p5mm__tee_fl160um_fc12_cg1p2um__rpg1p4um,4.72336710509,6.1048577147,5.895831980884552,244.34013210942783,5.873176370681271,6,fig5_cg1p0um_rpg2p5um__Lj12p0nH_Cj0p0fF__roL8p5mm__tee_fl160um_fc12,4.8761770008,5.99407925784,6.270368555709839,201.3919971854669,5.6148078415071,0.020440056361860078,0.15280989570999992,0.11077845685999943,0.3745365748252878,42.948134923960936,0.2583685291741711
Surrogate_RF,16,chip_simple_dxm7p273_dy9p091__Lj12p0nH_Cj2p0fF__roL8p5mm__tee_fl160um_fc12_cg1p2um__rpg1p4um,4.72336710509,6.1048577147,5.895831980884552,244.34013210942783,5.873176370681271,7,fig5_cg5p0um_rpg1p5um__Lj12p0nH_Cj0p0fF__roL8p5mm__tee_fl160um_fc12,4.78104020561,6.40912743907,4.688513258781433,251.19081153078065,6.311876326449141,0.020599191026098036,0.05767310051999974,0.3042697243700001,1.2073187221031185,6.850679421352822,0.4386999557678699
Surrogate_RF,16,chip_simple_dxm7p273_dy9p091__Lj12p0nH_Cj2p0fF__roL8p5mm__tee_fl160um_fc12_cg1p2um__rpg1p4um,4.72336710509,6.1048577147,5.895831980884552,244.34013210942783,5.873176370681271,8,fig5_cg2p0um_rpg2p5um__Lj12p0nH_Cj0p0fF__roL8p5mm__tee_fl160um_fc12,4.88081947033,6.29200362079,4.710222612869263,215.78136757047287,6.007573423867593,0.024478902304165946,0.15745236523999928,0.18714590609000048,1.1856093680152888,28.55876453895496,0.1343970531863219
Surrogate_RF,16,chip_simple_dxm7p273_dy9p091__Lj12p0nH_Cj2p0fF__roL8p5mm__tee_fl160um_fc12_cg1p2um__rpg1p4um,4.72336710509,6.1048577147,5.895831980884552,244.34013210942783,5.873176370681271,9,fig5_cg2p5um_rpg2p0um__Lj12p0nH_Cj0p0fF__roL8p5mm__tee_fl160um_fc12,4.82985966256,6.3640851834,4.45615377314949,229.1245415394613,6.124821045393385,0.027771925005774294,0.1064925574699993,0.2592274687000007,1.4396782077350618,15.215590569966537,0.2516446747121135
Surrogate_RF,16,chip_simple_dxm7p273_dy9p091__Lj12p0nH_Cj2p0fF__roL8p5mm__tee_fl160um_fc12_cg1p2um__rpg1p4um,4.72336710509,6.1048577147,5.895831980884552,244.34013210942783,5.873176370681271,10,fig5_cg2p0um_rpg1p0um__Lj12p0nH_Cj0p0fF__roL8p5mm__tee_fl160um_fc12,4.67537317002,6.28144982257,6.80016774546051,305.861011614189,6.2286045622900525,0.028933823000553784,0.04799393507000005,0.17659210787000035,0.9043357645759587,61.52087950476118,0.35542819160878114
Surrogate_RF,17,chip_simple_dxm6p364_dym10p000__Lj12p0nH_Cj2p0fF__roL8p5mm__tee_fl160um_fc12_cg1p2um__rpg1p4um,4.74671380996,6.03991593661,5.848658886358261,227.8865591340732,5.768117311750657,1,fig5_cg1p5um_rpg2p0um__Lj12p0nH_Cj0p0fF__roL8p5mm__tee_fl160um_fc12,4.87620084481,6.26170388145,4.99363361734581,218.7024888594067,5.970534325619533,0.003908438141715829,0.12948703484999946,0.22178794483999997,0.8550252690124509,9.184070274666482,0.20241701386887634
Surrogate_RF,17,chip_simple_dxm6p364_dym10p000__Lj12p0nH_Cj2p0fF__roL8p5mm__tee_fl160um_fc12_cg1p2um__rpg1p4um,4.74671380996,6.03991593661,5.848658886358261,227.8865591340732,5.768117311750657,2,fig5_cg2p0um_rpg1p5um__Lj12p0nH_Cj0p0fF__roL8p5mm__tee_fl160um_fc12,4.77793609257,6.1977870086,5.346981281085967,236.19198761457903,5.968418975392394,0.006712600678891716,0.03122228260999993,0.15787107198999983,0.5016776052722935,8.305428480505839,0.20030166364173763
Surrogate_RF,17,chip_simple_dxm6p364_dym10p000__Lj12p0nH_Cj2p0fF__roL8p5mm__tee_fl160um_fc12_cg1p2um__rpg1p4um,4.74671380996,6.03991593661,5.848658886358261,227.8865591340732,5.768117311750657,3,fig5_cg1p5um_rpg2p5um__Lj12p0nH_Cj0p0fF__roL8p5mm__tee_fl160um_fc12,4.93882770809,6.20515259596,4.85777295016098,196.1018444801448,5.919324796967785,0.010727774965888398,0.19211389812999968,0.16523665934999965,0.990885936197281,31.784714653928404,0.15120748521712812
Surrogate_RF,17,chip_simple_dxm6p364_dym10p000__Lj12p0nH_Cj2p0fF__roL8p5mm__tee_fl160um_fc12_cg1p2um__rpg1p4um,4.74671380996,6.03991593661,5.848658886358261,227.8865591340732,5.768117311750657,4,fig5_cg1p0um_rpg2p5um__Lj12p0nH_Cj0p0fF__roL8p5mm__tee_fl160um_fc12,4.8761770008,5.99407925784,6.270368555709839,201.3919971854669,5.6148078415071,0.010749131501457305,0.12946319084000013,0.04583667876999975,0.4217096693515785,26.494561948606304,0.15330947024355623
Surrogate_RF,17,chip_simple_dxm6p364_dym10p000__Lj12p0nH_Cj2p0fF__roL8p5mm__tee_fl160um_fc12_cg1p2um__rpg1p4um,4.74671380996,6.03991593661,5.848658886358261,227.8865591340732,5.768117311750657,5,fig5_cg3p0um_rpg1p5um__Lj12p0nH_Cj0p0fF__roL8p5mm__tee_fl160um_fc12,4.80934135586,6.34266483957,4.7338018228397365,237.2002446708589,6.176728175579623,0.016337045251217083,0.06262754589999986,0.30274890296000034,1.1148570635185244,9.313685536785698,0.40861086382896605
Surrogate_RF,17,chip_simple_dxm6p364_dym10p000__Lj12p0nH_Cj2p0fF__roL8p5mm__tee_fl160um_fc12_cg1p2um__rpg1p4um,4.74671380996,6.03991593661,5.848658886358261,227.8865591340732,5.768117311750657,6,fig5_cg2p0um_rpg2p5um__Lj12p0nH_Cj0p0fF__roL8p5mm__tee_fl160um_fc12,4.88081947033,6.29200362079,4.710222612869263,215.78136757047287,6.007573423867593,0.019157688110900552,0.1341056603699995,0.25208768418000016,1.1384362734889981,12.105191563600329,0.23945611211693674
Surrogate_RF,17,chip_simple_dxm6p364_dym10p000__Lj12p0nH_Cj2p0fF__roL8p5mm__tee_fl160um_fc12_cg1p2um__rpg1p4um,4.74671380996,6.03991593661,5.848658886358261,227.8865591340732,5.768117311750657,7,fig5_cg3p5um_rpg1p5um__Lj12p0nH_Cj0p0fF__roL8p5mm__tee_fl160um_fc12,4.70486631048,6.33112792154,5.111963850152969,266.195772124899,6.191175501007713,0.022508991794410675,0.041847499480000216,0.29121198493000033,0.7366950362052922,38.30921299082581,0.4230581892570564
Surrogate_RF,17,chip_simple_dxm6p364_dym10p000__Lj12p0nH_Cj2p0fF__roL8p5mm__tee_fl160um_fc12_cg1p2um__rpg1p4um,4.74671380996,6.03991593661,5.848658886358261,227.8865591340732,5.768117311750657,8,fig5_cg5p0um_rpg1p5um__Lj12p0nH_Cj0p0fF__roL8p5mm__tee_fl160um_fc12,4.78104020561,6.40912743907,4.688513258781433,251.19081153078065,6.311876326449141,0.02473521234851368,0.03432639564999995,0.3692115024599998,1.1601456275768278,23.304252396707454,0.5437590146984848
Surrogate_RF,17,chip_simple_dxm6p364_dym10p000__Lj12p0nH_Cj2p0fF__roL8p5mm__tee_fl160um_fc12_cg1p2um__rpg1p4um,4.74671380996,6.03991593661,5.848658886358261,227.8865591340732,5.768117311750657,9,fig5_cg2p5um_rpg2p0um__Lj12p0nH_Cj0p0fF__roL8p5mm__tee_fl160um_fc12,4.82985966256,6.3640851834,4.45615377314949,229.1245415394613,6.124821045393385,0.02690699483552721,0.08314585259999951,0.32416924679000036,1.3925051132087711,1.2379824053880952,0.35670373364272834
Surrogate_RF,17,chip_simple_dxm6p364_dym10p000__Lj12p0nH_Cj2p0fF__roL8p5mm__tee_fl160um_fc12_cg1p2um__rpg1p4um,4.74671380996,6.03991593661,5.848658886358261,227.8865591340732,5.768117311750657,10,fig5_cg2p5um_rpg2p5um__Lj12p0nH_Cj0p0fF__roL8p5mm__tee_fl160um_fc12,4.86782605146,6.40620544852,4.850844314466476,237.9905673388129,6.17514285459043,0.02844678304005916,0.12111224149999966,0.3662895119099998,0.9978145718917846,10.1040082047397,0.4070255428397731
Surrogate_RF,18,chip_simple_dxm6p364_dym8p182__Lj12p0nH_Cj2p0fF__roL8p5mm__tee_fl160um_fc12_cg1p2um__rpg1p4um,4.66921934467,5.95957733907,6.531350151489257,244.2974230799728,5.682759542301245,1,fig5_cg1p5um_rpg2p0um__Lj12p0nH_Cj0p0fF__roL8p5mm__tee_fl160um_fc12,4.87620084481,6.26170388145,4.99363361734581,218.7024888594067,5.970534325619533,0.021632485906546144,0.2069815001399995,0.3021265423799999,1.5377165341434473,25.594934220566074,0.2877747833182882
Surrogate_RF,18,chip_simple_dxm6p364_dym8p182__Lj12p0nH_Cj2p0fF__roL8p5mm__tee_fl160um_fc12_cg1p2um__rpg1p4um,4.66921934467,5.95957733907,6.531350151489257,244.2974230799728,5.682759542301245,2,fig5_cg1p0um_rpg2p5um__Lj12p0nH_Cj0p0fF__roL8p5mm__tee_fl160um_fc12,4.8761770008,5.99407925784,6.270368555709839,201.3919971854669,5.6148078415071,0.022326945908499925,0.20695765613000017,0.034501918770000195,0.26098159577941793,42.905425894505896,0.06795170079414437
Surrogate_RF,18,chip_simple_dxm6p364_dym8p182__Lj12p0nH_Cj2p0fF__roL8p5mm__tee_fl160um_fc12_cg1p2um__rpg1p4um,4.66921934467,5.95957733907,6.531350151489257,244.2974230799728,5.682759542301245,3,fig5_cg2p0um_rpg1p5um__Lj12p0nH_Cj0p0fF__roL8p5mm__tee_fl160um_fc12,4.77793609257,6.1977870086,5.346981281085967,236.19198761457903,5.968418975392394,0.02294717504684941,0.10871674789999997,0.23820966952999978,1.18436887040329,8.105435465393754,0.2856594330911495
Surrogate_RF,18,chip_simple_dxm6p364_dym8p182__Lj12p0nH_Cj2p0fF__roL8p5mm__tee_fl160um_fc12_cg1p2um__rpg1p4um,4.66921934467,5.95957733907,6.531350151489257,244.2974230799728,5.682759542301245,4,fig5_cg1p5um_rpg1p0um__Lj12p0nH_Cj0p0fF__roL8p5mm__tee_fl160um_fc12,4.7605818776,6.21817087681,5.831666317903518,253.65164600383045,6.132701943451215,0.02425527470621881,0.09136253292999985,0.2585935377400004,0.6996838335857394,9.354222923857662,0.4499424011499702
Surrogate_RF,18,chip_simple_dxm6p364_dym8p182__Lj12p0nH_Cj2p0fF__roL8p5mm__tee_fl160um_fc12_cg1p2um__rpg1p4um,4.66921934467,5.95957733907,6.531350151489257,244.2974230799728,5.682759542301245,5,fig5_cg1p0um_rpg1p5um__Lj12p0nH_Cj0p0fF__roL8p5mm__tee_fl160um_fc12,4.79990762773,5.93734773014,7.211306133548736,222.8918736386996,5.66911545033236,0.02541030298990597,0.13068828305999958,0.022229608930000033,0.6799559820594787,21.405549441273195,0.013644091968884275
Surrogate_RF,18,chip_simple_dxm6p364_dym8p182__Lj12p0nH_Cj2p0fF__roL8p5mm__tee_fl160um_fc12_cg1p2um__rpg1p4um,4.66921934467,5.95957733907,6.531350151489257,244.2974230799728,5.682759542301245,6,fig5_cg2p0um_rpg1p0um__Lj12p0nH_Cj0p0fF__roL8p5mm__tee_fl160um_fc12,4.67537317002,6.28144982257,6.80016774546051,305.861011614189,6.2286045622900525,0.029471795468410857,0.006153825350000197,0.3218724835,0.26881759397125293,61.56358853421622,0.5458450199888079
Surrogate_RF,18,chip_simple_dxm6p364_dym8p182__Lj12p0nH_Cj2p0fF__roL8p5mm__tee_fl160um_fc12_cg1p2um__rpg1p4um,4.66921934467,5.95957733907,6.531350151489257,244.2974230799728,5.682759542301245,7,fig5_cg1p5um_rpg2p5um__Lj12p0nH_Cj0p0fF__roL8p5mm__tee_fl160um_fc12,4.93882770809,6.20515259596,4.85777295016098,196.1018444801448,5.919324796967785,0.03458817349284726,0.2696083634199997,0.2455752568899996,1.6735772013282775,48.195578599827996,0.23656525466654
Surrogate_RF,18,chip_simple_dxm6p364_dym8p182__Lj12p0nH_Cj2p0fF__roL8p5mm__tee_fl160um_fc12_cg1p2um__rpg1p4um,4.66921934467,5.95957733907,6.531350151489257,244.2974230799728,5.682759542301245,8,fig5_cg3p0um_rpg1p5um__Lj12p0nH_Cj0p0fF__roL8p5mm__tee_fl160um_fc12,4.80934135586,6.34266483957,4.7338018228397365,237.2002446708589,6.176728175579623,0.034764876120019626,0.1401220111899999,0.3830875005000003,1.7975483286495209,7.097178409113894,0.4939686332783779
Surrogate_RF,18,chip_simple_dxm6p364_dym8p182__Lj12p0nH_Cj2p0fF__roL8p5mm__tee_fl160um_fc12_cg1p2um__rpg1p4um,4.66921934467,5.95957733907,6.531350151489257,244.2974230799728,5.682759542301245,9,fig5_cg3p5um_rpg1p5um__Lj12p0nH_Cj0p0fF__roL8p5mm__tee_fl160um_fc12,4.70486631048,6.33112792154,5.111963850152969,266.195772124899,6.191175501007713,0.039848500881907015,0.03564696580999982,0.3715505824700003,1.4193863013362886,21.89834904492622,0.5084159587064683
Surrogate_RF,18,chip_simple_dxm6p364_dym8p182__Lj12p0nH_Cj2p0fF__roL8p5mm__tee_fl160um_fc12_cg1p2um__rpg1p4um,4.66921934467,5.95957733907,6.531350151489257,244.2974230799728,5.682759542301245,10,fig5_cg5p0um_rpg1p5um__Lj12p0nH_Cj0p0fF__roL8p5mm__tee_fl160um_fc12,4.78104020561,6.40912743907,4.688513258781433,251.19081153078065,6.311876326449141,0.043964390195437915,0.11182086093999999,0.44955009999999973,1.8428368927078242,6.893388450807862,0.6291167841478966
Surrogate_RF,19,chip_simple_dxm6p364_dy9p091__Lj12p0nH_Cj2p0fF__roL8p5mm__tee_fl160um_fc12_cg1p2um__rpg1p4um,4.74885472292,5.99133385186,5.729373200176239,217.19198862874947,5.68234360614363,1,fig5_cg1p5um_rpg2p0um__Lj12p0nH_Cj0p0fF__roL8p5mm__tee_fl160um_fc12,4.87620084481,6.26170388145,4.99363361734581,218.7024888594067,5.970534325619533,0.003009148706011333,0.1273461218899996,0.27037002958999956,0.735739582830429,1.510500230657243,0.288190719475903
Surrogate_RF,19,chip_simple_dxm6p364_dy9p091__Lj12p0nH_Cj2p0fF__roL8p5mm__tee_fl160um_fc12_cg1p2um__rpg1p4um,4.74885472292,5.99133385186,5.729373200176239,217.19198862874947,5.68234360614363,2,fig5_cg1p5um_rpg2p5um__Lj12p0nH_Cj0p0fF__roL8p5mm__tee_fl160um_fc12,4.93882770809,6.20515259596,4.85777295016098,196.1018444801448,5.919324796967785,0.007076278176895057,0.18997298516999983,0.21381874409999924,0.8716002500152591,21.09014414860468,0.2369811908241548
Surrogate_RF,19,chip_simple_dxm6p364_dy9p091__Lj12p0nH_Cj2p0fF__roL8p5mm__tee_fl160um_fc12_cg1p2um__rpg1p4um,4.74885472292,5.99133385186,5.729373200176239,217.19198862874947,5.68234360614363,3,fig5_cg1p0um_rpg2p5um__Lj12p0nH_Cj0p0fF__roL8p5mm__tee_fl160um_fc12,4.8761770008,5.99407925784,6.270368555709839,201.3919971854669,5.6148078415071,0.007434094136174985,0.12732227788000028,0.0027454059799998376,0.5409953555336005,15.799991443282579,0.06753576463652955
Surrogate_RF,19,chip_simple_dxm6p364_dy9p091__Lj12p0nH_Cj2p0fF__roL8p5mm__tee_fl160um_fc12_cg1p2um__rpg1p4um,4.74885472292,5.99133385186,5.729373200176239,217.19198862874947,5.68234360614363,4,fig5_cg2p0um_rpg1p5um__Lj12p0nH_Cj0p0fF__roL8p5mm__tee_fl160um_fc12,4.77793609257,6.1977870086,5.346981281085967,236.19198761457903,5.968418975392394,0.009254448742432659,0.029081369650000077,0.20645315673999942,0.3823919190902716,18.999998985829563,0.2860753692487643
Surrogate_RF,19,chip_simple_dxm6p364_dy9p091__Lj12p0nH_Cj2p0fF__roL8p5mm__tee_fl160um_fc12_cg1p2um__rpg1p4um,4.74885472292,5.99133385186,5.729373200176239,217.19198862874947,5.68234360614363,5,fig5_cg2p0um_rpg2p5um__Lj12p0nH_Cj0p0fF__roL8p5mm__tee_fl160um_fc12,4.88081947033,6.29200362079,4.710222612869263,215.78136757047287,6.007573423867593,0.016618780806301144,0.13196474740999964,0.30066976892999975,1.0191505873069762,1.410621058276604,0.3252298177239634
Surrogate_RF,19,chip_simple_dxm6p364_dy9p091__Lj12p0nH_Cj2p0fF__roL8p5mm__tee_fl160um_fc12_cg1p2um__rpg1p4um,4.74885472292,5.99133385186,5.729373200176239,217.19198862874947,5.68234360614363,6,fig5_cg3p0um_rpg1p5um__Lj12p0nH_Cj0p0fF__roL8p5mm__tee_fl160um_fc12,4.80934135586,6.34266483957,4.7338018228397365,237.2002446708589,6.176728175579623,0.020271705264743617,0.06048663294000001,0.35133098770999993,0.9955713773365025,20.008256042109423,0.49438456943599274
Surrogate_RF,19,chip_simple_dxm6p364_dy9p091__Lj12p0nH_Cj2p0fF__roL8p5mm__tee_fl160um_fc12_cg1p2um__rpg1p4um,4.74885472292,5.99133385186,5.729373200176239,217.19198862874947,5.68234360614363,7,fig5_cg2p5um_rpg2p5um__Lj12p0nH_Cj0p0fF__roL8p5mm__tee_fl160um_fc12,4.86782605146,6.40620544852,4.850844314466476,237.9905673388129,6.17514285459043,0.027604878986074905,0.11897132853999981,0.4148715966599994,0.8785288857097626,20.798578710063424,0.4927992484467998
Surrogate_RF,19,chip_simple_dxm6p364_dy9p091__Lj12p0nH_Cj2p0fF__roL8p5mm__tee_fl160um_fc12_cg1p2um__rpg1p4um,4.74885472292,5.99133385186,5.729373200176239,217.19198862874947,5.68234360614363,8,fig5_cg2p5um_rpg2p0um__Lj12p0nH_Cj0p0fF__roL8p5mm__tee_fl160um_fc12,4.82985966256,6.3640851834,4.45615377314949,229.1245415394613,6.124821045393385,0.027630509801178146,0.08100493963999966,0.37275133153999995,1.2732194270267492,11.93255291071182,0.442477439249755
Surrogate_RF,19,chip_simple_dxm6p364_dy9p091__Lj12p0nH_Cj2p0fF__roL8p5mm__tee_fl160um_fc12_cg1p2um__rpg1p4um,4.74885472292,5.99133385186,5.729373200176239,217.19198862874947,5.68234360614363,9,fig5_cg3p5um_rpg1p5um__Lj12p0nH_Cj0p0fF__roL8p5mm__tee_fl160um_fc12,4.70486631048,6.33112792154,5.111963850152969,266.195772124899,6.191175501007713,0.02839010166099738,0.04398841244000007,0.3397940696799999,0.6174093500232702,49.00378349614954,0.5088318948640831
Surrogate_RF,19,chip_simple_dxm6p364_dy9p091__Lj12p0nH_Cj2p0fF__roL8p5mm__tee_fl160um_fc12_cg1p2um__rpg1p4um,4.74885472292,5.99133385186,5.729373200176239,217.19198862874947,5.68234360614363,10,fig5_cg1p0um_rpg3p0um__Lj12p0nH_Cj0p0fF__roL8p5mm__tee_fl160um_fc12,4.97020205129,6.08547213388,4.887907087696076,174.11503645167113,5.736747686378181,0.02951208428965501,0.22134732837000026,0.09413828201999941,0.8414661124801626,43.07695217707834,0.054404080234551344
Surrogate_RF,20,chip_simple_dxm5p455_dym10p000__Lj12p0nH_Cj2p0fF__roL8p5mm__tee_fl160um_fc12_cg1p2um__rpg1p4um,4.72643217895,6.07311770522,5.415196464242935,228.4549508946408,5.824557550812046,1,fig5_cg2p0um_rpg1p5um__Lj12p0nH_Cj0p0fF__roL8p5mm__tee_fl160um_fc12,4.77793609257,6.1977870086,5.346981281085967,236.19198761457903,5.968418975392394,0.0020116953954359205,0.0515039136200004,0.12466930338000015,0.06821518315696729,7.7370367199382315,0.143861424580348
Surrogate_RF,20,chip_simple_dxm5p455_dym10p000__Lj12p0nH_Cj2p0fF__roL8p5mm__tee_fl160um_fc12_cg1p2um__rpg1p4um,4.72643217895,6.07311770522,5.415196464242935,228.4549508946408,5.824557550812046,2,fig5_cg1p5um_rpg2p0um__Lj12p0nH_Cj0p0fF__roL8p5mm__tee_fl160um_fc12,4.87620084481,6.26170388145,4.99363361734581,218.7024888594067,5.970534325619533,0.002243591295833729,0.14976866585999993,0.1885861762300003,0.42156284689712464,9.752462035234089,0.14597677480748672
Surrogate_RF,20,chip_simple_dxm5p455_dym10p000__Lj12p0nH_Cj2p0fF__roL8p5mm__tee_fl160um_fc12_cg1p2um__rpg1p4um,4.72643217895,6.07311770522,5.415196464242935,228.4549508946408,5.824557550812046,3,fig5_cg1p5um_rpg2p5um__Lj12p0nH_Cj0p0fF__roL8p5mm__tee_fl160um_fc12,4.93882770809,6.20515259596,4.85777295016098,196.1018444801448,5.919324796967785,0.005870081441403099,0.21239552914000015,0.13203489073999997,0.5574235140819548,32.35310641449601,0.0947672461557385
Surrogate_RF,20,chip_simple_dxm5p455_dym10p000__Lj12p0nH_Cj2p0fF__roL8p5mm__tee_fl160um_fc12_cg1p2um__rpg1p4um,4.72643217895,6.07311770522,5.415196464242935,228.4549508946408,5.824557550812046,4,fig5_cg3p0um_rpg1p5um__Lj12p0nH_Cj0p0fF__roL8p5mm__tee_fl160um_fc12,4.80934135586,6.34266483957,4.7338018228397365,237.2002446708589,6.176728175579623,0.007569534612999813,0.08290917691000033,0.26954713435000066,0.6813946414031982,8.745293776218091,0.35217062476757643
Surrogate_RF,20,chip_simple_dxm5p455_dym10p000__Lj12p0nH_Cj2p0fF__roL8p5mm__tee_fl160um_fc12_cg1p2um__rpg1p4um,4.72643217895,6.07311770522,5.415196464242935,228.4549508946408,5.824557550812046,5,fig5_cg2p0um_rpg2p5um__Lj12p0nH_Cj0p0fF__roL8p5mm__tee_fl160um_fc12,4.88081947033,6.29200362079,4.710222612869263,215.78136757047287,6.007573423867593,0.009567507628967705,0.15438729137999996,0.21888591557000048,0.7049738513736719,12.673583324167936,0.18301587305554712
Surrogate_RF,20,chip_simple_dxm5p455_dym10p000__Lj12p0nH_Cj2p0fF__roL8p5mm__tee_fl160um_fc12_cg1p2um__rpg1p4um,4.72643217895,6.07311770522,5.415196464242935,228.4549508946408,5.824557550812046,6,fig5_cg3p5um_rpg1p5um__Lj12p0nH_Cj0p0fF__roL8p5mm__tee_fl160um_fc12,4.70486631048,6.33112792154,5.111963850152969,266.195772124899,6.191175501007713,0.012426154316600243,0.02156586846999975,0.25801021632000065,0.30323261408996594,37.740821230258206,0.3666179501956668
Surrogate_RF,20,chip_simple_dxm5p455_dym10p000__Lj12p0nH_Cj2p0fF__roL8p5mm__tee_fl160um_fc12_cg1p2um__rpg1p4um,4.72643217895,6.07311770522,5.415196464242935,228.4549508946408,5.824557550812046,7,fig5_cg5p0um_rpg1p5um__Lj12p0nH_Cj0p0fF__roL8p5mm__tee_fl160um_fc12,4.78104020561,6.40912743907,4.688513258781433,251.19081153078065,6.311876326449141,0.013627491487050692,0.05460802666000042,0.3360097338500001,0.7266832054615016,22.735860636139847,0.48731877563709514
Surrogate_RF,20,chip_simple_dxm5p455_dym10p000__Lj12p0nH_Cj2p0fF__roL8p5mm__tee_fl160um_fc12_cg1p2um__rpg1p4um,4.72643217895,6.07311770522,5.415196464242935,228.4549508946408,5.824557550812046,8,fig5_cg2p5um_rpg2p0um__Lj12p0nH_Cj0p0fF__roL8p5mm__tee_fl160um_fc12,4.82985966256,6.3640851834,4.45615377314949,229.1245415394613,6.124821045393385,0.01467410589638356,0.10342748360999998,0.2909674781800007,0.9590426910934449,0.669590644820488,0.3002634945813387
Surrogate_RF,20,chip_simple_dxm5p455_dym10p000__Lj12p0nH_Cj2p0fF__roL8p5mm__tee_fl160um_fc12_cg1p2um__rpg1p4um,4.72643217895,6.07311770522,5.415196464242935,228.4549508946408,5.824557550812046,9,fig5_cg2p5um_rpg2p5um__Lj12p0nH_Cj0p0fF__roL8p5mm__tee_fl160um_fc12,4.86782605146,6.40620544852,4.850844314466476,237.9905673388129,6.17514285459043,0.01603733911934655,0.14139387251000013,0.3330877433000001,0.5643521497764583,9.535616444172092,0.3505853037783835
Surrogate_RF,20,chip_simple_dxm5p455_dym10p000__Lj12p0nH_Cj2p0fF__roL8p5mm__tee_fl160um_fc12_cg1p2um__rpg1p4um,4.72643217895,6.07311770522,5.415196464242935,228.4549508946408,5.824557550812046,10,fig5_cg3p0um_rpg2p0um__Lj12p0nH_Cj0p0fF__roL8p5mm__tee_fl160um_fc12,4.85591843529,6.44095110726,4.270610977590561,230.04663618304903,6.1997071597004,0.01714038320913026,0.12948625633999988,0.3678334020400005,1.1445854866523737,1.5916852884082289,0.37514960888835347
Surrogate_RF,21,chip_simple_dxm5p455_dym7p273__Lj12p0nH_Cj2p0fF__roL8p5mm__tee_fl160um_fc12_cg1p2um__rpg1p4um,4.76562279632,6.24196953139,5.150254447881698,240.7444948936074,5.998838755030702,1,fig5_cg3p0um_rpg1p5um__Lj12p0nH_Cj0p0fF__roL8p5mm__tee_fl160um_fc12,4.80934135586,6.34266483957,4.7338018228397365,237.2002446708589,6.176728175579623,0.0007932170579862302,0.04371855954000026,0.10069530818000061,0.4164526250419618,3.544250222748502,0.17788942054892054
Surrogate_RF,21,chip_simple_dxm5p455_dym7p273__Lj12p0nH_Cj2p0fF__roL8p5mm__tee_fl160um_fc12_cg1p2um__rpg1p4um,4.76562279632,6.24196953139,5.150254447881698,240.7444948936074,5.998838755030702,2,fig5_cg2p0um_rpg1p5um__Lj12p0nH_Cj0p0fF__roL8p5mm__tee_fl160um_fc12,4.77793609257,6.1977870086,5.346981281085967,236.19198761457903,5.968418975392394,0.0009152404533894344,0.012313296250000327,0.0441825227899999,0.1967268332042691,4.552507279028362,0.030419779638307887
Surrogate_RF,21,chip_simple_dxm5p455_dym7p273__Lj12p0nH_Cj2p0fF__roL8p5mm__tee_fl160um_fc12_cg1p2um__rpg1p4um,4.76562279632,6.24196953139,5.150254447881698,240.7444948936074,5.998838755030702,3,fig5_cg3p5um_rpg1p5um__Lj12p0nH_Cj0p0fF__roL8p5mm__tee_fl160um_fc12,4.70486631048,6.33112792154,5.111963850152969,266.195772124899,6.191175501007713,0.002468525989924312,0.06075648583999982,0.0891583901500006,0.03829059772872956,25.451277231291613,0.1923367459770109
Surrogate_RF,21,chip_simple_dxm5p455_dym7p273__Lj12p0nH_Cj2p0fF__roL8p5mm__tee_fl160um_fc12_cg1p2um__rpg1p4um,4.76562279632,6.24196953139,5.150254447881698,240.7444948936074,5.998838755030702,4,fig5_cg5p0um_rpg1p5um__Lj12p0nH_Cj0p0fF__roL8p5mm__tee_fl160um_fc12,4.78104020561,6.40912743907,4.688513258781433,251.19081153078065,6.311876326449141,0.0034241429769122436,0.01541740929000035,0.16715790768000005,0.4617411891002652,10.446316637173254,0.31303757141843924
Surrogate_RF,21,chip_simple_dxm5p455_dym7p273__Lj12p0nH_Cj2p0fF__roL8p5mm__tee_fl160um_fc12_cg1p2um__rpg1p4um,4.76562279632,6.24196953139,5.150254447881698,240.7444948936074,5.998838755030702,5,fig5_cg2p5um_rpg2p0um__Lj12p0nH_Cj0p0fF__roL8p5mm__tee_fl160um_fc12,4.82985966256,6.3640851834,4.45615377314949,229.1245415394613,6.124821045393385,0.006712606707677166,0.06423686623999991,0.12211565201000063,0.6941006747322085,11.619953354146105,0.12598229036268282
Surrogate_RF,21,chip_simple_dxm5p455_dym7p273__Lj12p0nH_Cj2p0fF__roL8p5mm__tee_fl160um_fc12_cg1p2um__rpg1p4um,4.76562279632,6.24196953139,5.150254447881698,240.7444948936074,5.998838755030702,6,fig5_cg1p5um_rpg2p0um__Lj12p0nH_Cj0p0fF__roL8p5mm__tee_fl160um_fc12,4.87620084481,6.26170388145,4.99363361734581,218.7024888594067,5.970534325619533,0.007278686831784826,0.11057804848999986,0.01973435006000024,0.15662083053588827,22.042006034200682,0.028304429411169174
Surrogate_RF,21,chip_simple_dxm5p455_dym7p273__Lj12p0nH_Cj2p0fF__roL8p5mm__tee_fl160um_fc12_cg1p2um__rpg1p4um,4.76562279632,6.24196953139,5.150254447881698,240.7444948936074,5.998838755030702,7,fig5_cg2p0um_rpg2p5um__Lj12p0nH_Cj0p0fF__roL8p5mm__tee_fl160um_fc12,4.88081947033,6.29200362079,4.710222612869263,215.78136757047287,6.007573423867593,0.007362441664021313,0.11519667400999989,0.050034089400000425,0.4400318350124355,24.96312732313453,0.008734668836891224
Surrogate_RF,21,chip_simple_dxm5p455_dym7p273__Lj12p0nH_Cj2p0fF__roL8p5mm__tee_fl160um_fc12_cg1p2um__rpg1p4um,4.76562279632,6.24196953139,5.150254447881698,240.7444948936074,5.998838755030702,8,fig5_cg3p0um_rpg2p0um__Lj12p0nH_Cj0p0fF__roL8p5mm__tee_fl160um_fc12,4.85591843529,6.44095110726,4.270610977590561,230.04663618304903,6.1997071597004,0.00830230883165879,0.09029563896999981,0.19898157587000043,0.8796434702911373,10.697858710558364,0.20086840466969758
Surrogate_RF,21,chip_simple_dxm5p455_dym7p273__Lj12p0nH_Cj2p0fF__roL8p5mm__tee_fl160um_fc12_cg1p2um__rpg1p4um,4.76562279632,6.24196953139,5.150254447881698,240.7444948936074,5.998838755030702,9,fig5_cg2p5um_rpg2p5um__Lj12p0nH_Cj0p0fF__roL8p5mm__tee_fl160um_fc12,4.86782605146,6.40620544852,4.850844314466476,237.9905673388129,6.17514285459043,0.00908754255105663,0.10220325514000006,0.16423591713000008,0.29941013341522194,2.753927554794501,0.1763040995597276
Surrogate_RF,21,chip_simple_dxm5p455_dym7p273__Lj12p0nH_Cj2p0fF__roL8p5mm__tee_fl160um_fc12_cg1p2um__rpg1p4um,4.76562279632,6.24196953139,5.150254447881698,240.7444948936074,5.998838755030702,10,fig5_cg3p5um_rpg2p0um__Lj12p0nH_Cj0p0fF__roL8p5mm__tee_fl160um_fc12,4.78544785971,6.42909571039,4.586441499513626,250.3896145461569,6.177842469599042,0.009819437111484645,0.019825063389999897,0.18712617900000073,0.5638129483680725,9.64511965254951,0.1790037145683403
Surrogate_RF,22,chip_simple_dxm4p545_dym7p273__Lj12p0nH_Cj2p0fF__roL8p5mm__tee_fl160um_fc12_cg1p2um__rpg1p4um,4.7097511353,6.08178183472,5.842490033834457,242.45745720345244,5.865981699209207,1,fig5_cg2p0um_rpg1p5um__Lj12p0nH_Cj0p0fF__roL8p5mm__tee_fl160um_fc12,4.77793609257,6.1977870086,5.346981281085967,236.19198761457903,5.968418975392394,0.006042811879462852,0.06818495726999974,0.11600517387999965,0.4955087527484894,6.265469588873401,0.10243727618318754
Surrogate_RF,22,chip_simple_dxm4p545_dym7p273__Lj12p0nH_Cj2p0fF__roL8p5mm__tee_fl160um_fc12_cg1p2um__rpg1p4um,4.7097511353,6.08178183472,5.842490033834457,242.45745720345244,5.865981699209207,2,fig5_cg1p5um_rpg2p0um__Lj12p0nH_Cj0p0fF__roL8p5mm__tee_fl160um_fc12,4.87620084481,6.26170388145,4.99363361734581,218.7024888594067,5.970534325619533,0.007805717211368918,0.16644970950999927,0.17992204672999978,0.8488564164886467,23.75496834404572,0.10455262641032625
Surrogate_RF,22,chip_simple_dxm4p545_dym7p273__Lj12p0nH_Cj2p0fF__roL8p5mm__tee_fl160um_fc12_cg1p2um__rpg1p4um,4.7097511353,6.08178183472,5.842490033834457,242.45745720345244,5.865981699209207,3,fig5_cg3p0um_rpg1p5um__Lj12p0nH_Cj0p0fF__roL8p5mm__tee_fl160um_fc12,4.80934135586,6.34266483957,4.7338018228397365,237.2002446708589,6.176728175579623,0.013138938374417321,0.09959022055999966,0.26088300485000016,1.1086882109947203,5.257212532593542,0.31074647637041597
Surrogate_RF,22,chip_simple_dxm4p545_dym7p273__Lj12p0nH_Cj2p0fF__roL8p5mm__tee_fl160um_fc12_cg1p2um__rpg1p4um,4.7097511353,6.08178183472,5.842490033834457,242.45745720345244,5.865981699209207,4,fig5_cg1p5um_rpg2p5um__Lj12p0nH_Cj0p0fF__roL8p5mm__tee_fl160um_fc12,4.93882770809,6.20515259596,4.85777295016098,196.1018444801448,5.919324796967785,0.016804357609081253,0.2290765727899995,0.12337076123999946,0.9847170836734769,46.355612723307644,0.05334309775857804
Surrogate_RF,22,chip_simple_dxm4p545_dym7p273__Lj12p0nH_Cj2p0fF__roL8p5mm__tee_fl160um_fc12_cg1p2um__rpg1p4um,4.7097511353,6.08178183472,5.842490033834457,242.45745720345244,5.865981699209207,5,fig5_cg3p5um_rpg1p5um__Lj12p0nH_Cj0p0fF__roL8p5mm__tee_fl160um_fc12,4.70486631048,6.33112792154,5.111963850152969,266.195772124899,6.191175501007713,0.016857964637837092,0.004884824820000411,0.24934608682000015,0.730526183681488,23.738314921446573,0.3251938017985063
Surrogate_RF,22,chip_simple_dxm4p545_dym7p273__Lj12p0nH_Cj2p0fF__roL8p5mm__tee_fl160um_fc12_cg1p2um__rpg1p4um,4.7097511353,6.08178183472,5.842490033834457,242.45745720345244,5.865981699209207,6,fig5_cg5p0um_rpg1p5um__Lj12p0nH_Cj0p0fF__roL8p5mm__tee_fl160um_fc12,4.78104020561,6.40912743907,4.688513258781433,251.19081153078065,6.311876326449141,0.01978717444073841,0.07128907030999976,0.3273456043499996,1.1539767750530237,8.733354327328215,0.44589462723993467
Surrogate_RF,22,chip_simple_dxm4p545_dym7p273__Lj12p0nH_Cj2p0fF__roL8p5mm__tee_fl160um_fc12_cg1p2um__rpg1p4um,4.7097511353,6.08178183472,5.842490033834457,242.45745720345244,5.865981699209207,7,fig5_cg1p0um_rpg2p5um__Lj12p0nH_Cj0p0fF__roL8p5mm__tee_fl160um_fc12,4.8761770008,5.99407925784,6.270368555709839,201.3919971854669,5.6148078415071,0.019837786842481553,0.16642586549999994,0.08770257687999994,0.42787852187538267,41.065460017985544,0.2511738577021063
Surrogate_RF,22,chip_simple_dxm4p545_dym7p273__Lj12p0nH_Cj2p0fF__roL8p5mm__tee_fl160um_fc12_cg1p2um__rpg1p4um,4.7097511353,6.08178183472,5.842490033834457,242.45745720345244,5.865981699209207,8,fig5_cg2p0um_rpg2p5um__Lj12p0nH_Cj0p0fF__roL8p5mm__tee_fl160um_fc12,4.88081947033,6.29200362079,4.710222612869263,215.78136757047287,6.007573423867593,0.02288731835477283,0.1710683350299993,0.21022178606999997,1.132267420965194,26.67608963297957,0.14159172465838665
Surrogate_RF,22,chip_simple_dxm4p545_dym7p273__Lj12p0nH_Cj2p0fF__roL8p5mm__tee_fl160um_fc12_cg1p2um__rpg1p4um,4.7097511353,6.08178183472,5.842490033834457,242.45745720345244,5.865981699209207,9,fig5_cg2p5um_rpg2p0um__Lj12p0nH_Cj0p0fF__roL8p5mm__tee_fl160um_fc12,4.82985966256,6.3640851834,4.45615377314949,229.1245415394613,6.124821045393385,0.026429169903209,0.12010852725999932,0.2823033486800002,1.386336260684967,13.332915663991145,0.25883934618417825
Surrogate_RF,22,chip_simple_dxm4p545_dym7p273__Lj12p0nH_Cj2p0fF__roL8p5mm__tee_fl160um_fc12_cg1p2um__rpg1p4um,4.7097511353,6.08178183472,5.842490033834457,242.45745720345244,5.865981699209207,10,fig5_cg3p0um_rpg2p0um__Lj12p0nH_Cj0p0fF__roL8p5mm__tee_fl160um_fc12,4.85591843529,6.44095110726,4.270610977590561,230.04663618304903,6.1997071597004,0.029328735647337748,0.14616729998999922,0.35916927254,1.5718790562438958,12.410821020403404,0.333725460491193
Surrogate_RF,23,chip_simple_dxm4p545_dym1p818__Lj12p0nH_Cj2p0fF__roL8p5mm__tee_fl160um_fc12_cg1p2um__rpg1p4um,4.74292533778,5.97835964817,6.083748388401031,222.98783488414,5.742140076411933,1,fig5_cg1p5um_rpg2p0um__Lj12p0nH_Cj0p0fF__roL8p5mm__tee_fl160um_fc12,4.87620084481,6.26170388145,4.99363361734581,218.7024888594067,5.970534325619533,0.006798734118808702,0.13327550702999957,0.28334423328000025,1.0901147710552213,4.285346024733286,0.2283942492076001
Surrogate_RF,23,chip_simple_dxm4p545_dym1p818__Lj12p0nH_Cj2p0fF__roL8p5mm__tee_fl160um_fc12_cg1p2um__rpg1p4um,4.74292533778,5.97835964817,6.083748388401031,222.98783488414,5.742140076411933,2,fig5_cg1p0um_rpg2p5um__Lj12p0nH_Cj0p0fF__roL8p5mm__tee_fl160um_fc12,4.8761770008,5.99407925784,6.270368555709839,201.3919971854669,5.6148078415071,0.007455133030812199,0.13325166302000024,0.015719609670000523,0.18662016730880815,21.595837698673108,0.12733223490483248
Surrogate_RF,23,chip_simple_dxm4p545_dym1p818__Lj12p0nH_Cj2p0fF__roL8p5mm__tee_fl160um_fc12_cg1p2um__rpg1p4um,4.74292533778,5.97835964817,6.083748388401031,222.98783488414,5.742140076411933,3,fig5_cg2p0um_rpg1p5um__Lj12p0nH_Cj0p0fF__roL8p5mm__tee_fl160um_fc12,4.77793609257,6.1977870086,5.346981281085967,236.19198761457903,5.968418975392394,0.012471393643240855,0.03501075479000004,0.2194273604300001,0.7367671073150639,13.204152730439034,0.22627889898046138
Surrogate_RF,23,chip_simple_dxm4p545_dym1p818__Lj12p0nH_Cj2p0fF__roL8p5mm__tee_fl160um_fc12_cg1p2um__rpg1p4um,4.74292533778,5.97835964817,6.083748388401031,222.98783488414,5.742140076411933,4,fig5_cg1p5um_rpg2p5um__Lj12p0nH_Cj0p0fF__roL8p5mm__tee_fl160um_fc12,4.93882770809,6.20515259596,4.85777295016098,196.1018444801448,5.919324796967785,0.014254495982407233,0.1959023703099998,0.22679294778999992,1.2259754382400514,26.88599040399521,0.17718472055585188
Surrogate_RF,23,chip_simple_dxm4p545_dym1p818__Lj12p0nH_Cj2p0fF__roL8p5mm__tee_fl160um_fc12_cg1p2um__rpg1p4um,4.74292533778,5.97835964817,6.083748388401031,222.98783488414,5.742140076411933,5,fig5_cg3p0um_rpg1p5um__Lj12p0nH_Cj0p0fF__roL8p5mm__tee_fl160um_fc12,4.80934135586,6.34266483957,4.7338018228397365,237.2002446708589,6.176728175579623,0.024749859906689445,0.06641601807999997,0.3643051914000006,1.3499465655612948,14.212409786718894,0.4345880991676898
Surrogate_RF,23,chip_simple_dxm4p545_dym1p818__Lj12p0nH_Cj2p0fF__roL8p5mm__tee_fl160um_fc12_cg1p2um__rpg1p4um,4.74292533778,5.97835964817,6.083748388401031,222.98783488414,5.742140076411933,6,fig5_cg2p0um_rpg2p5um__Lj12p0nH_Cj0p0fF__roL8p5mm__tee_fl160um_fc12,4.88081947033,6.29200362079,4.710222612869263,215.78136757047287,6.007573423867593,0.025580370480270655,0.1378941325499996,0.31364397262000043,1.3735257755317685,7.206467313667133,0.2654333474556605
Surrogate_RF,23,chip_simple_dxm4p545_dym1p818__Lj12p0nH_Cj2p0fF__roL8p5mm__tee_fl160um_fc12_cg1p2um__rpg1p4um,4.74292533778,5.97835964817,6.083748388401031,222.98783488414,5.742140076411933,7,fig5_cg3p5um_rpg1p5um__Lj12p0nH_Cj0p0fF__roL8p5mm__tee_fl160um_fc12,4.70486631048,6.33112792154,5.111963850152969,266.195772124899,6.191175501007713,0.032366175556121826,0.0380590273000001,0.3527682733700006,0.9717845382480625,43.20793724075901,0.44903542459578016
Surrogate_RF,23,chip_simple_dxm4p545_dym1p818__Lj12p0nH_Cj2p0fF__roL8p5mm__tee_fl160um_fc12_cg1p2um__rpg1p4um,4.74292533778,5.97835964817,6.083748388401031,222.98783488414,5.742140076411933,8,fig5_cg5p0um_rpg1p5um__Lj12p0nH_Cj0p0fF__roL8p5mm__tee_fl160um_fc12,4.78104020561,6.40912743907,4.688513258781433,251.19081153078065,6.311876326449141,0.03475315470237753,0.038114867830000065,0.43076779090000006,1.3952351296195982,28.20297664664065,0.5697362500372085
Surrogate_RF,23,chip_simple_dxm4p545_dym1p818__Lj12p0nH_Cj2p0fF__roL8p5mm__tee_fl160um_fc12_cg1p2um__rpg1p4um,4.74292533778,5.97835964817,6.083748388401031,222.98783488414,5.742140076411933,9,fig5_cg1p0um_rpg1p5um__Lj12p0nH_Cj0p0fF__roL8p5mm__tee_fl160um_fc12,4.79990762773,5.93734773014,7.211306133548736,222.8918736386996,5.66911545033236,0.03536391508045694,0.056982289949999654,0.041011918029999705,1.1275577451477048,0.09596124544040663,0.07302462607957239
Surrogate_RF,23,chip_simple_dxm4p545_dym1p818__Lj12p0nH_Cj2p0fF__roL8p5mm__tee_fl160um_fc12_cg1p2um__rpg1p4um,4.74292533778,5.97835964817,6.083748388401031,222.98783488414,5.742140076411933,10,fig5_cg2p5um_rpg2p0um__Lj12p0nH_Cj0p0fF__roL8p5mm__tee_fl160um_fc12,4.82985966256,6.3640851834,4.45615377314949,229.1245415394613,6.124821045393385,0.03592707077037243,0.08693432477999963,0.38572553523000064,1.6275946152515415,6.136706655321291,0.3826809689814521
Surrogate_RF,24,chip_simple_dxm4p545_dym0p909__Lj12p0nH_Cj2p0fF__roL8p5mm__tee_fl160um_fc12_cg1p2um__rpg1p4um,4.69458502276,6.15728792637,5.449536513744354,249.05568225684863,5.917296642686106,1,fig5_cg2p0um_rpg1p5um__Lj12p0nH_Cj0p0fF__roL8p5mm__tee_fl160um_fc12,4.77793609257,6.1977870086,5.346981281085967,236.19198761457903,5.968418975392394,0.002900587672628807,0.08335106980999996,0.04049908222999932,0.10255523265838651,12.863694642269593,0.05112233270628863
Surrogate_RF,24,chip_simple_dxm4p545_dym0p909__Lj12p0nH_Cj2p0fF__roL8p5mm__tee_fl160um_fc12_cg1p2um__rpg1p4um,4.69458502276,6.15728792637,5.449536513744354,249.05568225684863,5.917296642686106,2,fig5_cg3p0um_rpg1p5um__Lj12p0nH_Cj0p0fF__roL8p5mm__tee_fl160um_fc12,4.80934135586,6.34266483957,4.7338018228397365,237.2002446708589,6.176728175579623,0.005522452591366863,0.11475633309999989,0.18537691319999983,0.7157346909046174,11.855437585989733,0.25943153289351706
Surrogate_RF,24,chip_simple_dxm4p545_dym0p909__Lj12p0nH_Cj2p0fF__roL8p5mm__tee_fl160um_fc12_cg1p2um__rpg1p4um,4.69458502276,6.15728792637,5.449536513744354,249.05568225684863,5.917296642686106,3,fig5_cg3p5um_rpg1p5um__Lj12p0nH_Cj0p0fF__roL8p5mm__tee_fl160um_fc12,4.70486631048,6.33112792154,5.111963850152969,266.195772124899,6.191175501007713,0.007255381849896372,0.01028128771999981,0.17383999516999982,0.33757266359138516,17.14008986805038,0.2738788583216074
Surrogate_RF,24,chip_simple_dxm4p545_dym0p909__Lj12p0nH_Cj2p0fF__roL8p5mm__tee_fl160um_fc12_cg1p2um__rpg1p4um,4.69458502276,6.15728792637,5.449536513744354,249.05568225684863,5.917296642686106,4,fig5_cg1p5um_rpg2p0um__Lj12p0nH_Cj0p0fF__roL8p5mm__tee_fl160um_fc12,4.87620084481,6.26170388145,4.99363361734581,218.7024888594067,5.970534325619533,0.008807005304352506,0.1816158220499995,0.10441595507999946,0.45590289639854387,30.353193397441913,0.053237682933427344
Surrogate_RF,24,chip_simple_dxm4p545_dym0p909__Lj12p0nH_Cj2p0fF__roL8p5mm__tee_fl160um_fc12_cg1p2um__rpg1p4um,4.69458502276,6.15728792637,5.449536513744354,249.05568225684863,5.917296642686106,5,fig5_cg5p0um_rpg1p5um__Lj12p0nH_Cj0p0fF__roL8p5mm__tee_fl160um_fc12,4.78104020561,6.40912743907,4.688513258781433,251.19081153078065,6.311876326449141,0.009507461856708194,0.08645518284999998,0.25183951269999927,0.7610232549629208,2.135129273932023,0.39457968376303576
Surrogate_RF,24,chip_simple_dxm4p545_dym0p909__Lj12p0nH_Cj2p0fF__roL8p5mm__tee_fl160um_fc12_cg1p2um__rpg1p4um,4.69458502276,6.15728792637,5.449536513744354,249.05568225684863,5.917296642686106,6,fig5_cg1p5um_rpg2p5um__Lj12p0nH_Cj0p0fF__roL8p5mm__tee_fl160um_fc12,4.93882770809,6.20515259596,4.85777295016098,196.1018444801448,5.919324796967785,0.015602391708733294,0.2442426853299997,0.04786466958999913,0.591763563583374,52.953837776703836,0.0020281542816791287
Surrogate_RF,24,chip_simple_dxm4p545_dym0p909__Lj12p0nH_Cj2p0fF__roL8p5mm__tee_fl160um_fc12_cg1p2um__rpg1p4um,4.69458502276,6.15728792637,5.449536513744354,249.05568225684863,5.917296642686106,7,fig5_cg2p5um_rpg2p0um__Lj12p0nH_Cj0p0fF__roL8p5mm__tee_fl160um_fc12,4.82985966256,6.3640851834,4.45615377314949,229.1245415394613,6.124821045393385,0.01649956047404427,0.13527463979999954,0.20679725702999985,0.9933827405948641,19.931140717387336,0.20752440270727934
Surrogate_RF,24,chip_simple_dxm4p545_dym0p909__Lj12p0nH_Cj2p0fF__roL8p5mm__tee_fl160um_fc12_cg1p2um__rpg1p4um,4.69458502276,6.15728792637,5.449536513744354,249.05568225684863,5.917296642686106,8,fig5_cg2p0um_rpg2p5um__Lj12p0nH_Cj0p0fF__roL8p5mm__tee_fl160um_fc12,4.88081947033,6.29200362079,4.710222612869263,215.78136757047287,6.007573423867593,0.016664199110552974,0.18623444756999952,0.13471569441999964,0.7393139008750911,33.27431468637576,0.09027678118148774
Surrogate_RF,24,chip_simple_dxm4p545_dym0p909__Lj12p0nH_Cj2p0fF__roL8p5mm__tee_fl160um_fc12_cg1p2um__rpg1p4um,4.69458502276,6.15728792637,5.449536513744354,249.05568225684863,5.917296642686106,9,fig5_cg3p0um_rpg2p0um__Lj12p0nH_Cj0p0fF__roL8p5mm__tee_fl160um_fc12,4.85591843529,6.44095110726,4.270610977590561,230.04663618304903,6.1997071597004,0.018672186483578157,0.16133341252999944,0.28366318088999964,1.178925536153793,19.009046073799595,0.2824105170142941
Surrogate_RF,24,chip_simple_dxm4p545_dym0p909__Lj12p0nH_Cj2p0fF__roL8p5mm__tee_fl160um_fc12_cg1p2um__rpg1p4um,4.69458502276,6.15728792637,5.449536513744354,249.05568225684863,5.917296642686106,10,fig5_cg3p5um_rpg2p0um__Lj12p0nH_Cj0p0fF__roL8p5mm__tee_fl160um_fc12,4.78544785971,6.42909571039,4.586441499513626,250.3896145461569,6.177842469599042,0.0199464105159782,0.09086283694999953,0.27180778401999994,0.8630950142307281,1.3339322893082795,0.2605458269129368
Surrogate_RF,25,chip_simple_dxm4p545_dy10p000__Lj12p0nH_Cj2p0fF__roL8p5mm__tee_fl160um_fc12_cg1p2um__rpg1p4um,4.70035054504,5.95896819038,5.994867300113678,227.0458030761218,5.61260875016549,1,fig5_cg1p5um_rpg2p0um__Lj12p0nH_Cj0p0fF__roL8p5mm__tee_fl160um_fc12,4.87620084481,6.26170388145,4.99363361734581,218.7024888594067,5.970534325619533,0.00783508461013208,0.17585029976999955,0.30273569106999965,1.001233682767868,8.3433142167151,0.35792557545404247
Surrogate_RF,25,chip_simple_dxm4p545_dy10p000__Lj12p0nH_Cj2p0fF__roL8p5mm__tee_fl160um_fc12_cg1p2um__rpg1p4um,4.70035054504,5.95896819038,5.994867300113678,227.0458030761218,5.61260875016549,2,fig5_cg1p0um_rpg2p5um__Lj12p0nH_Cj0p0fF__roL8p5mm__tee_fl160um_fc12,4.8761770008,5.99407925784,6.270368555709839,201.3919971854669,5.6148078415071,0.01054397867425632,0.17582645576000022,0.03511106745999992,0.27550125559616134,25.653805890654922,0.0021990913416098934
Surrogate_RF,25,chip_simple_dxm4p545_dy10p000__Lj12p0nH_Cj2p0fF__roL8p5mm__tee_fl160um_fc12_cg1p2um__rpg1p4um,4.70035054504,5.95896819038,5.994867300113678,227.0458030761218,5.61260875016549,3,fig5_cg2p0um_rpg1p5um__Lj12p0nH_Cj0p0fF__roL8p5mm__tee_fl160um_fc12,4.77793609257,6.1977870086,5.346981281085967,236.19198761457903,5.968418975392394,0.012200361441202796,0.07758554753000002,0.2388188182199995,0.6478860190277107,9.14618453845722,0.35581022522690375
Surrogate_RF,25,chip_simple_dxm4p545_dy10p000__Lj12p0nH_Cj2p0fF__roL8p5mm__tee_fl160um_fc12_cg1p2um__rpg1p4um,4.70035054504,5.95896819038,5.994867300113678,227.0458030761218,5.61260875016549,4,fig5_cg1p5um_rpg2p5um__Lj12p0nH_Cj0p0fF__roL8p5mm__tee_fl160um_fc12,4.93882770809,6.20515259596,4.85777295016098,196.1018444801448,5.919324796967785,0.015556783586304912,0.23847716304999977,0.24618440557999932,1.1370943499526982,30.943958595977023,0.30671604680229425
Surrogate_RF,25,chip_simple_dxm4p545_dy10p000__Lj12p0nH_Cj2p0fF__roL8p5mm__tee_fl160um_fc12_cg1p2um__rpg1p4um,4.70035054504,5.95896819038,5.994867300113678,227.0458030761218,5.61260875016549,5,fig5_cg3p0um_rpg1p5um__Lj12p0nH_Cj0p0fF__roL8p5mm__tee_fl160um_fc12,4.80934135586,6.34266483957,4.7338018228397365,237.2002446708589,6.176728175579623,0.02377159197797661,0.10899081081999995,0.38369664919,1.2610654772739416,10.15444159473708,0.5641194254141322
Surrogate_RF,25,chip_simple_dxm4p545_dy10p000__Lj12p0nH_Cj2p0fF__roL8p5mm__tee_fl160um_fc12_cg1p2um__rpg1p4um,4.70035054504,5.95896819038,5.994867300113678,227.0458030761218,5.61260875016549,6,fig5_cg2p0um_rpg2p5um__Lj12p0nH_Cj0p0fF__roL8p5mm__tee_fl160um_fc12,4.88081947033,6.29200362079,4.710222612869263,215.78136757047287,6.007573423867593,0.026241360754129264,0.18046892528999958,0.33303543040999983,1.2846446872444153,11.264435505648947,0.39496467370210286
Surrogate_RF,25,chip_simple_dxm4p545_dy10p000__Lj12p0nH_Cj2p0fF__roL8p5mm__tee_fl160um_fc12_cg1p2um__rpg1p4um,4.70035054504,5.95896819038,5.994867300113678,227.0458030761218,5.61260875016549,7,fig5_cg3p5um_rpg1p5um__Lj12p0nH_Cj0p0fF__roL8p5mm__tee_fl160um_fc12,4.70486631048,6.33112792154,5.111963850152969,266.195772124899,6.191175501007713,0.030754067200617956,0.004515765439999875,0.37215973116,0.8829034499607094,39.149969048777194,0.5785667508422225
Surrogate_RF,25,chip_simple_dxm4p545_dy10p000__Lj12p0nH_Cj2p0fF__roL8p5mm__tee_fl160um_fc12_cg1p2um__rpg1p4um,4.70035054504,5.95896819038,5.994867300113678,227.0458030761218,5.61260875016549,8,fig5_cg5p0um_rpg1p5um__Lj12p0nH_Cj0p0fF__roL8p5mm__tee_fl160um_fc12,4.78104020561,6.40912743907,4.688513258781433,251.19081153078065,6.311876326449141,0.03322210306783907,0.08068966057000004,0.45015924868999946,1.306354041332245,24.145008454658836,0.6992675762836509
Surrogate_RF,25,chip_simple_dxm4p545_dy10p000__Lj12p0nH_Cj2p0fF__roL8p5mm__tee_fl160um_fc12_cg1p2um__rpg1p4um,4.70035054504,5.95896819038,5.994867300113678,227.0458030761218,5.61260875016549,9,fig5_cg2p5um_rpg2p0um__Lj12p0nH_Cj0p0fF__roL8p5mm__tee_fl160um_fc12,4.82985966256,6.3640851834,4.45615377314949,229.1245415394613,6.124821045393385,0.03558125269145105,0.1295091175199996,0.40511699302000004,1.5387135269641883,2.0787384633394765,0.5122122952278945
Surrogate_RF,25,chip_simple_dxm4p545_dy10p000__Lj12p0nH_Cj2p0fF__roL8p5mm__tee_fl160um_fc12_cg1p2um__rpg1p4um,4.70035054504,5.95896819038,5.994867300113678,227.0458030761218,5.61260875016549,10,fig5_cg2p5um_rpg2p5um__Lj12p0nH_Cj0p0fF__roL8p5mm__tee_fl160um_fc12,4.86782605146,6.40620544852,4.850844314466476,237.9905673388129,6.17514285459043,0.03716607870250835,0.16747550641999975,0.4472372581399995,1.1440229856472017,10.94476426269108,0.5625341044249392
Surrogate_RF,26,chip_simple_dxm2p727_dym10p000__Lj12p0nH_Cj2p0fF__roL8p5mm__tee_fl160um_fc12_cg1p2um__rpg1p4um,4.75122729983,6.105353526,5.623504064191818,232.89882366879075,5.88978910347455,1,fig5_cg2p0um_rpg1p5um__Lj12p0nH_Cj0p0fF__roL8p5mm__tee_fl160um_fc12,4.77793609257,6.1977870086,5.346981281085967,236.19198761457903,5.968418975392394,0.0023500728574610543,0.026708792740000042,0.09243348259999973,0.2765227831058503,3.2931639457882795,0.07862987191784399
Surrogate_RF,26,chip_simple_dxm2p727_dym10p000__Lj12p0nH_Cj2p0fF__roL8p5mm__tee_fl160um_fc12_cg1p2um__rpg1p4um,4.75122729983,6.105353526,5.623504064191818,232.89882366879075,5.88978910347455,2,fig5_cg1p5um_rpg2p0um__Lj12p0nH_Cj0p0fF__roL8p5mm__tee_fl160um_fc12,4.87620084481,6.26170388145,4.99363361734581,218.7024888594067,5.970534325619533,0.002782205542624672,0.12497354497999957,0.15635035544999987,0.6298704468460077,14.196334809384041,0.0807452221449827
Surrogate_RF,26,chip_simple_dxm2p727_dym10p000__Lj12p0nH_Cj2p0fF__roL8p5mm__tee_fl160um_fc12_cg1p2um__rpg1p4um,4.75122729983,6.105353526,5.623504064191818,232.89882366879075,5.88978910347455,3,fig5_cg1p5um_rpg2p5um__Lj12p0nH_Cj0p0fF__roL8p5mm__tee_fl160um_fc12,4.93882770809,6.20515259596,4.85777295016098,196.1018444801448,5.919324796967785,0.008768939532232333,0.1876004082599998,0.09979906995999954,0.7657311140308378,36.79697918864596,0.029535693493234483
Surrogate_RF,26,chip_simple_dxm2p727_dym10p000__Lj12p0nH_Cj2p0fF__roL8p5mm__tee_fl160um_fc12_cg1p2um__rpg1p4um,4.75122729983,6.105353526,5.623504064191818,232.89882366879075,5.88978910347455,4,fig5_cg3p0um_rpg1p5um__Lj12p0nH_Cj0p0fF__roL8p5mm__tee_fl160um_fc12,4.80934135586,6.34266483957,4.7338018228397365,237.2002446708589,6.176728175579623,0.008857079159966778,0.05811405602999997,0.23731131357000024,0.8897022413520812,4.301421002068139,0.2869390721050724
Surrogate_RF,26,chip_simple_dxm2p727_dym10p000__Lj12p0nH_Cj2p0fF__roL8p5mm__tee_fl160um_fc12_cg1p2um__rpg1p4um,4.75122729983,6.105353526,5.623504064191818,232.89882366879075,5.88978910347455,5,fig5_cg3p5um_rpg1p5um__Lj12p0nH_Cj0p0fF__roL8p5mm__tee_fl160um_fc12,4.70486631048,6.33112792154,5.111963850152969,266.195772124899,6.191175501007713,0.013412628285415552,0.046360989350000104,0.22577439554000023,0.511540214038849,33.296948456108254,0.30138639753316276
Surrogate_RF,26,chip_simple_dxm2p727_dym10p000__Lj12p0nH_Cj2p0fF__roL8p5mm__tee_fl160um_fc12_cg1p2um__rpg1p4um,4.75122729983,6.105353526,5.623504064191818,232.89882366879075,5.88978910347455,6,fig5_cg2p0um_rpg2p5um__Lj12p0nH_Cj0p0fF__roL8p5mm__tee_fl160um_fc12,4.88081947033,6.29200362079,4.710222612869263,215.78136757047287,6.007573423867593,0.013765495070296094,0.1295921704999996,0.18665009479000005,0.9132814513225549,17.117456098317888,0.1177843203930431
Surrogate_RF,26,chip_simple_dxm2p727_dym10p000__Lj12p0nH_Cj2p0fF__roL8p5mm__tee_fl160um_fc12_cg1p2um__rpg1p4um,4.75122729983,6.105353526,5.623504064191818,232.89882366879075,5.88978910347455,7,fig5_cg5p0um_rpg1p5um__Lj12p0nH_Cj0p0fF__roL8p5mm__tee_fl160um_fc12,4.78104020561,6.40912743907,4.688513258781433,251.19081153078065,6.311876326449141,0.015398226943218707,0.029812905780000065,0.3037739130699997,0.9349908054103846,18.291987861989895,0.4220872229745911
Surrogate_RF,26,chip_simple_dxm2p727_dym10p000__Lj12p0nH_Cj2p0fF__roL8p5mm__tee_fl160um_fc12_cg1p2um__rpg1p4um,4.75122729983,6.105353526,5.623504064191818,232.89882366879075,5.88978910347455,8,fig5_cg1p0um_rpg2p5um__Lj12p0nH_Cj0p0fF__roL8p5mm__tee_fl160um_fc12,4.8761770008,5.99407925784,6.270368555709839,201.3919971854669,5.6148078415071,0.01667846144897278,0.12494970097000024,0.11127426815999986,0.6468644915180217,31.506826483323863,0.2749812619674499
Surrogate_RF,26,chip_simple_dxm2p727_dym10p000__Lj12p0nH_Cj2p0fF__roL8p5mm__tee_fl160um_fc12_cg1p2um__rpg1p4um,4.75122729983,6.105353526,5.623504064191818,232.89882366879075,5.88978910347455,9,fig5_cg2p5um_rpg2p0um__Lj12p0nH_Cj0p0fF__roL8p5mm__tee_fl160um_fc12,4.82985966256,6.3640851834,4.45615377314949,229.1245415394613,6.124821045393385,0.018522096237018046,0.07863236272999963,0.25873165740000026,1.167350291042328,3.774282129329464,0.2350319419188347
Surrogate_RF,26,chip_simple_dxm2p727_dym10p000__Lj12p0nH_Cj2p0fF__roL8p5mm__tee_fl160um_fc12_cg1p2um__rpg1p4um,4.75122729983,6.105353526,5.623504064191818,232.89882366879075,5.88978910347455,10,fig5_cg2p5um_rpg2p5um__Lj12p0nH_Cj0p0fF__roL8p5mm__tee_fl160um_fc12,4.86782605146,6.40620544852,4.850844314466476,237.9905673388129,6.17514285459043,0.02053245397319196,0.11659875162999978,0.3008519225199997,0.7726597497253413,5.09174367002214,0.28535375111587946
Surrogate_RF,27,chip_simple_dxm2p727_dym9p091__Lj12p0nH_Cj2p0fF__roL8p5mm__tee_fl160um_fc12_cg1p2um__rpg1p4um,4.72015103762,6.02686116111,5.63770322990036,227.05641480493912,5.701718662415321,1,fig5_cg1p5um_rpg2p0um__Lj12p0nH_Cj0p0fF__roL8p5mm__tee_fl160um_fc12,4.87620084481,6.26170388145,4.99363361734581,218.7024888594067,5.970534325619533,0.0030765034210970227,0.1560498071899996,0.23484272033999964,0.6440696125545502,8.35392594553241,0.2688156632042116
Surrogate_RF,27,chip_simple_dxm2p727_dym9p091__Lj12p0nH_Cj2p0fF__roL8p5mm__tee_fl160um_fc12_cg1p2um__rpg1p4um,4.72015103762,6.02686116111,5.63770322990036,227.05641480493912,5.701718662415321,2,fig5_cg2p0um_rpg1p5um__Lj12p0nH_Cj0p0fF__roL8p5mm__tee_fl160um_fc12,4.77793609257,6.1977870086,5.346981281085967,236.19198761457903,5.968418975392394,0.005191150876445928,0.05778505495000008,0.1709258474899995,0.29072194881439284,9.13557280963991,0.26670031297707286
Surrogate_RF,27,chip_simple_dxm2p727_dym9p091__Lj12p0nH_Cj2p0fF__roL8p5mm__tee_fl160um_fc12_cg1p2um__rpg1p4um,4.72015103762,6.02686116111,5.63770322990036,227.05641480493912,5.701718662415321,3,fig5_cg1p5um_rpg2p5um__Lj12p0nH_Cj0p0fF__roL8p5mm__tee_fl160um_fc12,4.93882770809,6.20515259596,4.85777295016098,196.1018444801448,5.919324796967785,0.008320154676507915,0.21867667046999983,0.17829143484999932,0.7799302797393803,30.954570324794332,0.21760613455246336
Surrogate_RF,27,chip_simple_dxm2p727_dym9p091__Lj12p0nH_Cj2p0fF__roL8p5mm__tee_fl160um_fc12_cg1p2um__rpg1p4um,4.72015103762,6.02686116111,5.63770322990036,227.05641480493912,5.701718662415321,4,fig5_cg1p0um_rpg2p5um__Lj12p0nH_Cj0p0fF__roL8p5mm__tee_fl160um_fc12,4.8761770008,5.99407925784,6.270368555709839,201.3919971854669,5.6148078415071,0.013398325644496011,0.15602596318000028,0.03278190327000008,0.6326653258094792,25.664417619472232,0.086910820908221
Surrogate_RF,27,chip_simple_dxm2p727_dym9p091__Lj12p0nH_Cj2p0fF__roL8p5mm__tee_fl160um_fc12_cg1p2um__rpg1p4um,4.72015103762,6.02686116111,5.63770322990036,227.05641480493912,5.701718662415321,5,fig5_cg3p0um_rpg1p5um__Lj12p0nH_Cj0p0fF__roL8p5mm__tee_fl160um_fc12,4.80934135586,6.34266483957,4.7338018228397365,237.2002446708589,6.176728175579623,0.013565848887651532,0.08919031824000001,0.31580367846,0.9039014070606237,10.14382986591977,0.4750095131643013
Surrogate_RF,27,chip_simple_dxm2p727_dym9p091__Lj12p0nH_Cj2p0fF__roL8p5mm__tee_fl160um_fc12_cg1p2um__rpg1p4um,4.72015103762,6.02686116111,5.63770322990036,227.05641480493912,5.701718662415321,6,fig5_cg2p0um_rpg2p5um__Lj12p0nH_Cj0p0fF__roL8p5mm__tee_fl160um_fc12,4.88081947033,6.29200362079,4.710222612869263,215.78136757047287,6.007573423867593,0.015250762317478838,0.16066843270999964,0.26514245967999983,0.9274806170310974,11.275047234466257,0.305854761452272
Surrogate_RF,27,chip_simple_dxm2p727_dym9p091__Lj12p0nH_Cj2p0fF__roL8p5mm__tee_fl160um_fc12_cg1p2um__rpg1p4um,4.72015103762,6.02686116111,5.63770322990036,227.05641480493912,5.701718662415321,7,fig5_cg3p5um_rpg1p5um__Lj12p0nH_Cj0p0fF__roL8p5mm__tee_fl160um_fc12,4.70486631048,6.33112792154,5.111963850152969,266.195772124899,6.191175501007713,0.019526703786795826,0.015284727140000065,0.30426676043,0.5257393797473915,39.139357319959885,0.48945683859239164
Surrogate_RF,27,chip_simple_dxm2p727_dym9p091__Lj12p0nH_Cj2p0fF__roL8p5mm__tee_fl160um_fc12_cg1p2um__rpg1p4um,4.72015103762,6.02686116111,5.63770322990036,227.05641480493912,5.701718662415321,8,fig5_cg5p0um_rpg1p5um__Lj12p0nH_Cj0p0fF__roL8p5mm__tee_fl160um_fc12,4.78104020561,6.40912743907,4.688513258781433,251.19081153078065,6.311876326449141,0.02123862847400939,0.060889167990000104,0.38226627795999946,0.9491899711189271,24.134396725841526,0.61015766403382
Surrogate_RF,27,chip_simple_dxm2p727_dym9p091__Lj12p0nH_Cj2p0fF__roL8p5mm__tee_fl160um_fc12_cg1p2um__rpg1p4um,4.72015103762,6.02686116111,5.63770322990036,227.05641480493912,5.701718662415321,9,fig5_cg2p5um_rpg2p0um__Lj12p0nH_Cj0p0fF__roL8p5mm__tee_fl160um_fc12,4.82985966256,6.3640851834,4.45615377314949,229.1245415394613,6.124821045393385,0.022531862019073614,0.10970862493999967,0.33722402229000004,1.1815494567508704,2.068126734522167,0.4231023829780636
Surrogate_RF,27,chip_simple_dxm2p727_dym9p091__Lj12p0nH_Cj2p0fF__roL8p5mm__tee_fl160um_fc12_cg1p2um__rpg1p4um,4.72015103762,6.02686116111,5.63770322990036,227.05641480493912,5.701718662415321,10,fig5_cg2p5um_rpg2p5um__Lj12p0nH_Cj0p0fF__roL8p5mm__tee_fl160um_fc12,4.86782605146,6.40620544852,4.850844314466476,237.9905673388129,6.17514285459043,0.02386443922182293,0.1476750138399998,0.3793442874099995,0.7868589154338839,10.934152533873771,0.47342419217510834
Surrogate_RF,28,chip_simple_dxm2p727_dym6p364__Lj12p0nH_Cj2p0fF__roL8p5mm__tee_fl160um_fc12_cg1p2um__rpg1p4um,4.60341040304,5.94990007975,6.526389731407165,257.4646182502716,5.655704714947341,1,fig5_cg1p5um_rpg1p0um__Lj12p0nH_Cj0p0fF__roL8p5mm__tee_fl160um_fc12,4.7605818776,6.21817087681,5.831666317903518,253.65164600383045,6.132701943451215,0.017543314887550208,0.15717147456000014,0.26827079706000045,0.6947234135036471,3.8129722464411486,0.4769972285038735
Surrogate_RF,28,chip_simple_dxm2p727_dym6p364__Lj12p0nH_Cj2p0fF__roL8p5mm__tee_fl160um_fc12_cg1p2um__rpg1p4um,4.60341040304,5.94990007975,6.526389731407165,257.4646182502716,5.655704714947341,2,fig5_cg2p0um_rpg1p0um__Lj12p0nH_Cj0p0fF__roL8p5mm__tee_fl160um_fc12,4.67537317002,6.28144982257,6.80016774546051,305.861011614189,6.2286045622900525,0.019439337495911802,0.07196276698000048,0.33154974282000005,0.27377801405334523,48.39639336391741,0.5728998473427112
Surrogate_RF,28,chip_simple_dxm2p727_dym6p364__Lj12p0nH_Cj2p0fF__roL8p5mm__tee_fl160um_fc12_cg1p2um__rpg1p4um,4.60341040304,5.94990007975,6.526389731407165,257.4646182502716,5.655704714947341,3,fig5_cg2p0um_rpg1p5um__Lj12p0nH_Cj0p0fF__roL8p5mm__tee_fl160um_fc12,4.77793609257,6.1977870086,5.346981281085967,236.19198761457903,5.968418975392394,0.0275653851422261,0.17452568953000025,0.24788692884999985,1.1794084503211977,21.272630635692565,0.3127142604450528
Surrogate_RF,28,chip_simple_dxm2p727_dym6p364__Lj12p0nH_Cj2p0fF__roL8p5mm__tee_fl160um_fc12_cg1p2um__rpg1p4um,4.60341040304,5.94990007975,6.526389731407165,257.4646182502716,5.655704714947341,4,fig5_cg1p5um_rpg2p0um__Lj12p0nH_Cj0p0fF__roL8p5mm__tee_fl160um_fc12,4.87620084481,6.26170388145,4.99363361734581,218.7024888594067,5.970534325619533,0.02915046405602101,0.2727904417699998,0.3118038017,1.532756114061355,38.762129390864885,0.3148296106721915
Surrogate_RF,28,chip_simple_dxm2p727_dym6p364__Lj12p0nH_Cj2p0fF__roL8p5mm__tee_fl160um_fc12_cg1p2um__rpg1p4um,4.60341040304,5.94990007975,6.526389731407165,257.4646182502716,5.655704714947341,5,fig5_cg3p0um_rpg1p0um__Lj12p0nH_Cj0p0fF__roL8p5mm__tee_fl160um_fc12,4.5918495592,6.3683346429,6.310808488025665,329.7787087605889,6.339102179225892,0.03202440296294755,0.01156084383999989,0.41843456314999994,0.2155812433815001,72.31409051031733,0.683397464278551
Surrogate_RF,28,chip_simple_dxm2p727_dym6p364__Lj12p0nH_Cj2p0fF__roL8p5mm__tee_fl160um_fc12_cg1p2um__rpg1p4um,4.60341040304,5.94990007975,6.526389731407165,257.4646182502716,5.655704714947341,6,fig5_cg1p0um_rpg2p5um__Lj12p0nH_Cj0p0fF__roL8p5mm__tee_fl160um_fc12,4.8761770008,5.99407925784,6.270368555709839,201.3919971854669,5.6148078415071,0.032725258356424425,0.27276659776000045,0.04417917809000027,0.25602117569732563,56.07262106480471,0.040896873440241066
Surrogate_RF,28,chip_simple_dxm2p727_dym6p364__Lj12p0nH_Cj2p0fF__roL8p5mm__tee_fl160um_fc12_cg1p2um__rpg1p4um,4.60341040304,5.94990007975,6.526389731407165,257.4646182502716,5.655704714947341,7,fig5_cg1p0um_rpg1p5um__Lj12p0nH_Cj0p0fF__roL8p5mm__tee_fl160um_fc12,4.79990762773,5.93734773014,7.211306133548736,222.8918736386996,5.66911545033236,0.033756035684607257,0.19649722468999986,0.012552349609999958,0.684916402141571,34.572744611572006,0.013410735385019024
Surrogate_RF,28,chip_simple_dxm2p727_dym6p364__Lj12p0nH_Cj2p0fF__roL8p5mm__tee_fl160um_fc12_cg1p2um__rpg1p4um,4.60341040304,5.94990007975,6.526389731407165,257.4646182502716,5.655704714947341,8,fig5_cg3p5um_rpg1p0um__Lj12p0nH_Cj0p0fF__roL8p5mm__tee_fl160um_fc12,4.65151549232,6.42206990109,5.782993409578324,310.4906595751157,6.336782825594393,0.03536582185771181,0.0481050892799999,0.4721698213400005,0.7433963218288406,53.02604132484413,0.6810781106470518
Surrogate_RF,28,chip_simple_dxm2p727_dym6p364__Lj12p0nH_Cj2p0fF__roL8p5mm__tee_fl160um_fc12_cg1p2um__rpg1p4um,4.60341040304,5.94990007975,6.526389731407165,257.4646182502716,5.655704714947341,9,fig5_cg4p5um_rpg1p0um__Lj12p0nH_Cj0p0fF__roL8p5mm__tee_fl160um_fc12,4.66547453942,6.44365646453,5.568490972890854,305.09213979648246,6.526420054379522,0.036339263624153094,0.06206413638000008,0.49375638478000017,0.9578987585163112,47.62752154621086,0.8707153394321807
Surrogate_RF,28,chip_simple_dxm2p727_dym6p364__Lj12p0nH_Cj2p0fF__roL8p5mm__tee_fl160um_fc12_cg1p2um__rpg1p4um,4.60341040304,5.94990007975,6.526389731407165,257.4646182502716,5.655704714947341,10,fig5_cg5p0um_rpg1p0um__Lj12p0nH_Cj0p0fF__roL8p5mm__tee_fl160um_fc12,4.67009412056,6.40368347107,5.386180753400803,292.5653068578806,6.313414733179575,0.036339263624153094,0.06668371752000013,0.45378339132,1.1402089780063625,35.100688607609015,0.6577100182322333
Surrogate_RF,29,chip_simple_dxm2p727_dym4p545__Lj12p0nH_Cj2p0fF__roL8p5mm__tee_fl160um_fc12_cg1p2um__rpg1p4um,4.74980651086,6.09022137188,5.5267328888435365,228.6746087658278,5.875417349924537,1,fig5_cg1p5um_rpg2p0um__Lj12p0nH_Cj0p0fF__roL8p5mm__tee_fl160um_fc12,4.87620084481,6.26170388145,4.99363361734581,218.7024888594067,5.970534325619533,0.0017309768396104172,0.12639433394999955,0.17148250956999966,0.5330992714977265,9.972119906421085,0.09511697569499589
Surrogate_RF,29,chip_simple_dxm2p727_dym4p545__Lj12p0nH_Cj2p0fF__roL8p5mm__tee_fl160um_fc12_cg1p2um__rpg1p4um,4.74980651086,6.09022137188,5.5267328888435365,228.6746087658278,5.875417349924537,2,fig5_cg2p0um_rpg1p5um__Lj12p0nH_Cj0p0fF__roL8p5mm__tee_fl160um_fc12,4.77793609257,6.1977870086,5.346981281085967,236.19198761457903,5.968418975392394,0.002028283927118605,0.028129581710000018,0.10756563671999952,0.17975160775756915,7.517378848751235,0.09300162546785717
Surrogate_RF,29,chip_simple_dxm2p727_dym4p545__Lj12p0nH_Cj2p0fF__roL8p5mm__tee_fl160um_fc12_cg1p2um__rpg1p4um,4.74980651086,6.09022137188,5.5267328888435365,228.6746087658278,5.875417349924537,3,fig5_cg1p5um_rpg2p5um__Lj12p0nH_Cj0p0fF__roL8p5mm__tee_fl160um_fc12,4.93882770809,6.20515259596,4.85777295016098,196.1018444801448,5.919324796967785,0.0062977929128722535,0.18902119722999977,0.11493122407999934,0.6689599386825567,32.57276428568301,0.04390744704324767
Surrogate_RF,29,chip_simple_dxm2p727_dym4p545__Lj12p0nH_Cj2p0fF__roL8p5mm__tee_fl160um_fc12_cg1p2um__rpg1p4um,4.74980651086,6.09022137188,5.5267328888435365,228.6746087658278,5.875417349924537,4,fig5_cg3p0um_rpg1p5um__Lj12p0nH_Cj0p0fF__roL8p5mm__tee_fl160um_fc12,4.80934135586,6.34266483957,4.7338018228397365,237.2002446708589,6.176728175579623,0.008403977556982979,0.05953484499999995,0.25244346769000003,0.7929310660038,8.525635905031095,0.3013108256550856
Surrogate_RF,29,chip_simple_dxm2p727_dym4p545__Lj12p0nH_Cj2p0fF__roL8p5mm__tee_fl160um_fc12_cg1p2um__rpg1p4um,4.74980651086,6.09022137188,5.5267328888435365,228.6746087658278,5.875417349924537,5,fig5_cg2p0um_rpg2p5um__Lj12p0nH_Cj0p0fF__roL8p5mm__tee_fl160um_fc12,4.88081947033,6.29200362079,4.710222612869263,215.78136757047287,6.007573423867593,0.010960544087841136,0.13101295946999958,0.20178224890999985,0.8165102759742737,12.893241195354932,0.13215607394305628
Surrogate_RF,29,chip_simple_dxm2p727_dym4p545__Lj12p0nH_Cj2p0fF__roL8p5mm__tee_fl160um_fc12_cg1p2um__rpg1p4um,4.74980651086,6.09022137188,5.5267328888435365,228.6746087658278,5.875417349924537,6,fig5_cg3p5um_rpg1p5um__Lj12p0nH_Cj0p0fF__roL8p5mm__tee_fl160um_fc12,4.70486631048,6.33112792154,5.111963850152969,266.195772124899,6.191175501007713,0.013436563362425524,0.04494020038000013,0.24090654966000002,0.4147690386905678,37.52116335907121,0.31575815108317595
Surrogate_RF,29,chip_simple_dxm2p727_dym4p545__Lj12p0nH_Cj2p0fF__roL8p5mm__tee_fl160um_fc12_cg1p2um__rpg1p4um,4.74980651086,6.09022137188,5.5267328888435365,228.6746087658278,5.875417349924537,7,fig5_cg5p0um_rpg1p5um__Lj12p0nH_Cj0p0fF__roL8p5mm__tee_fl160um_fc12,4.78104020561,6.40912743907,4.688513258781433,251.19081153078065,6.311876326449141,0.01495489993041109,0.03123369475000004,0.3189060671899995,0.8382196300621034,22.51620276495285,0.4364589765246043
Surrogate_RF,29,chip_simple_dxm2p727_dym4p545__Lj12p0nH_Cj2p0fF__roL8p5mm__tee_fl160um_fc12_cg1p2um__rpg1p4um,4.74980651086,6.09022137188,5.5267328888435365,228.6746087658278,5.875417349924537,8,fig5_cg1p0um_rpg2p5um__Lj12p0nH_Cj0p0fF__roL8p5mm__tee_fl160um_fc12,4.8761770008,5.99407925784,6.270368555709839,201.3919971854669,5.6148078415071,0.016285309895302413,0.12637048994000022,0.09614211404000006,0.7436356668663029,27.282611580360907,0.2606095084174367
Surrogate_RF,29,chip_simple_dxm2p727_dym4p545__Lj12p0nH_Cj2p0fF__roL8p5mm__tee_fl160um_fc12_cg1p2um__rpg1p4um,4.74980651086,6.09022137188,5.5267328888435365,228.6746087658278,5.875417349924537,9,fig5_cg2p5um_rpg2p0um__Lj12p0nH_Cj0p0fF__roL8p5mm__tee_fl160um_fc12,4.82985966256,6.3640851834,4.45615377314949,229.1245415394613,6.124821045393385,0.016438027994571995,0.0800531516999996,0.27386381152000006,1.0705791156940467,0.44993277363349193,0.24940369546884789
Surrogate_RF,29,chip_simple_dxm2p727_dym4p545__Lj12p0nH_Cj2p0fF__roL8p5mm__tee_fl160um_fc12_cg1p2um__rpg1p4um,4.74980651086,6.09022137188,5.5267328888435365,228.6746087658278,5.875417349924537,10,fig5_cg2p5um_rpg2p5um__Lj12p0nH_Cj0p0fF__roL8p5mm__tee_fl160um_fc12,4.86782605146,6.40620544852,4.850844314466476,237.9905673388129,6.17514285459043,0.017880121534882342,0.11801954059999975,0.3159840766399995,0.6758885743770602,9.315958572985096,0.29972550466589265
Surrogate_RF,30,chip_simple_dxm2p727_dym0p909__Lj12p0nH_Cj2p0fF__roL8p5mm__tee_fl160um_fc12_cg1p2um__rpg1p4um,4.67072704929,6.033110391,6.3982936910362245,254.17679291960144,5.72023740726515,1,fig5_cg2p0um_rpg1p0um__Lj12p0nH_Cj0p0fF__roL8p5mm__tee_fl160um_fc12,4.67537317002,6.28144982257,6.80016774546051,305.861011614189,6.2286045622900525,0.018815875649288293,0.004646120730000369,0.24833943156999982,0.4018740544242858,51.68421869458757,0.5083671550249029
Surrogate_RF,30,chip_simple_dxm2p727_dym0p909__Lj12p0nH_Cj2p0fF__roL8p5mm__tee_fl160um_fc12_cg1p2um__rpg1p4um,4.67072704929,6.033110391,6.3982936910362245,254.17679291960144,5.72023740726515,2,fig5_cg1p5um_rpg1p0um__Lj12p0nH_Cj0p0fF__roL8p5mm__tee_fl160um_fc12,4.7605818776,6.21817087681,5.831666317903518,253.65164600383045,6.132701943451215,0.019999275760210287,0.08985482831000002,0.18506048581000023,0.5666273731327065,0.5251469157709892,0.41246453618606527
Surrogate_RF,30,chip_simple_dxm2p727_dym0p909__Lj12p0nH_Cj2p0fF__roL8p5mm__tee_fl160um_fc12_cg1p2um__rpg1p4um,4.67072704929,6.033110391,6.3982936910362245,254.17679291960144,5.72023740726515,3,fig5_cg2p0um_rpg1p5um__Lj12p0nH_Cj0p0fF__roL8p5mm__tee_fl160um_fc12,4.77793609257,6.1977870086,5.346981281085967,236.19198761457903,5.968418975392394,0.02073789866881735,0.10720904328000014,0.16467661759999963,1.051312409950257,17.984805305022405,0.24818156812724457
Surrogate_RF,30,chip_simple_dxm2p727_dym0p909__Lj12p0nH_Cj2p0fF__roL8p5mm__tee_fl160um_fc12_cg1p2um__rpg1p4um,4.67072704929,6.033110391,6.3982936910362245,254.17679291960144,5.72023740726515,4,fig5_cg1p5um_rpg2p0um__Lj12p0nH_Cj0p0fF__roL8p5mm__tee_fl160um_fc12,4.87620084481,6.26170388145,4.99363361734581,218.7024888594067,5.970534325619533,0.022279604313574262,0.20547379551999967,0.22859349044999977,1.4046600736904145,35.474304060194726,0.2502969183543833
Surrogate_RF,30,chip_simple_dxm2p727_dym0p909__Lj12p0nH_Cj2p0fF__roL8p5mm__tee_fl160um_fc12_cg1p2um__rpg1p4um,4.67072704929,6.033110391,6.3982936910362245,254.17679291960144,5.72023740726515,5,fig5_cg1p0um_rpg2p5um__Lj12p0nH_Cj0p0fF__roL8p5mm__tee_fl160um_fc12,4.8761770008,5.99407925784,6.270368555709839,201.3919971854669,5.6148078415071,0.02748969312442813,0.20544995151000034,0.03903113315999995,0.12792513532638505,52.78479573413455,0.10542956575804929
Surrogate_RF,30,chip_simple_dxm2p727_dym0p909__Lj12p0nH_Cj2p0fF__roL8p5mm__tee_fl160um_fc12_cg1p2um__rpg1p4um,4.67072704929,6.033110391,6.3982936910362245,254.17679291960144,5.72023740726515,6,fig5_cg3p0um_rpg1p5um__Lj12p0nH_Cj0p0fF__roL8p5mm__tee_fl160um_fc12,4.80934135586,6.34266483957,4.7338018228397365,237.2002446708589,6.176728175579623,0.03046022482135239,0.13861430657000007,0.30955444857000014,1.664491868196488,16.976548248742546,0.456490768314473
Surrogate_RF,30,chip_simple_dxm2p727_dym0p909__Lj12p0nH_Cj2p0fF__roL8p5mm__tee_fl160um_fc12_cg1p2um__rpg1p4um,4.67072704929,6.033110391,6.3982936910362245,254.17679291960144,5.72023740726515,7,fig5_cg3p0um_rpg1p0um__Lj12p0nH_Cj0p0fF__roL8p5mm__tee_fl160um_fc12,4.5918495592,6.3683346429,6.310808488025665,329.7787087605889,6.339102179225892,0.030700497106855976,0.07887749009,0.3352242518999997,0.08748520301055951,75.60191584098749,0.6188647719607427
Surrogate_RF,30,chip_simple_dxm2p727_dym0p909__Lj12p0nH_Cj2p0fF__roL8p5mm__tee_fl160um_fc12_cg1p2um__rpg1p4um,4.67072704929,6.033110391,6.3982936910362245,254.17679291960144,5.72023740726515,8,fig5_cg3p5um_rpg1p0um__Lj12p0nH_Cj0p0fF__roL8p5mm__tee_fl160um_fc12,4.65151549232,6.42206990109,5.782993409578324,310.4906595751157,6.336782825594393,0.03364889080868096,0.01921155697000021,0.3889595100900003,0.6153002814579001,56.31386665551429,0.6165454183292436
Surrogate_RF,30,chip_simple_dxm2p727_dym0p909__Lj12p0nH_Cj2p0fF__roL8p5mm__tee_fl160um_fc12_cg1p2um__rpg1p4um,4.67072704929,6.033110391,6.3982936910362245,254.17679291960144,5.72023740726515,9,fig5_cg4p5um_rpg1p0um__Lj12p0nH_Cj0p0fF__roL8p5mm__tee_fl160um_fc12,4.66547453942,6.44365646453,5.568490972890854,305.09213979648246,6.526420054379522,0.03375616381751087,0.005252509870000033,0.41054607352999994,0.8298027181453707,50.91534687688102,0.8061826471143725
Surrogate_RF,30,chip_simple_dxm2p727_dym0p909__Lj12p0nH_Cj2p0fF__roL8p5mm__tee_fl160um_fc12_cg1p2um__rpg1p4um,4.67072704929,6.033110391,6.3982936910362245,254.17679291960144,5.72023740726515,10,fig5_cg5p0um_rpg1p0um__Lj12p0nH_Cj0p0fF__roL8p5mm__tee_fl160um_fc12,4.67009412056,6.40368347107,5.386180753400803,292.5653068578806,6.313414733179575,0.03375616381751087,0.000632928729999982,0.3705730800699998,1.0121129376354219,38.388513938279175,0.5931773259144251
Surrogate_RF,31,chip_simple_dxm1p818_dym9p091__Lj12p0nH_Cj2p0fF__roL8p5mm__tee_fl160um_fc12_cg1p2um__rpg1p4um,4.74969784785,6.2030248277,5.352145627542496,242.6223832530139,6.0075688817595525,1,fig5_cg2p0um_rpg1p5um__Lj12p0nH_Cj0p0fF__roL8p5mm__tee_fl160um_fc12,4.77793609257,6.1977870086,5.346981281085967,236.19198761457903,5.968418975392394,0.0007681431742572219,0.028238244719999805,0.005237819100000429,0.005164346456528968,6.430395638434874,0.039149906367158316
Surrogate_RF,31,chip_simple_dxm1p818_dym9p091__Lj12p0nH_Cj2p0fF__roL8p5mm__tee_fl160um_fc12_cg1p2um__rpg1p4um,4.74969784785,6.2030248277,5.352145627542496,242.6223832530139,6.0075688817595525,2,fig5_cg3p0um_rpg1p5um__Lj12p0nH_Cj0p0fF__roL8p5mm__tee_fl160um_fc12,4.80934135586,6.34266483957,4.7338018228397365,237.2002446708589,6.176728175579623,0.0027735509545470014,0.059643508009999735,0.13964001187000008,0.6183438047027598,5.422138582155014,0.1691592938200701
Surrogate_RF,31,chip_simple_dxm1p818_dym9p091__Lj12p0nH_Cj2p0fF__roL8p5mm__tee_fl160um_fc12_cg1p2um__rpg1p4um,4.74969784785,6.2030248277,5.352145627542496,242.6223832530139,6.0075688817595525,3,fig5_cg3p5um_rpg1p5um__Lj12p0nH_Cj0p0fF__roL8p5mm__tee_fl160um_fc12,4.70486631048,6.33112792154,5.111963850152969,266.195772124899,6.191175501007713,0.00487694903198425,0.04483153737000034,0.12810309384000007,0.24018177738952762,23.5733888718851,0.18360661924816046
Surrogate_RF,31,chip_simple_dxm1p818_dym9p091__Lj12p0nH_Cj2p0fF__roL8p5mm__tee_fl160um_fc12_cg1p2um__rpg1p4um,4.74969784785,6.2030248277,5.352145627542496,242.6223832530139,6.0075688817595525,4,fig5_cg1p5um_rpg2p0um__Lj12p0nH_Cj0p0fF__roL8p5mm__tee_fl160um_fc12,4.87620084481,6.26170388145,4.99363361734581,218.7024888594067,5.970534325619533,0.006055669656268296,0.12650299695999934,0.05867905374999971,0.3585120101966863,23.919894393607194,0.0370345561400196
Surrogate_RF,31,chip_simple_dxm1p818_dym9p091__Lj12p0nH_Cj2p0fF__roL8p5mm__tee_fl160um_fc12_cg1p2um__rpg1p4um,4.74969784785,6.2030248277,5.352145627542496,242.6223832530139,6.0075688817595525,5,fig5_cg5p0um_rpg1p5um__Lj12p0nH_Cj0p0fF__roL8p5mm__tee_fl160um_fc12,4.78104020561,6.40912743907,4.688513258781433,251.19081153078065,6.311876326449141,0.006578051457699996,0.03134235775999983,0.20610261136999952,0.6636323687610632,8.568428277766742,0.3043074446895888
Surrogate_RF,31,chip_simple_dxm1p818_dym9p091__Lj12p0nH_Cj2p0fF__roL8p5mm__tee_fl160um_fc12_cg1p2um__rpg1p4um,4.74969784785,6.2030248277,5.352145627542496,242.6223832530139,6.0075688817595525,6,fig5_cg1p5um_rpg2p5um__Lj12p0nH_Cj0p0fF__roL8p5mm__tee_fl160um_fc12,4.93882770809,6.20515259596,4.85777295016098,196.1018444801448,5.919324796967785,0.011031808586714471,0.18912986023999956,0.0021277682599993852,0.49437267738151647,46.520538772869116,0.08824408479176782
Surrogate_RF,31,chip_simple_dxm1p818_dym9p091__Lj12p0nH_Cj2p0fF__roL8p5mm__tee_fl160um_fc12_cg1p2um__rpg1p4um,4.74969784785,6.2030248277,5.352145627542496,242.6223832530139,6.0075688817595525,7,fig5_cg2p0um_rpg2p5um__Lj12p0nH_Cj0p0fF__roL8p5mm__tee_fl160um_fc12,4.88081947033,6.29200362079,4.710222612869263,215.78136757047287,6.007573423867593,0.01111908108487682,0.13112162247999937,0.0889787930899999,0.6419230146732335,26.84101568254104,4.542108040794801e-06
Surrogate_RF,31,chip_simple_dxm1p818_dym9p091__Lj12p0nH_Cj2p0fF__roL8p5mm__tee_fl160um_fc12_cg1p2um__rpg1p4um,4.74969784785,6.2030248277,5.352145627542496,242.6223832530139,6.0075688817595525,8,fig5_cg2p5um_rpg2p0um__Lj12p0nH_Cj0p0fF__roL8p5mm__tee_fl160um_fc12,4.82985966256,6.3640851834,4.45615377314949,229.1245415394613,6.124821045393385,0.01141511313695601,0.08016181470999939,0.1610603557000001,0.8959918543930065,13.497841713552617,0.1172521636338324
Surrogate_RF,31,chip_simple_dxm1p818_dym9p091__Lj12p0nH_Cj2p0fF__roL8p5mm__tee_fl160um_fc12_cg1p2um__rpg1p4um,4.74969784785,6.2030248277,5.352145627542496,242.6223832530139,6.0075688817595525,9,fig5_cg3p0um_rpg2p0um__Lj12p0nH_Cj0p0fF__roL8p5mm__tee_fl160um_fc12,4.85591843529,6.44095110726,4.270610977590561,230.04663618304903,6.1997071597004,0.013411648943245284,0.10622058743999929,0.2379262795599999,1.0815346499519354,12.575747069964876,0.19213827794084715
Surrogate_RF,31,chip_simple_dxm1p818_dym9p091__Lj12p0nH_Cj2p0fF__roL8p5mm__tee_fl160um_fc12_cg1p2um__rpg1p4um,4.74969784785,6.2030248277,5.352145627542496,242.6223832530139,6.0075688817595525,10,fig5_cg2p5um_rpg2p5um__Lj12p0nH_Cj0p0fF__roL8p5mm__tee_fl160um_fc12,4.86782605146,6.40620544852,4.850844314466476,237.9905673388129,6.17514285459043,0.014240934769316585,0.11812820360999954,0.20318062081999955,0.50130131307602,4.631815914201013,0.16757397283087716
Surrogate_RF,32,chip_simple_dxm1p818_dy8p182__Lj12p0nH_Cj2p0fF__roL8p5mm__tee_fl160um_fc12_cg1p2um__rpg1p4um,4.68706864521,6.07511708902,5.952970358833313,248.5187126523267,5.817319914222084,1,fig5_cg2p0um_rpg1p5um__Lj12p0nH_Cj0p0fF__roL8p5mm__tee_fl160um_fc12,4.77793609257,6.1977870086,5.346981281085967,236.19198761457903,5.968418975392394,0.009323528953200285,0.09086744735999996,0.12266991957999984,0.6059890777473456,12.326725037747678,0.15109906117031002
Surrogate_RF,32,chip_simple_dxm1p818_dy8p182__Lj12p0nH_Cj2p0fF__roL8p5mm__tee_fl160um_fc12_cg1p2um__rpg1p4um,4.68706864521,6.07511708902,5.952970358833313,248.5187126523267,5.817319914222084,2,fig5_cg1p5um_rpg2p0um__Lj12p0nH_Cj0p0fF__roL8p5mm__tee_fl160um_fc12,4.87620084481,6.26170388145,4.99363361734581,218.7024888594067,5.970534325619533,0.011843284547361305,0.1891321995999995,0.18658679242999998,0.9593367414875029,29.81622379292,0.15321441139744874
Surrogate_RF,32,chip_simple_dxm1p818_dy8p182__Lj12p0nH_Cj2p0fF__roL8p5mm__tee_fl160um_fc12_cg1p2um__rpg1p4um,4.68706864521,6.07511708902,5.952970358833313,248.5187126523267,5.817319914222084,3,fig5_cg3p0um_rpg1p5um__Lj12p0nH_Cj0p0fF__roL8p5mm__tee_fl160um_fc12,4.80934135586,6.34266483957,4.7338018228397365,237.2002446708589,6.176728175579623,0.01664664092194386,0.1222727106499999,0.26754775055000035,1.2191685359935764,11.318467981467819,0.35940826135753845
Surrogate_RF,32,chip_simple_dxm1p818_dy8p182__Lj12p0nH_Cj2p0fF__roL8p5mm__tee_fl160um_fc12_cg1p2um__rpg1p4um,4.68706864521,6.07511708902,5.952970358833313,248.5187126523267,5.817319914222084,4,fig5_cg3p5um_rpg1p5um__Lj12p0nH_Cj0p0fF__roL8p5mm__tee_fl160um_fc12,4.70486631048,6.33112792154,5.111963850152969,266.195772124899,6.191175501007713,0.01989182315059038,0.01779766526999982,0.25601083252000034,0.8410065086803442,17.677059472572296,0.3738555867856288
Surrogate_RF,32,chip_simple_dxm1p818_dy8p182__Lj12p0nH_Cj2p0fF__roL8p5mm__tee_fl160um_fc12_cg1p2um__rpg1p4um,4.68706864521,6.07511708902,5.952970358833313,248.5187126523267,5.817319914222084,5,fig5_cg1p5um_rpg2p5um__Lj12p0nH_Cj0p0fF__roL8p5mm__tee_fl160um_fc12,4.93882770809,6.20515259596,4.85777295016098,196.1018444801448,5.919324796967785,0.02232083778858603,0.2517590628799997,0.13003550693999966,1.095197408672333,52.41686817218192,0.10200488274570052
Surrogate_RF,32,chip_simple_dxm1p818_dy8p182__Lj12p0nH_Cj2p0fF__roL8p5mm__tee_fl160um_fc12_cg1p2um__rpg1p4um,4.68706864521,6.07511708902,5.952970358833313,248.5187126523267,5.817319914222084,6,fig5_cg1p0um_rpg2p5um__Lj12p0nH_Cj0p0fF__roL8p5mm__tee_fl160um_fc12,4.8761770008,5.99407925784,6.270368555709839,201.3919971854669,5.6148078415071,0.023137460455989238,0.18910835559000017,0.08103783117999974,0.3173981968765265,47.12671546685982,0.20251207271498384
Surrogate_RF,32,chip_simple_dxm1p818_dy8p182__Lj12p0nH_Cj2p0fF__roL8p5mm__tee_fl160um_fc12_cg1p2um__rpg1p4um,4.68706864521,6.07511708902,5.952970358833313,248.5187126523267,5.817319914222084,7,fig5_cg5p0um_rpg1p5um__Lj12p0nH_Cj0p0fF__roL8p5mm__tee_fl160um_fc12,4.78104020561,6.40912743907,4.688513258781433,251.19081153078065,6.311876326449141,0.023290574240821368,0.09397156039999999,0.3340103500499998,1.2644571000518798,2.6720988784539372,0.49455641222705715
Surrogate_RF,32,chip_simple_dxm1p818_dy8p182__Lj12p0nH_Cj2p0fF__roL8p5mm__tee_fl160um_fc12_cg1p2um__rpg1p4um,4.68706864521,6.07511708902,5.952970358833313,248.5187126523267,5.817319914222084,8,fig5_cg2p0um_rpg1p0um__Lj12p0nH_Cj0p0fF__roL8p5mm__tee_fl160um_fc12,4.67537317002,6.28144982257,6.80016774546051,305.861011614189,6.2286045622900525,0.02487760447098351,0.011695475189999804,0.20633273355000004,0.8471973866271973,57.3422989618623,0.4112846480679684
Surrogate_RF,32,chip_simple_dxm1p818_dy8p182__Lj12p0nH_Cj2p0fF__roL8p5mm__tee_fl160um_fc12_cg1p2um__rpg1p4um,4.68706864521,6.07511708902,5.952970358833313,248.5187126523267,5.817319914222084,9,fig5_cg2p0um_rpg2p5um__Lj12p0nH_Cj0p0fF__roL8p5mm__tee_fl160um_fc12,4.88081947033,6.29200362079,4.710222612869263,215.78136757047287,6.007573423867593,0.02888368212561369,0.19375082511999953,0.21688653177000017,1.2427477459640501,32.737345081853846,0.19025350964550913
Surrogate_RF,32,chip_simple_dxm1p818_dy8p182__Lj12p0nH_Cj2p0fF__roL8p5mm__tee_fl160um_fc12_cg1p2um__rpg1p4um,4.68706864521,6.07511708902,5.952970358833313,248.5187126523267,5.817319914222084,10,fig5_cg2p5um_rpg2p0um__Lj12p0nH_Cj0p0fF__roL8p5mm__tee_fl160um_fc12,4.82985966256,6.3640851834,4.45615377314949,229.1245415394613,6.124821045393385,0.03175151602665352,0.14279101734999955,0.2889680943800004,1.4968165856838231,19.394171112865422,0.30750113117130073
Surrogate_RF,33,chip_simple_dxm0p909_dym9p091__Lj12p0nH_Cj2p0fF__roL8p5mm__tee_fl160um_fc12_cg1p2um__rpg1p4um,4.79013705882,6.1195332543,5.13624333574295,216.91057737244603,5.892737425611814,1,fig5_cg1p5um_rpg2p5um__Lj12p0nH_Cj0p0fF__roL8p5mm__tee_fl160um_fc12,4.93882770809,6.20515259596,4.85777295016098,196.1018444801448,5.919324796967785,0.0014550764014019722,0.14869064926999975,0.08561934165999929,0.27847038558197035,20.808732892301236,0.026587371355971
Surrogate_RF,33,chip_simple_dxm0p909_dym9p091__Lj12p0nH_Cj2p0fF__roL8p5mm__tee_fl160um_fc12_cg1p2um__rpg1p4um,4.79013705882,6.1195332543,5.13624333574295,216.91057737244603,5.892737425611814,2,fig5_cg2p0um_rpg2p5um__Lj12p0nH_Cj0p0fF__roL8p5mm__tee_fl160um_fc12,4.88081947033,6.29200362079,4.710222612869263,215.78136757047287,6.007573423867593,0.0028339125566577946,0.09068241150999956,0.1724703664899998,0.4260207228736874,1.1292098019731611,0.11483599825577961
Surrogate_RF,33,chip_simple_dxm0p909_dym9p091__Lj12p0nH_Cj2p0fF__roL8p5mm__tee_fl160um_fc12_cg1p2um__rpg1p4um,4.79013705882,6.1195332543,5.13624333574295,216.91057737244603,5.892737425611814,3,fig5_cg1p5um_rpg2p0um__Lj12p0nH_Cj0p0fF__roL8p5mm__tee_fl160um_fc12,4.87620084481,6.26170388145,4.99363361734581,218.7024888594067,5.970534325619533,0.0028963552703138813,0.08606378598999953,0.14217062714999962,0.1426097183971402,1.7919114869606858,0.07779690000771922
Surrogate_RF,33,chip_simple_dxm0p909_dym9p091__Lj12p0nH_Cj2p0fF__roL8p5mm__tee_fl160um_fc12_cg1p2um__rpg1p4um,4.79013705882,6.1195332543,5.13624333574295,216.91057737244603,5.892737425611814,4,fig5_cg2p0um_rpg1p5um__Lj12p0nH_Cj0p0fF__roL8p5mm__tee_fl160um_fc12,4.77793609257,6.1977870086,5.346981281085967,236.19198761457903,5.968418975392394,0.00436474980554322,0.01220096625,0.07825375429999948,0.21073794534301715,19.281410242133006,0.0756815497805805
Surrogate_RF,33,chip_simple_dxm0p909_dym9p091__Lj12p0nH_Cj2p0fF__roL8p5mm__tee_fl160um_fc12_cg1p2um__rpg1p4um,4.79013705882,6.1195332543,5.13624333574295,216.91057737244603,5.892737425611814,5,fig5_cg3p0um_rpg1p5um__Lj12p0nH_Cj0p0fF__roL8p5mm__tee_fl160um_fc12,4.80934135586,6.34266483957,4.7338018228397365,237.2002446708589,6.176728175579623,0.008459230372714396,0.01920429703999993,0.22313158527,0.4024415129032137,20.289667298412866,0.28399074996780893
Surrogate_RF,33,chip_simple_dxm0p909_dym9p091__Lj12p0nH_Cj2p0fF__roL8p5mm__tee_fl160um_fc12_cg1p2um__rpg1p4um,4.79013705882,6.1195332543,5.13624333574295,216.91057737244603,5.892737425611814,6,fig5_cg2p5um_rpg2p5um__Lj12p0nH_Cj0p0fF__roL8p5mm__tee_fl160um_fc12,4.86782605146,6.40620544852,4.850844314466476,237.9905673388129,6.17514285459043,0.008807515029017086,0.07768899263999973,0.28667219421999945,0.2853990212764739,21.079989966366867,0.282405428978616
Surrogate_RF,33,chip_simple_dxm0p909_dym9p091__Lj12p0nH_Cj2p0fF__roL8p5mm__tee_fl160um_fc12_cg1p2um__rpg1p4um,4.79013705882,6.1195332543,5.13624333574295,216.91057737244603,5.892737425611814,7,fig5_cg2p5um_rpg2p0um__Lj12p0nH_Cj0p0fF__roL8p5mm__tee_fl160um_fc12,4.82985966256,6.3640851834,4.45615377314949,229.1245415394613,6.124821045393385,0.009436874363083395,0.039722603739999585,0.2445519291,0.6800895625934604,12.213964167015263,0.23208361978157122
Surrogate_RF,33,chip_simple_dxm0p909_dym9p091__Lj12p0nH_Cj2p0fF__roL8p5mm__tee_fl160um_fc12_cg1p2um__rpg1p4um,4.79013705882,6.1195332543,5.13624333574295,216.91057737244603,5.892737425611814,8,fig5_cg3p0um_rpg2p5um__Lj12p0nH_Cj0p0fF__roL8p5mm__tee_fl160um_fc12,4.89777742204,6.34923094667,4.391671866830825,213.14051325530752,6.096625432754106,0.010227425524635002,0.10764036321999981,0.22969769236999937,0.7445714689121248,3.770064117138503,0.20388800714229216
Surrogate_RF,33,chip_simple_dxm0p909_dym9p091__Lj12p0nH_Cj2p0fF__roL8p5mm__tee_fl160um_fc12_cg1p2um__rpg1p4um,4.79013705882,6.1195332543,5.13624333574295,216.91057737244603,5.892737425611814,9,fig5_cg3p0um_rpg2p0um__Lj12p0nH_Cj0p0fF__roL8p5mm__tee_fl160um_fc12,4.85591843529,6.44095110726,4.270610977590561,230.04663618304903,6.1997071597004,0.011465193585706138,0.06578137646999949,0.3214178529599998,0.8656323581523893,13.136058810603004,0.30696973408858597
Surrogate_RF,33,chip_simple_dxm0p909_dym9p091__Lj12p0nH_Cj2p0fF__roL8p5mm__tee_fl160um_fc12_cg1p2um__rpg1p4um,4.79013705882,6.1195332543,5.13624333574295,216.91057737244603,5.892737425611814,10,fig5_cg3p5um_rpg2p5um__Lj12p0nH_Cj0p0fF__roL8p5mm__tee_fl160um_fc12,4.85348773769,6.38790903463,4.356288998512268,225.5893196577544,6.102737650921461,0.013527478994965885,0.06335067887000001,0.26837578032999954,0.7799543372306825,8.678742285308374,0.21000022530964735
Surrogate_RF,34,chip_simple_dxm0p909_dy0p909__Lj12p0nH_Cj2p0fF__roL8p5mm__tee_fl160um_fc12_cg1p2um__rpg1p4um,4.70544106074,5.99746757962,5.927770181566238,231.070657809695,5.70049614019032,1,fig5_cg1p5um_rpg2p0um__Lj12p0nH_Cj0p0fF__roL8p5mm__tee_fl160um_fc12,4.87620084481,6.26170388145,4.99363361734581,218.7024888594067,5.970534325619533,0.006592075336977701,0.17075978406999948,0.2642363018299996,0.9341365642204282,12.368168950288293,0.2700381854292129
Surrogate_RF,34,chip_simple_dxm0p909_dy0p909__Lj12p0nH_Cj2p0fF__roL8p5mm__tee_fl160um_fc12_cg1p2um__rpg1p4um,4.70544106074,5.99746757962,5.927770181566238,231.070657809695,5.70049614019032,2,fig5_cg2p0um_rpg1p5um__Lj12p0nH_Cj0p0fF__roL8p5mm__tee_fl160um_fc12,4.77793609257,6.1977870086,5.346981281085967,236.19198761457903,5.968418975392394,0.00902093846309102,0.07249503182999995,0.20031942897999944,0.5807889004802709,5.121329804884027,0.26792283520207416
Surrogate_RF,34,chip_simple_dxm0p909_dy0p909__Lj12p0nH_Cj2p0fF__roL8p5mm__tee_fl160um_fc12_cg1p2um__rpg1p4um,4.70544106074,5.99746757962,5.927770181566238,231.070657809695,5.70049614019032,3,fig5_cg1p0um_rpg2p5um__Lj12p0nH_Cj0p0fF__roL8p5mm__tee_fl160um_fc12,4.8761770008,5.99407925784,6.270368555709839,201.3919971854669,5.6148078415071,0.012492919103719108,0.17073594006000015,0.0033883217800001475,0.34259837414360117,29.678660624228115,0.0856882986832197
Surrogate_RF,34,chip_simple_dxm0p909_dy0p909__Lj12p0nH_Cj2p0fF__roL8p5mm__tee_fl160um_fc12_cg1p2um__rpg1p4um,4.70544106074,5.99746757962,5.927770181566238,231.070657809695,5.70049614019032,4,fig5_cg1p5um_rpg2p5um__Lj12p0nH_Cj0p0fF__roL8p5mm__tee_fl160um_fc12,4.93882770809,6.20515259596,4.85777295016098,196.1018444801448,5.919324796967785,0.014549066766862252,0.2333866473499997,0.20768501633999925,1.0699972314052584,34.968813329550215,0.21882865677746466
Surrogate_RF,34,chip_simple_dxm0p909_dy0p909__Lj12p0nH_Cj2p0fF__roL8p5mm__tee_fl160um_fc12_cg1p2um__rpg1p4um,4.70544106074,5.99746757962,5.927770181566238,231.070657809695,5.70049614019032,5,fig5_cg3p0um_rpg1p5um__Lj12p0nH_Cj0p0fF__roL8p5mm__tee_fl160um_fc12,4.80934135586,6.34266483957,4.7338018228397365,237.2002446708589,6.176728175579623,0.019081136191275893,0.10390029511999987,0.34519725994999995,1.1939683587265018,6.129586861163887,0.4762320353893026
Surrogate_RF,34,chip_simple_dxm0p909_dy0p909__Lj12p0nH_Cj2p0fF__roL8p5mm__tee_fl160um_fc12_cg1p2um__rpg1p4um,4.70544106074,5.99746757962,5.927770181566238,231.070657809695,5.70049614019032,6,fig5_cg2p0um_rpg2p5um__Lj12p0nH_Cj0p0fF__roL8p5mm__tee_fl160um_fc12,4.88081947033,6.29200362079,4.710222612869263,215.78136757047287,6.007573423867593,0.023646855286970143,0.1753784095899995,0.29453604116999976,1.2175475686969754,15.28929023922214,0.30707728367727327
Surrogate_RF,34,chip_simple_dxm0p909_dy0p909__Lj12p0nH_Cj2p0fF__roL8p5mm__tee_fl160um_fc12_cg1p2um__rpg1p4um,4.70544106074,5.99746757962,5.927770181566238,231.070657809695,5.70049614019032,7,fig5_cg3p5um_rpg1p5um__Lj12p0nH_Cj0p0fF__roL8p5mm__tee_fl160um_fc12,4.70486631048,6.33112792154,5.111963850152969,266.195772124899,6.191175501007713,0.02504627465512472,0.0005747502600002008,0.33366034191999994,0.8158063314132695,35.125114315204,0.49067936081739294
Surrogate_RF,34,chip_simple_dxm0p909_dy0p909__Lj12p0nH_Cj2p0fF__roL8p5mm__tee_fl160um_fc12_cg1p2um__rpg1p4um,4.70544106074,5.99746757962,5.927770181566238,231.070657809695,5.70049614019032,8,fig5_cg5p0um_rpg1p5um__Lj12p0nH_Cj0p0fF__roL8p5mm__tee_fl160um_fc12,4.78104020561,6.40912743907,4.688513258781433,251.19081153078065,6.311876326449141,0.027604981114276818,0.07559914486999997,0.4116598594499994,1.2392569227848051,20.120153721085643,0.6113801862588213
Surrogate_RF,34,chip_simple_dxm0p909_dy0p909__Lj12p0nH_Cj2p0fF__roL8p5mm__tee_fl160um_fc12_cg1p2um__rpg1p4um,4.70544106074,5.99746757962,5.927770181566238,231.070657809695,5.70049614019032,9,fig5_cg2p5um_rpg2p0um__Lj12p0nH_Cj0p0fF__roL8p5mm__tee_fl160um_fc12,4.82985966256,6.3640851834,4.45615377314949,229.1245415394613,6.124821045393385,0.031151530583709525,0.12441860181999953,0.36661760377999997,1.4716164084167485,1.9461162702337163,0.4243249052030649
Surrogate_RF,34,chip_simple_dxm0p909_dy0p909__Lj12p0nH_Cj2p0fF__roL8p5mm__tee_fl160um_fc12_cg1p2um__rpg1p4um,4.70544106074,5.99746757962,5.927770181566238,231.070657809695,5.70049614019032,10,fig5_cg2p5um_rpg2p5um__Lj12p0nH_Cj0p0fF__roL8p5mm__tee_fl160um_fc12,4.86782605146,6.40620544852,4.850844314466476,237.9905673388129,6.17514285459043,0.03321120723072151,0.16238499071999968,0.4087378688999994,1.076925867099762,6.919909529117888,0.47464671440010964
Surrogate_RF,35,chip_simple_dxm0p909_dy5p455__Lj12p0nH_Cj2p0fF__roL8p5mm__tee_fl160um_fc12_cg1p2um__rpg1p4um,4.72272816644,6.03503005138,6.337249859149932,241.7065879254781,5.820442264738436,1,fig5_cg1p5um_rpg2p0um__Lj12p0nH_Cj0p0fF__roL8p5mm__tee_fl160um_fc12,4.87620084481,6.26170388145,4.99363361734581,218.7024888594067,5.970534325619533,0.014707762881170946,0.15347267837,0.2266738300700002,1.3436162418041224,23.004099066071376,0.1500920608810965
Surrogate_RF,35,chip_simple_dxm0p909_dy5p455__Lj12p0nH_Cj2p0fF__roL8p5mm__tee_fl160um_fc12_cg1p2um__rpg1p4um,4.72272816644,6.03503005138,6.337249859149932,241.7065879254781,5.820442264738436,2,fig5_cg2p0um_rpg1p5um__Lj12p0nH_Cj0p0fF__roL8p5mm__tee_fl160um_fc12,4.77793609257,6.1977870086,5.346981281085967,236.19198761457903,5.968418975392394,0.01551655081475955,0.05520792613000047,0.16275695722000005,0.9902685780639651,5.514600310899056,0.1479767106539578
Surrogate_RF,35,chip_simple_dxm0p909_dy5p455__Lj12p0nH_Cj2p0fF__roL8p5mm__tee_fl160um_fc12_cg1p2um__rpg1p4um,4.72272816644,6.03503005138,6.337249859149932,241.7065879254781,5.820442264738436,3,fig5_cg1p0um_rpg2p5um__Lj12p0nH_Cj0p0fF__roL8p5mm__tee_fl160um_fc12,4.8761770008,5.99407925784,6.270368555709839,201.3919971854669,5.6148078415071,0.01827247110495072,0.15344883436000067,0.04095079353999953,0.06688130344009302,40.3145907400112,0.20563442323133607
Surrogate_RF,35,chip_simple_dxm0p909_dy5p455__Lj12p0nH_Cj2p0fF__roL8p5mm__tee_fl160um_fc12_cg1p2um__rpg1p4um,4.72272816644,6.03503005138,6.337249859149932,241.7065879254781,5.820442264738436,4,fig5_cg3p0um_rpg1p5um__Lj12p0nH_Cj0p0fF__roL8p5mm__tee_fl160um_fc12,4.80934135586,6.34266483957,4.7338018228397365,237.2002446708589,6.176728175579623,0.026018938160925015,0.0866131894200004,0.30763478819000056,1.603448036310196,4.506343254619196,0.3562859108411862
Surrogate_RF,35,chip_simple_dxm0p909_dy5p455__Lj12p0nH_Cj2p0fF__roL8p5mm__tee_fl160um_fc12_cg1p2um__rpg1p4um,4.72272816644,6.03503005138,6.337249859149932,241.7065879254781,5.820442264738436,5,fig5_cg1p5um_rpg2p5um__Lj12p0nH_Cj0p0fF__roL8p5mm__tee_fl160um_fc12,4.93882770809,6.20515259596,4.85777295016098,196.1018444801448,5.919324796967785,0.026336186798569104,0.21609954165000023,0.17012254457999987,1.4794769089889526,45.6047434453333,0.09888253222934829
Surrogate_RF,35,chip_simple_dxm0p909_dy5p455__Lj12p0nH_Cj2p0fF__roL8p5mm__tee_fl160um_fc12_cg1p2um__rpg1p4um,4.72272816644,6.03503005138,6.337249859149932,241.7065879254781,5.820442264738436,6,fig5_cg1p5um_rpg1p0um__Lj12p0nH_Cj0p0fF__roL8p5mm__tee_fl160um_fc12,4.7605818776,6.21817087681,5.831666317903518,253.65164600383045,6.132701943451215,0.028829702302299833,0.03785371116000036,0.18314082543000065,0.5055835412464145,11.94505807835236,0.3122596787127785
Surrogate_RF,35,chip_simple_dxm0p909_dy5p455__Lj12p0nH_Cj2p0fF__roL8p5mm__tee_fl160um_fc12_cg1p2um__rpg1p4um,4.72272816644,6.03503005138,6.337249859149932,241.7065879254781,5.820442264738436,7,fig5_cg2p0um_rpg1p0um__Lj12p0nH_Cj0p0fF__roL8p5mm__tee_fl160um_fc12,4.67537317002,6.28144982257,6.80016774546051,305.861011614189,6.2286045622900525,0.028997568116158463,0.047354996419999296,0.24641977119000025,0.46291788631057784,64.15442368871092,0.40816229755161615
Surrogate_RF,35,chip_simple_dxm0p909_dy5p455__Lj12p0nH_Cj2p0fF__roL8p5mm__tee_fl160um_fc12_cg1p2um__rpg1p4um,4.72272816644,6.03503005138,6.337249859149932,241.7065879254781,5.820442264738436,8,fig5_cg3p5um_rpg1p5um__Lj12p0nH_Cj0p0fF__roL8p5mm__tee_fl160um_fc12,4.70486631048,6.33112792154,5.111963850152969,266.195772124899,6.191175501007713,0.03085800208532171,0.017861855959999673,0.29609787016000055,1.2252860089969637,24.48918419942092,0.37073323626927657
Surrogate_RF,35,chip_simple_dxm0p909_dy5p455__Lj12p0nH_Cj2p0fF__roL8p5mm__tee_fl160um_fc12_cg1p2um__rpg1p4um,4.72272816644,6.03503005138,6.337249859149932,241.7065879254781,5.820442264738436,9,fig5_cg1p0um_rpg1p5um__Lj12p0nH_Cj0p0fF__roL8p5mm__tee_fl160um_fc12,4.79990762773,5.93734773014,7.211306133548736,222.8918736386996,5.66911545033236,0.030902722371412766,0.07717946129000008,0.09768232123999976,0.8740562743988036,18.814714286778496,0.15132681440607598
Surrogate_RF,35,chip_simple_dxm0p909_dy5p455__Lj12p0nH_Cj2p0fF__roL8p5mm__tee_fl160um_fc12_cg1p2um__rpg1p4um,4.72272816644,6.03503005138,6.337249859149932,241.7065879254781,5.820442264738436,10,fig5_cg5p0um_rpg1p5um__Lj12p0nH_Cj0p0fF__roL8p5mm__tee_fl160um_fc12,4.78104020561,6.40912743907,4.688513258781433,251.19081153078065,6.311876326449141,0.03460310248045402,0.058312039170000496,0.37409738769,1.6487366003684993,9.48422360530256,0.4914340617107049
Surrogate_RF,36,chip_simple_dx0p000_dym5p455__Lj12p0nH_Cj2p0fF__roL8p5mm__tee_fl160um_fc12_cg1p2um__rpg1p4um,4.72839728936,5.92461245195,5.86921667430687,213.1829395597018,5.58090723401915,1,fig5_cg1p0um_rpg2p5um__Lj12p0nH_Cj0p0fF__roL8p5mm__tee_fl160um_fc12,4.8761770008,5.99407925784,6.270368555709839,201.3919971854669,5.6148078415071,0.005544267424265965,0.14777971144000013,0.06946680589000032,0.40115188140296976,11.790942374234902,0.03390060748795065
Surrogate_RF,36,chip_simple_dx0p000_dym5p455__Lj12p0nH_Cj2p0fF__roL8p5mm__tee_fl160um_fc12_cg1p2um__rpg1p4um,4.72839728936,5.92461245195,5.86921667430687,213.1829395597018,5.58090723401915,2,fig5_cg1p5um_rpg2p0um__Lj12p0nH_Cj0p0fF__roL8p5mm__tee_fl160um_fc12,4.87620084481,6.26170388145,4.99363361734581,218.7024888594067,5.970534325619533,0.006437347136995411,0.14780355544999946,0.33709142950000004,0.8755830569610596,5.51954929970492,0.3896270916003832
Surrogate_RF,36,chip_simple_dx0p000_dym5p455__Lj12p0nH_Cj2p0fF__roL8p5mm__tee_fl160um_fc12_cg1p2um__rpg1p4um,4.72839728936,5.92461245195,5.86921667430687,213.1829395597018,5.58090723401915,3,fig5_cg1p5um_rpg2p5um__Lj12p0nH_Cj0p0fF__roL8p5mm__tee_fl160um_fc12,4.93882770809,6.20515259596,4.85777295016098,196.1018444801448,5.919324796967785,0.010696760720781672,0.21043041872999968,0.2805401440099997,1.0114437241458898,17.081095079557002,0.338417562948635
Surrogate_RF,36,chip_simple_dx0p000_dym5p455__Lj12p0nH_Cj2p0fF__roL8p5mm__tee_fl160um_fc12_cg1p2um__rpg1p4um,4.72839728936,5.92461245195,5.86921667430687,213.1829395597018,5.58090723401915,4,fig5_cg2p0um_rpg1p5um__Lj12p0nH_Cj0p0fF__roL8p5mm__tee_fl160um_fc12,4.77793609257,6.1977870086,5.346981281085967,236.19198761457903,5.968418975392394,0.015432858012062341,0.049538803209999926,0.2731745566499999,0.5222353932209023,23.00904805487724,0.3875117413732445
Surrogate_RF,36,chip_simple_dx0p000_dym5p455__Lj12p0nH_Cj2p0fF__roL8p5mm__tee_fl160um_fc12_cg1p2um__rpg1p4um,4.72839728936,5.92461245195,5.86921667430687,213.1829395597018,5.58090723401915,5,fig5_cg2p0um_rpg2p5um__Lj12p0nH_Cj0p0fF__roL8p5mm__tee_fl160um_fc12,4.88081947033,6.29200362079,4.710222612869263,215.78136757047287,6.007573423867593,0.022875896693065317,0.1524221809699995,0.3673911688400002,1.1589940614376069,2.598428010771073,0.4266661898484436
Surrogate_RF,36,chip_simple_dx0p000_dym5p455__Lj12p0nH_Cj2p0fF__roL8p5mm__tee_fl160um_fc12_cg1p2um__rpg1p4um,4.72839728936,5.92461245195,5.86921667430687,213.1829395597018,5.58090723401915,6,fig5_cg1p0um_rpg3p0um__Lj12p0nH_Cj0p0fF__roL8p5mm__tee_fl160um_fc12,4.97020205129,6.08547213388,4.887907087696076,174.11503645167113,5.736747686378181,0.026625090410815247,0.2418047619300001,0.1608596819299999,0.9813095866107933,39.06790310803066,0.15584045235903154
Surrogate_RF,36,chip_simple_dx0p000_dym5p455__Lj12p0nH_Cj2p0fF__roL8p5mm__tee_fl160um_fc12_cg1p2um__rpg1p4um,4.72839728936,5.92461245195,5.86921667430687,213.1829395597018,5.58090723401915,7,fig5_cg3p0um_rpg1p5um__Lj12p0nH_Cj0p0fF__roL8p5mm__tee_fl160um_fc12,4.80934135586,6.34266483957,4.7338018228397365,237.2002446708589,6.176728175579623,0.028877192401388453,0.08094406649999986,0.4180523876200004,1.1354148514671332,24.0173051111571,0.5958209415604729
Surrogate_RF,36,chip_simple_dx0p000_dym5p455__Lj12p0nH_Cj2p0fF__roL8p5mm__tee_fl160um_fc12_cg1p2um__rpg1p4um,4.72839728936,5.92461245195,5.86921667430687,213.1829395597018,5.58090723401915,8,fig5_cg1p0um_rpg3p5um__Lj12p0nH_Cj0p0fF__roL8p5mm__tee_fl160um_fc12,4.93012574905,5.64408869323,6.575776153987884,136.7596168514535,5.1303535459575125,0.029803850382107897,0.20172845968999997,0.28052375872000024,0.7065594796810144,76.42332270824829,0.4505536880616372
Surrogate_RF,36,chip_simple_dx0p000_dym5p455__Lj12p0nH_Cj2p0fF__roL8p5mm__tee_fl160um_fc12_cg1p2um__rpg1p4um,4.72839728936,5.92461245195,5.86921667430687,213.1829395597018,5.58090723401915,9,fig5_cg2p5um_rpg2p5um__Lj12p0nH_Cj0p0fF__roL8p5mm__tee_fl160um_fc12,4.86782605146,6.40620544852,4.850844314466476,237.9905673388129,6.17514285459043,0.03595051365484213,0.13942876209999966,0.4815929965699999,1.0183723598403933,24.8076277791111,0.59423562057128
Surrogate_RF,36,chip_simple_dx0p000_dym5p455__Lj12p0nH_Cj2p0fF__roL8p5mm__tee_fl160um_fc12_cg1p2um__rpg1p4um,4.72839728936,5.92461245195,5.86921667430687,213.1829395597018,5.58090723401915,10,fig5_cg2p5um_rpg2p0um__Lj12p0nH_Cj0p0fF__roL8p5mm__tee_fl160um_fc12,4.82985966256,6.3640851834,4.45615377314949,229.1245415394613,6.124821045393385,0.0364866477683334,0.10146237319999951,0.43947273145000043,1.4130629011573799,15.941601979759497,0.5439138113742352
Surrogate_RF,37,chip_simple_dx0p000_dym3p636__Lj12p0nH_Cj2p0fF__roL8p5mm__tee_fl160um_fc12_cg1p2um__rpg1p4um,4.72612336149,6.18704295133,5.69404318081665,252.795946074152,6.004656007623384,1,fig5_cg2p0um_rpg1p5um__Lj12p0nH_Cj0p0fF__roL8p5mm__tee_fl160um_fc12,4.77793609257,6.1977870086,5.346981281085967,236.19198761457903,5.968418975392394,0.005257885485327943,0.05181273108000006,0.010744057270000162,0.3470618997306829,16.603958459572965,0.036237032230990174
Surrogate_RF,37,chip_simple_dx0p000_dym3p636__Lj12p0nH_Cj2p0fF__roL8p5mm__tee_fl160um_fc12_cg1p2um__rpg1p4um,4.72612336149,6.18704295133,5.69404318081665,252.795946074152,6.004656007623384,2,fig5_cg3p0um_rpg1p5um__Lj12p0nH_Cj0p0fF__roL8p5mm__tee_fl160um_fc12,4.80934135586,6.34266483957,4.7338018228397365,237.2002446708589,6.176728175579623,0.00930460568428391,0.08321799436999999,0.15562188824000067,0.9602413579769138,15.595701403293106,0.17207216795623825
Surrogate_RF,37,chip_simple_dx0p000_dym3p636__Lj12p0nH_Cj2p0fF__roL8p5mm__tee_fl160um_fc12_cg1p2um__rpg1p4um,4.72612336149,6.18704295133,5.69404318081665,252.795946074152,6.004656007623384,3,fig5_cg1p5um_rpg2p0um__Lj12p0nH_Cj0p0fF__roL8p5mm__tee_fl160um_fc12,4.87620084481,6.26170388145,4.99363361734581,218.7024888594067,5.970534325619533,0.010686334819853614,0.1500774833199996,0.0746609301200003,0.7004095634708403,34.093457214745285,0.03412168200385146
Surrogate_RF,37,chip_simple_dx0p000_dym3p636__Lj12p0nH_Cj2p0fF__roL8p5mm__tee_fl160um_fc12_cg1p2um__rpg1p4um,4.72612336149,6.18704295133,5.69404318081665,252.795946074152,6.004656007623384,4,fig5_cg3p5um_rpg1p5um__Lj12p0nH_Cj0p0fF__roL8p5mm__tee_fl160um_fc12,4.70486631048,6.33112792154,5.111963850152969,266.195772124899,6.191175501007713,0.011074382481530348,0.021257051010000083,0.14408497021000066,0.5820793306636816,13.39982605074701,0.1865194933843286
Surrogate_RF,37,chip_simple_dx0p000_dym3p636__Lj12p0nH_Cj2p0fF__roL8p5mm__tee_fl160um_fc12_cg1p2um__rpg1p4um,4.72612336149,6.18704295133,5.69404318081665,252.795946074152,6.004656007623384,5,fig5_cg5p0um_rpg1p5um__Lj12p0nH_Cj0p0fF__roL8p5mm__tee_fl160um_fc12,4.78104020561,6.40912743907,4.688513258781433,251.19081153078065,6.311876326449141,0.014087702277224067,0.054916844120000086,0.2220844877400001,1.0055299220352172,1.6051345433713493,0.30722031882575696
Surrogate_RF,37,chip_simple_dx0p000_dym3p636__Lj12p0nH_Cj2p0fF__roL8p5mm__tee_fl160um_fc12_cg1p2um__rpg1p4um,4.72612336149,6.18704295133,5.69404318081665,252.795946074152,6.004656007623384,6,fig5_cg1p5um_rpg2p5um__Lj12p0nH_Cj0p0fF__roL8p5mm__tee_fl160um_fc12,4.93882770809,6.20515259596,4.85777295016098,196.1018444801448,5.919324796967785,0.01977172483590465,0.21270434659999982,0.018109644629999977,0.8362702306556704,56.69410159400721,0.08533121065559968
Surrogate_RF,37,chip_simple_dx0p000_dym3p636__Lj12p0nH_Cj2p0fF__roL8p5mm__tee_fl160um_fc12_cg1p2um__rpg1p4um,4.72612336149,6.18704295133,5.69404318081665,252.795946074152,6.004656007623384,7,fig5_cg2p0um_rpg2p5um__Lj12p0nH_Cj0p0fF__roL8p5mm__tee_fl160um_fc12,4.88081947033,6.29200362079,4.710222612869263,215.78136757047287,6.007573423867593,0.02262232770337124,0.15469610883999962,0.10496066946000049,0.9838205679473875,37.01457850367913,0.002917416244208937
Surrogate_RF,37,chip_simple_dx0p000_dym3p636__Lj12p0nH_Cj2p0fF__roL8p5mm__tee_fl160um_fc12_cg1p2um__rpg1p4um,4.72612336149,6.18704295133,5.69404318081665,252.795946074152,6.004656007623384,8,fig5_cg2p5um_rpg2p0um__Lj12p0nH_Cj0p0fF__roL8p5mm__tee_fl160um_fc12,4.82985966256,6.3640851834,4.45615377314949,229.1245415394613,6.124821045393385,0.022696787512630694,0.10373630106999965,0.1770422320700007,1.2378894076671605,23.67140453469071,0.12016503777000054
Surrogate_RF,37,chip_simple_dx0p000_dym3p636__Lj12p0nH_Cj2p0fF__roL8p5mm__tee_fl160um_fc12_cg1p2um__rpg1p4um,4.72612336149,6.18704295133,5.69404318081665,252.795946074152,6.004656007623384,9,fig5_cg4p5um_rpg1p0um__Lj12p0nH_Cj0p0fF__roL8p5mm__tee_fl160um_fc12,4.66547453942,6.44365646453,5.568490972890854,305.09213979648246,6.526420054379522,0.02391046798542534,0.06064882207000011,0.2566135132000005,0.12555220792579647,52.29619372233046,0.5217640467561377
Surrogate_RF,37,chip_simple_dx0p000_dym3p636__Lj12p0nH_Cj2p0fF__roL8p5mm__tee_fl160um_fc12_cg1p2um__rpg1p4um,4.72612336149,6.18704295133,5.69404318081665,252.795946074152,6.004656007623384,10,fig5_cg5p0um_rpg1p0um__Lj12p0nH_Cj0p0fF__roL8p5mm__tee_fl160um_fc12,4.67009412056,6.40368347107,5.386180753400803,292.5653068578806,6.313414733179575,0.02391046798542534,0.05602924093000006,0.21664051974000031,0.3078624274158477,39.769360783728615,0.3087587255561903
Surrogate_RF,38,chip_simple_dx0p000_dy7p273__Lj12p0nH_Cj2p0fF__roL8p5mm__tee_fl160um_fc12_cg1p2um__rpg1p4um,4.60121050011,6.17360640727,6.32578533212471,293.2158087846097,5.983718913317313,1,fig5_cg2p0um_rpg1p0um__Lj12p0nH_Cj0p0fF__roL8p5mm__tee_fl160um_fc12,4.67537317002,6.28144982257,6.80016774546051,305.861011614189,6.2286045622900525,0.0016537293855175593,0.07416266991000064,0.10784341529999963,0.47438241333580056,12.645202829579318,0.24488564897273957
Surrogate_RF,38,chip_simple_dx0p000_dy7p273__Lj12p0nH_Cj2p0fF__roL8p5mm__tee_fl160um_fc12_cg1p2um__rpg1p4um,4.60121050011,6.17360640727,6.32578533212471,293.2158087846097,5.983718913317313,2,fig5_cg3p0um_rpg1p0um__Lj12p0nH_Cj0p0fF__roL8p5mm__tee_fl160um_fc12,4.5918495592,6.3683346429,6.310808488025665,329.7787087605889,6.339102179225892,0.004293222417383773,0.009360940909999727,0.19472823562999952,0.014976844099044762,36.562899975979235,0.3553832659085794
Surrogate_RF,38,chip_simple_dx0p000_dy7p273__Lj12p0nH_Cj2p0fF__roL8p5mm__tee_fl160um_fc12_cg1p2um__rpg1p4um,4.60121050011,6.17360640727,6.32578533212471,293.2158087846097,5.983718913317313,3,fig5_cg3p5um_rpg1p0um__Lj12p0nH_Cj0p0fF__roL8p5mm__tee_fl160um_fc12,4.65151549232,6.42206990109,5.782993409578324,310.4906595751157,6.336782825594393,0.005841579460179042,0.050304992210000066,0.2484634938200001,0.5427919225463853,17.274850790506036,0.3530639122770802
Surrogate_RF,38,chip_simple_dx0p000_dy7p273__Lj12p0nH_Cj2p0fF__roL8p5mm__tee_fl160um_fc12_cg1p2um__rpg1p4um,4.60121050011,6.17360640727,6.32578533212471,293.2158087846097,5.983718913317313,4,fig5_cg4p5um_rpg1p0um__Lj12p0nH_Cj0p0fF__roL8p5mm__tee_fl160um_fc12,4.66547453942,6.44365646453,5.568490972890854,305.09213979648246,6.526420054379522,0.007708494421602295,0.06426403931000024,0.27005005725999975,0.7572943592338559,11.876331011872765,0.5427011410622091
Surrogate_RF,38,chip_simple_dx0p000_dy7p273__Lj12p0nH_Cj2p0fF__roL8p5mm__tee_fl160um_fc12_cg1p2um__rpg1p4um,4.60121050011,6.17360640727,6.32578533212471,293.2158087846097,5.983718913317313,5,fig5_cg5p0um_rpg1p0um__Lj12p0nH_Cj0p0fF__roL8p5mm__tee_fl160um_fc12,4.67009412056,6.40368347107,5.386180753400803,292.5653068578806,6.313414733179575,0.007708494421602295,0.0688836204500003,0.2300770637999996,0.9396045787239071,0.6505019267290777,0.3296958198622617
Surrogate_RF,38,chip_simple_dx0p000_dy7p273__Lj12p0nH_Cj2p0fF__roL8p5mm__tee_fl160um_fc12_cg1p2um__rpg1p4um,4.60121050011,6.17360640727,6.32578533212471,293.2158087846097,5.983718913317313,6,fig5_cg1p5um_rpg1p0um__Lj12p0nH_Cj0p0fF__roL8p5mm__tee_fl160um_fc12,4.7605818776,6.21817087681,5.831666317903518,253.65164600383045,6.132701943451215,0.013839702445805195,0.1593713774900003,0.04456446954000004,0.49411901422119175,39.56416278077924,0.1489830301339019
Surrogate_RF,38,chip_simple_dx0p000_dy7p273__Lj12p0nH_Cj2p0fF__roL8p5mm__tee_fl160um_fc12_cg1p2um__rpg1p4um,4.60121050011,6.17360640727,6.32578533212471,293.2158087846097,5.983718913317313,7,fig5_cg4p5um_rpg0p5um__Lj12p0nH_Cj0p0fF__roL8p5mm__tee_fl160um_fc12,4.51249644149,6.35090511355,6.372151983530045,348.6053033569676,6.370880057120116,0.01819471883360905,0.08871405861999992,0.17729870627999933,0.04636665140533491,55.38949457235793,0.3871611438028033
Surrogate_RF,38,chip_simple_dx0p000_dy7p273__Lj12p0nH_Cj2p0fF__roL8p5mm__tee_fl160um_fc12_cg1p2um__rpg1p4um,4.60121050011,6.17360640727,6.32578533212471,293.2158087846097,5.983718913317313,8,fig5_cg5p0um_rpg0p5um__Lj12p0nH_Cj0p0fF__roL8p5mm__tee_fl160um_fc12,4.54852290045,6.34578466778,6.117417553102493,331.8522825685193,6.365348751829195,0.01819471883360905,0.052687599659999584,0.17217826050999996,0.20836777902221648,38.636473783909594,0.38162983851188237
Surrogate_RF,38,chip_simple_dx0p000_dy7p273__Lj12p0nH_Cj2p0fF__roL8p5mm__tee_fl160um_fc12_cg1p2um__rpg1p4um,4.60121050011,6.17360640727,6.32578533212471,293.2158087846097,5.983718913317313,9,fig5_cg4p0um_rpg0p5um__Lj12p0nH_Cj0p0fF__roL8p5mm__tee_fl160um_fc12,4.52155001594,6.39443554908,6.552557450353622,359.2700242399351,6.454069012219757,0.022852930567139215,0.07966048416999971,0.22082914180999946,0.2267721182289124,66.05421545532539,0.4703500989024443
Surrogate_RF,38,chip_simple_dx0p000_dy7p273__Lj12p0nH_Cj2p0fF__roL8p5mm__tee_fl160um_fc12_cg1p2um__rpg1p4um,4.60121050011,6.17360640727,6.32578533212471,293.2158087846097,5.983718913317313,10,fig5_cg3p5um_rpg0p5um__Lj12p0nH_Cj0p0fF__roL8p5mm__tee_fl160um_fc12,4.48458805947,6.33290774525,6.273954957790375,350.28792536348936,6.333902670879128,0.023442787698358884,0.1166224406399996,0.15930133797999968,0.051830374334334905,57.07211657887967,0.3501837575618154
Surrogate_RF,39,chip_simple_dx0p000_dy9p091__Lj12p0nH_Cj2p0fF__roL8p5mm__tee_fl160um_fc12_cg1p2um__rpg1p4um,4.69248631541,6.18716502488,5.242757017772674,249.32244368071773,5.952568618706093,1,fig5_cg2p0um_rpg1p5um__Lj12p0nH_Cj0p0fF__roL8p5mm__tee_fl160um_fc12,4.77793609257,6.1977870086,5.346981281085967,236.19198761457903,5.968418975392394,0.002564860049534449,0.08544977716000002,0.010621983720000117,0.10422426331329326,13.130456066138692,0.015850356686301303
Surrogate_RF,39,chip_simple_dx0p000_dy9p091__Lj12p0nH_Cj2p0fF__roL8p5mm__tee_fl160um_fc12_cg1p2um__rpg1p4um,4.69248631541,6.18716502488,5.242757017772674,249.32244368071773,5.952568618706093,2,fig5_cg3p0um_rpg1p5um__Lj12p0nH_Cj0p0fF__roL8p5mm__tee_fl160um_fc12,4.80934135586,6.34266483957,4.7338018228397365,237.2002446708589,6.176728175579623,0.002792856979779331,0.11685504044999995,0.15549981469000063,0.5089551949329376,12.122199009858832,0.22415955687352973
Surrogate_RF,39,chip_simple_dx0p000_dy9p091__Lj12p0nH_Cj2p0fF__roL8p5mm__tee_fl160um_fc12_cg1p2um__rpg1p4um,4.69248631541,6.18716502488,5.242757017772674,249.32244368071773,5.952568618706093,3,fig5_cg3p5um_rpg1p5um__Lj12p0nH_Cj0p0fF__roL8p5mm__tee_fl160um_fc12,4.70486631048,6.33112792154,5.111963850152969,266.195772124899,6.191175501007713,0.0037710772454212045,0.012379995069999872,0.14396289666000062,0.13079316761970539,16.873328444181283,0.23860688230162008
Surrogate_RF,39,chip_simple_dx0p000_dy9p091__Lj12p0nH_Cj2p0fF__roL8p5mm__tee_fl160um_fc12_cg1p2um__rpg1p4um,4.69248631541,6.18716502488,5.242757017772674,249.32244368071773,5.952568618706093,4,fig5_cg5p0um_rpg1p5um__Lj12p0nH_Cj0p0fF__roL8p5mm__tee_fl160um_fc12,4.78104020561,6.40912743907,4.688513258781433,251.19081153078065,6.311876326449141,0.005404771153041548,0.08855389020000004,0.22196241419000007,0.554243758991241,1.8683678500629242,0.35930770774304843
Surrogate_RF,39,chip_simple_dx0p000_dy9p091__Lj12p0nH_Cj2p0fF__roL8p5mm__tee_fl160um_fc12_cg1p2um__rpg1p4um,4.69248631541,6.18716502488,5.242757017772674,249.32244368071773,5.952568618706093,5,fig5_cg1p5um_rpg2p0um__Lj12p0nH_Cj0p0fF__roL8p5mm__tee_fl160um_fc12,4.87620084481,6.26170388145,4.99363361734581,218.7024888594067,5.970534325619533,0.010183205357702126,0.18371452939999955,0.07453885657000026,0.2491234004268641,30.619954821311012,0.017965706913440016
Surrogate_RF,39,chip_simple_dx0p000_dy9p091__Lj12p0nH_Cj2p0fF__roL8p5mm__tee_fl160um_fc12_cg1p2um__rpg1p4um,4.69248631541,6.18716502488,5.242757017772674,249.32244368071773,5.952568618706093,6,fig5_cg2p5um_rpg2p0um__Lj12p0nH_Cj0p0fF__roL8p5mm__tee_fl160um_fc12,4.82985966256,6.3640851834,4.45615377314949,229.1245415394613,6.124821045393385,0.01160913796157924,0.1373733471499996,0.17692015852000065,0.7866032446231843,20.197902141256435,0.17225242668729202
Surrogate_RF,39,chip_simple_dx0p000_dy9p091__Lj12p0nH_Cj2p0fF__roL8p5mm__tee_fl160um_fc12_cg1p2um__rpg1p4um,4.69248631541,6.18716502488,5.242757017772674,249.32244368071773,5.952568618706093,7,fig5_cg2p0um_rpg2p5um__Lj12p0nH_Cj0p0fF__roL8p5mm__tee_fl160um_fc12,4.88081947033,6.29200362079,4.710222612869263,215.78136757047287,6.007573423867593,0.013297129276790755,0.18833315491999958,0.10483859591000044,0.5325344049034113,33.54107611024486,0.055004805161500414
Surrogate_RF,39,chip_simple_dx0p000_dy9p091__Lj12p0nH_Cj2p0fF__roL8p5mm__tee_fl160um_fc12_cg1p2um__rpg1p4um,4.69248631541,6.18716502488,5.242757017772674,249.32244368071773,5.952568618706093,8,fig5_cg3p0um_rpg2p0um__Lj12p0nH_Cj0p0fF__roL8p5mm__tee_fl160um_fc12,4.85591843529,6.44095110726,4.270610977590561,230.04663618304903,6.1997071597004,0.013354644689248246,0.1634321198799995,0.25378608238000044,0.9721460401821131,19.275807497668694,0.24713854099430677
Surrogate_RF,39,chip_simple_dx0p000_dy9p091__Lj12p0nH_Cj2p0fF__roL8p5mm__tee_fl160um_fc12_cg1p2um__rpg1p4um,4.69248631541,6.18716502488,5.242757017772674,249.32244368071773,5.952568618706093,9,fig5_cg3p5um_rpg2p0um__Lj12p0nH_Cj0p0fF__roL8p5mm__tee_fl160um_fc12,4.78544785971,6.42909571039,4.586441499513626,250.3896145461569,6.177842469599042,0.014127306216523805,0.09296154429999959,0.24193068551000074,0.6563155182590483,1.0671708654391807,0.2252738508929495
Surrogate_RF,39,chip_simple_dx0p000_dy9p091__Lj12p0nH_Cj2p0fF__roL8p5mm__tee_fl160um_fc12_cg1p2um__rpg1p4um,4.69248631541,6.18716502488,5.242757017772674,249.32244368071773,5.952568618706093,10,fig5_cg1p5um_rpg2p5um__Lj12p0nH_Cj0p0fF__roL8p5mm__tee_fl160um_fc12,4.93882770809,6.20515259596,4.85777295016098,196.1018444801448,5.919324796967785,0.015042205827840384,0.24634139267999977,0.01798757107999993,0.38498406761169424,53.220599200572934,0.0332438217383082
Surrogate_RF,40,chip_simple_dx0p909_dym10p000__Lj12p0nH_Cj2p0fF__roL8p5mm__tee_fl160um_fc12_cg1p2um__rpg1p4um,4.75971213917,6.07465492096,5.310514949054718,219.69317393009035,5.782856387995313,1,fig5_cg1p5um_rpg2p0um__Lj12p0nH_Cj0p0fF__roL8p5mm__tee_fl160um_fc12,4.87620084481,6.26170388145,4.99363361734581,218.7024888594067,5.970534325619533,0.0016075724584213224,0.11648870563999925,0.1870489604900003,0.31688133170890787,0.9906850706836394,0.18767793762421991
Surrogate_RF,40,chip_simple_dx0p909_dym10p000__Lj12p0nH_Cj2p0fF__roL8p5mm__tee_fl160um_fc12_cg1p2um__rpg1p4um,4.75971213917,6.07465492096,5.310514949054718,219.69317393009035,5.782856387995313,2,fig5_cg1p5um_rpg2p5um__Lj12p0nH_Cj0p0fF__roL8p5mm__tee_fl160um_fc12,4.93882770809,6.20515259596,4.85777295016098,196.1018444801448,5.919324796967785,0.002596772331104407,0.17911556891999947,0.13049767499999998,0.452741998893738,23.59132944994556,0.1364684089724717
Surrogate_RF,40,chip_simple_dx0p909_dym10p000__Lj12p0nH_Cj2p0fF__roL8p5mm__tee_fl160um_fc12_cg1p2um__rpg1p4um,4.75971213917,6.07465492096,5.310514949054718,219.69317393009035,5.782856387995313,3,fig5_cg2p0um_rpg1p5um__Lj12p0nH_Cj0p0fF__roL8p5mm__tee_fl160um_fc12,4.77793609257,6.1977870086,5.346981281085967,236.19198761457903,5.968418975392394,0.0037893914436775526,0.018223953399999715,0.12313208764000017,0.03646633203124949,16.49881368448868,0.1855625873970812
Surrogate_RF,40,chip_simple_dx0p909_dym10p000__Lj12p0nH_Cj2p0fF__roL8p5mm__tee_fl160um_fc12_cg1p2um__rpg1p4um,4.75971213917,6.07465492096,5.310514949054718,219.69317393009035,5.782856387995313,4,fig5_cg2p0um_rpg2p5um__Lj12p0nH_Cj0p0fF__roL8p5mm__tee_fl160um_fc12,4.88081947033,6.29200362079,4.710222612869263,215.78136757047287,6.007573423867593,0.006453276241709597,0.12110733115999928,0.2173486998300005,0.6002923361854551,3.9118063596174864,0.2247170358722803
Surrogate_RF,40,chip_simple_dx0p909_dym10p000__Lj12p0nH_Cj2p0fF__roL8p5mm__tee_fl160um_fc12_cg1p2um__rpg1p4um,4.75971213917,6.07465492096,5.310514949054718,219.69317393009035,5.782856387995313,5,fig5_cg3p0um_rpg1p5um__Lj12p0nH_Cj0p0fF__roL8p5mm__tee_fl160um_fc12,4.80934135586,6.34266483957,4.7338018228397365,237.2002446708589,6.176728175579623,0.00986245372477567,0.049629216689999645,0.2680099186100007,0.5767131262149814,17.50707074076854,0.39387178758430963
Surrogate_RF,40,chip_simple_dx0p909_dym10p000__Lj12p0nH_Cj2p0fF__roL8p5mm__tee_fl160um_fc12_cg1p2um__rpg1p4um,4.75971213917,6.07465492096,5.310514949054718,219.69317393009035,5.782856387995313,6,fig5_cg2p5um_rpg2p5um__Lj12p0nH_Cj0p0fF__roL8p5mm__tee_fl160um_fc12,4.86782605146,6.40620544852,4.850844314466476,237.9905673388129,6.17514285459043,0.013771715215568182,0.10811391228999945,0.33155052756000014,0.45967063458824153,18.29739340872254,0.3922864665951167
Surrogate_RF,40,chip_simple_dx0p909_dym10p000__Lj12p0nH_Cj2p0fF__roL8p5mm__tee_fl160um_fc12_cg1p2um__rpg1p4um,4.75971213917,6.07465492096,5.310514949054718,219.69317393009035,5.782856387995313,7,fig5_cg2p5um_rpg2p0um__Lj12p0nH_Cj0p0fF__roL8p5mm__tee_fl160um_fc12,4.82985966256,6.3640851834,4.45615377314949,229.1245415394613,6.124821045393385,0.013777231525554153,0.0701475233899993,0.2894302624400007,0.8543611759052281,9.431367609370938,0.3419646573980719
Surrogate_RF,40,chip_simple_dx0p909_dym10p000__Lj12p0nH_Cj2p0fF__roL8p5mm__tee_fl160um_fc12_cg1p2um__rpg1p4um,4.75971213917,6.07465492096,5.310514949054718,219.69317393009035,5.782856387995313,8,fig5_cg3p0um_rpg2p5um__Lj12p0nH_Cj0p0fF__roL8p5mm__tee_fl160um_fc12,4.89777742204,6.34923094667,4.391671866830825,213.14051325530752,6.096625432754106,0.015571395411946036,0.13806528286999953,0.27457602571000006,0.9188430822238924,6.552660674782828,0.31376904475879286
Surrogate_RF,40,chip_simple_dx0p909_dym10p000__Lj12p0nH_Cj2p0fF__roL8p5mm__tee_fl160um_fc12_cg1p2um__rpg1p4um,4.75971213917,6.07465492096,5.310514949054718,219.69317393009035,5.782856387995313,9,fig5_cg3p5um_rpg1p5um__Lj12p0nH_Cj0p0fF__roL8p5mm__tee_fl160um_fc12,4.70486631048,6.33112792154,5.111963850152969,266.195772124899,6.191175501007713,0.016075769345692013,0.05484582869000043,0.25647300058000067,0.19855109890174916,46.502598194808655,0.4083191130124
Surrogate_RF,40,chip_simple_dx0p909_dym10p000__Lj12p0nH_Cj2p0fF__roL8p5mm__tee_fl160um_fc12_cg1p2um__rpg1p4um,4.75971213917,6.07465492096,5.310514949054718,219.69317393009035,5.782856387995313,10,fig5_cg3p0um_rpg2p0um__Lj12p0nH_Cj0p0fF__roL8p5mm__tee_fl160um_fc12,4.85591843529,6.44095110726,4.270610977590561,230.04663618304903,6.1997071597004,0.01620687032275573,0.0962062961199992,0.3662961863000005,1.039903971464157,10.353462252958678,0.41685077170508666
Surrogate_RF,41,chip_simple_dx0p909_dym0p909__Lj12p0nH_Cj2p0fF__roL8p5mm__tee_fl160um_fc12_cg1p2um__rpg1p4um,4.73041475635,6.13915705239,5.531350560152053,240.65162948709263,5.907224899753467,1,fig5_cg2p0um_rpg1p5um__Lj12p0nH_Cj0p0fF__roL8p5mm__tee_fl160um_fc12,4.77793609257,6.1977870086,5.346981281085967,236.19198761457903,5.968418975392394,0.0017818077737294029,0.04752133621999999,0.05862995620999989,0.18436927906608602,4.4596418725136004,0.061194075638927536
Surrogate_RF,41,chip_simple_dx0p909_dym0p909__Lj12p0nH_Cj2p0fF__roL8p5mm__tee_fl160um_fc12_cg1p2um__rpg1p4um,4.73041475635,6.13915705239,5.531350560152053,240.65162948709263,5.907224899753467,2,fig5_cg1p5um_rpg2p0um__Lj12p0nH_Cj0p0fF__roL8p5mm__tee_fl160um_fc12,4.87620084481,6.26170388145,4.99363361734581,218.7024888594067,5.970534325619533,0.0050209782229868,0.14578608845999952,0.12254682906000003,0.5377169428062434,21.94914062768592,0.06330942586606625
Surrogate_RF,41,chip_simple_dx0p909_dym0p909__Lj12p0nH_Cj2p0fF__roL8p5mm__tee_fl160um_fc12_cg1p2um__rpg1p4um,4.73041475635,6.13915705239,5.531350560152053,240.65162948709263,5.907224899753467,3,fig5_cg3p0um_rpg1p5um__Lj12p0nH_Cj0p0fF__roL8p5mm__tee_fl160um_fc12,4.80934135586,6.34266483957,4.7338018228397365,237.2002446708589,6.176728175579623,0.006265370975807688,0.07892659950999992,0.2035077871800004,0.7975487373123169,3.451384816233741,0.26950327582615596
Surrogate_RF,41,chip_simple_dx0p909_dym0p909__Lj12p0nH_Cj2p0fF__roL8p5mm__tee_fl160um_fc12_cg1p2um__rpg1p4um,4.73041475635,6.13915705239,5.531350560152053,240.65162948709263,5.907224899753467,4,fig5_cg3p5um_rpg1p5um__Lj12p0nH_Cj0p0fF__roL8p5mm__tee_fl160um_fc12,4.70486631048,6.33112792154,5.111963850152969,266.195772124899,6.191175501007713,0.009366327869415778,0.025548445870000158,0.1919708691500004,0.4193867099990847,25.544142637806374,0.2839506012542463
Surrogate_RF,41,chip_simple_dx0p909_dym0p909__Lj12p0nH_Cj2p0fF__roL8p5mm__tee_fl160um_fc12_cg1p2um__rpg1p4um,4.73041475635,6.13915705239,5.531350560152053,240.65162948709263,5.907224899753467,5,fig5_cg1p5um_rpg2p5um__Lj12p0nH_Cj0p0fF__roL8p5mm__tee_fl160um_fc12,4.93882770809,6.20515259596,4.85777295016098,196.1018444801448,5.919324796967785,0.011394939448844161,0.20841295173999974,0.0659955435699997,0.6735776099910735,44.54978500694784,0.012099897214318034
Surrogate_RF,41,chip_simple_dx0p909_dym0p909__Lj12p0nH_Cj2p0fF__roL8p5mm__tee_fl160um_fc12_cg1p2um__rpg1p4um,4.73041475635,6.13915705239,5.531350560152053,240.65162948709263,5.907224899753467,6,fig5_cg5p0um_rpg1p5um__Lj12p0nH_Cj0p0fF__roL8p5mm__tee_fl160um_fc12,4.78104020561,6.40912743907,4.688513258781433,251.19081153078065,6.311876326449141,0.01148824713053841,0.05062544926000001,0.26997038667999984,0.8428373013706203,10.539182043688015,0.40465142669567467
Surrogate_RF,41,chip_simple_dx0p909_dym0p909__Lj12p0nH_Cj2p0fF__roL8p5mm__tee_fl160um_fc12_cg1p2um__rpg1p4um,4.73041475635,6.13915705239,5.531350560152053,240.65162948709263,5.907224899753467,7,fig5_cg2p0um_rpg2p5um__Lj12p0nH_Cj0p0fF__roL8p5mm__tee_fl160um_fc12,4.88081947033,6.29200362079,4.710222612869263,215.78136757047287,6.007573423867593,0.014328054080009435,0.15040471397999955,0.15284656840000022,0.8211279472827906,24.870261916619768,0.10034852411412665
Surrogate_RF,41,chip_simple_dx0p909_dym0p909__Lj12p0nH_Cj2p0fF__roL8p5mm__tee_fl160um_fc12_cg1p2um__rpg1p4um,4.73041475635,6.13915705239,5.531350560152053,240.65162948709263,5.907224899753467,8,fig5_cg2p5um_rpg2p0um__Lj12p0nH_Cj0p0fF__roL8p5mm__tee_fl160um_fc12,4.82985966256,6.3640851834,4.45615377314949,229.1245415394613,6.124821045393385,0.016547930926555397,0.09944490620999957,0.22492813101000042,1.0751967870025636,11.527087947631344,0.21759614563991825
Surrogate_RF,41,chip_simple_dx0p909_dym0p909__Lj12p0nH_Cj2p0fF__roL8p5mm__tee_fl160um_fc12_cg1p2um__rpg1p4um,4.73041475635,6.13915705239,5.531350560152053,240.65162948709263,5.907224899753467,9,fig5_cg3p0um_rpg2p0um__Lj12p0nH_Cj0p0fF__roL8p5mm__tee_fl160um_fc12,4.85591843529,6.44095110726,4.270610977590561,230.04663618304903,6.1997071597004,0.018966726083196155,0.12550367893999947,0.3017940548700002,1.2607395825614924,10.604993304043603,0.292482259946933
Surrogate_RF,41,chip_simple_dx0p909_dym0p909__Lj12p0nH_Cj2p0fF__roL8p5mm__tee_fl160um_fc12_cg1p2um__rpg1p4um,4.73041475635,6.13915705239,5.531350560152053,240.65162948709263,5.907224899753467,10,fig5_cg2p5um_rpg2p5um__Lj12p0nH_Cj0p0fF__roL8p5mm__tee_fl160um_fc12,4.86782605146,6.40620544852,4.850844314466476,237.9905673388129,6.17514285459043,0.019361503983659028,0.13741129510999972,0.26704839612999987,0.680506245685577,2.66106214827974,0.267917954836963
Surrogate_RF,42,chip_simple_dx0p909_dy1p818__Lj12p0nH_Cj2p0fF__roL8p5mm__tee_fl160um_fc12_cg1p2um__rpg1p4um,4.72805541503,5.96254016051,6.395456623533248,229.17457992820783,5.710812142211281,1,fig5_cg1p0um_rpg2p5um__Lj12p0nH_Cj0p0fF__roL8p5mm__tee_fl160um_fc12,4.8761770008,5.99407925784,6.270368555709839,201.3919971854669,5.6148078415071,0.011514012384308043,0.14812158577000023,0.03153909733000049,0.12508806782340898,27.782582742740942,0.09600430070418042
Surrogate_RF,42,chip_simple_dx0p909_dy1p818__Lj12p0nH_Cj2p0fF__roL8p5mm__tee_fl160um_fc12_cg1p2um__rpg1p4um,4.72805541503,5.96254016051,6.395456623533248,229.17457992820783,5.710812142211281,2,fig5_cg1p5um_rpg2p0um__Lj12p0nH_Cj0p0fF__roL8p5mm__tee_fl160um_fc12,4.87620084481,6.26170388145,4.99363361734581,218.7024888594067,5.970534325619533,0.013385064538696709,0.14814542977999956,0.2991637209400002,1.4018230061874384,10.47209106880112,0.25972218340825215
Surrogate_RF,42,chip_simple_dx0p909_dy1p818__Lj12p0nH_Cj2p0fF__roL8p5mm__tee_fl160um_fc12_cg1p2um__rpg1p4um,4.72805541503,5.96254016051,6.395456623533248,229.17457992820783,5.710812142211281,3,fig5_cg2p0um_rpg1p5um__Lj12p0nH_Cj0p0fF__roL8p5mm__tee_fl160um_fc12,4.77793609257,6.1977870086,5.346981281085967,236.19198761457903,5.968418975392394,0.018372136507827663,0.04988067754000003,0.23524684809000007,1.048475342447281,7.0174076863712,0.25760683318111344
Surrogate_RF,42,chip_simple_dx0p909_dy1p818__Lj12p0nH_Cj2p0fF__roL8p5mm__tee_fl160um_fc12_cg1p2um__rpg1p4um,4.72805541503,5.96254016051,6.395456623533248,229.17457992820783,5.710812142211281,4,fig5_cg1p0um_rpg1p5um__Lj12p0nH_Cj0p0fF__roL8p5mm__tee_fl160um_fc12,4.79990762773,5.93734773014,7.211306133548736,222.8918736386996,5.66911545033236,0.023168001696144903,0.07185221269999964,0.02519243036999974,0.8158495100154877,6.282706289508241,0.04169669187892033
Surrogate_RF,42,chip_simple_dx0p909_dy1p818__Lj12p0nH_Cj2p0fF__roL8p5mm__tee_fl160um_fc12_cg1p2um__rpg1p4um,4.72805541503,5.96254016051,6.395456623533248,229.17457992820783,5.710812142211281,5,fig5_cg1p5um_rpg2p5um__Lj12p0nH_Cj0p0fF__roL8p5mm__tee_fl160um_fc12,4.93882770809,6.20515259596,4.85777295016098,196.1018444801448,5.919324796967785,0.023478314257809593,0.21077229305999978,0.24261243544999989,1.5376836733722685,33.07273544806304,0.20851265475650393
Surrogate_RF,42,chip_simple_dx0p909_dy1p818__Lj12p0nH_Cj2p0fF__roL8p5mm__tee_fl160um_fc12_cg1p2um__rpg1p4um,4.72805541503,5.96254016051,6.395456623533248,229.17457992820783,5.710812142211281,6,fig5_cg3p0um_rpg1p5um__Lj12p0nH_Cj0p0fF__roL8p5mm__tee_fl160um_fc12,4.80934135586,6.34266483957,4.7338018228397365,237.2002446708589,6.176728175579623,0.031510823734160025,0.08128594082999996,0.3801246790600006,1.661654800693512,8.02566474265106,0.46591603336834186
Surrogate_RF,42,chip_simple_dx0p909_dy1p818__Lj12p0nH_Cj2p0fF__roL8p5mm__tee_fl160um_fc12_cg1p2um__rpg1p4um,4.72805541503,5.96254016051,6.395456623533248,229.17457992820783,5.710812142211281,7,fig5_cg2p0um_rpg2p5um__Lj12p0nH_Cj0p0fF__roL8p5mm__tee_fl160um_fc12,4.88081947033,6.29200362079,4.710222612869263,215.78136757047287,6.007573423867593,0.036088142814348155,0.1527640552999996,0.3294634602800004,1.6852340106639856,13.393212357734967,0.29676128165631255
Surrogate_RF,42,chip_simple_dx0p909_dy1p818__Lj12p0nH_Cj2p0fF__roL8p5mm__tee_fl160um_fc12_cg1p2um__rpg1p4um,4.72805541503,5.96254016051,6.395456623533248,229.17457992820783,5.710812142211281,8,fig5_cg3p5um_rpg1p5um__Lj12p0nH_Cj0p0fF__roL8p5mm__tee_fl160um_fc12,4.70486631048,6.33112792154,5.111963850152969,266.195772124899,6.191175501007713,0.03861048386327624,0.023189104550000117,0.36858776103000057,1.2834927733802797,37.021192196691175,0.4803633587964322
Surrogate_RF,42,chip_simple_dx0p909_dy1p818__Lj12p0nH_Cj2p0fF__roL8p5mm__tee_fl160um_fc12_cg1p2um__rpg1p4um,4.72805541503,5.96254016051,6.395456623533248,229.17457992820783,5.710812142211281,9,fig5_cg5p0um_rpg1p5um__Lj12p0nH_Cj0p0fF__roL8p5mm__tee_fl160um_fc12,4.78104020561,6.40912743907,4.688513258781433,251.19081153078065,6.311876326449141,0.041826251583538886,0.05298479058000005,0.44658727856,1.7069433647518153,22.016231602572816,0.6010641842378606
Surrogate_RF,42,chip_simple_dx0p909_dy1p818__Lj12p0nH_Cj2p0fF__roL8p5mm__tee_fl160um_fc12_cg1p2um__rpg1p4um,4.72805541503,5.96254016051,6.395456623533248,229.17457992820783,5.710812142211281,10,fig5_cg1p5um_rpg1p0um__Lj12p0nH_Cj0p0fF__roL8p5mm__tee_fl160um_fc12,4.7605818776,6.21817087681,5.831666317903518,253.65164600383045,6.132701943451215,0.04215514534494784,0.032526462569999914,0.25563071630000067,0.5637903056297304,24.477066075622616,0.42188980123993414
Surrogate_RF,43,chip_simple_dx0p909_dy8p182__Lj12p0nH_Cj2p0fF__roL8p5mm__tee_fl160um_fc12_cg1p2um__rpg1p4um,4.68790432134,6.07605330218,6.1550839484939575,252.6847248926069,5.829326184395551,1,fig5_cg2p0um_rpg1p5um__Lj12p0nH_Cj0p0fF__roL8p5mm__tee_fl160um_fc12,4.77793609257,6.1977870086,5.346981281085967,236.19198761457903,5.968418975392394,0.013834089786952304,0.0900317712300005,0.1217337064199997,0.8081026674079901,16.492737278027874,0.1390927909968429
Surrogate_RF,43,chip_simple_dx0p909_dy8p182__Lj12p0nH_Cj2p0fF__roL8p5mm__tee_fl160um_fc12_cg1p2um__rpg1p4um,4.68790432134,6.07605330218,6.1550839484939575,252.6847248926069,5.829326184395551,2,fig5_cg1p5um_rpg2p0um__Lj12p0nH_Cj0p0fF__roL8p5mm__tee_fl160um_fc12,4.87620084481,6.26170388145,4.99363361734581,218.7024888594067,5.970534325619533,0.016398610914925782,0.18829652347000003,0.18565057926999984,1.1614503311481474,33.982236033200195,0.14120814122398162
Surrogate_RF,43,chip_simple_dx0p909_dy8p182__Lj12p0nH_Cj2p0fF__roL8p5mm__tee_fl160um_fc12_cg1p2um__rpg1p4um,4.68790432134,6.07605330218,6.1550839484939575,252.6847248926069,5.829326184395551,3,fig5_cg2p0um_rpg1p0um__Lj12p0nH_Cj0p0fF__roL8p5mm__tee_fl160um_fc12,4.67537317002,6.28144982257,6.80016774546051,305.861011614189,6.2286045622900525,0.01889288704963789,0.012531151319999267,0.2053965203899999,0.6450837969665528,53.1762867215821,0.39927837789450127
Surrogate_RF,43,chip_simple_dx0p909_dy8p182__Lj12p0nH_Cj2p0fF__roL8p5mm__tee_fl160um_fc12_cg1p2um__rpg1p4um,4.68790432134,6.07605330218,6.1550839484939575,252.6847248926069,5.829326184395551,4,fig5_cg3p0um_rpg1p5um__Lj12p0nH_Cj0p0fF__roL8p5mm__tee_fl160um_fc12,4.80934135586,6.34266483957,4.7338018228397365,237.2002446708589,6.176728175579623,0.021922349016372803,0.12143703452000043,0.2666115373900002,1.421282125654221,15.484480221748015,0.34740199118407133
Surrogate_RF,43,chip_simple_dx0p909_dy8p182__Lj12p0nH_Cj2p0fF__roL8p5mm__tee_fl160um_fc12_cg1p2um__rpg1p4um,4.68790432134,6.07605330218,6.1550839484939575,252.6847248926069,5.829326184395551,5,fig5_cg3p5um_rpg1p5um__Lj12p0nH_Cj0p0fF__roL8p5mm__tee_fl160um_fc12,4.70486631048,6.33112792154,5.111963850152969,266.195772124899,6.191175501007713,0.025020077925676065,0.016961989140000355,0.2550746193600002,1.0431200983409887,13.5110472322921,0.3618493166121617
Surrogate_RF,43,chip_simple_dx0p909_dy8p182__Lj12p0nH_Cj2p0fF__roL8p5mm__tee_fl160um_fc12_cg1p2um__rpg1p4um,4.68790432134,6.07605330218,6.1550839484939575,252.6847248926069,5.829326184395551,6,fig5_cg1p0um_rpg2p5um__Lj12p0nH_Cj0p0fF__roL8p5mm__tee_fl160um_fc12,4.8761770008,5.99407925784,6.270368555709839,201.3919971854669,5.6148078415071,0.025454978845917662,0.1882726794600007,0.08197404433999989,0.11528460721588196,51.29272770714002,0.21451834288845095
Surrogate_RF,43,chip_simple_dx0p909_dy8p182__Lj12p0nH_Cj2p0fF__roL8p5mm__tee_fl160um_fc12_cg1p2um__rpg1p4um,4.68790432134,6.07605330218,6.1550839484939575,252.6847248926069,5.829326184395551,7,fig5_cg1p5um_rpg1p0um__Lj12p0nH_Cj0p0fF__roL8p5mm__tee_fl160um_fc12,4.7605818776,6.21817087681,5.831666317903518,253.65164600383045,6.132701943451215,0.026977512487407183,0.07267755626000039,0.1421175746300003,0.3234176305904395,0.9669211112235416,0.3033757590556636
Surrogate_RF,43,chip_simple_dx0p909_dy8p182__Lj12p0nH_Cj2p0fF__roL8p5mm__tee_fl160um_fc12_cg1p2um__rpg1p4um,4.68790432134,6.07605330218,6.1550839484939575,252.6847248926069,5.829326184395551,8,fig5_cg3p0um_rpg1p0um__Lj12p0nH_Cj0p0fF__roL8p5mm__tee_fl160um_fc12,4.5918495592,6.3683346429,6.310808488025665,329.7787087605889,6.339102179225892,0.028410881774062823,0.09605476213999964,0.2922813407199998,0.1557245395317075,77.09398386798202,0.5097759948303411
Surrogate_RF,43,chip_simple_dx0p909_dy8p182__Lj12p0nH_Cj2p0fF__roL8p5mm__tee_fl160um_fc12_cg1p2um__rpg1p4um,4.68790432134,6.07605330218,6.1550839484939575,252.6847248926069,5.829326184395551,9,fig5_cg1p5um_rpg2p5um__Lj12p0nH_Cj0p0fF__roL8p5mm__tee_fl160um_fc12,4.93882770809,6.20515259596,4.85777295016098,196.1018444801448,5.919324796967785,0.02848057299045627,0.25092338675000025,0.1290992937799995,1.2973109983329776,56.58288041246212,0.0899986125722334
Surrogate_RF,43,chip_simple_dx0p909_dy8p182__Lj12p0nH_Cj2p0fF__roL8p5mm__tee_fl160um_fc12_cg1p2um__rpg1p4um,4.68790432134,6.07605330218,6.1550839484939575,252.6847248926069,5.829326184395551,10,fig5_cg5p0um_rpg1p5um__Lj12p0nH_Cj0p0fF__roL8p5mm__tee_fl160um_fc12,4.78104020561,6.40912743907,4.688513258781433,251.19081153078065,6.311876326449141,0.028931133356437898,0.09313588427000052,0.33307413688999965,1.4665706897125244,1.4939133618262588,0.48255014205359004
Surrogate_RF,44,chip_simple_dx1p818_dym7p273__Lj12p0nH_Cj2p0fF__roL8p5mm__tee_fl160um_fc12_cg1p2um__rpg1p4um,4.74666112839,6.08358454415,5.664541106372833,231.1803356314868,5.849984420391888,1,fig5_cg1p5um_rpg2p0um__Lj12p0nH_Cj0p0fF__roL8p5mm__tee_fl160um_fc12,4.87620084481,6.26170388145,4.99363361734581,218.7024888594067,5.970534325619533,0.002728682238609506,0.12953971641999917,0.17811933730000007,0.670907489027023,12.477846772080085,0.1205499052276453
Surrogate_RF,44,chip_simple_dx1p818_dym7p273__Lj12p0nH_Cj2p0fF__roL8p5mm__tee_fl160um_fc12_cg1p2um__rpg1p4um,4.74666112839,6.08358454415,5.664541106372833,231.1803356314868,5.849984420391888,2,fig5_cg2p0um_rpg1p5um__Lj12p0nH_Cj0p0fF__roL8p5mm__tee_fl160um_fc12,4.77793609257,6.1977870086,5.346981281085967,236.19198761457903,5.968418975392394,0.0031886915368525047,0.03127496417999964,0.11420246444999993,0.31755982528686566,5.011651983092236,0.11843455500050659
Surrogate_RF,44,chip_simple_dx1p818_dym7p273__Lj12p0nH_Cj2p0fF__roL8p5mm__tee_fl160um_fc12_cg1p2um__rpg1p4um,4.74666112839,6.08358454415,5.664541106372833,231.1803356314868,5.849984420391888,3,fig5_cg1p5um_rpg2p5um__Lj12p0nH_Cj0p0fF__roL8p5mm__tee_fl160um_fc12,4.93882770809,6.20515259596,4.85777295016098,196.1018444801448,5.919324796967785,0.008780619104600434,0.1921665796999994,0.12156805180999974,0.8067681562118532,35.07849115134201,0.06934037657589709
Surrogate_RF,44,chip_simple_dx1p818_dym7p273__Lj12p0nH_Cj2p0fF__roL8p5mm__tee_fl160um_fc12_cg1p2um__rpg1p4um,4.74666112839,6.08358454415,5.664541106372833,231.1803356314868,5.849984420391888,4,fig5_cg3p0um_rpg1p5um__Lj12p0nH_Cj0p0fF__roL8p5mm__tee_fl160um_fc12,4.80934135586,6.34266483957,4.7338018228397365,237.2002446708589,6.176728175579623,0.010482782146588737,0.06268022746999957,0.25908029542000044,0.9307392835330965,6.019909039372095,0.326743755187735
Surrogate_RF,44,chip_simple_dx1p818_dym7p273__Lj12p0nH_Cj2p0fF__roL8p5mm__tee_fl160um_fc12_cg1p2um__rpg1p4um,4.74666112839,6.08358454415,5.664541106372833,231.1803356314868,5.849984420391888,5,fig5_cg2p0um_rpg2p5um__Lj12p0nH_Cj0p0fF__roL8p5mm__tee_fl160um_fc12,4.88081947033,6.29200362079,4.710222612869263,215.78136757047287,6.007573423867593,0.014628150428133644,0.1341583419399992,0.20841907664000026,0.9543184935035702,15.398968061013932,0.1575890034757057
Surrogate_RF,44,chip_simple_dx1p818_dym7p273__Lj12p0nH_Cj2p0fF__roL8p5mm__tee_fl160um_fc12_cg1p2um__rpg1p4um,4.74666112839,6.08358454415,5.664541106372833,231.1803356314868,5.849984420391888,6,fig5_cg1p0um_rpg2p5um__Lj12p0nH_Cj0p0fF__roL8p5mm__tee_fl160um_fc12,4.8761770008,5.99407925784,6.270368555709839,201.3919971854669,5.6148078415071,0.014913274768645795,0.12951587240999984,0.08950528630999965,0.6058274493370064,29.788338446019907,0.23517657888478727
Surrogate_RF,44,chip_simple_dx1p818_dym7p273__Lj12p0nH_Cj2p0fF__roL8p5mm__tee_fl160um_fc12_cg1p2um__rpg1p4um,4.74666112839,6.08358454415,5.664541106372833,231.1803356314868,5.849984420391888,7,fig5_cg3p5um_rpg1p5um__Lj12p0nH_Cj0p0fF__roL8p5mm__tee_fl160um_fc12,4.70486631048,6.33112792154,5.111963850152969,266.195772124899,6.191175501007713,0.015501117902294062,0.041794817910000504,0.24754337739000043,0.5525772562198643,35.01543649341221,0.34119108061582537
Surrogate_RF,44,chip_simple_dx1p818_dym7p273__Lj12p0nH_Cj2p0fF__roL8p5mm__tee_fl160um_fc12_cg1p2um__rpg1p4um,4.74666112839,6.08358454415,5.664541106372833,231.1803356314868,5.849984420391888,8,fig5_cg5p0um_rpg1p5um__Lj12p0nH_Cj0p0fF__roL8p5mm__tee_fl160um_fc12,4.78104020561,6.40912743907,4.688513258781433,251.19081153078065,6.311876326449141,0.017497558740769546,0.034379077219999665,0.3255428949199999,0.9760278475913999,20.01047589929385,0.4618919060572537
Surrogate_RF,44,chip_simple_dx1p818_dym7p273__Lj12p0nH_Cj2p0fF__roL8p5mm__tee_fl160um_fc12_cg1p2um__rpg1p4um,4.74666112839,6.08358454415,5.664541106372833,231.1803356314868,5.849984420391888,9,fig5_cg2p5um_rpg2p0um__Lj12p0nH_Cj0p0fF__roL8p5mm__tee_fl160um_fc12,4.82985966256,6.3640851834,4.45615377314949,229.1245415394613,6.124821045393385,0.02022684765736907,0.08319853416999923,0.28050063925000046,1.2083873332233432,2.055794092025508,0.2748366250014973
Surrogate_RF,44,chip_simple_dx1p818_dym7p273__Lj12p0nH_Cj2p0fF__roL8p5mm__tee_fl160um_fc12_cg1p2um__rpg1p4um,4.74666112839,6.08358454415,5.664541106372833,231.1803356314868,5.849984420391888,10,fig5_cg2p5um_rpg2p5um__Lj12p0nH_Cj0p0fF__roL8p5mm__tee_fl160um_fc12,4.86782605146,6.40620544852,4.850844314466476,237.9905673388129,6.17514285459043,0.022068939549656597,0.12116492306999938,0.3226209043699999,0.8136967919063567,6.810231707326096,0.32515843419854207
Surrogate_RF,45,chip_simple_dx1p818_dy3p636__Lj12p0nH_Cj2p0fF__roL8p5mm__tee_fl160um_fc12_cg1p2um__rpg1p4um,4.7147704111,6.16119909555,5.562345516431808,248.05193508888928,5.9861451046852325,1,fig5_cg2p0um_rpg1p5um__Lj12p0nH_Cj0p0fF__roL8p5mm__tee_fl160um_fc12,4.77793609257,6.1977870086,5.346981281085967,236.19198761457903,5.968418975392394,0.0030541730589157493,0.06316568147000012,0.036587913049999976,0.2153642353458407,11.859947474310246,0.017726129292838344
Surrogate_RF,45,chip_simple_dx1p818_dy3p636__Lj12p0nH_Cj2p0fF__roL8p5mm__tee_fl160um_fc12_cg1p2um__rpg1p4um,4.7147704111,6.16119909555,5.562345516431808,248.05193508888928,5.9861451046852325,2,fig5_cg3p0um_rpg1p5um__Lj12p0nH_Cj0p0fF__roL8p5mm__tee_fl160um_fc12,4.80934135586,6.34266483957,4.7338018228397365,237.2002446708589,6.176728175579623,0.006628053277540046,0.09457094476000005,0.18146574402000049,0.8285436935920716,10.851690418030387,0.19058307089439008
Surrogate_RF,45,chip_simple_dx1p818_dy3p636__Lj12p0nH_Cj2p0fF__roL8p5mm__tee_fl160um_fc12_cg1p2um__rpg1p4um,4.7147704111,6.16119909555,5.562345516431808,248.05193508888928,5.9861451046852325,3,fig5_cg1p5um_rpg2p0um__Lj12p0nH_Cj0p0fF__roL8p5mm__tee_fl160um_fc12,4.87620084481,6.26170388145,4.99363361734581,218.7024888594067,5.970534325619533,0.008181579166388384,0.16143043370999965,0.10050478590000012,0.5687118990859981,29.349446229482567,0.015610779065699631
Surrogate_RF,45,chip_simple_dx1p818_dy3p636__Lj12p0nH_Cj2p0fF__roL8p5mm__tee_fl160um_fc12_cg1p2um__rpg1p4um,4.7147704111,6.16119909555,5.562345516431808,248.05193508888928,5.9861451046852325,4,fig5_cg3p5um_rpg1p5um__Lj12p0nH_Cj0p0fF__roL8p5mm__tee_fl160um_fc12,4.70486631048,6.33112792154,5.111963850152969,266.195772124899,6.191175501007713,0.008687156450850468,0.009904100620000023,0.16992882599000048,0.45038166627883935,18.143837036009728,0.20503039632248043
Surrogate_RF,45,chip_simple_dx1p818_dy3p636__Lj12p0nH_Cj2p0fF__roL8p5mm__tee_fl160um_fc12_cg1p2um__rpg1p4um,4.7147704111,6.16119909555,5.562345516431808,248.05193508888928,5.9861451046852325,5,fig5_cg5p0um_rpg1p5um__Lj12p0nH_Cj0p0fF__roL8p5mm__tee_fl160um_fc12,4.78104020561,6.40912743907,4.688513258781433,251.19081153078065,6.311876326449141,0.011200857103254167,0.06626979451000015,0.24792834351999993,0.873832257650375,3.1388764418913695,0.3257312217639088
Surrogate_RF,45,chip_simple_dx1p818_dy3p636__Lj12p0nH_Cj2p0fF__roL8p5mm__tee_fl160um_fc12_cg1p2um__rpg1p4um,4.7147704111,6.16119909555,5.562345516431808,248.05193508888928,5.9861451046852325,6,fig5_cg1p5um_rpg2p5um__Lj12p0nH_Cj0p0fF__roL8p5mm__tee_fl160um_fc12,4.93882770809,6.20515259596,4.85777295016098,196.1018444801448,5.919324796967785,0.015778595748418587,0.22405729698999988,0.04395350040999979,0.7045725662708282,51.95009060874449,0.06682030771744785
Surrogate_RF,45,chip_simple_dx1p818_dy3p636__Lj12p0nH_Cj2p0fF__roL8p5mm__tee_fl160um_fc12_cg1p2um__rpg1p4um,4.7147704111,6.16119909555,5.562345516431808,248.05193508888928,5.9861451046852325,7,fig5_cg2p0um_rpg2p5um__Lj12p0nH_Cj0p0fF__roL8p5mm__tee_fl160um_fc12,4.88081947033,6.29200362079,4.710222612869263,215.78136757047287,6.007573423867593,0.017927920551075505,0.16604905922999968,0.1308045252400003,0.8521229035625453,32.270567518416414,0.021428319182360767
Surrogate_RF,45,chip_simple_dx1p818_dy3p636__Lj12p0nH_Cj2p0fF__roL8p5mm__tee_fl160um_fc12_cg1p2um__rpg1p4um,4.7147704111,6.16119909555,5.562345516431808,248.05193508888928,5.9861451046852325,8,fig5_cg2p5um_rpg2p0um__Lj12p0nH_Cj0p0fF__roL8p5mm__tee_fl160um_fc12,4.82985966256,6.3640851834,4.45615377314949,229.1245415394613,6.124821045393385,0.01837025367417709,0.11508925145999971,0.2028860878500005,1.1061917432823183,18.92739354942799,0.13867594070815237
Surrogate_RF,45,chip_simple_dx1p818_dy3p636__Lj12p0nH_Cj2p0fF__roL8p5mm__tee_fl160um_fc12_cg1p2um__rpg1p4um,4.7147704111,6.16119909555,5.562345516431808,248.05193508888928,5.9861451046852325,9,fig5_cg3p0um_rpg2p0um__Lj12p0nH_Cj0p0fF__roL8p5mm__tee_fl160um_fc12,4.85591843529,6.44095110726,4.270610977590561,230.04663618304903,6.1997071597004,0.020703428111254266,0.1411480241899996,0.2797520117100003,1.2917345388412471,18.00529890584025,0.21356205501516712
Surrogate_RF,45,chip_simple_dx1p818_dy3p636__Lj12p0nH_Cj2p0fF__roL8p5mm__tee_fl160um_fc12_cg1p2um__rpg1p4um,4.7147704111,6.16119909555,5.562345516431808,248.05193508888928,5.9861451046852325,10,fig5_cg2p5um_rpg2p5um__Lj12p0nH_Cj0p0fF__roL8p5mm__tee_fl160um_fc12,4.86782605146,6.40620544852,4.850844314466476,237.9905673388129,6.17514285459043,0.021975355004225303,0.15305564035999986,0.24500635296999995,0.7115012019653317,10.061367750076386,0.18899774990519713
Surrogate_RF,46,chip_simple_dx1p818_dy5p455__Lj12p0nH_Cj2p0fF__roL8p5mm__tee_fl160um_fc12_cg1p2um__rpg1p4um,4.76504494824,6.06753025245,5.516957339994431,221.8716816785297,5.805015849622223,1,fig5_cg1p5um_rpg2p0um__Lj12p0nH_Cj0p0fF__roL8p5mm__tee_fl160um_fc12,4.87620084481,6.26170388145,4.99363361734581,218.7024888594067,5.970534325619533,0.0009616546188027895,0.11115589656999969,0.1941736289999998,0.5233237226486214,3.1691928191229977,0.16551847599730962
Surrogate_RF,46,chip_simple_dx1p818_dy5p455__Lj12p0nH_Cj2p0fF__roL8p5mm__tee_fl160um_fc12_cg1p2um__rpg1p4um,4.76504494824,6.06753025245,5.516957339994431,221.8716816785297,5.805015849622223,2,fig5_cg2p0um_rpg1p5um__Lj12p0nH_Cj0p0fF__roL8p5mm__tee_fl160um_fc12,4.77793609257,6.1977870086,5.346981281085967,236.19198761457903,5.968418975392394,0.0037369677146582517,0.01289114433000016,0.13025675614999965,0.169976058908464,14.320305936049323,0.1634031257701709
Surrogate_RF,46,chip_simple_dx1p818_dy5p455__Lj12p0nH_Cj2p0fF__roL8p5mm__tee_fl160um_fc12_cg1p2um__rpg1p4um,4.76504494824,6.06753025245,5.516957339994431,221.8716816785297,5.805015849622223,3,fig5_cg1p5um_rpg2p5um__Lj12p0nH_Cj0p0fF__roL8p5mm__tee_fl160um_fc12,4.93882770809,6.20515259596,4.85777295016098,196.1018444801448,5.919324796967785,0.004222158164009086,0.1737827598499999,0.13762234350999947,0.6591843898334515,25.76983719838492,0.1143089473455614
Surrogate_RF,46,chip_simple_dx1p818_dy5p455__Lj12p0nH_Cj2p0fF__roL8p5mm__tee_fl160um_fc12_cg1p2um__rpg1p4um,4.76504494824,6.06753025245,5.516957339994431,221.8716816785297,5.805015849622223,4,fig5_cg2p0um_rpg2p5um__Lj12p0nH_Cj0p0fF__roL8p5mm__tee_fl160um_fc12,4.88081947033,6.29200362079,4.710222612869263,215.78136757047287,6.007573423867593,0.0101019812881842,0.11577452208999972,0.22447336833999998,0.8067347271251686,6.090314108056845,0.20255757424537002
Surrogate_RF,46,chip_simple_dx1p818_dy5p455__Lj12p0nH_Cj2p0fF__roL8p5mm__tee_fl160um_fc12_cg1p2um__rpg1p4um,4.76504494824,6.06753025245,5.516957339994431,221.8716816785297,5.805015849622223,5,fig5_cg3p0um_rpg1p5um__Lj12p0nH_Cj0p0fF__roL8p5mm__tee_fl160um_fc12,4.80934135586,6.34266483957,4.7338018228397365,237.2002446708589,6.176728175579623,0.011433980682294358,0.04429640762000009,0.27513458712000016,0.7831555171546949,15.328562992329182,0.37171232595739934
Surrogate_RF,46,chip_simple_dx1p818_dy5p455__Lj12p0nH_Cj2p0fF__roL8p5mm__tee_fl160um_fc12_cg1p2um__rpg1p4um,4.76504494824,6.06753025245,5.516957339994431,221.8716816785297,5.805015849622223,6,fig5_cg1p0um_rpg2p5um__Lj12p0nH_Cj0p0fF__roL8p5mm__tee_fl160um_fc12,4.8761770008,5.99407925784,6.270368555709839,201.3919971854669,5.6148078415071,0.012849131330468113,0.11113205256000036,0.07345099460999993,0.753411215715408,20.47968449306282,0.19020800811512295
Surrogate_RF,46,chip_simple_dx1p818_dy5p455__Lj12p0nH_Cj2p0fF__roL8p5mm__tee_fl160um_fc12_cg1p2um__rpg1p4um,4.76504494824,6.06753025245,5.516957339994431,221.8716816785297,5.805015849622223,7,fig5_cg3p5um_rpg1p5um__Lj12p0nH_Cj0p0fF__roL8p5mm__tee_fl160um_fc12,4.70486631048,6.33112792154,5.111963850152969,266.195772124899,6.191175501007713,0.017801171138858405,0.06017863775999999,0.26359766909000015,0.40499348984146266,44.3240904463693,0.3861596513854897
Surrogate_RF,46,chip_simple_dx1p818_dy5p455__Lj12p0nH_Cj2p0fF__roL8p5mm__tee_fl160um_fc12_cg1p2um__rpg1p4um,4.76504494824,6.06753025245,5.516957339994431,221.8716816785297,5.805015849622223,8,fig5_cg2p5um_rpg2p0um__Lj12p0nH_Cj0p0fF__roL8p5mm__tee_fl160um_fc12,4.82985966256,6.3640851834,4.45615377314949,229.1245415394613,6.124821045393385,0.01787859257979347,0.06481471431999974,0.2965549309500002,1.0608035668449416,7.252859860931579,0.3198051957711616
Surrogate_RF,46,chip_simple_dx1p818_dy5p455__Lj12p0nH_Cj2p0fF__roL8p5mm__tee_fl160um_fc12_cg1p2um__rpg1p4um,4.76504494824,6.06753025245,5.516957339994431,221.8716816785297,5.805015849622223,9,fig5_cg2p5um_rpg2p5um__Lj12p0nH_Cj0p0fF__roL8p5mm__tee_fl160um_fc12,4.86782605146,6.40620544852,4.850844314466476,237.9905673388129,6.17514285459043,0.018362142867494335,0.10278110321999989,0.33867519606999963,0.666113025527955,16.118885660283183,0.3701270049682064
Surrogate_RF,46,chip_simple_dx1p818_dy5p455__Lj12p0nH_Cj2p0fF__roL8p5mm__tee_fl160um_fc12_cg1p2um__rpg1p4um,4.76504494824,6.06753025245,5.516957339994431,221.8716816785297,5.805015849622223,10,fig5_cg5p0um_rpg1p5um__Lj12p0nH_Cj0p0fF__roL8p5mm__tee_fl160um_fc12,4.78104020561,6.40912743907,4.688513258781433,251.19081153078065,6.311876326449141,0.018899694323411743,0.015995257370000182,0.3415971866199996,0.8284440812129983,29.31912985225094,0.506860476826918
Surrogate_RF,47,chip_simple_dx2p727_dym10p000__Lj12p0nH_Cj2p0fF__roL8p5mm__tee_fl160um_fc12_cg1p2um__rpg1p4um,4.74229331487,6.15078958492,5.620493009893417,241.95026076677843,5.9601362593327005,1,fig5_cg2p0um_rpg1p5um__Lj12p0nH_Cj0p0fF__roL8p5mm__tee_fl160um_fc12,4.77793609257,6.1977870086,5.346981281085967,236.19198761457903,5.968418975392394,0.00240269855216475,0.035642777699999684,0.046997423679999706,0.27351172880745,5.7582731521993935,0.008282716059693662
Surrogate_RF,47,chip_simple_dx2p727_dym10p000__Lj12p0nH_Cj2p0fF__roL8p5mm__tee_fl160um_fc12_cg1p2um__rpg1p4um,4.74229331487,6.15078958492,5.620493009893417,241.95026076677843,5.9601362593327005,2,fig5_cg1p5um_rpg2p0um__Lj12p0nH_Cj0p0fF__roL8p5mm__tee_fl160um_fc12,4.87620084481,6.26170388145,4.99363361734581,218.7024888594067,5.970534325619533,0.00557605252185473,0.13390752993999921,0.11091429652999985,0.6268593925476074,23.247771907371714,0.010398066286832375
Surrogate_RF,47,chip_simple_dx2p727_dym10p000__Lj12p0nH_Cj2p0fF__roL8p5mm__tee_fl160um_fc12_cg1p2um__rpg1p4um,4.74229331487,6.15078958492,5.620493009893417,241.95026076677843,5.9601362593327005,3,fig5_cg3p0um_rpg1p5um__Lj12p0nH_Cj0p0fF__roL8p5mm__tee_fl160um_fc12,4.80934135586,6.34266483957,4.7338018228397365,237.2002446708589,6.176728175579623,0.00731843290346919,0.06704804098999961,0.19187525465000022,0.8866911870536809,4.750016095919534,0.2165919162469221
Surrogate_RF,47,chip_simple_dx2p727_dym10p000__Lj12p0nH_Cj2p0fF__roL8p5mm__tee_fl160um_fc12_cg1p2um__rpg1p4um,4.74229331487,6.15078958492,5.620493009893417,241.95026076677843,5.9601362593327005,4,fig5_cg3p5um_rpg1p5um__Lj12p0nH_Cj0p0fF__roL8p5mm__tee_fl160um_fc12,4.70486631048,6.33112792154,5.111963850152969,266.195772124899,6.191175501007713,0.010378422598982449,0.03742700439000046,0.1803383366200002,0.5085291597404487,24.24551135812058,0.23103924167501244
Surrogate_RF,47,chip_simple_dx2p727_dym10p000__Lj12p0nH_Cj2p0fF__roL8p5mm__tee_fl160um_fc12_cg1p2um__rpg1p4um,4.74229331487,6.15078958492,5.620493009893417,241.95026076677843,5.9601362593327005,5,fig5_cg5p0um_rpg1p5um__Lj12p0nH_Cj0p0fF__roL8p5mm__tee_fl160um_fc12,4.78104020561,6.40912743907,4.688513258781433,251.19081153078065,6.311876326449141,0.01278270080305946,0.038746890739999706,0.25833785414999966,0.9319797511119843,9.240550764002222,0.3517400671164408
Surrogate_RF,47,chip_simple_dx2p727_dym10p000__Lj12p0nH_Cj2p0fF__roL8p5mm__tee_fl160um_fc12_cg1p2um__rpg1p4um,4.74229331487,6.15078958492,5.620493009893417,241.95026076677843,5.9601362593327005,6,fig5_cg1p5um_rpg2p5um__Lj12p0nH_Cj0p0fF__roL8p5mm__tee_fl160um_fc12,4.93882770809,6.20515259596,4.85777295016098,196.1018444801448,5.919324796967785,0.012809495068722768,0.19653439321999944,0.05436301103999952,0.7627200597324375,45.848416286633636,0.04081146236491584
Surrogate_RF,47,chip_simple_dx2p727_dym10p000__Lj12p0nH_Cj2p0fF__roL8p5mm__tee_fl160um_fc12_cg1p2um__rpg1p4um,4.74229331487,6.15078958492,5.620493009893417,241.95026076677843,5.9601362593327005,7,fig5_cg2p0um_rpg2p5um__Lj12p0nH_Cj0p0fF__roL8p5mm__tee_fl160um_fc12,4.88081947033,6.29200362079,4.710222612869263,215.78136757047287,6.007573423867593,0.016300298721800673,0.13852615545999925,0.14121403587000003,0.9102703970241546,26.16889319630556,0.04743716453489277
Surrogate_RF,47,chip_simple_dx2p727_dym10p000__Lj12p0nH_Cj2p0fF__roL8p5mm__tee_fl160um_fc12_cg1p2um__rpg1p4um,4.74229331487,6.15078958492,5.620493009893417,241.95026076677843,5.9601362593327005,8,fig5_cg2p5um_rpg2p0um__Lj12p0nH_Cj0p0fF__roL8p5mm__tee_fl160um_fc12,4.82985966256,6.3640851834,4.45615377314949,229.1245415394613,6.124821045393385,0.018495797945823345,0.08756634768999927,0.21329559848000024,1.1643392367439276,12.825719227317137,0.16468478606068437
Surrogate_RF,47,chip_simple_dx2p727_dym10p000__Lj12p0nH_Cj2p0fF__roL8p5mm__tee_fl160um_fc12_cg1p2um__rpg1p4um,4.74229331487,6.15078958492,5.620493009893417,241.95026076677843,5.9601362593327005,9,fig5_cg3p0um_rpg2p0um__Lj12p0nH_Cj0p0fF__roL8p5mm__tee_fl160um_fc12,4.85591843529,6.44095110726,4.270610977590561,230.04663618304903,6.1997071597004,0.021004827200732944,0.11362512041999917,0.29016152234000003,1.3498820323028564,11.903624583729396,0.23957090036769912
Surrogate_RF,47,chip_simple_dx2p727_dym10p000__Lj12p0nH_Cj2p0fF__roL8p5mm__tee_fl160um_fc12_cg1p2um__rpg1p4um,4.74229331487,6.15078958492,5.620493009893417,241.95026076677843,5.9601362593327005,10,fig5_cg2p5um_rpg2p5um__Lj12p0nH_Cj0p0fF__roL8p5mm__tee_fl160um_fc12,4.86782605146,6.40620544852,4.850844314466476,237.9905673388129,6.17514285459043,0.021496740151962297,0.12553273658999942,0.2554158635999997,0.769648695426941,3.959693427965533,0.21500659525772914
Surrogate_RF,48,chip_simple_dx3p636_dym5p455__Lj12p0nH_Cj2p0fF__roL8p5mm__tee_fl160um_fc12_cg1p2um__rpg1p4um,4.63197173575,6.19329916872,6.540510196891784,294.34437514212726,6.010793791569966,1,fig5_cg2p0um_rpg1p0um__Lj12p0nH_Cj0p0fF__roL8p5mm__tee_fl160um_fc12,4.67537317002,6.28144982257,6.80016774546051,305.861011614189,6.2286045622900525,0.0010814192917432334,0.04340143427000065,0.08815065384999965,0.25965754856872625,11.516636472061748,0.21781077072008692
Surrogate_RF,48,chip_simple_dx3p636_dym5p455__Lj12p0nH_Cj2p0fF__roL8p5mm__tee_fl160um_fc12_cg1p2um__rpg1p4um,4.63197173575,6.19329916872,6.540510196891784,294.34437514212726,6.010793791569966,2,fig5_cg3p0um_rpg1p0um__Lj12p0nH_Cj0p0fF__roL8p5mm__tee_fl160um_fc12,4.5918495592,6.3683346429,6.310808488025665,329.7787087605889,6.339102179225892,0.0052993670169499945,0.04012217654999972,0.17503547417999954,0.22970170886611907,35.434333618461665,0.32830838765592674
Surrogate_RF,48,chip_simple_dx3p636_dym5p455__Lj12p0nH_Cj2p0fF__roL8p5mm__tee_fl160um_fc12_cg1p2um__rpg1p4um,4.63197173575,6.19329916872,6.540510196891784,294.34437514212726,6.010793791569966,3,fig5_cg3p5um_rpg1p0um__Lj12p0nH_Cj0p0fF__roL8p5mm__tee_fl160um_fc12,4.65151549232,6.42206990109,5.782993409578324,310.4906595751157,6.336782825594393,0.007318156301167459,0.01954375657000007,0.22877073237000012,0.7575167873134596,16.146284432988466,0.3259890340244276
Surrogate_RF,48,chip_simple_dx3p636_dym5p455__Lj12p0nH_Cj2p0fF__roL8p5mm__tee_fl160um_fc12_cg1p2um__rpg1p4um,4.63197173575,6.19329916872,6.540510196891784,294.34437514212726,6.010793791569966,4,fig5_cg1p5um_rpg1p0um__Lj12p0nH_Cj0p0fF__roL8p5mm__tee_fl160um_fc12,4.7605818776,6.21817087681,5.831666317903518,253.65164600383045,6.132701943451215,0.008362381236556346,0.1286101418500003,0.024871708090000055,0.7088438789882661,40.69272913829681,0.12190815188124926
Surrogate_RF,48,chip_simple_dx3p636_dym5p455__Lj12p0nH_Cj2p0fF__roL8p5mm__tee_fl160um_fc12_cg1p2um__rpg1p4um,4.63197173575,6.19329916872,6.540510196891784,294.34437514212726,6.010793791569966,5,fig5_cg4p5um_rpg1p0um__Lj12p0nH_Cj0p0fF__roL8p5mm__tee_fl160um_fc12,4.66547453942,6.44365646453,5.568490972890854,305.09213979648246,6.526420054379522,0.009921693459310101,0.03350280367000025,0.25035729580999977,0.9720192240009302,10.747764654355194,0.5156262628095565
Surrogate_RF,48,chip_simple_dx3p636_dym5p455__Lj12p0nH_Cj2p0fF__roL8p5mm__tee_fl160um_fc12_cg1p2um__rpg1p4um,4.63197173575,6.19329916872,6.540510196891784,294.34437514212726,6.010793791569966,6,fig5_cg5p0um_rpg1p0um__Lj12p0nH_Cj0p0fF__roL8p5mm__tee_fl160um_fc12,4.67009412056,6.40368347107,5.386180753400803,292.5653068578806,6.313414733179575,0.009921693459310101,0.0381223848100003,0.2103843023499996,1.1543294434909814,1.779068284246648,0.30262094160960906
Surrogate_RF,48,chip_simple_dx3p636_dym5p455__Lj12p0nH_Cj2p0fF__roL8p5mm__tee_fl160um_fc12_cg1p2um__rpg1p4um,4.63197173575,6.19329916872,6.540510196891784,294.34437514212726,6.010793791569966,7,fig5_cg4p5um_rpg0p5um__Lj12p0nH_Cj0p0fF__roL8p5mm__tee_fl160um_fc12,4.51249644149,6.35090511355,6.372151983530045,348.6053033569676,6.370880057120116,0.017561264440319968,0.11947529425999992,0.15760594482999934,0.1683582133617394,54.26092821484036,0.36008626555015066
Surrogate_RF,48,chip_simple_dx3p636_dym5p455__Lj12p0nH_Cj2p0fF__roL8p5mm__tee_fl160um_fc12_cg1p2um__rpg1p4um,4.63197173575,6.19329916872,6.540510196891784,294.34437514212726,6.010793791569966,8,fig5_cg5p0um_rpg0p5um__Lj12p0nH_Cj0p0fF__roL8p5mm__tee_fl160um_fc12,4.54852290045,6.34578466778,6.117417553102493,331.8522825685193,6.365348751829195,0.017561264440319968,0.08344883529999958,0.15248549905999997,0.4230926437892908,37.50790742639202,0.3545549602592297
Surrogate_RF,48,chip_simple_dx3p636_dym5p455__Lj12p0nH_Cj2p0fF__roL8p5mm__tee_fl160um_fc12_cg1p2um__rpg1p4um,4.63197173575,6.19329916872,6.540510196891784,294.34437514212726,6.010793791569966,9,fig5_cg2p5um_rpg0p5um__Lj12p0nH_Cj0p0fF__roL8p5mm__tee_fl160um_fc12,4.54592211662,6.38743350129,6.768334062421799,357.27924141069707,6.438170117514996,0.020779922185407473,0.08604961912999975,0.19413433257,0.22782386553001466,62.934866268569806,0.4273763259450307
Surrogate_RF,48,chip_simple_dx3p636_dym5p455__Lj12p0nH_Cj2p0fF__roL8p5mm__tee_fl160um_fc12_cg1p2um__rpg1p4um,4.63197173575,6.19329916872,6.540510196891784,294.34437514212726,6.010793791569966,10,fig5_cg4p0um_rpg0p5um__Lj12p0nH_Cj0p0fF__roL8p5mm__tee_fl160um_fc12,4.52155001594,6.39443554908,6.552557450353622,359.2700242399351,6.454069012219757,0.021085954876737277,0.11042171980999971,0.20113638035999948,0.012047253461838103,64.92564909780782,0.44327522064979163
Surrogate_RF,49,chip_simple_dx4p545_dym9p091__Lj12p0nH_Cj2p0fF__roL8p5mm__tee_fl160um_fc12_cg1p2um__rpg1p4um,4.69845603184,6.03996782339,6.099931291072846,243.1226746857453,5.71065108426744,1,fig5_cg2p0um_rpg1p5um__Lj12p0nH_Cj0p0fF__roL8p5mm__tee_fl160um_fc12,4.77793609257,6.1977870086,5.346981281085967,236.19198761457903,5.968418975392394,0.011974250451399774,0.07948006072999991,0.15781918521000016,0.7529500099868782,6.930687071166261,0.2577678911249546
Surrogate_RF,49,chip_simple_dx4p545_dym9p091__Lj12p0nH_Cj2p0fF__roL8p5mm__tee_fl160um_fc12_cg1p2um__rpg1p4um,4.69845603184,6.03996782339,6.099931291072846,243.1226746857453,5.71065108426744,2,fig5_cg1p5um_rpg2p0um__Lj12p0nH_Cj0p0fF__roL8p5mm__tee_fl160um_fc12,4.87620084481,6.26170388145,4.99363361734581,218.7024888594067,5.970534325619533,0.012117916147772759,0.17774481296999944,0.2217360580600003,1.1062976737270356,24.42018582633858,0.2598832413520933
Surrogate_RF,49,chip_simple_dx4p545_dym9p091__Lj12p0nH_Cj2p0fF__roL8p5mm__tee_fl160um_fc12_cg1p2um__rpg1p4um,4.69845603184,6.03996782339,6.099931291072846,243.1226746857453,5.71065108426744,3,fig5_cg1p0um_rpg2p5um__Lj12p0nH_Cj0p0fF__roL8p5mm__tee_fl160um_fc12,4.8761770008,5.99407925784,6.270368555709839,201.3919971854669,5.6148078415071,0.01891260360593609,0.17772096896000011,0.04588856554999943,0.17043726463699382,41.730677500278404,0.09584324276033929
Surrogate_RF,49,chip_simple_dx4p545_dym9p091__Lj12p0nH_Cj2p0fF__roL8p5mm__tee_fl160um_fc12_cg1p2um__rpg1p4um,4.69845603184,6.03996782339,6.099931291072846,243.1226746857453,5.71065108426744,4,fig5_cg3p0um_rpg1p5um__Lj12p0nH_Cj0p0fF__roL8p5mm__tee_fl160um_fc12,4.80934135586,6.34266483957,4.7338018228397365,237.2002446708589,6.176728175579623,0.021332025047769723,0.11088532401999984,0.30269701618000067,1.366129468233109,5.922430014886402,0.466077091312183
Surrogate_RF,49,chip_simple_dx4p545_dym9p091__Lj12p0nH_Cj2p0fF__roL8p5mm__tee_fl160um_fc12_cg1p2um__rpg1p4um,4.69845603184,6.03996782339,6.099931291072846,243.1226746857453,5.71065108426744,5,fig5_cg1p5um_rpg2p5um__Lj12p0nH_Cj0p0fF__roL8p5mm__tee_fl160um_fc12,4.93882770809,6.20515259596,4.85777295016098,196.1018444801448,5.919324796967785,0.02274281302231908,0.24037167624999967,0.16518477256999997,1.2421583409118657,47.020830205600504,0.20867371270034507
Surrogate_RF,49,chip_simple_dx4p545_dym9p091__Lj12p0nH_Cj2p0fF__roL8p5mm__tee_fl160um_fc12_cg1p2um__rpg1p4um,4.69845603184,6.03996782339,6.099931291072846,243.1226746857453,5.71065108426744,6,fig5_cg3p5um_rpg1p5um__Lj12p0nH_Cj0p0fF__roL8p5mm__tee_fl160um_fc12,4.70486631048,6.33112792154,5.111963850152969,266.195772124899,6.191175501007713,0.025775047524627014,0.006410278639999767,0.29116009815000066,0.9879674409198769,23.073097439153713,0.48052441674027335
Surrogate_RF,49,chip_simple_dx4p545_dym9p091__Lj12p0nH_Cj2p0fF__roL8p5mm__tee_fl160um_fc12_cg1p2um__rpg1p4um,4.69845603184,6.03996782339,6.099931291072846,243.1226746857453,5.71065108426744,7,fig5_cg5p0um_rpg1p5um__Lj12p0nH_Cj0p0fF__roL8p5mm__tee_fl160um_fc12,4.78104020561,6.40912743907,4.688513258781433,251.19081153078065,6.311876326449141,0.029215560664004308,0.08258417376999994,0.3691596156800001,1.4114180322914125,8.068136845035355,0.6012252421817017
Surrogate_RF,49,chip_simple_dx4p545_dym9p091__Lj12p0nH_Cj2p0fF__roL8p5mm__tee_fl160um_fc12_cg1p2um__rpg1p4um,4.69845603184,6.03996782339,6.099931291072846,243.1226746857453,5.71065108426744,8,fig5_cg2p0um_rpg1p0um__Lj12p0nH_Cj0p0fF__roL8p5mm__tee_fl160um_fc12,4.67537317002,6.28144982257,6.80016774546051,305.861011614189,6.2286045622900525,0.03043300681281177,0.023082861819999856,0.24148199918000035,0.7002364543876647,62.738336928443715,0.5179534780226129
Surrogate_RF,49,chip_simple_dx4p545_dym9p091__Lj12p0nH_Cj2p0fF__roL8p5mm__tee_fl160um_fc12_cg1p2um__rpg1p4um,4.69845603184,6.03996782339,6.099931291072846,243.1226746857453,5.71065108426744,9,fig5_cg2p0um_rpg2p5um__Lj12p0nH_Cj0p0fF__roL8p5mm__tee_fl160um_fc12,4.88081947033,6.29200362079,4.710222612869263,215.78136757047287,6.007573423867593,0.03147796274040667,0.18236343848999947,0.2520357974000005,1.3897086782035828,27.34130711527243,0.2969223396001537
Surrogate_RF,49,chip_simple_dx4p545_dym9p091__Lj12p0nH_Cj2p0fF__roL8p5mm__tee_fl160um_fc12_cg1p2um__rpg1p4um,4.69845603184,6.03996782339,6.099931291072846,243.1226746857453,5.71065108426744,10,fig5_cg2p5um_rpg2p0um__Lj12p0nH_Cj0p0fF__roL8p5mm__tee_fl160um_fc12,4.82985966256,6.3640851834,4.45615377314949,229.1245415394613,6.124821045393385,0.036540614333337204,0.1314036307199995,0.3241173600100007,1.6437775179233558,13.998133146284005,0.4141699611259453
Surrogate_RF,50,chip_simple_dx4p545_dym4p545__Lj12p0nH_Cj2p0fF__roL8p5mm__tee_fl160um_fc12_cg1p2um__rpg1p4um,4.67643617071,6.11785108748,6.043482551631927,259.952537892804,5.857168214888497,1,fig5_cg2p0um_rpg1p5um__Lj12p0nH_Cj0p0fF__roL8p5mm__tee_fl160um_fc12,4.77793609257,6.1977870086,5.346981281085967,236.19198761457903,5.968418975392394,0.013666180682731231,0.10149992186000034,0.0799359211199997,0.6965012705459594,23.76055027822497,0.11125076050389726
Surrogate_RF,50,chip_simple_dx4p545_dym4p545__Lj12p0nH_Cj2p0fF__roL8p5mm__tee_fl160um_fc12_cg1p2um__rpg1p4um,4.67643617071,6.11785108748,6.043482551631927,259.952537892804,5.857168214888497,2,fig5_cg2p0um_rpg1p0um__Lj12p0nH_Cj0p0fF__roL8p5mm__tee_fl160um_fc12,4.67537317002,6.28144982257,6.80016774546051,305.861011614189,6.2286045622900525,0.014251552403401353,0.001063000689999427,0.1635987350899999,0.7566851938285835,45.90847372138501,0.3714363474015556
Surrogate_RF,50,chip_simple_dx4p545_dym4p545__Lj12p0nH_Cj2p0fF__roL8p5mm__tee_fl160um_fc12_cg1p2um__rpg1p4um,4.67643617071,6.11785108748,6.043482551631927,259.952537892804,5.857168214888497,3,fig5_cg1p5um_rpg2p0um__Lj12p0nH_Cj0p0fF__roL8p5mm__tee_fl160um_fc12,4.87620084481,6.26170388145,4.99363361734581,218.7024888594067,5.970534325619533,0.01831060599390699,0.19976467409999987,0.14385279396999984,1.0498489342861168,41.25004903339729,0.11336611073103597
Surrogate_RF,50,chip_simple_dx4p545_dym4p545__Lj12p0nH_Cj2p0fF__roL8p5mm__tee_fl160um_fc12_cg1p2um__rpg1p4um,4.67643617071,6.11785108748,6.043482551631927,259.952537892804,5.857168214888497,4,fig5_cg3p0um_rpg1p5um__Lj12p0nH_Cj0p0fF__roL8p5mm__tee_fl160um_fc12,4.80934135586,6.34266483957,4.7338018228397365,237.2002446708589,6.176728175579623,0.020137646858746527,0.13290518515000027,0.2248137520900002,1.3096807287921903,22.75229322194511,0.3195599606911257
Surrogate_RF,50,chip_simple_dx4p545_dym4p545__Lj12p0nH_Cj2p0fF__roL8p5mm__tee_fl160um_fc12_cg1p2um__rpg1p4um,4.67643617071,6.11785108748,6.043482551631927,259.952537892804,5.857168214888497,5,fig5_cg3p0um_rpg1p0um__Lj12p0nH_Cj0p0fF__roL8p5mm__tee_fl160um_fc12,4.5918495592,6.3683346429,6.310808488025665,329.7787087605889,6.339102179225892,0.02065138305712895,0.0845866115099998,0.2504835554199998,0.26732593639373814,69.82617086778492,0.48193396433739544
Surrogate_RF,50,chip_simple_dx4p545_dym4p545__Lj12p0nH_Cj2p0fF__roL8p5mm__tee_fl160um_fc12_cg1p2um__rpg1p4um,4.67643617071,6.11785108748,6.043482551631927,259.952537892804,5.857168214888497,6,fig5_cg4p5um_rpg1p0um__Lj12p0nH_Cj0p0fF__roL8p5mm__tee_fl160um_fc12,4.66547453942,6.44365646453,5.568490972890854,305.09213979648246,6.526420054379522,0.021132292566027566,0.01096163128999983,0.32580537705,0.474991578741073,45.139601903678454,0.6692518394910252
Surrogate_RF,50,chip_simple_dx4p545_dym4p545__Lj12p0nH_Cj2p0fF__roL8p5mm__tee_fl160um_fc12_cg1p2um__rpg1p4um,4.67643617071,6.11785108748,6.043482551631927,259.952537892804,5.857168214888497,7,fig5_cg5p0um_rpg1p0um__Lj12p0nH_Cj0p0fF__roL8p5mm__tee_fl160um_fc12,4.67009412056,6.40368347107,5.386180753400803,292.5653068578806,6.313414733179575,0.021132292566027566,0.006342050149999778,0.28583238358999985,0.6573017982311242,32.61276896507661,0.45624651829107776
Surrogate_RF,50,chip_simple_dx4p545_dym4p545__Lj12p0nH_Cj2p0fF__roL8p5mm__tee_fl160um_fc12_cg1p2um__rpg1p4um,4.67643617071,6.11785108748,6.043482551631927,259.952537892804,5.857168214888497,8,fig5_cg3p5um_rpg1p5um__Lj12p0nH_Cj0p0fF__roL8p5mm__tee_fl160um_fc12,4.70486631048,6.33112792154,5.111963850152969,266.195772124899,6.191175501007713,0.02214822465408435,0.028430139770000196,0.2132768340600002,0.9315187014789581,6.243234232095006,0.33400728611921604
Surrogate_RF,50,chip_simple_dx4p545_dym4p545__Lj12p0nH_Cj2p0fF__roL8p5mm__tee_fl160um_fc12_cg1p2um__rpg1p4um,4.67643617071,6.11785108748,6.043482551631927,259.952537892804,5.857168214888497,9,fig5_cg3p5um_rpg1p0um__Lj12p0nH_Cj0p0fF__roL8p5mm__tee_fl160um_fc12,4.65151549232,6.42206990109,5.782993409578324,310.4906595751157,6.336782825594393,0.02221199645164238,0.024920678390000006,0.30421881361000036,0.2604891420536024,50.538121682311726,0.4796146107058963
Surrogate_RF,50,chip_simple_dx4p545_dym4p545__Lj12p0nH_Cj2p0fF__roL8p5mm__tee_fl160um_fc12_cg1p2um__rpg1p4um,4.67643617071,6.11785108748,6.043482551631927,259.952537892804,5.857168214888497,10,fig5_cg5p0um_rpg1p5um__Lj12p0nH_Cj0p0fF__roL8p5mm__tee_fl160um_fc12,4.78104020561,6.40912743907,4.688513258781433,251.19081153078065,6.311876326449141,0.02612133006048422,0.10460403490000036,0.29127635158999965,1.3549692928504937,8.761726362023353,0.4547081115606444
Surrogate_RF,51,chip_simple_dx4p545_dym3p636__Lj12p0nH_Cj2p0fF__roL8p5mm__tee_fl160um_fc12_cg1p2um__rpg1p4um,4.75526161807,6.06820241703,5.393554075391769,221.40091609806976,5.765231944176255,1,fig5_cg1p5um_rpg2p0um__Lj12p0nH_Cj0p0fF__roL8p5mm__tee_fl160um_fc12,4.87620084481,6.26170388145,4.99363361734581,218.7024888594067,5.970534325619533,0.0013692715025631719,0.12093922674000002,0.1935014644199997,0.3999204580459592,2.6984272386630437,0.2053023814432775
Surrogate_RF,51,chip_simple_dx4p545_dym3p636__Lj12p0nH_Cj2p0fF__roL8p5mm__tee_fl160um_fc12_cg1p2um__rpg1p4um,4.75526161807,6.06820241703,5.393554075391769,221.40091609806976,5.765231944176255,2,fig5_cg1p5um_rpg2p5um__Lj12p0nH_Cj0p0fF__roL8p5mm__tee_fl160um_fc12,4.93882770809,6.20515259596,4.85777295016098,196.1018444801448,5.919324796967785,0.0034715120122994726,0.18356609002000024,0.1369501789299994,0.5357811252307894,25.299071617924966,0.1540928527915293
Surrogate_RF,51,chip_simple_dx4p545_dym3p636__Lj12p0nH_Cj2p0fF__roL8p5mm__tee_fl160um_fc12_cg1p2um__rpg1p4um,4.75526161807,6.06820241703,5.393554075391769,221.40091609806976,5.765231944176255,3,fig5_cg2p0um_rpg1p5um__Lj12p0nH_Cj0p0fF__roL8p5mm__tee_fl160um_fc12,4.77793609257,6.1977870086,5.346981281085967,236.19198761457903,5.968418975392394,0.003603297064689522,0.022674474500000485,0.12958459156999957,0.04657279430580186,14.791071516509277,0.2031870312161388
Surrogate_RF,51,chip_simple_dx4p545_dym3p636__Lj12p0nH_Cj2p0fF__roL8p5mm__tee_fl160um_fc12_cg1p2um__rpg1p4um,4.75526161807,6.06820241703,5.393554075391769,221.40091609806976,5.765231944176255,4,fig5_cg2p0um_rpg2p5um__Lj12p0nH_Cj0p0fF__roL8p5mm__tee_fl160um_fc12,4.88081947033,6.29200362079,4.710222612869263,215.78136757047287,6.007573423867593,0.008168881331184302,0.12555785226000005,0.2238012037599999,0.6833314625225064,5.619548527596891,0.2423414796913379
Surrogate_RF,51,chip_simple_dx4p545_dym3p636__Lj12p0nH_Cj2p0fF__roL8p5mm__tee_fl160um_fc12_cg1p2um__rpg1p4um,4.75526161807,6.06820241703,5.393554075391769,221.40091609806976,5.765231944176255,5,fig5_cg3p0um_rpg1p5um__Lj12p0nH_Cj0p0fF__roL8p5mm__tee_fl160um_fc12,4.80934135586,6.34266483957,4.7338018228397365,237.2002446708589,6.176728175579623,0.010318223841990362,0.054079737790000415,0.2744624225400001,0.6597522525520327,15.799328572789136,0.4114962314033672
Surrogate_RF,51,chip_simple_dx4p545_dym3p636__Lj12p0nH_Cj2p0fF__roL8p5mm__tee_fl160um_fc12_cg1p2um__rpg1p4um,4.75526161807,6.06820241703,5.393554075391769,221.40091609806976,5.765231944176255,6,fig5_cg2p5um_rpg2p0um__Lj12p0nH_Cj0p0fF__roL8p5mm__tee_fl160um_fc12,4.82985966256,6.3640851834,4.45615377314949,229.1245415394613,6.124821045393385,0.015532230516317528,0.07459804449000007,0.2958827663700001,0.9374003022422794,7.723625441391533,0.3595891012171295
Surrogate_RF,51,chip_simple_dx4p545_dym3p636__Lj12p0nH_Cj2p0fF__roL8p5mm__tee_fl160um_fc12_cg1p2um__rpg1p4um,4.75526161807,6.06820241703,5.393554075391769,221.40091609806976,5.765231944176255,7,fig5_cg2p5um_rpg2p5um__Lj12p0nH_Cj0p0fF__roL8p5mm__tee_fl160um_fc12,4.86782605146,6.40620544852,4.850844314466476,237.9905673388129,6.17514285459043,0.015847724954471225,0.11256443339000022,0.33800303148999955,0.5427097609252929,16.589651240743137,0.40991091041417427
Surrogate_RF,51,chip_simple_dx4p545_dym3p636__Lj12p0nH_Cj2p0fF__roL8p5mm__tee_fl160um_fc12_cg1p2um__rpg1p4um,4.75526161807,6.06820241703,5.393554075391769,221.40091609806976,5.765231944176255,8,fig5_cg1p0um_rpg2p5um__Lj12p0nH_Cj0p0fF__roL8p5mm__tee_fl160um_fc12,4.8761770008,5.99407925784,6.270368555709839,201.3919971854669,5.6148078415071,0.0158598995298133,0.12091538273000069,0.07412315919000001,0.8768144803180702,20.008918912602866,0.15042410266915507
Surrogate_RF,51,chip_simple_dx4p545_dym3p636__Lj12p0nH_Cj2p0fF__roL8p5mm__tee_fl160um_fc12_cg1p2um__rpg1p4um,4.75526161807,6.06820241703,5.393554075391769,221.40091609806976,5.765231944176255,9,fig5_cg3p5um_rpg1p5um__Lj12p0nH_Cj0p0fF__roL8p5mm__tee_fl160um_fc12,4.70486631048,6.33112792154,5.111963850152969,266.195772124899,6.191175501007713,0.016492890219458333,0.05039530758999966,0.2629255045100001,0.2815902252388005,44.79485602682925,0.42594355683145757
Surrogate_RF,51,chip_simple_dx4p545_dym3p636__Lj12p0nH_Cj2p0fF__roL8p5mm__tee_fl160um_fc12_cg1p2um__rpg1p4um,4.75526161807,6.06820241703,5.393554075391769,221.40091609806976,5.765231944176255,10,fig5_cg5p0um_rpg1p5um__Lj12p0nH_Cj0p0fF__roL8p5mm__tee_fl160um_fc12,4.78104020561,6.40912743907,4.688513258781433,251.19081153078065,6.311876326449141,0.01721918338787433,0.025778587540000508,0.3409250220399995,0.7050408166103361,29.789895432710892,0.5466443822728859
Surrogate_RF,52,chip_simple_dx5p455_dym7p273__Lj12p0nH_Cj2p0fF__roL8p5mm__tee_fl160um_fc12_cg1p2um__rpg1p4um,4.77651693144,6.01267430814,5.288875754322052,206.53408976781333,5.687153108335405,1,fig5_cg1p5um_rpg2p5um__Lj12p0nH_Cj0p0fF__roL8p5mm__tee_fl160um_fc12,4.93882770809,6.20515259596,4.85777295016098,196.1018444801448,5.919324796967785,0.002154400185057386,0.16231077665000004,0.19247828781999932,0.43110280416107205,10.432245287668536,0.2321716886323797
Surrogate_RF,52,chip_simple_dx5p455_dym7p273__Lj12p0nH_Cj2p0fF__roL8p5mm__tee_fl160um_fc12_cg1p2um__rpg1p4um,4.77651693144,6.01267430814,5.288875754322052,206.53408976781333,5.687153108335405,2,fig5_cg1p5um_rpg2p0um__Lj12p0nH_Cj0p0fF__roL8p5mm__tee_fl160um_fc12,4.87620084481,6.26170388145,4.99363361734581,218.7024888594067,5.970534325619533,0.0042439087219224994,0.09968391336999982,0.24902957330999964,0.2952421369762419,12.168399091593386,0.2833812172841279
Surrogate_RF,52,chip_simple_dx5p455_dym7p273__Lj12p0nH_Cj2p0fF__roL8p5mm__tee_fl160um_fc12_cg1p2um__rpg1p4um,4.77651693144,6.01267430814,5.288875754322052,206.53408976781333,5.687153108335405,3,fig5_cg2p0um_rpg2p5um__Lj12p0nH_Cj0p0fF__roL8p5mm__tee_fl160um_fc12,4.88081947033,6.29200362079,4.710222612869263,215.78136757047287,6.007573423867593,0.008734619337157901,0.10430253888999985,0.27932931264999983,0.5786531414527891,9.24727780265954,0.3204203155321883
Surrogate_RF,52,chip_simple_dx5p455_dym7p273__Lj12p0nH_Cj2p0fF__roL8p5mm__tee_fl160um_fc12_cg1p2um__rpg1p4um,4.77651693144,6.01267430814,5.288875754322052,206.53408976781333,5.687153108335405,4,fig5_cg2p0um_rpg1p5um__Lj12p0nH_Cj0p0fF__roL8p5mm__tee_fl160um_fc12,4.77793609257,6.1977870086,5.346981281085967,236.19198761457903,5.968418975392394,0.012092628324023112,0.0014191611300002904,0.1851127004599995,0.05810552676391545,29.657897846765707,0.2812658670569892
Surrogate_RF,52,chip_simple_dx5p455_dym7p273__Lj12p0nH_Cj2p0fF__roL8p5mm__tee_fl160um_fc12_cg1p2um__rpg1p4um,4.77651693144,6.01267430814,5.288875754322052,206.53408976781333,5.687153108335405,5,fig5_cg1p0um_rpg2p5um__Lj12p0nH_Cj0p0fF__roL8p5mm__tee_fl160um_fc12,4.8761770008,5.99407925784,6.270368555709839,201.3919971854669,5.6148078415071,0.01427314862643236,0.09966006936000049,0.018595050300000082,0.9814928013877875,5.142092582346436,0.07234526682830467
Surrogate_RF,52,chip_simple_dx5p455_dym7p273__Lj12p0nH_Cj2p0fF__roL8p5mm__tee_fl160um_fc12_cg1p2um__rpg1p4um,4.77651693144,6.01267430814,5.288875754322052,206.53408976781333,5.687153108335405,6,fig5_cg2p5um_rpg2p5um__Lj12p0nH_Cj0p0fF__roL8p5mm__tee_fl160um_fc12,4.86782605146,6.40620544852,4.850844314466476,237.9905673388129,6.17514285459043,0.0190849812683296,0.09130912002000002,0.3935311403799995,0.4380314398555756,31.456477570999567,0.48798974625502467
Surrogate_RF,52,chip_simple_dx5p455_dym7p273__Lj12p0nH_Cj2p0fF__roL8p5mm__tee_fl160um_fc12_cg1p2um__rpg1p4um,4.77651693144,6.01267430814,5.288875754322052,206.53408976781333,5.687153108335405,7,fig5_cg3p0um_rpg2p5um__Lj12p0nH_Cj0p0fF__roL8p5mm__tee_fl160um_fc12,4.89777742204,6.34923094667,4.391671866830825,213.14051325530752,6.096625432754106,0.020665333945699416,0.1212604906000001,0.3365566385299994,0.8972038874912265,6.606423487494197,0.40947232441870085
Surrogate_RF,52,chip_simple_dx5p455_dym7p273__Lj12p0nH_Cj2p0fF__roL8p5mm__tee_fl160um_fc12_cg1p2um__rpg1p4um,4.77651693144,6.01267430814,5.288875754322052,206.53408976781333,5.687153108335405,8,fig5_cg3p0um_rpg1p5um__Lj12p0nH_Cj0p0fF__roL8p5mm__tee_fl160um_fc12,4.80934135586,6.34266483957,4.7338018228397365,237.2002446708589,6.176728175579623,0.02112201335868973,0.03282442442000022,0.32999053143,0.5550739314823154,30.666154903045566,0.4895750672442176
Surrogate_RF,52,chip_simple_dx5p455_dym7p273__Lj12p0nH_Cj2p0fF__roL8p5mm__tee_fl160um_fc12_cg1p2um__rpg1p4um,4.77651693144,6.01267430814,5.288875754322052,206.53408976781333,5.687153108335405,9,fig5_cg2p5um_rpg2p0um__Lj12p0nH_Cj0p0fF__roL8p5mm__tee_fl160um_fc12,4.82985966256,6.3640851834,4.45615377314949,229.1245415394613,6.124821045393385,0.02130211202519941,0.053342731119999875,0.35141087526000003,0.8327219811725621,22.590451771647963,0.4376679370579799
Surrogate_RF,52,chip_simple_dx5p455_dym7p273__Lj12p0nH_Cj2p0fF__roL8p5mm__tee_fl160um_fc12_cg1p2um__rpg1p4um,4.77651693144,6.01267430814,5.288875754322052,206.53408976781333,5.687153108335405,10,fig5_cg1p5um_rpg3p0um__Lj12p0nH_Cj0p0fF__roL8p5mm__tee_fl160um_fc12,4.93361547524,6.17501216383,4.052527205030441,175.89357788253568,5.703326979965164,0.02242266851970613,0.1570985438000001,0.1623378556899997,1.2363485492916109,30.640511885277647,0.016173871629758807
Surrogate_RF,53,chip_simple_dx5p455_dym1p818__Lj12p0nH_Cj2p0fF__roL8p5mm__tee_fl160um_fc12_cg1p2um__rpg1p4um,4.68773821557,6.16915297771,5.944327746189117,263.86610641901024,6.004178125569785,1,fig5_cg2p0um_rpg1p0um__Lj12p0nH_Cj0p0fF__roL8p5mm__tee_fl160um_fc12,4.67537317002,6.28144982257,6.80016774546051,305.861011614189,6.2286045622900525,0.011755868943757367,0.012365045549999287,0.11229684486000036,0.8558399992713932,41.994905195178774,0.2244264367202673
Surrogate_RF,53,chip_simple_dx5p455_dym1p818__Lj12p0nH_Cj2p0fF__roL8p5mm__tee_fl160um_fc12_cg1p2um__rpg1p4um,4.68773821557,6.16915297771,5.944327746189117,263.86610641901024,6.004178125569785,2,fig5_cg2p0um_rpg1p5um__Lj12p0nH_Cj0p0fF__roL8p5mm__tee_fl160um_fc12,4.77793609257,6.1977870086,5.346981281085967,236.19198761457903,5.968418975392394,0.012660158729756512,0.09019787700000048,0.02863403089000016,0.5973464651031497,27.674118804431203,0.035759150177391064
Surrogate_RF,53,chip_simple_dx5p455_dym1p818__Lj12p0nH_Cj2p0fF__roL8p5mm__tee_fl160um_fc12_cg1p2um__rpg1p4um,4.68773821557,6.16915297771,5.944327746189117,263.86610641901024,6.004178125569785,3,fig5_cg4p5um_rpg1p0um__Lj12p0nH_Cj0p0fF__roL8p5mm__tee_fl160um_fc12,4.66547453942,6.44365646453,5.568490972890854,305.09213979648246,6.526420054379522,0.015155839851187519,0.02226367614999969,0.2745034868200005,0.37583677329826326,41.22603337747222,0.5222419288097369
Surrogate_RF,53,chip_simple_dx5p455_dym1p818__Lj12p0nH_Cj2p0fF__roL8p5mm__tee_fl160um_fc12_cg1p2um__rpg1p4um,4.68773821557,6.16915297771,5.944327746189117,263.86610641901024,6.004178125569785,4,fig5_cg5p0um_rpg1p0um__Lj12p0nH_Cj0p0fF__roL8p5mm__tee_fl160um_fc12,4.67009412056,6.40368347107,5.386180753400803,292.5653068578806,6.313414733179575,0.015155839851187519,0.01764409500999964,0.23453049336000031,0.5581469927883145,28.699200438870378,0.30923660760978944
Surrogate_RF,53,chip_simple_dx5p455_dym1p818__Lj12p0nH_Cj2p0fF__roL8p5mm__tee_fl160um_fc12_cg1p2um__rpg1p4um,4.68773821557,6.16915297771,5.944327746189117,263.86610641901024,6.004178125569785,5,fig5_cg3p0um_rpg1p0um__Lj12p0nH_Cj0p0fF__roL8p5mm__tee_fl160um_fc12,4.5918495592,6.3683346429,6.310808488025665,329.7787087605889,6.339102179225892,0.015643108618397485,0.09588865636999966,0.19918166519000025,0.3664807418365479,65.91260234157869,0.3349240536561071
Surrogate_RF,53,chip_simple_dx5p455_dym1p818__Lj12p0nH_Cj2p0fF__roL8p5mm__tee_fl160um_fc12_cg1p2um__rpg1p4um,4.68773821557,6.16915297771,5.944327746189117,263.86610641901024,6.004178125569785,6,fig5_cg3p5um_rpg1p0um__Lj12p0nH_Cj0p0fF__roL8p5mm__tee_fl160um_fc12,4.65151549232,6.42206990109,5.782993409578324,310.4906595751157,6.336782825594393,0.01659527711172951,0.036222723249999866,0.2529169233800008,0.16133433661079266,46.62455315610549,0.33260470002460796
Surrogate_RF,53,chip_simple_dx5p455_dym1p818__Lj12p0nH_Cj2p0fF__roL8p5mm__tee_fl160um_fc12_cg1p2um__rpg1p4um,4.68773821557,6.16915297771,5.944327746189117,263.86610641901024,6.004178125569785,7,fig5_cg3p0um_rpg1p5um__Lj12p0nH_Cj0p0fF__roL8p5mm__tee_fl160um_fc12,4.80934135586,6.34266483957,4.7338018228397365,237.2002446708589,6.176728175579623,0.017538960908023586,0.12160314029000041,0.17351186186000067,1.2105259233493806,26.665861748151343,0.17255005000983736
Surrogate_RF,53,chip_simple_dx5p455_dym1p818__Lj12p0nH_Cj2p0fF__roL8p5mm__tee_fl160um_fc12_cg1p2um__rpg1p4um,4.68773821557,6.16915297771,5.944327746189117,263.86610641901024,6.004178125569785,8,fig5_cg3p5um_rpg1p5um__Lj12p0nH_Cj0p0fF__roL8p5mm__tee_fl160um_fc12,4.70486631048,6.33112792154,5.111963850152969,266.195772124899,6.191175501007713,0.018684826154370712,0.017128094910000335,0.16197494383000066,0.8323638960361484,2.3296657058887718,0.18699737543792772
Surrogate_RF,53,chip_simple_dx5p455_dym1p818__Lj12p0nH_Cj2p0fF__roL8p5mm__tee_fl160um_fc12_cg1p2um__rpg1p4um,4.68773821557,6.16915297771,5.944327746189117,263.86610641901024,6.004178125569785,9,fig5_cg1p5um_rpg2p0um__Lj12p0nH_Cj0p0fF__roL8p5mm__tee_fl160um_fc12,4.87620084481,6.26170388145,4.99363361734581,218.7024888594067,5.970534325619533,0.018970354212424902,0.18846262924,0.0925509037400003,0.9506941288433071,45.16361755960352,0.03364379995025235
Surrogate_RF,53,chip_simple_dx5p455_dym1p818__Lj12p0nH_Cj2p0fF__roL8p5mm__tee_fl160um_fc12_cg1p2um__rpg1p4um,4.68773821557,6.16915297771,5.944327746189117,263.86610641901024,6.004178125569785,10,fig5_cg5p0um_rpg1p5um__Lj12p0nH_Cj0p0fF__roL8p5mm__tee_fl160um_fc12,4.78104020561,6.40912743907,4.688513258781433,251.19081153078065,6.311876326449141,0.022598109196254216,0.0933019900400005,0.2399744613600001,1.255814487407684,12.675294888229587,0.30769820087935607
Surrogate_RF,54,chip_simple_dx5p455_dy0p000__Lj12p0nH_Cj2p0fF__roL8p5mm__tee_fl160um_fc12_cg1p2um__rpg1p4um,4.79890317521,6.10186659077,5.400852404905319,218.1340294431616,5.86911477125879,1,fig5_cg1p5um_rpg2p0um__Lj12p0nH_Cj0p0fF__roL8p5mm__tee_fl160um_fc12,4.87620084481,6.26170388145,4.99363361734581,218.7024888594067,5.970534325619533,0.0005048333861523732,0.07729766959999917,0.15983729067999963,0.4072187875595086,0.5684594162451049,0.10141955436074301
Surrogate_RF,54,chip_simple_dx5p455_dy0p000__Lj12p0nH_Cj2p0fF__roL8p5mm__tee_fl160um_fc12_cg1p2um__rpg1p4um,4.79890317521,6.10186659077,5.400852404905319,218.1340294431616,5.86911477125879,2,fig5_cg1p5um_rpg2p5um__Lj12p0nH_Cj0p0fF__roL8p5mm__tee_fl160um_fc12,4.93882770809,6.20515259596,4.85777295016098,196.1018444801448,5.919324796967785,0.0019516775729912794,0.1399245328799994,0.10328600518999931,0.5430794547443387,22.032184963016817,0.0502100257089948
Surrogate_RF,54,chip_simple_dx5p455_dy0p000__Lj12p0nH_Cj2p0fF__roL8p5mm__tee_fl160um_fc12_cg1p2um__rpg1p4um,4.79890317521,6.10186659077,5.400852404905319,218.1340294431616,5.86911477125879,3,fig5_cg2p0um_rpg1p5um__Lj12p0nH_Cj0p0fF__roL8p5mm__tee_fl160um_fc12,4.77793609257,6.1977870086,5.346981281085967,236.19198761457903,5.968418975392394,0.0036623462384101193,0.020967082640000356,0.0959204178299995,0.05387112381935122,18.057958171417425,0.0993042041336043
Surrogate_RF,54,chip_simple_dx5p455_dy0p000__Lj12p0nH_Cj2p0fF__roL8p5mm__tee_fl160um_fc12_cg1p2um__rpg1p4um,4.79890317521,6.10186659077,5.400852404905319,218.1340294431616,5.86911477125879,4,fig5_cg2p0um_rpg2p5um__Lj12p0nH_Cj0p0fF__roL8p5mm__tee_fl160um_fc12,4.88081947033,6.29200362079,4.710222612869263,215.78136757047287,6.007573423867593,0.00673982923976829,0.0819162951199992,0.19013703001999982,0.6906297920360558,2.352661872688742,0.1384586526088034
Surrogate_RF,54,chip_simple_dx5p455_dy0p000__Lj12p0nH_Cj2p0fF__roL8p5mm__tee_fl160um_fc12_cg1p2um__rpg1p4um,4.79890317521,6.10186659077,5.400852404905319,218.1340294431616,5.86911477125879,5,fig5_cg3p0um_rpg1p5um__Lj12p0nH_Cj0p0fF__roL8p5mm__tee_fl160um_fc12,4.80934135586,6.34266483957,4.7338018228397365,237.2002446708589,6.176728175579623,0.010601619224528746,0.010438180649999573,0.2407982488,0.6670505820655821,19.066215227697285,0.30761340432083273
Surrogate_RF,54,chip_simple_dx5p455_dy0p000__Lj12p0nH_Cj2p0fF__roL8p5mm__tee_fl160um_fc12_cg1p2um__rpg1p4um,4.79890317521,6.10186659077,5.400852404905319,218.1340294431616,5.86911477125879,6,fig5_cg1p0um_rpg2p5um__Lj12p0nH_Cj0p0fF__roL8p5mm__tee_fl160um_fc12,4.8761770008,5.99407925784,6.270368555709839,201.3919971854669,5.6148078415071,0.014220120325248232,0.07727382558999984,0.10778733293000009,0.8695161508045208,16.742032257694717,0.25430692975168956
Surrogate_RF,54,chip_simple_dx5p455_dy0p000__Lj12p0nH_Cj2p0fF__roL8p5mm__tee_fl160um_fc12_cg1p2um__rpg1p4um,4.79890317521,6.10186659077,5.400852404905319,218.1340294431616,5.86911477125879,7,fig5_cg2p5um_rpg2p5um__Lj12p0nH_Cj0p0fF__roL8p5mm__tee_fl160um_fc12,4.86782605146,6.40620544852,4.850844314466476,237.9905673388129,6.17514285459043,0.014590553980697437,0.06892287624999938,0.30433885774999947,0.5500080904388422,19.856537895651286,0.3060280833316398
Surrogate_RF,54,chip_simple_dx5p455_dy0p000__Lj12p0nH_Cj2p0fF__roL8p5mm__tee_fl160um_fc12_cg1p2um__rpg1p4um,4.79890317521,6.10186659077,5.400852404905319,218.1340294431616,5.86911477125879,8,fig5_cg2p5um_rpg2p0um__Lj12p0nH_Cj0p0fF__roL8p5mm__tee_fl160um_fc12,4.82985966256,6.3640851834,4.45615377314949,229.1245415394613,6.124821045393385,0.01480206607674032,0.03095648734999923,0.26221859263,0.9446986317558288,10.990512096299682,0.255706274134595
Surrogate_RF,54,chip_simple_dx5p455_dy0p000__Lj12p0nH_Cj2p0fF__roL8p5mm__tee_fl160um_fc12_cg1p2um__rpg1p4um,4.79890317521,6.10186659077,5.400852404905319,218.1340294431616,5.86911477125879,9,fig5_cg3p0um_rpg2p5um__Lj12p0nH_Cj0p0fF__roL8p5mm__tee_fl160um_fc12,4.89777742204,6.34923094667,4.391671866830825,213.14051325530752,6.096625432754106,0.01648933327475772,0.09887424682999946,0.2473643558999994,1.0091805380744931,4.993516187854084,0.22751066149531596
Surrogate_RF,54,chip_simple_dx5p455_dy0p000__Lj12p0nH_Cj2p0fF__roL8p5mm__tee_fl160um_fc12_cg1p2um__rpg1p4um,4.79890317521,6.10186659077,5.400852404905319,218.1340294431616,5.86911477125879,10,fig5_cg3p5um_rpg1p5um__Lj12p0nH_Cj0p0fF__roL8p5mm__tee_fl160um_fc12,4.70486631048,6.33112792154,5.111963850152969,266.195772124899,6.191175501007713,0.017231662638281672,0.0940368647300005,0.22926133077,0.28888855475234987,48.0617426817374,0.3220607297489231
Surrogate_RF,55,chip_simple_dx5p455_dy4p545__Lj12p0nH_Cj2p0fF__roL8p5mm__tee_fl160um_fc12_cg1p2um__rpg1p4um,4.76042805272,6.00426702014,5.580280214124679,214.12067118012288,5.701672548172258,1,fig5_cg1p5um_rpg2p0um__Lj12p0nH_Cj0p0fF__roL8p5mm__tee_fl160um_fc12,4.87620084481,6.26170388145,4.99363361734581,218.7024888594067,5.970534325619533,0.0021513661920002326,0.11577279208999958,0.25743686130999954,0.586646596778869,4.58181767928383,0.2688617774472748
Surrogate_RF,55,chip_simple_dx5p455_dy4p545__Lj12p0nH_Cj2p0fF__roL8p5mm__tee_fl160um_fc12_cg1p2um__rpg1p4um,4.76042805272,6.00426702014,5.580280214124679,214.12067118012288,5.701672548172258,2,fig5_cg1p5um_rpg2p5um__Lj12p0nH_Cj0p0fF__roL8p5mm__tee_fl160um_fc12,4.93882770809,6.20515259596,4.85777295016098,196.1018444801448,5.919324796967785,0.004429320683024241,0.1783996553699998,0.20088557581999922,0.7225072639636991,18.018826699978092,0.21765224879552658
Surrogate_RF,55,chip_simple_dx5p455_dy4p545__Lj12p0nH_Cj2p0fF__roL8p5mm__tee_fl160um_fc12_cg1p2um__rpg1p4um,4.76042805272,6.00426702014,5.580280214124679,214.12067118012288,5.701672548172258,3,fig5_cg1p0um_rpg2p5um__Lj12p0nH_Cj0p0fF__roL8p5mm__tee_fl160um_fc12,4.8761770008,5.99407925784,6.270368555709839,201.3919971854669,5.6148078415071,0.008591985169626467,0.11574894808000025,0.01018776230000018,0.6900883415851604,12.728673994655992,0.08686470666515778
Surrogate_RF,55,chip_simple_dx5p455_dy4p545__Lj12p0nH_Cj2p0fF__roL8p5mm__tee_fl160um_fc12_cg1p2um__rpg1p4um,4.76042805272,6.00426702014,5.580280214124679,214.12067118012288,5.701672548172258,4,fig5_cg2p0um_rpg1p5um__Lj12p0nH_Cj0p0fF__roL8p5mm__tee_fl160um_fc12,4.77793609257,6.1977870086,5.346981281085967,236.19198761457903,5.968418975392394,0.00865983725766932,0.017508039850000046,0.1935199884599994,0.23329893303871163,22.07131643445615,0.2667464272201361
Surrogate_RF,55,chip_simple_dx5p455_dy4p545__Lj12p0nH_Cj2p0fF__roL8p5mm__tee_fl160um_fc12_cg1p2um__rpg1p4um,4.76042805272,6.00426702014,5.580280214124679,214.12067118012288,5.701672548172258,5,fig5_cg2p0um_rpg2p5um__Lj12p0nH_Cj0p0fF__roL8p5mm__tee_fl160um_fc12,4.88081947033,6.29200362079,4.710222612869263,215.78136757047287,6.007573423867593,0.012913489810402612,0.12039141760999961,0.28773660064999973,0.8700576012554162,1.6606963903499832,0.3059008756953352
Surrogate_RF,55,chip_simple_dx5p455_dy4p545__Lj12p0nH_Cj2p0fF__roL8p5mm__tee_fl160um_fc12_cg1p2um__rpg1p4um,4.76042805272,6.00426702014,5.580280214124679,214.12067118012288,5.701672548172258,6,fig5_cg3p0um_rpg1p5um__Lj12p0nH_Cj0p0fF__roL8p5mm__tee_fl160um_fc12,4.80934135586,6.34266483957,4.7338018228397365,237.2002446708589,6.176728175579623,0.01891917138162786,0.048913303139999975,0.3383978194299999,0.8464783912849425,23.07957349073601,0.4750556274073645
Surrogate_RF,55,chip_simple_dx5p455_dy4p545__Lj12p0nH_Cj2p0fF__roL8p5mm__tee_fl160um_fc12_cg1p2um__rpg1p4um,4.76042805272,6.00426702014,5.580280214124679,214.12067118012288,5.701672548172258,7,fig5_cg2p5um_rpg2p5um__Lj12p0nH_Cj0p0fF__roL8p5mm__tee_fl160um_fc12,4.86782605146,6.40620544852,4.850844314466476,237.9905673388129,6.17514285459043,0.02355215164038153,0.10739799873999978,0.4019384283799994,0.7294358996582027,23.86989615869001,0.47347030641817156
Surrogate_RF,55,chip_simple_dx5p455_dy4p545__Lj12p0nH_Cj2p0fF__roL8p5mm__tee_fl160um_fc12_cg1p2um__rpg1p4um,4.76042805272,6.00426702014,5.580280214124679,214.12067118012288,5.701672548172258,8,fig5_cg2p5um_rpg2p0um__Lj12p0nH_Cj0p0fF__roL8p5mm__tee_fl160um_fc12,4.82985966256,6.3640851834,4.45615377314949,229.1245415394613,6.124821045393385,0.024180339385149893,0.06943160983999963,0.35981816325999993,1.1241264409751892,15.003870359338407,0.4231484972211268
Surrogate_RF,55,chip_simple_dx5p455_dy4p545__Lj12p0nH_Cj2p0fF__roL8p5mm__tee_fl160um_fc12_cg1p2um__rpg1p4um,4.76042805272,6.00426702014,5.580280214124679,214.12067118012288,5.701672548172258,9,fig5_cg3p0um_rpg2p5um__Lj12p0nH_Cj0p0fF__roL8p5mm__tee_fl160um_fc12,4.89777742204,6.34923094667,4.391671866830825,213.14051325530752,6.096625432754106,0.025699656952962096,0.13734936931999986,0.3449639265299993,1.1886083472938536,0.9801579248153587,0.39495288458184774
Surrogate_RF,55,chip_simple_dx5p455_dy4p545__Lj12p0nH_Cj2p0fF__roL8p5mm__tee_fl160um_fc12_cg1p2um__rpg1p4um,4.76042805272,6.00426702014,5.580280214124679,214.12067118012288,5.701672548172258,10,fig5_cg1p0um_rpg3p0um__Lj12p0nH_Cj0p0fF__roL8p5mm__tee_fl160um_fc12,4.97020205129,6.08547213388,4.887907087696076,174.11503645167113,5.736747686378181,0.02717385177135571,0.20977399857000023,0.08120511373999939,0.6923731264286026,40.00563472845175,0.03507513820592312
Surrogate_RF,56,chip_simple_dx6p364_dym6p364__Lj12p0nH_Cj2p0fF__roL8p5mm__tee_fl160um_fc12_cg1p2um__rpg1p4um,4.73299182388,6.11956228785,5.757296814630508,241.81304695721613,5.924140203230228,1,fig5_cg2p0um_rpg1p5um__Lj12p0nH_Cj0p0fF__roL8p5mm__tee_fl160um_fc12,4.77793609257,6.1977870086,5.346981281085967,236.19198761457903,5.968418975392394,0.004170755730759732,0.04494426869000012,0.07822472074999975,0.41031553354454076,5.621059342637096,0.04427877216216647
Surrogate_RF,56,chip_simple_dx6p364_dym6p364__Lj12p0nH_Cj2p0fF__roL8p5mm__tee_fl160um_fc12_cg1p2um__rpg1p4um,4.73299182388,6.11956228785,5.757296814630508,241.81304695721613,5.924140203230228,2,fig5_cg1p5um_rpg2p0um__Lj12p0nH_Cj0p0fF__roL8p5mm__tee_fl160um_fc12,4.87620084481,6.26170388145,4.99363361734581,218.7024888594067,5.970534325619533,0.006404348753507151,0.14320902092999965,0.1421415935999999,0.7636631972846981,23.110558097809417,0.04639412238930518
Surrogate_RF,56,chip_simple_dx6p364_dym6p364__Lj12p0nH_Cj2p0fF__roL8p5mm__tee_fl160um_fc12_cg1p2um__rpg1p4um,4.73299182388,6.11956228785,5.757296814630508,241.81304695721613,5.924140203230228,3,fig5_cg3p0um_rpg1p5um__Lj12p0nH_Cj0p0fF__roL8p5mm__tee_fl160um_fc12,4.80934135586,6.34266483957,4.7338018228397365,237.2002446708589,6.176728175579623,0.010415583278086598,0.07634953198000005,0.22310255172000026,1.0234949917907716,4.612802286357237,0.2525879723493949
Surrogate_RF,56,chip_simple_dx6p364_dym6p364__Lj12p0nH_Cj2p0fF__roL8p5mm__tee_fl160um_fc12_cg1p2um__rpg1p4um,4.73299182388,6.11956228785,5.757296814630508,241.81304695721613,5.924140203230228,4,fig5_cg3p5um_rpg1p5um__Lj12p0nH_Cj0p0fF__roL8p5mm__tee_fl160um_fc12,4.70486631048,6.33112792154,5.111963850152969,266.195772124899,6.191175501007713,0.013906319426812641,0.028125513400000024,0.21156563369000025,0.6453329644775394,24.382725167682878,0.26703529777748525
Surrogate_RF,56,chip_simple_dx6p364_dym6p364__Lj12p0nH_Cj2p0fF__roL8p5mm__tee_fl160um_fc12_cg1p2um__rpg1p4um,4.73299182388,6.11956228785,5.757296814630508,241.81304695721613,5.924140203230228,5,fig5_cg1p5um_rpg2p5um__Lj12p0nH_Cj0p0fF__roL8p5mm__tee_fl160um_fc12,4.93882770809,6.20515259596,4.85777295016098,196.1018444801448,5.919324796967785,0.01466644242922796,0.20583588420999988,0.08559030810999957,0.8995238644695283,45.71120247707134,0.004815406262443034
Surrogate_RF,56,chip_simple_dx6p364_dym6p364__Lj12p0nH_Cj2p0fF__roL8p5mm__tee_fl160um_fc12_cg1p2um__rpg1p4um,4.73299182388,6.11956228785,5.757296814630508,241.81304695721613,5.924140203230228,6,fig5_cg5p0um_rpg1p5um__Lj12p0nH_Cj0p0fF__roL8p5mm__tee_fl160um_fc12,4.78104020561,6.40912743907,4.688513258781433,251.19081153078065,6.311876326449141,0.01662358583618373,0.048048381730000145,0.2895651512199997,1.068783555849075,9.37776457356452,0.3877361232189136
Surrogate_RF,56,chip_simple_dx6p364_dym6p364__Lj12p0nH_Cj2p0fF__roL8p5mm__tee_fl160um_fc12_cg1p2um__rpg1p4um,4.73299182388,6.11956228785,5.757296814630508,241.81304695721613,5.924140203230228,7,fig5_cg2p0um_rpg2p5um__Lj12p0nH_Cj0p0fF__roL8p5mm__tee_fl160um_fc12,4.88081947033,6.29200362079,4.710222612869263,215.78136757047287,6.007573423867593,0.019717227473251983,0.14782764644999968,0.17244133294000008,1.0470742017612453,26.031679386743264,0.08343322063736558
Surrogate_RF,56,chip_simple_dx6p364_dym6p364__Lj12p0nH_Cj2p0fF__roL8p5mm__tee_fl160um_fc12_cg1p2um__rpg1p4um,4.73299182388,6.11956228785,5.757296814630508,241.81304695721613,5.924140203230228,8,fig5_cg1p0um_rpg2p5um__Lj12p0nH_Cj0p0fF__roL8p5mm__tee_fl160um_fc12,4.8761770008,5.99407925784,6.270368555709839,201.3919971854669,5.6148078415071,0.02034576044259867,0.14318517692000032,0.12548303000999983,0.5130717410793313,40.42104977174924,0.3093323617231274
Surrogate_RF,56,chip_simple_dx6p364_dym6p364__Lj12p0nH_Cj2p0fF__roL8p5mm__tee_fl160um_fc12_cg1p2um__rpg1p4um,4.73299182388,6.11956228785,5.757296814630508,241.81304695721613,5.924140203230228,9,fig5_cg2p5um_rpg2p0um__Lj12p0nH_Cj0p0fF__roL8p5mm__tee_fl160um_fc12,4.82985966256,6.3640851834,4.45615377314949,229.1245415394613,6.124821045393385,0.022772513315413904,0.09686783867999971,0.24452289555000029,1.3011430414810183,12.68850541775484,0.20068084216315718
Surrogate_RF,56,chip_simple_dx6p364_dym6p364__Lj12p0nH_Cj2p0fF__roL8p5mm__tee_fl160um_fc12_cg1p2um__rpg1p4um,4.73299182388,6.11956228785,5.757296814630508,241.81304695721613,5.924140203230228,10,fig5_cg3p0um_rpg2p0um__Lj12p0nH_Cj0p0fF__roL8p5mm__tee_fl160um_fc12,4.85591843529,6.44095110726,4.270610977590561,230.04663618304903,6.1997071597004,0.025514952161273738,0.12292661140999961,0.3213888194100001,1.4866858370399472,11.766410774167099,0.27556695647017193
Surrogate_RF,57,chip_simple_dx7p273_dym1p818__Lj12p0nH_Cj2p0fF__roL8p5mm__tee_fl160um_fc12_cg1p2um__rpg1p4um,4.70663811853,6.16647237057,5.836125591398239,256.85236511832613,5.902282472045732,1,fig5_cg2p0um_rpg1p5um__Lj12p0nH_Cj0p0fF__roL8p5mm__tee_fl160um_fc12,4.77793609257,6.1977870086,5.346981281085967,236.19198761457903,5.968418975392394,0.008621783037921429,0.07129797404000016,0.031314638029999564,0.48914431031227146,20.6603775037471,0.06613650334666232
Surrogate_RF,57,chip_simple_dx7p273_dym1p818__Lj12p0nH_Cj2p0fF__roL8p5mm__tee_fl160um_fc12_cg1p2um__rpg1p4um,4.70663811853,6.16647237057,5.836125591398239,256.85236511832613,5.902282472045732,2,fig5_cg3p0um_rpg1p5um__Lj12p0nH_Cj0p0fF__roL8p5mm__tee_fl160um_fc12,4.80934135586,6.34266483957,4.7338018228397365,237.2002446708589,6.176728175579623,0.013704867881557281,0.10270323733000009,0.17619246900000007,1.1023237685585023,19.65212044746724,0.27444570353389075
Surrogate_RF,57,chip_simple_dx7p273_dym1p818__Lj12p0nH_Cj2p0fF__roL8p5mm__tee_fl160um_fc12_cg1p2um__rpg1p4um,4.70663811853,6.16647237057,5.836125591398239,256.85236511832613,5.902282472045732,3,fig5_cg1p5um_rpg2p0um__Lj12p0nH_Cj0p0fF__roL8p5mm__tee_fl160um_fc12,4.87620084481,6.26170388145,4.99363361734581,218.7024888594067,5.970534325619533,0.013798228003778598,0.1695627262799997,0.0952315108799997,0.8424919740524288,38.14987625891942,0.06825185357380104
Surrogate_RF,57,chip_simple_dx7p273_dym1p818__Lj12p0nH_Cj2p0fF__roL8p5mm__tee_fl160um_fc12_cg1p2um__rpg1p4um,4.70663811853,6.16647237057,5.836125591398239,256.85236511832613,5.902282472045732,4,fig5_cg3p5um_rpg1p5um__Lj12p0nH_Cj0p0fF__roL8p5mm__tee_fl160um_fc12,4.70486631048,6.33112792154,5.111963850152969,266.195772124899,6.191175501007713,0.015516522876241008,0.00177180804999999,0.16465555097000006,0.7241617412452701,9.343407006572875,0.2888930289619811
Surrogate_RF,57,chip_simple_dx7p273_dym1p818__Lj12p0nH_Cj2p0fF__roL8p5mm__tee_fl160um_fc12_cg1p2um__rpg1p4um,4.70663811853,6.16647237057,5.836125591398239,256.85236511832613,5.902282472045732,5,fig5_cg2p0um_rpg1p0um__Lj12p0nH_Cj0p0fF__roL8p5mm__tee_fl160um_fc12,4.67537317002,6.28144982257,6.80016774546051,305.861011614189,6.2286045622900525,0.018646142998902805,0.03126494850999961,0.11497745199999976,0.9640421540622715,49.00864649586288,0.3263220902443207
Surrogate_RF,57,chip_simple_dx7p273_dym1p818__Lj12p0nH_Cj2p0fF__roL8p5mm__tee_fl160um_fc12_cg1p2um__rpg1p4um,4.70663811853,6.16647237057,5.836125591398239,256.85236511832613,5.902282472045732,6,fig5_cg5p0um_rpg1p5um__Lj12p0nH_Cj0p0fF__roL8p5mm__tee_fl160um_fc12,4.78104020561,6.40912743907,4.688513258781433,251.19081153078065,6.311876326449141,0.018985911188992354,0.07440208708000018,0.24265506849999952,1.1476123326168057,5.661553587545484,0.40959385440340945
Surrogate_RF,57,chip_simple_dx7p273_dym1p818__Lj12p0nH_Cj2p0fF__roL8p5mm__tee_fl160um_fc12_cg1p2um__rpg1p4um,4.70663811853,6.16647237057,5.836125591398239,256.85236511832613,5.902282472045732,7,fig5_cg4p5um_rpg1p0um__Lj12p0nH_Cj0p0fF__roL8p5mm__tee_fl160um_fc12,4.66547453942,6.44365646453,5.568490972890854,305.09213979648246,6.526420054379522,0.021528489316879656,0.041163579110000015,0.2771840939599999,0.267634618507385,48.23977467815632,0.6241375823337902
Surrogate_RF,57,chip_simple_dx7p273_dym1p818__Lj12p0nH_Cj2p0fF__roL8p5mm__tee_fl160um_fc12_cg1p2um__rpg1p4um,4.70663811853,6.16647237057,5.836125591398239,256.85236511832613,5.902282472045732,8,fig5_cg5p0um_rpg1p0um__Lj12p0nH_Cj0p0fF__roL8p5mm__tee_fl160um_fc12,4.67009412056,6.40368347107,5.386180753400803,292.5653068578806,6.313414733179575,0.021528489316879656,0.036543997969999964,0.23721110049999972,0.44994483799743623,35.71294173955448,0.4111322611338428
Surrogate_RF,57,chip_simple_dx7p273_dym1p818__Lj12p0nH_Cj2p0fF__roL8p5mm__tee_fl160um_fc12_cg1p2um__rpg1p4um,4.70663811853,6.16647237057,5.836125591398239,256.85236511832613,5.902282472045732,9,fig5_cg3p0um_rpg1p0um__Lj12p0nH_Cj0p0fF__roL8p5mm__tee_fl160um_fc12,4.5918495592,6.3683346429,6.310808488025665,329.7787087605889,6.339102179225892,0.02309301130492244,0.11478855932999998,0.20186227232999965,0.47468289662742613,72.9263436422628,0.4368197071801605
Surrogate_RF,57,chip_simple_dx7p273_dym1p818__Lj12p0nH_Cj2p0fF__roL8p5mm__tee_fl160um_fc12_cg1p2um__rpg1p4um,4.70663811853,6.16647237057,5.836125591398239,256.85236511832613,5.902282472045732,10,fig5_cg3p5um_rpg1p0um__Lj12p0nH_Cj0p0fF__roL8p5mm__tee_fl160um_fc12,4.65151549232,6.42206990109,5.782993409578324,310.4906595751157,6.336782825594393,0.023928798782980248,0.05512262621000019,0.2555975305200002,0.053132181819914415,53.638294456789595,0.43450035354866134
Surrogate_RF,58,chip_simple_dx8p182_dym6p364__Lj12p0nH_Cj2p0fF__roL8p5mm__tee_fl160um_fc12_cg1p2um__rpg1p4um,4.74033005446,6.12730674018,5.791866146835327,242.2763131992824,5.874957661976247,1,fig5_cg2p0um_rpg1p5um__Lj12p0nH_Cj0p0fF__roL8p5mm__tee_fl160um_fc12,4.77793609257,6.1977870086,5.346981281085967,236.19198761457903,5.968418975392394,0.0047511946428209035,0.03760603810999985,0.07048026841999988,0.44488486574935937,6.084325584703379,0.09346131341614683
Surrogate_RF,58,chip_simple_dx8p182_dym6p364__Lj12p0nH_Cj2p0fF__roL8p5mm__tee_fl160um_fc12_cg1p2um__rpg1p4um,4.74033005446,6.12730674018,5.791866146835327,242.2763131992824,5.874957661976247,2,fig5_cg1p5um_rpg2p0um__Lj12p0nH_Cj0p0fF__roL8p5mm__tee_fl160um_fc12,4.87620084481,6.26170388145,4.99363361734581,218.7024888594067,5.970534325619533,0.006742544356236386,0.13587079034999938,0.13439714127000002,0.7982325294895167,23.5738243398757,0.09557666364328554
Surrogate_RF,58,chip_simple_dx8p182_dym6p364__Lj12p0nH_Cj2p0fF__roL8p5mm__tee_fl160um_fc12_cg1p2um__rpg1p4um,4.74033005446,6.12730674018,5.791866146835327,242.2763131992824,5.874957661976247,3,fig5_cg3p0um_rpg1p5um__Lj12p0nH_Cj0p0fF__roL8p5mm__tee_fl160um_fc12,4.80934135586,6.34266483957,4.7338018228397365,237.2002446708589,6.176728175579623,0.011327054889196178,0.06901130139999978,0.2153580993900004,1.0580643239955903,5.076068528423519,0.30177051360337526
Surrogate_RF,58,chip_simple_dx8p182_dym6p364__Lj12p0nH_Cj2p0fF__roL8p5mm__tee_fl160um_fc12_cg1p2um__rpg1p4um,4.74033005446,6.12730674018,5.791866146835327,242.2763131992824,5.874957661976247,4,fig5_cg3p5um_rpg1p5um__Lj12p0nH_Cj0p0fF__roL8p5mm__tee_fl160um_fc12,4.70486631048,6.33112792154,5.111963850152969,266.195772124899,6.191175501007713,0.014905581689567099,0.035463743980000295,0.20382118136000038,0.679902296682358,23.919458925616595,0.3162178390314656
Surrogate_RF,58,chip_simple_dx8p182_dym6p364__Lj12p0nH_Cj2p0fF__roL8p5mm__tee_fl160um_fc12_cg1p2um__rpg1p4um,4.74033005446,6.12730674018,5.791866146835327,242.2763131992824,5.874957661976247,5,fig5_cg1p5um_rpg2p5um__Lj12p0nH_Cj0p0fF__roL8p5mm__tee_fl160um_fc12,4.93882770809,6.20515259596,4.85777295016098,196.1018444801448,5.919324796967785,0.015251474251932448,0.1984976536299996,0.0778458557799997,0.9340931966743469,46.17446871913762,0.04436713499153733
Surrogate_RF,58,chip_simple_dx8p182_dym6p364__Lj12p0nH_Cj2p0fF__roL8p5mm__tee_fl160um_fc12_cg1p2um__rpg1p4um,4.74033005446,6.12730674018,5.791866146835327,242.2763131992824,5.874957661976247,6,fig5_cg5p0um_rpg1p5um__Lj12p0nH_Cj0p0fF__roL8p5mm__tee_fl160um_fc12,4.78104020561,6.40912743907,4.688513258781433,251.19081153078065,6.311876326449141,0.017717250820837513,0.040710151149999874,0.28182069888999983,1.1033528880538936,8.914498331498237,0.43691866447289396
Surrogate_RF,58,chip_simple_dx8p182_dym6p364__Lj12p0nH_Cj2p0fF__roL8p5mm__tee_fl160um_fc12_cg1p2um__rpg1p4um,4.74033005446,6.12730674018,5.791866146835327,242.2763131992824,5.874957661976247,7,fig5_cg1p0um_rpg2p5um__Lj12p0nH_Cj0p0fF__roL8p5mm__tee_fl160um_fc12,4.8761770008,5.99407925784,6.270368555709839,201.3919971854669,5.6148078415071,0.01991931309988352,0.13584694634000005,0.1332274823399997,0.4785024088745127,40.88431601381552,0.26014982046914703
Surrogate_RF,58,chip_simple_dx8p182_dym6p364__Lj12p0nH_Cj2p0fF__roL8p5mm__tee_fl160um_fc12_cg1p2um__rpg1p4um,4.74033005446,6.12730674018,5.791866146835327,242.2763131992824,5.874957661976247,8,fig5_cg2p0um_rpg2p5um__Lj12p0nH_Cj0p0fF__roL8p5mm__tee_fl160um_fc12,4.88081947033,6.29200362079,4.710222612869263,215.78136757047287,6.007573423867593,0.02068986626472112,0.1404894158699994,0.1646968806100002,1.081643533966064,26.494945628809546,0.13261576189134594
Surrogate_RF,58,chip_simple_dx8p182_dym6p364__Lj12p0nH_Cj2p0fF__roL8p5mm__tee_fl160um_fc12_cg1p2um__rpg1p4um,4.74033005446,6.12730674018,5.791866146835327,242.2763131992824,5.874957661976247,9,fig5_cg2p5um_rpg2p0um__Lj12p0nH_Cj0p0fF__roL8p5mm__tee_fl160um_fc12,4.82985966256,6.3640851834,4.45615377314949,229.1245415394613,6.124821045393385,0.02396578735907215,0.08952960809999944,0.2367784432200004,1.335712373685837,13.151771659821122,0.24986338341713754
Surrogate_RF,58,chip_simple_dx8p182_dym6p364__Lj12p0nH_Cj2p0fF__roL8p5mm__tee_fl160um_fc12_cg1p2um__rpg1p4um,4.74033005446,6.12730674018,5.791866146835327,242.2763131992824,5.874957661976247,10,fig5_cg3p0um_rpg2p0um__Lj12p0nH_Cj0p0fF__roL8p5mm__tee_fl160um_fc12,4.85591843529,6.44095110726,4.270610977590561,230.04663618304903,6.1997071597004,0.026768849802704307,0.11558838082999934,0.3136443670800002,1.5212551692447658,12.229677016233381,0.3247494977241523
Surrogate_RF,59,chip_simple_dx8p182_dy0p909__Lj12p0nH_Cj2p0fF__roL8p5mm__tee_fl160um_fc12_cg1p2um__rpg1p4um,4.75057675295,6.09441747765,5.722410437381744,233.314149120694,5.853407541855238,1,fig5_cg1p5um_rpg2p0um__Lj12p0nH_Cj0p0fF__roL8p5mm__tee_fl160um_fc12,4.87620084481,6.26170388145,4.99363361734581,218.7024888594067,5.970534325619533,0.0034713598127591306,0.1256240918599998,0.16728640379999948,0.7287768200359341,14.611660261287284,0.11712678376429508
Surrogate_RF,59,chip_simple_dx8p182_dy0p909__Lj12p0nH_Cj2p0fF__roL8p5mm__tee_fl160um_fc12_cg1p2um__rpg1p4um,4.75057675295,6.09441747765,5.722410437381744,233.314149120694,5.853407541855238,2,fig5_cg2p0um_rpg1p5um__Lj12p0nH_Cj0p0fF__roL8p5mm__tee_fl160um_fc12,4.77793609257,6.1977870086,5.346981281085967,236.19198761457903,5.968418975392394,0.003621247306870851,0.027359339620000256,0.10336953094999934,0.3754291562957768,2.8778384938850365,0.11501143353715637
Surrogate_RF,59,chip_simple_dx8p182_dy0p909__Lj12p0nH_Cj2p0fF__roL8p5mm__tee_fl160um_fc12_cg1p2um__rpg1p4um,4.75057675295,6.09441747765,5.722410437381744,233.314149120694,5.853407541855238,3,fig5_cg1p5um_rpg2p5um__Lj12p0nH_Cj0p0fF__roL8p5mm__tee_fl160um_fc12,4.93882770809,6.20515259596,4.85777295016098,196.1018444801448,5.919324796967785,0.0102514989310143,0.18825095514,0.11073511830999916,0.8646374872207643,37.212304640549206,0.06591725511254687
Surrogate_RF,59,chip_simple_dx8p182_dy0p909__Lj12p0nH_Cj2p0fF__roL8p5mm__tee_fl160um_fc12_cg1p2um__rpg1p4um,4.75057675295,6.09441747765,5.722410437381744,233.314149120694,5.853407541855238,4,fig5_cg3p0um_rpg1p5um__Lj12p0nH_Cj0p0fF__roL8p5mm__tee_fl160um_fc12,4.80934135586,6.34266483957,4.7338018228397365,237.2002446708589,6.176728175579623,0.01102706896730594,0.058764602910000185,0.24824736191999985,0.9886086145420077,3.886095550164896,0.3233206337243848
Surrogate_RF,59,chip_simple_dx8p182_dy0p909__Lj12p0nH_Cj2p0fF__roL8p5mm__tee_fl160um_fc12_cg1p2um__rpg1p4um,4.75057675295,6.09441747765,5.722410437381744,233.314149120694,5.853407541855238,5,fig5_cg1p0um_rpg2p5um__Lj12p0nH_Cj0p0fF__roL8p5mm__tee_fl160um_fc12,4.8761770008,5.99407925784,6.270368555709839,201.3919971854669,5.6148078415071,0.015201991373032056,0.12560024785000046,0.10033821981000024,0.5479581183280953,31.922151935227106,0.2385997003481375
Surrogate_RF,59,chip_simple_dx8p182_dy0p909__Lj12p0nH_Cj2p0fF__roL8p5mm__tee_fl160um_fc12_cg1p2um__rpg1p4um,4.75057675295,6.09441747765,5.722410437381744,233.314149120694,5.853407541855238,6,fig5_cg3p5um_rpg1p5um__Lj12p0nH_Cj0p0fF__roL8p5mm__tee_fl160um_fc12,4.70486631048,6.33112792154,5.111963850152969,266.195772124899,6.191175501007713,0.015826644656652324,0.04571044246999989,0.23671044388999984,0.6104465872287754,32.88162300420501,0.33776795915247515
Surrogate_RF,59,chip_simple_dx8p182_dy0p909__Lj12p0nH_Cj2p0fF__roL8p5mm__tee_fl160um_fc12_cg1p2um__rpg1p4um,4.75057675295,6.09441747765,5.722410437381744,233.314149120694,5.853407541855238,7,fig5_cg2p0um_rpg2p5um__Lj12p0nH_Cj0p0fF__roL8p5mm__tee_fl160um_fc12,4.88081947033,6.29200362079,4.710222612869263,215.78136757047287,6.007573423867593,0.016314831457076524,0.13024271737999982,0.19758614313999967,1.0121878245124813,17.53278155022113,0.15416588201235548
Surrogate_RF,59,chip_simple_dx8p182_dy0p909__Lj12p0nH_Cj2p0fF__roL8p5mm__tee_fl160um_fc12_cg1p2um__rpg1p4um,4.75057675295,6.09441747765,5.722410437381744,233.314149120694,5.853407541855238,8,fig5_cg5p0um_rpg1p5um__Lj12p0nH_Cj0p0fF__roL8p5mm__tee_fl160um_fc12,4.78104020561,6.40912743907,4.688513258781433,251.19081153078065,6.311876326449141,0.01806590381094534,0.03046345266000028,0.3147099614199993,1.033897178600311,17.876662410086652,0.4584687845939035
Surrogate_RF,59,chip_simple_dx8p182_dy0p909__Lj12p0nH_Cj2p0fF__roL8p5mm__tee_fl160um_fc12_cg1p2um__rpg1p4um,4.75057675295,6.09441747765,5.722410437381744,233.314149120694,5.853407541855238,9,fig5_cg2p5um_rpg2p0um__Lj12p0nH_Cj0p0fF__roL8p5mm__tee_fl160um_fc12,4.82985966256,6.3640851834,4.45615377314949,229.1245415394613,6.124821045393385,0.021594802969509004,0.07928290960999984,0.2696677057499999,1.2662566642322544,4.189607581232707,0.2714135035381471
Surrogate_RF,59,chip_simple_dx8p182_dy0p909__Lj12p0nH_Cj2p0fF__roL8p5mm__tee_fl160um_fc12_cg1p2um__rpg1p4um,4.75057675295,6.09441747765,5.722410437381744,233.314149120694,5.853407541855238,10,fig5_cg2p5um_rpg2p5um__Lj12p0nH_Cj0p0fF__roL8p5mm__tee_fl160um_fc12,4.86782605146,6.40620544852,4.850844314466476,237.9905673388129,6.17514285459043,0.023708329100581748,0.11724929850999999,0.3117879708699993,0.8715661229152678,4.676418218118897,0.32173531273519185
Surrogate_RF,60,chip_simple_dx9p091_dym8p182__Lj12p0nH_Cj2p0fF__roL8p5mm__tee_fl160um_fc12_cg1p2um__rpg1p4um,4.73933459996,6.01297642346,4.979622645933151,207.4128246574417,5.665277094733514,1,fig5_cg1p5um_rpg2p5um__Lj12p0nH_Cj0p0fF__roL8p5mm__tee_fl160um_fc12,4.93882770809,6.20515259596,4.85777295016098,196.1018444801448,5.919324796967785,0.003987611543321305,0.19949310812999954,0.19217617249999996,0.12184969577217153,11.310980177296898,0.25404770223427064
Surrogate_RF,60,chip_simple_dx9p091_dym8p182__Lj12p0nH_Cj2p0fF__roL8p5mm__tee_fl160um_fc12_cg1p2um__rpg1p4um,4.73933459996,6.01297642346,4.979622645933151,207.4128246574417,5.665277094733514,2,fig5_cg2p0um_rpg2p5um__Lj12p0nH_Cj0p0fF__roL8p5mm__tee_fl160um_fc12,4.88081947033,6.29200362079,4.710222612869263,215.78136757047287,6.007573423867593,0.00598938818442757,0.14148487036999935,0.2790271973300005,0.2694000330638886,8.368542913031177,0.34229632913407926
Surrogate_RF,60,chip_simple_dx9p091_dym8p182__Lj12p0nH_Cj2p0fF__roL8p5mm__tee_fl160um_fc12_cg1p2um__rpg1p4um,4.73933459996,6.01297642346,4.979622645933151,207.4128246574417,5.665277094733514,3,fig5_cg1p5um_rpg2p0um__Lj12p0nH_Cj0p0fF__roL8p5mm__tee_fl160um_fc12,4.87620084481,6.26170388145,4.99363361734581,218.7024888594067,5.970534325619533,0.009226024691518491,0.13686624484999932,0.2487274579900003,0.014010971412658613,11.289664201965024,0.30525723088601886
Surrogate_RF,60,chip_simple_dx9p091_dym8p182__Lj12p0nH_Cj2p0fF__roL8p5mm__tee_fl160um_fc12_cg1p2um__rpg1p4um,4.73933459996,6.01297642346,4.979622645933151,207.4128246574417,5.665277094733514,4,fig5_cg2p5um_rpg2p5um__Lj12p0nH_Cj0p0fF__roL8p5mm__tee_fl160um_fc12,4.86782605146,6.40620544852,4.850844314466476,237.9905673388129,6.17514285459043,0.013658267602660628,0.12849145149999952,0.3932290250600001,0.12877833146667506,30.577742681371205,0.5098657598569156
Surrogate_RF,60,chip_simple_dx9p091_dym8p182__Lj12p0nH_Cj2p0fF__roL8p5mm__tee_fl160um_fc12_cg1p2um__rpg1p4um,4.73933459996,6.01297642346,4.979622645933151,207.4128246574417,5.665277094733514,5,fig5_cg2p0um_rpg1p5um__Lj12p0nH_Cj0p0fF__roL8p5mm__tee_fl160um_fc12,4.77793609257,6.1977870086,5.346981281085967,236.19198761457903,5.968418975392394,0.014057326595501872,0.03860149260999979,0.18481058514000015,0.36735863515281597,28.779162957137345,0.30314188065888015
Surrogate_RF,60,chip_simple_dx9p091_dym8p182__Lj12p0nH_Cj2p0fF__roL8p5mm__tee_fl160um_fc12_cg1p2um__rpg1p4um,4.73933459996,6.01297642346,4.979622645933151,207.4128246574417,5.665277094733514,6,fig5_cg3p0um_rpg2p5um__Lj12p0nH_Cj0p0fF__roL8p5mm__tee_fl160um_fc12,4.89777742204,6.34923094667,4.391671866830825,213.14051325530752,6.096625432754106,0.01466792203822248,0.1584428220799996,0.33625452321000004,0.587950779102326,5.727688597865836,0.4313483380205918
Surrogate_RF,60,chip_simple_dx9p091_dym8p182__Lj12p0nH_Cj2p0fF__roL8p5mm__tee_fl160um_fc12_cg1p2um__rpg1p4um,4.73933459996,6.01297642346,4.979622645933151,207.4128246574417,5.665277094733514,7,fig5_cg1p5um_rpg3p0um__Lj12p0nH_Cj0p0fF__roL8p5mm__tee_fl160um_fc12,4.93361547524,6.17501216383,4.052527205030441,175.89357788253568,5.703326979965164,0.015631607927070718,0.1942808752799996,0.16203574037000035,0.9270954409027103,31.51924677490601,0.03804988523164976
Surrogate_RF,60,chip_simple_dx9p091_dym8p182__Lj12p0nH_Cj2p0fF__roL8p5mm__tee_fl160um_fc12_cg1p2um__rpg1p4um,4.73933459996,6.01297642346,4.979622645933151,207.4128246574417,5.665277094733514,8,fig5_cg2p5um_rpg2p0um__Lj12p0nH_Cj0p0fF__roL8p5mm__tee_fl160um_fc12,4.82985966256,6.3640851834,4.45615377314949,229.1245415394613,6.124821045393385,0.015980714281857815,0.09052506259999937,0.3511087599400007,0.5234688727836616,21.7117168820196,0.45954395065987086
Surrogate_RF,60,chip_simple_dx9p091_dym8p182__Lj12p0nH_Cj2p0fF__roL8p5mm__tee_fl160um_fc12_cg1p2um__rpg1p4um,4.73933459996,6.01297642346,4.979622645933151,207.4128246574417,5.665277094733514,9,fig5_cg3p0um_rpg2p0um__Lj12p0nH_Cj0p0fF__roL8p5mm__tee_fl160um_fc12,4.85591843529,6.44095110726,4.270610977590561,230.04663618304903,6.1997071597004,0.018012001385837223,0.11658383532999927,0.4279746838000005,0.7090116683425904,22.633811525607342,0.5344300649668856
Surrogate_RF,60,chip_simple_dx9p091_dym8p182__Lj12p0nH_Cj2p0fF__roL8p5mm__tee_fl160um_fc12_cg1p2um__rpg1p4um,4.73933459996,6.01297642346,4.979622645933151,207.4128246574417,5.665277094733514,10,fig5_cg5p0um_rpg2p5um__Lj12p0nH_Cj0p0fF__roL8p5mm__tee_fl160um_fc12,4.81774089875,6.23547817573,4.9252252214355465,224.50085102947097,5.919781007367641,0.01805169360087135,0.07840629879000005,0.22250175227000035,0.054397424497604874,17.088026372029276,0.2545039126341271
Surrogate_RF,61,chip_simple_dx9p091_dy4p545__Lj12p0nH_Cj2p0fF__roL8p5mm__tee_fl160um_fc12_cg1p2um__rpg1p4um,4.68769054045,6.11988182644,6.106558018573761,259.16147921563146,5.906583897822457,1,fig5_cg2p0um_rpg1p0um__Lj12p0nH_Cj0p0fF__roL8p5mm__tee_fl160um_fc12,4.67537317002,6.28144982257,6.80016774546051,305.861011614189,6.2286045622900525,0.013514171889511678,0.012317370429999919,0.1615679961299996,0.6936097268867494,46.69953239855755,0.3220206644675958
Surrogate_RF,61,chip_simple_dx9p091_dy4p545__Lj12p0nH_Cj2p0fF__roL8p5mm__tee_fl160um_fc12_cg1p2um__rpg1p4um,4.68769054045,6.11988182644,6.106558018573761,259.16147921563146,5.906583897822457,2,fig5_cg2p0um_rpg1p5um__Lj12p0nH_Cj0p0fF__roL8p5mm__tee_fl160um_fc12,4.77793609257,6.1977870086,5.346981281085967,236.19198761457903,5.968418975392394,0.014203571160934238,0.09024555211999985,0.07790518215999942,0.7595767374877935,22.969491601052425,0.06183507756993745
Surrogate_RF,61,chip_simple_dx9p091_dy4p545__Lj12p0nH_Cj2p0fF__roL8p5mm__tee_fl160um_fc12_cg1p2um__rpg1p4um,4.68769054045,6.11988182644,6.106558018573761,259.16147921563146,5.906583897822457,3,fig5_cg1p5um_rpg2p0um__Lj12p0nH_Cj0p0fF__roL8p5mm__tee_fl160um_fc12,4.87620084481,6.26170388145,4.99363361734581,218.7024888594067,5.970534325619533,0.01856502004567541,0.18851030435999938,0.14182205500999956,1.1129244012279509,40.458990356224746,0.06395042779707616
Surrogate_RF,61,chip_simple_dx9p091_dy4p545__Lj12p0nH_Cj2p0fF__roL8p5mm__tee_fl160um_fc12_cg1p2um__rpg1p4um,4.68769054045,6.11988182644,6.106558018573761,259.16147921563146,5.906583897822457,4,fig5_cg3p0um_rpg1p0um__Lj12p0nH_Cj0p0fF__roL8p5mm__tee_fl160um_fc12,4.5918495592,6.3683346429,6.310808488025665,329.7787087605889,6.339102179225892,0.020635222602460774,0.09584098125000029,0.2484528164599995,0.20425046945190406,70.61722954495747,0.4325182814034356
Surrogate_RF,61,chip_simple_dx9p091_dy4p545__Lj12p0nH_Cj2p0fF__roL8p5mm__tee_fl160um_fc12_cg1p2um__rpg1p4um,4.68769054045,6.11988182644,6.106558018573761,259.16147921563146,5.906583897822457,5,fig5_cg3p0um_rpg1p5um__Lj12p0nH_Cj0p0fF__roL8p5mm__tee_fl160um_fc12,4.80934135586,6.34266483957,4.7338018228397365,237.2002446708589,6.176728175579623,0.020980914560311592,0.12165081540999978,0.22278301312999993,1.3727561957340244,21.961234544772566,0.2701442777571659
Surrogate_RF,61,chip_simple_dx9p091_dy4p545__Lj12p0nH_Cj2p0fF__roL8p5mm__tee_fl160um_fc12_cg1p2um__rpg1p4um,4.68769054045,6.11988182644,6.106558018573761,259.16147921563146,5.906583897822457,6,fig5_cg4p5um_rpg1p0um__Lj12p0nH_Cj0p0fF__roL8p5mm__tee_fl160um_fc12,4.66547453942,6.44365646453,5.568490972890854,305.09213979648246,6.526420054379522,0.021451930834440577,0.02221600103000032,0.32377463808999973,0.5380670456829071,45.930660580851,0.6198361565570654
Surrogate_RF,61,chip_simple_dx9p091_dy4p545__Lj12p0nH_Cj2p0fF__roL8p5mm__tee_fl160um_fc12_cg1p2um__rpg1p4um,4.68769054045,6.11988182644,6.106558018573761,259.16147921563146,5.906583897822457,7,fig5_cg5p0um_rpg1p0um__Lj12p0nH_Cj0p0fF__roL8p5mm__tee_fl160um_fc12,4.67009412056,6.40368347107,5.386180753400803,292.5653068578806,6.313414733179575,0.021451930834440577,0.01759641989000027,0.28380164462999957,0.7203772651729583,33.403827642249155,0.40683083535711795
Surrogate_RF,61,chip_simple_dx9p091_dy4p545__Lj12p0nH_Cj2p0fF__roL8p5mm__tee_fl160um_fc12_cg1p2um__rpg1p4um,4.68769054045,6.11988182644,6.106558018573761,259.16147921563146,5.906583897822457,8,fig5_cg3p5um_rpg1p0um__Lj12p0nH_Cj0p0fF__roL8p5mm__tee_fl160um_fc12,4.65151549232,6.42206990109,5.782993409578324,310.4906595751157,6.336782825594393,0.022363472132920083,0.0361750481300005,0.3021880746500001,0.3235646089954365,51.32918035948427,0.43019892777193647
Surrogate_RF,61,chip_simple_dx9p091_dy4p545__Lj12p0nH_Cj2p0fF__roL8p5mm__tee_fl160um_fc12_cg1p2um__rpg1p4um,4.68769054045,6.11988182644,6.106558018573761,259.16147921563146,5.906583897822457,9,fig5_cg3p5um_rpg1p5um__Lj12p0nH_Cj0p0fF__roL8p5mm__tee_fl160um_fc12,4.70486631048,6.33112792154,5.111963850152969,266.195772124899,6.191175501007713,0.02310838422233272,0.017175770029999704,0.21124609509999992,0.9945941684207922,7.034292909267549,0.2845916031852562
Surrogate_RF,61,chip_simple_dx9p091_dy4p545__Lj12p0nH_Cj2p0fF__roL8p5mm__tee_fl160um_fc12_cg1p2um__rpg1p4um,4.68769054045,6.11988182644,6.106558018573761,259.16147921563146,5.906583897822457,10,fig5_cg1p5um_rpg1p0um__Lj12p0nH_Cj0p0fF__roL8p5mm__tee_fl160um_fc12,4.7605818776,6.21817087681,5.831666317903518,253.65164600383045,6.132701943451215,0.025125524393396995,0.07289133714999974,0.09828905037000002,0.27489170067024293,5.509833211801009,0.22611804562875815
Surrogate_RF,62,chip_simple_dx10p000_dym10p000__Lj12p0nH_Cj2p0fF__roL8p5mm__tee_fl160um_fc12_cg1p2um__rpg1p4um,4.71844531011,6.15809605656,5.707450486171722,250.04335074310168,5.943757997746209,1,fig5_cg2p0um_rpg1p5um__Lj12p0nH_Cj0p0fF__roL8p5mm__tee_fl160um_fc12,4.77793609257,6.1977870086,5.346981281085967,236.19198761457903,5.968418975392394,0.0049362581380735905,0.05949078246000017,0.03969095203999995,0.36046920508575475,13.85136312852265,0.024660977646185245
Surrogate_RF,62,chip_simple_dx10p000_dym10p000__Lj12p0nH_Cj2p0fF__roL8p5mm__tee_fl160um_fc12_cg1p2um__rpg1p4um,4.71844531011,6.15809605656,5.707450486171722,250.04335074310168,5.943757997746209,2,fig5_cg1p5um_rpg2p0um__Lj12p0nH_Cj0p0fF__roL8p5mm__tee_fl160um_fc12,4.87620084481,6.26170388145,4.99363361734581,218.7024888594067,5.970534325619533,0.009499721732503552,0.1577555346999997,0.10360782489000009,0.7138168688259121,31.34086188369497,0.026776327873323957
Surrogate_RF,62,chip_simple_dx10p000_dym10p000__Lj12p0nH_Cj2p0fF__roL8p5mm__tee_fl160um_fc12_cg1p2um__rpg1p4um,4.71844531011,6.15809605656,5.707450486171722,250.04335074310168,5.943757997746209,3,fig5_cg3p0um_rpg1p5um__Lj12p0nH_Cj0p0fF__roL8p5mm__tee_fl160um_fc12,4.80934135586,6.34266483957,4.7338018228397365,237.2002446708589,6.176728175579623,0.009647294292911408,0.0908960457500001,0.18456878301000046,0.9736486633319856,12.84310607224279,0.23297017783341367
Surrogate_RF,62,chip_simple_dx10p000_dym10p000__Lj12p0nH_Cj2p0fF__roL8p5mm__tee_fl160um_fc12_cg1p2um__rpg1p4um,4.71844531011,6.15809605656,5.707450486171722,250.04335074310168,5.943757997746209,4,fig5_cg3p5um_rpg1p5um__Lj12p0nH_Cj0p0fF__roL8p5mm__tee_fl160um_fc12,4.70486631048,6.33112792154,5.111963850152969,266.195772124899,6.191175501007713,0.01189307457690541,0.013578999629999977,0.17303186498000045,0.5954866360187534,16.152421381797325,0.24741750326150402
Surrogate_RF,62,chip_simple_dx10p000_dym10p000__Lj12p0nH_Cj2p0fF__roL8p5mm__tee_fl160um_fc12_cg1p2um__rpg1p4um,4.71844531011,6.15809605656,5.707450486171722,250.04335074310168,5.943757997746209,5,fig5_cg5p0um_rpg1p5um__Lj12p0nH_Cj0p0fF__roL8p5mm__tee_fl160um_fc12,4.78104020561,6.40912743907,4.688513258781433,251.19081153078065,6.311876326449141,0.014835286421112986,0.06259489550000019,0.2510313825099999,1.018937227390289,1.1474607876789662,0.3681183287029324
Surrogate_RF,62,chip_simple_dx10p000_dym10p000__Lj12p0nH_Cj2p0fF__roL8p5mm__tee_fl160um_fc12_cg1p2um__rpg1p4um,4.71844531011,6.15809605656,5.707450486171722,250.04335074310168,5.943757997746209,6,fig5_cg1p5um_rpg2p5um__Lj12p0nH_Cj0p0fF__roL8p5mm__tee_fl160um_fc12,4.93882770809,6.20515259596,4.85777295016098,196.1018444801448,5.919324796967785,0.018405889945363064,0.22038239797999992,0.047056539399999764,0.8496775360107423,53.94150626295689,0.024433200778424258
Surrogate_RF,62,chip_simple_dx10p000_dym10p000__Lj12p0nH_Cj2p0fF__roL8p5mm__tee_fl160um_fc12_cg1p2um__rpg1p4um,4.71844531011,6.15809605656,5.707450486171722,250.04335074310168,5.943757997746209,7,fig5_cg2p0um_rpg2p5um__Lj12p0nH_Cj0p0fF__roL8p5mm__tee_fl160um_fc12,4.88081947033,6.29200362079,4.710222612869263,215.78136757047287,6.007573423867593,0.021945853111321204,0.16237416021999973,0.13390756423000028,0.9972278733024593,34.26198317262882,0.06381542612138436
Surrogate_RF,62,chip_simple_dx10p000_dym10p000__Lj12p0nH_Cj2p0fF__roL8p5mm__tee_fl160um_fc12_cg1p2um__rpg1p4um,4.71844531011,6.15809605656,5.707450486171722,250.04335074310168,5.943757997746209,8,fig5_cg2p5um_rpg2p0um__Lj12p0nH_Cj0p0fF__roL8p5mm__tee_fl160um_fc12,4.82985966256,6.3640851834,4.45615377314949,229.1245415394613,6.124821045393385,0.02286794957383974,0.11141435244999975,0.20598912684000048,1.2512967130222323,20.918809203640393,0.18106304764717596
Surrogate_RF,62,chip_simple_dx10p000_dym10p000__Lj12p0nH_Cj2p0fF__roL8p5mm__tee_fl160um_fc12_cg1p2um__rpg1p4um,4.71844531011,6.15809605656,5.707450486171722,250.04335074310168,5.943757997746209,9,fig5_cg3p0um_rpg2p0um__Lj12p0nH_Cj0p0fF__roL8p5mm__tee_fl160um_fc12,4.85591843529,6.44095110726,4.270610977590561,230.04663618304903,6.1997071597004,0.025418696238840178,0.13747312517999966,0.2828550507000003,1.4368395085811612,19.996714560052652,0.2559491619541907
Surrogate_RF,62,chip_simple_dx10p000_dym10p000__Lj12p0nH_Cj2p0fF__roL8p5mm__tee_fl160um_fc12_cg1p2um__rpg1p4um,4.71844531011,6.15809605656,5.707450486171722,250.04335074310168,5.943757997746209,10,fig5_cg2p0um_rpg1p0um__Lj12p0nH_Cj0p0fF__roL8p5mm__tee_fl160um_fc12,4.67537317002,6.28144982257,6.80016774546051,305.861011614189,6.2286045622900525,0.026457627449032833,0.0430721400899996,0.12335376601000014,1.0927172592887882,55.81766087108733,0.2848465645438436
Surrogate_RF,63,fig5_cg0p5um_rpg2p0um__Lj12p0nH_Cj0p0fF__roL8p5mm__tee_fl160um_fc12,4.85287016324,5.21716045759,15.140575747583387,120.11707109236671,4.734598279457381,1,fig5_cg0p5um_rpg3p0um__Lj12p0nH_Cj0p0fF__roL8p5mm__tee_fl160um_fc12,4.85228059761,5.17367615258,14.724469331972122,107.0517381501744,4.685228495113829,0.00582639334954449,0.0005895656300003438,0.04348430501000067,0.4161064156112655,13.065332942192313,0.04936978434355144
Surrogate_RF,63,fig5_cg0p5um_rpg2p0um__Lj12p0nH_Cj0p0fF__roL8p5mm__tee_fl160um_fc12,4.85287016324,5.21716045759,15.140575747583387,120.11707109236671,4.734598279457381,2,fig5_cg0p5um_rpg1p5um__Lj12p0nH_Cj0p0fF__roL8p5mm__tee_fl160um_fc12,4.79374824014,5.11789735856,18.8786309748764,123.35933929082648,4.718805625509781,0.013384024277374406,0.059121923100000195,0.09926309903000075,3.738055227293014,3.2422681984597688,0.015792653947599433
Surrogate_RF,63,fig5_cg0p5um_rpg2p0um__Lj12p0nH_Cj0p0fF__roL8p5mm__tee_fl160um_fc12,4.85287016324,5.21716045759,15.140575747583387,120.11707109236671,4.734598279457381,3,fig5_cg0p5um_rpg4p0um__Lj12p0nH_Cj0p0fF__roL8p5mm__tee_fl160um_fc12,4.93444795175,5.31580660647,11.014610311313628,104.66300593655608,4.723900019540444,0.015626199538256412,0.08157778850999975,0.09864614887999945,4.125965436269759,15.454065155810639,0.010698259916936514
Surrogate_RF,63,fig5_cg0p5um_rpg2p0um__Lj12p0nH_Cj0p0fF__roL8p5mm__tee_fl160um_fc12,4.85287016324,5.21716045759,15.140575747583387,120.11707109236671,4.734598279457381,4,fig5_cg0p5um_rpg4p5um__Lj12p0nH_Cj0p0fF__roL8p5mm__tee_fl160um_fc12,4.91536795129,5.15896681443,15.940627231472014,88.96160903755928,4.628479910333719,0.02076331517213907,0.06249778804999995,0.058193643160000086,0.8000514838886268,31.15546205480743,0.1061183691236618
Surrogate_RF,63,fig5_cg0p5um_rpg2p0um__Lj12p0nH_Cj0p0fF__roL8p5mm__tee_fl160um_fc12,4.85287016324,5.21716045759,15.140575747583387,120.11707109236671,4.734598279457381,5,fig5_cg0p5um_rpg5p0um__Lj12p0nH_Cj0p0fF__roL8p5mm__tee_fl160um_fc12,4.98323158095,5.19678849863,14.45415507852745,76.08639123510137,4.620459238685448,0.021011299335413687,0.13036141770999965,0.020371958960000214,0.6864206690559378,44.03067985726534,0.11413904077193315
Surrogate_RF,63,fig5_cg0p5um_rpg2p0um__Lj12p0nH_Cj0p0fF__roL8p5mm__tee_fl160um_fc12,4.85287016324,5.21716045759,15.140575747583387,120.11707109236671,4.734598279457381,6,fig5_cg0p5um_rpg1p0um__Lj12p0nH_Cj0p0fF__roL8p5mm__tee_fl160um_fc12,4.67332763234,5.16611622725,17.142235439027786,169.6815537049959,4.775652263368383,0.20484667292126146,0.17954253090000005,0.051044230340000496,2.0016596914443987,49.56448261262919,0.041053983911002234
Surrogate_RF,63,fig5_cg0p5um_rpg2p0um__Lj12p0nH_Cj0p0fF__roL8p5mm__tee_fl160um_fc12,4.85287016324,5.21716045759,15.140575747583387,120.11707109236671,4.734598279457381,7,fig5_cg1p0um_rpg5p0um__Lj12p0nH_Cj0p0fF__roL8p5mm__tee_fl160um_fc12,5.002819954,6.02791749619,4.5428961180763245,154.53491753319466,5.492192335970341,0.2917763470057691,0.14994979075999915,0.8107570385999994,10.597679629507063,34.417846440827944,0.7575940565129597
Surrogate_RF,63,fig5_cg0p5um_rpg2p0um__Lj12p0nH_Cj0p0fF__roL8p5mm__tee_fl160um_fc12,4.85287016324,5.21716045759,15.140575747583387,120.11707109236671,4.734598279457381,8,fig5_cg1p0um_rpg4p5um__Lj12p0nH_Cj0p0fF__roL8p5mm__tee_fl160um_fc12,4.92669215481,5.97329068938,5.158221075239181,170.16755028324246,5.4665157689459365,0.292555746359263,0.07382199156999913,0.7561302317899994,9.982354672344206,50.05047919087575,0.7319174894885556
Surrogate_RF,63,fig5_cg0p5um_rpg2p0um__Lj12p0nH_Cj0p0fF__roL8p5mm__tee_fl160um_fc12,4.85287016324,5.21716045759,15.140575747583387,120.11707109236671,4.734598279457381,9,fig5_cg1p0um_rpg3p5um__Lj12p0nH_Cj0p0fF__roL8p5mm__tee_fl160um_fc12,4.93012574905,5.64408869323,6.575776153987884,136.7596168514535,5.1303535459575125,0.2925762255939021,0.0772555858099997,0.42692823563999927,8.564799593595502,16.642545759086786,0.3957552665001316
Surrogate_RF,63,fig5_cg0p5um_rpg2p0um__Lj12p0nH_Cj0p0fF__roL8p5mm__tee_fl160um_fc12,4.85287016324,5.21716045759,15.140575747583387,120.11707109236671,4.734598279457381,10,fig5_cg0p5um_rpg0p5um__Lj12p0nH_Cj2p0fF__roL8p5mm__tee_fl160um_fc12,4.44465026675,4.80732283499,25.013992153053284,166.80161753124978,4.376474376069207,0.29836557366571526,0.40821989649000034,0.40983762260000045,9.873416405469897,46.68454643888306,0.358123903388174
Surrogate_RF,64,fig5_cg0p5um_rpg2p5um__Lj12p0nH_Cj0p0fF__roL8p5mm__tee_fl160um_fc12,4.86085203755,5.13967848351,17.965380264259338,105.70737983803429,4.613459377882024,1,fig5_cg0p5um_rpg3p0um__Lj12p0nH_Cj0p0fF__roL8p5mm__tee_fl160um_fc12,4.85228059761,5.17367615258,14.724469331972122,107.0517381501744,4.685228495113829,0.02706045061539297,0.00857143993999987,0.03399766906999968,3.240910932287216,1.3443583121401161,0.07176911723180535
Surrogate_RF,64,fig5_cg0p5um_rpg2p5um__Lj12p0nH_Cj0p0fF__roL8p5mm__tee_fl160um_fc12,4.86085203755,5.13967848351,17.965380264259338,105.70737983803429,4.613459377882024,2,fig5_cg0p5um_rpg4p5um__Lj12p0nH_Cj0p0fF__roL8p5mm__tee_fl160um_fc12,4.91536795129,5.15896681443,15.940627231472014,88.96160903755928,4.628479910333719,0.028982403351440138,0.05451591374000042,0.019288330920000263,2.0247530327873235,16.745770800475,0.01502053245169499
Surrogate_RF,64,fig5_cg0p5um_rpg2p5um__Lj12p0nH_Cj0p0fF__roL8p5mm__tee_fl160um_fc12,4.86085203755,5.13967848351,17.965380264259338,105.70737983803429,4.613459377882024,3,fig5_cg0p5um_rpg5p0um__Lj12p0nH_Cj0p0fF__roL8p5mm__tee_fl160um_fc12,4.98323158095,5.19678849863,14.45415507852745,76.08639123510137,4.620459238685448,0.029123243909044996,0.12237954340000012,0.057110015120000135,3.511225185731888,29.62098860293291,0.00699986080342363
Surrogate_RF,64,fig5_cg0p5um_rpg2p5um__Lj12p0nH_Cj0p0fF__roL8p5mm__tee_fl160um_fc12,4.86085203755,5.13967848351,17.965380264259338,105.70737983803429,4.613459377882024,4,fig5_cg0p5um_rpg4p0um__Lj12p0nH_Cj0p0fF__roL8p5mm__tee_fl160um_fc12,4.93444795175,5.31580660647,11.014610311313628,104.66300593655608,4.723900019540444,0.029952734512229698,0.07359591420000022,0.1761281229599998,6.950769952945709,1.0443739014782096,0.11044064165842027
Surrogate_RF,64,fig5_cg0p5um_rpg2p5um__Lj12p0nH_Cj0p0fF__roL8p5mm__tee_fl160um_fc12,4.86085203755,5.13967848351,17.965380264259338,105.70737983803429,4.613459377882024,5,fig5_cg0p5um_rpg1p5um__Lj12p0nH_Cj0p0fF__roL8p5mm__tee_fl160um_fc12,4.79374824014,5.11789735856,18.8786309748764,123.35933929082648,4.718805625509781,0.0630279838736892,0.06710379740999972,0.021781124950000397,0.9132507106170635,17.651959452792198,0.10534624762775735
Surrogate_RF,64,fig5_cg0p5um_rpg2p5um__Lj12p0nH_Cj0p0fF__roL8p5mm__tee_fl160um_fc12,4.86085203755,5.13967848351,17.965380264259338,105.70737983803429,4.613459377882024,6,fig5_cg0p5um_rpg1p0um__Lj12p0nH_Cj0p0fF__roL8p5mm__tee_fl160um_fc12,4.67332763234,5.16611622725,17.142235439027786,169.6815537049959,4.775652263368383,0.33437954191422103,0.18752440520999958,0.026437743739999853,0.8231448252315516,63.97417386696162,0.16219288548635902
Surrogate_RF,64,fig5_cg0p5um_rpg2p5um__Lj12p0nH_Cj0p0fF__roL8p5mm__tee_fl160um_fc12,4.86085203755,5.13967848351,17.965380264259338,105.70737983803429,4.613459377882024,7,fig5_cg1p0um_rpg5p0um__Lj12p0nH_Cj0p0fF__roL8p5mm__tee_fl160um_fc12,5.002819954,6.02791749619,4.5428961180763245,154.53491753319466,5.492192335970341,0.40764829820644877,0.14196791644999962,0.8882390126799997,13.422484146183013,48.82753769516037,0.8787329580883165
Surrogate_RF,64,fig5_cg0p5um_rpg2p5um__Lj12p0nH_Cj0p0fF__roL8p5mm__tee_fl160um_fc12,4.86085203755,5.13967848351,17.965380264259338,105.70737983803429,4.613459377882024,8,fig5_cg1p0um_rpg4p5um__Lj12p0nH_Cj0p0fF__roL8p5mm__tee_fl160um_fc12,4.92669215481,5.97329068938,5.158221075239181,170.16755028324246,5.4665157689459365,0.4154573560848776,0.06584011725999961,0.8336122058699997,12.807159189020156,64.46017044520818,0.8530563910639124
Surrogate_RF,64,fig5_cg0p5um_rpg2p5um__Lj12p0nH_Cj0p0fF__roL8p5mm__tee_fl160um_fc12,4.86085203755,5.13967848351,17.965380264259338,105.70737983803429,4.613459377882024,9,fig5_cg1p0um_rpg3p5um__Lj12p0nH_Cj0p0fF__roL8p5mm__tee_fl160um_fc12,4.93012574905,5.64408869323,6.575776153987884,136.7596168514535,5.1303535459575125,0.4256507844456366,0.06927371150000017,0.5044102097199996,11.389604110271453,31.052237013419216,0.5168941680754884
Surrogate_RF,64,fig5_cg0p5um_rpg2p5um__Lj12p0nH_Cj0p0fF__roL8p5mm__tee_fl160um_fc12,4.86085203755,5.13967848351,17.965380264259338,105.70737983803429,4.613459377882024,10,fig5_cg1p0um_rpg3p0um__Lj12p0nH_Cj0p0fF__roL8p5mm__tee_fl160um_fc12,4.97020205129,6.08547213388,4.887907087696076,174.11503645167113,5.736747686378181,0.4413845186477374,0.1093500137400003,0.9457936503699997,13.077473176563261,68.40765661363685,1.1232883084961571
Surrogate_RF,65,fig5_cg0p5um_rpg3p5um__Lj12p0nH_Cj0p0fF__roL8p5mm__tee_fl160um_fc12,4.95220581627,5.47066739424,9.085998195718766,122.01967618339854,4.939635258326992,1,fig5_cg1p0um_rpg3p5um__Lj12p0nH_Cj0p0fF__roL8p5mm__tee_fl160um_fc12,4.93012574905,5.64408869323,6.575776153987884,136.7596168514535,5.1303535459575125,0.14141253474769971,0.02208006722000011,0.17342129898999925,2.5102220417308816,14.739940668054956,0.19071828763052068
Surrogate_RF,65,fig5_cg0p5um_rpg3p5um__Lj12p0nH_Cj0p0fF__roL8p5mm__tee_fl160um_fc12,4.95220581627,5.47066739424,9.085998195718766,122.01967618339854,4.939635258326992,2,fig5_cg1p0um_rpg5p0um__Lj12p0nH_Cj0p0fF__roL8p5mm__tee_fl160um_fc12,5.002819954,6.02791749619,4.5428961180763245,154.53491753319466,5.492192335970341,0.14168886357577523,0.05061413772999934,0.5572501019499994,4.543102077642441,32.51524134979611,0.5525570776433488
Surrogate_RF,65,fig5_cg0p5um_rpg3p5um__Lj12p0nH_Cj0p0fF__roL8p5mm__tee_fl160um_fc12,4.95220581627,5.47066739424,9.085998195718766,122.01967618339854,4.939635258326992,3,fig5_cg1p0um_rpg4p5um__Lj12p0nH_Cj0p0fF__roL8p5mm__tee_fl160um_fc12,4.92669215481,5.97329068938,5.158221075239181,170.16755028324246,5.4665157689459365,0.14193227466443198,0.02551366146000067,0.5026232951399994,3.9277771204795844,48.14787409984392,0.5268805106189447
Surrogate_RF,65,fig5_cg0p5um_rpg3p5um__Lj12p0nH_Cj0p0fF__roL8p5mm__tee_fl160um_fc12,4.95220581627,5.47066739424,9.085998195718766,122.01967618339854,4.939635258326992,4,fig5_cg0p5um_rpg4p0um__Lj12p0nH_Cj0p0fF__roL8p5mm__tee_fl160um_fc12,4.93444795175,5.31580660647,11.014610311313628,104.66300593655608,4.723900019540444,0.1430000158110809,0.017757864520000055,0.15486078777000056,1.9286121155948628,17.35667024684247,0.21573523878654743
Surrogate_RF,65,fig5_cg0p5um_rpg3p5um__Lj12p0nH_Cj0p0fF__roL8p5mm__tee_fl160um_fc12,4.95220581627,5.47066739424,9.085998195718766,122.01967618339854,4.939635258326992,5,fig5_cg1p0um_rpg3p0um__Lj12p0nH_Cj0p0fF__roL8p5mm__tee_fl160um_fc12,4.97020205129,6.08547213388,4.887907087696076,174.11503645167113,5.736747686378181,0.14960235021903107,0.01799623502000003,0.6148047396399994,4.198091108022689,52.095360268272586,0.7971124280511894
Surrogate_RF,65,fig5_cg0p5um_rpg3p5um__Lj12p0nH_Cj0p0fF__roL8p5mm__tee_fl160um_fc12,4.95220581627,5.47066739424,9.085998195718766,122.01967618339854,4.939635258326992,6,fig5_cg0p5um_rpg3p0um__Lj12p0nH_Cj0p0fF__roL8p5mm__tee_fl160um_fc12,4.85228059761,5.17367615258,14.724469331972122,107.0517381501744,4.685228495113829,0.15175887141412364,0.09992521866000015,0.2969912416600007,5.638471136253356,14.967938033224144,0.25440676321316236
Surrogate_RF,65,fig5_cg0p5um_rpg3p5um__Lj12p0nH_Cj0p0fF__roL8p5mm__tee_fl160um_fc12,4.95220581627,5.47066739424,9.085998195718766,122.01967618339854,4.939635258326992,7,fig5_cg0p5um_rpg4p5um__Lj12p0nH_Cj0p0fF__roL8p5mm__tee_fl160um_fc12,4.91536795129,5.15896681443,15.940627231472014,88.96160903755928,4.628479910333719,0.16468114957795593,0.03683786497999986,0.3117005798100001,6.8546290357532484,33.05806714583926,0.3111553479932727
Surrogate_RF,65,fig5_cg0p5um_rpg3p5um__Lj12p0nH_Cj0p0fF__roL8p5mm__tee_fl160um_fc12,4.95220581627,5.47066739424,9.085998195718766,122.01967618339854,4.939635258326992,8,fig5_cg0p5um_rpg5p0um__Lj12p0nH_Cj0p0fF__roL8p5mm__tee_fl160um_fc12,4.98323158095,5.19678849863,14.45415507852745,76.08639123510137,4.620459238685448,0.16476169278450709,0.031025764679999845,0.27387889561000023,5.368156882808684,45.93328494829717,0.3191760196415441
Surrogate_RF,65,fig5_cg0p5um_rpg3p5um__Lj12p0nH_Cj0p0fF__roL8p5mm__tee_fl160um_fc12,4.95220581627,5.47066739424,9.085998195718766,122.01967618339854,4.939635258326992,9,fig5_cg0p5um_rpg1p5um__Lj12p0nH_Cj0p0fF__roL8p5mm__tee_fl160um_fc12,4.79374824014,5.11789735856,18.8786309748764,123.35933929082648,4.718805625509781,0.2514322389819162,0.15845757613,0.35277003568000076,9.792632779157636,1.3396631074279384,0.22082963281721035
Surrogate_RF,65,fig5_cg0p5um_rpg3p5um__Lj12p0nH_Cj0p0fF__roL8p5mm__tee_fl160um_fc12,4.95220581627,5.47066739424,9.085998195718766,122.01967618339854,4.939635258326992,10,fig5_cg1p0um_rpg2p5um__Lj12p0nH_Cj0p0fF__roL8p5mm__tee_fl160um_fc12,4.8761770008,5.99407925784,6.270368555709839,201.3919971854669,5.6148078415071,0.27049691086167443,0.07602881546999996,0.5234118635999998,2.8156296400089262,79.37232100206835,0.6751725831801085
Surrogate_RF,66,fig5_cg1p0um_rpg1p0um__Lj12p0nH_Cj0p0fF__roL8p5mm__tee_fl160um_fc12,4.67320004812,5.91640960993,8.50689958678627,269.90737452966613,5.733069631974926,1,fig5_cg1p5um_rpg1p0um__Lj12p0nH_Cj0p0fF__roL8p5mm__tee_fl160um_fc12,4.7605818776,6.21817087681,5.831666317903518,253.65164600383045,6.132701943451215,0.014852402587284848,0.08738182947999995,0.3017612668800007,2.675233268882752,16.25572852583568,0.39963231147628875
Surrogate_RF,66,fig5_cg1p0um_rpg1p0um__Lj12p0nH_Cj0p0fF__roL8p5mm__tee_fl160um_fc12,4.67320004812,5.91640960993,8.50689958678627,269.90737452966613,5.733069631974926,2,fig5_cg1p5um_rpg0p5um__Lj12p0nH_Cj0p0fF__roL8p5mm__tee_fl160um_fc12,4.58877032672,6.22033143163,7.875931111408233,340.7758897032887,6.21478508076179,0.022283610694370844,0.08442972140000027,0.30392182170000037,0.6309684753780367,70.8685151736226,0.481715448786864
Surrogate_RF,66,fig5_cg1p0um_rpg1p0um__Lj12p0nH_Cj0p0fF__roL8p5mm__tee_fl160um_fc12,4.67320004812,5.91640960993,8.50689958678627,269.90737452966613,5.733069631974926,3,fig5_cg1p0um_rpg1p5um__Lj12p0nH_Cj0p0fF__roL8p5mm__tee_fl160um_fc12,4.79990762773,5.93734773014,7.211306133548736,222.8918736386996,5.66911545033236,0.03023401836308915,0.12670757960999968,0.0209381202100003,1.295593453237534,47.015500890966536,0.06395418164256572
Surrogate_RF,66,fig5_cg1p0um_rpg1p0um__Lj12p0nH_Cj0p0fF__roL8p5mm__tee_fl160um_fc12,4.67320004812,5.91640960993,8.50689958678627,269.90737452966613,5.733069631974926,4,fig5_cg2p0um_rpg1p0um__Lj12p0nH_Cj0p0fF__roL8p5mm__tee_fl160um_fc12,4.67537317002,6.28144982257,6.80016774546051,305.861011614189,6.2286045622900525,0.04136934201783946,0.0021731219000002966,0.3650402126400003,1.7067318413257597,35.95363708452288,0.4955349303151264
Surrogate_RF,66,fig5_cg1p0um_rpg1p0um__Lj12p0nH_Cj0p0fF__roL8p5mm__tee_fl160um_fc12,4.67320004812,5.91640960993,8.50689958678627,269.90737452966613,5.733069631974926,5,chip_simple_dxm2p000_dym2p000__Lj12p0nH_Cj2p0fF__roL8p5mm__tee_fl160um_fc12_cg1p2um__rpg1p4um,4.66750846399,5.99576429238,6.200288068849563,244.5650742862331,5.692685446377873,0.04138259286297752,0.005691584130000038,0.07935468244999999,2.306611517936707,25.342300243433016,0.04038418559705281
Surrogate_RF,66,fig5_cg1p0um_rpg1p0um__Lj12p0nH_Cj0p0fF__roL8p5mm__tee_fl160um_fc12,4.67320004812,5.91640960993,8.50689958678627,269.90737452966613,5.733069631974926,6,chip_simple_dxm2p000_dym2p000__Lj12p0nH_Cj2p0fF__roL8p5mm__tee_fl160um_fc12_cg1p2um__rpg1p4um,4.66750846399,5.99576429238,6.200288068849563,244.5650742862331,5.69268544637786,0.04138259286297752,0.005691584130000038,0.07935468244999999,2.306611517936707,25.342300243433016,0.040384185597066136
Surrogate_RF,66,fig5_cg1p0um_rpg1p0um__Lj12p0nH_Cj0p0fF__roL8p5mm__tee_fl160um_fc12,4.67320004812,5.91640960993,8.50689958678627,269.90737452966613,5.733069631974926,7,chip_simple_dxm2p000_dym2p000__Lj12p0nH_Cj2p0fF__roL8p5mm__tee_fl160um_fc12_cg1p2um__rpg1p4um,4.66357232032,6.17425760616,5.776347432731628,266.16679365567177,5.948772404826305,0.04138259286297752,0.009627727799999874,0.25784799623000065,2.7305521540546422,3.740580873994361,0.21570277285137873
Surrogate_RF,66,fig5_cg1p0um_rpg1p0um__Lj12p0nH_Cj0p0fF__roL8p5mm__tee_fl160um_fc12,4.67320004812,5.91640960993,8.50689958678627,269.90737452966613,5.733069631974926,8,chip_simple_dxm10p000_dym10p000__Lj12p0nH_Cj2p0fF__roL8p5mm__tee_fl160um_fc12_cg1p2um__rpg1p4um,4.64946141178,6.18114822933,5.55338666771698,264.9235520746813,5.965679116322728,0.04138259286297752,0.023738636340000063,0.2647386194000001,2.95351291906929,4.983822454984818,0.23260948434780193
Surrogate_RF,66,fig5_cg1p0um_rpg1p0um__Lj12p0nH_Cj0p0fF__roL8p5mm__tee_fl160um_fc12,4.67320004812,5.91640960993,8.50689958678627,269.90737452966613,5.733069631974926,9,chip_simple_dxm10p000_dym9p091__Lj12p0nH_Cj2p0fF__roL8p5mm__tee_fl160um_fc12_cg1p2um__rpg1p4um,4.7754619206,6.09514600369,5.6564125673236845,226.9561488182661,5.83519743876857,0.04138259286297752,0.10226187247999974,0.1787363937600004,2.8504870194625855,42.95122571140004,0.10212780679364375
Surrogate_RF,66,fig5_cg1p0um_rpg1p0um__Lj12p0nH_Cj0p0fF__roL8p5mm__tee_fl160um_fc12,4.67320004812,5.91640960993,8.50689958678627,269.90737452966613,5.733069631974926,10,chip_simple_dxm10p000_dym8p182__Lj12p0nH_Cj2p0fF__roL8p5mm__tee_fl160um_fc12_cg1p2um__rpg1p4um,4.70878498903,6.10283717632,5.43583358929634,237.26809301618,5.8968743535962265,0.04138259286297752,0.03558494090999975,0.1864275663899999,3.0710659974899297,32.63928151348614,0.16380472162130033
Surrogate_RF,67,fig5_cg1p0um_rpg2p0um__Lj12p0nH_Cj0p0fF__roL8p5mm__tee_fl160um_fc12,4.88546910013,6.04518785501,6.151556719615936,205.9447691587804,5.705487976132026,1,fig5_cg1p0um_rpg2p5um__Lj12p0nH_Cj0p0fF__roL8p5mm__tee_fl160um_fc12,4.8761770008,5.99407925784,6.270368555709839,201.3919971854669,5.6148078415071,0.0007757921176682063,0.009292099329999637,0.051108597169999825,0.11881183609390344,4.552771973313497,0.0906801346249253
Surrogate_RF,67,fig5_cg1p0um_rpg2p0um__Lj12p0nH_Cj0p0fF__roL8p5mm__tee_fl160um_fc12,4.88546910013,6.04518785501,6.151556719615936,205.9447691587804,5.705487976132026,2,fig5_cg1p5um_rpg2p0um__Lj12p0nH_Cj0p0fF__roL8p5mm__tee_fl160um_fc12,4.87620084481,6.26170388145,4.99363361734581,218.7024888594067,5.970534325619533,0.008462287702868849,0.009268255320000307,0.2165160264399999,1.157923102270126,12.757719700626325,0.26504634948750727
Surrogate_RF,67,fig5_cg1p0um_rpg2p0um__Lj12p0nH_Cj0p0fF__roL8p5mm__tee_fl160um_fc12,4.88546910013,6.04518785501,6.151556719615936,205.9447691587804,5.705487976132026,3,fig5_cg1p5um_rpg2p5um__Lj12p0nH_Cj0p0fF__roL8p5mm__tee_fl160um_fc12,4.93882770809,6.20515259596,4.85777295016098,196.1018444801448,5.919324796967785,0.012241778151143337,0.053358607959999915,0.15996474094999957,1.293783769454956,9.842924678635598,0.21383682083575906
Surrogate_RF,67,fig5_cg1p0um_rpg2p0um__Lj12p0nH_Cj0p0fF__roL8p5mm__tee_fl160um_fc12,4.88546910013,6.04518785501,6.151556719615936,205.9447691587804,5.705487976132026,4,fig5_cg2p0um_rpg1p5um__Lj12p0nH_Cj0p0fF__roL8p5mm__tee_fl160um_fc12,4.77793609257,6.1977870086,5.346981281085967,236.19198761457903,5.968418975392394,0.02154538883047383,0.10753300755999984,0.15259915358999976,0.8045754385299686,30.247218455798645,0.26293099926036856
Surrogate_RF,67,fig5_cg1p0um_rpg2p0um__Lj12p0nH_Cj0p0fF__roL8p5mm__tee_fl160um_fc12,4.88546910013,6.04518785501,6.151556719615936,205.9447691587804,5.705487976132026,5,fig5_cg1p0um_rpg3p0um__Lj12p0nH_Cj0p0fF__roL8p5mm__tee_fl160um_fc12,4.97020205129,6.08547213388,4.887907087696076,174.11503645167113,5.736747686378181,0.022109688635297702,0.08473295116000035,0.040284278869999746,1.2636496319198596,31.829732707109258,0.03125971024615559
Surrogate_RF,67,fig5_cg1p0um_rpg2p0um__Lj12p0nH_Cj0p0fF__roL8p5mm__tee_fl160um_fc12,4.88546910013,6.04518785501,6.151556719615936,205.9447691587804,5.705487976132026,6,fig5_cg1p0um_rpg3p5um__Lj12p0nH_Cj0p0fF__roL8p5mm__tee_fl160um_fc12,4.93012574905,5.64408869323,6.575776153987884,136.7596168514535,5.1303535459575125,0.02526533890733366,0.04465664892000021,0.4010991617800004,0.4242194343719481,69.18515230732689,0.5751344301745132
Surrogate_RF,67,fig5_cg1p0um_rpg2p0um__Lj12p0nH_Cj0p0fF__roL8p5mm__tee_fl160um_fc12,4.88546910013,6.04518785501,6.151556719615936,205.9447691587804,5.705487976132026,7,fig5_cg2p0um_rpg2p5um__Lj12p0nH_Cj0p0fF__roL8p5mm__tee_fl160um_fc12,4.88081947033,6.29200362079,4.710222612869263,215.78136757047287,6.007573423867593,0.026841086229512284,0.004649629800000277,0.24681576578000008,1.4413341067466732,9.836598411692478,0.30208544773556767
Surrogate_RF,67,fig5_cg1p0um_rpg2p0um__Lj12p0nH_Cj0p0fF__roL8p5mm__tee_fl160um_fc12,4.88546910013,6.04518785501,6.151556719615936,205.9447691587804,5.705487976132026,8,fig5_cg1p0um_rpg1p5um__Lj12p0nH_Cj0p0fF__roL8p5mm__tee_fl160um_fc12,4.79990762773,5.93734773014,7.211306133548736,222.8918736386996,5.66911545033236,0.03066703859915336,0.08556147240000023,0.10784012487000005,1.0597494139328,16.947104479919204,0.03637252579966521
Surrogate_RF,67,fig5_cg1p0um_rpg2p0um__Lj12p0nH_Cj0p0fF__roL8p5mm__tee_fl160um_fc12,4.88546910013,6.04518785501,6.151556719615936,205.9447691587804,5.705487976132026,9,fig5_cg1p0um_rpg4p5um__Lj12p0nH_Cj0p0fF__roL8p5mm__tee_fl160um_fc12,4.92669215481,5.97329068938,5.158221075239181,170.16755028324246,5.4665157689459365,0.03425013770196343,0.04122305467999965,0.07189716563000026,0.9933356443767547,35.777218875537926,0.23897220718608914
Surrogate_RF,67,fig5_cg1p0um_rpg2p0um__Lj12p0nH_Cj0p0fF__roL8p5mm__tee_fl160um_fc12,4.88546910013,6.04518785501,6.151556719615936,205.9447691587804,5.705487976132026,10,fig5_cg3p0um_rpg1p5um__Lj12p0nH_Cj0p0fF__roL8p5mm__tee_fl160um_fc12,4.80934135586,6.34266483957,4.7338018228397365,237.2002446708589,6.176728175579623,0.03749561667481898,0.07612774426999991,0.29747698456000027,1.4177548967761995,31.255475512078505,0.471240199447597
Surrogate_RF,68,fig5_cg1p0um_rpg4p0um__Lj12p0nH_Cj0p0fF__roL8p5mm__tee_fl160um_fc12,4.95117759309,6.03382781382,4.543285076444626,163.8602966996751,5.582606418234732,1,fig5_cg1p5um_rpg3p0um__Lj12p0nH_Cj0p0fF__roL8p5mm__tee_fl160um_fc12,4.93361547524,6.17501216383,4.052527205030441,175.89357788253568,5.703326979965164,0.012264780019159137,0.017562117849999836,0.14118435000999963,0.4907578714141847,12.033281182860577,0.12072056173043144
Surrogate_RF,68,fig5_cg1p0um_rpg4p0um__Lj12p0nH_Cj0p0fF__roL8p5mm__tee_fl160um_fc12,4.95117759309,6.03382781382,4.543285076444626,163.8602966996751,5.582606418234732,2,fig5_cg1p0um_rpg5p0um__Lj12p0nH_Cj0p0fF__roL8p5mm__tee_fl160um_fc12,5.002819954,6.02791749619,4.5428961180763245,154.53491753319466,5.492192335970341,0.014135391369093331,0.05164236090999985,0.0059103176300006055,0.00038895836830121766,9.325379166480445,0.09041408226439174
Surrogate_RF,68,fig5_cg1p0um_rpg4p0um__Lj12p0nH_Cj0p0fF__roL8p5mm__tee_fl160um_fc12,4.95117759309,6.03382781382,4.543285076444626,163.8602966996751,5.582606418234732,3,fig5_cg1p5um_rpg4p5um__Lj12p0nH_Cj0p0fF__roL8p5mm__tee_fl160um_fc12,4.976402692,6.33017472215,3.799471869277954,182.9036327769298,5.865943595048655,0.015293164127878444,0.02522509891000002,0.29634690832999944,0.7438132071666717,19.043336077254708,0.283337176813923
Surrogate_RF,68,fig5_cg1p0um_rpg4p0um__Lj12p0nH_Cj0p0fF__roL8p5mm__tee_fl160um_fc12,4.95117759309,6.03382781382,4.543285076444626,163.8602966996751,5.582606418234732,4,fig5_cg1p5um_rpg3p5um__Lj12p0nH_Cj0p0fF__roL8p5mm__tee_fl160um_fc12,4.91739512178,6.2089293665,4.491181793327331,192.69828834759227,5.78727831204173,0.01640494858463651,0.03378247130999945,0.17510155267999927,0.05210328311729473,28.837991647917164,0.20467189380699757
Surrogate_RF,68,fig5_cg1p0um_rpg4p0um__Lj12p0nH_Cj0p0fF__roL8p5mm__tee_fl160um_fc12,4.95117759309,6.03382781382,4.543285076444626,163.8602966996751,5.582606418234732,5,fig5_cg1p0um_rpg4p5um__Lj12p0nH_Cj0p0fF__roL8p5mm__tee_fl160um_fc12,4.92669215481,5.97329068938,5.158221075239181,170.16755028324246,5.4665157689459365,0.019193648220794737,0.02448543828000016,0.06053712444000059,0.6149359987945555,6.307253583567359,0.11609064928879587
Surrogate_RF,68,fig5_cg1p0um_rpg4p0um__Lj12p0nH_Cj0p0fF__roL8p5mm__tee_fl160um_fc12,4.95117759309,6.03382781382,4.543285076444626,163.8602966996751,5.582606418234732,6,fig5_cg1p5um_rpg4p0um__Lj12p0nH_Cj0p0fF__roL8p5mm__tee_fl160um_fc12,4.87824436992,6.24826740965,4.101225070188522,195.7599725835552,5.814198941096933,0.01932347554005625,0.07293322316999973,0.21443959583000005,0.44206000625610375,31.899675883880093,0.23159252286220067
Surrogate_RF,68,fig5_cg1p0um_rpg4p0um__Lj12p0nH_Cj0p0fF__roL8p5mm__tee_fl160um_fc12,4.95117759309,6.03382781382,4.543285076444626,163.8602966996751,5.582606418234732,7,fig5_cg2p0um_rpg3p0um__Lj12p0nH_Cj0p0fF__roL8p5mm__tee_fl160um_fc12,4.90691227134,6.26460466713,4.076762608140945,192.584502898011,5.878506475506168,0.024275027413458362,0.04426532174999931,0.23077685331000009,0.4665224683036806,28.724206198335906,0.2959000572714352
Surrogate_RF,68,fig5_cg1p0um_rpg4p0um__Lj12p0nH_Cj0p0fF__roL8p5mm__tee_fl160um_fc12,4.95117759309,6.03382781382,4.543285076444626,163.8602966996751,5.582606418234732,8,fig5_cg2p0um_rpg4p5um__Lj12p0nH_Cj0p0fF__roL8p5mm__tee_fl160um_fc12,4.97284935247,6.3313693992,3.633872322338104,179.5683919798121,5.856603419743111,0.02454748653622673,0.02167175938000021,0.2975415853799994,0.9094127541065218,15.708095280137002,0.2739970015083788
Surrogate_RF,68,fig5_cg1p0um_rpg4p0um__Lj12p0nH_Cj0p0fF__roL8p5mm__tee_fl160um_fc12,4.95117759309,6.03382781382,4.543285076444626,163.8602966996751,5.582606418234732,9,fig5_cg1p5um_rpg5p0um__Lj12p0nH_Cj0p0fF__roL8p5mm__tee_fl160um_fc12,5.04323507232,6.28021289796,3.42494801615715,157.85689600124496,5.786188574995053,0.025211452980067856,0.09205747923000018,0.24638508413999993,1.1183370602874758,6.003400698430141,0.2035821567603202
Surrogate_RF,68,fig5_cg1p0um_rpg4p0um__Lj12p0nH_Cj0p0fF__roL8p5mm__tee_fl160um_fc12,4.95117759309,6.03382781382,4.543285076444626,163.8602966996751,5.582606418234732,10,fig5_cg2p0um_rpg3p5um__Lj12p0nH_Cj0p0fF__roL8p5mm__tee_fl160um_fc12,4.92988654864,6.34828832398,4.071626393825531,199.5447640637109,5.952483565984568,0.02947218236044968,0.021291044449999852,0.31446051016,0.47165868261909516,35.68446736403578,0.36987714774983527
Surrogate_RF,69,fig5_cg1p5um_rpg1p5um__Lj12p0nH_Cj0p0fF__roL8p5mm__tee_fl160um_fc12,4.70205725312,6.11538531342,6.239270386688232,258.23019357418474,5.882120056560826,1,fig5_cg2p0um_rpg1p0um__Lj12p0nH_Cj0p0fF__roL8p5mm__tee_fl160um_fc12,4.67537317002,6.28144982257,6.80016774546051,305.861011614189,6.2286045622900525,0.01340250385746726,0.026684083099999256,0.16606450914999993,0.5608973587722783,47.63081804000427,0.34648450572922673
Surrogate_RF,69,fig5_cg1p5um_rpg1p5um__Lj12p0nH_Cj0p0fF__roL8p5mm__tee_fl160um_fc12,4.70205725312,6.11538531342,6.239270386688232,258.23019357418474,5.882120056560826,2,fig5_cg2p0um_rpg1p5um__Lj12p0nH_Cj0p0fF__roL8p5mm__tee_fl160um_fc12,4.77793609257,6.1977870086,5.346981281085967,236.19198761457903,5.968418975392394,0.016451027476557613,0.07587883945000051,0.08240169517999973,0.8922891056022646,22.038205959605705,0.08629891883156837
Surrogate_RF,69,fig5_cg1p5um_rpg1p5um__Lj12p0nH_Cj0p0fF__roL8p5mm__tee_fl160um_fc12,4.70205725312,6.11538531342,6.239270386688232,258.23019357418474,5.882120056560826,3,fig5_cg1p5um_rpg2p0um__Lj12p0nH_Cj0p0fF__roL8p5mm__tee_fl160um_fc12,4.87620084481,6.26170388145,4.99363361734581,218.7024888594067,5.970534325619533,0.019970049574619505,0.17414359169000004,0.14631856802999987,1.245636769342422,39.527704714778025,0.08841426905870708
Surrogate_RF,69,fig5_cg1p5um_rpg1p5um__Lj12p0nH_Cj0p0fF__roL8p5mm__tee_fl160um_fc12,4.70205725312,6.11538531342,6.239270386688232,258.23019357418474,5.882120056560826,4,fig5_cg1p5um_rpg1p0um__Lj12p0nH_Cj0p0fF__roL8p5mm__tee_fl160um_fc12,4.7605818776,6.21817087681,5.831666317903518,253.65164600383045,6.132701943451215,0.02086784762164818,0.0585246244800004,0.10278556339000033,0.407604068784714,4.578547570354289,0.25058188689038907
Surrogate_RF,69,fig5_cg1p5um_rpg1p5um__Lj12p0nH_Cj0p0fF__roL8p5mm__tee_fl160um_fc12,4.70205725312,6.11538531342,6.239270386688232,258.23019357418474,5.882120056560826,5,fig5_cg3p0um_rpg1p0um__Lj12p0nH_Cj0p0fF__roL8p5mm__tee_fl160um_fc12,4.5918495592,6.3683346429,6.310808488025665,329.7787087605889,6.339102179225892,0.022165948803026043,0.11020769391999963,0.2529493294799998,0.07153810133743299,71.54851518640419,0.45698212266506655
Surrogate_RF,69,fig5_cg1p5um_rpg1p5um__Lj12p0nH_Cj0p0fF__roL8p5mm__tee_fl160um_fc12,4.70205725312,6.11538531342,6.239270386688232,258.23019357418474,5.882120056560826,6,fig5_cg4p5um_rpg1p0um__Lj12p0nH_Cj0p0fF__roL8p5mm__tee_fl160um_fc12,4.66547453942,6.44365646453,5.568490972890854,305.09213979648246,6.526420054379522,0.023915776678187353,0.03658271369999966,0.32827115111000005,0.6707794137973782,46.86194622229772,0.6442999978186963
Surrogate_RF,69,fig5_cg1p5um_rpg1p5um__Lj12p0nH_Cj0p0fF__roL8p5mm__tee_fl160um_fc12,4.70205725312,6.11538531342,6.239270386688232,258.23019357418474,5.882120056560826,7,fig5_cg5p0um_rpg1p0um__Lj12p0nH_Cj0p0fF__roL8p5mm__tee_fl160um_fc12,4.67009412056,6.40368347107,5.386180753400803,292.5653068578806,6.313414733179575,0.023915776678187353,0.03196313255999961,0.2882981576499999,0.8530896332874294,34.335113283695875,0.4312946766187489
Surrogate_RF,69,fig5_cg1p5um_rpg1p5um__Lj12p0nH_Cj0p0fF__roL8p5mm__tee_fl160um_fc12,4.70205725312,6.11538531342,6.239270386688232,258.23019357418474,5.882120056560826,8,fig5_cg3p0um_rpg1p5um__Lj12p0nH_Cj0p0fF__roL8p5mm__tee_fl160um_fc12,4.80934135586,6.34266483957,4.7338018228397365,237.2002446708589,6.176728175579623,0.02416754257783127,0.10728410274000044,0.22727952615000024,1.5054685638484955,21.029948903325845,0.2946081190187968
Surrogate_RF,69,fig5_cg1p5um_rpg1p5um__Lj12p0nH_Cj0p0fF__roL8p5mm__tee_fl160um_fc12,4.70205725312,6.11538531342,6.239270386688232,258.23019357418474,5.882120056560826,9,fig5_cg3p5um_rpg1p0um__Lj12p0nH_Cj0p0fF__roL8p5mm__tee_fl160um_fc12,4.65151549232,6.42206990109,5.782993409578324,310.4906595751157,6.336782825594393,0.024333745641701574,0.050541760799999835,0.3066845876700004,0.45627697710990756,52.26046600093099,0.4546627690335674
Surrogate_RF,69,fig5_cg1p5um_rpg1p5um__Lj12p0nH_Cj0p0fF__roL8p5mm__tee_fl160um_fc12,4.70205725312,6.11538531342,6.239270386688232,258.23019357418474,5.882120056560826,10,fig5_cg3p5um_rpg1p5um__Lj12p0nH_Cj0p0fF__roL8p5mm__tee_fl160um_fc12,4.70486631048,6.33112792154,5.111963850152969,266.195772124899,6.191175501007713,0.02666699670143246,0.0028090573600003665,0.21574260812000023,1.1273065365352632,7.96557855071427,0.30905544444688715
Surrogate_RF,70,fig5_cg2p5um_rpg1p5um__Lj12p0nH_Cj0p0fF__roL8p5mm__tee_fl160um_fc12,4.80241603649,6.29023464501,4.767015867277145,231.6400696953025,6.131116456786552,1,fig5_cg2p5um_rpg2p0um__Lj12p0nH_Cj0p0fF__roL8p5mm__tee_fl160um_fc12,4.82985966256,6.3640851834,4.45615377314949,229.1245415394613,6.124821045393385,0.0005967128009849844,0.027443626069999283,0.07385053839000033,0.3108620941276552,2.5155281558411957,0.0062954113931672495
Surrogate_RF,70,fig5_cg2p5um_rpg1p5um__Lj12p0nH_Cj0p0fF__roL8p5mm__tee_fl160um_fc12,4.80241603649,6.29023464501,4.767015867277145,231.6400696953025,6.131116456786552,2,fig5_cg3p0um_rpg2p0um__Lj12p0nH_Cj0p0fF__roL8p5mm__tee_fl160um_fc12,4.85591843529,6.44095110726,4.270610977590561,230.04663618304903,6.1997071597004,0.0012196505506425043,0.053502398799999185,0.15071646225000013,0.496404889686584,1.5934335122534549,0.0685907029138475
Surrogate_RF,70,fig5_cg2p5um_rpg1p5um__Lj12p0nH_Cj0p0fF__roL8p5mm__tee_fl160um_fc12,4.80241603649,6.29023464501,4.767015867277145,231.6400696953025,6.131116456786552,3,fig5_cg2p5um_rpg2p5um__Lj12p0nH_Cj0p0fF__roL8p5mm__tee_fl160um_fc12,4.86782605146,6.40620544852,4.850844314466476,237.9905673388129,6.17514285459043,0.0014443984472407487,0.06541001496999943,0.11597080350999978,0.08382844718933136,6.350497643510408,0.044026397803877515
Surrogate_RF,70,fig5_cg2p5um_rpg1p5um__Lj12p0nH_Cj0p0fF__roL8p5mm__tee_fl160um_fc12,4.80241603649,6.29023464501,4.767015867277145,231.6400696953025,6.131116456786552,4,fig5_cg3p0um_rpg1p5um__Lj12p0nH_Cj0p0fF__roL8p5mm__tee_fl160um_fc12,4.80934135586,6.34266483957,4.7338018228397365,237.2002446708589,6.176728175579623,0.0020423458031268112,0.006925319369999627,0.05243019456000031,0.033214044437408496,5.560174975556407,0.045611718793070466
Surrogate_RF,70,fig5_cg2p5um_rpg1p5um__Lj12p0nH_Cj0p0fF__roL8p5mm__tee_fl160um_fc12,4.80241603649,6.29023464501,4.767015867277145,231.6400696953025,6.131116456786552,5,fig5_cg3p0um_rpg2p5um__Lj12p0nH_Cj0p0fF__roL8p5mm__tee_fl160um_fc12,4.89777742204,6.34923094667,4.391671866830825,213.14051325530752,6.096625432754106,0.0021588245926303417,0.09536138554999951,0.058996301659999695,0.37534400044631955,18.49955643999496,0.034491024032446305
Surrogate_RF,70,fig5_cg2p5um_rpg1p5um__Lj12p0nH_Cj0p0fF__roL8p5mm__tee_fl160um_fc12,4.80241603649,6.29023464501,4.767015867277145,231.6400696953025,6.131116456786552,6,fig5_cg5p0um_rpg1p5um__Lj12p0nH_Cj0p0fF__roL8p5mm__tee_fl160um_fc12,4.78104020561,6.40912743907,4.688513258781433,251.19081153078065,6.311876326449141,0.00218723036417412,0.02137583088000028,0.11889279405999975,0.07850260849571189,19.550741835478163,0.18075986966258917
Surrogate_RF,70,fig5_cg2p5um_rpg1p5um__Lj12p0nH_Cj0p0fF__roL8p5mm__tee_fl160um_fc12,4.80241603649,6.29023464501,4.767015867277145,231.6400696953025,6.131116456786552,7,fig5_cg3p5um_rpg2p0um__Lj12p0nH_Cj0p0fF__roL8p5mm__tee_fl160um_fc12,4.78544785971,6.42909571039,4.586441499513626,250.3896145461569,6.177842469599042,0.002635630796866503,0.016968176780000732,0.13886106538000043,0.1805743677635192,18.74954485085442,0.046726012812490225
Surrogate_RF,70,fig5_cg2p5um_rpg1p5um__Lj12p0nH_Cj0p0fF__roL8p5mm__tee_fl160um_fc12,4.80241603649,6.29023464501,4.767015867277145,231.6400696953025,6.131116456786552,8,fig5_cg2p0um_rpg2p5um__Lj12p0nH_Cj0p0fF__roL8p5mm__tee_fl160um_fc12,4.88081947033,6.29200362079,4.710222612869263,215.78136757047287,6.007573423867593,0.0026867497951191008,0.07840343383999926,0.001768975780000126,0.05679325440788219,15.85870212482962,0.12354303291895885
Surrogate_RF,70,fig5_cg2p5um_rpg1p5um__Lj12p0nH_Cj0p0fF__roL8p5mm__tee_fl160um_fc12,4.80241603649,6.29023464501,4.767015867277145,231.6400696953025,6.131116456786552,9,fig5_cg3p5um_rpg2p5um__Lj12p0nH_Cj0p0fF__roL8p5mm__tee_fl160um_fc12,4.85348773769,6.38790903463,4.356288998512268,225.5893196577544,6.102737650921461,0.002976441671455314,0.05107170119999971,0.09767438961999986,0.4107268687648773,6.0507500375480845,0.028378805865091117
Surrogate_RF,70,fig5_cg2p5um_rpg1p5um__Lj12p0nH_Cj0p0fF__roL8p5mm__tee_fl160um_fc12,4.80241603649,6.29023464501,4.767015867277145,231.6400696953025,6.131116456786552,10,fig5_cg5p0um_rpg2p5um__Lj12p0nH_Cj0p0fF__roL8p5mm__tee_fl160um_fc12,4.81774089875,6.23547817573,4.9252252214355465,224.50085102947097,5.919781007367641,0.0032498774819858215,0.01532486225999996,0.05475646928,0.15820935415840154,7.139218665831521,0.21133544941891103
Surrogate_RF,71,fig5_cg3p0um_rpg0p5um__Lj12p0nH_Cj0p0fF__roL8p5mm__tee_fl160um_fc12,4.47188676231,6.35862255887,6.674660419145583,369.2900233258177,6.365138339891879,1,fig5_cg3p5um_rpg0p5um__Lj12p0nH_Cj0p0fF__roL8p5mm__tee_fl160um_fc12,4.48458805947,6.33290774525,6.273954957790375,350.28792536348936,6.333902670879128,0.001452372679702355,0.012701297160000458,0.02571481361999961,0.40070546135520857,19.00209796232832,0.031235669012750655
Surrogate_RF,71,fig5_cg3p0um_rpg0p5um__Lj12p0nH_Cj0p0fF__roL8p5mm__tee_fl160um_fc12,4.47188676231,6.35862255887,6.674660419145583,369.2900233258177,6.365138339891879,2,fig5_cg4p0um_rpg0p5um__Lj12p0nH_Cj0p0fF__roL8p5mm__tee_fl160um_fc12,4.52155001594,6.39443554908,6.552557450353622,359.2700242399351,6.454069012219757,0.0016265193388170836,0.04966325363000035,0.03581299021000017,0.12210296879196125,10.019999085882603,0.08893067232787821
Surrogate_RF,71,fig5_cg3p0um_rpg0p5um__Lj12p0nH_Cj0p0fF__roL8p5mm__tee_fl160um_fc12,4.47188676231,6.35862255887,6.674660419145583,369.2900233258177,6.365138339891879,3,fig5_cg2p5um_rpg0p5um__Lj12p0nH_Cj0p0fF__roL8p5mm__tee_fl160um_fc12,4.54592211662,6.38743350129,6.768334062421799,357.27924141069707,6.438170117514996,0.003302970044357811,0.0740353543100003,0.028810942420000707,0.0936736432762153,12.010781915120617,0.0730317776231173
Surrogate_RF,71,fig5_cg3p0um_rpg0p5um__Lj12p0nH_Cj0p0fF__roL8p5mm__tee_fl160um_fc12,4.47188676231,6.35862255887,6.674660419145583,369.2900233258177,6.365138339891879,4,fig5_cg4p5um_rpg0p5um__Lj12p0nH_Cj0p0fF__roL8p5mm__tee_fl160um_fc12,4.51249644149,6.35090511355,6.372151983530045,348.6053033569676,6.370880057120116,0.0036169419690928674,0.040609679180000136,0.00771744531999996,0.30250843561553875,20.68471996885006,0.005741717228237242
Surrogate_RF,71,fig5_cg3p0um_rpg0p5um__Lj12p0nH_Cj0p0fF__roL8p5mm__tee_fl160um_fc12,4.47188676231,6.35862255887,6.674660419145583,369.2900233258177,6.365138339891879,5,fig5_cg5p0um_rpg0p5um__Lj12p0nH_Cj0p0fF__roL8p5mm__tee_fl160um_fc12,4.54852290045,6.34578466778,6.117417553102493,331.8522825685193,6.365348751829195,0.0036169419690928674,0.07663613814000048,0.012837891089999331,0.5572428660430901,37.4377407572984,0.0002104119373163016
Surrogate_RF,71,fig5_cg3p0um_rpg0p5um__Lj12p0nH_Cj0p0fF__roL8p5mm__tee_fl160um_fc12,4.47188676231,6.35862255887,6.674660419145583,369.2900233258177,6.365138339891879,6,fig5_cg2p0um_rpg0p5um__Lj12p0nH_Cj0p0fF__roL8p5mm__tee_fl160um_fc12,4.56457478395,6.29107307619,7.123120399354934,343.529891336186,6.286368287736043,0.011858789448255684,0.09268802164000078,0.0675494826799996,0.44845998020935074,25.760131989631702,0.07877005215583566
Surrogate_RF,71,fig5_cg3p0um_rpg0p5um__Lj12p0nH_Cj0p0fF__roL8p5mm__tee_fl160um_fc12,4.47188676231,6.35862255887,6.674660419145583,369.2900233258177,6.365138339891879,7,fig5_cg3p0um_rpg1p0um__Lj12p0nH_Cj0p0fF__roL8p5mm__tee_fl160um_fc12,4.5918495592,6.3683346429,6.310808488025665,329.7787087605889,6.339102179225892,0.020049926348205092,0.11996279689000033,0.009712084030000234,0.3638519311199184,39.51131456522876,0.026036160665986685
Surrogate_RF,71,fig5_cg3p0um_rpg0p5um__Lj12p0nH_Cj0p0fF__roL8p5mm__tee_fl160um_fc12,4.47188676231,6.35862255887,6.674660419145583,369.2900233258177,6.365138339891879,8,fig5_cg3p5um_rpg1p0um__Lj12p0nH_Cj0p0fF__roL8p5mm__tee_fl160um_fc12,4.65151549232,6.42206990109,5.782993409578324,310.4906595751157,6.336782825594393,0.021158218630893483,0.17962873001000013,0.06344734222000081,0.891667009567259,58.79936375070196,0.02835551429748584
Surrogate_RF,71,fig5_cg3p0um_rpg0p5um__Lj12p0nH_Cj0p0fF__roL8p5mm__tee_fl160um_fc12,4.47188676231,6.35862255887,6.674660419145583,369.2900233258177,6.365138339891879,9,fig5_cg2p0um_rpg1p0um__Lj12p0nH_Cj0p0fF__roL8p5mm__tee_fl160um_fc12,4.67537317002,6.28144982257,6.80016774546051,305.861011614189,6.2286045622900525,0.02306100599560316,0.2034864077100007,0.07717273629999966,0.1255073263149269,63.429011711628675,0.1365337776018265
Surrogate_RF,71,fig5_cg3p0um_rpg0p5um__Lj12p0nH_Cj0p0fF__roL8p5mm__tee_fl160um_fc12,4.47188676231,6.35862255887,6.674660419145583,369.2900233258177,6.365138339891879,10,fig5_cg4p5um_rpg1p0um__Lj12p0nH_Cj0p0fF__roL8p5mm__tee_fl160um_fc12,4.66547453942,6.44365646453,5.568490972890854,305.09213979648246,6.526420054379522,0.026038979064988185,0.1935877771100003,0.08503390566000046,1.1061694462547296,64.19788352933523,0.16128171448764306
Surrogate_RF,72,fig5_cg3p0um_rpg3p5um__Lj12p0nH_Cj0p0fF__roL8p5mm__tee_fl160um_fc12,4.92829096791,6.45957340168,3.572039231496811,200.6949020597348,6.130580680249026,1,fig5_cg3p5um_rpg4p0um__Lj12p0nH_Cj0p0fF__roL8p5mm__tee_fl160um_fc12,4.9416939411,6.51548606738,3.315546014060974,197.788389720846,6.147249764815354,0.0007387070633891648,0.013402973189999834,0.0559126657000002,0.25649321743583675,2.9065123388888026,0.01666908456632754
Surrogate_RF,72,fig5_cg3p0um_rpg3p5um__Lj12p0nH_Cj0p0fF__roL8p5mm__tee_fl160um_fc12,4.92829096791,6.45957340168,3.572039231496811,200.6949020597348,6.130580680249026,2,fig5_cg3p5um_rpg4p5um__Lj12p0nH_Cj0p0fF__roL8p5mm__tee_fl160um_fc12,4.93974901061,6.38397286003,3.69327575235939,192.8740906594917,5.933832041481957,0.0018397643153244899,0.01145804270000017,0.07560054165000007,0.12123652086257941,7.8208114002430875,0.19674863876706894
Surrogate_RF,72,fig5_cg3p0um_rpg3p5um__Lj12p0nH_Cj0p0fF__roL8p5mm__tee_fl160um_fc12,4.92829096791,6.45957340168,3.572039231496811,200.6949020597348,6.130580680249026,3,fig5_cg3p0um_rpg4p0um__Lj12p0nH_Cj0p0fF__roL8p5mm__tee_fl160um_fc12,4.940704631,6.42408762791,3.4702477960357663,191.51572092370972,6.040377137923779,0.0024022625672879376,0.012413663090000249,0.035485773770000506,0.10179143546104452,9.179181136025079,0.09020354232524674
Surrogate_RF,72,fig5_cg3p0um_rpg3p5um__Lj12p0nH_Cj0p0fF__roL8p5mm__tee_fl160um_fc12,4.92829096791,6.45957340168,3.572039231496811,200.6949020597348,6.130580680249026,4,fig5_cg3p5um_rpg3p5um__Lj12p0nH_Cj0p0fF__roL8p5mm__tee_fl160um_fc12,4.88834773081,6.55440012204,3.58235393236351,219.15970791952185,6.190036689460878,0.00249444389052181,0.03994323710000014,0.0948267203599995,0.010314700866699056,18.46480585978705,0.05945600921185168
Surrogate_RF,72,fig5_cg3p0um_rpg3p5um__Lj12p0nH_Cj0p0fF__roL8p5mm__tee_fl160um_fc12,4.92829096791,6.45957340168,3.572039231496811,200.6949020597348,6.130580680249026,5,fig5_cg4p0um_rpg4p5um__Lj12p0nH_Cj0p0fF__roL8p5mm__tee_fl160um_fc12,4.92435526103,6.48519909443,3.5933491122837067,205.0387458671971,6.080993342285782,0.0029010245669297877,0.003935706880000112,0.025625692750000262,0.021309880786895885,4.343843807462292,0.04958733796324388
Surrogate_RF,72,fig5_cg3p0um_rpg3p5um__Lj12p0nH_Cj0p0fF__roL8p5mm__tee_fl160um_fc12,4.92829096791,6.45957340168,3.572039231496811,200.6949020597348,6.130580680249026,6,fig5_cg2p5um_rpg4p0um__Lj12p0nH_Cj0p0fF__roL8p5mm__tee_fl160um_fc12,4.97746029131,6.34846078021,3.4394829423675537,176.0279190752371,5.892001031860305,0.0030930297261871098,0.04916932340000013,0.11111262147000023,0.1325562891292571,24.666982984497707,0.23857964838872103
Surrogate_RF,72,fig5_cg3p0um_rpg3p5um__Lj12p0nH_Cj0p0fF__roL8p5mm__tee_fl160um_fc12,4.92829096791,6.45957340168,3.572039231496811,200.6949020597348,6.130580680249026,7,fig5_cg3p0um_rpg3p0um__Lj12p0nH_Cj0p0fF__roL8p5mm__tee_fl160um_fc12,4.91022642408,6.30951729449,3.4180947746620176,181.0996536786009,5.916928558404827,0.0034232608700442866,0.018064543829999558,0.15005610719000018,0.1539444568347932,19.5952483811339,0.21365212184419935
Surrogate_RF,72,fig5_cg3p0um_rpg3p5um__Lj12p0nH_Cj0p0fF__roL8p5mm__tee_fl160um_fc12,4.92829096791,6.45957340168,3.572039231496811,200.6949020597348,6.130580680249026,8,fig5_cg4p5um_rpg4p0um__Lj12p0nH_Cj0p0fF__roL8p5mm__tee_fl160um_fc12,4.95508593508,6.46782847243,3.2292443212566373,187.6687400196612,6.101974945599373,0.0034996684455088035,0.02679496716999985,0.00825507074999976,0.3427949102401735,13.026162040073615,0.02860573464965288
Surrogate_RF,72,fig5_cg3p0um_rpg3p5um__Lj12p0nH_Cj0p0fF__roL8p5mm__tee_fl160um_fc12,4.92829096791,6.45957340168,3.572039231496811,200.6949020597348,6.130580680249026,9,fig5_cg5p0um_rpg3p5um__Lj12p0nH_Cj0p0fF__roL8p5mm__tee_fl160um_fc12,4.8449296474,6.49114766601,3.579725257246017,218.56513466245417,6.134914389553229,0.003569646237247092,0.08336132050999989,0.03157426432999966,0.007686025749206404,17.87023260271937,0.0043337093042028485
Surrogate_RF,72,fig5_cg3p0um_rpg3p5um__Lj12p0nH_Cj0p0fF__roL8p5mm__tee_fl160um_fc12,4.92829096791,6.45957340168,3.572039231496811,200.6949020597348,6.130580680249026,10,fig5_cg2p5um_rpg3p5um__Lj12p0nH_Cj0p0fF__roL8p5mm__tee_fl160um_fc12,4.90933450729,6.40357690957,3.7329917837715145,201.2880257934344,6.003674917928219,0.003834319377305099,0.018956460620000115,0.05599649211000024,0.16095255227470373,0.5931237336995991,0.1269057623208072
Surrogate_RF,73,fig5_cg4p0um_rpg1p0um__Lj12p0nH_Cj0p0fF__roL8p5mm__tee_fl160um_fc12,4.65945895488,6.36376571745,5.935812954275131,303.21066175889354,6.3354729376276495,1,fig5_cg3p5um_rpg1p0um__Lj12p0nH_Cj0p0fF__roL8p5mm__tee_fl160um_fc12,4.65151549232,6.42206990109,5.782993409578324,310.4906595751157,6.336782825594393,0.00013205378032492786,0.007943462560000114,0.05830418364000067,0.1528195446968068,7.279997816222192,0.0013098879667436947
Surrogate_RF,73,fig5_cg4p0um_rpg1p0um__Lj12p0nH_Cj0p0fF__roL8p5mm__tee_fl160um_fc12,4.65945895488,6.36376571745,5.935812954275131,303.21066175889354,6.3354729376276495,2,fig5_cg4p5um_rpg1p0um__Lj12p0nH_Cj0p0fF__roL8p5mm__tee_fl160um_fc12,4.66547453942,6.44365646453,5.568490972890854,305.09213979648246,6.526420054379522,0.0003317692407249139,0.006015584540000063,0.07989074708000032,0.3673219813842774,1.88147803758892,0.1909471167518726
Surrogate_RF,73,fig5_cg4p0um_rpg1p0um__Lj12p0nH_Cj0p0fF__roL8p5mm__tee_fl160um_fc12,4.65945895488,6.36376571745,5.935812954275131,303.21066175889354,6.3354729376276495,3,fig5_cg5p0um_rpg1p0um__Lj12p0nH_Cj0p0fF__roL8p5mm__tee_fl160um_fc12,4.67009412056,6.40368347107,5.386180753400803,292.5653068578806,6.313414733179575,0.0003317692407249139,0.010635165680000114,0.03991775362000016,0.5496322008743286,10.645354901012922,0.022058204448074825
Surrogate_RF,73,fig5_cg4p0um_rpg1p0um__Lj12p0nH_Cj0p0fF__roL8p5mm__tee_fl160um_fc12,4.65945895488,6.36376571745,5.935812954275131,303.21066175889354,6.3354729376276495,4,fig5_cg3p0um_rpg1p0um__Lj12p0nH_Cj0p0fF__roL8p5mm__tee_fl160um_fc12,4.5918495592,6.3683346429,6.310808488025665,329.7787087605889,6.339102179225892,0.00037085161122289397,0.0676093956799999,0.004568925450000094,0.37499553375053374,26.56804700169539,0.0036292415982428494
Surrogate_RF,73,fig5_cg4p0um_rpg1p0um__Lj12p0nH_Cj0p0fF__roL8p5mm__tee_fl160um_fc12,4.65945895488,6.36376571745,5.935812954275131,303.21066175889354,6.3354729376276495,5,fig5_cg2p0um_rpg1p0um__Lj12p0nH_Cj0p0fF__roL8p5mm__tee_fl160um_fc12,4.67537317002,6.28144982257,6.80016774546051,305.861011614189,6.2286045622900525,0.0043818267275333705,0.015914215140000465,0.0823158948799998,0.8643547911853791,2.650349855295474,0.10686837533759697
Surrogate_RF,73,fig5_cg4p0um_rpg1p0um__Lj12p0nH_Cj0p0fF__roL8p5mm__tee_fl160um_fc12,4.65945895488,6.36376571745,5.935812954275131,303.21066175889354,6.3354729376276495,6,fig5_cg4p5um_rpg0p5um__Lj12p0nH_Cj0p0fF__roL8p5mm__tee_fl160um_fc12,4.51249644149,6.35090511355,6.372151983530045,348.6053033569676,6.370880057120116,0.012415818738115819,0.1469625133900001,0.0128606039000001,0.4363390292549134,45.39464159807409,0.035407119492466776
Surrogate_RF,73,fig5_cg4p0um_rpg1p0um__Lj12p0nH_Cj0p0fF__roL8p5mm__tee_fl160um_fc12,4.65945895488,6.36376571745,5.935812954275131,303.21066175889354,6.3354729376276495,7,fig5_cg5p0um_rpg0p5um__Lj12p0nH_Cj0p0fF__roL8p5mm__tee_fl160um_fc12,4.54852290045,6.34578466778,6.117417553102493,331.8522825685193,6.365348751829195,0.012415818738115819,0.11093605442999976,0.01798104966999947,0.18160459882736202,28.64162080962575,0.029875814201545836
Surrogate_RF,73,fig5_cg4p0um_rpg1p0um__Lj12p0nH_Cj0p0fF__roL8p5mm__tee_fl160um_fc12,4.65945895488,6.36376571745,5.935812954275131,303.21066175889354,6.3354729376276495,8,fig5_cg4p0um_rpg0p5um__Lj12p0nH_Cj0p0fF__roL8p5mm__tee_fl160um_fc12,4.52155001594,6.39443554908,6.552557450353622,359.2700242399351,6.454069012219757,0.018374394883441218,0.1379089389399999,0.030669831630000033,0.6167444960784909,56.059362481041546,0.11859607459210775
Surrogate_RF,73,fig5_cg4p0um_rpg1p0um__Lj12p0nH_Cj0p0fF__roL8p5mm__tee_fl160um_fc12,4.65945895488,6.36376571745,5.935812954275131,303.21066175889354,6.3354729376276495,9,fig5_cg3p5um_rpg0p5um__Lj12p0nH_Cj0p0fF__roL8p5mm__tee_fl160um_fc12,4.48458805947,6.33290774525,6.273954957790375,350.28792536348936,6.333902670879128,0.019984572828043994,0.17487089540999978,0.03085797219999975,0.3381420035152436,47.07726360459583,0.0015702667485211208
Surrogate_RF,73,fig5_cg4p0um_rpg1p0um__Lj12p0nH_Cj0p0fF__roL8p5mm__tee_fl160um_fc12,4.65945895488,6.36376571745,5.935812954275131,303.21066175889354,6.3354729376276495,10,fig5_cg2p5um_rpg0p5um__Lj12p0nH_Cj0p0fF__roL8p5mm__tee_fl160um_fc12,4.54592211662,6.38743350129,6.768334062421799,357.27924141069707,6.438170117514996,0.02752290260494156,0.11353683825999994,0.023667783840000567,0.8325211081466675,54.06857965180353,0.10269717988734683
Surrogate_RF,74,fig5_cg4p0um_rpg3p0um__Lj12p0nH_Cj0p0fF__roL8p5mm__tee_fl160um_fc12,4.87667302103,6.48726366025,3.8455599045352935,220.61578723885552,6.219368413627765,1,fig5_cg4p5um_rpg3p0um__Lj12p0nH_Cj0p0fF__roL8p5mm__tee_fl160um_fc12,4.83995157357,6.4987501229,3.8456828279762254,228.4924012088084,6.243127364960313,0.00027409074186013317,0.03672144746000061,0.011486462649999751,0.0001229234409318991,7.876613969952871,0.023758951332547795
Surrogate_RF,74,fig5_cg4p0um_rpg3p0um__Lj12p0nH_Cj0p0fF__roL8p5mm__tee_fl160um_fc12,4.87667302103,6.48726366025,3.8455599045352935,220.61578723885552,6.219368413627765,2,fig5_cg4p5um_rpg3p5um__Lj12p0nH_Cj0p0fF__roL8p5mm__tee_fl160um_fc12,4.88861160423,6.4734435094,3.773440051719665,214.72133803964505,6.083690932056749,0.0011932677097723947,0.011938583200000075,0.01382015084999999,0.0721198528156286,5.89444919921047,0.13567748157101622
Surrogate_RF,74,fig5_cg4p0um_rpg3p0um__Lj12p0nH_Cj0p0fF__roL8p5mm__tee_fl160um_fc12,4.87667302103,6.48726366025,3.8455599045352935,220.61578723885552,6.219368413627765,3,fig5_cg5p0um_rpg3p5um__Lj12p0nH_Cj0p0fF__roL8p5mm__tee_fl160um_fc12,4.8449296474,6.49114766601,3.579725257246017,218.56513466245417,6.134914389553229,0.0013882974389070153,0.03174337363000035,0.003884005759999809,0.2658346472892763,2.0506525764013475,0.08445402407453617
Surrogate_RF,74,fig5_cg4p0um_rpg3p0um__Lj12p0nH_Cj0p0fF__roL8p5mm__tee_fl160um_fc12,4.87667302103,6.48726366025,3.8455599045352935,220.61578723885552,6.219368413627765,4,fig5_cg3p5um_rpg3p5um__Lj12p0nH_Cj0p0fF__roL8p5mm__tee_fl160um_fc12,4.88834773081,6.55440012204,3.58235393236351,219.15970791952185,6.190036689460878,0.0015560525207680988,0.011674709779999404,0.06713646178999966,0.26320597217178365,1.4560793193336679,0.02933172416688734
Surrogate_RF,74,fig5_cg4p0um_rpg3p0um__Lj12p0nH_Cj0p0fF__roL8p5mm__tee_fl160um_fc12,4.87667302103,6.48726366025,3.8455599045352935,220.61578723885552,6.219368413627765,5,fig5_cg2p5um_rpg3p5um__Lj12p0nH_Cj0p0fF__roL8p5mm__tee_fl160um_fc12,4.90933450729,6.40357690957,3.7329917837715145,201.2880257934344,6.003674917928219,0.0060847151769680245,0.03266148625999943,0.08368675068000009,0.11256812076377898,19.327761445421118,0.2156934956995462
Surrogate_RF,74,fig5_cg4p0um_rpg3p0um__Lj12p0nH_Cj0p0fF__roL8p5mm__tee_fl160um_fc12,4.87667302103,6.48726366025,3.8455599045352935,220.61578723885552,6.219368413627765,6,fig5_cg3p0um_rpg3p0um__Lj12p0nH_Cj0p0fF__roL8p5mm__tee_fl160um_fc12,4.91022642408,6.30951729449,3.4180947746620176,181.0996536786009,5.916928558404827,0.0062676331164477316,0.033553403049999986,0.17774636576000002,0.4274651298732759,39.516133560254616,0.30243985522293837
Surrogate_RF,74,fig5_cg4p0um_rpg3p0um__Lj12p0nH_Cj0p0fF__roL8p5mm__tee_fl160um_fc12,4.87667302103,6.48726366025,3.8455599045352935,220.61578723885552,6.219368413627765,7,fig5_cg2p5um_rpg3p0um__Lj12p0nH_Cj0p0fF__roL8p5mm__tee_fl160um_fc12,4.8216114018,6.30639910885,4.078658870691299,212.78053759295764,5.96985922957307,0.00632679325935717,0.05506161922999997,0.18086455140000002,0.2330989661560059,7.835249645897875,0.2495091840546948
Surrogate_RF,74,fig5_cg4p0um_rpg3p0um__Lj12p0nH_Cj0p0fF__roL8p5mm__tee_fl160um_fc12,4.87667302103,6.48726366025,3.8455599045352935,220.61578723885552,6.219368413627765,8,fig5_cg2p0um_rpg3p5um__Lj12p0nH_Cj0p0fF__roL8p5mm__tee_fl160um_fc12,4.92988654864,6.34828832398,4.071626393825531,199.5447640637109,5.952483565984568,0.009387213836908687,0.053213527609999645,0.1389753362699997,0.2260664892902371,21.07102317514463,0.26688484764319753
Surrogate_RF,74,fig5_cg4p0um_rpg3p0um__Lj12p0nH_Cj0p0fF__roL8p5mm__tee_fl160um_fc12,4.87667302103,6.48726366025,3.8455599045352935,220.61578723885552,6.219368413627765,9,fig5_cg4p5um_rpg2p5um__Lj12p0nH_Cj0p0fF__roL8p5mm__tee_fl160um_fc12,4.8208314661,6.41561937046,4.202300157867431,231.21565590524023,6.118632919744756,0.011037943953497104,0.05584155493000065,0.07164428979000004,0.35674025333213777,10.599868666384708,0.1007354938830094
Surrogate_RF,74,fig5_cg4p0um_rpg3p0um__Lj12p0nH_Cj0p0fF__roL8p5mm__tee_fl160um_fc12,4.87667302103,6.48726366025,3.8455599045352935,220.61578723885552,6.219368413627765,10,fig5_cg4p0um_rpg2p5um__Lj12p0nH_Cj0p0fF__roL8p5mm__tee_fl160um_fc12,4.84081846419,6.4170299131,4.2439929298172,228.91083087667948,6.164372524451142,0.011423132682816946,0.035854556840000384,0.07023374714999964,0.39843302528190616,8.295043637823966,0.0549958891766229
Surrogate_RF,75,fig5_cg4p0um_rpg4p0um__Lj12p0nH_Cj0p0fF__roL8p5mm__tee_fl160um_fc12,4.91173736256,6.48757988444,3.574671320106506,206.84312713324428,6.121370375963318,1,fig5_cg3p5um_rpg3p5um__Lj12p0nH_Cj0p0fF__roL8p5mm__tee_fl160um_fc12,4.88834773081,6.55440012204,3.58235393236351,219.15970791952185,6.190036689460878,0.001156199831937621,0.02338963175000064,0.0668202376,0.007682612257003729,12.31658078627757,0.0686663134975598
Surrogate_RF,75,fig5_cg4p0um_rpg4p0um__Lj12p0nH_Cj0p0fF__roL8p5mm__tee_fl160um_fc12,4.91173736256,6.48757988444,3.574671320106506,206.84312713324428,6.121370375963318,2,fig5_cg5p0um_rpg3p5um__Lj12p0nH_Cj0p0fF__roL8p5mm__tee_fl160um_fc12,4.8449296474,6.49114766601,3.579725257246017,218.56513466245417,6.134914389553229,0.0014589943956707144,0.06680771516000039,0.0035677815700001503,0.005053937139511078,11.72200752920989,0.013544013589910975
Surrogate_RF,75,fig5_cg4p0um_rpg4p0um__Lj12p0nH_Cj0p0fF__roL8p5mm__tee_fl160um_fc12,4.91173736256,6.48757988444,3.574671320106506,206.84312713324428,6.121370375963318,3,fig5_cg4p5um_rpg3p5um__Lj12p0nH_Cj0p0fF__roL8p5mm__tee_fl160um_fc12,4.88861160423,6.4734435094,3.773440051719665,214.72133803964505,6.083690932056749,0.0016638154318285062,0.023125758329999968,0.014136375039999649,0.19876873161315878,7.878210906400767,0.03767944390656908
Surrogate_RF,75,fig5_cg4p0um_rpg4p0um__Lj12p0nH_Cj0p0fF__roL8p5mm__tee_fl160um_fc12,4.91173736256,6.48757988444,3.574671320106506,206.84312713324428,6.121370375963318,4,fig5_cg3p5um_rpg4p0um__Lj12p0nH_Cj0p0fF__roL8p5mm__tee_fl160um_fc12,4.9416939411,6.51548606738,3.315546014060974,197.788389720846,6.147249764815354,0.0019083311696047021,0.029956578539999335,0.02790618294000069,0.2591253060455321,9.054737412398282,0.025879388852035667
Surrogate_RF,75,fig5_cg4p0um_rpg4p0um__Lj12p0nH_Cj0p0fF__roL8p5mm__tee_fl160um_fc12,4.91173736256,6.48757988444,3.574671320106506,206.84312713324428,6.121370375963318,5,fig5_cg4p5um_rpg3p0um__Lj12p0nH_Cj0p0fF__roL8p5mm__tee_fl160um_fc12,4.83995157357,6.4987501229,3.8456828279762254,228.4924012088084,6.243127364960313,0.0034408978075014247,0.07178578899000065,0.011170238460000093,0.2710115078697193,21.649274075564108,0.12175698899699494
Surrogate_RF,75,fig5_cg4p0um_rpg4p0um__Lj12p0nH_Cj0p0fF__roL8p5mm__tee_fl160um_fc12,4.91173736256,6.48757988444,3.574671320106506,206.84312713324428,6.121370375963318,6,fig5_cg3p5um_rpg4p5um__Lj12p0nH_Cj0p0fF__roL8p5mm__tee_fl160um_fc12,4.93974901061,6.38397286003,3.69327575235939,192.8740906594917,5.933832041481957,0.00344610441331859,0.02801164804999967,0.10360702440999958,0.11860443225288408,13.969036473752567,0.1875383344813608
Surrogate_RF,75,fig5_cg4p0um_rpg4p0um__Lj12p0nH_Cj0p0fF__roL8p5mm__tee_fl160um_fc12,4.91173736256,6.48757988444,3.574671320106506,206.84312713324428,6.121370375963318,7,fig5_cg3p0um_rpg3p0um__Lj12p0nH_Cj0p0fF__roL8p5mm__tee_fl160um_fc12,4.91022642408,6.30951729449,3.4180947746620176,181.0996536786009,5.916928558404827,0.004173925670245851,0.001510938480000057,0.17806258994999968,0.1565765454444885,25.74347345464338,0.20444181755849122
Surrogate_RF,75,fig5_cg4p0um_rpg4p0um__Lj12p0nH_Cj0p0fF__roL8p5mm__tee_fl160um_fc12,4.91173736256,6.48757988444,3.574671320106506,206.84312713324428,6.121370375963318,8,fig5_cg2p5um_rpg3p5um__Lj12p0nH_Cj0p0fF__roL8p5mm__tee_fl160um_fc12,4.90933450729,6.40357690957,3.7329917837715145,201.2880257934344,6.003674917928219,0.0045353838707144,0.0024028552700006145,0.08400297486999975,0.1583204636650084,5.55510133980988,0.11769545803509907
Surrogate_RF,75,fig5_cg4p0um_rpg4p0um__Lj12p0nH_Cj0p0fF__roL8p5mm__tee_fl160um_fc12,4.91173736256,6.48757988444,3.574671320106506,206.84312713324428,6.121370375963318,9,fig5_cg3p0um_rpg4p0um__Lj12p0nH_Cj0p0fF__roL8p5mm__tee_fl160um_fc12,4.940704631,6.42408762791,3.4702477960357663,191.51572092370972,6.040377137923779,0.004599837811430321,0.02896726843999975,0.06349225653000001,0.10442352407073985,15.327406209534558,0.08099323803953862
Surrogate_RF,75,fig5_cg4p0um_rpg4p0um__Lj12p0nH_Cj0p0fF__roL8p5mm__tee_fl160um_fc12,4.91173736256,6.48757988444,3.574671320106506,206.84312713324428,6.121370375963318,10,fig5_cg4p0um_rpg4p5um__Lj12p0nH_Cj0p0fF__roL8p5mm__tee_fl160um_fc12,4.92435526103,6.48519909443,3.5933491122837067,205.0387458671971,6.080993342285782,0.004675841827113737,0.012617898469999389,0.002380790009999245,0.01867779217720056,1.8043812660471872,0.040377033677535756
Surrogate_RF,76,fig5_cg5p0um_rpg3p0um__Lj12p0nH_Cj0p0fF__roL8p5mm__tee_fl160um_fc12,4.85322800026,6.38094867422,4.023637352510452,215.8306076900033,6.005703433060704,1,fig5_cg4p5um_rpg3p0um__Lj12p0nH_Cj0p0fF__roL8p5mm__tee_fl160um_fc12,4.83995157357,6.4987501229,3.8456828279762254,228.4924012088084,6.243127364960313,0.0024456517304983923,0.013276426690000065,0.11780144867999987,0.17795452453422644,12.661793518805098,0.23742393189960875
Surrogate_RF,76,fig5_cg5p0um_rpg3p0um__Lj12p0nH_Cj0p0fF__roL8p5mm__tee_fl160um_fc12,4.85322800026,6.38094867422,4.023637352510452,215.8306076900033,6.005703433060704,2,fig5_cg3p5um_rpg3p5um__Lj12p0nH_Cj0p0fF__roL8p5mm__tee_fl160um_fc12,4.88834773081,6.55440012204,3.58235393236351,219.15970791952185,6.190036689460878,0.0033714649359316206,0.03511973054999995,0.17345144781999977,0.441283420146942,3.329100229518559,0.18433325640017362
Surrogate_RF,76,fig5_cg5p0um_rpg3p0um__Lj12p0nH_Cj0p0fF__roL8p5mm__tee_fl160um_fc12,4.85322800026,6.38094867422,4.023637352510452,215.8306076900033,6.005703433060704,3,fig5_cg2p5um_rpg3p0um__Lj12p0nH_Cj0p0fF__roL8p5mm__tee_fl160um_fc12,4.8216114018,6.30639910885,4.078658870691299,212.78053759295764,5.96985922957307,0.0036866555644355058,0.03161659845999942,0.0745495653699999,0.05502151818084755,3.050070097045648,0.03584420348763384
Surrogate_RF,76,fig5_cg5p0um_rpg3p0um__Lj12p0nH_Cj0p0fF__roL8p5mm__tee_fl160um_fc12,4.85322800026,6.38094867422,4.023637352510452,215.8306076900033,6.005703433060704,4,fig5_cg2p5um_rpg3p5um__Lj12p0nH_Cj0p0fF__roL8p5mm__tee_fl160um_fc12,4.90933450729,6.40357690957,3.7329917837715145,201.2880257934344,6.003674917928219,0.004040701224638283,0.056106507029999975,0.022628235350000026,0.2906455687389373,14.54258189656889,0.0020285151324852535
Surrogate_RF,76,fig5_cg5p0um_rpg3p0um__Lj12p0nH_Cj0p0fF__roL8p5mm__tee_fl160um_fc12,4.85322800026,6.38094867422,4.023637352510452,215.8306076900033,6.005703433060704,5,fig5_cg4p5um_rpg3p5um__Lj12p0nH_Cj0p0fF__roL8p5mm__tee_fl160um_fc12,4.88861160423,6.4734435094,3.773440051719665,214.72133803964505,6.083690932056749,0.004327577385114234,0.03538360397000062,0.09249483518000012,0.25019730079078695,1.109269650358243,0.07798749899604474
Surrogate_RF,76,fig5_cg5p0um_rpg3p0um__Lj12p0nH_Cj0p0fF__roL8p5mm__tee_fl160um_fc12,4.85322800026,6.38094867422,4.023637352510452,215.8306076900033,6.005703433060704,6,fig5_cg3p0um_rpg3p0um__Lj12p0nH_Cj0p0fF__roL8p5mm__tee_fl160um_fc12,4.91022642408,6.30951729449,3.4180947746620176,181.0996536786009,5.916928558404827,0.0043986280254591364,0.05699842382000053,0.07143137972999991,0.6055425778484342,34.73095401140239,0.08877487465587741
Surrogate_RF,76,fig5_cg5p0um_rpg3p0um__Lj12p0nH_Cj0p0fF__roL8p5mm__tee_fl160um_fc12,4.85322800026,6.38094867422,4.023637352510452,215.8306076900033,6.005703433060704,7,fig5_cg5p0um_rpg3p5um__Lj12p0nH_Cj0p0fF__roL8p5mm__tee_fl160um_fc12,4.8449296474,6.49114766601,3.579725257246017,218.56513466245417,6.134914389553229,0.004582913023563485,0.008298352859999802,0.11019899178999992,0.44391209526443465,2.7345269724508796,0.1292109564925248
Surrogate_RF,76,fig5_cg5p0um_rpg3p0um__Lj12p0nH_Cj0p0fF__roL8p5mm__tee_fl160um_fc12,4.85322800026,6.38094867422,4.023637352510452,215.8306076900033,6.005703433060704,8,fig5_cg2p0um_rpg3p5um__Lj12p0nH_Cj0p0fF__roL8p5mm__tee_fl160um_fc12,4.92988654864,6.34828832398,4.071626393825531,199.5447640637109,5.952483565984568,0.004824458368160017,0.07665854838000019,0.03266035023999958,0.04798904131507875,16.285843626292404,0.05321986707613657
Surrogate_RF,76,fig5_cg5p0um_rpg3p0um__Lj12p0nH_Cj0p0fF__roL8p5mm__tee_fl160um_fc12,4.85322800026,6.38094867422,4.023637352510452,215.8306076900033,6.005703433060704,9,fig5_cg4p5um_rpg2p5um__Lj12p0nH_Cj0p0fF__roL8p5mm__tee_fl160um_fc12,4.8208314661,6.41561937046,4.202300157867431,231.21565590524023,6.118632919744756,0.005558736953145692,0.0323965341600001,0.034670696240000076,0.17866280535697943,15.385048215236935,0.11292948668405156
Surrogate_RF,76,fig5_cg5p0um_rpg3p0um__Lj12p0nH_Cj0p0fF__roL8p5mm__tee_fl160um_fc12,4.85322800026,6.38094867422,4.023637352510452,215.8306076900033,6.005703433060704,10,fig5_cg4p0um_rpg2p5um__Lj12p0nH_Cj0p0fF__roL8p5mm__tee_fl160um_fc12,4.84081846419,6.4170299131,4.2439929298172,228.91083087667948,6.164372524451142,0.006054698707303251,0.012409536069999838,0.03608123888000048,0.22035557730674782,13.080223186676193,0.15866909139043806
Surrogate_RF,77,chip_simple_dxm10p000_dym7p273__Lj12p0nH_Cj2p0fF__roL8p5mm__tee_fl160um_fc12_cg1p2um__rpg1p4um,4.73346264299,6.12196729623,5.803193593448639,243.08709551981173,5.917441531031344,1,fig5_cg2p0um_rpg1p5um__Lj12p0nH_Cj0p0fF__roL8p5mm__tee_fl160um_fc12,4.77793609257,6.1977870086,5.346981281085967,236.19198761457903,5.968418975392394,0.004934536043709717,0.04447344957999988,0.07581971236999951,0.45621231236267157,6.895107905232692,0.050977444361049784
Surrogate_RF,77,chip_simple_dxm10p000_dym7p273__Lj12p0nH_Cj2p0fF__roL8p5mm__tee_fl160um_fc12_cg1p2um__rpg1p4um,4.73346264299,6.12196729623,5.803193593448639,243.08709551981173,5.917441531031344,2,fig5_cg1p5um_rpg2p0um__Lj12p0nH_Cj0p0fF__roL8p5mm__tee_fl160um_fc12,4.87620084481,6.26170388145,4.99363361734581,218.7024888594067,5.970534325619533,0.007216575004171104,0.1427382018199994,0.13973658521999965,0.8095599761028289,24.384606660405012,0.0530927945881885
Surrogate_RF,77,chip_simple_dxm10p000_dym7p273__Lj12p0nH_Cj2p0fF__roL8p5mm__tee_fl160um_fc12_cg1p2um__rpg1p4um,4.73346264299,6.12196729623,5.803193593448639,243.08709551981173,5.917441531031344,3,fig5_cg3p0um_rpg1p5um__Lj12p0nH_Cj0p0fF__roL8p5mm__tee_fl160um_fc12,4.80934135586,6.34266483957,4.7338018228397365,237.2002446708589,6.176728175579623,0.011382739559184637,0.07587871286999981,0.22069754334000002,1.0693917706089024,5.886850848952832,0.2592866445482782
Surrogate_RF,77,chip_simple_dxm10p000_dym7p273__Lj12p0nH_Cj2p0fF__roL8p5mm__tee_fl160um_fc12_cg1p2um__rpg1p4um,4.73346264299,6.12196729623,5.803193593448639,243.08709551981173,5.917441531031344,4,fig5_cg3p5um_rpg1p5um__Lj12p0nH_Cj0p0fF__roL8p5mm__tee_fl160um_fc12,4.70486631048,6.33112792154,5.111963850152969,266.195772124899,6.191175501007713,0.014811737199319476,0.028596332510000266,0.20916062531000001,0.6912297432956702,23.108676605087282,0.27373396997636856
Surrogate_RF,77,chip_simple_dxm10p000_dym7p273__Lj12p0nH_Cj2p0fF__roL8p5mm__tee_fl160um_fc12_cg1p2um__rpg1p4um,4.73346264299,6.12196729623,5.803193593448639,243.08709551981173,5.917441531031344,5,fig5_cg1p5um_rpg2p5um__Lj12p0nH_Cj0p0fF__roL8p5mm__tee_fl160um_fc12,4.93882770809,6.20515259596,4.85777295016098,196.1018444801448,5.919324796967785,0.015949419689705178,0.20536506509999963,0.08318529972999933,0.9454206432876591,46.985251039666935,0.0018832659364402815
Surrogate_RF,77,chip_simple_dxm10p000_dym7p273__Lj12p0nH_Cj2p0fF__roL8p5mm__tee_fl160um_fc12_cg1p2um__rpg1p4um,4.73346264299,6.12196729623,5.803193593448639,243.08709551981173,5.917441531031344,6,fig5_cg5p0um_rpg1p5um__Lj12p0nH_Cj0p0fF__roL8p5mm__tee_fl160um_fc12,4.78104020561,6.40912743907,4.688513258781433,251.19081153078065,6.311876326449141,0.017683315612652663,0.0475775626199999,0.28716014283999947,1.1146803346672058,8.103716010968924,0.3944347954177969
Surrogate_RF,77,chip_simple_dxm10p000_dym7p273__Lj12p0nH_Cj2p0fF__roL8p5mm__tee_fl160um_fc12_cg1p2um__rpg1p4um,4.73346264299,6.12196729623,5.803193593448639,243.08709551981173,5.917441531031344,7,fig5_cg1p0um_rpg2p5um__Lj12p0nH_Cj0p0fF__roL8p5mm__tee_fl160um_fc12,4.8761770008,5.99407925784,6.270368555709839,201.3919971854669,5.6148078415071,0.020581300888431395,0.14271435781000008,0.12788803839000007,0.4671749622612005,41.695098334344834,0.3026336895242441
Surrogate_RF,77,chip_simple_dxm10p000_dym7p273__Lj12p0nH_Cj2p0fF__roL8p5mm__tee_fl160um_fc12_cg1p2um__rpg1p4um,4.73346264299,6.12196729623,5.803193593448639,243.08709551981173,5.917441531031344,8,fig5_cg2p0um_rpg2p5um__Lj12p0nH_Cj0p0fF__roL8p5mm__tee_fl160um_fc12,4.88081947033,6.29200362079,4.710222612869263,215.78136757047287,6.007573423867593,0.02128228305982938,0.14735682733999944,0.17003632455999984,1.0929709805793761,27.30572794933886,0.0901318928362489
Surrogate_RF,77,chip_simple_dxm10p000_dym7p273__Lj12p0nH_Cj2p0fF__roL8p5mm__tee_fl160um_fc12_cg1p2um__rpg1p4um,4.73346264299,6.12196729623,5.803193593448639,243.08709551981173,5.917441531031344,9,fig5_cg2p5um_rpg2p0um__Lj12p0nH_Cj0p0fF__roL8p5mm__tee_fl160um_fc12,4.82985966256,6.3640851834,4.45615377314949,229.1245415394613,6.124821045393385,0.02427735510249356,0.09639701956999946,0.24211788717000005,1.3470398202991491,13.962553980350435,0.2073795143620405
Surrogate_RF,77,chip_simple_dxm10p000_dym7p273__Lj12p0nH_Cj2p0fF__roL8p5mm__tee_fl160um_fc12_cg1p2um__rpg1p4um,4.73346264299,6.12196729623,5.803193593448639,243.08709551981173,5.917441531031344,10,fig5_cg3p0um_rpg2p0um__Lj12p0nH_Cj0p0fF__roL8p5mm__tee_fl160um_fc12,4.85591843529,6.44095110726,4.270610977590561,230.04663618304903,6.1997071597004,0.02706764745959584,0.12245579229999937,0.31898381102999984,1.532582615858078,13.040459336762694,0.28226562866905525
Surrogate_RF,78,chip_simple_dxm10p000_dy1p818__Lj12p0nH_Cj2p0fF__roL8p5mm__tee_fl160um_fc12_cg1p2um__rpg1p4um,4.72226988205,6.17696340758,5.36773969219017,244.6012788259304,5.984641715447427,1,fig5_cg2p0um_rpg1p5um__Lj12p0nH_Cj0p0fF__roL8p5mm__tee_fl160um_fc12,4.77793609257,6.1977870086,5.346981281085967,236.19198761457903,5.968418975392394,0.0013303341793825959,0.05566621052000009,0.020823601020000027,0.020758411104202956,8.40929121135136,0.016222740055033213
Surrogate_RF,78,chip_simple_dxm10p000_dy1p818__Lj12p0nH_Cj2p0fF__roL8p5mm__tee_fl160um_fc12_cg1p2um__rpg1p4um,4.72226988205,6.17696340758,5.36773969219017,244.6012788259304,5.984641715447427,2,fig5_cg3p0um_rpg1p5um__Lj12p0nH_Cj0p0fF__roL8p5mm__tee_fl160um_fc12,4.80934135586,6.34266483957,4.7338018228397365,237.2002446708589,6.176728175579623,0.0033966450780533574,0.08707147381000002,0.16570143199000054,0.6339378693504338,7.4010341550715,0.1920864601321952
Surrogate_RF,78,chip_simple_dxm10p000_dy1p818__Lj12p0nH_Cj2p0fF__roL8p5mm__tee_fl160um_fc12_cg1p2um__rpg1p4um,4.72226988205,6.17696340758,5.36773969219017,244.6012788259304,5.984641715447427,3,fig5_cg3p5um_rpg1p5um__Lj12p0nH_Cj0p0fF__roL8p5mm__tee_fl160um_fc12,4.70486631048,6.33112792154,5.111963850152969,266.195772124899,6.191175501007713,0.005337357464680713,0.017403571570000054,0.15416451396000053,0.2557758420372016,21.594493298968615,0.20653378556028557
Surrogate_RF,78,chip_simple_dxm10p000_dy1p818__Lj12p0nH_Cj2p0fF__roL8p5mm__tee_fl160um_fc12_cg1p2um__rpg1p4um,4.72226988205,6.17696340758,5.36773969219017,244.6012788259304,5.984641715447427,4,fig5_cg1p5um_rpg2p0um__Lj12p0nH_Cj0p0fF__roL8p5mm__tee_fl160um_fc12,4.87620084481,6.26170388145,4.99363361734581,218.7024888594067,5.970534325619533,0.006950270440053367,0.15393096275999962,0.08474047387000017,0.3741060748443603,25.89878996652368,0.014107389827894501
Surrogate_RF,78,chip_simple_dxm10p000_dy1p818__Lj12p0nH_Cj2p0fF__roL8p5mm__tee_fl160um_fc12_cg1p2um__rpg1p4um,4.72226988205,6.17696340758,5.36773969219017,244.6012788259304,5.984641715447427,5,fig5_cg5p0um_rpg1p5um__Lj12p0nH_Cj0p0fF__roL8p5mm__tee_fl160um_fc12,4.78104020561,6.40912743907,4.688513258781433,251.19081153078065,6.311876326449141,0.007171651132428973,0.058770323560000115,0.23216403148999998,0.6792264334087372,6.5895327048502566,0.3272346110017139
Surrogate_RF,78,chip_simple_dxm10p000_dy1p818__Lj12p0nH_Cj2p0fF__roL8p5mm__tee_fl160um_fc12_cg1p2um__rpg1p4um,4.72226988205,6.17696340758,5.36773969219017,244.6012788259304,5.984641715447427,6,fig5_cg1p5um_rpg2p5um__Lj12p0nH_Cj0p0fF__roL8p5mm__tee_fl160um_fc12,4.93882770809,6.20515259596,4.85777295016098,196.1018444801448,5.919324796967785,0.012411481218812585,0.21655782603999985,0.02818918837999984,0.5099667420291905,48.4994343457856,0.06531691847964272
Surrogate_RF,78,chip_simple_dxm10p000_dy1p818__Lj12p0nH_Cj2p0fF__roL8p5mm__tee_fl160um_fc12_cg1p2um__rpg1p4um,4.72226988205,6.17696340758,5.36773969219017,244.6012788259304,5.984641715447427,7,fig5_cg2p0um_rpg2p5um__Lj12p0nH_Cj0p0fF__roL8p5mm__tee_fl160um_fc12,4.88081947033,6.29200362079,4.710222612869263,215.78136757047287,6.007573423867593,0.012659327115212542,0.15854958827999965,0.11504021321000035,0.6575170793209075,28.819911255457527,0.022931708420165897
Surrogate_RF,78,chip_simple_dxm10p000_dy1p818__Lj12p0nH_Cj2p0fF__roL8p5mm__tee_fl160um_fc12_cg1p2um__rpg1p4um,4.72226988205,6.17696340758,5.36773969219017,244.6012788259304,5.984641715447427,8,fig5_cg2p5um_rpg2p0um__Lj12p0nH_Cj0p0fF__roL8p5mm__tee_fl160um_fc12,4.82985966256,6.3640851834,4.45615377314949,229.1245415394613,6.124821045393385,0.012707598170017442,0.10758978050999968,0.18712177582000056,0.9115859190406805,15.476737286469103,0.1401793299459575
Surrogate_RF,78,chip_simple_dxm10p000_dy1p818__Lj12p0nH_Cj2p0fF__roL8p5mm__tee_fl160um_fc12_cg1p2um__rpg1p4um,4.72226988205,6.17696340758,5.36773969219017,244.6012788259304,5.984641715447427,9,fig5_cg3p0um_rpg2p0um__Lj12p0nH_Cj0p0fF__roL8p5mm__tee_fl160um_fc12,4.85591843529,6.44095110726,4.270610977590561,230.04663618304903,6.1997071597004,0.01473727126367023,0.13364855323999958,0.26398769968000035,1.0971287145996094,14.554642642881362,0.21506544425297225
Surrogate_RF,78,chip_simple_dxm10p000_dy1p818__Lj12p0nH_Cj2p0fF__roL8p5mm__tee_fl160um_fc12_cg1p2um__rpg1p4um,4.72226988205,6.17696340758,5.36773969219017,244.6012788259304,5.984641715447427,10,fig5_cg2p5um_rpg2p5um__Lj12p0nH_Cj0p0fF__roL8p5mm__tee_fl160um_fc12,4.86782605146,6.40620544852,4.850844314466476,237.9905673388129,6.17514285459043,0.015808428884455137,0.14555616940999982,0.22924204094,0.516895377723694,6.610711487117499,0.19050113914300226
Surrogate_RF,79,chip_simple_dxm10p000_dy2p727__Lj12p0nH_Cj2p0fF__roL8p5mm__tee_fl160um_fc12_cg1p2um__rpg1p4um,4.70723767854,6.21132532849,5.669662891471862,260.2253909274522,6.040061613915569,1,fig5_cg2p0um_rpg1p5um__Lj12p0nH_Cj0p0fF__roL8p5mm__tee_fl160um_fc12,4.77793609257,6.1977870086,5.346981281085967,236.19198761457903,5.968418975392394,0.007391331373099674,0.07069841402999977,0.013538319890000317,0.32268161038589493,24.03340331287319,0.07164263852317454
Surrogate_RF,79,chip_simple_dxm10p000_dy2p727__Lj12p0nH_Cj2p0fF__roL8p5mm__tee_fl160um_fc12_cg1p2um__rpg1p4um,4.70723767854,6.21132532849,5.669662891471862,260.2253909274522,6.040061613915569,2,fig5_cg3p0um_rpg1p5um__Lj12p0nH_Cj0p0fF__roL8p5mm__tee_fl160um_fc12,4.80934135586,6.34266483957,4.7338018228397365,237.2002446708589,6.176728175579623,0.010329699744021339,0.1021036773199997,0.1313395110800002,0.9358610686321258,23.02514625659333,0.1366665616640539
Surrogate_RF,79,chip_simple_dxm10p000_dy2p727__Lj12p0nH_Cj2p0fF__roL8p5mm__tee_fl160um_fc12_cg1p2um__rpg1p4um,4.70723767854,6.21132532849,5.669662891471862,260.2253909274522,6.040061613915569,3,fig5_cg3p5um_rpg1p5um__Lj12p0nH_Cj0p0fF__roL8p5mm__tee_fl160um_fc12,4.70486631048,6.33112792154,5.111963850152969,266.195772124899,6.191175501007713,0.01114916396401098,0.0023713680600003784,0.11980259305000018,0.5576990413188936,5.970381197446784,0.15111388709214424
Surrogate_RF,79,chip_simple_dxm10p000_dy2p727__Lj12p0nH_Cj2p0fF__roL8p5mm__tee_fl160um_fc12_cg1p2um__rpg1p4um,4.70723767854,6.21132532849,5.669662891471862,260.2253909274522,6.040061613915569,4,fig5_cg5p0um_rpg1p5um__Lj12p0nH_Cj0p0fF__roL8p5mm__tee_fl160um_fc12,4.78104020561,6.40912743907,4.688513258781433,251.19081153078065,6.311876326449141,0.014362372587163393,0.07380252706999979,0.19780211057999963,0.9811496326904292,9.034579396671575,0.2718147125335726
Surrogate_RF,79,chip_simple_dxm10p000_dy2p727__Lj12p0nH_Cj2p0fF__roL8p5mm__tee_fl160um_fc12_cg1p2um__rpg1p4um,4.70723767854,6.21132532849,5.669662891471862,260.2253909274522,6.040061613915569,5,fig5_cg1p5um_rpg2p0um__Lj12p0nH_Cj0p0fF__roL8p5mm__tee_fl160um_fc12,4.87620084481,6.26170388145,4.99363361734581,218.7024888594067,5.970534325619533,0.014594762366228904,0.1689631662699993,0.05037855295999982,0.6760292741260523,41.52290206804551,0.06952728829603583
Surrogate_RF,79,chip_simple_dxm10p000_dy2p727__Lj12p0nH_Cj2p0fF__roL8p5mm__tee_fl160um_fc12_cg1p2um__rpg1p4um,4.70723767854,6.21132532849,5.669662891471862,260.2253909274522,6.040061613915569,6,fig5_cg4p5um_rpg1p0um__Lj12p0nH_Cj0p0fF__roL8p5mm__tee_fl160um_fc12,4.66547453942,6.44365646453,5.568490972890854,305.09213979648246,6.526420054379522,0.01690145413198386,0.0417631391200004,0.23233113604,0.10117191858100849,44.86674886903023,0.4863584404639534
Surrogate_RF,79,chip_simple_dxm10p000_dy2p727__Lj12p0nH_Cj2p0fF__roL8p5mm__tee_fl160um_fc12_cg1p2um__rpg1p4um,4.70723767854,6.21132532849,5.669662891471862,260.2253909274522,6.040061613915569,7,fig5_cg5p0um_rpg1p0um__Lj12p0nH_Cj0p0fF__roL8p5mm__tee_fl160um_fc12,4.67009412056,6.40368347107,5.386180753400803,292.5653068578806,6.313414733179575,0.01690145413198386,0.03714355798000035,0.19235814257999984,0.2834821380710597,32.33991593042839,0.27335311926400596
Surrogate_RF,79,chip_simple_dxm10p000_dy2p727__Lj12p0nH_Cj2p0fF__roL8p5mm__tee_fl160um_fc12_cg1p2um__rpg1p4um,4.70723767854,6.21132532849,5.669662891471862,260.2253909274522,6.040061613915569,8,fig5_cg2p0um_rpg1p0um__Lj12p0nH_Cj0p0fF__roL8p5mm__tee_fl160um_fc12,4.67537317002,6.28144982257,6.80016774546051,305.861011614189,6.2286045622900525,0.019193141256232525,0.03186450852,0.07012449407999988,1.130504853988648,45.635620686736786,0.18854294837448382
Surrogate_RF,79,chip_simple_dxm10p000_dy2p727__Lj12p0nH_Cj2p0fF__roL8p5mm__tee_fl160um_fc12_cg1p2um__rpg1p4um,4.70723767854,6.21132532849,5.669662891471862,260.2253909274522,6.040061613915569,9,fig5_cg3p5um_rpg1p0um__Lj12p0nH_Cj0p0fF__roL8p5mm__tee_fl160um_fc12,4.65151549232,6.42206990109,5.782993409578324,310.4906595751157,6.336782825594393,0.020113163515195084,0.05572218622000058,0.21074457260000035,0.11333051810646211,50.265268647663504,0.2967212116788245
Surrogate_RF,79,chip_simple_dxm10p000_dy2p727__Lj12p0nH_Cj2p0fF__roL8p5mm__tee_fl160um_fc12_cg1p2um__rpg1p4um,4.70723767854,6.21132532849,5.669662891471862,260.2253909274522,6.040061613915569,10,fig5_cg3p0um_rpg1p0um__Lj12p0nH_Cj0p0fF__roL8p5mm__tee_fl160um_fc12,4.5918495592,6.3683346429,6.310808488025665,329.7787087605889,6.339102179225892,0.02017464406169583,0.11538811934000037,0.15700931440999977,0.6411455965538027,69.5533178331367,0.29904056531032364
Surrogate_RF,80,chip_simple_dxm9p091_dym2p727__Lj12p0nH_Cj2p0fF__roL8p5mm__tee_fl160um_fc12_cg1p2um__rpg1p4um,4.7483244385,6.10698090701,5.363995685260773,228.13889295861065,5.896412931889758,1,fig5_cg2p0um_rpg1p5um__Lj12p0nH_Cj0p0fF__roL8p5mm__tee_fl160um_fc12,4.77793609257,6.1977870086,5.346981281085967,236.19198761457903,5.968418975392394,0.0011800265059882173,0.029611654069999993,0.09080610159000013,0.017014404174805264,8.05309465596838,0.07200604350263617
Surrogate_RF,80,chip_simple_dxm9p091_dym2p727__Lj12p0nH_Cj2p0fF__roL8p5mm__tee_fl160um_fc12_cg1p2um__rpg1p4um,4.7483244385,6.10698090701,5.363995685260773,228.13889295861065,5.896412931889758,2,fig5_cg1p5um_rpg2p0um__Lj12p0nH_Cj0p0fF__roL8p5mm__tee_fl160um_fc12,4.87620084481,6.26170388145,4.99363361734581,218.7024888594067,5.970534325619533,0.001906798629394655,0.12787640630999952,0.15472297444000027,0.3703620679149626,9.43640409920394,0.07412139372977489
Surrogate_RF,80,chip_simple_dxm9p091_dym2p727__Lj12p0nH_Cj2p0fF__roL8p5mm__tee_fl160um_fc12_cg1p2um__rpg1p4um,4.7483244385,6.10698090701,5.363995685260773,228.13889295861065,5.896412931889758,3,fig5_cg1p5um_rpg2p5um__Lj12p0nH_Cj0p0fF__roL8p5mm__tee_fl160um_fc12,4.93882770809,6.20515259596,4.85777295016098,196.1018444801448,5.919324796967785,0.004951399875048128,0.19050326958999975,0.09817168894999995,0.5062227350997928,32.03704847846586,0.022911865078026672
Surrogate_RF,80,chip_simple_dxm9p091_dym2p727__Lj12p0nH_Cj2p0fF__roL8p5mm__tee_fl160um_fc12_cg1p2um__rpg1p4um,4.7483244385,6.10698090701,5.363995685260773,228.13889295861065,5.896412931889758,4,fig5_cg3p0um_rpg1p5um__Lj12p0nH_Cj0p0fF__roL8p5mm__tee_fl160um_fc12,4.80934135586,6.34266483957,4.7338018228397365,237.2002446708589,6.176728175579623,0.005938571921092625,0.06101691735999992,0.23568393256000064,0.6301938624210361,9.06135171224824,0.2803152436898646
Surrogate_RF,80,chip_simple_dxm9p091_dym2p727__Lj12p0nH_Cj2p0fF__roL8p5mm__tee_fl160um_fc12_cg1p2um__rpg1p4um,4.7483244385,6.10698090701,5.363995685260773,228.13889295861065,5.896412931889758,5,fig5_cg2p0um_rpg2p5um__Lj12p0nH_Cj0p0fF__roL8p5mm__tee_fl160um_fc12,4.88081947033,6.29200362079,4.710222612869263,215.78136757047287,6.007573423867593,0.007689851235874974,0.13249503182999955,0.18502271378000046,0.6537730723915098,12.357525388137788,0.11116049197783529
Surrogate_RF,80,chip_simple_dxm9p091_dym2p727__Lj12p0nH_Cj2p0fF__roL8p5mm__tee_fl160um_fc12_cg1p2um__rpg1p4um,4.7483244385,6.10698090701,5.363995685260773,228.13889295861065,5.896412931889758,6,fig5_cg3p5um_rpg1p5um__Lj12p0nH_Cj0p0fF__roL8p5mm__tee_fl160um_fc12,4.70486631048,6.33112792154,5.111963850152969,266.195772124899,6.191175501007713,0.010546126468088007,0.04345812802000015,0.22414701453000063,0.2520318351078039,38.056879166288354,0.29476256911795495
Surrogate_RF,80,chip_simple_dxm9p091_dym2p727__Lj12p0nH_Cj2p0fF__roL8p5mm__tee_fl160um_fc12_cg1p2um__rpg1p4um,4.7483244385,6.10698090701,5.363995685260773,228.13889295861065,5.896412931889758,7,fig5_cg5p0um_rpg1p5um__Lj12p0nH_Cj0p0fF__roL8p5mm__tee_fl160um_fc12,4.78104020561,6.40912743907,4.688513258781433,251.19081153078065,6.311876326449141,0.011577845304556487,0.032715767110000016,0.3021465320600001,0.6754824264793395,23.051918572169996,0.4154633945593833
Surrogate_RF,80,chip_simple_dxm9p091_dym2p727__Lj12p0nH_Cj2p0fF__roL8p5mm__tee_fl160um_fc12_cg1p2um__rpg1p4um,4.7483244385,6.10698090701,5.363995685260773,228.13889295861065,5.896412931889758,8,fig5_cg2p5um_rpg2p0um__Lj12p0nH_Cj0p0fF__roL8p5mm__tee_fl160um_fc12,4.82985966256,6.3640851834,4.45615377314949,229.1245415394613,6.124821045393385,0.012271301341278901,0.08153522405999958,0.25710427639000066,0.9078419121112828,0.9856485808506363,0.2284081135036269
Surrogate_RF,80,chip_simple_dxm9p091_dym2p727__Lj12p0nH_Cj2p0fF__roL8p5mm__tee_fl160um_fc12_cg1p2um__rpg1p4um,4.7483244385,6.10698090701,5.363995685260773,228.13889295861065,5.896412931889758,9,fig5_cg2p5um_rpg2p5um__Lj12p0nH_Cj0p0fF__roL8p5mm__tee_fl160um_fc12,4.86782605146,6.40620544852,4.850844314466476,237.9905673388129,6.17514285459043,0.013516263259823413,0.11950161295999973,0.2992245415100001,0.5131513707942963,9.85167438020224,0.27872992270067165
Surrogate_RF,80,chip_simple_dxm9p091_dym2p727__Lj12p0nH_Cj2p0fF__roL8p5mm__tee_fl160um_fc12_cg1p2um__rpg1p4um,4.7483244385,6.10698090701,5.363995685260773,228.13889295861065,5.896412931889758,10,fig5_cg3p0um_rpg2p0um__Lj12p0nH_Cj0p0fF__roL8p5mm__tee_fl160um_fc12,4.85591843529,6.44095110726,4.270610977590561,230.04663618304903,6.1997071597004,0.01459009214147908,0.10759399678999948,0.33397020025000046,1.0933847076702117,1.9077432244383772,0.30329422781064164
Surrogate_RF,81,chip_simple_dxm9p091_dy6p364__Lj12p0nH_Cj2p0fF__roL8p5mm__tee_fl160um_fc12_cg1p2um__rpg1p4um,4.71440404127,6.1075884134,5.646440187353134,241.39030605665508,5.857032072007844,1,fig5_cg2p0um_rpg1p5um__Lj12p0nH_Cj0p0fF__roL8p5mm__tee_fl160um_fc12,4.77793609257,6.1977870086,5.346981281085967,236.19198761457903,5.968418975392394,0.0033409929942373024,0.06353205130000017,0.09019859519999951,0.29945890626716665,5.198318442076044,0.11138690338454982
Surrogate_RF,81,chip_simple_dxm9p091_dy6p364__Lj12p0nH_Cj2p0fF__roL8p5mm__tee_fl160um_fc12_cg1p2um__rpg1p4um,4.71440404127,6.1075884134,5.646440187353134,241.39030605665508,5.857032072007844,2,fig5_cg1p5um_rpg2p0um__Lj12p0nH_Cj0p0fF__roL8p5mm__tee_fl160um_fc12,4.87620084481,6.26170388145,4.99363361734581,218.7024888594067,5.970534325619533,0.005900155671635517,0.1617968035399997,0.15411546804999965,0.652806570007324,22.687817197248364,0.11350225361168853
Surrogate_RF,81,chip_simple_dxm9p091_dy6p364__Lj12p0nH_Cj2p0fF__roL8p5mm__tee_fl160um_fc12_cg1p2um__rpg1p4um,4.71440404127,6.1075884134,5.646440187353134,241.39030605665508,5.857032072007844,3,fig5_cg3p0um_rpg1p5um__Lj12p0nH_Cj0p0fF__roL8p5mm__tee_fl160um_fc12,4.80934135586,6.34266483957,4.7338018228397365,237.2002446708589,6.176728175579623,0.00898672788721027,0.0949373145900001,0.23507642617000002,0.9126383645133975,4.190061385796184,0.31969610357177825
Surrogate_RF,81,chip_simple_dxm9p091_dy6p364__Lj12p0nH_Cj2p0fF__roL8p5mm__tee_fl160um_fc12_cg1p2um__rpg1p4um,4.71440404127,6.1075884134,5.646440187353134,241.39030605665508,5.857032072007844,4,fig5_cg3p5um_rpg1p5um__Lj12p0nH_Cj0p0fF__roL8p5mm__tee_fl160um_fc12,4.70486631048,6.33112792154,5.111963850152969,266.195772124899,6.191175501007713,0.012390517606071544,0.009537730789999976,0.22353950814,0.5344763372001653,24.80546606824393,0.3341434289998686
Surrogate_RF,81,chip_simple_dxm9p091_dy6p364__Lj12p0nH_Cj2p0fF__roL8p5mm__tee_fl160um_fc12_cg1p2um__rpg1p4um,4.71440404127,6.1075884134,5.646440187353134,241.39030605665508,5.857032072007844,5,fig5_cg1p5um_rpg2p5um__Lj12p0nH_Cj0p0fF__roL8p5mm__tee_fl160um_fc12,4.93882770809,6.20515259596,4.85777295016098,196.1018444801448,5.919324796967785,0.013334207211727764,0.22442366681999992,0.09756418255999932,0.7886672371921541,45.28846157651029,0.062292724959940315
Surrogate_RF,81,chip_simple_dxm9p091_dy6p364__Lj12p0nH_Cj2p0fF__roL8p5mm__tee_fl160um_fc12_cg1p2um__rpg1p4um,4.71440404127,6.1075884134,5.646440187353134,241.39030605665508,5.857032072007844,6,fig5_cg5p0um_rpg1p5um__Lj12p0nH_Cj0p0fF__roL8p5mm__tee_fl160um_fc12,4.78104020561,6.40912743907,4.688513258781433,251.19081153078065,6.311876326449141,0.014835660731867348,0.06663616434000019,0.30153902566999946,0.9579269285717009,9.800505474125572,0.45484425444129695
Surrogate_RF,81,chip_simple_dxm9p091_dy6p364__Lj12p0nH_Cj2p0fF__roL8p5mm__tee_fl160um_fc12_cg1p2um__rpg1p4um,4.71440404127,6.1075884134,5.646440187353134,241.39030605665508,5.857032072007844,7,fig5_cg2p0um_rpg2p5um__Lj12p0nH_Cj0p0fF__roL8p5mm__tee_fl160um_fc12,4.88081947033,6.29200362079,4.710222612869263,215.78136757047287,6.007573423867593,0.017665756539913036,0.16641542905999973,0.18441520738999984,0.9362175744838712,25.60893848618221,0.15054135185974893
Surrogate_RF,81,chip_simple_dxm9p091_dy6p364__Lj12p0nH_Cj2p0fF__roL8p5mm__tee_fl160um_fc12_cg1p2um__rpg1p4um,4.71440404127,6.1075884134,5.646440187353134,241.39030605665508,5.857032072007844,8,fig5_cg2p5um_rpg2p0um__Lj12p0nH_Cj0p0fF__roL8p5mm__tee_fl160um_fc12,4.82985966256,6.3640851834,4.45615377314949,229.1245415394613,6.124821045393385,0.020532864564896367,0.11545562128999975,0.25649677000000004,1.1902864142036442,12.265764517193787,0.26778897338554053
Surrogate_RF,81,chip_simple_dxm9p091_dy6p364__Lj12p0nH_Cj2p0fF__roL8p5mm__tee_fl160um_fc12_cg1p2um__rpg1p4um,4.71440404127,6.1075884134,5.646440187353134,241.39030605665508,5.857032072007844,9,fig5_cg1p0um_rpg2p5um__Lj12p0nH_Cj0p0fF__roL8p5mm__tee_fl160um_fc12,4.8761770008,5.99407925784,6.270368555709839,201.3919971854669,5.6148078415071,0.02160995765516794,0.16177295953000037,0.11350915556000007,0.6239283683567054,39.998308871188186,0.24222423050074404
Surrogate_RF,81,chip_simple_dxm9p091_dy6p364__Lj12p0nH_Cj2p0fF__roL8p5mm__tee_fl160um_fc12_cg1p2um__rpg1p4um,4.71440404127,6.1075884134,5.646440187353134,241.39030605665508,5.857032072007844,10,fig5_cg3p0um_rpg2p0um__Lj12p0nH_Cj0p0fF__roL8p5mm__tee_fl160um_fc12,4.85591843529,6.44095110726,4.270610977590561,230.04663618304903,6.1997071597004,0.023165964516163727,0.14151439401999966,0.33336269385999984,1.375829209762573,11.343669873606046,0.3426750876925553
Surrogate_RF,82,chip_simple_dxm8p182_dy3p636__Lj12p0nH_Cj2p0fF__roL8p5mm__tee_fl160um_fc12_cg1p2um__rpg1p4um,4.66348012176,6.05793179463,5.963364992448806,250.89943484547044,5.766429864350439,1,fig5_cg2p0um_rpg1p5um__Lj12p0nH_Cj0p0fF__roL8p5mm__tee_fl160um_fc12,4.77793609257,6.1977870086,5.346981281085967,236.19198761457903,5.968418975392394,0.01084058893587237,0.11445597080999992,0.13985521396999978,0.6163837113628388,14.707447230891404,0.20198911104195538
Surrogate_RF,82,chip_simple_dxm8p182_dy3p636__Lj12p0nH_Cj2p0fF__roL8p5mm__tee_fl160um_fc12_cg1p2um__rpg1p4um,4.66348012176,6.05793179463,5.963364992448806,250.89943484547044,5.766429864350439,2,fig5_cg1p5um_rpg2p0um__Lj12p0nH_Cj0p0fF__roL8p5mm__tee_fl160um_fc12,4.87620084481,6.26170388145,4.99363361734581,218.7024888594067,5.970534325619533,0.013690724871957723,0.21272072304999945,0.20377208681999992,0.9697313751029961,32.196945986063724,0.2041044612690941
Surrogate_RF,82,chip_simple_dxm8p182_dy3p636__Lj12p0nH_Cj2p0fF__roL8p5mm__tee_fl160um_fc12_cg1p2um__rpg1p4um,4.66348012176,6.05793179463,5.963364992448806,250.89943484547044,5.766429864350439,3,fig5_cg3p0um_rpg1p5um__Lj12p0nH_Cj0p0fF__roL8p5mm__tee_fl160um_fc12,4.80934135586,6.34266483957,4.7338018228397365,237.2002446708589,6.176728175579623,0.018187826696638744,0.14586123409999985,0.2847330449400003,1.2295631696090696,13.699190174611545,0.4102983112291838
Surrogate_RF,82,chip_simple_dxm8p182_dy3p636__Lj12p0nH_Cj2p0fF__roL8p5mm__tee_fl160um_fc12_cg1p2um__rpg1p4um,4.66348012176,6.05793179463,5.963364992448806,250.89943484547044,5.766429864350439,4,fig5_cg3p5um_rpg1p5um__Lj12p0nH_Cj0p0fF__roL8p5mm__tee_fl160um_fc12,4.70486631048,6.33112792154,5.111963850152969,266.195772124899,6.191175501007713,0.02126477065601482,0.04138618871999977,0.2731961269100003,0.8514011422958374,15.29633727942857,0.42474563665727416
Surrogate_RF,82,chip_simple_dxm8p182_dy3p636__Lj12p0nH_Cj2p0fF__roL8p5mm__tee_fl160um_fc12_cg1p2um__rpg1p4um,4.66348012176,6.05793179463,5.963364992448806,250.89943484547044,5.766429864350439,5,fig5_cg2p0um_rpg1p0um__Lj12p0nH_Cj0p0fF__roL8p5mm__tee_fl160um_fc12,4.67537317002,6.28144982257,6.80016774546051,305.861011614189,6.2286045622900525,0.023592970482156313,0.01189304826000015,0.22351802793999997,0.8368027530117041,54.96157676871857,0.46217469793961374
Surrogate_RF,82,chip_simple_dxm8p182_dy3p636__Lj12p0nH_Cj2p0fF__roL8p5mm__tee_fl160um_fc12_cg1p2um__rpg1p4um,4.66348012176,6.05793179463,5.963364992448806,250.89943484547044,5.766429864350439,6,fig5_cg1p5um_rpg2p5um__Lj12p0nH_Cj0p0fF__roL8p5mm__tee_fl160um_fc12,4.93882770809,6.20515259596,4.85777295016098,196.1018444801448,5.919324796967785,0.024561015267216813,0.27534758632999967,0.1472208013299996,1.1055920422878263,54.79759036532565,0.15289493261734588
Surrogate_RF,82,chip_simple_dxm8p182_dy3p636__Lj12p0nH_Cj2p0fF__roL8p5mm__tee_fl160um_fc12_cg1p2um__rpg1p4um,4.66348012176,6.05793179463,5.963364992448806,250.89943484547044,5.766429864350439,7,fig5_cg5p0um_rpg1p5um__Lj12p0nH_Cj0p0fF__roL8p5mm__tee_fl160um_fc12,4.78104020561,6.40912743907,4.688513258781433,251.19081153078065,6.311876326449141,0.024776435481730637,0.11756008384999994,0.35119564443999973,1.274851733667373,0.29137668531021177,0.5454464620987025
Surrogate_RF,82,chip_simple_dxm8p182_dy3p636__Lj12p0nH_Cj2p0fF__roL8p5mm__tee_fl160um_fc12_cg1p2um__rpg1p4um,4.66348012176,6.05793179463,5.963364992448806,250.89943484547044,5.766429864350439,8,fig5_cg1p0um_rpg2p5um__Lj12p0nH_Cj0p0fF__roL8p5mm__tee_fl160um_fc12,4.8761770008,5.99407925784,6.270368555709839,201.3919971854669,5.6148078415071,0.025017937223086557,0.21269687904000012,0.0638525367899998,0.3070035632610333,49.507437660003546,0.15162202284333848
Surrogate_RF,82,chip_simple_dxm8p182_dy3p636__Lj12p0nH_Cj2p0fF__roL8p5mm__tee_fl160um_fc12_cg1p2um__rpg1p4um,4.66348012176,6.05793179463,5.963364992448806,250.89943484547044,5.766429864350439,9,fig5_cg2p0um_rpg2p5um__Lj12p0nH_Cj0p0fF__roL8p5mm__tee_fl160um_fc12,4.88081947033,6.29200362079,4.710222612869263,215.78136757047287,6.007573423867593,0.031237488613975843,0.21733934856999948,0.2340718261600001,1.2531423795795433,35.11806727499757,0.2411435595171545
Surrogate_RF,82,chip_simple_dxm8p182_dy3p636__Lj12p0nH_Cj2p0fF__roL8p5mm__tee_fl160um_fc12_cg1p2um__rpg1p4um,4.66348012176,6.05793179463,5.963364992448806,250.89943484547044,5.766429864350439,10,fig5_cg4p5um_rpg1p0um__Lj12p0nH_Cj0p0fF__roL8p5mm__tee_fl160um_fc12,4.66547453942,6.44365646453,5.568490972890854,305.09213979648246,6.526420054379522,0.031399715320105964,0.0019944176599997476,0.3857246699000001,0.3948740195579523,54.19270495101202,0.7599901900290833
Surrogate_RF,83,chip_simple_dxm8p182_dy10p000__Lj12p0nH_Cj2p0fF__roL8p5mm__tee_fl160um_fc12_cg1p2um__rpg1p4um,4.72789217151,6.02697172035,6.188374780282974,236.31888715968915,5.7728279248915735,1,fig5_cg1p5um_rpg2p0um__Lj12p0nH_Cj0p0fF__roL8p5mm__tee_fl160um_fc12,4.87620084481,6.26170388145,4.99363361734581,218.7024888594067,5.970534325619533,0.010569811104485885,0.14830867329999986,0.23473216110000017,1.1947411629371638,17.61639830028244,0.19770640072795942
Surrogate_RF,83,chip_simple_dxm8p182_dy10p000__Lj12p0nH_Cj2p0fF__roL8p5mm__tee_fl160um_fc12_cg1p2um__rpg1p4um,4.72789217151,6.02697172035,6.188374780282974,236.31888715968915,5.7728279248915735,2,fig5_cg2p0um_rpg1p5um__Lj12p0nH_Cj0p0fF__roL8p5mm__tee_fl160um_fc12,4.77793609257,6.1977870086,5.346981281085967,236.19198761457903,5.968418975392394,0.012401343853067825,0.05004392106000033,0.17081528825000003,0.8413934991970065,0.12689954511012047,0.1955910505008207
Surrogate_RF,83,chip_simple_dxm8p182_dy10p000__Lj12p0nH_Cj2p0fF__roL8p5mm__tee_fl160um_fc12_cg1p2um__rpg1p4um,4.72789217151,6.02697172035,6.188374780282974,236.31888715968915,5.7728279248915735,3,fig5_cg1p0um_rpg2p5um__Lj12p0nH_Cj0p0fF__roL8p5mm__tee_fl160um_fc12,4.8761770008,5.99407925784,6.270368555709839,201.3919971854669,5.6148078415071,0.01442628243861115,0.14828482929000053,0.032892462509999554,0.08199377542686559,34.92688997422226,0.15802008338447315
Surrogate_RF,83,chip_simple_dxm8p182_dy10p000__Lj12p0nH_Cj2p0fF__roL8p5mm__tee_fl160um_fc12_cg1p2um__rpg1p4um,4.72789217151,6.02697172035,6.188374780282974,236.31888715968915,5.7728279248915735,4,fig5_cg1p5um_rpg2p5um__Lj12p0nH_Cj0p0fF__roL8p5mm__tee_fl160um_fc12,4.93882770809,6.20515259596,4.85777295016098,196.1018444801448,5.919324796967785,0.020716462454316693,0.21093553658000008,0.17818087560999984,1.330601830121994,40.21704267954436,0.1464968720762112
Surrogate_RF,83,chip_simple_dxm8p182_dy10p000__Lj12p0nH_Cj2p0fF__roL8p5mm__tee_fl160um_fc12_cg1p2um__rpg1p4um,4.72789217151,6.02697172035,6.188374780282974,236.31888715968915,5.7728279248915735,5,fig5_cg3p0um_rpg1p5um__Lj12p0nH_Cj0p0fF__roL8p5mm__tee_fl160um_fc12,4.80934135586,6.34266483957,4.7338018228397365,237.2002446708589,6.176728175579623,0.022991177933874438,0.08144918435000026,0.31569311922000054,1.4545729574432373,0.8813575111697389,0.40390025068804913
Surrogate_RF,83,chip_simple_dxm8p182_dy10p000__Lj12p0nH_Cj2p0fF__roL8p5mm__tee_fl160um_fc12_cg1p2um__rpg1p4um,4.72789217151,6.02697172035,6.188374780282974,236.31888715968915,5.7728279248915735,6,fig5_cg3p5um_rpg1p5um__Lj12p0nH_Cj0p0fF__roL8p5mm__tee_fl160um_fc12,4.70486631048,6.33112792154,5.111963850152969,266.195772124899,6.191175501007713,0.028457244841312852,0.023025861029999817,0.30415620119000053,1.076410930130005,29.876884965209854,0.4183475761161395
Surrogate_RF,83,chip_simple_dxm8p182_dy10p000__Lj12p0nH_Cj2p0fF__roL8p5mm__tee_fl160um_fc12_cg1p2um__rpg1p4um,4.72789217151,6.02697172035,6.188374780282974,236.31888715968915,5.7728279248915735,7,fig5_cg2p0um_rpg2p5um__Lj12p0nH_Cj0p0fF__roL8p5mm__tee_fl160um_fc12,4.88081947033,6.29200362079,4.710222612869263,215.78136757047287,6.007573423867593,0.03063864836416526,0.1529272988199999,0.26503190044000036,1.478152167413711,20.537519589216288,0.23474549897601982
Surrogate_RF,83,chip_simple_dxm8p182_dy10p000__Lj12p0nH_Cj2p0fF__roL8p5mm__tee_fl160um_fc12_cg1p2um__rpg1p4um,4.72789217151,6.02697172035,6.188374780282974,236.31888715968915,5.7728279248915735,8,fig5_cg5p0um_rpg1p5um__Lj12p0nH_Cj0p0fF__roL8p5mm__tee_fl160um_fc12,4.78104020561,6.40912743907,4.688513258781433,251.19081153078065,6.311876326449141,0.03173267461019845,0.05314803410000035,0.38215571872,1.4998615215015407,14.871924371091495,0.5390484015575678
Surrogate_RF,83,chip_simple_dxm8p182_dy10p000__Lj12p0nH_Cj2p0fF__roL8p5mm__tee_fl160um_fc12_cg1p2um__rpg1p4um,4.72789217151,6.02697172035,6.188374780282974,236.31888715968915,5.7728279248915735,9,fig5_cg1p0um_rpg1p5um__Lj12p0nH_Cj0p0fF__roL8p5mm__tee_fl160um_fc12,4.79990762773,5.93734773014,7.211306133548736,222.8918736386996,5.66911545033236,0.034773512643167345,0.07201545621999994,0.08962399020999978,1.0229313532657622,13.427013520989561,0.10371247455921306
Surrogate_RF,83,chip_simple_dxm8p182_dy10p000__Lj12p0nH_Cj2p0fF__roL8p5mm__tee_fl160um_fc12_cg1p2um__rpg1p4um,4.72789217151,6.02697172035,6.188374780282974,236.31888715968915,5.7728279248915735,10,fig5_cg2p0um_rpg1p0um__Lj12p0nH_Cj0p0fF__roL8p5mm__tee_fl160um_fc12,4.67537317002,6.28144982257,6.80016774546051,305.861011614189,6.2286045622900525,0.03707963798675426,0.05251900148999944,0.2544781022200002,0.6117929651775365,69.54212445449986,0.45577663739847907
Surrogate_RF,84,chip_simple_dxm7p273_dym10p000__Lj12p0nH_Cj2p0fF__roL8p5mm__tee_fl160um_fc12_cg1p2um__rpg1p4um,4.7126813443,6.13908473444,5.581218069385528,245.41483597333,5.892340005717795,1,fig5_cg2p0um_rpg1p5um__Lj12p0nH_Cj0p0fF__roL8p5mm__tee_fl160um_fc12,4.77793609257,6.1977870086,5.346981281085967,236.19198761457903,5.968418975392394,0.003019662487257007,0.0652547482700001,0.058702274159999845,0.23423678829956085,9.22284835875098,0.07607896967459915
Surrogate_RF,84,chip_simple_dxm7p273_dym10p000__Lj12p0nH_Cj2p0fF__roL8p5mm__tee_fl160um_fc12_cg1p2um__rpg1p4um,4.7126813443,6.13908473444,5.581218069385528,245.41483597333,5.892340005717795,2,fig5_cg1p5um_rpg2p0um__Lj12p0nH_Cj0p0fF__roL8p5mm__tee_fl160um_fc12,4.87620084481,6.26170388145,4.99363361734581,218.7024888594067,5.970534325619533,0.0071029349679441476,0.16351950050999964,0.12261914700999998,0.5875844520397182,26.7123471139233,0.07819431990173786
Surrogate_RF,84,chip_simple_dxm7p273_dym10p000__Lj12p0nH_Cj2p0fF__roL8p5mm__tee_fl160um_fc12_cg1p2um__rpg1p4um,4.7126813443,6.13908473444,5.581218069385528,245.41483597333,5.892340005717795,3,fig5_cg3p0um_rpg1p5um__Lj12p0nH_Cj0p0fF__roL8p5mm__tee_fl160um_fc12,4.80934135586,6.34266483957,4.7338018228397365,237.2002446708589,6.176728175579623,0.007408794836643629,0.09666001156000004,0.20358010513000036,0.8474162465457917,8.21459130247112,0.2843881698618276
Surrogate_RF,84,chip_simple_dxm7p273_dym10p000__Lj12p0nH_Cj2p0fF__roL8p5mm__tee_fl160um_fc12_cg1p2um__rpg1p4um,4.7126813443,6.13908473444,5.581218069385528,245.41483597333,5.892340005717795,4,fig5_cg3p5um_rpg1p5um__Lj12p0nH_Cj0p0fF__roL8p5mm__tee_fl160um_fc12,4.70486631048,6.33112792154,5.111963850152969,266.195772124899,6.191175501007713,0.010020676475877462,0.007815033820000039,0.19204318710000035,0.4692542192325595,20.780936151568994,0.29883549528991793
Surrogate_RF,84,chip_simple_dxm7p273_dym10p000__Lj12p0nH_Cj2p0fF__roL8p5mm__tee_fl160um_fc12_cg1p2um__rpg1p4um,4.7126813443,6.13908473444,5.581218069385528,245.41483597333,5.892340005717795,5,fig5_cg5p0um_rpg1p5um__Lj12p0nH_Cj0p0fF__roL8p5mm__tee_fl160um_fc12,4.78104020561,6.40912743907,4.688513258781433,251.19081153078065,6.311876326449141,0.012476296052834792,0.06835886131000013,0.2700427046299998,0.8927048106040951,5.775975557450636,0.4195363207313463
Surrogate_RF,84,chip_simple_dxm7p273_dym10p000__Lj12p0nH_Cj2p0fF__roL8p5mm__tee_fl160um_fc12_cg1p2um__rpg1p4um,4.7126813443,6.13908473444,5.581218069385528,245.41483597333,5.892340005717795,6,fig5_cg1p5um_rpg2p5um__Lj12p0nH_Cj0p0fF__roL8p5mm__tee_fl160um_fc12,4.93882770809,6.20515259596,4.85777295016098,196.1018444801448,5.919324796967785,0.014524656494108997,0.22614636378999986,0.06606786151999966,0.7234451192245483,49.31299149318522,0.026984791249989648
Surrogate_RF,84,chip_simple_dxm7p273_dym10p000__Lj12p0nH_Cj2p0fF__roL8p5mm__tee_fl160um_fc12_cg1p2um__rpg1p4um,4.7126813443,6.13908473444,5.581218069385528,245.41483597333,5.892340005717795,7,fig5_cg2p0um_rpg2p5um__Lj12p0nH_Cj0p0fF__roL8p5mm__tee_fl160um_fc12,4.88081947033,6.29200362079,4.710222612869263,215.78136757047287,6.007573423867593,0.01752656663658965,0.16813812602999967,0.15291888635000017,0.8709954565162654,29.633468402857147,0.11523341814979826
Surrogate_RF,84,chip_simple_dxm7p273_dym10p000__Lj12p0nH_Cj2p0fF__roL8p5mm__tee_fl160um_fc12_cg1p2um__rpg1p4um,4.7126813443,6.13908473444,5.581218069385528,245.41483597333,5.892340005717795,8,fig5_cg2p5um_rpg2p0um__Lj12p0nH_Cj0p0fF__roL8p5mm__tee_fl160um_fc12,4.82985966256,6.3640851834,4.45615377314949,229.1245415394613,6.124821045393385,0.018984768666453974,0.11717831825999969,0.22500044896000038,1.1250642962360384,16.290294433868723,0.23248103967558986
Surrogate_RF,84,chip_simple_dxm7p273_dym10p000__Lj12p0nH_Cj2p0fF__roL8p5mm__tee_fl160um_fc12_cg1p2um__rpg1p4um,4.7126813443,6.13908473444,5.581218069385528,245.41483597333,5.892340005717795,9,fig5_cg3p0um_rpg2p0um__Lj12p0nH_Cj0p0fF__roL8p5mm__tee_fl160um_fc12,4.85591843529,6.44095110726,4.270610977590561,230.04663618304903,6.1997071597004,0.02143578740918865,0.1432370909899996,0.3018663728200002,1.3106070917949673,15.368199790280983,0.3073671539826046
Surrogate_RF,84,chip_simple_dxm7p273_dym10p000__Lj12p0nH_Cj2p0fF__roL8p5mm__tee_fl160um_fc12_cg1p2um__rpg1p4um,4.7126813443,6.13908473444,5.581218069385528,245.41483597333,5.892340005717795,10,fig5_cg2p5um_rpg2p5um__Lj12p0nH_Cj0p0fF__roL8p5mm__tee_fl160um_fc12,4.86782605146,6.40620544852,4.850844314466476,237.9905673388129,6.17514285459043,0.02233270180364969,0.15514470715999984,0.2671207140799998,0.7303737549190519,7.424268634517119,0.2828028488726346
Surrogate_RF,85,chip_simple_dxm7p273_dy3p636__Lj12p0nH_Cj2p0fF__roL8p5mm__tee_fl160um_fc12_cg1p2um__rpg1p4um,4.74239033124,6.19637507253,5.681721828037261,250.6248885555281,5.991999899644134,1,fig5_cg2p0um_rpg1p5um__Lj12p0nH_Cj0p0fF__roL8p5mm__tee_fl160um_fc12,4.77793609257,6.1977870086,5.346981281085967,236.19198761457903,5.968418975392394,0.00445469659156276,0.03554576132999987,0.0014119360699993422,0.3347405469512932,14.432900940949054,0.023580924251739965
Surrogate_RF,85,chip_simple_dxm7p273_dy3p636__Lj12p0nH_Cj2p0fF__roL8p5mm__tee_fl160um_fc12_cg1p2um__rpg1p4um,4.74239033124,6.19637507253,5.681721828037261,250.6248885555281,5.991999899644134,2,fig5_cg3p0um_rpg1p5um__Lj12p0nH_Cj0p0fF__roL8p5mm__tee_fl160um_fc12,4.80934135586,6.34266483957,4.7338018228397365,237.2002446708589,6.176728175579623,0.008643420214882725,0.0669510246199998,0.14628976703999985,0.9479200051975241,13.424643884669194,0.18472827593548846
Surrogate_RF,85,chip_simple_dxm7p273_dy3p636__Lj12p0nH_Cj2p0fF__roL8p5mm__tee_fl160um_fc12_cg1p2um__rpg1p4um,4.74239033124,6.19637507253,5.681721828037261,250.6248885555281,5.991999899644134,3,fig5_cg1p5um_rpg2p0um__Lj12p0nH_Cj0p0fF__roL8p5mm__tee_fl160um_fc12,4.87620084481,6.26170388145,4.99363361734581,218.7024888594067,5.970534325619533,0.009424804954803037,0.1338105135699994,0.06532880891999948,0.6880882106914505,31.922399696121374,0.021465574024601253
Surrogate_RF,85,chip_simple_dxm7p273_dy3p636__Lj12p0nH_Cj2p0fF__roL8p5mm__tee_fl160um_fc12_cg1p2um__rpg1p4um,4.74239033124,6.19637507253,5.681721828037261,250.6248885555281,5.991999899644134,4,fig5_cg3p5um_rpg1p5um__Lj12p0nH_Cj0p0fF__roL8p5mm__tee_fl160um_fc12,4.70486631048,6.33112792154,5.111963850152969,266.195772124899,6.191175501007713,0.010653224239564803,0.037524020760000276,0.13475284900999984,0.5697579778842918,15.57088356937092,0.1991756013635788
Surrogate_RF,85,chip_simple_dxm7p273_dy3p636__Lj12p0nH_Cj2p0fF__roL8p5mm__tee_fl160um_fc12_cg1p2um__rpg1p4um,4.74239033124,6.19637507253,5.681721828037261,250.6248885555281,5.991999899644134,5,fig5_cg5p0um_rpg1p5um__Lj12p0nH_Cj0p0fF__roL8p5mm__tee_fl160um_fc12,4.78104020561,6.40912743907,4.688513258781433,251.19081153078065,6.311876326449141,0.013555821134804753,0.03864987436999989,0.2127523665399993,0.9932085692558275,0.5659229752525619,0.31987642680500716
Surrogate_RF,85,chip_simple_dxm7p273_dy3p636__Lj12p0nH_Cj2p0fF__roL8p5mm__tee_fl160um_fc12_cg1p2um__rpg1p4um,4.74239033124,6.19637507253,5.681721828037261,250.6248885555281,5.991999899644134,6,fig5_cg1p5um_rpg2p5um__Lj12p0nH_Cj0p0fF__roL8p5mm__tee_fl160um_fc12,4.93882770809,6.20515259596,4.85777295016098,196.1018444801448,5.919324796967785,0.018123680880218658,0.19643737684999962,0.008777523429999157,0.8239488778762807,54.5230440753833,0.07267510267634947
Surrogate_RF,85,chip_simple_dxm7p273_dy3p636__Lj12p0nH_Cj2p0fF__roL8p5mm__tee_fl160um_fc12_cg1p2um__rpg1p4um,4.74239033124,6.19637507253,5.681721828037261,250.6248885555281,5.991999899644134,7,fig5_cg2p0um_rpg2p5um__Lj12p0nH_Cj0p0fF__roL8p5mm__tee_fl160um_fc12,4.88081947033,6.29200362079,4.710222612869263,215.78136757047287,6.007573423867593,0.02105656153230515,0.13842913908999943,0.09562854825999967,0.9714992151679978,34.84352098505522,0.015573524223459145
Surrogate_RF,85,chip_simple_dxm7p273_dy3p636__Lj12p0nH_Cj2p0fF__roL8p5mm__tee_fl160um_fc12_cg1p2um__rpg1p4um,4.74239033124,6.19637507253,5.681721828037261,250.6248885555281,5.991999899644134,8,fig5_cg2p5um_rpg2p0um__Lj12p0nH_Cj0p0fF__roL8p5mm__tee_fl160um_fc12,4.82985966256,6.3640851834,4.45615377314949,229.1245415394613,6.124821045393385,0.021536731233363547,0.08746933131999945,0.16771011086999987,1.2255680548877708,21.500347016066797,0.13282114574925075
Surrogate_RF,85,chip_simple_dxm7p273_dy3p636__Lj12p0nH_Cj2p0fF__roL8p5mm__tee_fl160um_fc12_cg1p2um__rpg1p4um,4.74239033124,6.19637507253,5.681721828037261,250.6248885555281,5.991999899644134,9,fig5_cg3p0um_rpg2p0um__Lj12p0nH_Cj0p0fF__roL8p5mm__tee_fl160um_fc12,4.85591843529,6.44095110726,4.270610977590561,230.04663618304903,6.1997071597004,0.023998710308202848,0.11352810404999936,0.24457603472999967,1.4111108504466996,20.578252372479056,0.2077072600562655
Surrogate_RF,85,chip_simple_dxm7p273_dy3p636__Lj12p0nH_Cj2p0fF__roL8p5mm__tee_fl160um_fc12_cg1p2um__rpg1p4um,4.74239033124,6.19637507253,5.681721828037261,250.6248885555281,5.991999899644134,10,fig5_cg2p5um_rpg2p5um__Lj12p0nH_Cj0p0fF__roL8p5mm__tee_fl160um_fc12,4.86782605146,6.40620544852,4.850844314466476,237.9905673388129,6.17514285459043,0.025363568192618362,0.1254357202199996,0.20983037598999932,0.8308775135707842,12.634321216715193,0.1831429549462955
Surrogate_RF,86,chip_simple_dxm5p455_dy10p000__Lj12p0nH_Cj2p0fF__roL8p5mm__tee_fl160um_fc12_cg1p2um__rpg1p4um,4.75382768337,6.07114357609,5.742745215496063,229.3685246164135,5.84654579468076,1,fig5_cg1p5um_rpg2p0um__Lj12p0nH_Cj0p0fF__roL8p5mm__tee_fl160um_fc12,4.87620084481,6.26170388145,4.99363361734581,218.7024888594067,5.970534325619533,0.00280954523908734,0.12237316143999966,0.19056030536000002,0.749111598150253,10.666035757006796,0.12398853093877271
Surrogate_RF,86,chip_simple_dxm5p455_dy10p000__Lj12p0nH_Cj2p0fF__roL8p5mm__tee_fl160um_fc12_cg1p2um__rpg1p4um,4.75382768337,6.07114357609,5.742745215496063,229.3685246164135,5.84654579468076,2,fig5_cg2p0um_rpg1p5um__Lj12p0nH_Cj0p0fF__roL8p5mm__tee_fl160um_fc12,4.77793609257,6.1977870086,5.346981281085967,236.19198761457903,5.968418975392394,0.004298390694405851,0.024108409200000125,0.12664343250999988,0.3957639344100956,6.823462998165525,0.121873180711634
Surrogate_RF,86,chip_simple_dxm5p455_dy10p000__Lj12p0nH_Cj2p0fF__roL8p5mm__tee_fl160um_fc12_cg1p2um__rpg1p4um,4.75382768337,6.07114357609,5.742745215496063,229.3685246164135,5.84654579468076,3,fig5_cg1p5um_rpg2p5um__Lj12p0nH_Cj0p0fF__roL8p5mm__tee_fl160um_fc12,4.93882770809,6.20515259596,4.85777295016098,196.1018444801448,5.919324796967785,0.00913576314619999,0.18500002471999988,0.1340090198699997,0.8849722653350831,33.26668013626872,0.0727790022870245
Surrogate_RF,86,chip_simple_dxm5p455_dy10p000__Lj12p0nH_Cj2p0fF__roL8p5mm__tee_fl160um_fc12_cg1p2um__rpg1p4um,4.75382768337,6.07114357609,5.742745215496063,229.3685246164135,5.84654579468076,4,fig5_cg3p0um_rpg1p5um__Lj12p0nH_Cj0p0fF__roL8p5mm__tee_fl160um_fc12,4.80934135586,6.34266483957,4.7338018228397365,237.2002446708589,6.176728175579623,0.012545034788815208,0.055513672490000054,0.2715212634800004,1.0089433926563265,7.831720054445384,0.3301823808988624
Surrogate_RF,86,chip_simple_dxm5p455_dy10p000__Lj12p0nH_Cj2p0fF__roL8p5mm__tee_fl160um_fc12_cg1p2um__rpg1p4um,4.75382768337,6.07114357609,5.742745215496063,229.3685246164135,5.84654579468076,5,fig5_cg1p0um_rpg2p5um__Lj12p0nH_Cj0p0fF__roL8p5mm__tee_fl160um_fc12,4.8761770008,5.99407925784,6.270368555709839,201.3919971854669,5.6148078415071,0.012733645822767018,0.12234931743000033,0.07706431824999971,0.5276233402137764,27.976527430946618,0.23173795317365986
Surrogate_RF,86,chip_simple_dxm5p455_dy10p000__Lj12p0nH_Cj2p0fF__roL8p5mm__tee_fl160um_fc12_cg1p2um__rpg1p4um,4.75382768337,6.07114357609,5.742745215496063,229.3685246164135,5.84654579468076,6,fig5_cg2p0um_rpg2p5um__Lj12p0nH_Cj0p0fF__roL8p5mm__tee_fl160um_fc12,4.88081947033,6.29200362079,4.710222612869263,215.78136757047287,6.007573423867593,0.01602132626955157,0.1269917869599997,0.2208600447000002,1.0325226026268002,13.587157045940643,0.1610276291868331
Surrogate_RF,86,chip_simple_dxm5p455_dy10p000__Lj12p0nH_Cj2p0fF__roL8p5mm__tee_fl160um_fc12_cg1p2um__rpg1p4um,4.75382768337,6.07114357609,5.742745215496063,229.3685246164135,5.84654579468076,7,fig5_cg3p5um_rpg1p5um__Lj12p0nH_Cj0p0fF__roL8p5mm__tee_fl160um_fc12,4.70486631048,6.33112792154,5.111963850152969,266.195772124899,6.191175501007713,0.01806628915146587,0.04896137289000002,0.2599843454500004,0.6307813653430943,36.8272475084855,0.3446297063269528
Surrogate_RF,86,chip_simple_dxm5p455_dy10p000__Lj12p0nH_Cj2p0fF__roL8p5mm__tee_fl160um_fc12_cg1p2um__rpg1p4um,4.75382768337,6.07114357609,5.742745215496063,229.3685246164135,5.84654579468076,8,fig5_cg5p0um_rpg1p5um__Lj12p0nH_Cj0p0fF__roL8p5mm__tee_fl160um_fc12,4.78104020561,6.40912743907,4.688513258781433,251.19081153078065,6.311876326449141,0.020145951657541288,0.027212522240000148,0.3379838629799998,1.0542319567146299,21.82228691436714,0.46533053176838113
Surrogate_RF,86,chip_simple_dxm5p455_dy10p000__Lj12p0nH_Cj2p0fF__roL8p5mm__tee_fl160um_fc12_cg1p2um__rpg1p4um,4.75382768337,6.07114357609,5.742745215496063,229.3685246164135,5.84654579468076,9,fig5_cg2p5um_rpg2p0um__Lj12p0nH_Cj0p0fF__roL8p5mm__tee_fl160um_fc12,4.82985966256,6.3640851834,4.45615377314949,229.1245415394613,6.124821045393385,0.022532225043191356,0.07603197918999971,0.2929416073100004,1.2865914423465732,0.24398307695221888,0.2782752507126247
Surrogate_RF,86,chip_simple_dxm5p455_dy10p000__Lj12p0nH_Cj2p0fF__roL8p5mm__tee_fl160um_fc12_cg1p2um__rpg1p4um,4.75382768337,6.07114357609,5.742745215496063,229.3685246164135,5.84654579468076,10,fig5_cg2p5um_rpg2p5um__Lj12p0nH_Cj0p0fF__roL8p5mm__tee_fl160um_fc12,4.86782605146,6.40620544852,4.850844314466476,237.9905673388129,6.17514285459043,0.024197866378210534,0.11399836808999986,0.33506187242999985,0.8919009010295866,8.622042722399385,0.3285970599096695
Surrogate_RF,87,chip_simple_dxm4p545_dy3p636__Lj12p0nH_Cj2p0fF__roL8p5mm__tee_fl160um_fc12_cg1p2um__rpg1p4um,4.75468111361,6.06015537266,5.269286218986511,217.6085822265456,5.73890366119554,1,fig5_cg1p5um_rpg2p0um__Lj12p0nH_Cj0p0fF__roL8p5mm__tee_fl160um_fc12,4.87620084481,6.26170388145,4.99363361734581,218.7024888594067,5.970534325619533,0.0022549832948778143,0.12151973119999937,0.2015485087900002,0.2756526016407008,1.0939066328611204,0.23163066442399316
Surrogate_RF,87,chip_simple_dxm4p545_dy3p636__Lj12p0nH_Cj2p0fF__roL8p5mm__tee_fl160um_fc12_cg1p2um__rpg1p4um,4.75468111361,6.06015537266,5.269286218986511,217.6085822265456,5.73890366119554,2,fig5_cg1p5um_rpg2p5um__Lj12p0nH_Cj0p0fF__roL8p5mm__tee_fl160um_fc12,4.93882770809,6.20515259596,4.85777295016098,196.1018444801448,5.919324796967785,0.0024381960459773865,0.1841465944799996,0.14499722329999987,0.41151326882553096,21.506737746400802,0.18042113577224494
Surrogate_RF,87,chip_simple_dxm4p545_dy3p636__Lj12p0nH_Cj2p0fF__roL8p5mm__tee_fl160um_fc12_cg1p2um__rpg1p4um,4.75468111361,6.06015537266,5.269286218986511,217.6085822265456,5.73890366119554,3,fig5_cg2p0um_rpg1p5um__Lj12p0nH_Cj0p0fF__roL8p5mm__tee_fl160um_fc12,4.77793609257,6.1977870086,5.346981281085967,236.19198761457903,5.968418975392394,0.005060424933060739,0.02325497895999984,0.13763163594000005,0.07769506209945654,18.58340538803344,0.22951531419685445
Surrogate_RF,87,chip_simple_dxm4p545_dy3p636__Lj12p0nH_Cj2p0fF__roL8p5mm__tee_fl160um_fc12_cg1p2um__rpg1p4um,4.75468111361,6.06015537266,5.269286218986511,217.6085822265456,5.73890366119554,4,fig5_cg2p0um_rpg2p5um__Lj12p0nH_Cj0p0fF__roL8p5mm__tee_fl160um_fc12,4.88081947033,6.29200362079,4.710222612869263,215.78136757047287,6.007573423867593,0.006328639042461053,0.1261383567199994,0.23184824813000038,0.559063606117248,1.8272146560727265,0.26866976267205356
Surrogate_RF,87,chip_simple_dxm4p545_dy3p636__Lj12p0nH_Cj2p0fF__roL8p5mm__tee_fl160um_fc12_cg1p2um__rpg1p4um,4.75468111361,6.06015537266,5.269286218986511,217.6085822265456,5.73890366119554,5,fig5_cg3p0um_rpg1p5um__Lj12p0nH_Cj0p0fF__roL8p5mm__tee_fl160um_fc12,4.80934135586,6.34266483957,4.7338018228397365,237.2002446708589,6.176728175579623,0.011257680569029508,0.05466024224999977,0.28250946691000056,0.5354843961467743,19.5916624443133,0.4378245143840829
Surrogate_RF,87,chip_simple_dxm4p545_dy3p636__Lj12p0nH_Cj2p0fF__roL8p5mm__tee_fl160um_fc12_cg1p2um__rpg1p4um,4.75468111361,6.06015537266,5.269286218986511,217.6085822265456,5.73890366119554,6,fig5_cg2p5um_rpg2p5um__Lj12p0nH_Cj0p0fF__roL8p5mm__tee_fl160um_fc12,4.86782605146,6.40620544852,4.850844314466476,237.9905673388129,6.17514285459043,0.01392281971001476,0.11314493784999957,0.34605007586000003,0.4184419045200345,20.3819851122673,0.4362391933948899
Surrogate_RF,87,chip_simple_dxm4p545_dy3p636__Lj12p0nH_Cj2p0fF__roL8p5mm__tee_fl160um_fc12_cg1p2um__rpg1p4um,4.75468111361,6.06015537266,5.269286218986511,217.6085822265456,5.73890366119554,7,fig5_cg2p5um_rpg2p0um__Lj12p0nH_Cj0p0fF__roL8p5mm__tee_fl160um_fc12,4.82985966256,6.3640851834,4.45615377314949,229.1245415394613,6.124821045393385,0.01427824089147082,0.07517854894999942,0.3039298107400006,0.813132445837021,11.515959312915697,0.38591738419784516
Surrogate_RF,87,chip_simple_dxm4p545_dy3p636__Lj12p0nH_Cj2p0fF__roL8p5mm__tee_fl160um_fc12_cg1p2um__rpg1p4um,4.75468111361,6.06015537266,5.269286218986511,217.6085822265456,5.73890366119554,8,fig5_cg3p0um_rpg2p5um__Lj12p0nH_Cj0p0fF__roL8p5mm__tee_fl160um_fc12,4.89777742204,6.34923094667,4.391671866830825,213.14051325530752,6.096625432754106,0.015633298813143896,0.14309630842999965,0.28907557400999995,0.8776143521556854,4.468068971238068,0.3577217715585661
Surrogate_RF,87,chip_simple_dxm4p545_dy3p636__Lj12p0nH_Cj2p0fF__roL8p5mm__tee_fl160um_fc12_cg1p2um__rpg1p4um,4.75468111361,6.06015537266,5.269286218986511,217.6085822265456,5.73890366119554,9,fig5_cg3p0um_rpg2p0um__Lj12p0nH_Cj0p0fF__roL8p5mm__tee_fl160um_fc12,4.85591843529,6.44095110726,4.270610977590561,230.04663618304903,6.1997071597004,0.016696235311995995,0.10123732167999933,0.3807957346000004,0.9986752413959499,12.438053956503438,0.4608034985048599
Surrogate_RF,87,chip_simple_dxm4p545_dy3p636__Lj12p0nH_Cj2p0fF__roL8p5mm__tee_fl160um_fc12_cg1p2um__rpg1p4um,4.75468111361,6.06015537266,5.269286218986511,217.6085822265456,5.73890366119554,10,fig5_cg3p5um_rpg1p5um__Lj12p0nH_Cj0p0fF__roL8p5mm__tee_fl160um_fc12,4.70486631048,6.33112792154,5.111963850152969,266.195772124899,6.191175501007713,0.01784756639646027,0.04981480313000031,0.27097254888000055,0.15732236883354211,48.587189898353415,0.4522718398121732
Surrogate_RF,88,chip_simple_dxm4p545_dy8p182__Lj12p0nH_Cj2p0fF__roL8p5mm__tee_fl160um_fc12_cg1p2um__rpg1p4um,4.67322344557,5.98395316967,6.190873927841186,240.9406241300008,5.72043645068073,1,fig5_cg1p5um_rpg2p0um__Lj12p0nH_Cj0p0fF__roL8p5mm__tee_fl160um_fc12,4.87620084481,6.26170388145,4.99363361734581,218.7024888594067,5.970534325619533,0.013578207948528867,0.2029773992399999,0.27775071177999955,1.197240310495376,22.238135270594086,0.25009787493880253
Surrogate_RF,88,chip_simple_dxm4p545_dy8p182__Lj12p0nH_Cj2p0fF__roL8p5mm__tee_fl160um_fc12_cg1p2um__rpg1p4um,4.67322344557,5.98395316967,6.190873927841186,240.9406241300008,5.72043645068073,2,fig5_cg2p0um_rpg1p5um__Lj12p0nH_Cj0p0fF__roL8p5mm__tee_fl160um_fc12,4.77793609257,6.1977870086,5.346981281085967,236.19198761457903,5.968418975392394,0.014323727866206257,0.10471264700000038,0.2138338389299994,0.8438926467552186,4.748636515421765,0.24798252471166382
Surrogate_RF,88,chip_simple_dxm4p545_dy8p182__Lj12p0nH_Cj2p0fF__roL8p5mm__tee_fl160um_fc12_cg1p2um__rpg1p4um,4.67322344557,5.98395316967,6.190873927841186,240.9406241300008,5.72043645068073,3,fig5_cg1p0um_rpg2p5um__Lj12p0nH_Cj0p0fF__roL8p5mm__tee_fl160um_fc12,4.8761770008,5.99407925784,6.270368555709839,201.3919971854669,5.6148078415071,0.018217159194882242,0.20295355523000058,0.010126088169999825,0.07949462786865347,39.54862694453391,0.10562860917363004
Surrogate_RF,88,chip_simple_dxm4p545_dy8p182__Lj12p0nH_Cj2p0fF__roL8p5mm__tee_fl160um_fc12_cg1p2um__rpg1p4um,4.67322344557,5.98395316967,6.190873927841186,240.9406241300008,5.72043645068073,4,fig5_cg1p5um_rpg2p5um__Lj12p0nH_Cj0p0fF__roL8p5mm__tee_fl160um_fc12,4.93882770809,6.20515259596,4.85777295016098,196.1018444801448,5.919324796967785,0.024542378442184556,0.26560426252000013,0.22119942628999922,1.333100977680206,44.83877964985601,0.19888834628705432
Surrogate_RF,88,chip_simple_dxm4p545_dy8p182__Lj12p0nH_Cj2p0fF__roL8p5mm__tee_fl160um_fc12_cg1p2um__rpg1p4um,4.67322344557,5.98395316967,6.190873927841186,240.9406241300008,5.72043645068073,5,fig5_cg3p0um_rpg1p5um__Lj12p0nH_Cj0p0fF__roL8p5mm__tee_fl160um_fc12,4.80934135586,6.34266483957,4.7338018228397365,237.2002446708589,6.176728175579623,0.024635934556749235,0.1361179102900003,0.3587116698999999,1.4570721050014495,3.7403794591419057,0.45629172489889225
Surrogate_RF,88,chip_simple_dxm4p545_dy8p182__Lj12p0nH_Cj2p0fF__roL8p5mm__tee_fl160um_fc12_cg1p2um__rpg1p4um,4.67322344557,5.98395316967,6.190873927841186,240.9406241300008,5.72043645068073,6,fig5_cg3p5um_rpg1p5um__Lj12p0nH_Cj0p0fF__roL8p5mm__tee_fl160um_fc12,4.70486631048,6.33112792154,5.111963850152969,266.195772124899,6.191175501007713,0.02957137060263906,0.031642864910000235,0.3471747518699999,1.0789100776882172,25.25514799489821,0.4707390503269826
Surrogate_RF,88,chip_simple_dxm4p545_dy8p182__Lj12p0nH_Cj2p0fF__roL8p5mm__tee_fl160um_fc12_cg1p2um__rpg1p4um,4.67322344557,5.98395316967,6.190873927841186,240.9406241300008,5.72043645068073,7,fig5_cg2p0um_rpg1p0um__Lj12p0nH_Cj0p0fF__roL8p5mm__tee_fl160um_fc12,4.67537317002,6.28144982257,6.80016774546051,305.861011614189,6.2286045622900525,0.032788763668443494,0.002149724450000612,0.2974966528999996,0.6092938176193243,64.92038748418821,0.5081681116093222
Surrogate_RF,88,chip_simple_dxm4p545_dy8p182__Lj12p0nH_Cj2p0fF__roL8p5mm__tee_fl160um_fc12_cg1p2um__rpg1p4um,4.67322344557,5.98395316967,6.190873927841186,240.9406241300008,5.72043645068073,8,fig5_cg5p0um_rpg1p5um__Lj12p0nH_Cj0p0fF__roL8p5mm__tee_fl160um_fc12,4.78104020561,6.40912743907,4.688513258781433,251.19081153078065,6.311876326449141,0.03306881181467243,0.1078167600400004,0.42517426939999936,1.5023606690597529,10.25018740077985,0.591439875768411
Surrogate_RF,88,chip_simple_dxm4p545_dy8p182__Lj12p0nH_Cj2p0fF__roL8p5mm__tee_fl160um_fc12_cg1p2um__rpg1p4um,4.67322344557,5.98395316967,6.190873927841186,240.9406241300008,5.72043645068073,9,fig5_cg2p0um_rpg2p5um__Lj12p0nH_Cj0p0fF__roL8p5mm__tee_fl160um_fc12,4.88081947033,6.29200362079,4.710222612869263,215.78136757047287,6.007573423867593,0.034348117616810565,0.20759602475999994,0.30805045111999974,1.4806513149719231,25.159256559527932,0.28713697318686293
Surrogate_RF,88,chip_simple_dxm4p545_dy8p182__Lj12p0nH_Cj2p0fF__roL8p5mm__tee_fl160um_fc12_cg1p2um__rpg1p4um,4.67322344557,5.98395316967,6.190873927841186,240.9406241300008,5.72043645068073,10,fig5_cg1p5um_rpg1p0um__Lj12p0nH_Cj0p0fF__roL8p5mm__tee_fl160um_fc12,4.7605818776,6.21817087681,5.831666317903518,253.65164600383045,6.132701943451215,0.03563869389733363,0.08735843203000027,0.23421770714,0.359207609937668,12.711021873829651,0.4122654927704845
Surrogate_RF,89,chip_simple_dxm3p636_dym9p091__Lj12p0nH_Cj2p0fF__roL8p5mm__tee_fl160um_fc12_cg1p2um__rpg1p4um,4.6860923718,6.15572974559,5.265247003330231,246.28336462848563,5.931427421476935,1,fig5_cg2p0um_rpg1p5um__Lj12p0nH_Cj0p0fF__roL8p5mm__tee_fl160um_fc12,4.77793609257,6.1977870086,5.346981281085967,236.19198761457903,5.968418975392394,0.002102448379115062,0.09184372077000003,0.042057263009999346,0.0817342777557366,10.091377013906595,0.03699155391545883
Surrogate_RF,89,chip_simple_dxm3p636_dym9p091__Lj12p0nH_Cj2p0fF__roL8p5mm__tee_fl160um_fc12_cg1p2um__rpg1p4um,4.6860923718,6.15572974559,5.265247003330231,246.28336462848563,5.931427421476935,2,fig5_cg3p0um_rpg1p5um__Lj12p0nH_Cj0p0fF__roL8p5mm__tee_fl160um_fc12,4.80934135586,6.34266483957,4.7338018228397365,237.2002446708589,6.176728175579623,0.0030847059018441203,0.12324898405999996,0.18693509397999986,0.5314451804904943,9.083119957626735,0.24530075410268726
Surrogate_RF,89,chip_simple_dxm3p636_dym9p091__Lj12p0nH_Cj2p0fF__roL8p5mm__tee_fl160um_fc12_cg1p2um__rpg1p4um,4.6860923718,6.15572974559,5.265247003330231,246.28336462848563,5.931427421476935,3,fig5_cg3p5um_rpg1p5um__Lj12p0nH_Cj0p0fF__roL8p5mm__tee_fl160um_fc12,4.70486631048,6.33112792154,5.111963850152969,266.195772124899,6.191175501007713,0.004578362307359523,0.01877393867999988,0.17539817594999985,0.15328315317726204,19.91240749641338,0.2597480795307776
Surrogate_RF,89,chip_simple_dxm3p636_dym9p091__Lj12p0nH_Cj2p0fF__roL8p5mm__tee_fl160um_fc12_cg1p2um__rpg1p4um,4.6860923718,6.15572974559,5.265247003330231,246.28336462848563,5.931427421476935,4,fig5_cg5p0um_rpg1p5um__Lj12p0nH_Cj0p0fF__roL8p5mm__tee_fl160um_fc12,4.78104020561,6.40912743907,4.688513258781433,251.19081153078065,6.311876326449141,0.006166107752612477,0.09494783381000005,0.2533976934799993,0.5767337445487977,4.907446902295021,0.38044890497220596
Surrogate_RF,89,chip_simple_dxm3p636_dym9p091__Lj12p0nH_Cj2p0fF__roL8p5mm__tee_fl160um_fc12_cg1p2um__rpg1p4um,4.6860923718,6.15572974559,5.265247003330231,246.28336462848563,5.931427421476935,5,fig5_cg1p5um_rpg2p0um__Lj12p0nH_Cj0p0fF__roL8p5mm__tee_fl160um_fc12,4.87620084481,6.26170388145,4.99363361734581,218.7024888594067,5.970534325619533,0.008774845960514784,0.19010847300999956,0.10597413585999949,0.27161338598442075,27.580875769078915,0.03910690414259754
Surrogate_RF,89,chip_simple_dxm3p636_dym9p091__Lj12p0nH_Cj2p0fF__roL8p5mm__tee_fl160um_fc12_cg1p2um__rpg1p4um,4.6860923718,6.15572974559,5.265247003330231,246.28336462848563,5.931427421476935,6,fig5_cg2p5um_rpg2p0um__Lj12p0nH_Cj0p0fF__roL8p5mm__tee_fl160um_fc12,4.82985966256,6.3640851834,4.45615377314949,229.1245415394613,6.124821045393385,0.011804977623872366,0.1437672907599996,0.20835543780999988,0.809093230180741,17.158823089024338,0.19339362391644954
Surrogate_RF,89,chip_simple_dxm3p636_dym9p091__Lj12p0nH_Cj2p0fF__roL8p5mm__tee_fl160um_fc12_cg1p2um__rpg1p4um,4.6860923718,6.15572974559,5.265247003330231,246.28336462848563,5.931427421476935,7,fig5_cg2p0um_rpg2p5um__Lj12p0nH_Cj0p0fF__roL8p5mm__tee_fl160um_fc12,4.88081947033,6.29200362079,4.710222612869263,215.78136757047287,6.007573423867593,0.012594657632682384,0.1947270985299996,0.13627387519999967,0.555024390460968,30.501997058012762,0.07614600239065794
Surrogate_RF,89,chip_simple_dxm3p636_dym9p091__Lj12p0nH_Cj2p0fF__roL8p5mm__tee_fl160um_fc12_cg1p2um__rpg1p4um,4.6860923718,6.15572974559,5.265247003330231,246.28336462848563,5.931427421476935,8,fig5_cg1p5um_rpg2p5um__Lj12p0nH_Cj0p0fF__roL8p5mm__tee_fl160um_fc12,4.93882770809,6.20515259596,4.85777295016098,196.1018444801448,5.919324796967785,0.013549096884484241,0.2527353362899998,0.04942285036999916,0.4074740531692509,50.18152014834084,0.012102624509150672
Surrogate_RF,89,chip_simple_dxm3p636_dym9p091__Lj12p0nH_Cj2p0fF__roL8p5mm__tee_fl160um_fc12_cg1p2um__rpg1p4um,4.6860923718,6.15572974559,5.265247003330231,246.28336462848563,5.931427421476935,9,fig5_cg3p0um_rpg2p0um__Lj12p0nH_Cj0p0fF__roL8p5mm__tee_fl160um_fc12,4.85591843529,6.44095110726,4.270610977590561,230.04663618304903,6.1997071597004,0.01365766218361828,0.1698260634899995,0.2852213616699997,0.9946360257396698,16.236728445436597,0.2682797382234643
Surrogate_RF,89,chip_simple_dxm3p636_dym9p091__Lj12p0nH_Cj2p0fF__roL8p5mm__tee_fl160um_fc12_cg1p2um__rpg1p4um,4.6860923718,6.15572974559,5.265247003330231,246.28336462848563,5.931427421476935,10,fig5_cg3p5um_rpg2p0um__Lj12p0nH_Cj0p0fF__roL8p5mm__tee_fl160um_fc12,4.78544785971,6.42909571039,4.586441499513626,250.3896145461569,6.177842469599042,0.014766815367743474,0.0993554879099996,0.27336596479999997,0.678805503816605,4.106249917671278,0.24641504812210702
Surrogate_RF,90,chip_simple_dxm3p636_dym7p273__Lj12p0nH_Cj2p0fF__roL8p5mm__tee_fl160um_fc12_cg1p2um__rpg1p4um,4.70656141043,6.12250313634,6.093136621461868,255.126111021594,5.854507694338232,1,fig5_cg2p0um_rpg1p5um__Lj12p0nH_Cj0p0fF__roL8p5mm__tee_fl160um_fc12,4.77793609257,6.1977870086,5.346981281085967,236.19198761457903,5.968418975392394,0.012696787559716831,0.07137468214000009,0.07528387226,0.7461553403759007,18.934123407014965,0.11391128105416204
Surrogate_RF,90,chip_simple_dxm3p636_dym7p273__Lj12p0nH_Cj2p0fF__roL8p5mm__tee_fl160um_fc12_cg1p2um__rpg1p4um,4.70656141043,6.12250313634,6.093136621461868,255.126111021594,5.854507694338232,2,fig5_cg1p5um_rpg2p0um__Lj12p0nH_Cj0p0fF__roL8p5mm__tee_fl160um_fc12,4.87620084481,6.26170388145,4.99363361734581,218.7024888594067,5.970534325619533,0.016114678186575443,0.16963943437999962,0.13920074511000013,1.099503004116058,36.423622162187286,0.11602663128130075
Surrogate_RF,90,chip_simple_dxm3p636_dym7p273__Lj12p0nH_Cj2p0fF__roL8p5mm__tee_fl160um_fc12_cg1p2um__rpg1p4um,4.70656141043,6.12250313634,6.093136621461868,255.126111021594,5.854507694338232,3,fig5_cg2p0um_rpg1p0um__Lj12p0nH_Cj0p0fF__roL8p5mm__tee_fl160um_fc12,4.67537317002,6.28144982257,6.80016774546051,305.861011614189,6.2286045622900525,0.016883943201651194,0.03118824040999968,0.1589466862300002,0.7070311239986422,50.73490059259501,0.3740968679518204
Surrogate_RF,90,chip_simple_dxm3p636_dym7p273__Lj12p0nH_Cj2p0fF__roL8p5mm__tee_fl160um_fc12_cg1p2um__rpg1p4um,4.70656141043,6.12250313634,6.093136621461868,255.126111021594,5.854507694338232,4,fig5_cg3p0um_rpg1p5um__Lj12p0nH_Cj0p0fF__roL8p5mm__tee_fl160um_fc12,4.80934135586,6.34266483957,4.7338018228397365,237.2002446708589,6.176728175579623,0.019942608701982615,0.10277994543000002,0.2201617032300005,1.3593347986221316,17.925866350735106,0.32222048124139047
Surrogate_RF,90,chip_simple_dxm3p636_dym7p273__Lj12p0nH_Cj2p0fF__roL8p5mm__tee_fl160um_fc12_cg1p2um__rpg1p4um,4.70656141043,6.12250313634,6.093136621461868,255.126111021594,5.854507694338232,5,fig5_cg3p5um_rpg1p5um__Lj12p0nH_Cj0p0fF__roL8p5mm__tee_fl160um_fc12,4.70486631048,6.33112792154,5.111963850152969,266.195772124899,6.191175501007713,0.022569682135179944,0.0016950999500000563,0.2086247852000005,0.9811727713088993,11.069661103305009,0.3366678066694808
Surrogate_RF,90,chip_simple_dxm3p636_dym7p273__Lj12p0nH_Cj2p0fF__roL8p5mm__tee_fl160um_fc12_cg1p2um__rpg1p4um,4.70656141043,6.12250313634,6.093136621461868,255.126111021594,5.854507694338232,6,fig5_cg3p0um_rpg1p0um__Lj12p0nH_Cj0p0fF__roL8p5mm__tee_fl160um_fc12,4.5918495592,6.3683346429,6.310808488025665,329.7787087605889,6.339102179225892,0.024963325613281684,0.11471185123000005,0.24583150656000008,0.2176718665637969,74.65259773899493,0.4845944848876602
Surrogate_RF,90,chip_simple_dxm3p636_dym7p273__Lj12p0nH_Cj2p0fF__roL8p5mm__tee_fl160um_fc12_cg1p2um__rpg1p4um,4.70656141043,6.12250313634,6.093136621461868,255.126111021594,5.854507694338232,7,fig5_cg4p5um_rpg1p0um__Lj12p0nH_Cj0p0fF__roL8p5mm__tee_fl160um_fc12,4.66547453942,6.44365646453,5.568490972890854,305.09213979648246,6.526420054379522,0.025561195818527536,0.04108687101000008,0.3211533281900003,0.5246456485710143,49.96602877488846,0.67191236004129
Surrogate_RF,90,chip_simple_dxm3p636_dym7p273__Lj12p0nH_Cj2p0fF__roL8p5mm__tee_fl160um_fc12_cg1p2um__rpg1p4um,4.70656141043,6.12250313634,6.093136621461868,255.126111021594,5.854507694338232,8,fig5_cg5p0um_rpg1p0um__Lj12p0nH_Cj0p0fF__roL8p5mm__tee_fl160um_fc12,4.67009412056,6.40368347107,5.386180753400803,292.5653068578806,6.313414733179575,0.025561195818527536,0.03646728987000003,0.28118033473000015,0.7069558680610655,37.439195836286615,0.45890703884134254
Surrogate_RF,90,chip_simple_dxm3p636_dym7p273__Lj12p0nH_Cj2p0fF__roL8p5mm__tee_fl160um_fc12_cg1p2um__rpg1p4um,4.70656141043,6.12250313634,6.093136621461868,255.126111021594,5.854507694338232,9,fig5_cg5p0um_rpg1p5um__Lj12p0nH_Cj0p0fF__roL8p5mm__tee_fl160um_fc12,4.78104020561,6.40912743907,4.688513258781433,251.19081153078065,6.311876326449141,0.026463169420409695,0.07447879518000011,0.28662430272999995,1.404623362680435,3.9352994908133496,0.45736863211090917
Surrogate_RF,90,chip_simple_dxm3p636_dym7p273__Lj12p0nH_Cj2p0fF__roL8p5mm__tee_fl160um_fc12_cg1p2um__rpg1p4um,4.70656141043,6.12250313634,6.093136621461868,255.126111021594,5.854507694338232,10,fig5_cg3p5um_rpg1p0um__Lj12p0nH_Cj0p0fF__roL8p5mm__tee_fl160um_fc12,4.65151549232,6.42206990109,5.782993409578324,310.4906595751157,6.336782825594393,0.02679935944070172,0.05504591811000026,0.29956676475000066,0.31014321188354366,55.36454855352173,0.48227513125616106
Surrogate_RF,91,chip_simple_dxm3p636_dy1p818__Lj12p0nH_Cj2p0fF__roL8p5mm__tee_fl160um_fc12_cg1p2um__rpg1p4um,4.65948056766,6.03083989622,6.176426648702622,251.6809113919346,5.759649809678368,1,fig5_cg2p0um_rpg1p5um__Lj12p0nH_Cj0p0fF__roL8p5mm__tee_fl160um_fc12,4.77793609257,6.1977870086,5.346981281085967,236.19198761457903,5.968418975392394,0.015266548754251047,0.11845552490999989,0.16694711237999993,0.8294453676166542,15.488923777355552,0.20876916571402582
Surrogate_RF,91,chip_simple_dxm3p636_dy1p818__Lj12p0nH_Cj2p0fF__roL8p5mm__tee_fl160um_fc12_cg1p2um__rpg1p4um,4.65948056766,6.03083989622,6.176426648702622,251.6809113919346,5.759649809678368,2,fig5_cg1p5um_rpg2p0um__Lj12p0nH_Cj0p0fF__roL8p5mm__tee_fl160um_fc12,4.87620084481,6.26170388145,4.99363361734581,218.7024888594067,5.970534325619533,0.017302736928507336,0.21672027714999942,0.23086398523000007,1.1827930313568116,32.97842253252787,0.21088451594116453
Surrogate_RF,91,chip_simple_dxm3p636_dy1p818__Lj12p0nH_Cj2p0fF__roL8p5mm__tee_fl160um_fc12_cg1p2um__rpg1p4um,4.65948056766,6.03083989622,6.176426648702622,251.6809113919346,5.759649809678368,3,fig5_cg2p0um_rpg1p0um__Lj12p0nH_Cj0p0fF__roL8p5mm__tee_fl160um_fc12,4.67537317002,6.28144982257,6.80016774546051,305.861011614189,6.2286045622900525,0.021096069557201096,0.01589260236000012,0.2506099263500001,0.6237410967578887,54.180100222254424,0.4689547526116842
Surrogate_RF,91,chip_simple_dxm3p636_dy1p818__Lj12p0nH_Cj2p0fF__roL8p5mm__tee_fl160um_fc12_cg1p2um__rpg1p4um,4.65948056766,6.03083989622,6.176426648702622,251.6809113919346,5.759649809678368,4,fig5_cg3p0um_rpg1p5um__Lj12p0nH_Cj0p0fF__roL8p5mm__tee_fl160um_fc12,4.80934135586,6.34266483957,4.7338018228397365,237.2002446708589,6.176728175579623,0.023953777193067235,0.14986078819999982,0.31182494335000044,1.442624825862885,14.480666721075693,0.41707836590125424
Surrogate_RF,91,chip_simple_dxm3p636_dy1p818__Lj12p0nH_Cj2p0fF__roL8p5mm__tee_fl160um_fc12_cg1p2um__rpg1p4um,4.65948056766,6.03083989622,6.176426648702622,251.6809113919346,5.759649809678368,5,fig5_cg1p0um_rpg2p5um__Lj12p0nH_Cj0p0fF__roL8p5mm__tee_fl160um_fc12,4.8761770008,5.99407925784,6.270368555709839,201.3919971854669,5.6148078415071,0.02524706050197119,0.2166964331400001,0.036760638379999655,0.09394190700721783,50.288914206467695,0.14484196817126804
Surrogate_RF,91,chip_simple_dxm3p636_dy1p818__Lj12p0nH_Cj2p0fF__roL8p5mm__tee_fl160um_fc12_cg1p2um__rpg1p4um,4.65948056766,6.03083989622,6.176426648702622,251.6809113919346,5.759649809678368,6,fig5_cg3p5um_rpg1p5um__Lj12p0nH_Cj0p0fF__roL8p5mm__tee_fl160um_fc12,4.70486631048,6.33112792154,5.111963850152969,266.195772124899,6.191175501007713,0.027366306525243137,0.04538574281999974,0.30028802532000043,1.0644627985496529,14.514860732964422,0.4315256913293446
Surrogate_RF,91,chip_simple_dxm3p636_dy1p818__Lj12p0nH_Cj2p0fF__roL8p5mm__tee_fl160um_fc12_cg1p2um__rpg1p4um,4.65948056766,6.03083989622,6.176426648702622,251.6809113919346,5.759649809678368,7,fig5_cg1p5um_rpg1p0um__Lj12p0nH_Cj0p0fF__roL8p5mm__tee_fl160um_fc12,4.7605818776,6.21817087681,5.831666317903518,253.65164600383045,6.132701943451215,0.027761751386800183,0.10110130993999977,0.18733098059000053,0.3447603307991036,1.970734611895864,0.3730521337728465
Surrogate_RF,91,chip_simple_dxm3p636_dy1p818__Lj12p0nH_Cj2p0fF__roL8p5mm__tee_fl160um_fc12_cg1p2um__rpg1p4um,4.65948056766,6.03083989622,6.176426648702622,251.6809113919346,5.759649809678368,8,fig5_cg1p5um_rpg2p5um__Lj12p0nH_Cj0p0fF__roL8p5mm__tee_fl160um_fc12,4.93882770809,6.20515259596,4.85777295016098,196.1018444801448,5.919324796967785,0.0294844568038716,0.27934714042999964,0.17431269973999974,1.3186536985416417,55.579066911789795,0.15967498728941631
Surrogate_RF,91,chip_simple_dxm3p636_dy1p818__Lj12p0nH_Cj2p0fF__roL8p5mm__tee_fl160um_fc12_cg1p2um__rpg1p4um,4.65948056766,6.03083989622,6.176426648702622,251.6809113919346,5.759649809678368,9,fig5_cg5p0um_rpg1p5um__Lj12p0nH_Cj0p0fF__roL8p5mm__tee_fl160um_fc12,4.78104020561,6.40912743907,4.688513258781433,251.19081153078065,6.311876326449141,0.03127751451091204,0.12155963794999991,0.3782875428499999,1.4879133899211885,0.49009986115393644,0.552226516770773
Surrogate_RF,91,chip_simple_dxm3p636_dy1p818__Lj12p0nH_Cj2p0fF__roL8p5mm__tee_fl160um_fc12_cg1p2um__rpg1p4um,4.65948056766,6.03083989622,6.176426648702622,251.6809113919346,5.759649809678368,10,fig5_cg3p0um_rpg1p0um__Lj12p0nH_Cj0p0fF__roL8p5mm__tee_fl160um_fc12,4.5918495592,6.3683346429,6.310808488025665,329.7787087605889,6.339102179225892,0.03140348399631979,0.06763100846000025,0.33749474668,0.13438183932304337,78.09779736865434,0.579452369547524
Surrogate_RF,92,chip_simple_dxm3p636_dy10p000__Lj12p0nH_Cj2p0fF__roL8p5mm__tee_fl160um_fc12_cg1p2um__rpg1p4um,4.73815107358,6.05231853835,6.033662920442581,235.33044959964005,5.811514966384675,1,fig5_cg1p5um_rpg2p0um__Lj12p0nH_Cj0p0fF__roL8p5mm__tee_fl160um_fc12,4.87620084481,6.26170388145,4.99363361734581,218.7024888594067,5.970534325619533,0.007583954917699779,0.1380497712299995,0.20938534310000012,1.0400293030967713,16.627960740233334,0.15901935923485766
Surrogate_RF,92,chip_simple_dxm3p636_dy10p000__Lj12p0nH_Cj2p0fF__roL8p5mm__tee_fl160um_fc12_cg1p2um__rpg1p4um,4.73815107358,6.05231853835,6.033662920442581,235.33044959964005,5.811514966384675,2,fig5_cg2p0um_rpg1p5um__Lj12p0nH_Cj0p0fF__roL8p5mm__tee_fl160um_fc12,4.77793609257,6.1977870086,5.346981281085967,236.19198761457903,5.968418975392394,0.008884571888271709,0.039785018989999976,0.14546847024999998,0.686681639356614,0.8615380149389864,0.15690400900771895
Surrogate_RF,92,chip_simple_dxm3p636_dy10p000__Lj12p0nH_Cj2p0fF__roL8p5mm__tee_fl160um_fc12_cg1p2um__rpg1p4um,4.73815107358,6.05231853835,6.033662920442581,235.33044959964005,5.811514966384675,3,fig5_cg1p0um_rpg2p5um__Lj12p0nH_Cj0p0fF__roL8p5mm__tee_fl160um_fc12,4.8761770008,5.99407925784,6.270368555709839,201.3919971854669,5.6148078415071,0.013870580953672848,0.13802592722000018,0.0582392805099996,0.23670563526725807,33.938452414173156,0.1967071248775749
Surrogate_RF,92,chip_simple_dxm3p636_dy10p000__Lj12p0nH_Cj2p0fF__roL8p5mm__tee_fl160um_fc12_cg1p2um__rpg1p4um,4.73815107358,6.05231853835,6.033662920442581,235.33044959964005,5.811514966384675,4,fig5_cg1p5um_rpg2p5um__Lj12p0nH_Cj0p0fF__roL8p5mm__tee_fl160um_fc12,4.93882770809,6.20515259596,4.85777295016098,196.1018444801448,5.919324796967785,0.0167149385793549,0.20067663450999973,0.1528340576099998,1.1758899702816015,39.228605119495256,0.10780983058310945
Surrogate_RF,92,chip_simple_dxm3p636_dy10p000__Lj12p0nH_Cj2p0fF__roL8p5mm__tee_fl160um_fc12_cg1p2um__rpg1p4um,4.73815107358,6.05231853835,6.033662920442581,235.33044959964005,5.811514966384675,5,fig5_cg3p0um_rpg1p5um__Lj12p0nH_Cj0p0fF__roL8p5mm__tee_fl160um_fc12,4.80934135586,6.34266483957,4.7338018228397365,237.2002446708589,6.176728175579623,0.018477576578664463,0.0711902822799999,0.2903463012200005,1.2998610976028449,1.8697950712188458,0.3652132091949474
Surrogate_RF,92,chip_simple_dxm3p636_dy10p000__Lj12p0nH_Cj2p0fF__roL8p5mm__tee_fl160um_fc12_cg1p2um__rpg1p4um,4.73815107358,6.05231853835,6.033662920442581,235.33044959964005,5.811514966384675,6,fig5_cg3p5um_rpg1p5um__Lj12p0nH_Cj0p0fF__roL8p5mm__tee_fl160um_fc12,4.70486631048,6.33112792154,5.111963850152969,266.195772124899,6.191175501007713,0.023727249819222015,0.03328476310000017,0.2788093831900005,0.9216990702896126,30.86532252525896,0.3796605346230377
Surrogate_RF,92,chip_simple_dxm3p636_dy10p000__Lj12p0nH_Cj2p0fF__roL8p5mm__tee_fl160um_fc12_cg1p2um__rpg1p4um,4.73815107358,6.05231853835,6.033662920442581,235.33044959964005,5.811514966384675,7,fig5_cg2p0um_rpg2p5um__Lj12p0nH_Cj0p0fF__roL8p5mm__tee_fl160um_fc12,4.88081947033,6.29200362079,4.710222612869263,215.78136757047287,6.007573423867593,0.025429775607518235,0.14266839674999954,0.2396850824400003,1.3234403075733185,19.54908202916718,0.19605845748291806
Surrogate_RF,92,chip_simple_dxm3p636_dy10p000__Lj12p0nH_Cj2p0fF__roL8p5mm__tee_fl160um_fc12_cg1p2um__rpg1p4um,4.73815107358,6.05231853835,6.033662920442581,235.33044959964005,5.811514966384675,8,fig5_cg5p0um_rpg1p5um__Lj12p0nH_Cj0p0fF__roL8p5mm__tee_fl160um_fc12,4.78104020561,6.40912743907,4.688513258781433,251.19081153078065,6.311876326449141,0.026694059882437945,0.04288913203,0.35680890071999993,1.3451496616611482,15.860361931140602,0.5003613600644661
Surrogate_RF,92,chip_simple_dxm3p636_dy10p000__Lj12p0nH_Cj2p0fF__roL8p5mm__tee_fl160um_fc12_cg1p2um__rpg1p4um,4.73815107358,6.05231853835,6.033662920442581,235.33044959964005,5.811514966384675,9,fig5_cg2p5um_rpg2p0um__Lj12p0nH_Cj0p0fF__roL8p5mm__tee_fl160um_fc12,4.82985966256,6.3640851834,4.45615377314949,229.1245415394613,6.124821045393385,0.031716985137183885,0.09170858897999956,0.3117666450500005,1.5775091472930916,6.205908060178757,0.31330607900870966
Surrogate_RF,92,chip_simple_dxm3p636_dy10p000__Lj12p0nH_Cj2p0fF__roL8p5mm__tee_fl160um_fc12_cg1p2um__rpg1p4um,4.73815107358,6.05231853835,6.033662920442581,235.33044959964005,5.811514966384675,10,fig5_cg2p5um_rpg2p5um__Lj12p0nH_Cj0p0fF__roL8p5mm__tee_fl160um_fc12,4.86782605146,6.40620544852,4.850844314466476,237.9905673388129,6.17514285459043,0.03426730665982616,0.1296749778799997,0.35388691016999996,1.182818605976105,2.660117739172847,0.3636278882057544
Surrogate_RF,93,chip_simple_dxm2p727_dym8p182__Lj12p0nH_Cj2p0fF__roL8p5mm__tee_fl160um_fc12_cg1p2um__rpg1p4um,4.75792911556,6.08928538059,5.430974245897293,224.8860487804459,5.836762695096986,1,fig5_cg1p5um_rpg2p0um__Lj12p0nH_Cj0p0fF__roL8p5mm__tee_fl160um_fc12,4.87620084481,6.26170388145,4.99363361734581,218.7024888594067,5.970534325619533,0.0012103176083821169,0.11827172924999996,0.1724185008600001,0.4373406285514827,6.183559921039176,0.13377163052254648
Surrogate_RF,93,chip_simple_dxm2p727_dym8p182__Lj12p0nH_Cj2p0fF__roL8p5mm__tee_fl160um_fc12_cg1p2um__rpg1p4um,4.75792911556,6.08928538059,5.430974245897293,224.8860487804459,5.836762695096986,2,fig5_cg2p0um_rpg1p5um__Lj12p0nH_Cj0p0fF__roL8p5mm__tee_fl160um_fc12,4.77793609257,6.1977870086,5.346981281085967,236.19198761457903,5.968418975392394,0.0022418615950808465,0.020006977010000426,0.10850162800999996,0.08399296481132534,11.305938834133144,0.13165628029540777
Surrogate_RF,93,chip_simple_dxm2p727_dym8p182__Lj12p0nH_Cj2p0fF__roL8p5mm__tee_fl160um_fc12_cg1p2um__rpg1p4um,4.75792911556,6.08928538059,5.430974245897293,224.8860487804459,5.836762695096986,3,fig5_cg1p5um_rpg2p5um__Lj12p0nH_Cj0p0fF__roL8p5mm__tee_fl160um_fc12,4.93882770809,6.20515259596,4.85777295016098,196.1018444801448,5.919324796967785,0.004280490793802796,0.18089859253000018,0.11586721536999978,0.5732012957363128,28.7842043003011,0.08256210187079827
Surrogate_RF,93,chip_simple_dxm2p727_dym8p182__Lj12p0nH_Cj2p0fF__roL8p5mm__tee_fl160um_fc12_cg1p2um__rpg1p4um,4.75792911556,6.08928538059,5.430974245897293,224.8860487804459,5.836762695096986,4,fig5_cg3p0um_rpg1p5um__Lj12p0nH_Cj0p0fF__roL8p5mm__tee_fl160um_fc12,4.80934135586,6.34266483957,4.7338018228397365,237.2002446708589,6.176728175579623,0.008438820668465113,0.051412240300000356,0.25337945898000047,0.6971724230575562,12.314195890413004,0.3399654804826362
Surrogate_RF,93,chip_simple_dxm2p727_dym8p182__Lj12p0nH_Cj2p0fF__roL8p5mm__tee_fl160um_fc12_cg1p2um__rpg1p4um,4.75792911556,6.08928538059,5.430974245897293,224.8860487804459,5.836762695096986,5,fig5_cg2p0um_rpg2p5um__Lj12p0nH_Cj0p0fF__roL8p5mm__tee_fl160um_fc12,4.88081947033,6.29200362079,4.710222612869263,215.78136757047287,6.007573423867593,0.008546905301088209,0.12289035476999999,0.2027182402000003,0.7207516330280299,9.104681209973023,0.17081072877060688
Surrogate_RF,93,chip_simple_dxm2p727_dym8p182__Lj12p0nH_Cj2p0fF__roL8p5mm__tee_fl160um_fc12_cg1p2um__rpg1p4um,4.75792911556,6.08928538059,5.430974245897293,224.8860487804459,5.836762695096986,6,fig5_cg3p5um_rpg1p5um__Lj12p0nH_Cj0p0fF__roL8p5mm__tee_fl160um_fc12,4.70486631048,6.33112792154,5.111963850152969,266.195772124899,6.191175501007713,0.013932276021128925,0.05306280507999972,0.24184254095000046,0.319010395744324,41.30972334445312,0.35441280591072655
Surrogate_RF,93,chip_simple_dxm2p727_dym8p182__Lj12p0nH_Cj2p0fF__roL8p5mm__tee_fl160um_fc12_cg1p2um__rpg1p4um,4.75792911556,6.08928538059,5.430974245897293,224.8860487804459,5.836762695096986,7,fig5_cg2p5um_rpg2p0um__Lj12p0nH_Cj0p0fF__roL8p5mm__tee_fl160um_fc12,4.82985966256,6.3640851834,4.45615377314949,229.1245415394613,6.124821045393385,0.014740762117957482,0.07193054700000001,0.2747998028100005,0.9748204727478029,4.238492759015401,0.2880583502963985
Surrogate_RF,93,chip_simple_dxm2p727_dym8p182__Lj12p0nH_Cj2p0fF__roL8p5mm__tee_fl160um_fc12_cg1p2um__rpg1p4um,4.75792911556,6.08928538059,5.430974245897293,224.8860487804459,5.836762695096986,8,fig5_cg5p0um_rpg1p5um__Lj12p0nH_Cj0p0fF__roL8p5mm__tee_fl160um_fc12,4.78104020561,6.40912743907,4.688513258781433,251.19081153078065,6.311876326449141,0.014974760731435112,0.02311109005000045,0.3198420584799999,0.7424609871158596,26.30476275033476,0.4751136313521549
Surrogate_RF,93,chip_simple_dxm2p727_dym8p182__Lj12p0nH_Cj2p0fF__roL8p5mm__tee_fl160um_fc12_cg1p2um__rpg1p4um,4.75792911556,6.08928538059,5.430974245897293,224.8860487804459,5.836762695096986,9,fig5_cg2p5um_rpg2p5um__Lj12p0nH_Cj0p0fF__roL8p5mm__tee_fl160um_fc12,4.86782605146,6.40620544852,4.850844314466476,237.9905673388129,6.17514285459043,0.015582649039296565,0.10989693590000016,0.31692006792999994,0.5801299314308164,13.104518558367005,0.33838015949344324
Surrogate_RF,93,chip_simple_dxm2p727_dym8p182__Lj12p0nH_Cj2p0fF__roL8p5mm__tee_fl160um_fc12_cg1p2um__rpg1p4um,4.75792911556,6.08928538059,5.430974245897293,224.8860487804459,5.836762695096986,10,fig5_cg1p0um_rpg2p5um__Lj12p0nH_Cj0p0fF__roL8p5mm__tee_fl160um_fc12,4.8761770008,5.99407925784,6.270368555709839,201.3919971854669,5.6148078415071,0.01653117780832986,0.11824788524000063,0.09520612274999962,0.8393943098125467,23.494051594979,0.2219548535898861
Surrogate_RF,94,chip_simple_dxm2p727_dym5p455__Lj12p0nH_Cj2p0fF__roL8p5mm__tee_fl160um_fc12_cg1p2um__rpg1p4um,4.76150653148,6.0438906881,5.615447397510528,220.81109276355625,5.795859860949257,1,fig5_cg1p5um_rpg2p0um__Lj12p0nH_Cj0p0fF__roL8p5mm__tee_fl160um_fc12,4.87620084481,6.26170388145,4.99363361734581,218.7024888594067,5.970534325619533,0.0013056296882845418,0.11469431332999935,0.2178131933499996,0.6218137801647181,2.1086039041495326,0.17467446467027603
Surrogate_RF,94,chip_simple_dxm2p727_dym5p455__Lj12p0nH_Cj2p0fF__roL8p5mm__tee_fl160um_fc12_cg1p2um__rpg1p4um,4.76150653148,6.0438906881,5.615447397510528,220.81109276355625,5.795859860949257,2,fig5_cg2p0um_rpg1p5um__Lj12p0nH_Cj0p0fF__roL8p5mm__tee_fl160um_fc12,4.77793609257,6.1977870086,5.346981281085967,236.19198761457903,5.968418975392394,0.005115226105160655,0.016429561089999822,0.15389632049999946,0.26846611642456075,15.380894851022788,0.17255911444313732
Surrogate_RF,94,chip_simple_dxm2p727_dym5p455__Lj12p0nH_Cj2p0fF__roL8p5mm__tee_fl160um_fc12_cg1p2um__rpg1p4um,4.76150653148,6.0438906881,5.615447397510528,220.81109276355625,5.795859860949257,3,fig5_cg1p5um_rpg2p5um__Lj12p0nH_Cj0p0fF__roL8p5mm__tee_fl160um_fc12,4.93882770809,6.20515259596,4.85777295016098,196.1018444801448,5.919324796967785,0.005191868445856978,0.17732117660999958,0.16126190785999928,0.7576744473495483,24.709248283411455,0.12346493601852782
Surrogate_RF,94,chip_simple_dxm2p727_dym5p455__Lj12p0nH_Cj2p0fF__roL8p5mm__tee_fl160um_fc12_cg1p2um__rpg1p4um,4.76150653148,6.0438906881,5.615447397510528,220.81109276355625,5.795859860949257,4,fig5_cg1p0um_rpg2p5um__Lj12p0nH_Cj0p0fF__roL8p5mm__tee_fl160um_fc12,4.8761770008,5.99407925784,6.270368555709839,201.3919971854669,5.6148078415071,0.010423850264587314,0.11467046932000002,0.04981143026000012,0.6549211581993113,19.419095578089355,0.18105201944215654
Surrogate_RF,94,chip_simple_dxm2p727_dym5p455__Lj12p0nH_Cj2p0fF__roL8p5mm__tee_fl160um_fc12_cg1p2um__rpg1p4um,4.76150653148,6.0438906881,5.615447397510528,220.81109276355625,5.795859860949257,5,fig5_cg2p0um_rpg2p5um__Lj12p0nH_Cj0p0fF__roL8p5mm__tee_fl160um_fc12,4.88081947033,6.29200362079,4.710222612869263,215.78136757047287,6.007573423867593,0.012396901120122266,0.11931293884999938,0.2481129326899998,0.9052247846412653,5.0297251930833795,0.21171356291833643
Surrogate_RF,94,chip_simple_dxm2p727_dym5p455__Lj12p0nH_Cj2p0fF__roL8p5mm__tee_fl160um_fc12_cg1p2um__rpg1p4um,4.76150653148,6.0438906881,5.615447397510528,220.81109276355625,5.795859860949257,6,fig5_cg3p0um_rpg1p5um__Lj12p0nH_Cj0p0fF__roL8p5mm__tee_fl160um_fc12,4.80934135586,6.34266483957,4.7338018228397365,237.2002446708589,6.176728175579623,0.013979415381642777,0.04783482437999975,0.29877415146999997,0.8816455746707916,16.389151907302647,0.38086831463036575
Surrogate_RF,94,chip_simple_dxm2p727_dym5p455__Lj12p0nH_Cj2p0fF__roL8p5mm__tee_fl160um_fc12_cg1p2um__rpg1p4um,4.76150653148,6.0438906881,5.615447397510528,220.81109276355625,5.795859860949257,7,fig5_cg3p5um_rpg1p5um__Lj12p0nH_Cj0p0fF__roL8p5mm__tee_fl160um_fc12,4.70486631048,6.33112792154,5.111963850152969,266.195772124899,6.191175501007713,0.020845521942426542,0.056640221000000324,0.28723723343999996,0.5034835473575594,45.38467936134276,0.3953156400584561
Surrogate_RF,94,chip_simple_dxm2p727_dym5p455__Lj12p0nH_Cj2p0fF__roL8p5mm__tee_fl160um_fc12_cg1p2um__rpg1p4um,4.76150653148,6.0438906881,5.615447397510528,220.81109276355625,5.795859860949257,8,fig5_cg2p5um_rpg2p0um__Lj12p0nH_Cj0p0fF__roL8p5mm__tee_fl160um_fc12,4.82985966256,6.3640851834,4.45615377314949,229.1245415394613,6.124821045393385,0.021106987978844048,0.06835313107999941,0.3201944953,1.1592936243610383,8.313448775905044,0.32896118444412803
Surrogate_RF,94,chip_simple_dxm2p727_dym5p455__Lj12p0nH_Cj2p0fF__roL8p5mm__tee_fl160um_fc12_cg1p2um__rpg1p4um,4.76150653148,6.0438906881,5.615447397510528,220.81109276355625,5.795859860949257,9,fig5_cg2p5um_rpg2p5um__Lj12p0nH_Cj0p0fF__roL8p5mm__tee_fl160um_fc12,4.86782605146,6.40620544852,4.850844314466476,237.9905673388129,6.17514285459043,0.02153472774376483,0.10631951997999955,0.36231476041999944,0.7646030830440518,17.17947457525665,0.3792829936411728
Surrogate_RF,94,chip_simple_dxm2p727_dym5p455__Lj12p0nH_Cj2p0fF__roL8p5mm__tee_fl160um_fc12_cg1p2um__rpg1p4um,4.76150653148,6.0438906881,5.615447397510528,220.81109276355625,5.795859860949257,10,fig5_cg5p0um_rpg1p5um__Lj12p0nH_Cj0p0fF__roL8p5mm__tee_fl160um_fc12,4.78104020561,6.40912743907,4.688513258781433,251.19081153078065,6.311876326449141,0.022130849225148193,0.019533674129999845,0.3652367509699994,0.926934138729095,30.379718767224404,0.5160164654998844
Surrogate_RF,95,chip_simple_dxm2p727_dy5p455__Lj12p0nH_Cj2p0fF__roL8p5mm__tee_fl160um_fc12_cg1p2um__rpg1p4um,4.69743144278,5.95177627861,6.58547302658081,237.55915169859625,5.688443329457153,1,fig5_cg1p0um_rpg2p5um__Lj12p0nH_Cj0p0fF__roL8p5mm__tee_fl160um_fc12,4.8761770008,5.99407925784,6.270368555709839,201.3919971854669,5.6148078415071,0.018221837022887474,0.17874555802000014,0.04230297923000048,0.3151044708709705,36.16715451312936,0.07363548795005226
Surrogate_RF,95,chip_simple_dxm2p727_dy5p455__Lj12p0nH_Cj2p0fF__roL8p5mm__tee_fl160um_fc12_cg1p2um__rpg1p4um,4.69743144278,5.95177627861,6.58547302658081,237.55915169859625,5.688443329457153,2,fig5_cg1p5um_rpg2p0um__Lj12p0nH_Cj0p0fF__roL8p5mm__tee_fl160um_fc12,4.87620084481,6.26170388145,4.99363361734581,218.7024888594067,5.970534325619533,0.019984915120579264,0.17876940202999947,0.3099276028400002,1.591839409235,18.85666283918954,0.2820909961623803
Surrogate_RF,95,chip_simple_dxm2p727_dy5p455__Lj12p0nH_Cj2p0fF__roL8p5mm__tee_fl160um_fc12_cg1p2um__rpg1p4um,4.69743144278,5.95177627861,6.58547302658081,237.55915169859625,5.688443329457153,3,fig5_cg1p0um_rpg1p5um__Lj12p0nH_Cj0p0fF__roL8p5mm__tee_fl160um_fc12,4.79990762773,5.93734773014,7.211306133548736,222.8918736386996,5.66911545033236,0.02037697870979601,0.10247618494999955,0.014428548469999747,0.6258331069679262,14.66727805989666,0.01932787912479217
Surrogate_RF,95,chip_simple_dxm2p727_dy5p455__Lj12p0nH_Cj2p0fF__roL8p5mm__tee_fl160um_fc12_cg1p2um__rpg1p4um,4.69743144278,5.95177627861,6.58547302658081,237.55915169859625,5.688443329457153,4,fig5_cg2p0um_rpg1p5um__Lj12p0nH_Cj0p0fF__roL8p5mm__tee_fl160um_fc12,4.77793609257,6.1977870086,5.346981281085967,236.19198761457903,5.968418975392394,0.023226783052493153,0.08050464978999994,0.24601072999000007,1.2384917454948425,1.3671640840172188,0.2799756459352416
Surrogate_RF,95,chip_simple_dxm2p727_dy5p455__Lj12p0nH_Cj2p0fF__roL8p5mm__tee_fl160um_fc12_cg1p2um__rpg1p4um,4.69743144278,5.95177627861,6.58547302658081,237.55915169859625,5.688443329457153,5,fig5_cg1p5um_rpg1p0um__Lj12p0nH_Cj0p0fF__roL8p5mm__tee_fl160um_fc12,4.7605818776,6.21817087681,5.831666317903518,253.65164600383045,6.132701943451215,0.028928981144291488,0.06315043481999982,0.26639459820000067,0.7538067086772919,16.092494305234197,0.4442586139940623
Surrogate_RF,95,chip_simple_dxm2p727_dy5p455__Lj12p0nH_Cj2p0fF__roL8p5mm__tee_fl160um_fc12_cg1p2um__rpg1p4um,4.69743144278,5.95177627861,6.58547302658081,237.55915169859625,5.688443329457153,6,fig5_cg1p5um_rpg2p5um__Lj12p0nH_Cj0p0fF__roL8p5mm__tee_fl160um_fc12,4.93882770809,6.20515259596,4.85777295016098,196.1018444801448,5.919324796967785,0.032203062777382774,0.2413962653099997,0.2533763173499999,1.72770007641983,41.45730721845146,0.2308814675106321
Surrogate_RF,95,chip_simple_dxm2p727_dy5p455__Lj12p0nH_Cj2p0fF__roL8p5mm__tee_fl160um_fc12_cg1p2um__rpg1p4um,4.69743144278,5.95177627861,6.58547302658081,237.55915169859625,5.688443329457153,7,fig5_cg3p0um_rpg1p5um__Lj12p0nH_Cj0p0fF__roL8p5mm__tee_fl160um_fc12,4.80934135586,6.34266483957,4.7338018228397365,237.2002446708589,6.176728175579623,0.03614289403303844,0.11190991307999987,0.3908885609600006,1.8516712037410734,0.3589070277373594,0.48828484612247003
Surrogate_RF,95,chip_simple_dxm2p727_dy5p455__Lj12p0nH_Cj2p0fF__roL8p5mm__tee_fl160um_fc12_cg1p2um__rpg1p4um,4.69743144278,5.95177627861,6.58547302658081,237.55915169859625,5.688443329457153,8,fig5_cg2p0um_rpg1p0um__Lj12p0nH_Cj0p0fF__roL8p5mm__tee_fl160um_fc12,4.67537317002,6.28144982257,6.80016774546051,305.861011614189,6.2286045622900525,0.03740982580451819,0.02205827275999983,0.32967354396000026,0.21469471887970037,68.30185991559276,0.5401612328329
Surrogate_RF,95,chip_simple_dxm2p727_dy5p455__Lj12p0nH_Cj2p0fF__roL8p5mm__tee_fl160um_fc12_cg1p2um__rpg1p4um,4.69743144278,5.95177627861,6.58547302658081,237.55915169859625,5.688443329457153,9,fig5_cg3p5um_rpg1p5um__Lj12p0nH_Cj0p0fF__roL8p5mm__tee_fl160um_fc12,4.70486631048,6.33112792154,5.111963850152969,266.195772124899,6.191175501007713,0.04223505906115224,0.007434867699999792,0.37935164293000057,1.4735091764278412,28.636620426302756,0.5027321715505604
Surrogate_RF,95,chip_simple_dxm2p727_dy5p455__Lj12p0nH_Cj2p0fF__roL8p5mm__tee_fl160um_fc12_cg1p2um__rpg1p4um,4.69743144278,5.95177627861,6.58547302658081,237.55915169859625,5.688443329457153,10,fig5_cg2p0um_rpg2p5um__Lj12p0nH_Cj0p0fF__roL8p5mm__tee_fl160um_fc12,4.88081947033,6.29200362079,4.710222612869263,215.78136757047287,6.007573423867593,0.04490253617494006,0.1833880275499995,0.3402273421800004,1.875250413711547,21.777784128123386,0.3191300944104407
Surrogate_RF,96,chip_simple_dxm2p727_dy6p364__Lj12p0nH_Cj2p0fF__roL8p5mm__tee_fl160um_fc12_cg1p2um__rpg1p4um,4.65832113829,5.97027326234,6.963625674341201,256.8590426189228,5.683821567758439,1,fig5_cg1p5um_rpg1p0um__Lj12p0nH_Cj0p0fF__roL8p5mm__tee_fl160um_fc12,4.7605818776,6.21817087681,5.831666317903518,253.65164600383045,6.132701943451215,0.010624725635568396,0.10226073931000013,0.24789761447000025,1.131959356437683,3.2073966150923354,0.4488803756927755
Surrogate_RF,96,chip_simple_dxm2p727_dy6p364__Lj12p0nH_Cj2p0fF__roL8p5mm__tee_fl160um_fc12_cg1p2um__rpg1p4um,4.65832113829,5.97027326234,6.963625674341201,256.8590426189228,5.683821567758439,2,fig5_cg2p0um_rpg1p0um__Lj12p0nH_Cj0p0fF__roL8p5mm__tee_fl160um_fc12,4.67537317002,6.28144982257,6.80016774546051,305.861011614189,6.2286045622900525,0.02133737428524169,0.017052031730000472,0.31117656022999984,0.16345792888069077,49.001968995266225,0.5447829945316132
Surrogate_RF,96,chip_simple_dxm2p727_dy6p364__Lj12p0nH_Cj2p0fF__roL8p5mm__tee_fl160um_fc12_cg1p2um__rpg1p4um,4.65832113829,5.97027326234,6.963625674341201,256.8590426189228,5.683821567758439,3,fig5_cg1p0um_rpg1p5um__Lj12p0nH_Cj0p0fF__roL8p5mm__tee_fl160um_fc12,4.79990762773,5.93734773014,7.211306133548736,222.8918736386996,5.66911545033236,0.022375595991896483,0.14158648943999985,0.03292553220000016,0.247680459207535,33.96716898022319,0.014706117426078968
Surrogate_RF,96,chip_simple_dxm2p727_dy6p364__Lj12p0nH_Cj2p0fF__roL8p5mm__tee_fl160um_fc12_cg1p2um__rpg1p4um,4.65832113829,5.97027326234,6.963625674341201,256.8590426189228,5.683821567758439,4,fig5_cg1p0um_rpg2p5um__Lj12p0nH_Cj0p0fF__roL8p5mm__tee_fl160um_fc12,4.8761770008,5.99407925784,6.270368555709839,201.3919971854669,5.6148078415071,0.03604758063925863,0.21785586251000044,0.023805995500000066,0.6932571186313616,55.467045433455894,0.06901372625133906
Surrogate_RF,96,chip_simple_dxm2p727_dy6p364__Lj12p0nH_Cj2p0fF__roL8p5mm__tee_fl160um_fc12_cg1p2um__rpg1p4um,4.65832113829,5.97027326234,6.963625674341201,256.8590426189228,5.683821567758439,5,fig5_cg2p0um_rpg1p5um__Lj12p0nH_Cj0p0fF__roL8p5mm__tee_fl160um_fc12,4.77793609257,6.1977870086,5.346981281085967,236.19198761457903,5.968418975392394,0.0366365907145768,0.11961495428000024,0.22751374625999965,1.6166443932552337,20.66705500434375,0.2845974076339548
Surrogate_RF,96,chip_simple_dxm2p727_dy6p364__Lj12p0nH_Cj2p0fF__roL8p5mm__tee_fl160um_fc12_cg1p2um__rpg1p4um,4.65832113829,5.97027326234,6.963625674341201,256.8590426189228,5.683821567758439,6,fig5_cg1p5um_rpg2p0um__Lj12p0nH_Cj0p0fF__roL8p5mm__tee_fl160um_fc12,4.87620084481,6.26170388145,4.99363361734581,218.7024888594067,5.970534325619533,0.03686712696652483,0.21787970651999977,0.2914306191099998,1.969992056995391,38.15655375951607,0.2867127578610935
Surrogate_RF,96,chip_simple_dxm2p727_dy6p364__Lj12p0nH_Cj2p0fF__roL8p5mm__tee_fl160um_fc12_cg1p2um__rpg1p4um,4.65832113829,5.97027326234,6.963625674341201,256.8590426189228,5.683821567758439,7,fig5_cg3p0um_rpg1p0um__Lj12p0nH_Cj0p0fF__roL8p5mm__tee_fl160um_fc12,4.5918495592,6.3683346429,6.310808488025665,329.7787087605889,6.339102179225892,0.03704215350212821,0.0664715790899999,0.39806138055999973,0.6528171863155361,72.91966614166614,0.655280611467453
Surrogate_RF,96,chip_simple_dxm2p727_dy6p364__Lj12p0nH_Cj2p0fF__roL8p5mm__tee_fl160um_fc12_cg1p2um__rpg1p4um,4.65832113829,5.97027326234,6.963625674341201,256.8590426189228,5.683821567758439,8,fig5_cg3p5um_rpg1p0um__Lj12p0nH_Cj0p0fF__roL8p5mm__tee_fl160um_fc12,4.65151549232,6.42206990109,5.782993409578324,310.4906595751157,6.336782825594393,0.04123417778102287,0.006805645970000107,0.4517966387500003,1.1806322647628766,53.63161695619294,0.6529612578359538
Surrogate_RF,96,chip_simple_dxm2p727_dy6p364__Lj12p0nH_Cj2p0fF__roL8p5mm__tee_fl160um_fc12_cg1p2um__rpg1p4um,4.65832113829,5.97027326234,6.963625674341201,256.8590426189228,5.683821567758439,9,fig5_cg4p5um_rpg1p0um__Lj12p0nH_Cj0p0fF__roL8p5mm__tee_fl160um_fc12,4.66547453942,6.44365646453,5.568490972890854,305.09213979648246,6.526420054379522,0.04332049622538275,0.00715340113000007,0.47338320218999996,1.3951347014503472,48.23309717755967,0.8425984866210827
Surrogate_RF,96,chip_simple_dxm2p727_dy6p364__Lj12p0nH_Cj2p0fF__roL8p5mm__tee_fl160um_fc12_cg1p2um__rpg1p4um,4.65832113829,5.97027326234,6.963625674341201,256.8590426189228,5.683821567758439,10,fig5_cg5p0um_rpg1p0um__Lj12p0nH_Cj0p0fF__roL8p5mm__tee_fl160um_fc12,4.67009412056,6.40368347107,5.386180753400803,292.5653068578806,6.313414733179575,0.04332049622538275,0.01177298227000012,0.4334102087299998,1.5774449209403985,35.70626423895783,0.6295931654211353
Surrogate_RF,97,chip_simple_dxm1p818_dym3p636__Lj12p0nH_Cj2p0fF__roL8p5mm__tee_fl160um_fc12_cg1p2um__rpg1p4um,4.75565613885,6.15842245489,5.839258372745514,245.1008754910855,5.917462910914268,1,fig5_cg2p0um_rpg1p5um__Lj12p0nH_Cj0p0fF__roL8p5mm__tee_fl160um_fc12,4.77793609257,6.1977870086,5.346981281085967,236.19198761457903,5.968418975392394,0.005448867311995089,0.022279953720000023,0.039364553709999583,0.49227709165954625,8.90888787650647,0.05095606447812617
Surrogate_RF,97,chip_simple_dxm1p818_dym3p636__Lj12p0nH_Cj2p0fF__roL8p5mm__tee_fl160um_fc12_cg1p2um__rpg1p4um,4.75565613885,6.15842245489,5.839258372745514,245.1008754910855,5.917462910914268,2,fig5_cg1p5um_rpg2p0um__Lj12p0nH_Cj0p0fF__roL8p5mm__tee_fl160um_fc12,4.87620084481,6.26170388145,4.99363361734581,218.7024888594067,5.970534325619533,0.0080143491304628,0.12054470595999955,0.10328142655999972,0.8456247553997036,26.39838663167879,0.053071414705264885
Surrogate_RF,97,chip_simple_dxm1p818_dym3p636__Lj12p0nH_Cj2p0fF__roL8p5mm__tee_fl160um_fc12_cg1p2um__rpg1p4um,4.75565613885,6.15842245489,5.839258372745514,245.1008754910855,5.917462910914268,3,fig5_cg3p0um_rpg1p5um__Lj12p0nH_Cj0p0fF__roL8p5mm__tee_fl160um_fc12,4.80934135586,6.34266483957,4.7338018228397365,237.2002446708589,6.176728175579623,0.011810162468987313,0.05368521700999995,0.1842423846800001,1.1054565499057771,7.90063082022661,0.2592652646653546
Surrogate_RF,97,chip_simple_dxm1p818_dym3p636__Lj12p0nH_Cj2p0fF__roL8p5mm__tee_fl160um_fc12_cg1p2um__rpg1p4um,4.75565613885,6.15842245489,5.839258372745514,245.1008754910855,5.917462910914268,4,fig5_cg3p5um_rpg1p5um__Lj12p0nH_Cj0p0fF__roL8p5mm__tee_fl160um_fc12,4.70486631048,6.33112792154,5.111963850152969,266.195772124899,6.191175501007713,0.01502016151873674,0.05078982837000012,0.17270546665000008,0.7272945225925449,21.094896633813505,0.27371259009344495
Surrogate_RF,97,chip_simple_dxm1p818_dym3p636__Lj12p0nH_Cj2p0fF__roL8p5mm__tee_fl160um_fc12_cg1p2um__rpg1p4um,4.75565613885,6.15842245489,5.839258372745514,245.1008754910855,5.917462910914268,5,fig5_cg1p5um_rpg2p5um__Lj12p0nH_Cj0p0fF__roL8p5mm__tee_fl160um_fc12,4.93882770809,6.20515259596,4.85777295016098,196.1018444801448,5.919324796967785,0.01713900433632736,0.18317156923999978,0.0467301410699994,0.9814854225845338,48.99903101094071,0.0018618860535166704
Surrogate_RF,97,chip_simple_dxm1p818_dym3p636__Lj12p0nH_Cj2p0fF__roL8p5mm__tee_fl160um_fc12_cg1p2um__rpg1p4um,4.75565613885,6.15842245489,5.839258372745514,245.1008754910855,5.917462910914268,6,fig5_cg5p0um_rpg1p5um__Lj12p0nH_Cj0p0fF__roL8p5mm__tee_fl160um_fc12,4.78104020561,6.40912743907,4.688513258781433,251.19081153078065,6.311876326449141,0.018049779968457004,0.025384066760000046,0.25070498417999953,1.1507451139640805,6.0899360396951465,0.3944134155348733
Surrogate_RF,97,chip_simple_dxm1p818_dym3p636__Lj12p0nH_Cj2p0fF__roL8p5mm__tee_fl160um_fc12_cg1p2um__rpg1p4um,4.75565613885,6.15842245489,5.839258372745514,245.1008754910855,5.917462910914268,7,fig5_cg1p0um_rpg2p5um__Lj12p0nH_Cj0p0fF__roL8p5mm__tee_fl160um_fc12,4.8761770008,5.99407925784,6.270368555709839,201.3919971854669,5.6148078415071,0.021362937726596243,0.12052086195000022,0.16434319705,0.4311101829643258,43.70887830561861,0.3026550694071677
Surrogate_RF,97,chip_simple_dxm1p818_dym3p636__Lj12p0nH_Cj2p0fF__roL8p5mm__tee_fl160um_fc12_cg1p2um__rpg1p4um,4.75565613885,6.15842245489,5.839258372745514,245.1008754910855,5.917462910914268,8,fig5_cg2p0um_rpg2p5um__Lj12p0nH_Cj0p0fF__roL8p5mm__tee_fl160um_fc12,4.88081947033,6.29200362079,4.710222612869263,215.78136757047287,6.007573423867593,0.022418611790299678,0.12516333147999958,0.1335811658999999,1.1290357598762508,29.319507920612637,0.09011051295332528
Surrogate_RF,97,chip_simple_dxm1p818_dym3p636__Lj12p0nH_Cj2p0fF__roL8p5mm__tee_fl160um_fc12_cg1p2um__rpg1p4um,4.75565613885,6.15842245489,5.839258372745514,245.1008754910855,5.917462910914268,9,fig5_cg2p5um_rpg2p0um__Lj12p0nH_Cj0p0fF__roL8p5mm__tee_fl160um_fc12,4.82985966256,6.3640851834,4.45615377314949,229.1245415394613,6.124821045393385,0.025088374668519965,0.07420352370999961,0.20566272851000011,1.3831045995960238,15.976333951624213,0.20735813447911688
Surrogate_RF,97,chip_simple_dxm1p818_dym3p636__Lj12p0nH_Cj2p0fF__roL8p5mm__tee_fl160um_fc12_cg1p2um__rpg1p4um,4.75565613885,6.15842245489,5.839258372745514,245.1008754910855,5.917462910914268,10,fig5_cg3p0um_rpg2p0um__Lj12p0nH_Cj0p0fF__roL8p5mm__tee_fl160um_fc12,4.85591843529,6.44095110726,4.270610977590561,230.04663618304903,6.1997071597004,0.027879607475929366,0.10026229643999951,0.2825286523699999,1.5686473951549527,15.054239308036472,0.28224424878613164
Surrogate_RF,98,chip_simple_dxm1p818_dym1p818__Lj12p0nH_Cj2p0fF__roL8p5mm__tee_fl160um_fc12_cg1p2um__rpg1p4um,4.73721367161,6.13567698727,5.951634760875701,247.7004995876065,5.9295256555453815,1,fig5_cg2p0um_rpg1p5um__Lj12p0nH_Cj0p0fF__roL8p5mm__tee_fl160um_fc12,4.77793609257,6.1977870086,5.346981281085967,236.19198761457903,5.968418975392394,0.007807961563826093,0.040722420959999894,0.062110021329999654,0.604653479789734,11.508511973027453,0.03889331984701272
Surrogate_RF,98,chip_simple_dxm1p818_dym1p818__Lj12p0nH_Cj2p0fF__roL8p5mm__tee_fl160um_fc12_cg1p2um__rpg1p4um,4.73721367161,6.13567698727,5.951634760875701,247.7004995876065,5.9295256555453815,2,fig5_cg1p5um_rpg2p0um__Lj12p0nH_Cj0p0fF__roL8p5mm__tee_fl160um_fc12,4.87620084481,6.26170388145,4.99363361734581,218.7024888594067,5.970534325619533,0.01047697741889708,0.13898717319999943,0.1260268941799998,0.9580011435298914,28.998010728199773,0.04100867007415143
Surrogate_RF,98,chip_simple_dxm1p818_dym1p818__Lj12p0nH_Cj2p0fF__roL8p5mm__tee_fl160um_fc12_cg1p2um__rpg1p4um,4.73721367161,6.13567698727,5.951634760875701,247.7004995876065,5.9295256555453815,3,fig5_cg3p0um_rpg1p5um__Lj12p0nH_Cj0p0fF__roL8p5mm__tee_fl160um_fc12,4.80934135586,6.34266483957,4.7338018228397365,237.2002446708589,6.176728175579623,0.01468417547618518,0.07212768424999982,0.20698785230000016,1.217832938035965,10.500254916747593,0.24720252003424115
Surrogate_RF,98,chip_simple_dxm1p818_dym1p818__Lj12p0nH_Cj2p0fF__roL8p5mm__tee_fl160um_fc12_cg1p2um__rpg1p4um,4.73721367161,6.13567698727,5.951634760875701,247.7004995876065,5.9295256555453815,4,fig5_cg3p5um_rpg1p5um__Lj12p0nH_Cj0p0fF__roL8p5mm__tee_fl160um_fc12,4.70486631048,6.33112792154,5.111963850152969,266.195772124899,6.191175501007713,0.01779342153002205,0.03234736113000025,0.19545093427000015,0.8396709107227327,18.49527253729252,0.2616498454623315
Surrogate_RF,98,chip_simple_dxm1p818_dym1p818__Lj12p0nH_Cj2p0fF__roL8p5mm__tee_fl160um_fc12_cg1p2um__rpg1p4um,4.73721367161,6.13567698727,5.951634760875701,247.7004995876065,5.9295256555453815,5,fig5_cg1p5um_rpg2p5um__Lj12p0nH_Cj0p0fF__roL8p5mm__tee_fl160um_fc12,4.93882770809,6.20515259596,4.85777295016098,196.1018444801448,5.919324796967785,0.020700310659190157,0.20161403647999965,0.06947560868999947,1.0938618107147215,51.598655107461695,0.010200858577596783
Surrogate_RF,98,chip_simple_dxm1p818_dym1p818__Lj12p0nH_Cj2p0fF__roL8p5mm__tee_fl160um_fc12_cg1p2um__rpg1p4um,4.73721367161,6.13567698727,5.951634760875701,247.7004995876065,5.9295256555453815,6,fig5_cg5p0um_rpg1p5um__Lj12p0nH_Cj0p0fF__roL8p5mm__tee_fl160um_fc12,4.78104020561,6.40912743907,4.688513258781433,251.19081153078065,6.311876326449141,0.021152851269261135,0.04382653399999992,0.2734504517999996,1.2631215020942683,3.490311943174163,0.38235067090375985
Surrogate_RF,98,chip_simple_dxm1p818_dym1p818__Lj12p0nH_Cj2p0fF__roL8p5mm__tee_fl160um_fc12_cg1p2um__rpg1p4um,4.73721367161,6.13567698727,5.951634760875701,247.7004995876065,5.9295256555453815,7,fig5_cg1p0um_rpg2p5um__Lj12p0nH_Cj0p0fF__roL8p5mm__tee_fl160um_fc12,4.8761770008,5.99407925784,6.270368555709839,201.3919971854669,5.6148078415071,0.02241931731959849,0.1389633291900001,0.14159772942999993,0.318733794834138,46.308502402139595,0.31471781403828114
Surrogate_RF,98,chip_simple_dxm1p818_dym1p818__Lj12p0nH_Cj2p0fF__roL8p5mm__tee_fl160um_fc12_cg1p2um__rpg1p4um,4.73721367161,6.13567698727,5.951634760875701,247.7004995876065,5.9295256555453815,8,fig5_cg2p0um_rpg1p0um__Lj12p0nH_Cj0p0fF__roL8p5mm__tee_fl160um_fc12,4.67537317002,6.28144982257,6.80016774546051,305.861011614189,6.2286045622900525,0.02396995379022692,0.061840501589999874,0.14577283529999985,0.8485329845848089,58.16051202658252,0.2990789067446711
Surrogate_RF,98,chip_simple_dxm1p818_dym1p818__Lj12p0nH_Cj2p0fF__roL8p5mm__tee_fl160um_fc12_cg1p2um__rpg1p4um,4.73721367161,6.13567698727,5.951634760875701,247.7004995876065,5.9295256555453815,9,fig5_cg2p0um_rpg2p5um__Lj12p0nH_Cj0p0fF__roL8p5mm__tee_fl160um_fc12,4.88081947033,6.29200362079,4.710222612869263,215.78136757047287,6.007573423867593,0.026690794367812496,0.14360579871999946,0.15632663351999998,1.2414121480064386,31.91913201713362,0.07804776832221183
Surrogate_RF,98,chip_simple_dxm1p818_dym1p818__Lj12p0nH_Cj2p0fF__roL8p5mm__tee_fl160um_fc12_cg1p2um__rpg1p4um,4.73721367161,6.13567698727,5.951634760875701,247.7004995876065,5.9295256555453815,10,fig5_cg2p5um_rpg2p0um__Lj12p0nH_Cj0p0fF__roL8p5mm__tee_fl160um_fc12,4.82985966256,6.3640851834,4.45615377314949,229.1245415394613,6.124821045393385,0.02925558948964582,0.09264599094999948,0.22840819613000019,1.4954809877262116,18.575958048145196,0.19529538984800343
Surrogate_RF,99,chip_simple_dxm1p818_dy1p818__Lj12p0nH_Cj2p0fF__roL8p5mm__tee_fl160um_fc12_cg1p2um__rpg1p4um,4.71658813345,5.98678880657,6.365563063159942,235.3370986289206,5.714595461499598,1,fig5_cg1p5um_rpg2p0um__Lj12p0nH_Cj0p0fF__roL8p5mm__tee_fl160um_fc12,4.87620084481,6.26170388145,4.99363361734581,218.7024888594067,5.970534325619533,0.014145738500486987,0.15961271135999944,0.27491507488,1.371929445814132,16.634609769513872,0.25593886411993516
Surrogate_RF,99,chip_simple_dxm1p818_dy1p818__Lj12p0nH_Cj2p0fF__roL8p5mm__tee_fl160um_fc12_cg1p2um__rpg1p4um,4.71658813345,5.98678880657,6.365563063159942,235.3370986289206,5.714595461499598,2,fig5_cg1p0um_rpg2p5um__Lj12p0nH_Cj0p0fF__roL8p5mm__tee_fl160um_fc12,4.8761770008,5.99407925784,6.270368555709839,201.3919971854669,5.6148078415071,0.014737888994253684,0.1595888673500001,0.0072904512700002755,0.0951945074501026,33.945101443453694,0.09978761999249741
Surrogate_RF,99,chip_simple_dxm1p818_dy1p818__Lj12p0nH_Cj2p0fF__roL8p5mm__tee_fl160um_fc12_cg1p2um__rpg1p4um,4.71658813345,5.98678880657,6.365563063159942,235.3370986289206,5.714595461499598,3,fig5_cg2p0um_rpg1p5um__Lj12p0nH_Cj0p0fF__roL8p5mm__tee_fl160um_fc12,4.77793609257,6.1977870086,5.346981281085967,236.19198761457903,5.968418975392394,0.017159002106461065,0.061347959119999906,0.21099820202999986,1.0185817820739747,0.8548889856584481,0.25382351389279645
Surrogate_RF,99,chip_simple_dxm1p818_dy1p818__Lj12p0nH_Cj2p0fF__roL8p5mm__tee_fl160um_fc12_cg1p2um__rpg1p4um,4.71658813345,5.98678880657,6.365563063159942,235.3370986289206,5.714595461499598,4,fig5_cg1p5um_rpg2p5um__Lj12p0nH_Cj0p0fF__roL8p5mm__tee_fl160um_fc12,4.93882770809,6.20515259596,4.85777295016098,196.1018444801448,5.919324796967785,0.02505038109696462,0.22223957463999966,0.21836378938999967,1.5077901129989622,39.235254148775795,0.20472933546818695
Surrogate_RF,99,chip_simple_dxm1p818_dy1p818__Lj12p0nH_Cj2p0fF__roL8p5mm__tee_fl160um_fc12_cg1p2um__rpg1p4um,4.71658813345,5.98678880657,6.365563063159942,235.3370986289206,5.714595461499598,5,fig5_cg1p0um_rpg1p5um__Lj12p0nH_Cj0p0fF__roL8p5mm__tee_fl160um_fc12,4.79990762773,5.93734773014,7.211306133548736,222.8918736386996,5.66911545033236,0.026658097849721406,0.08331949427999952,0.04944107642999995,0.845743070388794,12.445224990220993,0.04548001116723732
Surrogate_RF,99,chip_simple_dxm1p818_dy1p818__Lj12p0nH_Cj2p0fF__roL8p5mm__tee_fl160um_fc12_cg1p2um__rpg1p4um,4.71658813345,5.98678880657,6.365563063159942,235.3370986289206,5.714595461499598,6,fig5_cg3p0um_rpg1p5um__Lj12p0nH_Cj0p0fF__roL8p5mm__tee_fl160um_fc12,4.80934135586,6.34266483957,4.7338018228397365,237.2002446708589,6.176728175579623,0.029154301108833932,0.09275322240999984,0.35587603300000037,1.6317612403202055,1.8631460419383075,0.4621327140800249
Surrogate_RF,99,chip_simple_dxm1p818_dy1p818__Lj12p0nH_Cj2p0fF__roL8p5mm__tee_fl160um_fc12_cg1p2um__rpg1p4um,4.71658813345,5.98678880657,6.365563063159942,235.3370986289206,5.714595461499598,7,fig5_cg3p5um_rpg1p5um__Lj12p0nH_Cj0p0fF__roL8p5mm__tee_fl160um_fc12,4.70486631048,6.33112792154,5.111963850152969,266.195772124899,6.191175501007713,0.03519267778156985,0.01172182297000024,0.34433911497000036,1.2535992130069733,30.858673495978422,0.4765800395081152
Surrogate_RF,99,chip_simple_dxm1p818_dy1p818__Lj12p0nH_Cj2p0fF__roL8p5mm__tee_fl160um_fc12_cg1p2um__rpg1p4um,4.71658813345,5.98678880657,6.365563063159942,235.3370986289206,5.714595461499598,8,fig5_cg1p5um_rpg1p0um__Lj12p0nH_Cj0p0fF__roL8p5mm__tee_fl160um_fc12,4.7605818776,6.21817087681,5.831666317903518,253.65164600383045,6.132701943451215,0.03551654713405713,0.04399374414999979,0.23138207024000046,0.533896745256424,18.314547374909864,0.41810648195161715
Surrogate_RF,99,chip_simple_dxm1p818_dy1p818__Lj12p0nH_Cj2p0fF__roL8p5mm__tee_fl160um_fc12_cg1p2um__rpg1p4um,4.71658813345,5.98678880657,6.365563063159942,235.3370986289206,5.714595461499598,9,fig5_cg2p0um_rpg2p5um__Lj12p0nH_Cj0p0fF__roL8p5mm__tee_fl160um_fc12,4.88081947033,6.29200362079,4.710222612869263,215.78136757047287,6.007573423867593,0.036578518752311,0.16423133687999947,0.3052148142200002,1.6553404502906792,19.55573105844772,0.29297796236799556
Surrogate_RF,99,chip_simple_dxm1p818_dy1p818__Lj12p0nH_Cj2p0fF__roL8p5mm__tee_fl160um_fc12_cg1p2um__rpg1p4um,4.71658813345,5.98678880657,6.365563063159942,235.3370986289206,5.714595461499598,10,fig5_cg5p0um_rpg1p5um__Lj12p0nH_Cj0p0fF__roL8p5mm__tee_fl160um_fc12,4.78104020561,6.40912743907,4.688513258781433,251.19081153078065,6.311876326449141,0.03868418957499015,0.06445207215999993,0.4223386324999998,1.677049804378509,15.853712901860064,0.5972808649495436
Surrogate_RF,100,chip_simple_dxm1p818_dy3p636__Lj12p0nH_Cj2p0fF__roL8p5mm__tee_fl160um_fc12_cg1p2um__rpg1p4um,4.72466810462,6.01834362229,5.96028201146698,231.13712300128543,5.753478884920279,1,fig5_cg1p5um_rpg2p0um__Lj12p0nH_Cj0p0fF__roL8p5mm__tee_fl160um_fc12,4.87620084481,6.26170388145,4.99363361734581,218.7024888594067,5.970534325619533,0.006235083017234785,0.15153274018999952,0.24336025916000015,0.9666483941211697,12.434634141878718,0.2170554406992542
Surrogate_RF,100,chip_simple_dxm1p818_dy3p636__Lj12p0nH_Cj2p0fF__roL8p5mm__tee_fl160um_fc12_cg1p2um__rpg1p4um,4.72466810462,6.01834362229,5.96028201146698,231.13712300128543,5.753478884920279,2,fig5_cg2p0um_rpg1p5um__Lj12p0nH_Cj0p0fF__roL8p5mm__tee_fl160um_fc12,4.77793609257,6.1977870086,5.346981281085967,236.19198761457903,5.968418975392394,0.008620679330933799,0.053267987949999984,0.17944338631,0.6133007303810123,5.054864613293603,0.21494009047211549
Surrogate_RF,100,chip_simple_dxm1p818_dy3p636__Lj12p0nH_Cj2p0fF__roL8p5mm__tee_fl160um_fc12_cg1p2um__rpg1p4um,4.72466810462,6.01834362229,5.96028201146698,231.13712300128543,5.753478884920279,3,fig5_cg1p0um_rpg2p5um__Lj12p0nH_Cj0p0fF__roL8p5mm__tee_fl160um_fc12,4.8761770008,5.99407925784,6.270368555709839,201.3919971854669,5.6148078415071,0.011985703386691854,0.15150889618000019,0.024264364449999576,0.31008654424285975,29.74512581581854,0.13867104341317837
Surrogate_RF,100,chip_simple_dxm1p818_dy3p636__Lj12p0nH_Cj2p0fF__roL8p5mm__tee_fl160um_fc12_cg1p2um__rpg1p4um,4.72466810462,6.01834362229,5.96028201146698,231.13712300128543,5.753478884920279,4,fig5_cg1p5um_rpg2p5um__Lj12p0nH_Cj0p0fF__roL8p5mm__tee_fl160um_fc12,4.93882770809,6.20515259596,4.85777295016098,196.1018444801448,5.919324796967785,0.014351725990106033,0.21415960346999974,0.18680897366999982,1.1025090613059998,35.03527852114064,0.16584591204750598
Surrogate_RF,100,chip_simple_dxm1p818_dy3p636__Lj12p0nH_Cj2p0fF__roL8p5mm__tee_fl160um_fc12_cg1p2um__rpg1p4um,4.72466810462,6.01834362229,5.96028201146698,231.13712300128543,5.753478884920279,5,fig5_cg3p0um_rpg1p5um__Lj12p0nH_Cj0p0fF__roL8p5mm__tee_fl160um_fc12,4.80934135586,6.34266483957,4.7338018228397365,237.2002446708589,6.176728175579623,0.018641400879873187,0.08467325123999991,0.3243212172800005,1.2264801886272432,6.063121669573462,0.4232492906593439
Surrogate_RF,100,chip_simple_dxm1p818_dy3p636__Lj12p0nH_Cj2p0fF__roL8p5mm__tee_fl160um_fc12_cg1p2um__rpg1p4um,4.72466810462,6.01834362229,5.96028201146698,231.13712300128543,5.753478884920279,6,fig5_cg2p0um_rpg2p5um__Lj12p0nH_Cj0p0fF__roL8p5mm__tee_fl160um_fc12,4.88081947033,6.29200362079,4.710222612869263,215.78136757047287,6.007573423867593,0.023400995824494203,0.15615136570999955,0.27365999850000033,1.2500593985977169,15.355755430812565,0.2540945389473146
Surrogate_RF,100,chip_simple_dxm1p818_dy3p636__Lj12p0nH_Cj2p0fF__roL8p5mm__tee_fl160um_fc12_cg1p2um__rpg1p4um,4.72466810462,6.01834362229,5.96028201146698,231.13712300128543,5.753478884920279,7,fig5_cg3p5um_rpg1p5um__Lj12p0nH_Cj0p0fF__roL8p5mm__tee_fl160um_fc12,4.70486631048,6.33112792154,5.111963850152969,266.195772124899,6.191175501007713,0.02454475268449287,0.019801794140000162,0.3127842992500005,0.8483181613140109,35.05864912361358,0.43769661608743426
Surrogate_RF,100,chip_simple_dxm1p818_dy3p636__Lj12p0nH_Cj2p0fF__roL8p5mm__tee_fl160um_fc12_cg1p2um__rpg1p4um,4.72466810462,6.01834362229,5.96028201146698,231.13712300128543,5.753478884920279,8,fig5_cg5p0um_rpg1p5um__Lj12p0nH_Cj0p0fF__roL8p5mm__tee_fl160um_fc12,4.78104020561,6.40912743907,4.688513258781433,251.19081153078065,6.311876326449141,0.027167210918383432,0.05637210099000001,0.39078381677999996,1.2717687526855466,20.05368852949522,0.5583974415288626
Surrogate_RF,100,chip_simple_dxm1p818_dy3p636__Lj12p0nH_Cj2p0fF__roL8p5mm__tee_fl160um_fc12_cg1p2um__rpg1p4um,4.72466810462,6.01834362229,5.96028201146698,231.13712300128543,5.753478884920279,9,fig5_cg2p5um_rpg2p0um__Lj12p0nH_Cj0p0fF__roL8p5mm__tee_fl160um_fc12,4.82985966256,6.3640851834,4.45615377314949,229.1245415394613,6.124821045393385,0.030781602057980133,0.10519155793999957,0.34574156111000054,1.5041282383174899,2.0125814618241407,0.3713421604731062
Surrogate_RF,100,chip_simple_dxm1p818_dy3p636__Lj12p0nH_Cj2p0fF__roL8p5mm__tee_fl160um_fc12_cg1p2um__rpg1p4um,4.72466810462,6.01834362229,5.96028201146698,231.13712300128543,5.753478884920279,10,fig5_cg2p5um_rpg2p5um__Lj12p0nH_Cj0p0fF__roL8p5mm__tee_fl160um_fc12,4.86782605146,6.40620544852,4.850844314466476,237.9905673388129,6.17514285459043,0.03283744541998997,0.14315794683999972,0.38786182623,1.1094376970005033,6.853444337527463,0.42166396967015096
Surrogate_RF,101,chip_simple_dxm1p818_dy10p000__Lj12p0nH_Cj2p0fF__roL8p5mm__tee_fl160um_fc12_cg1p2um__rpg1p4um,4.77817000938,6.12893558245,5.456556175081253,227.5213594644575,5.917687244651611,1,fig5_cg1p5um_rpg2p0um__Lj12p0nH_Cj0p0fF__roL8p5mm__tee_fl160um_fc12,4.87620084481,6.26170388145,4.99363361734581,218.7024888594067,5.970534325619533,0.0011753946825436101,0.09803083542999946,0.1327682990000003,0.46292255773544255,8.81887060505079,0.05284708096792201
Surrogate_RF,101,chip_simple_dxm1p818_dy10p000__Lj12p0nH_Cj2p0fF__roL8p5mm__tee_fl160um_fc12_cg1p2um__rpg1p4um,4.77817000938,6.12893558245,5.456556175081253,227.5213594644575,5.917687244651611,2,fig5_cg2p0um_rpg1p5um__Lj12p0nH_Cj0p0fF__roL8p5mm__tee_fl160um_fc12,4.77793609257,6.1977870086,5.346981281085967,236.19198761457903,5.968418975392394,0.0012551238274146506,0.0002339168100000677,0.06885142615000017,0.1095748939952852,8.67062815012153,0.0507317307407833
Surrogate_RF,101,chip_simple_dxm1p818_dy10p000__Lj12p0nH_Cj2p0fF__roL8p5mm__tee_fl160um_fc12_cg1p2um__rpg1p4um,4.77817000938,6.12893558245,5.456556175081253,227.5213594644575,5.917687244651611,3,fig5_cg1p5um_rpg2p5um__Lj12p0nH_Cj0p0fF__roL8p5mm__tee_fl160um_fc12,4.93882770809,6.20515259596,4.85777295016098,196.1018444801448,5.919324796967785,0.004860661242976728,0.16065769870999969,0.07621701350999999,0.5987832249202727,31.419514984312713,0.001637552316173796
Surrogate_RF,101,chip_simple_dxm1p818_dy10p000__Lj12p0nH_Cj2p0fF__roL8p5mm__tee_fl160um_fc12_cg1p2um__rpg1p4um,4.77817000938,6.12893558245,5.456556175081253,227.5213594644575,5.917687244651611,4,fig5_cg3p0um_rpg1p5um__Lj12p0nH_Cj0p0fF__roL8p5mm__tee_fl160um_fc12,4.80934135586,6.34266483957,4.7338018228397365,237.2002446708589,6.176728175579623,0.006904235840211826,0.031171346479999862,0.21372925712000068,0.7227543522415161,9.67888520640139,0.2590409309280117
Surrogate_RF,101,chip_simple_dxm1p818_dy10p000__Lj12p0nH_Cj2p0fF__roL8p5mm__tee_fl160um_fc12_cg1p2um__rpg1p4um,4.77817000938,6.12893558245,5.456556175081253,227.5213594644575,5.917687244651611,5,fig5_cg2p0um_rpg2p5um__Lj12p0nH_Cj0p0fF__roL8p5mm__tee_fl160um_fc12,4.88081947033,6.29200362079,4.710222612869263,215.78136757047287,6.007573423867593,0.008601301016328226,0.1026494609499995,0.1630680383400005,0.7463335622119898,11.739991893984637,0.08988617921598241
Surrogate_RF,101,chip_simple_dxm1p818_dy10p000__Lj12p0nH_Cj2p0fF__roL8p5mm__tee_fl160um_fc12_cg1p2um__rpg1p4um,4.77817000938,6.12893558245,5.456556175081253,227.5213594644575,5.917687244651611,6,fig5_cg3p5um_rpg1p5um__Lj12p0nH_Cj0p0fF__roL8p5mm__tee_fl160um_fc12,4.70486631048,6.33112792154,5.111963850152969,266.195772124899,6.191175501007713,0.011837297999337663,0.07330369890000021,0.20219233909000067,0.34459232492828384,38.674412660441504,0.2734882563561021
Surrogate_RF,101,chip_simple_dxm1p818_dy10p000__Lj12p0nH_Cj2p0fF__roL8p5mm__tee_fl160um_fc12_cg1p2um__rpg1p4um,4.77817000938,6.12893558245,5.456556175081253,227.5213594644575,5.917687244651611,7,fig5_cg5p0um_rpg1p5um__Lj12p0nH_Cj0p0fF__roL8p5mm__tee_fl160um_fc12,4.78104020561,6.40912743907,4.688513258781433,251.19081153078065,6.311876326449141,0.013099430855184497,0.002870196229999955,0.2801918566200001,0.7680429162998195,23.669452066323146,0.3941890817975304
Surrogate_RF,101,chip_simple_dxm1p818_dy10p000__Lj12p0nH_Cj2p0fF__roL8p5mm__tee_fl160um_fc12_cg1p2um__rpg1p4um,4.77817000938,6.12893558245,5.456556175081253,227.5213594644575,5.917687244651611,8,fig5_cg2p5um_rpg2p0um__Lj12p0nH_Cj0p0fF__roL8p5mm__tee_fl160um_fc12,4.82985966256,6.3640851834,4.45615377314949,229.1245415394613,6.124821045393385,0.013820315447239882,0.05168965317999952,0.2351496009500007,1.0004024019317628,1.6031820750037866,0.207133800741774
Surrogate_RF,101,chip_simple_dxm1p818_dy10p000__Lj12p0nH_Cj2p0fF__roL8p5mm__tee_fl160um_fc12_cg1p2um__rpg1p4um,4.77817000938,6.12893558245,5.456556175081253,227.5213594644575,5.917687244651611,9,fig5_cg2p5um_rpg2p5um__Lj12p0nH_Cj0p0fF__roL8p5mm__tee_fl160um_fc12,4.86782605146,6.40620544852,4.850844314466476,237.9905673388129,6.17514285459043,0.014994007465215349,0.08965604207999966,0.27726986607000015,0.6057118606147762,10.46920787435539,0.2574556099388188
Surrogate_RF,101,chip_simple_dxm1p818_dy10p000__Lj12p0nH_Cj2p0fF__roL8p5mm__tee_fl160um_fc12_cg1p2um__rpg1p4um,4.77817000938,6.12893558245,5.456556175081253,227.5213594644575,5.917687244651611,10,fig5_cg3p0um_rpg2p0um__Lj12p0nH_Cj0p0fF__roL8p5mm__tee_fl160um_fc12,4.85591843529,6.44095110726,4.270610977590561,230.04663618304903,6.1997071597004,0.016288286445500687,0.07774842590999942,0.3120155248100005,1.1859451974906916,2.5252767185915275,0.28201991504878876
Surrogate_RF,102,chip_simple_dxm0p909_dym6p364__Lj12p0nH_Cj2p0fF__roL8p5mm__tee_fl160um_fc12_cg1p2um__rpg1p4um,4.73641698179,6.08792263054,5.621972734323501,233.0698299477765,5.852490232076104,1,fig5_cg2p0um_rpg1p5um__Lj12p0nH_Cj0p0fF__roL8p5mm__tee_fl160um_fc12,4.77793609257,6.1977870086,5.346981281085967,236.19198761457903,5.968418975392394,0.002702444858266941,0.04151911078000037,0.10986437806000016,0.2749914532375337,3.1221576668025364,0.11592874331629055
Surrogate_RF,102,chip_simple_dxm0p909_dym6p364__Lj12p0nH_Cj2p0fF__roL8p5mm__tee_fl160um_fc12_cg1p2um__rpg1p4um,4.73641698179,6.08792263054,5.621972734323501,233.0698299477765,5.852490232076104,2,fig5_cg1p5um_rpg2p0um__Lj12p0nH_Cj0p0fF__roL8p5mm__tee_fl160um_fc12,4.87620084481,6.26170388145,4.99363361734581,218.7024888594067,5.970534325619533,0.0030817448782987523,0.1397838630199999,0.1737812509100003,0.6283391169776911,14.367341088369784,0.11804409354342926
Surrogate_RF,102,chip_simple_dxm0p909_dym6p364__Lj12p0nH_Cj2p0fF__roL8p5mm__tee_fl160um_fc12_cg1p2um__rpg1p4um,4.73641698179,6.08792263054,5.621972734323501,233.0698299477765,5.852490232076104,3,fig5_cg1p5um_rpg2p5um__Lj12p0nH_Cj0p0fF__roL8p5mm__tee_fl160um_fc12,4.93882770809,6.20515259596,4.85777295016098,196.1018444801448,5.919324796967785,0.009123694034788226,0.20241072630000012,0.11722996541999997,0.7641997841625212,36.967985467631706,0.06683456489168105
Surrogate_RF,102,chip_simple_dxm0p909_dym6p364__Lj12p0nH_Cj2p0fF__roL8p5mm__tee_fl160um_fc12_cg1p2um__rpg1p4um,4.73641698179,6.08792263054,5.621972734323501,233.0698299477765,5.852490232076104,4,fig5_cg3p0um_rpg1p5um__Lj12p0nH_Cj0p0fF__roL8p5mm__tee_fl160um_fc12,4.80934135586,6.34266483957,4.7338018228397365,237.2002446708589,6.176728175579623,0.009340268570215518,0.0729243740700003,0.25474220903000067,0.8881709114837646,4.130414723082396,0.324237943503519
Surrogate_RF,102,chip_simple_dxm0p909_dym6p364__Lj12p0nH_Cj2p0fF__roL8p5mm__tee_fl160um_fc12_cg1p2um__rpg1p4um,4.73641698179,6.08792263054,5.621972734323501,233.0698299477765,5.852490232076104,5,fig5_cg3p5um_rpg1p5um__Lj12p0nH_Cj0p0fF__roL8p5mm__tee_fl160um_fc12,4.70486631048,6.33112792154,5.111963850152969,266.195772124899,6.191175501007713,0.0139410796954038,0.03155067130999978,0.24320529100000066,0.5100088841705324,33.12594217712251,0.33868526893160933
Surrogate_RF,102,chip_simple_dxm0p909_dym6p364__Lj12p0nH_Cj2p0fF__roL8p5mm__tee_fl160um_fc12_cg1p2um__rpg1p4um,4.73641698179,6.08792263054,5.621972734323501,233.0698299477765,5.852490232076104,6,fig5_cg2p0um_rpg2p5um__Lj12p0nH_Cj0p0fF__roL8p5mm__tee_fl160um_fc12,4.88081947033,6.29200362079,4.710222612869263,215.78136757047287,6.007573423867593,0.014285560172399564,0.14440248853999993,0.20408099025000048,0.9117501214542383,17.28846237730363,0.15508319179148966
Surrogate_RF,102,chip_simple_dxm0p909_dym6p364__Lj12p0nH_Cj2p0fF__roL8p5mm__tee_fl160um_fc12_cg1p2um__rpg1p4um,4.73641698179,6.08792263054,5.621972734323501,233.0698299477765,5.852490232076104,7,fig5_cg5p0um_rpg1p5um__Lj12p0nH_Cj0p0fF__roL8p5mm__tee_fl160um_fc12,4.78104020561,6.40912743907,4.688513258781433,251.19081153078065,6.311876326449141,0.01593288335508051,0.04462322382000039,0.3212048085300001,0.933459475542068,18.120981583004152,0.4593860943730377
Surrogate_RF,102,chip_simple_dxm0p909_dym6p364__Lj12p0nH_Cj2p0fF__roL8p5mm__tee_fl160um_fc12_cg1p2um__rpg1p4um,4.73641698179,6.08792263054,5.621972734323501,233.0698299477765,5.852490232076104,8,fig5_cg1p0um_rpg2p5um__Lj12p0nH_Cj0p0fF__roL8p5mm__tee_fl160um_fc12,4.8761770008,5.99407925784,6.270368555709839,201.3919971854669,5.6148078415071,0.01680172288806981,0.13976001901000057,0.09384337269999943,0.6483958213863383,31.677832762309606,0.2376823905690033
Surrogate_RF,102,chip_simple_dxm0p909_dym6p364__Lj12p0nH_Cj2p0fF__roL8p5mm__tee_fl160um_fc12_cg1p2um__rpg1p4um,4.73641698179,6.08792263054,5.621972734323501,233.0698299477765,5.852490232076104,9,fig5_cg2p5um_rpg2p0um__Lj12p0nH_Cj0p0fF__roL8p5mm__tee_fl160um_fc12,4.82985966256,6.3640851834,4.45615377314949,229.1245415394613,6.124821045393385,0.019142148800725345,0.09344268076999995,0.2761625528600007,1.1658189611740113,3.945288408315207,0.27233081331728126
Surrogate_RF,102,chip_simple_dxm0p909_dym6p364__Lj12p0nH_Cj2p0fF__roL8p5mm__tee_fl160um_fc12_cg1p2um__rpg1p4um,4.73641698179,6.08792263054,5.621972734323501,233.0698299477765,5.852490232076104,10,fig5_cg2p5um_rpg2p5um__Lj12p0nH_Cj0p0fF__roL8p5mm__tee_fl160um_fc12,4.86782605146,6.40620544852,4.850844314466476,237.9905673388129,6.17514285459043,0.02119744674256051,0.1314090696700001,0.31828281798000013,0.7711284198570247,4.920737391036397,0.322652622514326
Surrogate_RF,103,chip_simple_dx0p909_dy0p000__Lj12p0nH_Cj2p0fF__roL8p5mm__tee_fl160um_fc12_cg1p2um__rpg1p4um,4.74139838894,6.04523834088,5.675883268123626,226.36996000978667,5.713551955173814,1,fig5_cg1p5um_rpg2p0um__Lj12p0nH_Cj0p0fF__roL8p5mm__tee_fl160um_fc12,4.87620084481,6.26170388145,4.99363361734581,218.7024888594067,5.970534325619533,0.002682795559622814,0.13480245586999917,0.21646554056999978,0.6822496507778162,7.667471150379953,0.25698237044571925
Surrogate_RF,103,chip_simple_dx0p909_dy0p000__Lj12p0nH_Cj2p0fF__roL8p5mm__tee_fl160um_fc12_cg1p2um__rpg1p4um,4.74139838894,6.04523834088,5.675883268123626,226.36996000978667,5.713551955173814,2,fig5_cg2p0um_rpg1p5um__Lj12p0nH_Cj0p0fF__roL8p5mm__tee_fl160um_fc12,4.77793609257,6.1977870086,5.346981281085967,236.19198761457903,5.968418975392394,0.005220595390437806,0.03653770362999964,0.15254866771999964,0.3289019870376588,9.822027604792368,0.25486702021858054
Surrogate_RF,103,chip_simple_dx0p909_dy0p000__Lj12p0nH_Cj2p0fF__roL8p5mm__tee_fl160um_fc12_cg1p2um__rpg1p4um,4.74139838894,6.04523834088,5.675883268123626,226.36996000978667,5.713551955173814,3,fig5_cg1p5um_rpg2p5um__Lj12p0nH_Cj0p0fF__roL8p5mm__tee_fl160um_fc12,4.93882770809,6.20515259596,4.85777295016098,196.1018444801448,5.919324796967785,0.00802619813900757,0.1974293191499994,0.15991425507999946,0.8181103179626463,30.268115529641875,0.20577284179397104
Surrogate_RF,103,chip_simple_dx0p909_dy0p000__Lj12p0nH_Cj2p0fF__roL8p5mm__tee_fl160um_fc12_cg1p2um__rpg1p4um,4.74139838894,6.04523834088,5.675883268123626,226.36996000978667,5.713551955173814,4,fig5_cg1p0um_rpg2p5um__Lj12p0nH_Cj0p0fF__roL8p5mm__tee_fl160um_fc12,4.8761770008,5.99407925784,6.270368555709839,201.3919971854669,5.6148078415071,0.012110298557286212,0.13477861185999984,0.05115908303999994,0.5944852875862132,24.977962824319775,0.09874411366671332
Surrogate_RF,103,chip_simple_dx0p909_dy0p000__Lj12p0nH_Cj2p0fF__roL8p5mm__tee_fl160um_fc12_cg1p2um__rpg1p4um,4.74139838894,6.04523834088,5.675883268123626,226.36996000978667,5.713551955173814,5,fig5_cg3p0um_rpg1p5um__Lj12p0nH_Cj0p0fF__roL8p5mm__tee_fl160um_fc12,4.80934135586,6.34266483957,4.7338018228397365,237.2002446708589,6.176728175579623,0.013922087245448885,0.06794296691999957,0.29742649869000015,0.9420814452838897,10.830284661072227,0.46317622040580897
Surrogate_RF,103,chip_simple_dx0p909_dy0p000__Lj12p0nH_Cj2p0fF__roL8p5mm__tee_fl160um_fc12_cg1p2um__rpg1p4um,4.74139838894,6.04523834088,5.675883268123626,226.36996000978667,5.713551955173814,6,fig5_cg2p0um_rpg2p5um__Lj12p0nH_Cj0p0fF__roL8p5mm__tee_fl160um_fc12,4.88081947033,6.29200362079,4.710222612869263,215.78136757047287,6.007573423867593,0.015294578821413881,0.1394210813899992,0.24676527990999997,0.9656606552543634,10.5885924393138,0.29402146869377965
Surrogate_RF,103,chip_simple_dx0p909_dy0p000__Lj12p0nH_Cj2p0fF__roL8p5mm__tee_fl160um_fc12_cg1p2um__rpg1p4um,4.74139838894,6.04523834088,5.675883268123626,226.36996000978667,5.713551955173814,7,fig5_cg3p5um_rpg1p5um__Lj12p0nH_Cj0p0fF__roL8p5mm__tee_fl160um_fc12,4.70486631048,6.33112792154,5.111963850152969,266.195772124899,6.191175501007713,0.020057728110331397,0.036532078460000506,0.28588958066000014,0.5639194179706575,39.82581211511234,0.4776235458338993
Surrogate_RF,103,chip_simple_dx0p909_dy0p000__Lj12p0nH_Cj2p0fF__roL8p5mm__tee_fl160um_fc12_cg1p2um__rpg1p4um,4.74139838894,6.04523834088,5.675883268123626,226.36996000978667,5.713551955173814,8,fig5_cg5p0um_rpg1p5um__Lj12p0nH_Cj0p0fF__roL8p5mm__tee_fl160um_fc12,4.78104020561,6.40912743907,4.688513258781433,251.19081153078065,6.311876326449141,0.021819845360541955,0.03964181666999966,0.3638890981899996,0.9873700093421931,24.820851520993983,0.5983243712753277
Surrogate_RF,103,chip_simple_dx0p909_dy0p000__Lj12p0nH_Cj2p0fF__roL8p5mm__tee_fl160um_fc12_cg1p2um__rpg1p4um,4.74139838894,6.04523834088,5.675883268123626,226.36996000978667,5.713551955173814,9,fig5_cg2p5um_rpg2p0um__Lj12p0nH_Cj0p0fF__roL8p5mm__tee_fl160um_fc12,4.82985966256,6.3640851834,4.45615377314949,229.1245415394613,6.124821045393385,0.022899086189701153,0.08846127361999923,0.3188468425200002,1.2197294949741364,2.754581529674624,0.41126909021957125
Surrogate_RF,103,chip_simple_dx0p909_dy0p000__Lj12p0nH_Cj2p0fF__roL8p5mm__tee_fl160um_fc12_cg1p2um__rpg1p4um,4.74139838894,6.04523834088,5.675883268123626,226.36996000978667,5.713551955173814,10,fig5_cg2p5um_rpg2p5um__Lj12p0nH_Cj0p0fF__roL8p5mm__tee_fl160um_fc12,4.86782605146,6.40620544852,4.850844314466476,237.9905673388129,6.17514285459043,0.024113980685227184,0.12642766251999937,0.3609671076399996,0.8250389536571499,11.620607329026228,0.461590899416616
Surrogate_RF,104,chip_simple_dx0p909_dy6p364__Lj12p0nH_Cj2p0fF__roL8p5mm__tee_fl160um_fc12_cg1p2um__rpg1p4um,4.70997564431,5.99512074395,5.736094124229431,225.95671781879915,5.714840812333396,1,fig5_cg1p5um_rpg2p0um__Lj12p0nH_Cj0p0fF__roL8p5mm__tee_fl160um_fc12,4.87620084481,6.26170388145,4.99363361734581,218.7024888594067,5.970534325619533,0.003793394239969159,0.16622520049999956,0.2665831374999996,0.7424605068836208,7.254228959392435,0.2556935132861371
Surrogate_RF,104,chip_simple_dx0p909_dy6p364__Lj12p0nH_Cj2p0fF__roL8p5mm__tee_fl160um_fc12_cg1p2um__rpg1p4um,4.70997564431,5.99512074395,5.736094124229431,225.95671781879915,5.714840812333396,2,fig5_cg2p0um_rpg1p5um__Lj12p0nH_Cj0p0fF__roL8p5mm__tee_fl160um_fc12,4.77793609257,6.1977870086,5.346981281085967,236.19198761457903,5.968418975392394,0.006786282686792918,0.06796044826000003,0.20266626464999948,0.3891128431434634,10.235269795779885,0.2535781630589984
Surrogate_RF,104,chip_simple_dx0p909_dy6p364__Lj12p0nH_Cj2p0fF__roL8p5mm__tee_fl160um_fc12_cg1p2um__rpg1p4um,4.70997564431,5.99512074395,5.736094124229431,225.95671781879915,5.714840812333396,3,fig5_cg1p5um_rpg2p5um__Lj12p0nH_Cj0p0fF__roL8p5mm__tee_fl160um_fc12,4.93882770809,6.20515259596,4.85777295016098,196.1018444801448,5.919324796967785,0.009645525980786118,0.22885206377999978,0.2100318520099993,0.8783211740684509,29.854873338654357,0.20448398463438888
Surrogate_RF,104,chip_simple_dx0p909_dy6p364__Lj12p0nH_Cj2p0fF__roL8p5mm__tee_fl160um_fc12_cg1p2um__rpg1p4um,4.70997564431,5.99512074395,5.736094124229431,225.95671781879915,5.714840812333396,4,fig5_cg1p0um_rpg2p5um__Lj12p0nH_Cj0p0fF__roL8p5mm__tee_fl160um_fc12,4.8761770008,5.99407925784,6.270368555709839,201.3919971854669,5.6148078415071,0.011631215614799982,0.16620135649000023,0.0010414861100001005,0.5342744314804087,24.564720633332257,0.10003297082629548
Surrogate_RF,104,chip_simple_dx0p909_dy6p364__Lj12p0nH_Cj2p0fF__roL8p5mm__tee_fl160um_fc12_cg1p2um__rpg1p4um,4.70997564431,5.99512074395,5.736094124229431,225.95671781879915,5.714840812333396,5,fig5_cg3p0um_rpg1p5um__Lj12p0nH_Cj0p0fF__roL8p5mm__tee_fl160um_fc12,4.80934135586,6.34266483957,4.7338018228397365,237.2002446708589,6.176728175579623,0.016198129519522535,0.09936571154999996,0.34754409562,1.0022923013896943,11.243526852059745,0.4618873632462268
Surrogate_RF,104,chip_simple_dx0p909_dy6p364__Lj12p0nH_Cj2p0fF__roL8p5mm__tee_fl160um_fc12_cg1p2um__rpg1p4um,4.70997564431,5.99512074395,5.736094124229431,225.95671781879915,5.714840812333396,6,fig5_cg2p0um_rpg2p5um__Lj12p0nH_Cj0p0fF__roL8p5mm__tee_fl160um_fc12,4.88081947033,6.29200362079,4.710222612869263,215.78136757047287,6.007573423867593,0.017761525821049853,0.1708438260199996,0.2968828768399998,1.025871511360168,10.175350248326282,0.2927326115341975
Surrogate_RF,104,chip_simple_dx0p909_dy6p364__Lj12p0nH_Cj2p0fF__roL8p5mm__tee_fl160um_fc12_cg1p2um__rpg1p4um,4.70997564431,5.99512074395,5.736094124229431,225.95671781879915,5.714840812333396,7,fig5_cg3p5um_rpg1p5um__Lj12p0nH_Cj0p0fF__roL8p5mm__tee_fl160um_fc12,4.70486631048,6.33112792154,5.111963850152969,266.195772124899,6.191175501007713,0.022594963828276575,0.005109333830000118,0.33600717759,0.624130274076462,40.23905430609986,0.47633468867431716
Surrogate_RF,104,chip_simple_dx0p909_dy6p364__Lj12p0nH_Cj2p0fF__roL8p5mm__tee_fl160um_fc12_cg1p2um__rpg1p4um,4.70997564431,5.99512074395,5.736094124229431,225.95671781879915,5.714840812333396,8,fig5_cg5p0um_rpg1p5um__Lj12p0nH_Cj0p0fF__roL8p5mm__tee_fl160um_fc12,4.78104020561,6.40912743907,4.688513258781433,251.19081153078065,6.311876326449141,0.02447516377948692,0.07106456130000005,0.41400669511999943,1.0475808654479977,25.2340937119815,0.5970355141157455
Surrogate_RF,104,chip_simple_dx0p909_dy6p364__Lj12p0nH_Cj2p0fF__roL8p5mm__tee_fl160um_fc12_cg1p2um__rpg1p4um,4.70997564431,5.99512074395,5.736094124229431,225.95671781879915,5.714840812333396,9,fig5_cg2p5um_rpg2p0um__Lj12p0nH_Cj0p0fF__roL8p5mm__tee_fl160um_fc12,4.82985966256,6.3640851834,4.45615377314949,229.1245415394613,6.124821045393385,0.025836654123069007,0.11988401824999961,0.36896443945,1.279940351079941,3.167823720662142,0.4099802330599891
Surrogate_RF,104,chip_simple_dx0p909_dy6p364__Lj12p0nH_Cj2p0fF__roL8p5mm__tee_fl160um_fc12_cg1p2um__rpg1p4um,4.70997564431,5.99512074395,5.736094124229431,225.95671781879915,5.714840812333396,10,fig5_cg2p5um_rpg2p5um__Lj12p0nH_Cj0p0fF__roL8p5mm__tee_fl160um_fc12,4.86782605146,6.40620544852,4.850844314466476,237.9905673388129,6.17514285459043,0.027149882968994014,0.15785040714999976,0.41108470456999946,0.8852498097629544,12.033849520013746,0.46030204225703386
Surrogate_RF,105,chip_simple_dx0p909_dy10p000__Lj12p0nH_Cj2p0fF__roL8p5mm__tee_fl160um_fc12_cg1p2um__rpg1p4um,4.6871433385,6.02047336532,6.148103960992813,243.26442283681763,5.760159287002021,1,fig5_cg2p0um_rpg1p5um__Lj12p0nH_Cj0p0fF__roL8p5mm__tee_fl160um_fc12,4.77793609257,6.1977870086,5.346981281085967,236.19198761457903,5.968418975392394,0.012796605990690466,0.09079275406999976,0.17731364327999977,0.8011226799068458,7.072435222238596,0.20825968839037312
Surrogate_RF,105,chip_simple_dx0p909_dy10p000__Lj12p0nH_Cj2p0fF__roL8p5mm__tee_fl160um_fc12_cg1p2um__rpg1p4um,4.6871433385,6.02047336532,6.148103960992813,243.26442283681763,5.760159287002021,2,fig5_cg1p5um_rpg2p0um__Lj12p0nH_Cj0p0fF__roL8p5mm__tee_fl160um_fc12,4.87620084481,6.26170388145,4.99363361734581,218.7024888594067,5.970534325619533,0.012959269669488547,0.1890575063099993,0.2412305161299999,1.1544703436470032,24.561933977410916,0.21037503861751183
Surrogate_RF,105,chip_simple_dx0p909_dy10p000__Lj12p0nH_Cj2p0fF__roL8p5mm__tee_fl160um_fc12_cg1p2um__rpg1p4um,4.6871433385,6.02047336532,6.148103960992813,243.26442283681763,5.760159287002021,3,fig5_cg1p0um_rpg2p5um__Lj12p0nH_Cj0p0fF__roL8p5mm__tee_fl160um_fc12,4.8761770008,5.99407925784,6.270368555709839,201.3919971854669,5.6148078415071,0.01924108736867862,0.18903366229999996,0.026394107479999818,0.12226459471702622,41.87242565135074,0.14535144549492074
Surrogate_RF,105,chip_simple_dx0p909_dy10p000__Lj12p0nH_Cj2p0fF__roL8p5mm__tee_fl160um_fc12_cg1p2um__rpg1p4um,4.6871433385,6.02047336532,6.148103960992813,243.26442283681763,5.760159287002021,4,fig5_cg3p0um_rpg1p5um__Lj12p0nH_Cj0p0fF__roL8p5mm__tee_fl160um_fc12,4.80934135586,6.34266483957,4.7338018228397365,237.2002446708589,6.176728175579623,0.02231884526309681,0.12219801735999969,0.3221914742500003,1.4143021381530767,6.064178165958737,0.41656888857760155
Surrogate_RF,105,chip_simple_dx0p909_dy10p000__Lj12p0nH_Cj2p0fF__roL8p5mm__tee_fl160um_fc12_cg1p2um__rpg1p4um,4.6871433385,6.02047336532,6.148103960992813,243.26442283681763,5.760159287002021,5,fig5_cg1p5um_rpg2p5um__Lj12p0nH_Cj0p0fF__roL8p5mm__tee_fl160um_fc12,4.93882770809,6.20515259596,4.85777295016098,196.1018444801448,5.919324796967785,0.023939453052373737,0.2516843695899995,0.18467923063999958,1.2903310108318333,47.16257835667284,0.15916550996576362
Surrogate_RF,105,chip_simple_dx0p909_dy10p000__Lj12p0nH_Cj2p0fF__roL8p5mm__tee_fl160um_fc12_cg1p2um__rpg1p4um,4.6871433385,6.02047336532,6.148103960992813,243.26442283681763,5.760159287002021,6,fig5_cg3p5um_rpg1p5um__Lj12p0nH_Cj0p0fF__roL8p5mm__tee_fl160um_fc12,4.70486631048,6.33112792154,5.111963850152969,266.195772124899,6.191175501007713,0.02675630446954001,0.017722971979999613,0.31065455622000027,1.0361401108398445,22.93134928808138,0.4310162140056919
Surrogate_RF,105,chip_simple_dx0p909_dy10p000__Lj12p0nH_Cj2p0fF__roL8p5mm__tee_fl160um_fc12_cg1p2um__rpg1p4um,4.6871433385,6.02047336532,6.148103960992813,243.26442283681763,5.760159287002021,7,fig5_cg2p0um_rpg1p0um__Lj12p0nH_Cj0p0fF__roL8p5mm__tee_fl160um_fc12,4.67537317002,6.28144982257,6.80016774546051,305.861011614189,6.2286045622900525,0.02930877254904142,0.01177016848000001,0.26097645724999996,0.6520637844676971,62.59658877737138,0.4684452752880315
Surrogate_RF,105,chip_simple_dx0p909_dy10p000__Lj12p0nH_Cj2p0fF__roL8p5mm__tee_fl160um_fc12_cg1p2um__rpg1p4um,4.6871433385,6.02047336532,6.148103960992813,243.26442283681763,5.760159287002021,8,fig5_cg5p0um_rpg1p5um__Lj12p0nH_Cj0p0fF__roL8p5mm__tee_fl160um_fc12,4.78104020561,6.40912743907,4.688513258781433,251.19081153078065,6.311876326449141,0.03028445017480049,0.09389686710999978,0.3886540737499997,1.45959070221138,7.92638869396302,0.5517170394471202
Surrogate_RF,105,chip_simple_dx0p909_dy10p000__Lj12p0nH_Cj2p0fF__roL8p5mm__tee_fl160um_fc12_cg1p2um__rpg1p4um,4.6871433385,6.02047336532,6.148103960992813,243.26442283681763,5.760159287002021,9,fig5_cg2p0um_rpg2p5um__Lj12p0nH_Cj0p0fF__roL8p5mm__tee_fl160um_fc12,4.88081947033,6.29200362079,4.710222612869263,215.78136757047287,6.007573423867593,0.03289557309412805,0.19367613182999932,0.2715302554700001,1.4378813481235504,27.483055266344763,0.24741413686557223
Surrogate_RF,105,chip_simple_dx0p909_dy10p000__Lj12p0nH_Cj2p0fF__roL8p5mm__tee_fl160um_fc12_cg1p2um__rpg1p4um,4.6871433385,6.02047336532,6.148103960992813,243.26442283681763,5.760159287002021,10,fig5_cg1p5um_rpg1p0um__Lj12p0nH_Cj0p0fF__roL8p5mm__tee_fl160um_fc12,4.7605818776,6.21817087681,5.831666317903518,253.65164600383045,6.132701943451215,0.03445819894496739,0.07343853909999964,0.19769751149000037,0.31643764308929523,10.38722316701282,0.3725426564491938
Surrogate_RF,106,chip_simple_dx1p818_dym5p455__Lj12p0nH_Cj2p0fF__roL8p5mm__tee_fl160um_fc12_cg1p2um__rpg1p4um,4.75276332089,6.12142191828,5.658263751716613,235.8553039603668,5.927860977969706,1,fig5_cg2p0um_rpg1p5um__Lj12p0nH_Cj0p0fF__roL8p5mm__tee_fl160um_fc12,4.77793609257,6.1977870086,5.346981281085967,236.19198761457903,5.968418975392394,0.002461157322801976,0.025172771680000317,0.0763650903199995,0.31128247063064585,0.3366836542122371,0.040557997422688175
Surrogate_RF,106,chip_simple_dx1p818_dym5p455__Lj12p0nH_Cj2p0fF__roL8p5mm__tee_fl160um_fc12_cg1p2um__rpg1p4um,4.75276332089,6.12142191828,5.658263751716613,235.8553039603668,5.927860977969706,2,fig5_cg1p5um_rpg2p0um__Lj12p0nH_Cj0p0fF__roL8p5mm__tee_fl160um_fc12,4.87620084481,6.26170388145,4.99363361734581,218.7024888594067,5.970534325619533,0.00366156397871824,0.12343752391999985,0.14028196316999963,0.6646301343708032,17.152815100960083,0.04267334764982689
Surrogate_RF,106,chip_simple_dx1p818_dym5p455__Lj12p0nH_Cj2p0fF__roL8p5mm__tee_fl160um_fc12_cg1p2um__rpg1p4um,4.75276332089,6.12142191828,5.658263751716613,235.8553039603668,5.927860977969706,3,fig5_cg3p0um_rpg1p5um__Lj12p0nH_Cj0p0fF__roL8p5mm__tee_fl160um_fc12,4.80934135586,6.34266483957,4.7338018228397365,237.2002446708589,6.176728175579623,0.008679086308771407,0.056578034970000246,0.22124292129,0.9244619288768767,1.3449407104920965,0.2488671976099166
Surrogate_RF,106,chip_simple_dx1p818_dym5p455__Lj12p0nH_Cj2p0fF__roL8p5mm__tee_fl160um_fc12_cg1p2um__rpg1p4um,4.75276332089,6.12142191828,5.658263751716613,235.8553039603668,5.927860977969706,4,fig5_cg1p5um_rpg2p5um__Lj12p0nH_Cj0p0fF__roL8p5mm__tee_fl160um_fc12,4.93882770809,6.20515259596,4.85777295016098,196.1018444801448,5.919324796967785,0.010343263705051672,0.18606438720000007,0.08373067767999931,0.8004908015556333,39.753459480222006,0.008536181001921328
Surrogate_RF,106,chip_simple_dx1p818_dym5p455__Lj12p0nH_Cj2p0fF__roL8p5mm__tee_fl160um_fc12_cg1p2um__rpg1p4um,4.75276332089,6.12142191828,5.658263751716613,235.8553039603668,5.927860977969706,5,fig5_cg3p5um_rpg1p5um__Lj12p0nH_Cj0p0fF__roL8p5mm__tee_fl160um_fc12,4.70486631048,6.33112792154,5.111963850152969,266.195772124899,6.191175501007713,0.012787777758470795,0.04789701040999983,0.20970600326,0.5462999015636445,30.34046816453221,0.26331452303800695
Surrogate_RF,106,chip_simple_dx1p818_dym5p455__Lj12p0nH_Cj2p0fF__roL8p5mm__tee_fl160um_fc12_cg1p2um__rpg1p4um,4.75276332089,6.12142191828,5.658263751716613,235.8553039603668,5.927860977969706,6,fig5_cg5p0um_rpg1p5um__Lj12p0nH_Cj0p0fF__roL8p5mm__tee_fl160um_fc12,4.78104020561,6.40912743907,4.688513258781433,251.19081153078065,6.311876326449141,0.015003132504604264,0.02827688472000034,0.28770552078999945,0.9697504929351801,15.335507570413853,0.3840153484794353
Surrogate_RF,106,chip_simple_dx1p818_dym5p455__Lj12p0nH_Cj2p0fF__roL8p5mm__tee_fl160um_fc12_cg1p2um__rpg1p4um,4.75276332089,6.12142191828,5.658263751716613,235.8553039603668,5.927860977969706,7,fig5_cg2p0um_rpg2p5um__Lj12p0nH_Cj0p0fF__roL8p5mm__tee_fl160um_fc12,4.88081947033,6.29200362079,4.710222612869263,215.78136757047287,6.007573423867593,0.015124122671163845,0.12805614943999988,0.17058170250999982,0.9480411388473504,20.07393638989393,0.07971244589788729
Surrogate_RF,106,chip_simple_dx1p818_dym5p455__Lj12p0nH_Cj2p0fF__roL8p5mm__tee_fl160um_fc12_cg1p2um__rpg1p4um,4.75276332089,6.12142191828,5.658263751716613,235.8553039603668,5.927860977969706,8,fig5_cg1p0um_rpg2p5um__Lj12p0nH_Cj0p0fF__roL8p5mm__tee_fl160um_fc12,4.8761770008,5.99407925784,6.270368555709839,201.3919971854669,5.6148078415071,0.017971137447122656,0.12341367991000052,0.1273426604400001,0.6121048039932262,34.463306774899905,0.3130531364626057
Surrogate_RF,106,chip_simple_dx1p818_dym5p455__Lj12p0nH_Cj2p0fF__roL8p5mm__tee_fl160um_fc12_cg1p2um__rpg1p4um,4.75276332089,6.12142191828,5.658263751716613,235.8553039603668,5.927860977969706,9,fig5_cg2p5um_rpg2p0um__Lj12p0nH_Cj0p0fF__roL8p5mm__tee_fl160um_fc12,4.82985966256,6.3640851834,4.45615377314949,229.1245415394613,6.124821045393385,0.019132600739369923,0.0770963416699999,0.24266326512000003,1.2021099785671234,6.730762420905506,0.1969600674236789
Surrogate_RF,106,chip_simple_dx1p818_dym5p455__Lj12p0nH_Cj2p0fF__roL8p5mm__tee_fl160um_fc12_cg1p2um__rpg1p4um,4.75276332089,6.12142191828,5.658263751716613,235.8553039603668,5.927860977969706,10,fig5_cg2p5um_rpg2p5um__Lj12p0nH_Cj0p0fF__roL8p5mm__tee_fl160um_fc12,4.86782605146,6.40620544852,4.850844314466476,237.9905673388129,6.17514285459043,0.021504629926915646,0.11506273057000005,0.28478353023999947,0.8074194372501369,2.1352633784460977,0.24728187662072365
Surrogate_RF,107,chip_simple_dx2p727_dym9p091__Lj12p0nH_Cj2p0fF__roL8p5mm__tee_fl160um_fc12_cg1p2um__rpg1p4um,4.71854167281,6.10937869643,5.389543067037582,235.1503843898085,5.897915052557842,1,fig5_cg2p0um_rpg1p5um__Lj12p0nH_Cj0p0fF__roL8p5mm__tee_fl160um_fc12,4.77793609257,6.1977870086,5.346981281085967,236.19198761457903,5.968418975392394,0.0010448317650740375,0.05939441976000026,0.08840831216999945,0.04256178595161497,1.0416032247705402,0.07050392283455231
Surrogate_RF,107,chip_simple_dx2p727_dym9p091__Lj12p0nH_Cj2p0fF__roL8p5mm__tee_fl160um_fc12_cg1p2um__rpg1p4um,4.71854167281,6.10937869643,5.389543067037582,235.1503843898085,5.897915052557842,2,fig5_cg1p5um_rpg2p0um__Lj12p0nH_Cj0p0fF__roL8p5mm__tee_fl160um_fc12,4.87620084481,6.26170388145,4.99363361734581,218.7024888594067,5.970534325619533,0.0037360267504887956,0.1576591719999998,0.1523251850199996,0.39590944969177233,16.44789553040178,0.07261927306169103
Surrogate_RF,107,chip_simple_dx2p727_dym9p091__Lj12p0nH_Cj2p0fF__roL8p5mm__tee_fl160um_fc12_cg1p2um__rpg1p4um,4.71854167281,6.10937869643,5.389543067037582,235.1503843898085,5.897915052557842,3,fig5_cg3p0um_rpg1p5um__Lj12p0nH_Cj0p0fF__roL8p5mm__tee_fl160um_fc12,4.80934135586,6.34266483957,4.7338018228397365,237.2002446708589,6.176728175579623,0.005015643706952748,0.09079968305000019,0.23328614313999996,0.6557412441978459,2.0498602810503996,0.27881312302178074
Surrogate_RF,107,chip_simple_dx2p727_dym9p091__Lj12p0nH_Cj2p0fF__roL8p5mm__tee_fl160um_fc12_cg1p2um__rpg1p4um,4.71854167281,6.10937869643,5.389543067037582,235.1503843898085,5.897915052557842,4,fig5_cg1p5um_rpg2p5um__Lj12p0nH_Cj0p0fF__roL8p5mm__tee_fl160um_fc12,4.93882770809,6.20515259596,4.85777295016098,196.1018444801448,5.919324796967785,0.008177819712202836,0.22028603528000001,0.09577389952999926,0.5317701168766025,39.0485399096637,0.02140974440994281
Surrogate_RF,107,chip_simple_dx2p727_dym9p091__Lj12p0nH_Cj2p0fF__roL8p5mm__tee_fl160um_fc12_cg1p2um__rpg1p4um,4.71854167281,6.10937869643,5.389543067037582,235.1503843898085,5.897915052557842,5,fig5_cg3p5um_rpg1p5um__Lj12p0nH_Cj0p0fF__roL8p5mm__tee_fl160um_fc12,4.70486631048,6.33112792154,5.111963850152969,266.195772124899,6.191175501007713,0.008559267187492696,0.013675362329999885,0.22174922510999995,0.2775792168846136,31.045387735090515,0.2932604484498711
Surrogate_RF,107,chip_simple_dx2p727_dym9p091__Lj12p0nH_Cj2p0fF__roL8p5mm__tee_fl160um_fc12_cg1p2um__rpg1p4um,4.71854167281,6.10937869643,5.389543067037582,235.1503843898085,5.897915052557842,6,fig5_cg5p0um_rpg1p5um__Lj12p0nH_Cj0p0fF__roL8p5mm__tee_fl160um_fc12,4.78104020561,6.40912743907,4.688513258781433,251.19081153078065,6.311876326449141,0.010032283587165331,0.062498532800000284,0.2997487426399994,0.7010298082561492,16.040427140972156,0.41396127389129944
Surrogate_RF,107,chip_simple_dx2p727_dym9p091__Lj12p0nH_Cj2p0fF__roL8p5mm__tee_fl160um_fc12_cg1p2um__rpg1p4um,4.71854167281,6.10937869643,5.389543067037582,235.1503843898085,5.897915052557842,7,fig5_cg2p0um_rpg2p5um__Lj12p0nH_Cj0p0fF__roL8p5mm__tee_fl160um_fc12,4.88081947033,6.29200362079,4.710222612869263,215.78136757047287,6.007573423867593,0.010305820660787777,0.16227779751999982,0.18262492435999977,0.6793204541683195,19.369016819335627,0.10965837130975142
Surrogate_RF,107,chip_simple_dx2p727_dym9p091__Lj12p0nH_Cj2p0fF__roL8p5mm__tee_fl160um_fc12_cg1p2um__rpg1p4um,4.71854167281,6.10937869643,5.389543067037582,235.1503843898085,5.897915052557842,8,fig5_cg2p5um_rpg2p0um__Lj12p0nH_Cj0p0fF__roL8p5mm__tee_fl160um_fc12,4.82985966256,6.3640851834,4.45615377314949,229.1245415394613,6.124821045393385,0.013119967131849104,0.11131798974999985,0.25470648697,0.9333892938880926,6.025842850347203,0.22690599283554302
Surrogate_RF,107,chip_simple_dx2p727_dym9p091__Lj12p0nH_Cj2p0fF__roL8p5mm__tee_fl160um_fc12_cg1p2um__rpg1p4um,4.71854167281,6.10937869643,5.389543067037582,235.1503843898085,5.897915052557842,9,fig5_cg2p5um_rpg2p5um__Lj12p0nH_Cj0p0fF__roL8p5mm__tee_fl160um_fc12,4.86782605146,6.40620544852,4.850844314466476,237.9905673388129,6.17514285459043,0.015281187403584974,0.14928437865,0.2968267520899994,0.538698752571106,2.840182949004401,0.2772278020325878
Surrogate_RF,107,chip_simple_dx2p727_dym9p091__Lj12p0nH_Cj2p0fF__roL8p5mm__tee_fl160um_fc12_cg1p2um__rpg1p4um,4.71854167281,6.10937869643,5.389543067037582,235.1503843898085,5.897915052557842,10,fig5_cg3p0um_rpg2p0um__Lj12p0nH_Cj0p0fF__roL8p5mm__tee_fl160um_fc12,4.85591843529,6.44095110726,4.270610977590561,230.04663618304903,6.1997071597004,0.015387372014730586,0.13737676247999975,0.3315724108299998,1.1189320894470214,5.103748206759462,0.3017921071425578
Surrogate_RF,108,chip_simple_dx2p727_dym6p364__Lj12p0nH_Cj2p0fF__roL8p5mm__tee_fl160um_fc12_cg1p2um__rpg1p4um,4.72708638401,6.15667409709,5.543435228425979,244.333560948847,5.937980422389637,1,fig5_cg2p0um_rpg1p5um__Lj12p0nH_Cj0p0fF__roL8p5mm__tee_fl160um_fc12,4.77793609257,6.1977870086,5.346981281085967,236.19198761457903,5.968418975392394,0.002220208559489226,0.05084970856000037,0.04111291150999996,0.19645394734001176,8.141573334267974,0.03043855300275755
Surrogate_RF,108,chip_simple_dx2p727_dym6p364__Lj12p0nH_Cj2p0fF__roL8p5mm__tee_fl160um_fc12_cg1p2um__rpg1p4um,4.72708638401,6.15667409709,5.543435228425979,244.333560948847,5.937980422389637,2,fig5_cg3p0um_rpg1p5um__Lj12p0nH_Cj0p0fF__roL8p5mm__tee_fl160um_fc12,4.80934135586,6.34266483957,4.7338018228397365,237.2002446708589,6.176728175579623,0.006212494664650359,0.0822549718500003,0.18599074248000047,0.8096334055862426,7.133316277988115,0.23874775318998598
Surrogate_RF,108,chip_simple_dx2p727_dym6p364__Lj12p0nH_Cj2p0fF__roL8p5mm__tee_fl160um_fc12_cg1p2um__rpg1p4um,4.72708638401,6.15667409709,5.543435228425979,244.333560948847,5.937980422389637,3,fig5_cg1p5um_rpg2p0um__Lj12p0nH_Cj0p0fF__roL8p5mm__tee_fl160um_fc12,4.87620084481,6.26170388145,4.99363361734581,218.7024888594067,5.970534325619533,0.006416924820910625,0.1491144607999999,0.1050297843600001,0.5498016110801691,25.631072089440295,0.032553903229896264
Surrogate_RF,108,chip_simple_dx2p727_dym6p364__Lj12p0nH_Cj2p0fF__roL8p5mm__tee_fl160um_fc12_cg1p2um__rpg1p4um,4.72708638401,6.15667409709,5.543435228425979,244.333560948847,5.937980422389637,4,fig5_cg3p5um_rpg1p5um__Lj12p0nH_Cj0p0fF__roL8p5mm__tee_fl160um_fc12,4.70486631048,6.33112792154,5.111963850152969,266.195772124899,6.191175501007713,0.008779447025668782,0.022220073529999773,0.17445382445000046,0.4314713782730104,21.862211176052,0.25319507861807633
Surrogate_RF,108,chip_simple_dx2p727_dym6p364__Lj12p0nH_Cj2p0fF__roL8p5mm__tee_fl160um_fc12_cg1p2um__rpg1p4um,4.72708638401,6.15667409709,5.543435228425979,244.333560948847,5.937980422389637,5,fig5_cg5p0um_rpg1p5um__Lj12p0nH_Cj0p0fF__roL8p5mm__tee_fl160um_fc12,4.78104020561,6.40912743907,4.688513258781433,251.19081153078065,6.311876326449141,0.011092089361513529,0.053953821600000396,0.2524533419799999,0.854921969644546,6.857250581933641,0.3738959040595047
Surrogate_RF,108,chip_simple_dx2p727_dym6p364__Lj12p0nH_Cj2p0fF__roL8p5mm__tee_fl160um_fc12_cg1p2um__rpg1p4um,4.72708638401,6.15667409709,5.543435228425979,244.333560948847,5.937980422389637,6,fig5_cg1p5um_rpg2p5um__Lj12p0nH_Cj0p0fF__roL8p5mm__tee_fl160um_fc12,4.93882770809,6.20515259596,4.85777295016098,196.1018444801448,5.919324796967785,0.013364787161295718,0.21174132408000013,0.048478498869999775,0.6856622782649993,48.23171646870222,0.01865562542185195
Surrogate_RF,108,chip_simple_dx2p727_dym6p364__Lj12p0nH_Cj2p0fF__roL8p5mm__tee_fl160um_fc12_cg1p2um__rpg1p4um,4.72708638401,6.15667409709,5.543435228425979,244.333560948847,5.937980422389637,7,fig5_cg2p0um_rpg2p5um__Lj12p0nH_Cj0p0fF__roL8p5mm__tee_fl160um_fc12,4.88081947033,6.29200362079,4.710222612869263,215.78136757047287,6.007573423867593,0.01585964045065387,0.15373308631999993,0.1353295237000003,0.8332126155567163,28.55219337837414,0.06959300147795666
Surrogate_RF,108,chip_simple_dx2p727_dym6p364__Lj12p0nH_Cj2p0fF__roL8p5mm__tee_fl160um_fc12_cg1p2um__rpg1p4um,4.72708638401,6.15667409709,5.543435228425979,244.333560948847,5.937980422389637,8,fig5_cg2p5um_rpg2p0um__Lj12p0nH_Cj0p0fF__roL8p5mm__tee_fl160um_fc12,4.82985966256,6.3640851834,4.45615377314949,229.1245415394613,6.124821045393385,0.017174295453648757,0.10277327854999996,0.2074110863100005,1.0872814552764893,15.209019409385718,0.18684062300374826
Surrogate_RF,108,chip_simple_dx2p727_dym6p364__Lj12p0nH_Cj2p0fF__roL8p5mm__tee_fl160um_fc12_cg1p2um__rpg1p4um,4.72708638401,6.15667409709,5.543435228425979,244.333560948847,5.937980422389637,9,fig5_cg3p0um_rpg2p0um__Lj12p0nH_Cj0p0fF__roL8p5mm__tee_fl160um_fc12,4.85591843529,6.44095110726,4.270610977590561,230.04663618304903,6.1997071597004,0.019543993168633585,0.12883205127999986,0.2842770101700003,1.2728242508354182,14.286924765797977,0.261726737310763
Surrogate_RF,108,chip_simple_dx2p727_dym6p364__Lj12p0nH_Cj2p0fF__roL8p5mm__tee_fl160um_fc12_cg1p2um__rpg1p4um,4.72708638401,6.15667409709,5.543435228425979,244.333560948847,5.937980422389637,10,fig5_cg2p5um_rpg2p5um__Lj12p0nH_Cj0p0fF__roL8p5mm__tee_fl160um_fc12,4.86782605146,6.40620544852,4.850844314466476,237.9905673388129,6.17514285459043,0.020370491462635476,0.1407396674500001,0.24953135142999994,0.6925909139595028,6.342993610034114,0.23716243220079303
Surrogate_RF,109,chip_simple_dx2p727_dym2p727__Lj12p0nH_Cj2p0fF__roL8p5mm__tee_fl160um_fc12_cg1p2um__rpg1p4um,4.74631445878,6.09700835048,5.432559073844909,228.52115913635785,5.873822536131756,1,fig5_cg2p0um_rpg1p5um__Lj12p0nH_Cj0p0fF__roL8p5mm__tee_fl160um_fc12,4.77793609257,6.1977870086,5.346981281085967,236.19198761457903,5.968418975392394,0.0015059798699908775,0.03162163379000038,0.10077865811999942,0.08557779275894184,7.670828478221182,0.09459643926063777
Surrogate_RF,109,chip_simple_dx2p727_dym2p727__Lj12p0nH_Cj2p0fF__roL8p5mm__tee_fl160um_fc12_cg1p2um__rpg1p4um,4.74631445878,6.09700835048,5.432559073844909,228.52115913635785,5.873822536131756,2,fig5_cg1p5um_rpg2p0um__Lj12p0nH_Cj0p0fF__roL8p5mm__tee_fl160um_fc12,4.87620084481,6.26170388145,4.99363361734581,218.7024888594067,5.970534325619533,0.001790452873457197,0.1298863860299999,0.16469553096999956,0.4389254564990992,9.818670276951138,0.09671178948777648
Surrogate_RF,109,chip_simple_dx2p727_dym2p727__Lj12p0nH_Cj2p0fF__roL8p5mm__tee_fl160um_fc12_cg1p2um__rpg1p4um,4.74631445878,6.09700835048,5.432559073844909,228.52115913635785,5.873822536131756,3,fig5_cg1p5um_rpg2p5um__Lj12p0nH_Cj0p0fF__roL8p5mm__tee_fl160um_fc12,4.93882770809,6.20515259596,4.85777295016098,196.1018444801448,5.919324796967785,0.005526722483221575,0.19251324931000013,0.10814424547999923,0.5747861236839293,32.41931465621306,0.04550226083602826
Surrogate_RF,109,chip_simple_dx2p727_dym2p727__Lj12p0nH_Cj2p0fF__roL8p5mm__tee_fl160um_fc12_cg1p2um__rpg1p4um,4.74631445878,6.09700835048,5.432559073844909,228.52115913635785,5.873822536131756,4,fig5_cg3p0um_rpg1p5um__Lj12p0nH_Cj0p0fF__roL8p5mm__tee_fl160um_fc12,4.80934135586,6.34266483957,4.7338018228397365,237.2002446708589,6.176728175579623,0.006996282833084295,0.06302689708000031,0.24565648908999993,0.6987572510051727,8.679085534501041,0.3029056394478662
Surrogate_RF,109,chip_simple_dx2p727_dym2p727__Lj12p0nH_Cj2p0fF__roL8p5mm__tee_fl160um_fc12_cg1p2um__rpg1p4um,4.74631445878,6.09700835048,5.432559073844909,228.52115913635785,5.873822536131756,5,fig5_cg2p0um_rpg2p5um__Lj12p0nH_Cj0p0fF__roL8p5mm__tee_fl160um_fc12,4.88081947033,6.29200362079,4.710222612869263,215.78136757047287,6.007573423867593,0.00914162553940986,0.13450501154999994,0.19499527030999975,0.7223364609756464,12.739791565884985,0.13375088773583688
Surrogate_RF,109,chip_simple_dx2p727_dym2p727__Lj12p0nH_Cj2p0fF__roL8p5mm__tee_fl160um_fc12_cg1p2um__rpg1p4um,4.74631445878,6.09700835048,5.432559073844909,228.52115913635785,5.873822536131756,6,fig5_cg3p5um_rpg1p5um__Lj12p0nH_Cj0p0fF__roL8p5mm__tee_fl160um_fc12,4.70486631048,6.33112792154,5.111963850152969,266.195772124899,6.191175501007713,0.01178851816717311,0.041448148299999765,0.23411957105999992,0.3205952236919405,37.674612988541156,0.31735296487595654
Surrogate_RF,109,chip_simple_dx2p727_dym2p727__Lj12p0nH_Cj2p0fF__roL8p5mm__tee_fl160um_fc12_cg1p2um__rpg1p4um,4.74631445878,6.09700835048,5.432559073844909,228.52115913635785,5.873822536131756,7,fig5_cg5p0um_rpg1p5um__Lj12p0nH_Cj0p0fF__roL8p5mm__tee_fl160um_fc12,4.78104020561,6.40912743907,4.688513258781433,251.19081153078065,6.311876326449141,0.013041224323686942,0.034725746830000404,0.31211908858999937,0.7440458150634761,22.669652394422798,0.4380537903173849
Surrogate_RF,109,chip_simple_dx2p727_dym2p727__Lj12p0nH_Cj2p0fF__roL8p5mm__tee_fl160um_fc12_cg1p2um__rpg1p4um,4.74631445878,6.09700835048,5.432559073844909,228.52115913635785,5.873822536131756,8,fig5_cg2p5um_rpg2p0um__Lj12p0nH_Cj0p0fF__roL8p5mm__tee_fl160um_fc12,4.82985966256,6.3640851834,4.45615377314949,229.1245415394613,6.124821045393385,0.01412379147575701,0.08354520377999997,0.26707683291999995,0.9764053006954194,0.6033824031034385,0.2509985092616285
Surrogate_RF,109,chip_simple_dx2p727_dym2p727__Lj12p0nH_Cj2p0fF__roL8p5mm__tee_fl160um_fc12_cg1p2um__rpg1p4um,4.74631445878,6.09700835048,5.432559073844909,228.52115913635785,5.873822536131756,9,fig5_cg2p5um_rpg2p5um__Lj12p0nH_Cj0p0fF__roL8p5mm__tee_fl160um_fc12,4.86782605146,6.40620544852,4.850844314466476,237.9905673388129,6.17514285459043,0.015473967258730039,0.12151159268000011,0.3091970980399994,0.5817147593784329,9.469408202455043,0.30132031845867324
Surrogate_RF,109,chip_simple_dx2p727_dym2p727__Lj12p0nH_Cj2p0fF__roL8p5mm__tee_fl160um_fc12_cg1p2um__rpg1p4um,4.74631445878,6.09700835048,5.432559073844909,228.52115913635785,5.873822536131756,10,fig5_cg3p0um_rpg2p0um__Lj12p0nH_Cj0p0fF__roL8p5mm__tee_fl160um_fc12,4.85591843529,6.44095110726,4.270610977590561,230.04663618304903,6.1997071597004,0.016578387304958874,0.10960397650999987,0.34394275677999975,1.1619480962543483,1.5254770466911793,0.32588462356864323
Surrogate_RF,110,chip_simple_dx2p727_dym1p818__Lj12p0nH_Cj2p0fF__roL8p5mm__tee_fl160um_fc12_cg1p2um__rpg1p4um,4.79645156373,6.00832875415,5.780460235179901,211.2241767155577,5.742636683458404,1,fig5_cg1p5um_rpg2p0um__Lj12p0nH_Cj0p0fF__roL8p5mm__tee_fl160um_fc12,4.87620084481,6.26170388145,4.99363361734581,218.7024888594067,5.970534325619533,0.0030473700079487764,0.07974928107999979,0.2533751273,0.786826617834091,7.478312143849024,0.22789764216112918
Surrogate_RF,110,chip_simple_dx2p727_dym1p818__Lj12p0nH_Cj2p0fF__roL8p5mm__tee_fl160um_fc12_cg1p2um__rpg1p4um,4.79645156373,6.00832875415,5.780460235179901,211.2241767155577,5.742636683458404,2,fig5_cg1p0um_rpg2p5um__Lj12p0nH_Cj0p0fF__roL8p5mm__tee_fl160um_fc12,4.8761770008,5.99407925784,6.270368555709839,201.3919971854669,5.6148078415071,0.004291697104503356,0.07972543707000046,0.01424949630999972,0.4899083205299384,9.832179530090798,0.1278288419513034
Surrogate_RF,110,chip_simple_dx2p727_dym1p818__Lj12p0nH_Cj2p0fF__roL8p5mm__tee_fl160um_fc12_cg1p2um__rpg1p4um,4.79645156373,6.00832875415,5.780460235179901,211.2241767155577,5.742636683458404,3,fig5_cg1p5um_rpg2p5um__Lj12p0nH_Cj0p0fF__roL8p5mm__tee_fl160um_fc12,4.93882770809,6.20515259596,4.85777295016098,196.1018444801448,5.919324796967785,0.006101764774052178,0.14237614436,0.19682384180999968,0.9226872850189212,15.122332235412898,0.17668811350938096
Surrogate_RF,110,chip_simple_dx2p727_dym1p818__Lj12p0nH_Cj2p0fF__roL8p5mm__tee_fl160um_fc12_cg1p2um__rpg1p4um,4.79645156373,6.00832875415,5.780460235179901,211.2241767155577,5.742636683458404,4,fig5_cg2p0um_rpg1p5um__Lj12p0nH_Cj0p0fF__roL8p5mm__tee_fl160um_fc12,4.77793609257,6.1977870086,5.346981281085967,236.19198761457903,5.968418975392394,0.011800309906623228,0.01851547115999974,0.18945825444999986,0.43347895409393367,24.967810899021345,0.22578229193399046
Surrogate_RF,110,chip_simple_dx2p727_dym1p818__Lj12p0nH_Cj2p0fF__roL8p5mm__tee_fl160um_fc12_cg1p2um__rpg1p4um,4.79645156373,6.00832875415,5.780460235179901,211.2241767155577,5.742636683458404,5,fig5_cg2p0um_rpg2p5um__Lj12p0nH_Cj0p0fF__roL8p5mm__tee_fl160um_fc12,4.88081947033,6.29200362079,4.710222612869263,215.78136757047287,6.007573423867593,0.01684338278477765,0.08436790659999982,0.2836748666400002,1.0702376223106382,4.557190854915177,0.2649367404091896
Surrogate_RF,110,chip_simple_dx2p727_dym1p818__Lj12p0nH_Cj2p0fF__roL8p5mm__tee_fl160um_fc12_cg1p2um__rpg1p4um,4.79645156373,6.00832875415,5.780460235179901,211.2241767155577,5.742636683458404,6,fig5_cg3p0um_rpg1p5um__Lj12p0nH_Cj0p0fF__roL8p5mm__tee_fl160um_fc12,4.80934135586,6.34266483957,4.7338018228397365,237.2002446708589,6.176728175579623,0.024130652811052474,0.012889792130000188,0.3343360854200004,1.0466584123401645,25.976067955301204,0.4340914921212189
Surrogate_RF,110,chip_simple_dx2p727_dym1p818__Lj12p0nH_Cj2p0fF__roL8p5mm__tee_fl160um_fc12_cg1p2um__rpg1p4um,4.79645156373,6.00832875415,5.780460235179901,211.2241767155577,5.742636683458404,7,fig5_cg1p0um_rpg3p0um__Lj12p0nH_Cj0p0fF__roL8p5mm__tee_fl160um_fc12,4.97020205129,6.08547213388,4.887907087696076,174.11503645167113,5.736747686378181,0.02444805652084478,0.17375048756000044,0.07714337972999985,0.8925531474838246,37.10914026388656,0.005888997080222502
Surrogate_RF,110,chip_simple_dx2p727_dym1p818__Lj12p0nH_Cj2p0fF__roL8p5mm__tee_fl160um_fc12_cg1p2um__rpg1p4um,4.79645156373,6.00832875415,5.780460235179901,211.2241767155577,5.742636683458404,8,fig5_cg1p0um_rpg3p5um__Lj12p0nH_Cj0p0fF__roL8p5mm__tee_fl160um_fc12,4.93012574905,5.64408869323,6.575776153987884,136.7596168514535,5.1303535459575125,0.02766199845943849,0.1336741853200003,0.3642400609200003,0.795315918807983,74.46455986410419,0.6122831375008913
Surrogate_RF,110,chip_simple_dx2p727_dym1p818__Lj12p0nH_Cj2p0fF__roL8p5mm__tee_fl160um_fc12_cg1p2um__rpg1p4um,4.79645156373,6.00832875415,5.780460235179901,211.2241767155577,5.742636683458404,9,fig5_cg2p5um_rpg2p5um__Lj12p0nH_Cj0p0fF__roL8p5mm__tee_fl160um_fc12,4.86782605146,6.40620544852,4.850844314466476,237.9905673388129,6.17514285459043,0.028979874286443212,0.07137448772999999,0.39787669436999984,0.9296159207134247,26.766390623255205,0.43250617113202594
Surrogate_RF,110,chip_simple_dx2p727_dym1p818__Lj12p0nH_Cj2p0fF__roL8p5mm__tee_fl160um_fc12_cg1p2um__rpg1p4um,4.79645156373,6.00832875415,5.780460235179901,211.2241767155577,5.742636683458404,10,fig5_cg2p5um_rpg2p0um__Lj12p0nH_Cj0p0fF__roL8p5mm__tee_fl160um_fc12,4.82985966256,6.3640851834,4.45615377314949,229.1245415394613,6.124821045393385,0.03000453227591315,0.033408098829999844,0.3557564292500004,1.3243064620304112,17.9003648239036,0.3821843619349812
Surrogate_RF,111,chip_simple_dx3p636_dym3p636__Lj12p0nH_Cj2p0fF__roL8p5mm__tee_fl160um_fc12_cg1p2um__rpg1p4um,4.74777878771,6.12954537699,6.021033943702697,245.8580906627232,5.948433271599349,1,fig5_cg2p0um_rpg1p5um__Lj12p0nH_Cj0p0fF__roL8p5mm__tee_fl160um_fc12,4.77793609257,6.1977870086,5.346981281085967,236.19198761457903,5.968418975392394,0.008543871525656714,0.030157304860000345,0.06824163160999941,0.67405266261673,9.66610304814418,0.019985703793045317
Surrogate_RF,111,chip_simple_dx3p636_dym3p636__Lj12p0nH_Cj2p0fF__roL8p5mm__tee_fl160um_fc12_cg1p2um__rpg1p4um,4.74777878771,6.12954537699,6.021033943702697,245.8580906627232,5.948433271599349,2,fig5_cg1p5um_rpg2p0um__Lj12p0nH_Cj0p0fF__roL8p5mm__tee_fl160um_fc12,4.87620084481,6.26170388145,4.99363361734581,218.7024888594067,5.970534325619533,0.010499776122060598,0.12842205709999988,0.13215850445999955,1.0274003263568874,27.1556018033165,0.02210105402018403
Surrogate_RF,111,chip_simple_dx3p636_dym3p636__Lj12p0nH_Cj2p0fF__roL8p5mm__tee_fl160um_fc12_cg1p2um__rpg1p4um,4.74777878771,6.12954537699,6.021033943702697,245.8580906627232,5.948433271599349,3,fig5_cg3p0um_rpg1p5um__Lj12p0nH_Cj0p0fF__roL8p5mm__tee_fl160um_fc12,4.80934135586,6.34266483957,4.7338018228397365,237.2002446708589,6.176728175579623,0.016050385103073512,0.061562568150000274,0.21311946257999992,1.287232120862961,8.65784599186432,0.22829490398027374
Surrogate_RF,111,chip_simple_dx3p636_dym3p636__Lj12p0nH_Cj2p0fF__roL8p5mm__tee_fl160um_fc12_cg1p2um__rpg1p4um,4.74777878771,6.12954537699,6.021033943702697,245.8580906627232,5.948433271599349,4,fig5_cg3p5um_rpg1p5um__Lj12p0nH_Cj0p0fF__roL8p5mm__tee_fl160um_fc12,4.70486631048,6.33112792154,5.111963850152969,266.195772124899,6.191175501007713,0.019504840708028628,0.0429124772299998,0.2015825445499999,0.9090700935497287,20.337681462175794,0.2427422294083641
Surrogate_RF,111,chip_simple_dx3p636_dym3p636__Lj12p0nH_Cj2p0fF__roL8p5mm__tee_fl160um_fc12_cg1p2um__rpg1p4um,4.74777878771,6.12954537699,6.021033943702697,245.8580906627232,5.948433271599349,5,fig5_cg1p0um_rpg2p5um__Lj12p0nH_Cj0p0fF__roL8p5mm__tee_fl160um_fc12,4.8761770008,5.99407925784,6.270368555709839,201.3919971854669,5.6148078415071,0.020886853742983647,0.12839821309000055,0.13546611915000017,0.24933461200714202,44.46609347725632,0.33362543009224854
Surrogate_RF,111,chip_simple_dx3p636_dym3p636__Lj12p0nH_Cj2p0fF__roL8p5mm__tee_fl160um_fc12_cg1p2um__rpg1p4um,4.74777878771,6.12954537699,6.021033943702697,245.8580906627232,5.948433271599349,6,fig5_cg1p5um_rpg2p5um__Lj12p0nH_Cj0p0fF__roL8p5mm__tee_fl160um_fc12,4.93882770809,6.20515259596,4.85777295016098,196.1018444801448,5.919324796967785,0.020902041704728137,0.1910489203800001,0.07560721896999922,1.1632609935417175,49.75624618257842,0.029108474631564185
Surrogate_RF,111,chip_simple_dx3p636_dym3p636__Lj12p0nH_Cj2p0fF__roL8p5mm__tee_fl160um_fc12_cg1p2um__rpg1p4um,4.74777878771,6.12954537699,6.021033943702697,245.8580906627232,5.948433271599349,7,fig5_cg5p0um_rpg1p5um__Lj12p0nH_Cj0p0fF__roL8p5mm__tee_fl160um_fc12,4.78104020561,6.40912743907,4.688513258781433,251.19081153078065,6.311876326449141,0.022917581878832312,0.03326141790000037,0.27958206207999936,1.3325206849212643,5.332720868057436,0.36344305484979245
Surrogate_RF,111,chip_simple_dx3p636_dym3p636__Lj12p0nH_Cj2p0fF__roL8p5mm__tee_fl160um_fc12_cg1p2um__rpg1p4um,4.74777878771,6.12954537699,6.021033943702697,245.8580906627232,5.948433271599349,8,fig5_cg2p0um_rpg1p0um__Lj12p0nH_Cj0p0fF__roL8p5mm__tee_fl160um_fc12,4.67537317002,6.28144982257,6.80016774546051,305.861011614189,6.2286045622900525,0.02470945512968837,0.07240561768999942,0.1519044455799996,0.7791338017578129,60.002920951465796,0.2801712906907037
Surrogate_RF,111,chip_simple_dx3p636_dym3p636__Lj12p0nH_Cj2p0fF__roL8p5mm__tee_fl160um_fc12_cg1p2um__rpg1p4um,4.74777878771,6.12954537699,6.021033943702697,245.8580906627232,5.948433271599349,9,fig5_cg2p0um_rpg2p5um__Lj12p0nH_Cj0p0fF__roL8p5mm__tee_fl160um_fc12,4.88081947033,6.29200362079,4.710222612869263,215.78136757047287,6.007573423867593,0.02756663667111659,0.1330406826199999,0.16245824379999974,1.3108113308334346,30.076723092250347,0.05914015226824443
Surrogate_RF,111,chip_simple_dx3p636_dym3p636__Lj12p0nH_Cj2p0fF__roL8p5mm__tee_fl160um_fc12_cg1p2um__rpg1p4um,4.74777878771,6.12954537699,6.021033943702697,245.8580906627232,5.948433271599349,10,fig5_cg2p5um_rpg2p0um__Lj12p0nH_Cj0p0fF__roL8p5mm__tee_fl160um_fc12,4.82985966256,6.3640851834,4.45615377314949,229.1245415394613,6.124821045393385,0.030739766048291678,0.08208087484999993,0.23453980640999994,1.5648801705532076,16.733549123261923,0.17638777379403603
Surrogate_RF,112,chip_simple_dx4p545_dym8p182__Lj12p0nH_Cj2p0fF__roL8p5mm__tee_fl160um_fc12_cg1p2um__rpg1p4um,4.75308547284,6.17343119835,5.396160117353439,238.3080880769413,5.979312965249873,1,fig5_cg2p0um_rpg1p5um__Lj12p0nH_Cj0p0fF__roL8p5mm__tee_fl160um_fc12,4.77793609257,6.1977870086,5.346981281085967,236.19198761457903,5.968418975392394,0.0004890514722452491,0.024850619730000467,0.024355810249999443,0.04917883626747166,2.1161004623622546,0.010893989857478914
Surrogate_RF,112,chip_simple_dx4p545_dym8p182__Lj12p0nH_Cj2p0fF__roL8p5mm__tee_fl160um_fc12_cg1p2um__rpg1p4um,4.75308547284,6.17343119835,5.396160117353439,238.3080880769413,5.979312965249873,2,fig5_cg3p0um_rpg1p5um__Lj12p0nH_Cj0p0fF__roL8p5mm__tee_fl160um_fc12,4.80934135586,6.34266483957,4.7338018228397365,237.2002446708589,6.176728175579623,0.0036655443411657248,0.0562558830200004,0.16923364121999995,0.6623582945137025,1.1078434060823952,0.1974152103297495
Surrogate_RF,112,chip_simple_dx4p545_dym8p182__Lj12p0nH_Cj2p0fF__roL8p5mm__tee_fl160um_fc12_cg1p2um__rpg1p4um,4.75308547284,6.17343119835,5.396160117353439,238.3080880769413,5.979312965249873,3,fig5_cg1p5um_rpg2p0um__Lj12p0nH_Cj0p0fF__roL8p5mm__tee_fl160um_fc12,4.87620084481,6.26170388145,4.99363361734581,218.7024888594067,5.970534325619533,0.004239898994564736,0.12311537197,0.08827268309999958,0.402526500007629,19.605599217534575,0.008778639630340201
Surrogate_RF,112,chip_simple_dx4p545_dym8p182__Lj12p0nH_Cj2p0fF__roL8p5mm__tee_fl160um_fc12_cg1p2um__rpg1p4um,4.75308547284,6.17343119835,5.396160117353439,238.3080880769413,5.979312965249873,4,fig5_cg3p5um_rpg1p5um__Lj12p0nH_Cj0p0fF__roL8p5mm__tee_fl160um_fc12,4.70486631048,6.33112792154,5.111963850152969,266.195772124899,6.191175501007713,0.006576431575452892,0.04821916235999968,0.15769672318999994,0.2841962672004703,27.88768404795772,0.21186253575783986
Surrogate_RF,112,chip_simple_dx4p545_dym8p182__Lj12p0nH_Cj2p0fF__roL8p5mm__tee_fl160um_fc12_cg1p2um__rpg1p4um,4.75308547284,6.17343119835,5.396160117353439,238.3080880769413,5.979312965249873,5,fig5_cg5p0um_rpg1p5um__Lj12p0nH_Cj0p0fF__roL8p5mm__tee_fl160um_fc12,4.78104020561,6.40912743907,4.688513258781433,251.19081153078065,6.311876326449141,0.008215527395768422,0.02795473277000049,0.2356962407199994,0.7076468585720059,12.882723453839361,0.3325633611992682
Surrogate_RF,112,chip_simple_dx4p545_dym8p182__Lj12p0nH_Cj2p0fF__roL8p5mm__tee_fl160um_fc12_cg1p2um__rpg1p4um,4.75308547284,6.17343119835,5.396160117353439,238.3080880769413,5.979312965249873,6,fig5_cg1p5um_rpg2p5um__Lj12p0nH_Cj0p0fF__roL8p5mm__tee_fl160um_fc12,4.93882770809,6.20515259596,4.85777295016098,196.1018444801448,5.919324796967785,0.009062686241348915,0.18574223525000022,0.03172139760999926,0.5383871671924592,42.2062435967965,0.05998816828208842
Surrogate_RF,112,chip_simple_dx4p545_dym8p182__Lj12p0nH_Cj2p0fF__roL8p5mm__tee_fl160um_fc12_cg1p2um__rpg1p4um,4.75308547284,6.17343119835,5.396160117353439,238.3080880769413,5.979312965249873,7,fig5_cg2p0um_rpg2p5um__Lj12p0nH_Cj0p0fF__roL8p5mm__tee_fl160um_fc12,4.88081947033,6.29200362079,4.710222612869263,215.78136757047287,6.007573423867593,0.01036400375037186,0.12773399749000003,0.11857242243999977,0.6859375044841762,22.526720506468422,0.028260458617720197
Surrogate_RF,112,chip_simple_dx4p545_dym8p182__Lj12p0nH_Cj2p0fF__roL8p5mm__tee_fl160um_fc12_cg1p2um__rpg1p4um,4.75308547284,6.17343119835,5.396160117353439,238.3080880769413,5.979312965249873,8,fig5_cg2p5um_rpg2p0um__Lj12p0nH_Cj0p0fF__roL8p5mm__tee_fl160um_fc12,4.82985966256,6.3640851834,4.45615377314949,229.1245415394613,6.124821045393385,0.012078036211836396,0.07677418972000005,0.19065398504999997,0.9400063442039492,9.183546537479998,0.1455080801435118
Surrogate_RF,112,chip_simple_dx4p545_dym8p182__Lj12p0nH_Cj2p0fF__roL8p5mm__tee_fl160um_fc12_cg1p2um__rpg1p4um,4.75308547284,6.17343119835,5.396160117353439,238.3080880769413,5.979312965249873,9,fig5_cg3p0um_rpg2p0um__Lj12p0nH_Cj0p0fF__roL8p5mm__tee_fl160um_fc12,4.85591843529,6.44095110726,4.270610977590561,230.04663618304903,6.1997071597004,0.01423771815163558,0.10283296244999995,0.26751990890999977,1.125549139762878,8.261451893892257,0.22039419445052655
Surrogate_RF,112,chip_simple_dx4p545_dym8p182__Lj12p0nH_Cj2p0fF__roL8p5mm__tee_fl160um_fc12_cg1p2um__rpg1p4um,4.75308547284,6.17343119835,5.396160117353439,238.3080880769413,5.979312965249873,10,fig5_cg2p5um_rpg2p5um__Lj12p0nH_Cj0p0fF__roL8p5mm__tee_fl160um_fc12,4.86782605146,6.40620544852,4.850844314466476,237.9905673388129,6.17514285459043,0.01450270745135744,0.1147405786200002,0.23277425016999942,0.5453158028869627,0.317520738128394,0.19582988934055656
Surrogate_RF,113,chip_simple_dx4p545_dy1p818__Lj12p0nH_Cj2p0fF__roL8p5mm__tee_fl160um_fc12_cg1p2um__rpg1p4um,4.69868257573,6.0187323908,6.370664913076401,244.86051310279487,5.748930898042892,1,fig5_cg1p5um_rpg2p0um__Lj12p0nH_Cj0p0fF__roL8p5mm__tee_fl160um_fc12,4.87620084481,6.26170388145,4.99363361734581,218.7024888594067,5.970534325619533,0.01722581293252896,0.17751826907999924,0.24297149064999957,1.3770312957305908,26.158024243388155,0.22160342757664075
Surrogate_RF,113,chip_simple_dx4p545_dy1p818__Lj12p0nH_Cj2p0fF__roL8p5mm__tee_fl160um_fc12_cg1p2um__rpg1p4um,4.69868257573,6.0187323908,6.370664913076401,244.86051310279487,5.748930898042892,2,fig5_cg2p0um_rpg1p5um__Lj12p0nH_Cj0p0fF__roL8p5mm__tee_fl160um_fc12,4.77793609257,6.1977870086,5.346981281085967,236.19198761457903,5.968418975392394,0.017609617565319147,0.0792535168399997,0.17905461779999943,1.0236836319904334,8.668525488215835,0.21948807734950204
Surrogate_RF,113,chip_simple_dx4p545_dy1p818__Lj12p0nH_Cj2p0fF__roL8p5mm__tee_fl160um_fc12_cg1p2um__rpg1p4um,4.69868257573,6.0187323908,6.370664913076401,244.86051310279487,5.748930898042892,3,fig5_cg1p0um_rpg2p5um__Lj12p0nH_Cj0p0fF__roL8p5mm__tee_fl160um_fc12,4.8761770008,5.99407925784,6.270368555709839,201.3919971854669,5.6148078415071,0.020708984482422595,0.1774944250699999,0.024653132960000157,0.1002963573665614,43.46851591732798,0.13412305653579182
Surrogate_RF,113,chip_simple_dx4p545_dy1p818__Lj12p0nH_Cj2p0fF__roL8p5mm__tee_fl160um_fc12_cg1p2um__rpg1p4um,4.69868257573,6.0187323908,6.370664913076401,244.86051310279487,5.748930898042892,4,fig5_cg1p5um_rpg1p0um__Lj12p0nH_Cj0p0fF__roL8p5mm__tee_fl160um_fc12,4.7605818776,6.21817087681,5.831666317903518,253.65164600383045,6.132701943451215,0.026228553257153703,0.06189930186999959,0.19943848601000003,0.5389985951728828,8.791132901035581,0.38377104540832274
Surrogate_RF,113,chip_simple_dx4p545_dy1p818__Lj12p0nH_Cj2p0fF__roL8p5mm__tee_fl160um_fc12_cg1p2um__rpg1p4um,4.69868257573,6.0187323908,6.370664913076401,244.86051310279487,5.748930898042892,5,fig5_cg2p0um_rpg1p0um__Lj12p0nH_Cj0p0fF__roL8p5mm__tee_fl160um_fc12,4.67537317002,6.28144982257,6.80016774546051,305.861011614189,6.2286045622900525,0.026747059176066006,0.023309405710000064,0.2627174317699996,0.42950283238410947,61.00049851139414,0.4796736642471604
Surrogate_RF,113,chip_simple_dx4p545_dy1p818__Lj12p0nH_Cj2p0fF__roL8p5mm__tee_fl160um_fc12_cg1p2um__rpg1p4um,4.69868257573,6.0187323908,6.370664913076401,244.86051310279487,5.748930898042892,6,fig5_cg3p0um_rpg1p5um__Lj12p0nH_Cj0p0fF__roL8p5mm__tee_fl160um_fc12,4.80934135586,6.34266483957,4.7338018228397365,237.2002446708589,6.176728175579623,0.028180628845244946,0.11065878012999963,0.32393244876999994,1.6368630902366643,7.660268431935975,0.42779727753673047
Surrogate_RF,113,chip_simple_dx4p545_dy1p818__Lj12p0nH_Cj2p0fF__roL8p5mm__tee_fl160um_fc12_cg1p2um__rpg1p4um,4.69868257573,6.0187323908,6.370664913076401,244.86051310279487,5.748930898042892,7,fig5_cg1p5um_rpg2p5um__Lj12p0nH_Cj0p0fF__roL8p5mm__tee_fl160um_fc12,4.93882770809,6.20515259596,4.85777295016098,196.1018444801448,5.919324796967785,0.02945184302627643,0.24014513235999946,0.18642020515999924,1.512891962915421,48.75866862265008,0.17039389892489254
Surrogate_RF,113,chip_simple_dx4p545_dy1p818__Lj12p0nH_Cj2p0fF__roL8p5mm__tee_fl160um_fc12_cg1p2um__rpg1p4um,4.69868257573,6.0187323908,6.370664913076401,244.86051310279487,5.748930898042892,8,fig5_cg1p0um_rpg1p5um__Lj12p0nH_Cj0p0fF__roL8p5mm__tee_fl160um_fc12,4.79990762773,5.93734773014,7.211306133548736,222.8918736386996,5.66911545033236,0.031044234607860873,0.10122505199999932,0.08138466066000039,0.8406412204723352,21.968639464095276,0.07981544771053173
Surrogate_RF,113,chip_simple_dx4p545_dy1p818__Lj12p0nH_Cj2p0fF__roL8p5mm__tee_fl160um_fc12_cg1p2um__rpg1p4um,4.69868257573,6.0187323908,6.370664913076401,244.86051310279487,5.748930898042892,9,fig5_cg3p5um_rpg1p5um__Lj12p0nH_Cj0p0fF__roL8p5mm__tee_fl160um_fc12,4.70486631048,6.33112792154,5.111963850152969,266.195772124899,6.191175501007713,0.0327855697205273,0.006183734749999559,0.3123955307399999,1.258701062923432,21.33525902210414,0.4422446029648208
Surrogate_RF,113,chip_simple_dx4p545_dy1p818__Lj12p0nH_Cj2p0fF__roL8p5mm__tee_fl160um_fc12_cg1p2um__rpg1p4um,4.69868257573,6.0187323908,6.370664913076401,244.86051310279487,5.748930898042892,10,fig5_cg5p0um_rpg1p5um__Lj12p0nH_Cj0p0fF__roL8p5mm__tee_fl160um_fc12,4.78104020561,6.40912743907,4.688513258781433,251.19081153078065,6.311876326449141,0.036713709444805655,0.08235762987999973,0.3903950482699994,1.6821516542949677,6.330298427985781,0.5629454284062492
Surrogate_RF,114,chip_simple_dx5p455_dym4p545__Lj12p0nH_Cj2p0fF__roL8p5mm__tee_fl160um_fc12_cg1p2um__rpg1p4um,4.69472936147,5.99210974881,6.508161545293808,243.8217298199476,5.725711006734401,1,fig5_cg1p5um_rpg2p0um__Lj12p0nH_Cj0p0fF__roL8p5mm__tee_fl160um_fc12,4.87620084481,6.26170388145,4.99363361734581,218.7024888594067,5.970534325619533,0.01991130671001578,0.1814714833399993,0.26959413264,1.5145279279479977,25.11924096054088,0.24482331888513187
Surrogate_RF,114,chip_simple_dx5p455_dym4p545__Lj12p0nH_Cj2p0fF__roL8p5mm__tee_fl160um_fc12_cg1p2um__rpg1p4um,4.69472936147,5.99210974881,6.508161545293808,243.8217298199476,5.725711006734401,2,fig5_cg2p0um_rpg1p5um__Lj12p0nH_Cj0p0fF__roL8p5mm__tee_fl160um_fc12,4.77793609257,6.1977870086,5.346981281085967,236.19198761457903,5.968418975392394,0.02112244365960016,0.08320673109999976,0.20567725978999984,1.1611802642078404,7.629742205368558,0.24270796865799316
Surrogate_RF,114,chip_simple_dx5p455_dym4p545__Lj12p0nH_Cj2p0fF__roL8p5mm__tee_fl160um_fc12_cg1p2um__rpg1p4um,4.69472936147,5.99210974881,6.508161545293808,243.8217298199476,5.725711006734401,3,fig5_cg1p0um_rpg2p5um__Lj12p0nH_Cj0p0fF__roL8p5mm__tee_fl160um_fc12,4.8761770008,5.99407925784,6.270368555709839,201.3919971854669,5.6148078415071,0.021155323478326337,0.18144763932999997,0.0019695090300002605,0.23779298958396833,42.4297326344807,0.1109031652273007
Surrogate_RF,114,chip_simple_dx5p455_dym4p545__Lj12p0nH_Cj2p0fF__roL8p5mm__tee_fl160um_fc12_cg1p2um__rpg1p4um,4.69472936147,5.99210974881,6.508161545293808,243.8217298199476,5.725711006734401,4,fig5_cg1p5um_rpg1p0um__Lj12p0nH_Cj0p0fF__roL8p5mm__tee_fl160um_fc12,4.7605818776,6.21817087681,5.831666317903518,253.65164600383045,6.132701943451215,0.024162432407051813,0.06585251612999965,0.22606112800000044,0.6764952273902898,9.829916183882858,0.40699093671681386
Surrogate_RF,114,chip_simple_dx5p455_dym4p545__Lj12p0nH_Cj2p0fF__roL8p5mm__tee_fl160um_fc12_cg1p2um__rpg1p4um,4.69472936147,5.99210974881,6.508161545293808,243.8217298199476,5.725711006734401,5,fig5_cg1p0um_rpg1p5um__Lj12p0nH_Cj0p0fF__roL8p5mm__tee_fl160um_fc12,4.79990762773,5.93734773014,7.211306133548736,222.8918736386996,5.66911545033236,0.025662500232444395,0.10517826625999938,0.05476201866999997,0.7031445882549283,20.929856181248,0.056595556402040614
Surrogate_RF,114,chip_simple_dx5p455_dym4p545__Lj12p0nH_Cj2p0fF__roL8p5mm__tee_fl160um_fc12_cg1p2um__rpg1p4um,4.69472936147,5.99210974881,6.508161545293808,243.8217298199476,5.725711006734401,6,fig5_cg2p0um_rpg1p0um__Lj12p0nH_Cj0p0fF__roL8p5mm__tee_fl160um_fc12,4.67537317002,6.28144982257,6.80016774546051,305.861011614189,6.2286045622900525,0.028588524494912306,0.019356191450000004,0.28934007376000004,0.29200620016670253,62.03928179424142,0.5028935555556515
Surrogate_RF,114,chip_simple_dx5p455_dym4p545__Lj12p0nH_Cj2p0fF__roL8p5mm__tee_fl160um_fc12_cg1p2um__rpg1p4um,4.69472936147,5.99210974881,6.508161545293808,243.8217298199476,5.725711006734401,7,fig5_cg1p5um_rpg2p5um__Lj12p0nH_Cj0p0fF__roL8p5mm__tee_fl160um_fc12,4.93882770809,6.20515259596,4.85777295016098,196.1018444801448,5.919324796967785,0.0326271897992242,0.24409834661999952,0.21304284714999966,1.6503885951328279,47.7198853398028,0.19361379023338365
Surrogate_RF,114,chip_simple_dx5p455_dym4p545__Lj12p0nH_Cj2p0fF__roL8p5mm__tee_fl160um_fc12_cg1p2um__rpg1p4um,4.69472936147,5.99210974881,6.508161545293808,243.8217298199476,5.725711006734401,8,fig5_cg3p0um_rpg1p5um__Lj12p0nH_Cj0p0fF__roL8p5mm__tee_fl160um_fc12,4.80934135586,6.34266483957,4.7338018228397365,237.2002446708589,6.176728175579623,0.03263588790665732,0.1146119943899997,0.35055509076000035,1.7743597224540713,6.621485149088699,0.4510171688452216
Surrogate_RF,114,chip_simple_dx5p455_dym4p545__Lj12p0nH_Cj2p0fF__roL8p5mm__tee_fl160um_fc12_cg1p2um__rpg1p4um,4.69472936147,5.99210974881,6.508161545293808,243.8217298199476,5.725711006734401,9,fig5_cg3p5um_rpg1p5um__Lj12p0nH_Cj0p0fF__roL8p5mm__tee_fl160um_fc12,4.70486631048,6.33112792154,5.111963850152969,266.195772124899,6.191175501007713,0.0376407329820462,0.010136949009999618,0.33901817273000034,1.396197695140839,22.374042304951416,0.46546449427331194
Surrogate_RF,114,chip_simple_dx5p455_dym4p545__Lj12p0nH_Cj2p0fF__roL8p5mm__tee_fl160um_fc12_cg1p2um__rpg1p4um,4.69472936147,5.99210974881,6.508161545293808,243.8217298199476,5.725711006734401,10,fig5_cg5p0um_rpg1p5um__Lj12p0nH_Cj0p0fF__roL8p5mm__tee_fl160um_fc12,4.78104020561,6.40912743907,4.688513258781433,251.19081153078065,6.311876326449141,0.04170554105454806,0.08631084413999979,0.4170176902599998,1.8196482865123746,7.369081710833058,0.5861653197147403
Surrogate_RF,115,chip_simple_dx6p364_dym3p636__Lj12p0nH_Cj2p0fF__roL8p5mm__tee_fl160um_fc12_cg1p2um__rpg1p4um,4.71402075523,6.0245119494,5.5386759384231565,225.8283250558296,5.6832973122206925,1,fig5_cg1p5um_rpg2p0um__Lj12p0nH_Cj0p0fF__roL8p5mm__tee_fl160um_fc12,4.87620084481,6.26170388145,4.99363361734581,218.7024888594067,5.970534325619533,0.0028575346936914056,0.16218008957999963,0.23719193205,0.5450423210773465,7.125836196422881,0.28723701339884045
Surrogate_RF,115,chip_simple_dx6p364_dym3p636__Lj12p0nH_Cj2p0fF__roL8p5mm__tee_fl160um_fc12_cg1p2um__rpg1p4um,4.71402075523,6.0245119494,5.5386759384231565,225.8283250558296,5.6832973122206925,2,fig5_cg2p0um_rpg1p5um__Lj12p0nH_Cj0p0fF__roL8p5mm__tee_fl160um_fc12,4.77793609257,6.1977870086,5.346981281085967,236.19198761457903,5.968418975392394,0.004822233682318349,0.0639153373400001,0.17327505919999986,0.19169465733718916,10.36366255874944,0.28512166317170173
Surrogate_RF,115,chip_simple_dx6p364_dym3p636__Lj12p0nH_Cj2p0fF__roL8p5mm__tee_fl160um_fc12_cg1p2um__rpg1p4um,4.71402075523,6.0245119494,5.5386759384231565,225.8283250558296,5.6832973122206925,3,fig5_cg1p5um_rpg2p5um__Lj12p0nH_Cj0p0fF__roL8p5mm__tee_fl160um_fc12,4.93882770809,6.20515259596,4.85777295016098,196.1018444801448,5.919324796967785,0.007120755596501695,0.22480695285999985,0.18064064655999967,0.6809029882621767,29.726480575684803,0.23602748474709223
Surrogate_RF,115,chip_simple_dx6p364_dym3p636__Lj12p0nH_Cj2p0fF__roL8p5mm__tee_fl160um_fc12_cg1p2um__rpg1p4um,4.71402075523,6.0245119494,5.5386759384231565,225.8283250558296,5.6832973122206925,4,fig5_cg3p0um_rpg1p5um__Lj12p0nH_Cj0p0fF__roL8p5mm__tee_fl160um_fc12,4.80934135586,6.34266483957,4.7338018228397365,237.2002446708589,6.176728175579623,0.01259942256276839,0.09532060063000003,0.31815289017000037,0.80487411558342,11.371919615029299,0.49343086335893016
Surrogate_RF,115,chip_simple_dx6p364_dym3p636__Lj12p0nH_Cj2p0fF__roL8p5mm__tee_fl160um_fc12_cg1p2um__rpg1p4um,4.71402075523,6.0245119494,5.5386759384231565,225.8283250558296,5.6832973122206925,5,fig5_cg2p0um_rpg2p5um__Lj12p0nH_Cj0p0fF__roL8p5mm__tee_fl160um_fc12,4.88081947033,6.29200362079,4.710222612869263,215.78136757047287,6.007573423867593,0.01329323999705438,0.16679871509999966,0.2674916713900002,0.8284533255538937,10.046957485356728,0.32427611164690084
Surrogate_RF,115,chip_simple_dx6p364_dym3p636__Lj12p0nH_Cj2p0fF__roL8p5mm__tee_fl160um_fc12_cg1p2um__rpg1p4um,4.71402075523,6.0245119494,5.5386759384231565,225.8283250558296,5.6832973122206925,6,fig5_cg1p0um_rpg2p5um__Lj12p0nH_Cj0p0fF__roL8p5mm__tee_fl160um_fc12,4.8761770008,5.99407925784,6.270368555709839,201.3919971854669,5.6148078415071,0.014825187755382491,0.1621562455700003,0.030432691559999725,0.7316926172866829,24.436327870362703,0.06848947071359213
Surrogate_RF,115,chip_simple_dx6p364_dym3p636__Lj12p0nH_Cj2p0fF__roL8p5mm__tee_fl160um_fc12_cg1p2um__rpg1p4um,4.71402075523,6.0245119494,5.5386759384231565,225.8283250558296,5.6832973122206925,7,fig5_cg3p5um_rpg1p5um__Lj12p0nH_Cj0p0fF__roL8p5mm__tee_fl160um_fc12,4.70486631048,6.33112792154,5.111963850152969,266.195772124899,6.191175501007713,0.01855646546983424,0.009154444750000046,0.30661597214000036,0.4267120882701878,40.367447069069414,0.5078781887870205
Surrogate_RF,115,chip_simple_dx6p364_dym3p636__Lj12p0nH_Cj2p0fF__roL8p5mm__tee_fl160um_fc12_cg1p2um__rpg1p4um,4.71402075523,6.0245119494,5.5386759384231565,225.8283250558296,5.6832973122206925,8,fig5_cg5p0um_rpg1p5um__Lj12p0nH_Cj0p0fF__roL8p5mm__tee_fl160um_fc12,4.78104020561,6.40912743907,4.688513258781433,251.19081153078065,6.311876326449141,0.019950598246641513,0.06701945038000012,0.3846154896699998,0.8501626796417234,25.362486474951055,0.6285790142284489
Surrogate_RF,115,chip_simple_dx6p364_dym3p636__Lj12p0nH_Cj2p0fF__roL8p5mm__tee_fl160um_fc12_cg1p2um__rpg1p4um,4.71402075523,6.0245119494,5.5386759384231565,225.8283250558296,5.6832973122206925,9,fig5_cg2p5um_rpg2p0um__Lj12p0nH_Cj0p0fF__roL8p5mm__tee_fl160um_fc12,4.82985966256,6.3640851834,4.45615377314949,229.1245415394613,6.124821045393385,0.020494204440452687,0.11583890732999969,0.3395732340000004,1.0825221652736667,3.296216483631696,0.44152373317269245
Surrogate_RF,115,chip_simple_dx6p364_dym3p636__Lj12p0nH_Cj2p0fF__roL8p5mm__tee_fl160um_fc12_cg1p2um__rpg1p4um,4.71402075523,6.0245119494,5.5386759384231565,225.8283250558296,5.6832973122206925,10,fig5_cg2p5um_rpg2p5um__Lj12p0nH_Cj0p0fF__roL8p5mm__tee_fl160um_fc12,4.86782605146,6.40620544852,4.850844314466476,237.9905673388129,6.17514285459043,0.021602291600490882,0.15380529622999983,0.38169349911999984,0.6878316239566802,12.1622422829833,0.4918455423697372
Surrogate_RF,116,chip_simple_dx6p364_dy1p818__Lj12p0nH_Cj2p0fF__roL8p5mm__tee_fl160um_fc12_cg1p2um__rpg1p4um,4.78660549975,6.1040397152,5.110710218223572,214.76827989123595,5.886049446197547,1,fig5_cg1p5um_rpg2p5um__Lj12p0nH_Cj0p0fF__roL8p5mm__tee_fl160um_fc12,4.93882770809,6.20515259596,4.85777295016098,196.1018444801448,5.919324796967785,0.0013504563663402616,0.15222220833999955,0.10111288075999969,0.25293726806259187,18.666435411091157,0.033275350770237466
Surrogate_RF,116,chip_simple_dx6p364_dy1p818__Lj12p0nH_Cj2p0fF__roL8p5mm__tee_fl160um_fc12_cg1p2um__rpg1p4um,4.78660549975,6.1040397152,5.110710218223572,214.76827989123595,5.886049446197547,2,fig5_cg2p0um_rpg2p5um__Lj12p0nH_Cj0p0fF__roL8p5mm__tee_fl160um_fc12,4.88081947033,6.29200362079,4.710222612869263,215.78136757047287,6.007573423867593,0.002811413783090211,0.09421397057999936,0.1879639055900002,0.40048760535430894,1.013087679236918,0.12152397767004608
Surrogate_RF,116,chip_simple_dx6p364_dy1p818__Lj12p0nH_Cj2p0fF__roL8p5mm__tee_fl160um_fc12_cg1p2um__rpg1p4um,4.78660549975,6.1040397152,5.110710218223572,214.76827989123595,5.886049446197547,3,fig5_cg1p5um_rpg2p0um__Lj12p0nH_Cj0p0fF__roL8p5mm__tee_fl160um_fc12,4.87620084481,6.26170388145,4.99363361734581,218.7024888594067,5.970534325619533,0.0034943904324474173,0.08959534505999933,0.15766416625000002,0.11707660087776173,3.934208968170765,0.08448487942198568
Surrogate_RF,116,chip_simple_dx6p364_dy1p818__Lj12p0nH_Cj2p0fF__roL8p5mm__tee_fl160um_fc12_cg1p2um__rpg1p4um,4.78660549975,6.1040397152,5.110710218223572,214.76827989123595,5.886049446197547,4,fig5_cg2p0um_rpg1p5um__Lj12p0nH_Cj0p0fF__roL8p5mm__tee_fl160um_fc12,4.77793609257,6.1977870086,5.346981281085967,236.19198761457903,5.968418975392394,0.0056073769808997805,0.0086694071800002,0.09374729339999988,0.23627106286239563,21.423707723343085,0.08236952919484697
Surrogate_RF,116,chip_simple_dx6p364_dy1p818__Lj12p0nH_Cj2p0fF__roL8p5mm__tee_fl160um_fc12_cg1p2um__rpg1p4um,4.78660549975,6.1040397152,5.110710218223572,214.76827989123595,5.886049446197547,5,fig5_cg2p5um_rpg2p5um__Lj12p0nH_Cj0p0fF__roL8p5mm__tee_fl160um_fc12,4.86782605146,6.40620544852,4.850844314466476,237.9905673388129,6.17514285459043,0.009055451284915415,0.08122055170999953,0.30216573331999985,0.2598659037570954,23.222287447576946,0.28909340839288244
Surrogate_RF,116,chip_simple_dx6p364_dy1p818__Lj12p0nH_Cj2p0fF__roL8p5mm__tee_fl160um_fc12_cg1p2um__rpg1p4um,4.78660549975,6.1040397152,5.110710218223572,214.76827989123595,5.886049446197547,6,fig5_cg3p0um_rpg1p5um__Lj12p0nH_Cj0p0fF__roL8p5mm__tee_fl160um_fc12,4.80934135586,6.34266483957,4.7338018228397365,237.2002446708589,6.176728175579623,0.009866336560675938,0.02273585610999973,0.23862512437000039,0.37690839538383525,22.431964779622945,0.2906787293820754
Surrogate_RF,116,chip_simple_dx6p364_dy1p818__Lj12p0nH_Cj2p0fF__roL8p5mm__tee_fl160um_fc12_cg1p2um__rpg1p4um,4.78660549975,6.1040397152,5.110710218223572,214.76827989123595,5.886049446197547,7,fig5_cg2p5um_rpg2p0um__Lj12p0nH_Cj0p0fF__roL8p5mm__tee_fl160um_fc12,4.82985966256,6.3640851834,4.45615377314949,229.1245415394613,6.124821045393385,0.010028665989221815,0.043254162809999386,0.2600454682000004,0.654556445074082,14.356261648225342,0.23877159919583768
Surrogate_RF,116,chip_simple_dx6p364_dy1p818__Lj12p0nH_Cj2p0fF__roL8p5mm__tee_fl160um_fc12_cg1p2um__rpg1p4um,4.78660549975,6.1040397152,5.110710218223572,214.76827989123595,5.886049446197547,8,fig5_cg3p0um_rpg2p5um__Lj12p0nH_Cj0p0fF__roL8p5mm__tee_fl160um_fc12,4.89777742204,6.34923094667,4.391671866830825,213.14051325530752,6.096625432754106,0.010398845611606835,0.11117192228999961,0.24519123146999977,0.7190383513927463,1.627766635928424,0.21057598655655863
Surrogate_RF,116,chip_simple_dx6p364_dy1p818__Lj12p0nH_Cj2p0fF__roL8p5mm__tee_fl160um_fc12_cg1p2um__rpg1p4um,4.78660549975,6.1040397152,5.110710218223572,214.76827989123595,5.886049446197547,9,fig5_cg3p0um_rpg2p0um__Lj12p0nH_Cj0p0fF__roL8p5mm__tee_fl160um_fc12,4.85591843529,6.44095110726,4.270610977590561,230.04663618304903,6.1997071597004,0.012050908726731258,0.06931293553999929,0.3369113920600002,0.8400992406330108,15.278356291813083,0.31365771350285243
Surrogate_RF,116,chip_simple_dx6p364_dy1p818__Lj12p0nH_Cj2p0fF__roL8p5mm__tee_fl160um_fc12_cg1p2um__rpg1p4um,4.78660549975,6.1040397152,5.110710218223572,214.76827989123595,5.886049446197547,10,fig5_cg3p5um_rpg2p5um__Lj12p0nH_Cj0p0fF__roL8p5mm__tee_fl160um_fc12,4.85348773769,6.38790903463,4.356288998512268,225.5893196577544,6.102737650921461,0.013828532161681084,0.06688223793999981,0.28386931942999993,0.754421219711304,10.821039766518453,0.2166882047239138
Surrogate_RF,117,chip_simple_dx7p273_dym6p364__Lj12p0nH_Cj2p0fF__roL8p5mm__tee_fl160um_fc12_cg1p2um__rpg1p4um,4.7503430357,6.17492619199,5.804041626502991,248.14376491460783,5.971500738296518,1,fig5_cg2p0um_rpg1p5um__Lj12p0nH_Cj0p0fF__roL8p5mm__tee_fl160um_fc12,4.77793609257,6.1977870086,5.346981281085967,236.19198761457903,5.968418975392394,0.005402958369156107,0.0275930568699998,0.022860816609999723,0.45706034541702323,11.951777300028795,0.0030817629041237637
Surrogate_RF,117,chip_simple_dx7p273_dym6p364__Lj12p0nH_Cj2p0fF__roL8p5mm__tee_fl160um_fc12_cg1p2um__rpg1p4um,4.7503430357,6.17492619199,5.804041626502991,248.14376491460783,5.971500738296518,2,fig5_cg1p5um_rpg2p0um__Lj12p0nH_Cj0p0fF__roL8p5mm__tee_fl160um_fc12,4.87620084481,6.26170388145,4.99363361734581,218.7024888594067,5.970534325619533,0.00905363653955187,0.12585780910999933,0.08677768945999986,0.8104080091571806,29.441276055201115,0.0009664126769850512
Surrogate_RF,117,chip_simple_dx7p273_dym6p364__Lj12p0nH_Cj2p0fF__roL8p5mm__tee_fl160um_fc12_cg1p2um__rpg1p4um,4.7503430357,6.17492619199,5.804041626502991,248.14376491460783,5.971500738296518,3,fig5_cg3p0um_rpg1p5um__Lj12p0nH_Cj0p0fF__roL8p5mm__tee_fl160um_fc12,4.80934135586,6.34266483957,4.7338018228397365,237.2002446708589,6.176728175579623,0.010944252917605311,0.05899832015999973,0.16773864758000023,1.070239803663254,10.943520243748935,0.20522743728310466
Surrogate_RF,117,chip_simple_dx7p273_dym6p364__Lj12p0nH_Cj2p0fF__roL8p5mm__tee_fl160um_fc12_cg1p2um__rpg1p4um,4.7503430357,6.17492619199,5.804041626502991,248.14376491460783,5.971500738296518,4,fig5_cg3p5um_rpg1p5um__Lj12p0nH_Cj0p0fF__roL8p5mm__tee_fl160um_fc12,4.70486631048,6.33112792154,5.111963850152969,266.195772124899,6.191175501007713,0.013589906590447261,0.04547672522000035,0.15620172955000022,0.6920777763500219,18.05200721029118,0.21967476271119502
Surrogate_RF,117,chip_simple_dx7p273_dym6p364__Lj12p0nH_Cj2p0fF__roL8p5mm__tee_fl160um_fc12_cg1p2um__rpg1p4um,4.7503430357,6.17492619199,5.804041626502991,248.14376491460783,5.971500738296518,5,fig5_cg5p0um_rpg1p5um__Lj12p0nH_Cj0p0fF__roL8p5mm__tee_fl160um_fc12,4.78104020561,6.40912743907,4.688513258781433,251.19081153078065,6.311876326449141,0.016668941196235455,0.030697169909999822,0.23420124707999967,1.1155283677215575,3.047046616172821,0.34037558815262337
Surrogate_RF,117,chip_simple_dx7p273_dym6p364__Lj12p0nH_Cj2p0fF__roL8p5mm__tee_fl160um_fc12_cg1p2um__rpg1p4um,4.7503430357,6.17492619199,5.804041626502991,248.14376491460783,5.971500738296518,6,fig5_cg1p5um_rpg2p5um__Lj12p0nH_Cj0p0fF__roL8p5mm__tee_fl160um_fc12,4.93882770809,6.20515259596,4.85777295016098,196.1018444801448,5.919324796967785,0.018326353648557413,0.18848467238999955,0.030226403969999538,0.9462686763420107,52.04192043446304,0.052175941328733266
Surrogate_RF,117,chip_simple_dx7p273_dym6p364__Lj12p0nH_Cj2p0fF__roL8p5mm__tee_fl160um_fc12_cg1p2um__rpg1p4um,4.7503430357,6.17492619199,5.804041626502991,248.14376491460783,5.971500738296518,7,fig5_cg2p0um_rpg2p5um__Lj12p0nH_Cj0p0fF__roL8p5mm__tee_fl160um_fc12,4.88081947033,6.29200362079,4.710222612869263,215.78136757047287,6.007573423867593,0.022759622971463757,0.13047643462999936,0.11707742880000005,1.0938190136337278,32.36239734413496,0.03607268557107535
Surrogate_RF,117,chip_simple_dx7p273_dym6p364__Lj12p0nH_Cj2p0fF__roL8p5mm__tee_fl160um_fc12_cg1p2um__rpg1p4um,4.7503430357,6.17492619199,5.804041626502991,248.14376491460783,5.971500738296518,8,fig5_cg1p0um_rpg2p5um__Lj12p0nH_Cj0p0fF__roL8p5mm__tee_fl160um_fc12,4.8761770008,5.99407925784,6.270368555709839,201.3919971854669,5.6148078415071,0.024142035579186333,0.1258339651,0.18084693414999986,0.4663269292068488,46.75176772914094,0.3566928967894176
Surrogate_RF,117,chip_simple_dx7p273_dym6p364__Lj12p0nH_Cj2p0fF__roL8p5mm__tee_fl160um_fc12_cg1p2um__rpg1p4um,4.7503430357,6.17492619199,5.804041626502991,248.14376491460783,5.971500738296518,9,fig5_cg2p5um_rpg2p0um__Lj12p0nH_Cj0p0fF__roL8p5mm__tee_fl160um_fc12,4.82985966256,6.3640851834,4.45615377314949,229.1245415394613,6.124821045393385,0.02441646073237518,0.07951662685999938,0.18915899141000025,1.3478878533535008,19.019223375146538,0.15332030709686695
Surrogate_RF,117,chip_simple_dx7p273_dym6p364__Lj12p0nH_Cj2p0fF__roL8p5mm__tee_fl160um_fc12_cg1p2um__rpg1p4um,4.7503430357,6.17492619199,5.804041626502991,248.14376491460783,5.971500738296518,10,fig5_cg2p0um_rpg1p0um__Lj12p0nH_Cj0p0fF__roL8p5mm__tee_fl160um_fc12,4.67537317002,6.28144982257,6.80016774546051,305.861011614189,6.2286045622900525,0.025699415567427185,0.07496986567999997,0.10652363057999992,0.9961261189575197,57.71724669958118,0.2571038239935346
Surrogate_RF,118,chip_simple_dx8p182_dym5p455__Lj12p0nH_Cj2p0fF__roL8p5mm__tee_fl160um_fc12_cg1p2um__rpg1p4um,4.73816341164,6.10905258679,5.354065241529464,230.3995690846008,5.852343747262508,1,fig5_cg2p0um_rpg1p5um__Lj12p0nH_Cj0p0fF__roL8p5mm__tee_fl160um_fc12,4.77793609257,6.1977870086,5.346981281085967,236.19198761457903,5.968418975392394,0.0011691088433142724,0.03977268092999964,0.08873442180999991,0.007083960443496906,5.792418529978221,0.11607522812988602
Surrogate_RF,118,chip_simple_dx8p182_dym5p455__Lj12p0nH_Cj2p0fF__roL8p5mm__tee_fl160um_fc12_cg1p2um__rpg1p4um,4.73816341164,6.10905258679,5.354065241529464,230.3995690846008,5.852343747262508,2,fig5_cg1p5um_rpg2p0um__Lj12p0nH_Cj0p0fF__roL8p5mm__tee_fl160um_fc12,4.87620084481,6.26170388145,4.99363361734581,218.7024888594067,5.970534325619533,0.0025367867891743123,0.13803743316999917,0.15265129466000005,0.36043162418365426,11.6970802251941,0.11819057835702473
Surrogate_RF,118,chip_simple_dx8p182_dym5p455__Lj12p0nH_Cj2p0fF__roL8p5mm__tee_fl160um_fc12_cg1p2um__rpg1p4um,4.73816341164,6.10905258679,5.354065241529464,230.3995690846008,5.852343747262508,3,fig5_cg3p0um_rpg1p5um__Lj12p0nH_Cj0p0fF__roL8p5mm__tee_fl160um_fc12,4.80934135586,6.34266483957,4.7338018228397365,237.2002446708589,6.176728175579623,0.0056064553854347785,0.07117794421999957,0.23361225278000042,0.6202634186897278,6.80067558625808,0.32438442831711445
Surrogate_RF,118,chip_simple_dx8p182_dym5p455__Lj12p0nH_Cj2p0fF__roL8p5mm__tee_fl160um_fc12_cg1p2um__rpg1p4um,4.73816341164,6.10905258679,5.354065241529464,230.3995690846008,5.852343747262508,4,fig5_cg1p5um_rpg2p5um__Lj12p0nH_Cj0p0fF__roL8p5mm__tee_fl160um_fc12,4.93882770809,6.20515259596,4.85777295016098,196.1018444801448,5.919324796967785,0.005855879117867054,0.2006642964499994,0.09610000916999972,0.4962922913684844,34.29772460445602,0.06698104970527652
Surrogate_RF,118,chip_simple_dx8p182_dym5p455__Lj12p0nH_Cj2p0fF__roL8p5mm__tee_fl160um_fc12_cg1p2um__rpg1p4um,4.73816341164,6.10905258679,5.354065241529464,230.3995690846008,5.852343747262508,5,fig5_cg2p0um_rpg2p5um__Lj12p0nH_Cj0p0fF__roL8p5mm__tee_fl160um_fc12,4.88081947033,6.29200362079,4.710222612869263,215.78136757047287,6.007573423867593,0.008310948495702387,0.1426560586899992,0.18295103400000023,0.6438426286602015,14.618201514127946,0.15522967660508513
Surrogate_RF,118,chip_simple_dx8p182_dym5p455__Lj12p0nH_Cj2p0fF__roL8p5mm__tee_fl160um_fc12_cg1p2um__rpg1p4um,4.73816341164,6.10905258679,5.354065241529464,230.3995690846008,5.852343747262508,6,fig5_cg3p5um_rpg1p5um__Lj12p0nH_Cj0p0fF__roL8p5mm__tee_fl160um_fc12,4.70486631048,6.33112792154,5.111963850152969,266.195772124899,6.191175501007713,0.009874614223536537,0.03329710116000051,0.2220753347500004,0.24210139137649556,35.796203040298195,0.3388317537452048
Surrogate_RF,118,chip_simple_dx8p182_dym5p455__Lj12p0nH_Cj2p0fF__roL8p5mm__tee_fl160um_fc12_cg1p2um__rpg1p4um,4.73816341164,6.10905258679,5.354065241529464,230.3995690846008,5.852343747262508,7,fig5_cg5p0um_rpg1p5um__Lj12p0nH_Cj0p0fF__roL8p5mm__tee_fl160um_fc12,4.78104020561,6.40912743907,4.688513258781433,251.19081153078065,6.311876326449141,0.010999000717875112,0.04287679396999966,0.30007485227999986,0.6655519827480312,20.791242446179837,0.45953257918663315
Surrogate_RF,118,chip_simple_dx8p182_dym5p455__Lj12p0nH_Cj2p0fF__roL8p5mm__tee_fl160um_fc12_cg1p2um__rpg1p4um,4.73816341164,6.10905258679,5.354065241529464,230.3995690846008,5.852343747262508,8,fig5_cg2p5um_rpg2p0um__Lj12p0nH_Cj0p0fF__roL8p5mm__tee_fl160um_fc12,4.82985966256,6.3640851834,4.45615377314949,229.1245415394613,6.124821045393385,0.012347771337253437,0.09169625091999922,0.25503259661000044,0.8979114683799745,1.2750275451395225,0.27247729813087673
Surrogate_RF,118,chip_simple_dx8p182_dym5p455__Lj12p0nH_Cj2p0fF__roL8p5mm__tee_fl160um_fc12_cg1p2um__rpg1p4um,4.73816341164,6.10905258679,5.354065241529464,230.3995690846008,5.852343747262508,9,fig5_cg2p5um_rpg2p5um__Lj12p0nH_Cj0p0fF__roL8p5mm__tee_fl160um_fc12,4.86782605146,6.40620544852,4.850844314466476,237.9905673388129,6.17514285459043,0.013857874791445887,0.12966263981999937,0.2971528617299999,0.5032209270629879,7.5909982542120815,0.3227991073279215
Surrogate_RF,118,chip_simple_dx8p182_dym5p455__Lj12p0nH_Cj2p0fF__roL8p5mm__tee_fl160um_fc12_cg1p2um__rpg1p4um,4.73816341164,6.10905258679,5.354065241529464,230.3995690846008,5.852343747262508,10,fig5_cg3p0um_rpg2p0um__Lj12p0nH_Cj0p0fF__roL8p5mm__tee_fl160um_fc12,4.85591843529,6.44095110726,4.270610977590561,230.04663618304903,6.1997071597004,0.01463751816678383,0.11775502364999912,0.33189852047000024,1.0834542639389033,0.3529329015517817,0.3473634124378915
Surrogate_RF,119,chip_simple_dx8p182_dym3p636__Lj12p0nH_Cj2p0fF__roL8p5mm__tee_fl160um_fc12_cg1p2um__rpg1p4um,4.72575545687,6.04494433563,5.9379728162078855,234.943394381694,5.777304605739439,1,fig5_cg1p5um_rpg2p0um__Lj12p0nH_Cj0p0fF__roL8p5mm__tee_fl160um_fc12,4.87620084481,6.26170388145,4.99363361734581,218.7024888594067,5.970534325619533,0.006602750327067812,0.15044538793999962,0.21675954581999957,0.9443391988620755,16.240905522287278,0.19322971988009385
Surrogate_RF,119,chip_simple_dx8p182_dym3p636__Lj12p0nH_Cj2p0fF__roL8p5mm__tee_fl160um_fc12_cg1p2um__rpg1p4um,4.72575545687,6.04494433563,5.9379728162078855,234.943394381694,5.777304605739439,2,fig5_cg2p0um_rpg1p5um__Lj12p0nH_Cj0p0fF__roL8p5mm__tee_fl160um_fc12,4.77793609257,6.1977870086,5.346981281085967,236.19198761457903,5.968418975392394,0.007671680966005265,0.05218063570000009,0.15284267296999943,0.5909915351219182,1.2485932328850424,0.19111436965295514
Surrogate_RF,119,chip_simple_dx8p182_dym3p636__Lj12p0nH_Cj2p0fF__roL8p5mm__tee_fl160um_fc12_cg1p2um__rpg1p4um,4.72575545687,6.04494433563,5.9379728162078855,234.943394381694,5.777304605739439,3,fig5_cg1p0um_rpg2p5um__Lj12p0nH_Cj0p0fF__roL8p5mm__tee_fl160um_fc12,4.8761770008,5.99407925784,6.270368555709839,201.3919971854669,5.6148078415071,0.01416994698949059,0.1504215439300003,0.05086507779000016,0.3323957395019539,33.5513971962271,0.16249676423233872
Surrogate_RF,119,chip_simple_dx8p182_dym3p636__Lj12p0nH_Cj2p0fF__roL8p5mm__tee_fl160um_fc12_cg1p2um__rpg1p4um,4.72575545687,6.04494433563,5.9379728162078855,234.943394381694,5.777304605739439,4,fig5_cg1p5um_rpg2p5um__Lj12p0nH_Cj0p0fF__roL8p5mm__tee_fl160um_fc12,4.93882770809,6.20515259596,4.85777295016098,196.1018444801448,5.919324796967785,0.015135509927874118,0.21307225121999984,0.16020826032999924,1.0801998660469057,38.8415499015492,0.14202019122834564
Surrogate_RF,119,chip_simple_dx8p182_dym3p636__Lj12p0nH_Cj2p0fF__roL8p5mm__tee_fl160um_fc12_cg1p2um__rpg1p4um,4.72575545687,6.04494433563,5.9379728162078855,234.943394381694,5.777304605739439,5,fig5_cg3p0um_rpg1p5um__Lj12p0nH_Cj0p0fF__roL8p5mm__tee_fl160um_fc12,4.80934135586,6.34266483957,4.7338018228397365,237.2002446708589,6.176728175579623,0.016827822249783374,0.08358589899000002,0.29772050393999994,1.204170993368149,2.256850289164902,0.39942356984018357
Surrogate_RF,119,chip_simple_dx8p182_dym3p636__Lj12p0nH_Cj2p0fF__roL8p5mm__tee_fl160um_fc12_cg1p2um__rpg1p4um,4.72575545687,6.04494433563,5.9379728162078855,234.943394381694,5.777304605739439,6,fig5_cg3p5um_rpg1p5um__Lj12p0nH_Cj0p0fF__roL8p5mm__tee_fl160um_fc12,4.70486631048,6.33112792154,5.111963850152969,266.195772124899,6.191175501007713,0.02201795165170305,0.020889146390000057,0.2861835859099999,0.8260089660549168,31.252377743205017,0.4138708952682739
Surrogate_RF,119,chip_simple_dx8p182_dym3p636__Lj12p0nH_Cj2p0fF__roL8p5mm__tee_fl160um_fc12_cg1p2um__rpg1p4um,4.72575545687,6.04494433563,5.9379728162078855,234.943394381694,5.777304605739439,7,fig5_cg2p0um_rpg2p5um__Lj12p0nH_Cj0p0fF__roL8p5mm__tee_fl160um_fc12,4.88081947033,6.29200362079,4.710222612869263,215.78136757047287,6.007573423867593,0.023325954939317883,0.15506401345999965,0.24705928515999975,1.2277502033386227,19.162026811221125,0.23026881812815425
Surrogate_RF,119,chip_simple_dx8p182_dym3p636__Lj12p0nH_Cj2p0fF__roL8p5mm__tee_fl160um_fc12_cg1p2um__rpg1p4um,4.72575545687,6.04494433563,5.9379728162078855,234.943394381694,5.777304605739439,8,fig5_cg5p0um_rpg1p5um__Lj12p0nH_Cj0p0fF__roL8p5mm__tee_fl160um_fc12,4.78104020561,6.40912743907,4.688513258781433,251.19081153078065,6.311876326449141,0.024790117344779587,0.05528474874000011,0.3641831034399994,1.2494595574264524,16.247417149086658,0.5345717207097023
Surrogate_RF,119,chip_simple_dx8p182_dym3p636__Lj12p0nH_Cj2p0fF__roL8p5mm__tee_fl160um_fc12_cg1p2um__rpg1p4um,4.72575545687,6.04494433563,5.9379728162078855,234.943394381694,5.777304605739439,9,fig5_cg2p5um_rpg2p0um__Lj12p0nH_Cj0p0fF__roL8p5mm__tee_fl160um_fc12,4.82985966256,6.3640851834,4.45615377314949,229.1245415394613,6.124821045393385,0.02947789294192389,0.10410420568999967,0.31914084776999996,1.4818190430583957,5.818852842232701,0.34751643965394585
Surrogate_RF,119,chip_simple_dx8p182_dym3p636__Lj12p0nH_Cj2p0fF__roL8p5mm__tee_fl160um_fc12_cg1p2um__rpg1p4um,4.72575545687,6.04494433563,5.9379728162078855,234.943394381694,5.777304605739439,10,fig5_cg2p5um_rpg2p5um__Lj12p0nH_Cj0p0fF__roL8p5mm__tee_fl160um_fc12,4.86782605146,6.40620544852,4.850844314466476,237.9905673388129,6.17514285459043,0.031950625370193046,0.14207059458999982,0.3612611128899994,1.0871285017414092,3.047172957118903,0.3978382488509906
Surrogate_RF,120,chip_simple_dx8p182_dy6p364__Lj12p0nH_Cj2p0fF__roL8p5mm__tee_fl160um_fc12_cg1p2um__rpg1p4um,4.8164099367,6.12097847271,5.243484284074783,214.32152718251388,5.892330069038773,1,fig5_cg1p5um_rpg2p5um__Lj12p0nH_Cj0p0fF__roL8p5mm__tee_fl160um_fc12,4.93882770809,6.20515259596,4.85777295016098,196.1018444801448,5.919324796967785,0.000692177339605272,0.12241777138999943,0.08417412324999951,0.38571133391380297,18.219682702369084,0.026994727929011475
Surrogate_RF,120,chip_simple_dx8p182_dy6p364__Lj12p0nH_Cj2p0fF__roL8p5mm__tee_fl160um_fc12_cg1p2um__rpg1p4um,4.8164099367,6.12097847271,5.243484284074783,214.32152718251388,5.892330069038773,2,fig5_cg1p5um_rpg2p0um__Lj12p0nH_Cj0p0fF__roL8p5mm__tee_fl160um_fc12,4.87620084481,6.26170388145,4.99363361734581,218.7024888594067,5.970534325619533,0.0015914484648642438,0.05979090810999921,0.14072540873999984,0.24985066672897283,4.380961676892838,0.07820425658075969
Surrogate_RF,120,chip_simple_dx8p182_dy6p364__Lj12p0nH_Cj2p0fF__roL8p5mm__tee_fl160um_fc12_cg1p2um__rpg1p4um,4.8164099367,6.12097847271,5.243484284074783,214.32152718251388,5.892330069038773,3,fig5_cg2p0um_rpg2p5um__Lj12p0nH_Cj0p0fF__roL8p5mm__tee_fl160um_fc12,4.88081947033,6.29200362079,4.710222612869263,215.78136757047287,6.007573423867593,0.003994375919275068,0.06440953362999924,0.17102514808000002,0.53326167120552,1.459840387958991,0.11524335482882009
Surrogate_RF,120,chip_simple_dx8p182_dy6p364__Lj12p0nH_Cj2p0fF__roL8p5mm__tee_fl160um_fc12_cg1p2um__rpg1p4um,4.8164099367,6.12097847271,5.243484284074783,214.32152718251388,5.892330069038773,4,fig5_cg2p0um_rpg1p5um__Lj12p0nH_Cj0p0fF__roL8p5mm__tee_fl160um_fc12,4.77793609257,6.1977870086,5.346981281085967,236.19198761457903,5.968418975392394,0.004991829999059572,0.03847384413000032,0.0768085358899997,0.10349699701118453,21.87046043206516,0.07608890635362098
Surrogate_RF,120,chip_simple_dx8p182_dy6p364__Lj12p0nH_Cj2p0fF__roL8p5mm__tee_fl160um_fc12_cg1p2um__rpg1p4um,4.8164099367,6.12097847271,5.243484284074783,214.32152718251388,5.892330069038773,5,fig5_cg3p0um_rpg1p5um__Lj12p0nH_Cj0p0fF__roL8p5mm__tee_fl160um_fc12,4.80934135586,6.34266483957,4.7338018228397365,237.2002446708589,6.176728175579623,0.010849828474464708,0.0070685808400003936,0.2216863668600002,0.5096824612350463,22.878717488345018,0.2843981065408494
Surrogate_RF,120,chip_simple_dx8p182_dy6p364__Lj12p0nH_Cj2p0fF__roL8p5mm__tee_fl160um_fc12_cg1p2um__rpg1p4um,4.8164099367,6.12097847271,5.243484284074783,214.32152718251388,5.892330069038773,6,fig5_cg2p5um_rpg2p5um__Lj12p0nH_Cj0p0fF__roL8p5mm__tee_fl160um_fc12,4.86782605146,6.40620544852,4.850844314466476,237.9905673388129,6.17514285459043,0.011304577810577303,0.05141611475999941,0.28522697580999967,0.3926399696083065,23.66904015629902,0.28281278555165645
Surrogate_RF,120,chip_simple_dx8p182_dy6p364__Lj12p0nH_Cj2p0fF__roL8p5mm__tee_fl160um_fc12_cg1p2um__rpg1p4um,4.8164099367,6.12097847271,5.243484284074783,214.32152718251388,5.892330069038773,7,fig5_cg2p5um_rpg2p0um__Lj12p0nH_Cj0p0fF__roL8p5mm__tee_fl160um_fc12,4.82985966256,6.3640851834,4.45615377314949,229.1245415394613,6.124821045393385,0.012284143598128072,0.013449725859999262,0.24310671069000023,0.787330510925293,14.803014356947415,0.2324909763546117
Surrogate_RF,120,chip_simple_dx8p182_dy6p364__Lj12p0nH_Cj2p0fF__roL8p5mm__tee_fl160um_fc12_cg1p2um__rpg1p4um,4.8164099367,6.12097847271,5.243484284074783,214.32152718251388,5.892330069038773,8,fig5_cg3p0um_rpg2p5um__Lj12p0nH_Cj0p0fF__roL8p5mm__tee_fl160um_fc12,4.89777742204,6.34923094667,4.391671866830825,213.14051325530752,6.096625432754106,0.012877686278967945,0.08136748533999949,0.2282524739599996,0.8518124172439574,1.181013927206351,0.20429536371533263
Surrogate_RF,120,chip_simple_dx8p182_dy6p364__Lj12p0nH_Cj2p0fF__roL8p5mm__tee_fl160um_fc12_cg1p2um__rpg1p4um,4.8164099367,6.12097847271,5.243484284074783,214.32152718251388,5.892330069038773,9,fig5_cg3p0um_rpg2p0um__Lj12p0nH_Cj0p0fF__roL8p5mm__tee_fl160um_fc12,4.85591843529,6.44095110726,4.270610977590561,230.04663618304903,6.1997071597004,0.014586572873210697,0.039508498589999164,0.31997263455,0.9728733064842219,15.725109000535156,0.30737709066162644
Surrogate_RF,120,chip_simple_dx8p182_dy6p364__Lj12p0nH_Cj2p0fF__roL8p5mm__tee_fl160um_fc12_cg1p2um__rpg1p4um,4.8164099367,6.12097847271,5.243484284074783,214.32152718251388,5.892330069038773,10,fig5_cg3p5um_rpg2p5um__Lj12p0nH_Cj0p0fF__roL8p5mm__tee_fl160um_fc12,4.85348773769,6.38790903463,4.356288998512268,225.5893196577544,6.102737650921461,0.0167472498482099,0.03707780098999969,0.26693056191999975,0.8871952855625151,11.267792475240526,0.21040758188268782
Surrogate_RF,121,chip_simple_dx8p182_dy7p273__Lj12p0nH_Cj2p0fF__roL8p5mm__tee_fl160um_fc12_cg1p2um__rpg1p4um,4.69969106963,6.14084802289,5.903258055982589,255.60206895931188,5.914831339260037,1,fig5_cg2p0um_rpg1p5um__Lj12p0nH_Cj0p0fF__roL8p5mm__tee_fl160um_fc12,4.77793609257,6.1977870086,5.346981281085967,236.19198761457903,5.968418975392394,0.00935820437830415,0.07824502294000002,0.05693898570999956,0.556276774896622,19.410081344732845,0.05358763613235684
Surrogate_RF,121,chip_simple_dx8p182_dy7p273__Lj12p0nH_Cj2p0fF__roL8p5mm__tee_fl160um_fc12_cg1p2um__rpg1p4um,4.69969106963,6.14084802289,5.903258055982589,255.60206895931188,5.914831339260037,2,fig5_cg1p5um_rpg2p0um__Lj12p0nH_Cj0p0fF__roL8p5mm__tee_fl160um_fc12,4.87620084481,6.26170388145,4.99363361734581,218.7024888594067,5.970534325619533,0.013983048911915708,0.17650977517999955,0.1208558585599997,0.9096244386367793,36.899580099905165,0.055702986359495554
Surrogate_RF,121,chip_simple_dx8p182_dy7p273__Lj12p0nH_Cj2p0fF__roL8p5mm__tee_fl160um_fc12_cg1p2um__rpg1p4um,4.69969106963,6.14084802289,5.903258055982589,255.60206895931188,5.914831339260037,3,fig5_cg3p0um_rpg1p5um__Lj12p0nH_Cj0p0fF__roL8p5mm__tee_fl160um_fc12,4.80934135586,6.34266483957,4.7338018228397365,237.2002446708589,6.176728175579623,0.01508281054989714,0.10965028622999995,0.20181681668000007,1.1694562331428529,18.401824288452985,0.26189683631958527
Surrogate_RF,121,chip_simple_dx8p182_dy7p273__Lj12p0nH_Cj2p0fF__roL8p5mm__tee_fl160um_fc12_cg1p2um__rpg1p4um,4.69969106963,6.14084802289,5.903258055982589,255.60206895931188,5.914831339260037,4,fig5_cg3p5um_rpg1p5um__Lj12p0nH_Cj0p0fF__roL8p5mm__tee_fl160um_fc12,4.70486631048,6.33112792154,5.111963850152969,266.195772124899,6.191175501007713,0.01717520172549229,0.005175240849999874,0.19027989865000006,0.7912942058296206,10.59370316558713,0.2763441617476756
Surrogate_RF,121,chip_simple_dx8p182_dy7p273__Lj12p0nH_Cj2p0fF__roL8p5mm__tee_fl160um_fc12_cg1p2um__rpg1p4um,4.69969106963,6.14084802289,5.903258055982589,255.60206895931188,5.914831339260037,5,fig5_cg2p0um_rpg1p0um__Lj12p0nH_Cj0p0fF__roL8p5mm__tee_fl160um_fc12,4.67537317002,6.28144982257,6.80016774546051,305.861011614189,6.2286045622900525,0.01830952195345427,0.02431789960999975,0.14060179967999975,0.8969096894779209,50.25894265487713,0.3137732230300152
Surrogate_RF,121,chip_simple_dx8p182_dy7p273__Lj12p0nH_Cj2p0fF__roL8p5mm__tee_fl160um_fc12_cg1p2um__rpg1p4um,4.69969106963,6.14084802289,5.903258055982589,255.60206895931188,5.914831339260037,6,fig5_cg5p0um_rpg1p5um__Lj12p0nH_Cj0p0fF__roL8p5mm__tee_fl160um_fc12,4.78104020561,6.40912743907,4.688513258781433,251.19081153078065,6.311876326449141,0.020738033705060967,0.08134913598000004,0.2682794161799995,1.2147447972011562,4.411257428531229,0.39704498718910397
Surrogate_RF,121,chip_simple_dx8p182_dy7p273__Lj12p0nH_Cj2p0fF__roL8p5mm__tee_fl160um_fc12_cg1p2um__rpg1p4um,4.69969106963,6.14084802289,5.903258055982589,255.60206895931188,5.914831339260037,7,fig5_cg4p5um_rpg1p0um__Lj12p0nH_Cj0p0fF__roL8p5mm__tee_fl160um_fc12,4.66547453942,6.44365646453,5.568490972890854,305.09213979648246,6.526420054379522,0.022890682219619526,0.03421653021000015,0.30280844163999987,0.33476708309173553,49.49007083717058,0.6115887151194848
Surrogate_RF,121,chip_simple_dx8p182_dy7p273__Lj12p0nH_Cj2p0fF__roL8p5mm__tee_fl160um_fc12_cg1p2um__rpg1p4um,4.69969106963,6.14084802289,5.903258055982589,255.60206895931188,5.914831339260037,8,fig5_cg5p0um_rpg1p0um__Lj12p0nH_Cj0p0fF__roL8p5mm__tee_fl160um_fc12,4.67009412056,6.40368347107,5.386180753400803,292.5653068578806,6.313414733179575,0.022890682219619526,0.0295969490700001,0.2628354481799997,0.5170773025817867,36.963237898568735,0.39858339391953734
Surrogate_RF,121,chip_simple_dx8p182_dy7p273__Lj12p0nH_Cj2p0fF__roL8p5mm__tee_fl160um_fc12_cg1p2um__rpg1p4um,4.69969106963,6.14084802289,5.903258055982589,255.60206895931188,5.914831339260037,9,fig5_cg3p0um_rpg1p0um__Lj12p0nH_Cj0p0fF__roL8p5mm__tee_fl160um_fc12,4.5918495592,6.3683346429,6.310808488025665,329.7787087605889,6.339102179225892,0.0239093023379841,0.10784151043000012,0.22748662000999964,0.4075504320430756,74.17663980127705,0.424270839965855
Surrogate_RF,121,chip_simple_dx8p182_dy7p273__Lj12p0nH_Cj2p0fF__roL8p5mm__tee_fl160um_fc12_cg1p2um__rpg1p4um,4.69969106963,6.14084802289,5.903258055982589,255.60206895931188,5.914831339260037,10,fig5_cg1p5um_rpg2p5um__Lj12p0nH_Cj0p0fF__roL8p5mm__tee_fl160um_fc12,4.93882770809,6.20515259596,4.85777295016098,196.1018444801448,5.919324796967785,0.02486119388137176,0.23913663845999977,0.06430457306999937,1.0454851058216095,59.50022447916709,0.004493457707747339
Surrogate_RF,122,chip_simple_dx10p000_dym9p091__Lj12p0nH_Cj2p0fF__roL8p5mm__tee_fl160um_fc12_cg1p2um__rpg1p4um,4.74335442636,5.96352019986,5.678793174303054,212.85016882186287,5.680023776609713,1,fig5_cg1p5um_rpg2p0um__Lj12p0nH_Cj0p0fF__roL8p5mm__tee_fl160um_fc12,4.87620084481,6.26170388145,4.99363361734581,218.7024888594067,5.970534325619533,0.0034289515705230762,0.13284641844999978,0.2981836815900003,0.6851595569572444,5.852320037543848,0.2905105490098201
Surrogate_RF,122,chip_simple_dx10p000_dym9p091__Lj12p0nH_Cj2p0fF__roL8p5mm__tee_fl160um_fc12_cg1p2um__rpg1p4um,4.74335442636,5.96352019986,5.678793174303054,212.85016882186287,5.680023776609713,2,fig5_cg1p5um_rpg2p5um__Lj12p0nH_Cj0p0fF__roL8p5mm__tee_fl160um_fc12,4.93882770809,6.20515259596,4.85777295016098,196.1018444801448,5.919324796967785,0.006271411080196121,0.19547328173,0.24163239609999998,0.8210202241420745,16.748324341718074,0.23930102035807188
Surrogate_RF,122,chip_simple_dx10p000_dym9p091__Lj12p0nH_Cj2p0fF__roL8p5mm__tee_fl160um_fc12_cg1p2um__rpg1p4um,4.74335442636,5.96352019986,5.678793174303054,212.85016882186287,5.680023776609713,3,fig5_cg1p0um_rpg2p5um__Lj12p0nH_Cj0p0fF__roL8p5mm__tee_fl160um_fc12,4.8761770008,5.99407925784,6.270368555709839,201.3919971854669,5.6148078415071,0.00687936232216297,0.13282257444000045,0.03055905798000058,0.591575381406785,11.458171636395974,0.06521593510261248
Surrogate_RF,122,chip_simple_dx10p000_dym9p091__Lj12p0nH_Cj2p0fF__roL8p5mm__tee_fl160um_fc12_cg1p2um__rpg1p4um,4.74335442636,5.96352019986,5.678793174303054,212.85016882186287,5.680023776609713,4,fig5_cg2p0um_rpg1p5um__Lj12p0nH_Cj0p0fF__roL8p5mm__tee_fl160um_fc12,4.77793609257,6.1977870086,5.346981281085967,236.19198761457903,5.968418975392394,0.01112817062469888,0.03458166621000025,0.23426680874000017,0.33181189321708704,23.341818792716168,0.2883951987826814
Surrogate_RF,122,chip_simple_dx10p000_dym9p091__Lj12p0nH_Cj2p0fF__roL8p5mm__tee_fl160um_fc12_cg1p2um__rpg1p4um,4.74335442636,5.96352019986,5.678793174303054,212.85016882186287,5.680023776609713,5,fig5_cg2p0um_rpg2p5um__Lj12p0nH_Cj0p0fF__roL8p5mm__tee_fl160um_fc12,4.88081947033,6.29200362079,4.710222612869263,215.78136757047287,6.007573423867593,0.016232171653677786,0.1374650439699998,0.3284834209300005,0.9685705614337916,2.931198748610001,0.3275496472578805
Surrogate_RF,122,chip_simple_dx10p000_dym9p091__Lj12p0nH_Cj2p0fF__roL8p5mm__tee_fl160um_fc12_cg1p2um__rpg1p4um,4.74335442636,5.96352019986,5.678793174303054,212.85016882186287,5.680023776609713,6,fig5_cg3p0um_rpg1p5um__Lj12p0nH_Cj0p0fF__roL8p5mm__tee_fl160um_fc12,4.80934135586,6.34266483957,4.7338018228397365,237.2002446708589,6.176728175579623,0.02269117326120415,0.06598692950000018,0.3791446397100007,0.9449913514633179,24.350075848996028,0.4967043989699098
Surrogate_RF,122,chip_simple_dx10p000_dym9p091__Lj12p0nH_Cj2p0fF__roL8p5mm__tee_fl160um_fc12_cg1p2um__rpg1p4um,4.74335442636,5.96352019986,5.678793174303054,212.85016882186287,5.680023776609713,7,fig5_cg1p0um_rpg3p0um__Lj12p0nH_Cj0p0fF__roL8p5mm__tee_fl160um_fc12,4.97020205129,6.08547213388,4.887907087696076,174.11503645167113,5.736747686378181,0.02602101485283568,0.22684762493000044,0.12195193402000015,0.790886086606978,38.735132370191735,0.05672390976846842
Surrogate_RF,122,chip_simple_dx10p000_dym9p091__Lj12p0nH_Cj2p0fF__roL8p5mm__tee_fl160um_fc12_cg1p2um__rpg1p4um,4.74335442636,5.96352019986,5.678793174303054,212.85016882186287,5.680023776609713,8,fig5_cg2p5um_rpg2p5um__Lj12p0nH_Cj0p0fF__roL8p5mm__tee_fl160um_fc12,4.86782605146,6.40620544852,4.850844314466476,237.9905673388129,6.17514285459043,0.027906857374834934,0.12447162509999998,0.44268524866000014,0.8279488598365781,25.14039851695003,0.49511907798071686
Surrogate_RF,122,chip_simple_dx10p000_dym9p091__Lj12p0nH_Cj2p0fF__roL8p5mm__tee_fl160um_fc12_cg1p2um__rpg1p4um,4.74335442636,5.96352019986,5.678793174303054,212.85016882186287,5.680023776609713,9,fig5_cg2p5um_rpg2p0um__Lj12p0nH_Cj0p0fF__roL8p5mm__tee_fl160um_fc12,4.82985966256,6.3640851834,4.45615377314949,229.1245415394613,6.124821045393385,0.028613974213140096,0.08650523619999984,0.4005649835400007,1.2226394011535646,16.274372717598425,0.4447972687836721
Surrogate_RF,122,chip_simple_dx10p000_dym9p091__Lj12p0nH_Cj2p0fF__roL8p5mm__tee_fl160um_fc12_cg1p2um__rpg1p4um,4.74335442636,5.96352019986,5.678793174303054,212.85016882186287,5.680023776609713,10,fig5_cg1p0um_rpg3p5um__Lj12p0nH_Cj0p0fF__roL8p5mm__tee_fl160um_fc12,4.93012574905,5.64408869323,6.575776153987884,136.7596168514535,5.1303535459575125,0.02918140304478044,0.1867713226900003,0.31943150663,0.8969829796848297,76.09055197040936,0.5496702306522003
Surrogate_RF,123,chip_simple_dx10p000_dy0p909__Lj12p0nH_Cj2p0fF__roL8p5mm__tee_fl160um_fc12_cg1p2um__rpg1p4um,4.75255400103,6.13763196296,5.2944752149524685,230.5572668902481,5.940929181592612,1,fig5_cg2p0um_rpg1p5um__Lj12p0nH_Cj0p0fF__roL8p5mm__tee_fl160um_fc12,4.77793609257,6.1977870086,5.346981281085967,236.19198761457903,5.968418975392394,0.0005727088332201395,0.02538209154000004,0.06015504564000018,0.05250606613349884,5.634720724330947,0.027489793799782447
Surrogate_RF,123,chip_simple_dx10p000_dy0p909__Lj12p0nH_Cj2p0fF__roL8p5mm__tee_fl160um_fc12_cg1p2um__rpg1p4um,4.75255400103,6.13763196296,5.2944752149524685,230.5572668902481,5.940929181592612,2,fig5_cg1p5um_rpg2p0um__Lj12p0nH_Cj0p0fF__roL8p5mm__tee_fl160um_fc12,4.87620084481,6.26170388145,4.99363361734581,218.7024888594067,5.970534325619533,0.0027203981049057344,0.12364684377999957,0.12407191849000032,0.3008415976066585,11.854778030841373,0.02960514402692116
Surrogate_RF,123,chip_simple_dx10p000_dy0p909__Lj12p0nH_Cj2p0fF__roL8p5mm__tee_fl160um_fc12_cg1p2um__rpg1p4um,4.75255400103,6.13763196296,5.2944752149524685,230.5572668902481,5.940929181592612,3,fig5_cg3p0um_rpg1p5um__Lj12p0nH_Cj0p0fF__roL8p5mm__tee_fl160um_fc12,4.80934135586,6.34266483957,4.7338018228397365,237.2002446708589,6.176728175579623,0.003995329412732231,0.05678735482999997,0.2050328766100007,0.560673392112732,6.642977780610806,0.23579899398701087
Surrogate_RF,123,chip_simple_dx10p000_dy0p909__Lj12p0nH_Cj2p0fF__roL8p5mm__tee_fl160um_fc12_cg1p2um__rpg1p4um,4.75255400103,6.13763196296,5.2944752149524685,230.5572668902481,5.940929181592612,4,fig5_cg1p5um_rpg2p5um__Lj12p0nH_Cj0p0fF__roL8p5mm__tee_fl160um_fc12,4.93882770809,6.20515259596,4.85777295016098,196.1018444801448,5.919324796967785,0.005463480923538183,0.1862737070599998,0.067520633,0.43670226479148866,34.455422410103296,0.021604384624827055
Surrogate_RF,123,chip_simple_dx10p000_dy0p909__Lj12p0nH_Cj2p0fF__roL8p5mm__tee_fl160um_fc12_cg1p2um__rpg1p4um,4.75255400103,6.13763196296,5.2944752149524685,230.5572668902481,5.940929181592612,5,fig5_cg2p0um_rpg2p5um__Lj12p0nH_Cj0p0fF__roL8p5mm__tee_fl160um_fc12,4.88081947033,6.29200362079,4.710222612869263,215.78136757047287,6.007573423867593,0.006736187951173109,0.1282654692999996,0.1543716578300005,0.5842526020832057,14.77589931977522,0.06664424227498156
Surrogate_RF,123,chip_simple_dx10p000_dy0p909__Lj12p0nH_Cj2p0fF__roL8p5mm__tee_fl160um_fc12_cg1p2um__rpg1p4um,4.75255400103,6.13763196296,5.2944752149524685,230.5572668902481,5.940929181592612,6,fig5_cg3p5um_rpg1p5um__Lj12p0nH_Cj0p0fF__roL8p5mm__tee_fl160um_fc12,4.70486631048,6.33112792154,5.111963850152969,266.195772124899,6.191175501007713,0.007881685164525493,0.047687690550000106,0.19349595858000068,0.1825113647994998,35.63850523465092,0.2502463194151012
Surrogate_RF,123,chip_simple_dx10p000_dy0p909__Lj12p0nH_Cj2p0fF__roL8p5mm__tee_fl160um_fc12_cg1p2um__rpg1p4um,4.75255400103,6.13763196296,5.2944752149524685,230.5572668902481,5.940929181592612,7,fig5_cg5p0um_rpg1p5um__Lj12p0nH_Cj0p0fF__roL8p5mm__tee_fl160um_fc12,4.78104020561,6.40912743907,4.688513258781433,251.19081153078065,6.311876326449141,0.008829048514421315,0.028486204580000063,0.27149547611000013,0.6059619561710354,20.633544640532563,0.3709471448565296
Surrogate_RF,123,chip_simple_dx10p000_dy0p909__Lj12p0nH_Cj2p0fF__roL8p5mm__tee_fl160um_fc12_cg1p2um__rpg1p4um,4.75255400103,6.13763196296,5.2944752149524685,230.5572668902481,5.940929181592612,8,fig5_cg2p5um_rpg2p0um__Lj12p0nH_Cj0p0fF__roL8p5mm__tee_fl160um_fc12,4.82985966256,6.3640851834,4.45615377314949,229.1245415394613,6.124821045393385,0.009996695305696503,0.07730566152999963,0.2264532204400007,0.8383214418029787,1.4327253507867965,0.18389186380077316
Surrogate_RF,123,chip_simple_dx10p000_dy0p909__Lj12p0nH_Cj2p0fF__roL8p5mm__tee_fl160um_fc12_cg1p2um__rpg1p4um,4.75255400103,6.13763196296,5.2944752149524685,230.5572668902481,5.940929181592612,9,fig5_cg2p5um_rpg2p5um__Lj12p0nH_Cj0p0fF__roL8p5mm__tee_fl160um_fc12,4.86782605146,6.40620544852,4.850844314466476,237.9905673388129,6.17514285459043,0.011466621252048401,0.11527205042999977,0.26857348556000016,0.4436309004859922,7.4333004485648075,0.23421367299781792
Surrogate_RF,123,chip_simple_dx10p000_dy0p909__Lj12p0nH_Cj2p0fF__roL8p5mm__tee_fl160um_fc12_cg1p2um__rpg1p4um,4.75255400103,6.13763196296,5.2944752149524685,230.5572668902481,5.940929181592612,10,fig5_cg3p0um_rpg2p0um__Lj12p0nH_Cj0p0fF__roL8p5mm__tee_fl160um_fc12,4.85591843529,6.44095110726,4.270610977590561,230.04663618304903,6.1997071597004,0.0121073232327624,0.10336443425999953,0.3033191443000005,1.0238642373619076,0.5106307071990557,0.2587779781077879
Surrogate_RF,124,chip_simple_dx10p000_dy3p636__Lj12p0nH_Cj2p0fF__roL8p5mm__tee_fl160um_fc12_cg1p2um__rpg1p4um,4.72330395194,6.22215593495,5.852815342746735,262.75745588173754,6.048624542248245,1,fig5_cg2p0um_rpg1p5um__Lj12p0nH_Cj0p0fF__roL8p5mm__tee_fl160um_fc12,4.77793609257,6.1977870086,5.346981281085967,236.19198761457903,5.968418975392394,0.0104457004428974,0.05463214062999988,0.02436892635000021,0.5058340616607673,26.565468267158508,0.08020556685585056
Surrogate_RF,124,chip_simple_dx10p000_dy3p636__Lj12p0nH_Cj2p0fF__roL8p5mm__tee_fl160um_fc12_cg1p2um__rpg1p4um,4.72330395194,6.22215593495,5.852815342746735,262.75745588173754,6.048624542248245,2,fig5_cg2p0um_rpg1p0um__Lj12p0nH_Cj0p0fF__roL8p5mm__tee_fl160um_fc12,4.67537317002,6.28144982257,6.80016774546051,305.861011614189,6.2286045622900525,0.013493596814585744,0.04793078191999989,0.059293887619999985,0.9473524027137756,43.10355573245147,0.1799800200418078
Surrogate_RF,124,chip_simple_dx10p000_dy3p636__Lj12p0nH_Cj2p0fF__roL8p5mm__tee_fl160um_fc12_cg1p2um__rpg1p4um,4.72330395194,6.22215593495,5.852815342746735,262.75745588173754,6.048624542248245,3,fig5_cg3p0um_rpg1p5um__Lj12p0nH_Cj0p0fF__roL8p5mm__tee_fl160um_fc12,4.80934135586,6.34266483957,4.7338018228397365,237.2002446708589,6.176728175579623,0.014510532375943904,0.08603740391999981,0.1205089046200003,1.1190135199069982,25.55721121087865,0.12810363333137786
Surrogate_RF,124,chip_simple_dx10p000_dy3p636__Lj12p0nH_Cj2p0fF__roL8p5mm__tee_fl160um_fc12_cg1p2um__rpg1p4um,4.72330395194,6.22215593495,5.852815342746735,262.75745588173754,6.048624542248245,4,fig5_cg4p5um_rpg1p0um__Lj12p0nH_Cj0p0fF__roL8p5mm__tee_fl160um_fc12,4.66547453942,6.44365646453,5.568490972890854,305.09213979648246,6.526420054379522,0.01478809102203808,0.05782941252000029,0.2215005295800001,0.28432436985588083,42.334683914744915,0.47779551213127736
Surrogate_RF,124,chip_simple_dx10p000_dy3p636__Lj12p0nH_Cj2p0fF__roL8p5mm__tee_fl160um_fc12_cg1p2um__rpg1p4um,4.72330395194,6.22215593495,5.852815342746735,262.75745588173754,6.048624542248245,5,fig5_cg5p0um_rpg1p0um__Lj12p0nH_Cj0p0fF__roL8p5mm__tee_fl160um_fc12,4.67009412056,6.40368347107,5.386180753400803,292.5653068578806,6.313414733179575,0.01478809102203808,0.05320983138000024,0.18152753611999994,0.46663458934593205,29.807850976143072,0.26479019093132994
Surrogate_RF,124,chip_simple_dx10p000_dy3p636__Lj12p0nH_Cj2p0fF__roL8p5mm__tee_fl160um_fc12_cg1p2um__rpg1p4um,4.72330395194,6.22215593495,5.852815342746735,262.75745588173754,6.048624542248245,6,fig5_cg3p5um_rpg1p5um__Lj12p0nH_Cj0p0fF__roL8p5mm__tee_fl160um_fc12,4.70486631048,6.33112792154,5.111963850152969,266.195772124899,6.191175501007713,0.015471265034152602,0.018437641460000265,0.10897198659000029,0.7408514925937659,3.4383162431614664,0.14255095875946822
Surrogate_RF,124,chip_simple_dx10p000_dy3p636__Lj12p0nH_Cj2p0fF__roL8p5mm__tee_fl160um_fc12_cg1p2um__rpg1p4um,4.72330395194,6.22215593495,5.852815342746735,262.75745588173754,6.048624542248245,7,fig5_cg3p0um_rpg1p0um__Lj12p0nH_Cj0p0fF__roL8p5mm__tee_fl160um_fc12,4.5918495592,6.3683346429,6.310808488025665,329.7787087605889,6.339102179225892,0.016288850211327005,0.13145439274000026,0.14617870794999988,0.4579931452789303,67.02125287885139,0.2904776369776476
Surrogate_RF,124,chip_simple_dx10p000_dy3p636__Lj12p0nH_Cj2p0fF__roL8p5mm__tee_fl160um_fc12_cg1p2um__rpg1p4um,4.72330395194,6.22215593495,5.852815342746735,262.75745588173754,6.048624542248245,8,fig5_cg3p5um_rpg1p0um__Lj12p0nH_Cj0p0fF__roL8p5mm__tee_fl160um_fc12,4.65151549232,6.42206990109,5.782993409578324,310.4906595751157,6.336782825594393,0.016853402606942746,0.07178845962000047,0.19991396614000045,0.06982193316841023,47.73320369337819,0.28815828334614846
Surrogate_RF,124,chip_simple_dx10p000_dy3p636__Lj12p0nH_Cj2p0fF__roL8p5mm__tee_fl160um_fc12_cg1p2um__rpg1p4um,4.72330395194,6.22215593495,5.852815342746735,262.75745588173754,6.048624542248245,9,fig5_cg1p5um_rpg2p0um__Lj12p0nH_Cj0p0fF__roL8p5mm__tee_fl160um_fc12,4.87620084481,6.26170388145,4.99363361734581,218.7024888594067,5.970534325619533,0.017112874466983157,0.1528968928699994,0.03954794649999993,0.8591817254009246,44.05496702233083,0.07809021662871185
Surrogate_RF,124,chip_simple_dx10p000_dy3p636__Lj12p0nH_Cj2p0fF__roL8p5mm__tee_fl160um_fc12_cg1p2um__rpg1p4um,4.72330395194,6.22215593495,5.852815342746735,262.75745588173754,6.048624542248245,10,fig5_cg5p0um_rpg1p5um__Lj12p0nH_Cj0p0fF__roL8p5mm__tee_fl160um_fc12,4.78104020561,6.40912743907,4.688513258781433,251.19081153078065,6.311876326449141,0.01916616615132094,0.057736253669999904,0.18697150411999974,1.1643020839653015,11.566644350956892,0.26325178420089657
Surrogate_RF,125,chip_simple_dx10p000_dy8p182__Lj12p0nH_Cj2p0fF__roL8p5mm__tee_fl160um_fc12_cg1p2um__rpg1p4um,4.71267796257,6.14331372447,5.878011034767151,252.6873389056645,5.925969437183419,1,fig5_cg2p0um_rpg1p5um__Lj12p0nH_Cj0p0fF__roL8p5mm__tee_fl160um_fc12,4.77793609257,6.1977870086,5.346981281085967,236.19198761457903,5.968418975392394,0.007994710618084521,0.06525813000000014,0.05447328413000019,0.5310297536811834,16.495351291085456,0.04244953820897557
Surrogate_RF,125,chip_simple_dx10p000_dy8p182__Lj12p0nH_Cj2p0fF__roL8p5mm__tee_fl160um_fc12_cg1p2um__rpg1p4um,4.71267796257,6.14331372447,5.878011034767151,252.6873389056645,5.925969437183419,2,fig5_cg1p5um_rpg2p0um__Lj12p0nH_Cj0p0fF__roL8p5mm__tee_fl160um_fc12,4.87620084481,6.26170388145,4.99363361734581,218.7024888594067,5.970534325619533,0.01215801777333336,0.16352288223999967,0.11839015698000033,0.8843774174213408,33.984850046257776,0.04456488843611428
Surrogate_RF,125,chip_simple_dx10p000_dy8p182__Lj12p0nH_Cj2p0fF__roL8p5mm__tee_fl160um_fc12_cg1p2um__rpg1p4um,4.71267796257,6.14331372447,5.878011034767151,252.6873389056645,5.925969437183419,3,fig5_cg3p0um_rpg1p5um__Lj12p0nH_Cj0p0fF__roL8p5mm__tee_fl160um_fc12,4.80934135586,6.34266483957,4.7338018228397365,237.2002446708589,6.176728175579623,0.013803242112156534,0.09666339329000007,0.1993511151000007,1.1442092119274143,15.487094234805596,0.250758738396204
Surrogate_RF,125,chip_simple_dx10p000_dy8p182__Lj12p0nH_Cj2p0fF__roL8p5mm__tee_fl160um_fc12_cg1p2um__rpg1p4um,4.71267796257,6.14331372447,5.878011034767151,252.6873389056645,5.925969437183419,4,fig5_cg3p5um_rpg1p5um__Lj12p0nH_Cj0p0fF__roL8p5mm__tee_fl160um_fc12,4.70486631048,6.33112792154,5.111963850152969,266.195772124899,6.191175501007713,0.016156633146134188,0.00781165209000001,0.1878141970700007,0.7660471846141821,13.508433219234519,0.26520606382429435
Surrogate_RF,125,chip_simple_dx10p000_dy8p182__Lj12p0nH_Cj2p0fF__roL8p5mm__tee_fl160um_fc12_cg1p2um__rpg1p4um,4.71267796257,6.14331372447,5.878011034767151,252.6873389056645,5.925969437183419,5,fig5_cg5p0um_rpg1p5um__Lj12p0nH_Cj0p0fF__roL8p5mm__tee_fl160um_fc12,4.78104020561,6.40912743907,4.688513258781433,251.19081153078065,6.311876326449141,0.019564171576113613,0.06836224304000016,0.26581371460000014,1.1894977759857177,1.49652737488384,0.3859068892657227
Surrogate_RF,125,chip_simple_dx10p000_dy8p182__Lj12p0nH_Cj2p0fF__roL8p5mm__tee_fl160um_fc12_cg1p2um__rpg1p4um,4.71267796257,6.14331372447,5.878011034767151,252.6873389056645,5.925969437183419,6,fig5_cg2p0um_rpg1p0um__Lj12p0nH_Cj0p0fF__roL8p5mm__tee_fl160um_fc12,4.67537317002,6.28144982257,6.80016774546051,305.861011614189,6.2286045622900525,0.02082249758524778,0.03730479254999963,0.13813609810000038,0.9221567106933595,53.17367270852452,0.30263512510663393
Surrogate_RF,125,chip_simple_dx10p000_dy8p182__Lj12p0nH_Cj2p0fF__roL8p5mm__tee_fl160um_fc12_cg1p2um__rpg1p4um,4.71267796257,6.14331372447,5.878011034767151,252.6873389056645,5.925969437183419,7,fig5_cg1p5um_rpg2p5um__Lj12p0nH_Cj0p0fF__roL8p5mm__tee_fl160um_fc12,4.93882770809,6.20515259596,4.85777295016098,196.1018444801448,5.919324796967785,0.02253772339497395,0.2261497455199999,0.06183887149,1.020238084606171,56.5854944255197,0.006644640215633935
Surrogate_RF,125,chip_simple_dx10p000_dy8p182__Lj12p0nH_Cj2p0fF__roL8p5mm__tee_fl160um_fc12_cg1p2um__rpg1p4um,4.71267796257,6.14331372447,5.878011034767151,252.6873389056645,5.925969437183419,8,fig5_cg4p5um_rpg1p0um__Lj12p0nH_Cj0p0fF__roL8p5mm__tee_fl160um_fc12,4.66547453942,6.44365646453,5.568490972890854,305.09213979648246,6.526420054379522,0.025391173141473506,0.047203423150000035,0.3003427400600005,0.309520061876297,52.40480089081797,0.6004506171961035
Surrogate_RF,125,chip_simple_dx10p000_dy8p182__Lj12p0nH_Cj2p0fF__roL8p5mm__tee_fl160um_fc12_cg1p2um__rpg1p4um,4.71267796257,6.14331372447,5.878011034767151,252.6873389056645,5.925969437183419,9,fig5_cg5p0um_rpg1p0um__Lj12p0nH_Cj0p0fF__roL8p5mm__tee_fl160um_fc12,4.67009412056,6.40368347107,5.386180753400803,292.5653068578806,6.313414733179575,0.025391173141473506,0.042583842009999984,0.26036974660000034,0.4918302813663482,39.877967952216125,0.38744529599615607
Surrogate_RF,125,chip_simple_dx10p000_dy8p182__Lj12p0nH_Cj2p0fF__roL8p5mm__tee_fl160um_fc12_cg1p2um__rpg1p4um,4.71267796257,6.14331372447,5.878011034767151,252.6873389056645,5.925969437183419,10,fig5_cg1p0um_rpg2p5um__Lj12p0nH_Cj0p0fF__roL8p5mm__tee_fl160um_fc12,4.8761770008,5.99407925784,6.270368555709839,201.3919971854669,5.6148078415071,0.026572336333654325,0.16349903823000034,0.1492344666299994,0.3923575209426886,51.2953417201976,0.3111615956763183
Surrogate_RF,126,chip_simple_dx10p000_dy10p000__Lj12p0nH_Cj2p0fF__roL8p5mm__tee_fl160um_fc12_cg1p2um__rpg1p4um,4.7197549909,6.17427677037,5.8566343768806455,255.68904490554613,5.95457013669626,1,fig5_cg2p0um_rpg1p5um__Lj12p0nH_Cj0p0fF__roL8p5mm__tee_fl160um_fc12,4.77793609257,6.1977870086,5.346981281085967,236.19198761457903,5.968418975392394,0.008290983544684664,0.05818110166999979,0.02351023823000009,0.5096530957946781,19.497057290967092,0.01384883869613418
Surrogate_RF,126,chip_simple_dx10p000_dy10p000__Lj12p0nH_Cj2p0fF__roL8p5mm__tee_fl160um_fc12_cg1p2um__rpg1p4um,4.7197549909,6.17427677037,5.8566343768806455,255.68904490554613,5.95457013669626,2,fig5_cg1p5um_rpg2p0um__Lj12p0nH_Cj0p0fF__roL8p5mm__tee_fl160um_fc12,4.87620084481,6.26170388145,4.99363361734581,218.7024888594067,5.970534325619533,0.01328117837951846,0.15644585390999932,0.08742711108000023,0.8630007595348355,36.98655604613941,0.015964188923272893
Surrogate_RF,126,chip_simple_dx10p000_dy10p000__Lj12p0nH_Cj2p0fF__roL8p5mm__tee_fl160um_fc12_cg1p2um__rpg1p4um,4.7197549909,6.17427677037,5.8566343768806455,255.68904490554613,5.95457013669626,3,fig5_cg3p0um_rpg1p5um__Lj12p0nH_Cj0p0fF__roL8p5mm__tee_fl160um_fc12,4.80934135586,6.34266483957,4.7338018228397365,237.2002446708589,6.176728175579623,0.013461114479529992,0.08958636495999972,0.1683880692000006,1.122832554040909,18.488800234687233,0.2221580388833626
Surrogate_RF,126,chip_simple_dx10p000_dy10p000__Lj12p0nH_Cj2p0fF__roL8p5mm__tee_fl160um_fc12_cg1p2um__rpg1p4um,4.7197549909,6.17427677037,5.8566343768806455,255.68904490554613,5.95457013669626,4,fig5_cg3p5um_rpg1p5um__Lj12p0nH_Cj0p0fF__roL8p5mm__tee_fl160um_fc12,4.70486631048,6.33112792154,5.111963850152969,266.195772124899,6.191175501007713,0.015356337919638351,0.014888680420000355,0.1568511511700006,0.7446705267276768,10.506727219352882,0.23660536431145296
Surrogate_RF,126,chip_simple_dx10p000_dy10p000__Lj12p0nH_Cj2p0fF__roL8p5mm__tee_fl160um_fc12_cg1p2um__rpg1p4um,4.7197549909,6.17427677037,5.8566343768806455,255.68904490554613,5.95457013669626,5,fig5_cg2p0um_rpg1p0um__Lj12p0nH_Cj0p0fF__roL8p5mm__tee_fl160um_fc12,4.67537317002,6.28144982257,6.80016774546051,305.861011614189,6.2286045622900525,0.018569478248265988,0.04438182087999998,0.10717305220000028,0.9435333685798648,50.171966708642884,0.27403442559379254
Surrogate_RF,126,chip_simple_dx10p000_dy10p000__Lj12p0nH_Cj2p0fF__roL8p5mm__tee_fl160um_fc12_cg1p2um__rpg1p4um,4.7197549909,6.17427677037,5.8566343768806455,255.68904490554613,5.95457013669626,6,fig5_cg5p0um_rpg1p5um__Lj12p0nH_Cj0p0fF__roL8p5mm__tee_fl160um_fc12,4.78104020561,6.40912743907,4.688513258781433,251.19081153078065,6.311876326449141,0.018826798831930325,0.06128521470999981,0.23485066870000004,1.1681211180992124,4.498233374765476,0.3573061897528813
Surrogate_RF,126,chip_simple_dx10p000_dy10p000__Lj12p0nH_Cj2p0fF__roL8p5mm__tee_fl160um_fc12_cg1p2um__rpg1p4um,4.7197549909,6.17427677037,5.8566343768806455,255.68904490554613,5.95457013669626,7,fig5_cg4p5um_rpg1p0um__Lj12p0nH_Cj0p0fF__roL8p5mm__tee_fl160um_fc12,4.66547453942,6.44365646453,5.568490972890854,305.09213979648246,6.526420054379522,0.021838205599748858,0.05428045148000038,0.2693796941600004,0.28814340398979166,49.40309489093633,0.5718499176832621
Surrogate_RF,126,chip_simple_dx10p000_dy10p000__Lj12p0nH_Cj2p0fF__roL8p5mm__tee_fl160um_fc12_cg1p2um__rpg1p4um,4.7197549909,6.17427677037,5.8566343768806455,255.68904490554613,5.95457013669626,8,fig5_cg5p0um_rpg1p0um__Lj12p0nH_Cj0p0fF__roL8p5mm__tee_fl160um_fc12,4.67009412056,6.40368347107,5.386180753400803,292.5653068578806,6.313414733179575,0.021838205599748858,0.04966087034000033,0.22940670070000024,0.4704536234798429,36.87626195233449,0.3588445964833147
Surrogate_RF,126,chip_simple_dx10p000_dy10p000__Lj12p0nH_Cj2p0fF__roL8p5mm__tee_fl160um_fc12_cg1p2um__rpg1p4um,4.7197549909,6.17427677037,5.8566343768806455,255.68904490554613,5.95457013669626,9,fig5_cg3p0um_rpg1p0um__Lj12p0nH_Cj0p0fF__roL8p5mm__tee_fl160um_fc12,4.5918495592,6.3683346429,6.310808488025665,329.7787087605889,6.339102179225892,0.023395116675334143,0.12790543170000035,0.19405787253000018,0.4541741111450195,74.0896638550428,0.38453204252963236
Surrogate_RF,126,chip_simple_dx10p000_dy10p000__Lj12p0nH_Cj2p0fF__roL8p5mm__tee_fl160um_fc12_cg1p2um__rpg1p4um,4.7197549909,6.17427677037,5.8566343768806455,255.68904490554613,5.95457013669626,10,fig5_cg1p5um_rpg2p5um__Lj12p0nH_Cj0p0fF__roL8p5mm__tee_fl160um_fc12,4.93882770809,6.20515259596,4.85777295016098,196.1018444801448,5.919324796967785,0.023797636974148943,0.21907271718999954,0.030875825589999906,0.9988614267196656,59.587200425401335,0.03524533972847532
